Frame ID,Mean Entropy,Frame Type
149,0.05410764451951477,Switch
150,0.03340941425010328,Switch
155,0.5469848876677081,Switch
161,0.8253241895638406,Switch
164,0.6946002626343452,Switch
165,0.5064176199821888,Switch
209,0.9998886439814016,Switch
210,0.9999752372461111,Switch
212,0.9982510251798861,Switch
213,0.9989540042652878,Switch
225,0.9999676700094732,Switch
226,0.9999926934851737,Switch
309,0.16640220080327495,Switch
313,0.5838114467056359,Switch
6079,0.9971720920196981,Switch
6081,0.9756978222850153,Switch
6082,0.9959032040216323,Switch
6083,0.9108994029714823,Switch
6086,0.9969241790284794,Switch
7469,0.15821571913304847,Switch
7472,0.7213634288396865,Switch
7473,0.9342423501991151,Switch
7484,0.21625496229369678,Switch
1,0.8399423709218775,Non-Switch
10,0.00435885057238287,Non-Switch
100,0.004529844323003218,Non-Switch
1000,0.00446533772868868,Non-Switch
1001,0.0044453014139595485,Non-Switch
1002,0.0044592891122939805,Non-Switch
1003,0.004490684343666817,Non-Switch
1004,0.004924326841190865,Non-Switch
1005,0.004538763907595036,Non-Switch
1006,0.004537452203978592,Non-Switch
1007,0.004612179001682097,Non-Switch
1008,0.004629777663877418,Non-Switch
1009,0.004616778865785448,Non-Switch
101,0.0044082186625781,Non-Switch
1010,0.00455423092544978,Non-Switch
1011,0.004573660934153898,Non-Switch
1012,0.004680400354074548,Non-Switch
1013,0.004899760530310296,Non-Switch
1014,0.004476373170151172,Non-Switch
1015,0.004460378783620931,Non-Switch
1016,0.0044267111642928465,Non-Switch
1017,0.004473282856893481,Non-Switch
1018,0.004432050688156353,Non-Switch
1019,0.004589799087431345,Non-Switch
102,0.004472135410144756,Non-Switch
1020,0.004796158786057047,Non-Switch
1021,0.0048479148150510736,Non-Switch
1022,0.004695060531446142,Non-Switch
1023,0.004439715672746271,Non-Switch
1024,0.004612424883128252,Non-Switch
1025,0.004514162998642125,Non-Switch
1026,0.0046932070152987575,Non-Switch
1027,0.004794017736415251,Non-Switch
1028,0.004662369719830381,Non-Switch
1029,0.004496158564879925,Non-Switch
103,0.004382927471696433,Non-Switch
1030,0.0044706513879738344,Non-Switch
1031,0.004398477457744074,Non-Switch
1032,0.004397984015333688,Non-Switch
1033,0.004380493514102387,Non-Switch
1034,0.004364807487090685,Non-Switch
1035,0.004371127177702663,Non-Switch
1036,0.0043675968307093655,Non-Switch
1037,0.0043605072490118845,Non-Switch
1038,0.004376093512649942,Non-Switch
1039,0.004539941585669108,Non-Switch
104,0.004386756101099821,Non-Switch
1040,0.004434146726713743,Non-Switch
1041,0.004372797290476276,Non-Switch
1042,0.0043825465569970615,Non-Switch
1043,0.004753583674667283,Non-Switch
1044,0.004555798251717213,Non-Switch
1045,0.00438625694832798,Non-Switch
1046,0.00446168410506869,Non-Switch
1047,0.004401782749315343,Non-Switch
1048,0.004462612542660458,Non-Switch
1049,0.004390184333394167,Non-Switch
105,0.004394723734846824,Non-Switch
1050,0.005467405056952899,Non-Switch
1051,0.006093536113322611,Non-Switch
1052,0.0051661881928823684,Non-Switch
1053,0.005954724616244966,Non-Switch
1054,0.013498708662366111,Non-Switch
1055,0.007929455613933703,Non-Switch
1056,0.006362717849633793,Non-Switch
1057,0.00618878494238249,Non-Switch
1058,0.007957987266988951,Non-Switch
1059,0.015444732665312587,Non-Switch
106,0.004378289314580977,Non-Switch
1060,0.0409334832427003,Non-Switch
1061,0.020537481579047615,Non-Switch
1062,0.009951340089284196,Non-Switch
1063,0.015888019291525935,Non-Switch
1064,0.006906788324674439,Non-Switch
1065,0.024398173654290683,Non-Switch
1066,0.007540077487079085,Non-Switch
1067,0.006282741214331978,Non-Switch
1068,0.005948124110210876,Non-Switch
1069,0.0059219679675206706,Non-Switch
107,0.004510040117672027,Non-Switch
1070,0.009016605648350842,Non-Switch
1071,0.005897381166519589,Non-Switch
1072,0.00709535184977922,Non-Switch
1073,0.00735334799571202,Non-Switch
1074,0.005983056742552924,Non-Switch
1075,0.006054720435191551,Non-Switch
1076,0.005728944986023596,Non-Switch
1077,0.005510901887862131,Non-Switch
1078,0.005208349471018494,Non-Switch
1079,0.00490716686911669,Non-Switch
108,0.004368618649506093,Non-Switch
1080,0.004725567969564623,Non-Switch
1081,0.0048633499220623955,Non-Switch
1082,0.005081168972512677,Non-Switch
1083,0.0052071066276431184,Non-Switch
1084,0.005447207844392198,Non-Switch
1085,0.005393356112744396,Non-Switch
1086,0.006286731077470549,Non-Switch
1087,0.005306038303937489,Non-Switch
1088,0.005195741664734344,Non-Switch
1089,0.005745566168699364,Non-Switch
109,0.004362717494798363,Non-Switch
1090,0.005786590749002443,Non-Switch
1091,0.0063588757840858075,Non-Switch
1092,0.0056863571102964625,Non-Switch
1093,0.005173916327351901,Non-Switch
1094,0.00531753158202718,Non-Switch
1095,0.005026341440863398,Non-Switch
1096,0.004740329589827937,Non-Switch
1097,0.00453981931675326,Non-Switch
1098,0.004826417319596837,Non-Switch
1099,0.004821431166336276,Non-Switch
11,0.004356481444186512,Non-Switch
110,0.00435900676756383,Non-Switch
1100,0.0051712593297575165,Non-Switch
1101,0.0064901019057302806,Non-Switch
1102,0.006774249491702677,Non-Switch
1103,0.005403932709868844,Non-Switch
1104,0.010329759024796919,Non-Switch
1105,0.008437267980967642,Non-Switch
1106,0.017350550349162042,Non-Switch
1107,0.009672639516332094,Non-Switch
1108,0.005164355502759112,Non-Switch
1109,0.010870448294049312,Non-Switch
111,0.004504499051639541,Non-Switch
1110,0.00932315061556197,Non-Switch
1111,0.007366550351394661,Non-Switch
1112,0.004699321804705606,Non-Switch
1113,0.004646187227275758,Non-Switch
1114,0.004521229067086558,Non-Switch
1115,0.0052116661833126725,Non-Switch
1116,0.005214756496570364,Non-Switch
1117,0.00476581526890267,Non-Switch
1118,0.005530206940421481,Non-Switch
1119,0.005282727264866049,Non-Switch
112,0.0043617433743149605,Non-Switch
1120,0.004741579151275613,Non-Switch
1121,0.004975629400304687,Non-Switch
1122,0.005236363496603079,Non-Switch
1123,0.004899677562117399,Non-Switch
1124,0.004591121875867082,Non-Switch
1125,0.004652641279333723,Non-Switch
1126,0.004862469518687568,Non-Switch
1127,0.004750112782613835,Non-Switch
1128,0.004807449178363298,Non-Switch
1129,0.0051186551441357,Non-Switch
113,0.004388306632186505,Non-Switch
1130,0.00473185776475487,Non-Switch
1131,0.004664842642243763,Non-Switch
1132,0.004741831750794067,Non-Switch
1133,0.004484886311368882,Non-Switch
1134,0.004522069497931204,Non-Switch
1135,0.004567611981855582,Non-Switch
1136,0.005017532032657288,Non-Switch
1137,0.004457083233254495,Non-Switch
1138,0.0044124033498133515,Non-Switch
1139,0.004384356069770885,Non-Switch
114,0.004370726108786393,Non-Switch
1140,0.004462415367238472,Non-Switch
1141,0.004479106081962539,Non-Switch
1142,0.004612425554935483,Non-Switch
1143,0.004526895089263812,Non-Switch
1144,0.004570764101378427,Non-Switch
1145,0.0044557641397585225,Non-Switch
1146,0.00445828811952138,Non-Switch
1147,0.004418670639461396,Non-Switch
1148,0.004476230075211197,Non-Switch
1149,0.004581652752961179,Non-Switch
115,0.0043705144895089644,Non-Switch
1150,0.004787865325803525,Non-Switch
1151,0.0044628355826607955,Non-Switch
1152,0.004469899971587155,Non-Switch
1153,0.004439208458287673,Non-Switch
1154,0.004505278348026263,Non-Switch
1155,0.004423613125252011,Non-Switch
1156,0.004450315447220152,Non-Switch
1157,0.004460365347476332,Non-Switch
1158,0.004389760087128465,Non-Switch
1159,0.004645353178599796,Non-Switch
116,0.004399280603287458,Non-Switch
1160,0.004394928971955568,Non-Switch
1161,0.004393917566170904,Non-Switch
1162,0.0043723579285478995,Non-Switch
1163,0.004385981171460093,Non-Switch
1164,0.004378926859642183,Non-Switch
1165,0.00437670351361472,Non-Switch
1166,0.004377550998435281,Non-Switch
1167,0.0043942420490629625,Non-Switch
1168,0.0043966729835244744,Non-Switch
1169,0.004381115607597305,Non-Switch
117,0.004368668363241108,Non-Switch
1170,0.004369144002759901,Non-Switch
1171,0.004362784003714127,Non-Switch
1172,0.004361694332387176,Non-Switch
1173,0.004368490334325176,Non-Switch
1174,0.0043817165391644795,Non-Switch
1175,0.004359998019131595,Non-Switch
1176,0.004378665526629739,Non-Switch
1177,0.004381964771935939,Non-Switch
1178,0.004376568144457889,Non-Switch
1179,0.004371284380594467,Non-Switch
118,0.004370638773846501,Non-Switch
1180,0.004371947454330411,Non-Switch
1181,0.004380230165668253,Non-Switch
1182,0.0043848851179644575,Non-Switch
1183,0.004380578161813358,Non-Switch
1184,0.004397623926658444,Non-Switch
1185,0.0043753911381910465,Non-Switch
1186,0.004373804329513945,Non-Switch
1187,0.004396325323282984,Non-Switch
1188,0.004395193999907777,Non-Switch
1189,0.0043733199565011635,Non-Switch
119,0.004371473830233308,Non-Switch
1190,0.004383619433143264,Non-Switch
1191,0.004386079591219278,Non-Switch
1192,0.004567870627639106,Non-Switch
1193,0.004485411664622689,Non-Switch
1194,0.0047236627242605335,Non-Switch
1195,0.0050793954014256544,Non-Switch
1196,0.00467687538153909,Non-Switch
1197,0.004659547793561048,Non-Switch
1198,0.004587966061404472,Non-Switch
1199,0.004478311334009529,Non-Switch
12,0.0043546107969547635,Non-Switch
120,0.004363432969498242,Non-Switch
1200,0.004495350380782316,Non-Switch
1201,0.004461635063140906,Non-Switch
1202,0.004495922088734988,Non-Switch
1203,0.004425220424049626,Non-Switch
1204,0.004384127319409094,Non-Switch
1205,0.004391147704961892,Non-Switch
1206,0.004379299712654796,Non-Switch
1207,0.0043582446022614706,Non-Switch
1208,0.004358235196960251,Non-Switch
1209,0.004358819669250293,Non-Switch
121,0.004367172920347278,Non-Switch
1210,0.004358223104430113,Non-Switch
1211,0.004356114973342583,Non-Switch
1212,0.00435805313720094,Non-Switch
1213,0.004355468022980158,Non-Switch
1214,0.0043551421964736405,Non-Switch
1215,0.004355007163220424,Non-Switch
1216,0.00435505083069037,Non-Switch
1217,0.004354991039846906,Non-Switch
1218,0.0043545909786414806,Non-Switch
1219,0.004354508346352199,Non-Switch
122,0.004359668161781698,Non-Switch
1220,0.004354581909243877,Non-Switch
1221,0.004354543952135385,Non-Switch
1222,0.004354542608520926,Non-Switch
1223,0.004355396139606556,Non-Switch
1224,0.004354984321774606,Non-Switch
1225,0.0043549144538226935,Non-Switch
1226,0.004355121370449513,Non-Switch
1227,0.0043549836499673766,Non-Switch
1228,0.004354727019605542,Non-Switch
1229,0.004354642035990956,Non-Switch
123,0.004489989359087451,Non-Switch
1230,0.0043545909786414806,Non-Switch
1231,0.004355362549245059,Non-Switch
1232,0.004359363161299309,Non-Switch
1233,0.004355316530449808,Non-Switch
1234,0.004354558731894444,Non-Switch
1235,0.004356572474066168,Non-Switch
1236,0.004356019912619548,Non-Switch
1237,0.004359296652383545,Non-Switch
1238,0.004367670057697428,Non-Switch
1239,0.0043651494369707205,Non-Switch
124,0.0043613769034710325,Non-Switch
1240,0.0043681893646861664,Non-Switch
1241,0.0043677980369747306,Non-Switch
1242,0.004358643655756051,Non-Switch
1243,0.004356562061054104,Non-Switch
1244,0.0043563931015357755,Non-Switch
1245,0.004357617806115943,Non-Switch
1246,0.0043587034465995145,Non-Switch
1247,0.004356381009005637,Non-Switch
1248,0.0043559194774386726,Non-Switch
1249,0.004356141509728166,Non-Switch
125,0.004361453489495245,Non-Switch
1250,0.004355614476956283,Non-Switch
1251,0.004355332989726942,Non-Switch
1252,0.004356379665391177,Non-Switch
1253,0.004358925142985392,Non-Switch
1254,0.004358433380093081,Non-Switch
1255,0.004358738380575471,Non-Switch
1256,0.004357981253827337,Non-Switch
1257,0.00435915355744357,Non-Switch
1258,0.004374538278912647,Non-Switch
1259,0.004371127177702663,Non-Switch
126,0.004414510473190037,Non-Switch
1260,0.004374791550238332,Non-Switch
1261,0.004361162261061069,Non-Switch
1262,0.004360877414795577,Non-Switch
1263,0.0043615996075677555,Non-Switch
1264,0.004371037155533852,Non-Switch
1265,0.004370071768544438,Non-Switch
1266,0.00436745037673324,Non-Switch
1267,0.004363384599377687,Non-Switch
1268,0.004363313051907699,Non-Switch
1269,0.004365458804200104,Non-Switch
127,0.004361347343952915,Non-Switch
1270,0.0043678507738422806,Non-Switch
1271,0.004378987994100107,Non-Switch
1272,0.004370261218183279,Non-Switch
1273,0.004370718383003249,Non-Switch
1274,0.0044124644842712755,Non-Switch
1275,0.004388926038452504,Non-Switch
1276,0.00438895895700677,Non-Switch
1277,0.00438406215410779,Non-Switch
1278,0.004420813368621266,Non-Switch
1279,0.004855201908074155,Non-Switch
128,0.004362585820581297,Non-Switch
1280,0.004575454659457818,Non-Switch
1281,0.00461960616651262,Non-Switch
1282,0.004571427846921601,Non-Switch
1283,0.004419339759462408,Non-Switch
1284,0.0044257854139299994,Non-Switch
1285,0.004412252864993847,Non-Switch
1286,0.0043830846745882375,Non-Switch
1287,0.0044048418235368425,Non-Switch
1288,0.004414894746925558,Non-Switch
1289,0.004415215198974236,Non-Switch
129,0.004360861627325674,Non-Switch
1290,0.0043823255324184135,Non-Switch
1291,0.004369276348784198,Non-Switch
1292,0.004427174711281501,Non-Switch
1293,0.004366540749743911,Non-Switch
1294,0.004519554923469566,Non-Switch
1295,0.004376509025421655,Non-Switch
1296,0.004382100141092771,Non-Switch
1297,0.004398246691960592,Non-Switch
1298,0.004425362175375141,Non-Switch
1299,0.004569571643545297,Non-Switch
13,0.0043589987058770705,Non-Switch
130,0.004361380262507182,Non-Switch
1300,0.004811414184634362,Non-Switch
1301,0.0045553877774997245,Non-Switch
1302,0.012485991509989382,Non-Switch
1303,0.007719139642530926,Non-Switch
1304,0.004779758627959926,Non-Switch
1305,0.006163563955356351,Non-Switch
1306,0.004407047366672712,Non-Switch
1307,0.004421951410068773,Non-Switch
1308,0.0044071622457090304,Non-Switch
1309,0.004396149309788742,Non-Switch
131,0.00523039885611212,Non-Switch
1310,0.004385435999893003,Non-Switch
1311,0.0043943676770149594,Non-Switch
1312,0.004377269511205939,Non-Switch
1313,0.00437305190541642,Non-Switch
1314,0.004372240362282662,Non-Switch
1315,0.004373079785416463,Non-Switch
1316,0.004377028332410393,Non-Switch
1317,0.004424514018747351,Non-Switch
1318,0.004427269436100921,Non-Switch
1319,0.004385409127603805,Non-Switch
132,0.005120363885825034,Non-Switch
1320,0.0043824598938644,Non-Switch
1321,0.00438906644616356,Non-Switch
1322,0.004392811771470435,Non-Switch
1323,0.004415937055842798,Non-Switch
1324,0.004398668922804605,Non-Switch
1325,0.004389190394597483,Non-Switch
1326,0.004383086690009927,Non-Switch
1327,0.004369396602278356,Non-Switch
1328,0.0043804028201263456,Non-Switch
1329,0.004377301757952976,Non-Switch
133,0.005028597705445127,Non-Switch
1330,0.004378515713617464,Non-Switch
1331,0.004376487527590297,Non-Switch
1332,0.004404090071246548,Non-Switch
1333,0.004414308931021057,Non-Switch
1334,0.0043985493411176765,Non-Switch
1335,0.004397371663043604,Non-Switch
1336,0.004389496402790716,Non-Switch
1337,0.004397048859669622,Non-Switch
1338,0.004410428908364579,Non-Switch
1339,0.004404888850042938,Non-Switch
134,0.004723718484260618,Non-Switch
1340,0.004449825363845916,Non-Switch
1341,0.004445867075647152,Non-Switch
1342,0.004417487251025869,Non-Switch
1343,0.00438695898688326,Non-Switch
1344,0.004435416106474702,Non-Switch
1345,0.00439255984375921,Non-Switch
1346,0.004398550012924907,Non-Switch
1347,0.004444200321909689,Non-Switch
1348,0.004410132305472564,Non-Switch
1349,0.004466315544111848,Non-Switch
135,0.007383379794311708,Non-Switch
1350,0.004430198515623428,Non-Switch
1351,0.004396347492921572,Non-Switch
1352,0.004385475300615954,Non-Switch
1353,0.00438196544374317,Non-Switch
1354,0.004378872443256559,Non-Switch
1355,0.00439016888182788,Non-Switch
1356,0.004393259530989186,Non-Switch
1357,0.004391481929058783,Non-Switch
1358,0.004379876123258079,Non-Switch
1359,0.004388791677006517,Non-Switch
136,0.004521137029496058,Non-Switch
1360,0.004415130215359649,Non-Switch
1361,0.004408118227397225,Non-Switch
1362,0.004508352873814051,Non-Switch
1363,0.004534910421324141,Non-Switch
1364,0.004554244697497993,Non-Switch
1365,0.032003824229661824,Non-Switch
1366,0.029128239373259705,Non-Switch
1367,0.017005578680205986,Non-Switch
1368,0.02258808850070666,Non-Switch
1369,0.027403261446792494,Non-Switch
137,0.004721581465462202,Non-Switch
1370,0.012324279448057788,Non-Switch
1371,0.011506221127783019,Non-Switch
1372,0.40044913379186237,Non-Switch
1373,0.24752351500802847,Non-Switch
1374,0.42500666549555094,Non-Switch
1375,0.13574228394143106,Non-Switch
1376,0.516075735698017,Non-Switch
1377,0.2511180813980493,Non-Switch
1378,0.48645619563582065,Non-Switch
1379,0.5426583201199524,Non-Switch
138,0.004475331197137547,Non-Switch
1380,0.48813835794390975,Non-Switch
1381,0.38809398614520363,Non-Switch
1382,0.19295006622756747,Non-Switch
1383,0.21654116292256387,Non-Switch
1384,0.09493019895240855,Non-Switch
1385,0.0583685899370506,Non-Switch
1386,0.02936906882904603,Non-Switch
1387,0.2131862113608576,Non-Switch
1388,0.0279365984577205,Non-Switch
1389,0.019737649388920926,Non-Switch
139,0.00445324183951374,Non-Switch
1390,0.024865434393311413,Non-Switch
1391,0.02285867901677901,Non-Switch
1392,0.029359924189032185,Non-Switch
1393,0.061268453906742494,Non-Switch
1394,0.07796464789057643,Non-Switch
1395,0.09645685669737067,Non-Switch
1396,0.33718350985414414,Non-Switch
1397,0.4831709400433765,Non-Switch
1398,0.6728278609743916,Non-Switch
1399,0.847220934680368,Non-Switch
14,0.00435680525527134,Non-Switch
140,0.00435565680081177,Non-Switch
1400,0.9059320280666118,Non-Switch
1401,0.6405097841331696,Non-Switch
1402,0.38612009826558846,Non-Switch
1403,0.18922700729952074,Non-Switch
1404,0.2361817751315788,Non-Switch
1405,0.2370087322104213,Non-Switch
1406,0.6262554750686956,Non-Switch
1407,0.44539078020207723,Non-Switch
1408,0.09296692025256847,Non-Switch
1409,0.06077417576816278,Non-Switch
141,0.004355580886594787,Non-Switch
1410,0.08448656322768018,Non-Switch
1411,0.07214102511163839,Non-Switch
1412,0.06379586794815961,Non-Switch
1413,0.06899328039747481,Non-Switch
1414,0.05804519268547661,Non-Switch
1415,0.028236084746366723,Non-Switch
1416,0.039753424283805135,Non-Switch
1417,0.060453514115629076,Non-Switch
1418,0.09488397861498916,Non-Switch
1419,0.19852815152565179,Non-Switch
142,0.004364843092873871,Non-Switch
1420,0.054417987212996705,Non-Switch
1421,0.10672971364979228,Non-Switch
1422,0.032969221967991,Non-Switch
1423,0.06078027040335273,Non-Switch
1424,0.03157435130371035,Non-Switch
1425,0.01583683429867735,Non-Switch
1426,0.008626995076194667,Non-Switch
1427,0.005002992108779852,Non-Switch
1428,0.004452608325295913,Non-Switch
1429,0.0109431996425932,Non-Switch
143,0.05204227261855626,Non-Switch
1430,0.006892648797906042,Non-Switch
1431,0.006261234649480138,Non-Switch
1432,0.0063625821445733475,Non-Switch
1433,0.01569471347918506,Non-Switch
1434,0.006297894498210344,Non-Switch
1435,0.010237048283451726,Non-Switch
1436,0.03936373309478137,Non-Switch
1437,0.4744957911685547,Non-Switch
1438,0.387961903469341,Non-Switch
1439,0.4085038552536966,Non-Switch
144,0.014409303054106289,Non-Switch
1440,0.4994050703889205,Non-Switch
1441,0.5039462292892902,Non-Switch
1442,0.48208418167257444,Non-Switch
1443,0.15840433035646656,Non-Switch
1444,0.5399288694594342,Non-Switch
1445,0.10307826399799855,Non-Switch
1446,0.15913930896384446,Non-Switch
1447,0.03378571766464895,Non-Switch
1448,0.05821505242549283,Non-Switch
1449,0.0491149827905096,Non-Switch
145,0.005786543722496348,Non-Switch
1450,0.1171589888231736,Non-Switch
1451,0.034373860709394875,Non-Switch
1452,0.022028001469497183,Non-Switch
1453,0.013936913738692248,Non-Switch
1454,0.019568376808423667,Non-Switch
1455,0.031344445433482734,Non-Switch
1456,0.04825746116993411,Non-Switch
1457,0.03044673899164159,Non-Switch
1458,0.022876242744998374,Non-Switch
1459,0.4858856431915833,Non-Switch
146,0.007683342394283955,Non-Switch
1460,0.5426020817931203,Non-Switch
1461,0.31748517596793335,Non-Switch
1462,0.16737736393149844,Non-Switch
1463,0.0653870890551472,Non-Switch
1464,0.05056205018932711,Non-Switch
1465,0.15372435995901917,Non-Switch
1466,0.02422143729546887,Non-Switch
1467,0.036903760437562744,Non-Switch
1468,0.023281984752359697,Non-Switch
1469,0.012645418083724746,Non-Switch
147,0.009218788721428051,Non-Switch
1470,0.011174267067521372,Non-Switch
1471,0.016409606394002418,Non-Switch
1472,0.010040192641707885,Non-Switch
1473,0.00961556075865531,Non-Switch
1474,0.015129590580980009,Non-Switch
1475,0.010992789765077922,Non-Switch
1476,0.015420860667204153,Non-Switch
1477,0.03361018518438317,Non-Switch
1478,0.05214805807221041,Non-Switch
1479,0.020784076484481228,Non-Switch
148,0.03549029414915755,Non-Switch
1480,0.008900251323355392,Non-Switch
1481,0.009814759664017158,Non-Switch
1482,0.014511135594019509,Non-Switch
1483,0.01746840549150916,Non-Switch
1484,0.007466536765040026,Non-Switch
1485,0.010158066594657442,Non-Switch
1486,0.00815518149957668,Non-Switch
1487,0.006300020768093081,Non-Switch
1488,0.034038647712260825,Non-Switch
1489,0.010998953596412557,Non-Switch
1490,0.018031889180073174,Non-Switch
1491,0.14203098005504916,Non-Switch
1492,0.07167002912441924,Non-Switch
1493,0.38901280345743816,Non-Switch
1494,0.08772192235354269,Non-Switch
1495,0.10572427082610125,Non-Switch
1496,0.10243297434304562,Non-Switch
1497,0.06068059570826206,Non-Switch
1498,0.016095017878827306,Non-Switch
1499,0.00787705935264955,Non-Switch
15,0.004359203271178585,Non-Switch
1500,0.006247253669218005,Non-Switch
1501,0.004868664253154779,Non-Switch
1502,0.004836221674310477,Non-Switch
1503,0.004737477768136872,Non-Switch
1504,0.00457774216307574,Non-Switch
1505,0.004551591058939758,Non-Switch
1506,0.004478701654010119,Non-Switch
1507,0.004555058927860672,Non-Switch
1508,0.004480420808711518,Non-Switch
1509,0.004506197380316811,Non-Switch
151,0.09771102942987202,Non-Switch
1510,0.004457260254459583,Non-Switch
1511,0.004387770530017019,Non-Switch
1512,0.004374892321322822,Non-Switch
1513,0.004370085204689037,Non-Switch
1514,0.004368312305409244,Non-Switch
1515,0.0043723824495117926,Non-Switch
1516,0.004377174786386519,Non-Switch
1517,0.004373748569513861,Non-Switch
1518,0.004365668743959459,Non-Switch
1519,0.004365339558416791,Non-Switch
152,0.20578175630193568,Non-Switch
1520,0.004370286410954402,Non-Switch
1521,0.004364435305885301,Non-Switch
1522,0.004368341193120131,Non-Switch
1523,0.004378413263014899,Non-Switch
1524,0.004408257291493821,Non-Switch
1525,0.004468005139295129,Non-Switch
1526,0.0046672053882714365,Non-Switch
1527,0.004902267043085175,Non-Switch
1528,0.005274374013769064,Non-Switch
1529,0.0052561542657896705,Non-Switch
153,0.2468994544615414,Non-Switch
1530,0.005368691718008256,Non-Switch
1531,0.006004478659693793,Non-Switch
1532,0.005498533580855452,Non-Switch
1533,0.008727823264299137,Non-Switch
1534,0.00703903156246503,Non-Switch
1535,0.0048751512237670104,Non-Switch
1536,0.006230667420518194,Non-Switch
1537,0.005640785738661198,Non-Switch
1538,0.011209131847333197,Non-Switch
1539,0.0048400778478102915,Non-Switch
154,0.07951595827364816,Non-Switch
1540,0.005081863621188428,Non-Switch
1541,0.004544751053628197,Non-Switch
1542,0.004652779335719474,Non-Switch
1543,0.00731353401203728,Non-Switch
1544,0.010275773267606746,Non-Switch
1545,0.007598826357529482,Non-Switch
1546,0.004812663074274807,Non-Switch
1547,0.006371865176876559,Non-Switch
1548,0.005314045574311059,Non-Switch
1549,0.005318471440341857,Non-Switch
1550,0.0058682334662344925,Non-Switch
1551,0.009698129898057437,Non-Switch
1552,0.007878988783013918,Non-Switch
1553,0.011100280937288867,Non-Switch
1554,0.008133396806531646,Non-Switch
1555,0.008044503945674162,Non-Switch
1556,0.008351898077223925,Non-Switch
1557,0.01271980729829521,Non-Switch
1558,0.01552182791940522,Non-Switch
1559,0.02832616603421396,Non-Switch
156,0.7310229204167216,Non-Switch
1560,0.013407139993311805,Non-Switch
1561,0.014574782610983347,Non-Switch
1562,0.019195956439667015,Non-Switch
1563,0.013606583436505348,Non-Switch
1564,0.032129839142623705,Non-Switch
1565,0.029155842588723186,Non-Switch
1566,0.01988288873757457,Non-Switch
1567,0.008931554853041344,Non-Switch
1568,0.015300588362443735,Non-Switch
1569,0.010618476915354549,Non-Switch
157,0.3897930887444027,Non-Switch
1570,0.00910606551451039,Non-Switch
1571,0.006237495669203231,Non-Switch
1572,0.0048086436516181184,Non-Switch
1573,0.011224715759645948,Non-Switch
1574,0.007061414163944702,Non-Switch
1575,0.008320104128260123,Non-Switch
1576,0.013102194599115147,Non-Switch
1577,0.008759648788202746,Non-Switch
1578,0.015432924981439286,Non-Switch
1579,0.02626315352024698,Non-Switch
158,0.4628481371518829,Non-Switch
1580,0.01737236527353242,Non-Switch
1581,0.07065250989396295,Non-Switch
1582,0.011473125216407608,Non-Switch
1583,0.030621940942750236,Non-Switch
1584,0.005977263077001984,Non-Switch
1585,0.005369605375840965,Non-Switch
1586,0.015257236641896169,Non-Switch
1587,0.02528516611442886,Non-Switch
1588,0.01169938586060561,Non-Switch
1589,0.07257051953542122,Non-Switch
159,0.4523280443899303,Non-Switch
1590,0.05671945367238497,Non-Switch
1591,0.08182394395039569,Non-Switch
1592,0.13607530684699554,Non-Switch
1593,0.08309498710605512,Non-Switch
1594,0.01886159798132944,Non-Switch
1595,0.09987688219459712,Non-Switch
1596,0.19052874398390132,Non-Switch
1597,0.04091204990483652,Non-Switch
1598,0.3499410109124964,Non-Switch
1599,0.05314099453250899,Non-Switch
16,0.004356632600813246,Non-Switch
160,0.4748483126071608,Non-Switch
1600,0.14021972326965615,Non-Switch
1601,0.33449460410356685,Non-Switch
1602,0.12016274106290231,Non-Switch
1603,0.1184844913601203,Non-Switch
1604,0.07620675409707142,Non-Switch
1605,0.0855171746374334,Non-Switch
1606,0.46487048114337864,Non-Switch
1607,0.3560346357043734,Non-Switch
1608,0.05492098272219203,Non-Switch
1609,0.02153287282296438,Non-Switch
1610,0.07717663413323872,Non-Switch
1611,0.4731799949024661,Non-Switch
1612,0.09681247382369224,Non-Switch
1613,0.05906954285184686,Non-Switch
1614,0.029533605168572265,Non-Switch
1615,0.0919546196206743,Non-Switch
1616,0.09928935721250273,Non-Switch
1617,0.05991267167432826,Non-Switch
1618,0.044263209786537014,Non-Switch
1619,0.02048752868065873,Non-Switch
162,0.3174364188864137,Non-Switch
1620,0.02121951774586342,Non-Switch
1621,0.032299948794929464,Non-Switch
1622,0.03798670294329882,Non-Switch
1623,0.00951280918645154,Non-Switch
1624,0.008191344882763964,Non-Switch
1625,0.009245951903155926,Non-Switch
1626,0.008219466733408953,Non-Switch
1627,0.007373768920080289,Non-Switch
1628,0.014975890492072591,Non-Switch
1629,0.008991598296023822,Non-Switch
163,0.0276871107503548,Non-Switch
1630,0.005974774031215082,Non-Switch
1631,0.007787878286490425,Non-Switch
1632,0.1694564729466946,Non-Switch
1633,0.11685169882174448,Non-Switch
1634,0.21985741838782596,Non-Switch
1635,0.16102316392573296,Non-Switch
1636,0.29943690812759444,Non-Switch
1637,0.2421592471406293,Non-Switch
1638,0.1024525696163283,Non-Switch
1639,0.03776514898055372,Non-Switch
1640,0.0175056115195173,Non-Switch
1641,0.03524565151553413,Non-Switch
1642,0.05688777631745911,Non-Switch
1643,0.009386059988187341,Non-Switch
1644,0.009658700188118218,Non-Switch
1645,0.005143496560076927,Non-Switch
1646,0.005188241272915759,Non-Switch
1647,0.0065392768513469045,Non-Switch
1648,0.007233359193602635,Non-Switch
1649,0.0057109889223819505,Non-Switch
1650,0.21602622536804925,Non-Switch
1651,0.012426570160501822,Non-Switch
1652,0.005565582293728055,Non-Switch
1653,0.017617342467156353,Non-Switch
1654,0.009811478557506166,Non-Switch
1655,0.0549210203433969,Non-Switch
1656,0.008419317963591065,Non-Switch
1657,0.013491477329343114,Non-Switch
1658,0.019345610905435774,Non-Switch
1659,0.009118230599830014,Non-Switch
166,0.4163414486188165,Non-Switch
1660,0.006765470986629145,Non-Switch
1661,0.008438067431571262,Non-Switch
1662,0.0070474499788633176,Non-Switch
1663,0.006530202751092202,Non-Switch
1664,0.00453852675964287,Non-Switch
1665,0.004438873226479936,Non-Switch
1666,0.004407814570529295,Non-Switch
1667,0.00437256014252411,Non-Switch
1668,0.00437235860035513,Non-Switch
1669,0.00437731149915781,Non-Switch
167,0.45464138302668594,Non-Switch
1670,0.004391185326166768,Non-Switch
1671,0.004375187916503992,Non-Switch
1672,0.004385392332423057,Non-Switch
1673,0.0044184754794611,Non-Switch
1674,0.00436995554589366,Non-Switch
1675,0.00440787436137276,Non-Switch
1676,0.00438221233290017,Non-Switch
1677,0.004405056130043192,Non-Switch
1678,0.0043905867459248975,Non-Switch
1679,0.004389576347851079,Non-Switch
168,0.5014385072613969,Non-Switch
1680,0.005776469973083505,Non-Switch
1681,0.005171305348552767,Non-Switch
1682,0.0044270148211607765,Non-Switch
1683,0.014558550404693709,Non-Switch
1684,0.015737245594912106,Non-Switch
1685,0.06189799640022581,Non-Switch
1686,0.04776604761738283,Non-Switch
1687,0.0047521151040626495,Non-Switch
1688,0.004520139059855993,Non-Switch
1689,0.010038852386284167,Non-Switch
169,0.23818971557606483,Non-Switch
1690,0.004738068958499213,Non-Switch
1691,0.004431159871769462,Non-Switch
1692,0.0044680669455602826,Non-Switch
1693,0.004446343051069559,Non-Switch
1694,0.004420772724283855,Non-Switch
1695,0.004414861828371291,Non-Switch
1696,0.00443648327225945,Non-Switch
1697,0.004401492864495628,Non-Switch
1698,0.004385247557965006,Non-Switch
1699,0.004393861470267205,Non-Switch
17,0.0043576507246702095,Non-Switch
170,0.12572880907325762,Non-Switch
1700,0.0044217868172974385,Non-Switch
1701,0.004400780748831898,Non-Switch
1702,0.004367301907335425,Non-Switch
1703,0.004389568622067934,Non-Switch
1704,0.004386480660135548,Non-Switch
1705,0.004391990487131842,Non-Switch
1706,0.004386238809532772,Non-Switch
1707,0.004383430655311653,Non-Switch
1708,0.004391393922311662,Non-Switch
1709,0.004383316448082564,Non-Switch
171,0.04419717651029246,Non-Switch
1710,0.004433242138278639,Non-Switch
1711,0.004391582028336043,Non-Switch
1712,0.004416553438976262,Non-Switch
1713,0.0044116374895712285,Non-Switch
1714,0.004382041357960152,Non-Switch
1715,0.004431288186950379,Non-Switch
1716,0.004456428221205311,Non-Switch
1717,0.004452881750838495,Non-Switch
1718,0.0044495593281828625,Non-Switch
1719,0.0044602182216929775,Non-Switch
172,0.011315684504843927,Non-Switch
1720,0.004419680365727984,Non-Switch
1721,0.0044328403975551385,Non-Switch
1722,0.004402809606666296,Non-Switch
1723,0.004406278147394439,Non-Switch
1724,0.004678245868288153,Non-Switch
1725,0.005972102253861639,Non-Switch
1726,0.004527557491192526,Non-Switch
1727,0.004698248928559403,Non-Switch
1728,0.004474527043883317,Non-Switch
1729,0.004488438492097151,Non-Switch
173,0.004411337863546678,Non-Switch
1730,0.005115587672323826,Non-Switch
1731,0.004634073199305608,Non-Switch
1732,0.004529664614569211,Non-Switch
1733,0.004517941914310497,Non-Switch
1734,0.004458599166268839,Non-Switch
1735,0.004437626688164795,Non-Switch
1736,0.004480313319554729,Non-Switch
1737,0.004457654605303553,Non-Switch
1738,0.004636884712562878,Non-Switch
1739,0.004519296949493272,Non-Switch
174,0.004356143189246241,Non-Switch
1740,0.00440266919895524,Non-Switch
1741,0.0044219789541652,Non-Switch
1742,0.004395208107859606,Non-Switch
1743,0.004407895187396887,Non-Switch
1744,0.004376734080843683,Non-Switch
1745,0.004375319926624674,Non-Switch
1746,0.004407080957034209,Non-Switch
1747,0.0043840070659149355,Non-Switch
1748,0.004395734468824258,Non-Switch
1749,0.004605260059021019,Non-Switch
175,0.004357084055271762,Non-Switch
1750,0.004419570861149505,Non-Switch
1751,0.004378388070243777,Non-Switch
1752,0.004398633652925033,Non-Switch
1753,0.004399498940637187,Non-Switch
1754,0.00439791784232154,Non-Switch
1755,0.004498671123919874,Non-Switch
1756,0.00443223106839759,Non-Switch
1757,0.004387573018691419,Non-Switch
1758,0.004433507838038077,Non-Switch
1759,0.004404567390283415,Non-Switch
176,0.004357235547802111,Non-Switch
1760,0.004409840069327543,Non-Switch
1761,0.004408101768120092,Non-Switch
1762,0.004391506450022675,Non-Switch
1763,0.00436985343119471,Non-Switch
1764,0.004390451040864451,Non-Switch
1765,0.004365062102030829,Non-Switch
1766,0.004364197486125905,Non-Switch
1767,0.004369608221555785,Non-Switch
1768,0.004371563180594889,Non-Switch
1769,0.0043783598543401196,Non-Switch
177,0.004356715569006143,Non-Switch
1770,0.004454620387949562,Non-Switch
1771,0.004654741348734493,Non-Switch
1772,0.004970222695718187,Non-Switch
1773,0.0044133754548750645,Non-Switch
1774,0.004489060249688454,Non-Switch
1775,0.004613456107226199,Non-Switch
1776,0.004538740394341988,Non-Switch
1777,0.004600836544315526,Non-Switch
1778,0.0045050546362186954,Non-Switch
1779,0.004381825707839343,Non-Switch
178,0.004363645932390131,Non-Switch
1780,0.004505725771641399,Non-Switch
1781,0.004430618059238521,Non-Switch
1782,0.004410483660653819,Non-Switch
1783,0.004405029257753994,Non-Switch
1784,0.004395164104486045,Non-Switch
1785,0.004384227082782738,Non-Switch
1786,0.004372285373367067,Non-Switch
1787,0.0043709189174613835,Non-Switch
1788,0.004359744411902296,Non-Switch
1789,0.004361327525639632,Non-Switch
179,0.004364868621548609,Non-Switch
1790,0.004373169471681659,Non-Switch
1791,0.004365297234561306,Non-Switch
1792,0.004369872913604378,Non-Switch
1793,0.004369428177218163,Non-Switch
1794,0.004366896807575776,Non-Switch
1795,0.0043654712326338585,Non-Switch
1796,0.004375881557468897,Non-Switch
1797,0.004371348538184926,Non-Switch
1798,0.004370017352158814,Non-Switch
1799,0.004376118705421064,Non-Switch
18,0.004384980514591108,Non-Switch
180,0.004392676738217219,Non-Switch
1800,0.0043722208798729935,Non-Switch
1801,0.004384111867842805,Non-Switch
1802,0.004364730901066472,Non-Switch
1803,0.004361816937206639,Non-Switch
1804,0.004403751480402661,Non-Switch
1805,0.004369862164688699,Non-Switch
1806,0.004382288583020767,Non-Switch
1807,0.0043844971492891715,Non-Switch
1808,0.004384478674590348,Non-Switch
1809,0.0043863190904967495,Non-Switch
181,0.004407387301131058,Non-Switch
1810,0.0045151361114146825,Non-Switch
1811,0.004375394497227196,Non-Switch
1812,0.004372121452402964,Non-Switch
1813,0.004363829335763902,Non-Switch
1814,0.004372001198908806,Non-Switch
1815,0.004387450749775571,Non-Switch
1816,0.004443896665041759,Non-Switch
1817,0.004382029265430013,Non-Switch
1818,0.004373834224935677,Non-Switch
1819,0.004362839763714211,Non-Switch
182,0.004406453824985067,Non-Switch
1820,0.004375128461564143,Non-Switch
1821,0.004366864560828739,Non-Switch
1822,0.00436680779311781,Non-Switch
1823,0.004367013030226554,Non-Switch
1824,0.004364843092873871,Non-Switch
1825,0.00435944646539582,Non-Switch
1826,0.004361761849013784,Non-Switch
1827,0.004361621441302728,Non-Switch
1828,0.004363265017690758,Non-Switch
1829,0.004363342947329431,Non-Switch
183,0.00440632147896077,Non-Switch
1830,0.004364181026848772,Non-Switch
1831,0.00436165200853169,Non-Switch
1832,0.004363587485161126,Non-Switch
1833,0.004368640819144681,Non-Switch
1834,0.0043753447834921815,Non-Switch
1835,0.004381026929042953,Non-Switch
1836,0.0043816752230198385,Non-Switch
1837,0.00438051266060844,Non-Switch
1838,0.004376373992168438,Non-Switch
1839,0.004374331026382213,Non-Switch
184,0.004451042006739325,Non-Switch
1840,0.004377019598916404,Non-Switch
1841,0.004372321650957483,Non-Switch
1842,0.004373096916500826,Non-Switch
1843,0.004371661936257689,Non-Switch
1844,0.004371734155534907,Non-Switch
1845,0.00437381138348986,Non-Switch
1846,0.004373046530958581,Non-Switch
1847,0.004372912841319824,Non-Switch
1848,0.004370508443243894,Non-Switch
1849,0.004370335116978572,Non-Switch
185,0.004548466819416956,Non-Switch
1850,0.0043695689208328335,Non-Switch
1851,0.005214397751509579,Non-Switch
1852,0.004465760631339923,Non-Switch
1853,0.004410003318484417,Non-Switch
1854,0.004372883953608937,Non-Switch
1855,0.004373030743488678,Non-Switch
1856,0.004379824058197758,Non-Switch
1857,0.004711291730024935,Non-Switch
1858,0.0043701466750505754,Non-Switch
1859,0.004857757798680434,Non-Switch
186,0.004649620834027945,Non-Switch
1860,0.004383618761336034,Non-Switch
1861,0.0044877959084817206,Non-Switch
1862,0.004398841241359083,Non-Switch
1863,0.004397642065453652,Non-Switch
1864,0.004369651217218501,Non-Switch
1865,0.004444018262150376,Non-Switch
1866,0.00436545578106757,Non-Switch
1867,0.004387783966161618,Non-Switch
1868,0.004404444785463952,Non-Switch
1869,0.004419587992233869,Non-Switch
187,0.005248185288428207,Non-Switch
1870,0.004384564330012165,Non-Switch
1871,0.004380181123740468,Non-Switch
1872,0.004374094214333661,Non-Switch
1873,0.004374002512646775,Non-Switch
1874,0.004377166052892529,Non-Switch
1875,0.004378907377232515,Non-Switch
1876,0.0043684863034817965,Non-Switch
1877,0.004366580386370477,Non-Switch
1878,0.00436244810009916,Non-Switch
1879,0.004363083629738676,Non-Switch
188,0.005382824526704353,Non-Switch
1880,0.004374840592166117,Non-Switch
1881,0.004377428057712203,Non-Switch
1882,0.004373735133369262,Non-Switch
1883,0.0043619247622670426,Non-Switch
1884,0.004359222753588253,Non-Switch
1885,0.004396728407620944,Non-Switch
1886,0.004693004129515318,Non-Switch
1887,0.004402931203774913,Non-Switch
1888,0.0044028317763048835,Non-Switch
1889,0.004370667325653774,Non-Switch
189,0.268016021780261,Non-Switch
1890,0.004402075321363979,Non-Switch
1891,0.004469243280019895,Non-Switch
1892,0.004447734699746365,Non-Switch
1893,0.004414545743069607,Non-Switch
1894,0.0043726219487892634,Non-Switch
1895,0.0043647994254039256,Non-Switch
1896,0.004536968838676656,Non-Switch
1897,0.004402367893412615,Non-Switch
1898,0.004389132283272093,Non-Switch
1899,0.004385683560857233,Non-Switch
19,0.004365383561790352,Non-Switch
190,0.26260420070989826,Non-Switch
1900,0.004404197560403337,Non-Switch
1901,0.0043643177396200635,Non-Switch
1902,0.004368341193120131,Non-Switch
1903,0.004366336856249627,Non-Switch
1904,0.02953175366784657,Non-Switch
1905,0.005353095041358135,Non-Switch
1906,0.005050781116081125,Non-Switch
1907,0.0091565867618158,Non-Switch
1908,0.0052474772036078575,Non-Switch
1909,0.006422598043459398,Non-Switch
191,0.03269553038974528,Non-Switch
1910,0.005681363567156371,Non-Switch
1911,0.004802268201006056,Non-Switch
1912,0.004566174986190756,Non-Switch
1913,0.004564517301850896,Non-Switch
1914,0.004789930125324724,Non-Switch
1915,0.00485074648252524,Non-Switch
1916,0.0049082373939375885,Non-Switch
1917,0.00664777035994491,Non-Switch
1918,0.007285156202837687,Non-Switch
1919,0.004979930310190717,Non-Switch
192,0.016216776221180333,Non-Switch
1920,0.0070021567354212454,Non-Switch
1921,0.005715833996124226,Non-Switch
1922,0.008637824608741185,Non-Switch
1923,0.005192336273885815,Non-Switch
1924,0.006647446548860082,Non-Switch
1925,0.007991468795714343,Non-Switch
1926,0.02145892028309337,Non-Switch
1927,0.008028162906613276,Non-Switch
1928,0.01043958271171019,Non-Switch
1929,0.032412258840400714,Non-Switch
193,0.024411483499130113,Non-Switch
1930,0.2521921775461816,Non-Switch
1931,0.011590170159235429,Non-Switch
1932,0.006203529767465056,Non-Switch
1933,0.01395700749293954,Non-Switch
1934,0.009497367697271535,Non-Switch
1935,0.005842257367881909,Non-Switch
1936,0.006097839710437561,Non-Switch
1937,0.013719334187519437,Non-Switch
1938,0.009415119009918087,Non-Switch
1939,0.01140227105148105,Non-Switch
194,0.44405800064921586,Non-Switch
1940,0.006995684544568072,Non-Switch
1941,0.00609904761983698,Non-Switch
1942,0.005568349131804534,Non-Switch
1943,0.005152873981295944,Non-Switch
1944,0.00494794052941939,Non-Switch
1945,0.004787045720983008,Non-Switch
1946,0.004686226938179755,Non-Switch
1947,0.004621373691334574,Non-Switch
1948,0.004594714700932763,Non-Switch
1949,0.004561276167870085,Non-Switch
195,0.3568042795648158,Non-Switch
1950,0.004736550002352335,Non-Switch
1951,0.004624026658085578,Non-Switch
1952,0.004831261049724653,Non-Switch
1953,0.00459009569032336,Non-Switch
1954,0.004940231877359525,Non-Switch
1955,0.004949375845566141,Non-Switch
1956,0.004624753217604751,Non-Switch
1957,0.004770674450596774,Non-Switch
1958,0.004825665231402927,Non-Switch
1959,0.004672868723219771,Non-Switch
196,0.9610941734609763,Non-Switch
1960,0.004882645905224141,Non-Switch
1961,0.005349408835087494,Non-Switch
1962,0.005962631787341276,Non-Switch
1963,0.005386383425504923,Non-Switch
1964,0.004913228249848759,Non-Switch
1965,0.005387231246229098,Non-Switch
1966,0.00502061898687883,Non-Switch
1967,0.005525762935595475,Non-Switch
1968,0.005324768289508017,Non-Switch
1969,0.005019801397480001,Non-Switch
197,0.9796515314457004,Non-Switch
1970,0.004955596108708089,Non-Switch
1971,0.004507188631884577,Non-Switch
1972,0.004419731087173844,Non-Switch
1973,0.00451381029984641,Non-Switch
1974,0.004493314804875619,Non-Switch
1975,0.004598960186722323,Non-Switch
1976,0.00469718545771442,Non-Switch
1977,0.004582530469107086,Non-Switch
1978,0.004469827752309937,Non-Switch
1979,0.004570552482100998,Non-Switch
198,0.9925947737669846,Non-Switch
1980,0.004465257447724704,Non-Switch
1981,0.00448690374848037,Non-Switch
1982,0.004502497066094341,Non-Switch
1983,0.004591116501409242,Non-Switch
1984,0.004475540465089671,Non-Switch
1985,0.005627242104905752,Non-Switch
1986,0.005167827402523405,Non-Switch
1987,0.004615145702409481,Non-Switch
1988,0.004463801977361054,Non-Switch
1989,0.0045673620695660475,Non-Switch
199,0.8995933494950867,Non-Switch
1990,0.004603687358295746,Non-Switch
1991,0.004614887728433187,Non-Switch
1992,0.004580251027175923,Non-Switch
1993,0.004574398578492364,Non-Switch
1994,0.004557143881598768,Non-Switch
1995,0.004504028114771358,Non-Switch
1996,0.004517774634310244,Non-Switch
1997,0.004526195402033837,Non-Switch
1998,0.004449457885291143,Non-Switch
1999,0.0044347990515340085,Non-Switch
2,0.5270749721252733,Non-Switch
20,0.005492926677714433,Non-Switch
200,0.9898605935835676,Non-Switch
2000,0.004431941519481489,Non-Switch
2001,0.004439064355636852,Non-Switch
2002,0.004452774597585321,Non-Switch
2003,0.004501292515731071,Non-Switch
2004,0.008648335704660714,Non-Switch
2005,0.018258789384754073,Non-Switch
2006,0.41210160332275836,Non-Switch
2007,0.24645644865075017,Non-Switch
2008,0.031843721817853145,Non-Switch
2009,0.039654469766064945,Non-Switch
201,0.8796333870012508,Non-Switch
2010,0.17607538649888496,Non-Switch
2011,0.033718112359486345,Non-Switch
2012,0.03935310241717491,Non-Switch
2013,0.03726171007858665,Non-Switch
2014,0.06658677553407208,Non-Switch
2015,0.06745612633635222,Non-Switch
2016,0.05786530420713195,Non-Switch
2017,0.07853301830493097,Non-Switch
2018,0.04488866769206234,Non-Switch
2019,0.23808366677397655,Non-Switch
202,0.9997475322163687,Non-Switch
2020,0.40961649701345354,Non-Switch
2021,0.2697377186002172,Non-Switch
2022,0.11605807413042238,Non-Switch
2023,0.041112936389959956,Non-Switch
2024,0.013857546432547982,Non-Switch
2025,0.019858957620429902,Non-Switch
2026,0.014314619886734013,Non-Switch
2027,0.015889994404781938,Non-Switch
2028,0.012624692830681317,Non-Switch
2029,0.49307855958994395,Non-Switch
203,0.999343544969492,Non-Switch
2030,0.06890095258625067,Non-Switch
2031,0.09550442752580811,Non-Switch
2032,0.1449101201153121,Non-Switch
2033,0.1120812870477746,Non-Switch
2034,0.5601520514004156,Non-Switch
2035,0.454625646614132,Non-Switch
2036,0.12671842949306925,Non-Switch
2037,0.12184745086400735,Non-Switch
2038,0.08749554481488668,Non-Switch
2039,0.17839183157227181,Non-Switch
204,0.9995050366786522,Non-Switch
2040,0.6573252588342926,Non-Switch
2041,0.13030613807488695,Non-Switch
2042,0.0913788324545013,Non-Switch
2043,0.040932897426795796,Non-Switch
2044,0.01822482818566651,Non-Switch
2045,0.013901802405627038,Non-Switch
2046,0.011523708269978172,Non-Switch
2047,0.008938668619799101,Non-Switch
2048,0.011091867223541189,Non-Switch
2049,0.004420239309343288,Non-Switch
205,0.9996778792427693,Non-Switch
2050,0.004421343424525683,Non-Switch
2051,0.004575248414638229,Non-Switch
2052,0.004907102375622616,Non-Switch
2053,0.004663494325133288,Non-Switch
2054,0.005253839218075322,Non-Switch
2055,0.0057704384877731675,Non-Switch
2056,0.01138767133676015,Non-Switch
2057,0.00990378957354955,Non-Switch
2058,0.010842689219308487,Non-Switch
2059,0.014509703301005292,Non-Switch
206,0.9999664661309171,Non-Switch
2060,0.021788381266724735,Non-Switch
2061,0.021314413204320353,Non-Switch
2062,0.020606947790237133,Non-Switch
2063,0.02585318987625276,Non-Switch
2064,0.021077007278177764,Non-Switch
2065,0.024379725827756726,Non-Switch
2066,0.022118141876380653,Non-Switch
2067,0.01625412332870676,Non-Switch
2068,0.0144680096007012,Non-Switch
2069,0.014226273205154464,Non-Switch
207,0.9999963911121672,Non-Switch
2070,0.014204189557892112,Non-Switch
2071,0.016923052536466573,Non-Switch
2072,0.01795228539778397,Non-Switch
2073,0.014056660690198858,Non-Switch
2074,0.02128003279752131,Non-Switch
2075,0.015319024096447552,Non-Switch
2076,0.021429038297505955,Non-Switch
2077,0.01847421646556218,Non-Switch
2078,0.01339468200003993,Non-Switch
2079,0.010590377234348148,Non-Switch
208,0.9998778950657228,Non-Switch
2080,0.008725279802126612,Non-Switch
2081,0.00892968588532767,Non-Switch
2082,0.007192356111130913,Non-Switch
2083,0.006605417616748254,Non-Switch
2084,0.00650090926863821,Non-Switch
2085,0.005875090602630416,Non-Switch
2086,0.005904636012795633,Non-Switch
2087,0.006169531618979845,Non-Switch
2088,0.005939457125137513,Non-Switch
2089,0.006689458013983933,Non-Switch
2090,0.007695265629000803,Non-Switch
2091,0.006765370887351884,Non-Switch
2092,0.008175759626836752,Non-Switch
2093,0.006848934973261542,Non-Switch
2094,0.0062687676239493745,Non-Switch
2095,0.006186624410331026,Non-Switch
2096,0.005982740321347626,Non-Switch
2097,0.005590507013765794,Non-Switch
2098,0.0052293075052670945,Non-Switch
2099,0.0054921893692795815,Non-Switch
21,0.00654242494002637,Non-Switch
2100,0.005363999816314405,Non-Switch
2101,0.005121694400043916,Non-Switch
2102,0.0053209934046830245,Non-Switch
2103,0.005902386802189818,Non-Switch
2104,0.008493336340570607,Non-Switch
2105,0.006126396220360316,Non-Switch
2106,0.004572938741381719,Non-Switch
2107,0.004838753379856479,Non-Switch
2108,0.005560490330828779,Non-Switch
2109,0.005432239979309294,Non-Switch
211,0.9997138236167996,Non-Switch
2110,0.004574421084034566,Non-Switch
2111,0.004593782568401231,Non-Switch
2112,0.004783034360013079,Non-Switch
2113,0.004663529930916475,Non-Switch
2114,0.004401991009556623,Non-Switch
2115,0.004429322814899211,Non-Switch
2116,0.004558184510997935,Non-Switch
2117,0.004397273915091649,Non-Switch
2118,0.004396944057741752,Non-Switch
2119,0.00438416023796336,Non-Switch
2120,0.004397644080875342,Non-Switch
2121,0.004379147212413601,Non-Switch
2122,0.004377924859158738,Non-Switch
2123,0.004391472523757564,Non-Switch
2124,0.004388058063511431,Non-Switch
2125,0.004373310551199944,Non-Switch
2126,0.004385037954109267,Non-Switch
2127,0.004415686807649649,Non-Switch
2128,0.004393381464001418,Non-Switch
2129,0.004497037960543907,Non-Switch
2130,0.0044317940577945185,Non-Switch
2131,0.004543154167842647,Non-Switch
2132,0.004684441274562594,Non-Switch
2133,0.004655151487048367,Non-Switch
2134,0.0049328198281916764,Non-Switch
2135,0.005340665599893533,Non-Switch
2136,0.005367011864029809,Non-Switch
2137,0.00514561980682713,Non-Switch
2138,0.005877035484561073,Non-Switch
2139,0.016011170962073846,Non-Switch
214,0.9994536998573696,Non-Switch
2140,0.020412342702713564,Non-Switch
2141,0.021048200184158244,Non-Switch
2142,0.009172612723285846,Non-Switch
2143,0.008259543393710597,Non-Switch
2144,0.005326124668305251,Non-Switch
2145,0.00545048559186704,Non-Switch
2146,0.00485635405747349,Non-Switch
2147,0.006998188370114032,Non-Switch
2148,0.005922143981014914,Non-Switch
2149,0.00517883194085332,Non-Switch
215,0.9999531374754752,Non-Switch
2150,0.0067352665335713635,Non-Switch
2151,0.0062925200403708805,Non-Switch
2152,0.0061853761924978105,Non-Switch
2153,0.007472326399747587,Non-Switch
2154,0.03537607885838221,Non-Switch
2155,0.009096122095700153,Non-Switch
2156,0.005749516395211369,Non-Switch
2157,0.00529802028464824,Non-Switch
2158,0.004712789860147685,Non-Switch
2159,0.00500611130974843,Non-Switch
216,0.9998932015216495,Non-Switch
2160,0.004548957238694807,Non-Switch
2161,0.004479652933047705,Non-Switch
2162,0.0046575958576544774,Non-Switch
2163,0.004585728271521566,Non-Switch
2164,0.004793043951835463,Non-Switch
2165,0.0050299648331580404,Non-Switch
2166,0.004937246366029703,Non-Switch
2167,0.0049991654947981546,Non-Switch
2168,0.006395404630406176,Non-Switch
2169,0.0057382266747123475,Non-Switch
217,0.9998539894772528,Non-Switch
2170,0.005359102341608195,Non-Switch
2171,0.00572450030939036,Non-Switch
2172,0.005374707079945075,Non-Switch
2173,0.0046078418142056505,Non-Switch
2174,0.004621044505791906,Non-Switch
2175,0.004533918497949145,Non-Switch
2176,0.004500604249224005,Non-Switch
2177,0.005383408998994395,Non-Switch
2178,0.005356968681845928,Non-Switch
2179,0.004764342331551042,Non-Switch
218,0.9993774255517119,Non-Switch
2180,0.004695043064458164,Non-Switch
2181,0.004597381775635597,Non-Switch
2182,0.004582010154407503,Non-Switch
2183,0.004735122747892343,Non-Switch
2184,0.3917959557006883,Non-Switch
2185,0.005526086746680303,Non-Switch
2186,0.005557673107210056,Non-Switch
2187,0.005501471057968334,Non-Switch
2188,0.005583726799297696,Non-Switch
2189,0.005614096852837655,Non-Switch
219,0.9999429045077489,Non-Switch
2190,0.00547724938419672,Non-Switch
2191,0.2374244142775567,Non-Switch
2192,0.006872381717393428,Non-Switch
2193,0.14204156773699292,Non-Switch
2194,0.10009476271540894,Non-Switch
2195,0.11741499574789857,Non-Switch
2196,0.14676558719089253,Non-Switch
2197,0.07057207038347971,Non-Switch
2198,0.03593571846597655,Non-Switch
2199,0.0092829342193565,Non-Switch
22,0.004559050134613703,Non-Switch
220,0.9999229545202488,Non-Switch
2200,0.07460747667778249,Non-Switch
2201,0.12019053775884801,Non-Switch
2202,0.08401349269973499,Non-Switch
2203,0.08096327827198413,Non-Switch
2204,0.042621904106943484,Non-Switch
2205,0.04522704624486383,Non-Switch
2206,0.00987007492771537,Non-Switch
2207,0.007809388882185644,Non-Switch
2208,0.005165634623724904,Non-Switch
2209,0.004892084124997468,Non-Switch
221,0.999911431682641,Non-Switch
2210,0.004450477688666181,Non-Switch
2211,0.004487985358120562,Non-Switch
2212,0.004459117129643118,Non-Switch
2213,0.004870650115326461,Non-Switch
2214,0.004769382901197228,Non-Switch
2215,0.004638470849432749,Non-Switch
2216,0.004563569045945846,Non-Switch
2217,0.00460274615636661,Non-Switch
2218,0.004641653872088171,Non-Switch
2219,0.004606543882637421,Non-Switch
222,0.999908851942878,Non-Switch
2220,0.004719567051483247,Non-Switch
2221,0.004465379716640551,Non-Switch
2222,0.004677715140576506,Non-Switch
2223,0.004569869590051771,Non-Switch
2224,0.00463155728122951,Non-Switch
2225,0.004686753635048023,Non-Switch
2226,0.005132906862711496,Non-Switch
2227,0.004796466809671971,Non-Switch
2228,0.004805659147999142,Non-Switch
2229,0.0047535608332214645,Non-Switch
223,0.9985123528178721,Non-Switch
2230,0.004597398570816345,Non-Switch
2231,0.0052300666474369185,Non-Switch
2232,0.0059475141092460975,Non-Switch
2233,0.005652248785425542,Non-Switch
2234,0.005607926975237952,Non-Switch
2235,0.004939451909165573,Non-Switch
2236,0.006192458384315763,Non-Switch
2237,0.005742198399055711,Non-Switch
2238,0.006904789026358158,Non-Switch
2239,0.0049021676156151455,Non-Switch
224,0.9998584610261753,Non-Switch
2240,0.016110009928970485,Non-Switch
2241,0.006452338949528525,Non-Switch
2242,0.03832029285416535,Non-Switch
2243,0.006157528439202634,Non-Switch
2244,0.009025149692701127,Non-Switch
2245,0.01244799274944992,Non-Switch
2246,0.016795984229768156,Non-Switch
2247,0.0060919889412720755,Non-Switch
2248,0.013288403439879012,Non-Switch
2249,0.01943497739039036,Non-Switch
2250,0.027202528133717478,Non-Switch
2251,0.005979872376283043,Non-Switch
2252,0.006980507075629429,Non-Switch
2253,0.006437598155289339,Non-Switch
2254,0.007176542440745524,Non-Switch
2255,0.0067214850800565214,Non-Switch
2256,0.007003034115663538,Non-Switch
2257,0.24632791311706156,Non-Switch
2258,0.08627114657881595,Non-Switch
2259,0.03423783318147807,Non-Switch
2260,0.22421975832696112,Non-Switch
2261,0.06567771823727399,Non-Switch
2262,0.33301512334951955,Non-Switch
2263,0.11373599662521977,Non-Switch
2264,0.028557780982034528,Non-Switch
2265,0.20743122040852952,Non-Switch
2266,0.08802084432411576,Non-Switch
2267,0.051620350805869235,Non-Switch
2268,0.07990393501062114,Non-Switch
2269,0.016131564192135652,Non-Switch
227,0.9983660815733132,Non-Switch
2270,0.028192949347747197,Non-Switch
2271,0.01761256994859491,Non-Switch
2272,0.07001275055612681,Non-Switch
2273,0.025735102288604084,Non-Switch
2274,0.08939416341246018,Non-Switch
2275,0.05277634831701712,Non-Switch
2276,0.03950192115474963,Non-Switch
2277,0.04140160926943318,Non-Switch
2278,0.19466015421859045,Non-Switch
2279,0.2514955833166932,Non-Switch
228,0.9997014408659375,Non-Switch
2280,0.046794496124827466,Non-Switch
2281,0.24923859049592648,Non-Switch
2282,0.28499279471006195,Non-Switch
2283,0.3759744117345642,Non-Switch
2284,0.1351026697139566,Non-Switch
2285,0.4833236606373427,Non-Switch
2286,0.13750259086650599,Non-Switch
2287,0.3033741069537967,Non-Switch
2288,0.10421409116887494,Non-Switch
2289,0.17076568012747204,Non-Switch
229,0.9999802247429861,Non-Switch
2290,0.038843821479536335,Non-Switch
2291,0.00884825277195136,Non-Switch
2292,0.022793188560776237,Non-Switch
2293,0.05018468800658707,Non-Switch
2294,0.011800381328710335,Non-Switch
2295,0.015399130390544745,Non-Switch
2296,0.055719202574966875,Non-Switch
2297,0.11993759427509154,Non-Switch
2298,0.07639728400193822,Non-Switch
2299,0.03363562249333735,Non-Switch
23,0.007209860720314043,Non-Switch
230,0.9999791928470809,Non-Switch
2300,0.02968262813554489,Non-Switch
2301,0.016699974914923994,Non-Switch
2302,0.005390145545992547,Non-Switch
2303,0.04614640100288233,Non-Switch
2304,0.3830699429568738,Non-Switch
2305,0.006697899271828039,Non-Switch
2306,0.0051742115866294566,Non-Switch
2307,0.005217376544767102,Non-Switch
2308,0.025798211859783975,Non-Switch
2309,0.00908934356075013,Non-Switch
231,0.9999161612055397,Non-Switch
2310,0.004954038859549105,Non-Switch
2311,0.004690734092885375,Non-Switch
2312,0.004701479985431765,Non-Switch
2313,0.004637944824371712,Non-Switch
2314,0.02359738481066857,Non-Switch
2315,0.008900443460223152,Non-Switch
2316,0.07588977394815775,Non-Switch
2317,0.3220873887093594,Non-Switch
2318,0.029541124035089673,Non-Switch
2319,0.007188101555943748,Non-Switch
232,0.9999130655178242,Non-Switch
2320,0.016602221588510924,Non-Switch
2321,0.005984750368579585,Non-Switch
2322,0.21530903621612,Non-Switch
2323,0.07599041604565952,Non-Switch
2324,0.01854855462278317,Non-Switch
2325,0.01535206357601565,Non-Switch
2326,0.007300675621656366,Non-Switch
2327,0.004557146568827689,Non-Switch
2328,0.004749331470805422,Non-Switch
2329,0.006134490825673777,Non-Switch
233,0.9998662002454641,Non-Switch
2330,0.004355214079847243,Non-Switch
2331,0.004369103694326105,Non-Switch
2332,0.0044196807016316,Non-Switch
2333,0.004407164932937951,Non-Switch
2334,0.004382080994586718,Non-Switch
2335,0.004373296779151731,Non-Switch
2336,0.004382145152177177,Non-Switch
2337,0.0044564110901209476,Non-Switch
2338,0.004389974729538428,Non-Switch
2339,0.004403899949800477,Non-Switch
234,0.9964342864474968,Non-Switch
2340,0.004396080785451288,Non-Switch
2341,0.004410425213424814,Non-Switch
2342,0.004452357741199148,Non-Switch
2343,0.00438286029097344,Non-Switch
2344,0.004392883654844038,Non-Switch
2345,0.004354551677918529,Non-Switch
2346,0.004357588246597826,Non-Switch
2347,0.004357456908284374,Non-Switch
2348,0.004358174734309558,Non-Switch
2349,0.004360487766602216,Non-Switch
235,0.9998302558714337,Non-Switch
2350,0.004359504912624825,Non-Switch
2351,0.0043593157988895985,Non-Switch
2352,0.004357637960332841,Non-Switch
2353,0.004358119982020318,Non-Switch
2354,0.004361675521784738,Non-Switch
2355,0.004363293905401646,Non-Switch
2356,0.004365551513597835,Non-Switch
2357,0.0043652797675733275,Non-Switch
2358,0.0043628192735936985,Non-Switch
2359,0.004362470941544978,Non-Switch
236,0.9995459685495576,Non-Switch
2360,0.004365062773838059,Non-Switch
2361,0.004362469597930518,Non-Switch
2362,0.004360657733831389,Non-Switch
2363,0.004361753451423409,Non-Switch
2364,0.004361665444676289,Non-Switch
2365,0.004362298287086885,Non-Switch
2366,0.004364387607571976,Non-Switch
2367,0.004366551162755975,Non-Switch
2368,0.00435804373189972,Non-Switch
2369,0.004368742933843631,Non-Switch
237,0.9988978519297811,Non-Switch
2370,0.004368912229265574,Non-Switch
2371,0.00437045537047273,Non-Switch
2372,0.0043767837945786975,Non-Switch
2373,0.004379589933378127,Non-Switch
2374,0.004383479697239438,Non-Switch
2375,0.004373817765658544,Non-Switch
2376,0.004373932980598477,Non-Switch
2377,0.004377317209519264,Non-Switch
2378,0.0043771962842178765,Non-Switch
2379,0.004365495081790521,Non-Switch
238,0.999704536553653,Non-Switch
2380,0.004379384360365768,Non-Switch
2381,0.004378846242774591,Non-Switch
2382,0.004379066931449624,Non-Switch
2383,0.004377525469760543,Non-Switch
2384,0.00436875099553039,Non-Switch
2385,0.004373585992164217,Non-Switch
2386,0.004372038820113682,Non-Switch
2387,0.004372830209030542,Non-Switch
2388,0.004380205308800745,Non-Switch
2389,0.0044024669849790305,Non-Switch
239,0.9992971956450845,Non-Switch
2390,0.004409432282338974,Non-Switch
2391,0.004425330600435335,Non-Switch
2392,0.004483519519559583,Non-Switch
2393,0.004471326554239917,Non-Switch
2394,0.004411330137763534,Non-Switch
2395,0.004404790430283753,Non-Switch
2396,0.004445304101188468,Non-Switch
2397,0.004429593217309258,Non-Switch
2398,0.004471166664119193,Non-Switch
2399,0.004451512271800277,Non-Switch
24,0.006478059089326504,Non-Switch
240,0.9996341956494501,Non-Switch
2400,0.004465466379773212,Non-Switch
2401,0.0045005279991034075,Non-Switch
2402,0.004379994361330546,Non-Switch
2403,0.004371703588305945,Non-Switch
2404,0.004361917372387513,Non-Switch
2405,0.004393515825447405,Non-Switch
2406,0.004413192723308523,Non-Switch
2407,0.004364241825403081,Non-Switch
2408,0.004358785407081567,Non-Switch
2409,0.004358433715996697,Non-Switch
241,0.9971444028129093,Non-Switch
2410,0.0043581639853938784,Non-Switch
2411,0.004363557253835779,Non-Switch
2412,0.004358120317923933,Non-Switch
2413,0.004358983926118012,Non-Switch
2414,0.0043568519458738195,Non-Switch
2415,0.004364000646607536,Non-Switch
2416,0.0043689270090246325,Non-Switch
2417,0.004369554141073775,Non-Switch
2418,0.004373620926140173,Non-Switch
2419,0.0043628243121479225,Non-Switch
242,0.9950709799741072,Non-Switch
2420,0.0043848669791692494,Non-Switch
2421,0.004362644267810301,Non-Switch
2422,0.0043651608576936295,Non-Switch
2423,0.0043776487463872355,Non-Switch
2424,0.004378071649038478,Non-Switch
2425,0.0043952668909922245,Non-Switch
2426,0.004365721144923393,Non-Switch
2427,0.0043677950138421955,Non-Switch
2428,0.004368689525168851,Non-Switch
2429,0.004368210862517524,Non-Switch
243,0.9983477654209963,Non-Switch
2430,0.004364276759379037,Non-Switch
2431,0.004362826999376843,Non-Switch
2432,0.004366669064924829,Non-Switch
2433,0.004370691846617666,Non-Switch
2434,0.004364585790704807,Non-Switch
2435,0.004363599577691266,Non-Switch
2436,0.0043629150061239635,Non-Switch
2437,0.004359429670215072,Non-Switch
2438,0.004366098700586615,Non-Switch
2439,0.004362584476966837,Non-Switch
244,0.9875824253989134,Non-Switch
2440,0.004362661734798279,Non-Switch
2441,0.004364269369499508,Non-Switch
2442,0.004365362399862609,Non-Switch
2443,0.004364422877451548,Non-Switch
2444,0.004365387256730116,Non-Switch
2445,0.0043684748827588875,Non-Switch
2446,0.004368510488542074,Non-Switch
2447,0.004371405305895855,Non-Switch
2448,0.004368838666373897,Non-Switch
2449,0.004368910885651114,Non-Switch
245,0.5014720868739779,Non-Switch
2450,0.004364965697693334,Non-Switch
2451,0.0043768086514462045,Non-Switch
2452,0.004367410740106674,Non-Switch
2453,0.004367298548299275,Non-Switch
2454,0.004370561180111444,Non-Switch
2455,0.004372081143969167,Non-Switch
2456,0.00437695913626571,Non-Switch
2457,0.00437290847457283,Non-Switch
2458,0.004376226866385083,Non-Switch
2459,0.004374642073129671,Non-Switch
246,0.6005536567974913,Non-Switch
2460,0.004372717009512299,Non-Switch
2461,0.004401297032688102,Non-Switch
2462,0.004456777560964876,Non-Switch
2463,0.004441116726724296,Non-Switch
2464,0.004377724996507833,Non-Switch
2465,0.00438106051940445,Non-Switch
2466,0.004399792856300282,Non-Switch
2467,0.00438056405386153,Non-Switch
2468,0.0043783571671112,Non-Switch
2469,0.004445953066972584,Non-Switch
247,0.23463154501453282,Non-Switch
2470,0.004409060101133591,Non-Switch
2471,0.0043759305993966826,Non-Switch
2472,0.004429034273693955,Non-Switch
2473,0.004461215519525812,Non-Switch
2474,0.004419225216329705,Non-Switch
2475,0.004415861477529431,Non-Switch
2476,0.004416401274638682,Non-Switch
2477,0.004393447972917182,Non-Switch
2478,0.0043901856770086276,Non-Switch
2479,0.004401507644254686,Non-Switch
248,0.18788429574857207,Non-Switch
2480,0.004400796200398187,Non-Switch
2481,0.004389184684236028,Non-Switch
2482,0.004374916170479484,Non-Switch
2483,0.004373437522766402,Non-Switch
2484,0.004384599599891736,Non-Switch
2485,0.004364015426366594,Non-Switch
2486,0.004360528746843242,Non-Switch
2487,0.00435834873238211,Non-Switch
2488,0.004359388689974046,Non-Switch
2489,0.004358168016237258,Non-Switch
249,0.09425392017355327,Non-Switch
2490,0.004358159954550499,Non-Switch
2491,0.004359762214793889,Non-Switch
2492,0.004356936593584791,Non-Switch
2493,0.0043601390986498815,Non-Switch
2494,0.004359774979131257,Non-Switch
2495,0.0043565432504516655,Non-Switch
2496,0.004364660361307329,Non-Switch
2497,0.004357229501537042,Non-Switch
2498,0.00435794631985138,Non-Switch
2499,0.004361348015760145,Non-Switch
25,0.0044045993011268365,Non-Switch
250,0.034648949646678855,Non-Switch
2500,0.004360982216723447,Non-Switch
2501,0.004360847519373845,Non-Switch
2502,0.004360165970939078,Non-Switch
2503,0.004359923448529072,Non-Switch
2504,0.004358273489972358,Non-Switch
2505,0.004356910393102824,Non-Switch
2506,0.004356576840813162,Non-Switch
2507,0.0043559443343061804,Non-Switch
2508,0.00435505083069037,Non-Switch
2509,0.0043547659844248784,Non-Switch
251,0.020476068992930536,Non-Switch
2510,0.00435484996032862,Non-Switch
2511,0.004354841226834631,Non-Switch
2512,0.004355821057679488,Non-Switch
2513,0.004355725325149222,Non-Switch
2514,0.004355817362739723,Non-Switch
2515,0.004356014874065324,Non-Switch
2516,0.00436125295503711,Non-Switch
2517,0.004356634280331321,Non-Switch
2518,0.004359415562263243,Non-Switch
2519,0.004356635288042167,Non-Switch
252,0.008399295420910148,Non-Switch
2520,0.00435704408274158,Non-Switch
2521,0.0043571126070790335,Non-Switch
2522,0.004357102529970585,Non-Switch
2523,0.004356519401295003,Non-Switch
2524,0.004356759236476089,Non-Switch
2525,0.00435665107551207,Non-Switch
2526,0.004356208690451159,Non-Switch
2527,0.004355922164667593,Non-Switch
2528,0.004360294957927225,Non-Switch
2529,0.004361808875519879,Non-Switch
253,0.004522469223233015,Non-Switch
2530,0.0043572496557539395,Non-Switch
2531,0.004359875750215747,Non-Switch
2532,0.004357630570453312,Non-Switch
2533,0.004358869718888923,Non-Switch
2534,0.004357623180573782,Non-Switch
2535,0.004357930196477862,Non-Switch
2536,0.004358268451418133,Non-Switch
2537,0.0043576950639473856,Non-Switch
2538,0.00435635077768029,Non-Switch
2539,0.004356014874065324,Non-Switch
254,0.0045655088893222775,Non-Switch
2540,0.004355459625389784,Non-Switch
2541,0.004355870435510888,Non-Switch
2542,0.004356153602258305,Non-Switch
2543,0.004355165037919459,Non-Switch
2544,0.004354844585870781,Non-Switch
2545,0.004354775053822482,Non-Switch
2546,0.004354831149726182,Non-Switch
2547,0.004355857671173519,Non-Switch
2548,0.004355408568040309,Non-Switch
2549,0.004357709171899214,Non-Switch
255,0.004589240479719655,Non-Switch
2550,0.004356540899126361,Non-Switch
2551,0.004357058526597024,Non-Switch
2552,0.00435925432852806,Non-Switch
2553,0.004358373253346003,Non-Switch
2554,0.004358393743466515,Non-Switch
2555,0.004359420936721083,Non-Switch
2556,0.004358364183948398,Non-Switch
2557,0.004364618709259073,Non-Switch
2558,0.004366581058177707,Non-Switch
2559,0.004374261158430299,Non-Switch
256,0.004382653710250236,Non-Switch
2560,0.004384304004710566,Non-Switch
2561,0.0043711594244497,Non-Switch
2562,0.004362774262509293,Non-Switch
2563,0.004365560582995439,Non-Switch
2564,0.004365937130947816,Non-Switch
2565,0.00436905263697663,Non-Switch
2566,0.004373481862043577,Non-Switch
2567,0.004370310260111064,Non-Switch
2568,0.004369092945410426,Non-Switch
2569,0.004366524626370393,Non-Switch
257,0.004446303750346608,Non-Switch
2570,0.004363420205160873,Non-Switch
2571,0.004363322457208918,Non-Switch
2572,0.004361824662989782,Non-Switch
2573,0.004361503539133875,Non-Switch
2574,0.004362579102508997,Non-Switch
2575,0.004370817474569664,Non-Switch
2576,0.004412328443307214,Non-Switch
2577,0.004427507255860317,Non-Switch
2578,0.004440874876121521,Non-Switch
2579,0.0044475539836015135,Non-Switch
258,0.004403336975341793,Non-Switch
2580,0.004479939794734886,Non-Switch
2581,0.0046074142089037986,Non-Switch
2582,0.004554249064244988,Non-Switch
2583,0.004541373206876095,Non-Switch
2584,0.00481633651620808,Non-Switch
2585,0.0046394856142535626,Non-Switch
2586,0.004528690829989423,Non-Switch
2587,0.004534565112407955,Non-Switch
2588,0.004531701198186752,Non-Switch
2589,0.004428220043331276,Non-Switch
259,0.004448440097337795,Non-Switch
2590,0.0045118486227350065,Non-Switch
2591,0.004429010760440907,Non-Switch
2592,0.004605041049864061,Non-Switch
2593,0.0043979799844903085,Non-Switch
2594,0.0043905356885754225,Non-Switch
2595,0.004382296644707526,Non-Switch
2596,0.004393480891471449,Non-Switch
2597,0.004479976408228917,Non-Switch
2598,0.00441852149825635,Non-Switch
2599,0.004431839068878924,Non-Switch
26,0.004393051606651521,Non-Switch
260,0.004391003938214686,Non-Switch
2600,0.0048176703894631115,Non-Switch
2601,0.004839714400098898,Non-Switch
2602,0.004405387331007548,Non-Switch
2603,0.004416189991264868,Non-Switch
2604,0.004514530477196898,Non-Switch
2605,0.004764734331069708,Non-Switch
2606,0.00465336817475651,Non-Switch
2607,0.004741524734889988,Non-Switch
2608,0.004638821532806774,Non-Switch
2609,0.0049652362065540105,Non-Switch
261,0.004395421742558725,Non-Switch
2610,0.006614605924232045,Non-Switch
2611,0.005397362099256485,Non-Switch
2612,0.0068958922832121575,Non-Switch
2613,0.006694096842906619,Non-Switch
2614,0.005829070463765557,Non-Switch
2615,0.007460905676838729,Non-Switch
2616,0.005951113652384077,Non-Switch
2617,0.006651740740673813,Non-Switch
2618,0.006169113083075596,Non-Switch
2619,0.00877531533280478,Non-Switch
262,0.004424220103084256,Non-Switch
2620,0.008355986024218066,Non-Switch
2621,0.007615304445265275,Non-Switch
2622,0.007354177005833758,Non-Switch
2623,0.009093305879792275,Non-Switch
2624,0.007697833276233606,Non-Switch
2625,0.008057719065694172,Non-Switch
2626,0.009085678180503617,Non-Switch
2627,0.008997893129768291,Non-Switch
2628,0.010800484273702416,Non-Switch
2629,0.009914460559589802,Non-Switch
263,0.004408419868843465,Non-Switch
2630,0.012826591057493036,Non-Switch
2631,0.01620228937007406,Non-Switch
2632,0.013072489970636435,Non-Switch
2633,0.018829976015016497,Non-Switch
2634,0.016817929484741142,Non-Switch
2635,0.010342118262405994,Non-Switch
2636,0.010276502178451222,Non-Switch
2637,0.0874281598624955,Non-Switch
2638,0.1365949631754932,Non-Switch
2639,0.4787814698410678,Non-Switch
264,0.004378033356026372,Non-Switch
2640,0.3458651080783733,Non-Switch
2641,0.04478964061914131,Non-Switch
2642,0.08907916643848926,Non-Switch
2643,0.04548946489779128,Non-Switch
2644,0.023754998848497574,Non-Switch
2645,0.027111355830928833,Non-Switch
2646,0.050788142881717624,Non-Switch
2647,0.05317239748966498,Non-Switch
2648,0.08861975240791414,Non-Switch
2649,0.08295894882922264,Non-Switch
265,0.004380418943499864,Non-Switch
2650,0.06887720285705809,Non-Switch
2651,0.18400030405498047,Non-Switch
2652,0.04400635101024449,Non-Switch
2653,0.06289592573185725,Non-Switch
2654,0.10931236636888339,Non-Switch
2655,0.07214558265188625,Non-Switch
2656,0.0553480048953687,Non-Switch
2657,0.05688229974492069,Non-Switch
2658,0.03596635018843257,Non-Switch
2659,0.05016685018101789,Non-Switch
266,0.004416860454880342,Non-Switch
2660,0.0770179156443237,Non-Switch
2661,0.39829139645847483,Non-Switch
2662,0.45601457850250005,Non-Switch
2663,0.24458213872598455,Non-Switch
2664,0.10165194738089921,Non-Switch
2665,0.05188562329590944,Non-Switch
2666,0.038387086616194194,Non-Switch
2667,0.026904734799290685,Non-Switch
2668,0.013256746539590117,Non-Switch
2669,0.00969757968793612,Non-Switch
267,0.004372447278909481,Non-Switch
2670,0.01184005692009571,Non-Switch
2671,0.011487274820284454,Non-Switch
2672,0.015704939728839098,Non-Switch
2673,0.012784795242489993,Non-Switch
2674,0.010798995548880884,Non-Switch
2675,0.01205934554886147,Non-Switch
2676,0.011733021904993889,Non-Switch
2677,0.010608886867147256,Non-Switch
2678,0.005976757877965074,Non-Switch
2679,0.006012764058260555,Non-Switch
268,0.004366462484201624,Non-Switch
2680,0.006611640567119121,Non-Switch
2681,0.007495783220987922,Non-Switch
2682,0.02542590972909979,Non-Switch
2683,0.02294752686655209,Non-Switch
2684,0.011311120246523762,Non-Switch
2685,0.008310946723908908,Non-Switch
2686,0.011947165833992824,Non-Switch
2687,0.08130757679009579,Non-Switch
2688,0.007137820143819425,Non-Switch
2689,0.01242309422989415,Non-Switch
269,0.004404215699198545,Non-Switch
2690,0.007737229395811327,Non-Switch
2691,0.007990037174507357,Non-Switch
2692,0.010594380533631317,Non-Switch
2693,0.010130874525218679,Non-Switch
2694,0.01185275273312698,Non-Switch
2695,0.008483171225374493,Non-Switch
2696,0.00837976061027816,Non-Switch
2697,0.012373844041867772,Non-Switch
2698,0.00914287450444564,Non-Switch
2699,0.012995476677025854,Non-Switch
27,0.004439820138770526,Non-Switch
270,0.004427785048149894,Non-Switch
2700,0.009445825974783856,Non-Switch
2701,0.01037616814004791,Non-Switch
2702,0.008115852560721951,Non-Switch
2703,0.01364247944041512,Non-Switch
2704,0.010481988527678012,Non-Switch
2705,0.041452806354811904,Non-Switch
2706,0.08103817134197704,Non-Switch
2707,0.1104038542625842,Non-Switch
2708,0.08127430889606951,Non-Switch
2709,0.24972472095642156,Non-Switch
271,0.0044193757011492096,Non-Switch
2710,0.062318268254356116,Non-Switch
2711,0.06949396488979916,Non-Switch
2712,0.04034135235023748,Non-Switch
2713,0.03189164585840763,Non-Switch
2714,0.01649990669100661,Non-Switch
2715,0.441577580867147,Non-Switch
2716,0.17072324340837164,Non-Switch
2717,0.5024717790277807,Non-Switch
2718,0.33603791191891563,Non-Switch
2719,0.2263991869721887,Non-Switch
272,0.004455693935902994,Non-Switch
2720,0.09824012330633577,Non-Switch
2721,0.03545781630043368,Non-Switch
2722,0.04650689813692214,Non-Switch
2723,0.033969115663962775,Non-Switch
2724,0.02518541617692843,Non-Switch
2725,0.025891754298479824,Non-Switch
2726,0.019882723472996005,Non-Switch
2727,0.017731156017208195,Non-Switch
2728,0.014828431492331252,Non-Switch
2729,0.01062347381753079,Non-Switch
273,0.004472387337855981,Non-Switch
2730,0.01089567599914775,Non-Switch
2731,0.01042789326590936,Non-Switch
2732,0.00947729879989175,Non-Switch
2733,0.008760822435433439,Non-Switch
2734,0.008702308697513518,Non-Switch
2735,0.01287927418046437,Non-Switch
2736,0.010509037502176799,Non-Switch
2737,0.01124971169125006,Non-Switch
2738,0.010655740046977233,Non-Switch
2739,0.009172344000393873,Non-Switch
274,0.004485121107995743,Non-Switch
2740,0.008635750739822382,Non-Switch
2741,0.00821669955942886,Non-Switch
2742,0.009019338560162208,Non-Switch
2743,0.008864881344506657,Non-Switch
2744,0.008293376277617245,Non-Switch
2745,0.008129425082188283,Non-Switch
2746,0.008575338474670671,Non-Switch
2747,0.008626508687760196,Non-Switch
2748,0.009935124678175306,Non-Switch
2749,0.008829401189272215,Non-Switch
275,0.004492810277645939,Non-Switch
2750,0.012960440586370397,Non-Switch
2751,0.015359546164942643,Non-Switch
2752,0.013853914642662965,Non-Switch
2753,0.014462722477801629,Non-Switch
2754,0.013320005251975055,Non-Switch
2755,0.013455661942300934,Non-Switch
2756,0.011889295015591947,Non-Switch
2757,0.012017461055304076,Non-Switch
2758,0.012681678207153142,Non-Switch
2759,0.010376888317398398,Non-Switch
276,0.004400297719433577,Non-Switch
2760,0.009974226546186318,Non-Switch
2761,0.009082996326041724,Non-Switch
2762,0.009676619302362216,Non-Switch
2763,0.009214984948892172,Non-Switch
2764,0.007504176108711473,Non-Switch
2765,0.006426405846838658,Non-Switch
2766,0.005504191205442332,Non-Switch
2767,0.004965313800289068,Non-Switch
2768,0.004662927991638454,Non-Switch
2769,0.004542341281094428,Non-Switch
277,0.00451541188828257,Non-Switch
2770,0.004524700630947237,Non-Switch
2771,0.004741595946456361,Non-Switch
2772,0.004580709535610353,Non-Switch
2773,0.004480784928230141,Non-Switch
2774,0.004432959643338452,Non-Switch
2775,0.004439572241902681,Non-Switch
2776,0.004473059816893144,Non-Switch
2777,0.004426816638027946,Non-Switch
2778,0.004427110889594656,Non-Switch
2779,0.004403553297269831,Non-Switch
278,0.005436116307026007,Non-Switch
2780,0.004430725212491695,Non-Switch
2781,0.004405840800887753,Non-Switch
2782,0.004383173353142589,Non-Switch
2783,0.004381252992175825,Non-Switch
2784,0.004362605302990964,Non-Switch
2785,0.004362665093834429,Non-Switch
2786,0.004357623852381013,Non-Switch
2787,0.004357707156477524,Non-Switch
2788,0.0043553716186426625,Non-Switch
2789,0.004355297383943755,Non-Switch
279,0.004698335591692065,Non-Switch
2790,0.004355416293823453,Non-Switch
2791,0.004355990689005045,Non-Switch
2792,0.0043556803140648165,Non-Switch
2793,0.004355088451895246,Non-Switch
2794,0.004355385390690876,Non-Switch
2795,0.004354629271653587,Non-Switch
2796,0.004356172412860742,Non-Switch
2797,0.004360092743951016,Non-Switch
2798,0.004356131096716102,Non-Switch
2799,0.004357291307802196,Non-Switch
28,0.004453228739272756,Non-Switch
280,0.004697900596510683,Non-Switch
2800,0.0043679764017942775,Non-Switch
2801,0.004365765484200569,Non-Switch
2802,0.004415734505962974,Non-Switch
2803,0.004361242542025046,Non-Switch
2804,0.004359504576721209,Non-Switch
2805,0.004356474390210597,Non-Switch
2806,0.004355730027799832,Non-Switch
2807,0.004355021607075868,Non-Switch
2808,0.004355361877437828,Non-Switch
2809,0.004356532837439602,Non-Switch
281,0.00458214451585349,Non-Switch
2810,0.004358040372863571,Non-Switch
2811,0.004354980962738457,Non-Switch
2812,0.004354919828280533,Non-Switch
2813,0.00435504881526868,Non-Switch
2814,0.004354756579123659,Non-Switch
2815,0.004357034677440362,Non-Switch
2816,0.0043545859400872565,Non-Switch
2817,0.004354888925147956,Non-Switch
2818,0.004354827118882802,Non-Switch
2819,0.00435499809382282,Non-Switch
282,0.004601788159256726,Non-Switch
2820,0.004355179817678517,Non-Switch
2821,0.004355528821534467,Non-Switch
2822,0.004355807957438504,Non-Switch
2823,0.004355371282739048,Non-Switch
2824,0.004355124729485662,Non-Switch
2825,0.004355068969485578,Non-Switch
2826,0.0043558617020168985,Non-Switch
2827,0.004356091460089535,Non-Switch
2828,0.0043577844143089664,Non-Switch
2829,0.004356769649488153,Non-Switch
283,0.004540009438199331,Non-Switch
2830,0.0043588371362382715,Non-Switch
2831,0.004380615111211004,Non-Switch
2832,0.004420941347898569,Non-Switch
2833,0.004396058615812701,Non-Switch
2834,0.0043684369256503965,Non-Switch
2835,0.004366828283238322,Non-Switch
2836,0.00436505336853684,Non-Switch
2837,0.004365704349742645,Non-Switch
2838,0.004368271325168218,Non-Switch
2839,0.00437104790444953,Non-Switch
284,0.004529912175533441,Non-Switch
2840,0.004367124550226723,Non-Switch
2841,0.004363931450462852,Non-Switch
2842,0.004371914199872529,Non-Switch
2843,0.004421082427416854,Non-Switch
2844,0.004462015977840277,Non-Switch
2845,0.004408524670771335,Non-Switch
2846,0.004451649656378799,Non-Switch
2847,0.004464045507481904,Non-Switch
2848,0.004430671467913301,Non-Switch
2849,0.004377666549278829,Non-Switch
285,0.004534981632890514,Non-Switch
2850,0.0043653509791397,Non-Switch
2851,0.004365821580104268,Non-Switch
2852,0.004369783227339182,Non-Switch
2853,0.004383256993142715,Non-Switch
2854,0.004362667109256119,Non-Switch
2855,0.004361159909735764,Non-Switch
2856,0.004363664742992569,Non-Switch
2857,0.004383999676035406,Non-Switch
2858,0.004372580968548237,Non-Switch
2859,0.004375222178672719,Non-Switch
286,0.0045640896965490445,Non-Switch
2860,0.0043762806109634775,Non-Switch
2861,0.0043717207193903086,Non-Switch
2862,0.00436866097336158,Non-Switch
2863,0.004372879922765557,Non-Switch
2864,0.004400617499675025,Non-Switch
2865,0.004567324784264786,Non-Switch
2866,0.00462405991254346,Non-Switch
2867,0.004819084879585735,Non-Switch
2868,0.004590504485022774,Non-Switch
2869,0.00474715750260936,Non-Switch
287,0.004386222350255639,Non-Switch
2870,0.0045642959413686335,Non-Switch
2871,0.004635410095693175,Non-Switch
2872,0.00445844229928065,Non-Switch
2873,0.004591839701892265,Non-Switch
2874,0.0046004996329897145,Non-Switch
2875,0.004587259656102198,Non-Switch
2876,0.0049855231053799074,Non-Switch
2877,0.004800902416907602,Non-Switch
2878,0.004753899424065351,Non-Switch
2879,0.004793028836172789,Non-Switch
288,0.004392027100625874,Non-Switch
2880,0.004559394435819044,Non-Switch
2881,0.004500384904163432,Non-Switch
2882,0.004563599949078423,Non-Switch
2883,0.004702851815795289,Non-Switch
2884,0.004647743804627512,Non-Switch
2885,0.004548403669537343,Non-Switch
2886,0.0045458178835093305,Non-Switch
2887,0.004610518966016933,Non-Switch
2888,0.005317455667810198,Non-Switch
2889,0.0050307817507496385,Non-Switch
289,0.004462362630370923,Non-Switch
2890,0.004550515159661021,Non-Switch
2891,0.004437450002863323,Non-Switch
2892,0.0044144365743947435,Non-Switch
2893,0.004663062353084441,Non-Switch
2894,0.004438665973949501,Non-Switch
2895,0.004495639257891187,Non-Switch
2896,0.004664733473568899,Non-Switch
2897,0.004645369973780545,Non-Switch
2898,0.004849064277221488,Non-Switch
2899,0.0053797893016395175,Non-Switch
29,0.004387918999414834,Non-Switch
290,0.004731041854874116,Non-Switch
2900,0.005620041003208101,Non-Switch
2901,0.004952265288462082,Non-Switch
2902,0.004664340130435774,Non-Switch
2903,0.004729153404750774,Non-Switch
2904,0.004739922138742983,Non-Switch
2905,0.004792467205328566,Non-Switch
2906,0.004831465615026167,Non-Switch
2907,0.005138672312358779,Non-Switch
2908,0.004895496233918297,Non-Switch
2909,0.005164051174083952,Non-Switch
291,0.00443147830839645,Non-Switch
2910,0.005693093993198229,Non-Switch
2911,0.006197960485528913,Non-Switch
2912,0.005204630346193586,Non-Switch
2913,0.005858218164050653,Non-Switch
2914,0.00620019357276121,Non-Switch
2915,0.005807661982769287,Non-Switch
2916,0.006355586615888057,Non-Switch
2917,0.0061107343784088915,Non-Switch
2918,0.00513120618270892,Non-Switch
2919,0.004753391537799522,Non-Switch
292,0.004382248946394201,Non-Switch
2920,0.004751282063097532,Non-Switch
2921,0.004662583690433114,Non-Switch
2922,0.004722182061125762,Non-Switch
2923,0.00496499603546931,Non-Switch
2924,0.004774462771566366,Non-Switch
2925,0.004732337099213426,Non-Switch
2926,0.004654805506324951,Non-Switch
2927,0.004523329472390944,Non-Switch
2928,0.004592927693701142,Non-Switch
2929,0.004598520824793948,Non-Switch
293,0.00442948169730909,Non-Switch
2930,0.004453935480478646,Non-Switch
2931,0.004428620440440316,Non-Switch
2932,0.004542457167841592,Non-Switch
2933,0.004468609093994838,Non-Switch
2934,0.00450515641501403,Non-Switch
2935,0.0044599871200058806,Non-Switch
2936,0.004486320955708403,Non-Switch
2937,0.004438440246720244,Non-Switch
2938,0.004400627576783474,Non-Switch
2939,0.0044277343267040345,Non-Switch
294,0.004399352486661062,Non-Switch
2940,0.004394733140148043,Non-Switch
2941,0.004538953021330262,Non-Switch
2942,0.004469779382189382,Non-Switch
2943,0.004460794632296259,Non-Switch
2944,0.005227423421890747,Non-Switch
2945,0.004624396823869271,Non-Switch
2946,0.005490631112409753,Non-Switch
2947,0.004896754528859961,Non-Switch
2948,0.005438975182692986,Non-Switch
2949,0.00556088468167275,Non-Switch
295,0.004393437224001502,Non-Switch
2950,0.010681434658100475,Non-Switch
2951,0.49489185866931595,Non-Switch
2952,0.11380145752170442,Non-Switch
2953,0.03326079974192646,Non-Switch
2954,0.18227772582393859,Non-Switch
2955,0.4159221979116757,Non-Switch
2956,0.45910824542188294,Non-Switch
2957,0.47031510790439346,Non-Switch
2958,0.2931107842895823,Non-Switch
2959,0.49170656799268586,Non-Switch
296,0.004416564187891941,Non-Switch
2960,0.29177465107502915,Non-Switch
2961,0.16985441930295977,Non-Switch
2962,0.11948748343103653,Non-Switch
2963,0.13419248378101223,Non-Switch
2964,0.07034562297687179,Non-Switch
2965,0.07392642538036577,Non-Switch
2966,0.07512266683181555,Non-Switch
2967,0.07472146355409966,Non-Switch
2968,0.03600132716005179,Non-Switch
2969,0.036758507652764505,Non-Switch
297,0.004409146764266252,Non-Switch
2970,0.014104934070512913,Non-Switch
2971,0.028206444611382088,Non-Switch
2972,0.017186261234696423,Non-Switch
2973,0.00846479192317799,Non-Switch
2974,0.007102002741355555,Non-Switch
2975,0.007130036585253422,Non-Switch
2976,0.0064079795181360595,Non-Switch
2977,0.005722758313243144,Non-Switch
2978,0.005596428322690422,Non-Switch
2979,0.005140775740795698,Non-Switch
298,0.004405658069321211,Non-Switch
2980,0.004710643100144435,Non-Switch
2981,0.0055030430868863766,Non-Switch
2982,0.007353050385109161,Non-Switch
2983,0.005537436929830018,Non-Switch
2984,0.007920654267414352,Non-Switch
2985,0.008115495159275626,Non-Switch
2986,0.00633063838259727,Non-Switch
2987,0.010051225060037841,Non-Switch
2988,0.02346974143698133,Non-Switch
2989,0.08378785683626082,Non-Switch
299,0.004375872152167678,Non-Switch
2990,0.0739474717572651,Non-Switch
2991,0.09523332912346993,Non-Switch
2992,0.07999411841316732,Non-Switch
2993,0.01572289579248074,Non-Switch
2994,0.009593293708019186,Non-Switch
2995,0.010808788482871616,Non-Switch
2996,0.010666554127957462,Non-Switch
2997,0.01418519756750191,Non-Switch
2998,0.012155099576958258,Non-Switch
2999,0.013997880244808653,Non-Switch
3,0.2754262167601555,Non-Switch
30,0.0043906545984551204,Non-Switch
300,0.004370007275050365,Non-Switch
3000,0.09584370630029772,Non-Switch
3001,0.1638798495011426,Non-Switch
3002,0.19007948230418495,Non-Switch
3003,0.08114293027418384,Non-Switch
3004,0.037164303404704224,Non-Switch
3005,0.2997945030544009,Non-Switch
3006,0.10302049932514,Non-Switch
3007,0.060087733889533076,Non-Switch
3008,0.07226338539326944,Non-Switch
3009,0.0951846902800228,Non-Switch
301,0.004372776464452148,Non-Switch
3010,0.05407879442983253,Non-Switch
3011,0.03717629650737298,Non-Switch
3012,0.025797298201951264,Non-Switch
3013,0.06291732144851615,Non-Switch
3014,0.04767501505049801,Non-Switch
3015,0.04507717948801041,Non-Switch
3016,0.07332521165415426,Non-Switch
3017,0.016331832614607553,Non-Switch
3018,0.009506901985478742,Non-Switch
3019,0.014968440149892638,Non-Switch
302,0.004380174405668168,Non-Switch
3020,0.008652402153823497,Non-Switch
3021,0.005967846355060015,Non-Switch
3022,0.006689734126755435,Non-Switch
3023,0.008421241347690364,Non-Switch
3024,0.007712267726375943,Non-Switch
3025,0.006980542681412616,Non-Switch
3026,0.005430037123402344,Non-Switch
3027,0.007389131807814394,Non-Switch
3028,0.005929991361267759,Non-Switch
3029,0.005376501477056226,Non-Switch
303,0.004367617992637109,Non-Switch
3030,0.005352320783525637,Non-Switch
3031,0.005525496228125192,Non-Switch
3032,0.0070578912068309345,Non-Switch
3033,0.006166346580902733,Non-Switch
3034,0.0057412021089337205,Non-Switch
3035,0.007611923911284253,Non-Switch
3036,0.006681192769634069,Non-Switch
3037,0.008259136278529257,Non-Switch
3038,0.012339096828321185,Non-Switch
3039,0.014272149577272119,Non-Switch
304,0.0044012013001578365,Non-Switch
3040,0.007439743749095844,Non-Switch
3041,0.007915458510298052,Non-Switch
3042,0.007700924933105756,Non-Switch
3043,0.006378805617368996,Non-Switch
3044,0.005653299491933157,Non-Switch
3045,0.00862365216341852,Non-Switch
3046,0.012999065471248156,Non-Switch
3047,0.006852443822423481,Non-Switch
3048,0.006145828244486124,Non-Switch
3049,0.00652421896409519,Non-Switch
305,0.004390539047611572,Non-Switch
3050,0.006311950720882228,Non-Switch
3051,0.005750256054971525,Non-Switch
3052,0.007556175331922736,Non-Switch
3053,0.007028034078111029,Non-Switch
3054,0.005808210177468912,Non-Switch
3055,0.006509975979013384,Non-Switch
3056,0.0053852269093585935,Non-Switch
3057,0.005858261831520599,Non-Switch
3058,0.00691807065529393,Non-Switch
3059,0.0065572994239043135,Non-Switch
306,0.004383032273624303,Non-Switch
3060,0.006168302883556297,Non-Switch
3061,0.005691623407171906,Non-Switch
3062,0.005127783660776027,Non-Switch
3063,0.0049140844681633085,Non-Switch
3064,0.005039794380642803,Non-Switch
3065,0.007528441114049418,Non-Switch
3066,0.005098964474226368,Non-Switch
3067,0.004929010009390727,Non-Switch
3068,0.005004945724204496,Non-Switch
3069,0.005065181304054736,Non-Switch
307,0.004985858673091259,Non-Switch
3070,0.00533878924230033,Non-Switch
3071,0.005082906266009283,Non-Switch
3072,0.0050552419160878785,Non-Switch
3073,0.004920021228654225,Non-Switch
3074,0.005144788781283703,Non-Switch
3075,0.005174368117714031,Non-Switch
3076,0.004876809244010485,Non-Switch
3077,0.0056806917599264385,Non-Switch
3078,0.005160753272392212,Non-Switch
3079,0.005110959592316819,Non-Switch
308,0.02284698419652034,Non-Switch
3080,0.004895903349099636,Non-Switch
3081,0.005204633705229736,Non-Switch
3082,0.005439211322934307,Non-Switch
3083,0.00528827404125999,Non-Switch
3084,0.005384143620200327,Non-Switch
3085,0.00719589451981097,Non-Switch
3086,0.004966209319326569,Non-Switch
3087,0.005084712755650573,Non-Switch
3088,0.006143280751470219,Non-Switch
3089,0.005394493818288287,Non-Switch
3090,0.004673211344907036,Non-Switch
3091,0.004687145970470303,Non-Switch
3092,0.006113615087810844,Non-Switch
3093,0.005707994005750909,Non-Switch
3094,0.005094302803857864,Non-Switch
3095,0.004858536759163541,Non-Switch
3096,0.005308440350688114,Non-Switch
3097,0.00460409749660962,Non-Switch
3098,0.004493647013550821,Non-Switch
3099,0.004465034407724366,Non-Switch
31,0.007710913363000399,Non-Switch
310,0.13490294411172649,Non-Switch
3100,0.004435775859246331,Non-Switch
3101,0.0044109247021002695,Non-Switch
3102,0.004369742583001771,Non-Switch
3103,0.004365947208056265,Non-Switch
3104,0.004364502486608295,Non-Switch
3105,0.00436285857431665,Non-Switch
3106,0.004358218737683118,Non-Switch
3107,0.004360345343469471,Non-Switch
3108,0.004364724854801403,Non-Switch
3109,0.004362175346363808,Non-Switch
311,0.15220359261984912,Non-Switch
3110,0.004361222051904533,Non-Switch
3111,0.00435594970876402,Non-Switch
3112,0.004356692055753095,Non-Switch
3113,0.0043552940249076055,Non-Switch
3114,0.004354838539605711,Non-Switch
3115,0.004354773374304407,Non-Switch
3116,0.004355312835510043,Non-Switch
3117,0.004356055854306349,Non-Switch
3118,0.004355306789244974,Non-Switch
3119,0.00435634540322245,Non-Switch
312,0.18521422209826424,Non-Switch
3120,0.004358184811418007,Non-Switch
3121,0.004355734058643212,Non-Switch
3122,0.004354938638882971,Non-Switch
3123,0.0043563749627405675,Non-Switch
3124,0.004356235898643972,Non-Switch
3125,0.0043566060644276644,Non-Switch
3126,0.0043545795579185715,Non-Switch
3127,0.004355003804184274,Non-Switch
3128,0.0043547512046658195,Non-Switch
3129,0.004355783436474612,Non-Switch
3130,0.004354763969003189,Non-Switch
3131,0.004354805621051444,Non-Switch
3132,0.004357234204187652,Non-Switch
3133,0.004360444099132271,Non-Switch
3134,0.004363832022992822,Non-Switch
3135,0.004361379590699952,Non-Switch
3136,0.0043633160750402335,Non-Switch
3137,0.004368261919866999,Non-Switch
3138,0.004367243460106421,Non-Switch
3139,0.004364681187331457,Non-Switch
314,0.7244062318900768,Non-Switch
3140,0.004364824954078663,Non-Switch
3141,0.0044543855913227,Non-Switch
3142,0.004415531284275919,Non-Switch
3143,0.0043927157030365545,Non-Switch
3144,0.004403977543535534,Non-Switch
3145,0.0043971597078625605,Non-Switch
3146,0.004477350649670725,Non-Switch
3147,0.004390721779178114,Non-Switch
3148,0.004397638706417502,Non-Switch
3149,0.004426554969111887,Non-Switch
315,0.481332918457943,Non-Switch
3150,0.004421633645249014,Non-Switch
3151,0.004386625770497214,Non-Switch
3152,0.0044044293338976635,Non-Switch
3153,0.004371096946377316,Non-Switch
3154,0.004378263450002624,Non-Switch
3155,0.004375355868311475,Non-Switch
3156,0.004371741209510821,Non-Switch
3157,0.004369944796977981,Non-Switch
3158,0.004368961943000589,Non-Switch
3159,0.004367185012877417,Non-Switch
316,0.10333665718200424,Non-Switch
3160,0.004364444039379291,Non-Switch
3161,0.004361214997928619,Non-Switch
3162,0.004355812660089113,Non-Switch
3163,0.004355915110691678,Non-Switch
3164,0.004355425699124673,Non-Switch
3165,0.00435565344177562,Non-Switch
3166,0.004356983620090887,Non-Switch
3167,0.004356378321776717,Non-Switch
3168,0.0043564344176804165,Non-Switch
3169,0.004357182475030947,Non-Switch
317,0.28314733487497856,Non-Switch
3170,0.004357644342501525,Non-Switch
3171,0.004358531463948652,Non-Switch
3172,0.004358652053346425,Non-Switch
3173,0.004359026585877113,Non-Switch
3174,0.004359280529010027,Non-Switch
3175,0.004357214721777984,Non-Switch
3176,0.004357979910212877,Non-Switch
3177,0.00435925365672083,Non-Switch
3178,0.004358898270696195,Non-Switch
3179,0.004358930517443232,Non-Switch
318,0.15503262123521688,Non-Switch
3180,0.004358189514068616,Non-Switch
3181,0.004362048374797351,Non-Switch
3182,0.004359991301059296,Non-Switch
3183,0.0043641195564872335,Non-Switch
3184,0.004359832082745802,Non-Switch
3185,0.004593608906232294,Non-Switch
3186,0.004372291419632137,Non-Switch
3187,0.004528378775531119,Non-Switch
3188,0.004373624285176323,Non-Switch
3189,0.004511441507553667,Non-Switch
319,0.10230881361803834,Non-Switch
3190,0.004372993458187416,Non-Switch
3191,0.0043682256422765825,Non-Switch
3192,0.004568371124025406,Non-Switch
3193,0.004550060346166357,Non-Switch
3194,0.0043852976076036365,Non-Switch
3195,0.00440407193245134,Non-Switch
3196,0.00436921017577205,Non-Switch
3197,0.004368886700590837,Non-Switch
3198,0.004374339088068972,Non-Switch
3199,0.004380872413380069,Non-Switch
32,0.005132630078132763,Non-Switch
320,0.15318230289024665,Non-Switch
3200,0.004386597218689941,Non-Switch
3201,0.004413314656320755,Non-Switch
3202,0.004402927844738764,Non-Switch
3203,0.004381241571452916,Non-Switch
3204,0.004377624897230573,Non-Switch
3205,0.004378848930003511,Non-Switch
3206,0.004395318620148929,Non-Switch
3207,0.0043872283815824635,Non-Switch
3208,0.004380447831210751,Non-Switch
3209,0.004386607631702006,Non-Switch
321,0.05792975470554279,Non-Switch
3210,0.0043743726784304686,Non-Switch
3211,0.004369340170471041,Non-Switch
3212,0.004366277065406162,Non-Switch
3213,0.004366679477936892,Non-Switch
3214,0.0043692273068564125,Non-Switch
3215,0.004361687614314876,Non-Switch
3216,0.004362418540581043,Non-Switch
3217,0.004361969773351448,Non-Switch
3218,0.004359983911179767,Non-Switch
3219,0.004360718196482084,Non-Switch
322,0.029818908262980146,Non-Switch
3220,0.00436120357720571,Non-Switch
3221,0.004357113278886263,Non-Switch
3222,0.004356311141053724,Non-Switch
3223,0.004355478771895837,Non-Switch
3224,0.004355375985389657,Non-Switch
3225,0.00435504344081084,Non-Switch
3226,0.004354963159846864,Non-Switch
3227,0.004354912438401004,Non-Switch
3228,0.004354793528521306,Non-Switch
3229,0.004354692757436816,Non-Switch
323,0.010410978503474111,Non-Switch
3230,0.0043547710229791025,Non-Switch
3231,0.004354928561774522,Non-Switch
3232,0.004354574855267962,Non-Switch
3233,0.004354584260569182,Non-Switch
3234,0.004355132119365192,Non-Switch
3235,0.004354995742497515,Non-Switch
3236,0.004354983985870991,Non-Switch
3237,0.004354710560328409,Non-Switch
3238,0.004355451227799409,Non-Switch
3239,0.004355535203703151,Non-Switch
324,0.00446328838073377,Non-Switch
3240,0.004355128760329042,Non-Switch
3241,0.004355240280329211,Non-Switch
3242,0.004355119019124208,Non-Switch
3243,0.00435489799454556,Non-Switch
3244,0.004355082069726562,Non-Switch
3245,0.004355684680811812,Non-Switch
3246,0.004355875809968727,Non-Switch
3247,0.004355183176714667,Non-Switch
3248,0.004355002460569814,Non-Switch
3249,0.004355194597437576,Non-Switch
325,0.018646790306787328,Non-Switch
3250,0.004355395467799325,Non-Switch
3251,0.004355057548762669,Non-Switch
3252,0.004355581558402016,Non-Switch
3253,0.004355623210450273,Non-Switch
3254,0.004355664526594913,Non-Switch
3255,0.004355639669727406,Non-Switch
3256,0.004356269489005468,Non-Switch
3257,0.004360331907324872,Non-Switch
3258,0.0043751963140943664,Non-Switch
3259,0.004375553379637075,Non-Switch
326,0.00974600288126245,Non-Switch
3260,0.004378291330002667,Non-Switch
3261,0.0043653805386578174,Non-Switch
3262,0.004418084823556894,Non-Switch
3263,0.0043796900326553865,Non-Switch
3264,0.004400433424494024,Non-Switch
3265,0.004383144801335316,Non-Switch
3266,0.004388848108813831,Non-Switch
3267,0.004375737118914462,Non-Switch
3268,0.004369591426375036,Non-Switch
3269,0.004363480667811567,Non-Switch
327,0.00619749357950411,Non-Switch
3270,0.004380697071693056,Non-Switch
3271,0.004374566158912689,Non-Switch
3272,0.004390939444720613,Non-Switch
3273,0.004396748225934227,Non-Switch
3274,0.010108219841810883,Non-Switch
3275,0.0070076883961525125,Non-Switch
3276,0.028014783383140087,Non-Switch
3277,0.005354868612445158,Non-Switch
3278,0.005476564812629418,Non-Switch
3279,0.005648850784456542,Non-Switch
328,0.6348255425438402,Non-Switch
3280,0.004960373329920142,Non-Switch
3281,0.008333127111412372,Non-Switch
3282,0.006762072985660144,Non-Switch
3283,0.007964932410131997,Non-Switch
3284,0.008549881011499595,Non-Switch
3285,0.010492294722392412,Non-Switch
3286,0.0100298306869934,Non-Switch
3287,0.006847662570368049,Non-Switch
3288,0.008576827871299432,Non-Switch
3289,0.008840737264470102,Non-Switch
329,0.013484353485476906,Non-Switch
3290,0.009645395045929398,Non-Switch
3291,0.022650843357669145,Non-Switch
3292,0.019871708521654027,Non-Switch
3293,0.015221833744493167,Non-Switch
3294,0.019241040079253348,Non-Switch
3295,0.02658329116314134,Non-Switch
3296,0.07351901460384529,Non-Switch
3297,0.06115254834897664,Non-Switch
3298,0.02395052162469723,Non-Switch
3299,0.03416849461366224,Non-Switch
33,0.004548681797730534,Non-Switch
330,0.7671384171846571,Non-Switch
3300,0.007323388080485935,Non-Switch
3301,0.004948507870625068,Non-Switch
3302,0.004834015123463762,Non-Switch
3303,0.004911565191051061,Non-Switch
3304,0.00509054538602085,Non-Switch
3305,0.004731954169092364,Non-Switch
3306,0.004675195527560643,Non-Switch
3307,0.004480395951844011,Non-Switch
3308,0.004444500619741469,Non-Switch
3309,0.004425477390315075,Non-Switch
331,0.47084335261651855,Non-Switch
3310,0.0044164862582532684,Non-Switch
3311,0.004411881019692079,Non-Switch
3312,0.004438930665998095,Non-Switch
3313,0.004432451085265392,Non-Switch
3314,0.004512961135507775,Non-Switch
3315,0.004475146450149315,Non-Switch
3316,0.004444232568656725,Non-Switch
3317,0.004470412224599978,Non-Switch
3318,0.0045443607336276065,Non-Switch
3319,0.004470646685323225,Non-Switch
332,0.052385807963654725,Non-Switch
3320,0.004604545927935601,Non-Switch
3321,0.004608047051314395,Non-Switch
3322,0.00451201052827742,Non-Switch
3323,0.004439537979733954,Non-Switch
3324,0.004410691920895098,Non-Switch
3325,0.004421509360911477,Non-Switch
3326,0.00440461710401843,Non-Switch
3327,0.004393143308338407,Non-Switch
3328,0.004394274295809999,Non-Switch
3329,0.004393136254362493,Non-Switch
333,0.022778967745333018,Non-Switch
3330,0.004415599472709758,Non-Switch
3331,0.004449969130593122,Non-Switch
3332,0.004441339430821019,Non-Switch
3333,0.0046344635193062,Non-Switch
3334,0.004657743655245063,Non-Switch
3335,0.0049827471979058255,Non-Switch
3336,0.004790212620264911,Non-Switch
3337,0.007781291888408163,Non-Switch
3338,0.006684745286265954,Non-Switch
3339,0.04629203268695826,Non-Switch
334,0.036992363749504126,Non-Switch
3340,0.046614242183349724,Non-Switch
3341,0.008298681539312024,Non-Switch
3342,0.006864946154972531,Non-Switch
3343,0.006130385411691658,Non-Switch
3344,0.005793148259373818,Non-Switch
3345,0.0047900268655658345,Non-Switch
3346,0.004615280063855467,Non-Switch
3347,0.005059947253926328,Non-Switch
3348,0.004732550062105315,Non-Switch
3349,0.0049910594687617845,Non-Switch
335,0.059199330634212045,Non-Switch
3350,0.004766585831795403,Non-Switch
3351,0.004705495377245074,Non-Switch
3352,0.0050375048616031915,Non-Switch
3353,0.004842551106127289,Non-Switch
3354,0.004714142544005155,Non-Switch
3355,0.0045852462498340895,Non-Switch
3356,0.006995873322399684,Non-Switch
3357,0.004603975563597387,Non-Switch
3358,0.004576366301868837,Non-Switch
3359,0.0045773760281354265,Non-Switch
336,0.02675825663810505,Non-Switch
3360,0.004568765810772992,Non-Switch
3361,0.004824728396220786,Non-Switch
3362,0.032932202702392784,Non-Switch
3363,0.41230355395053403,Non-Switch
3364,0.35524873948342445,Non-Switch
3365,0.3140209724272665,Non-Switch
3366,0.5041184269184666,Non-Switch
3367,0.23136200433681134,Non-Switch
3368,0.16146980287002366,Non-Switch
3369,0.07843449911827578,Non-Switch
337,0.018699453275541764,Non-Switch
3370,0.04387270705437949,Non-Switch
3371,0.22321288589748478,Non-Switch
3372,0.04684969718129659,Non-Switch
3373,0.02198992074847567,Non-Switch
3374,0.01634775713318588,Non-Switch
3375,0.0069565947690872,Non-Switch
3376,0.005558916622392661,Non-Switch
3377,0.005597678891848942,Non-Switch
3378,0.0054810219176964076,Non-Switch
3379,0.005342477128089047,Non-Switch
338,0.030406672408448392,Non-Switch
3380,0.00491711801371007,Non-Switch
3381,0.004699310383982698,Non-Switch
3382,0.004585930149594161,Non-Switch
3383,0.004542463550010276,Non-Switch
3384,0.005049161388849756,Non-Switch
3385,0.008548154466918667,Non-Switch
3386,0.006858770902914989,Non-Switch
3387,0.008020280592384474,Non-Switch
3388,0.014053738328748651,Non-Switch
3389,0.2377739905132667,Non-Switch
339,0.018890100074866568,Non-Switch
3390,0.0844395958406211,Non-Switch
3391,0.09460454980299983,Non-Switch
3392,0.016649542346172934,Non-Switch
3393,0.04393189058410765,Non-Switch
3394,0.007910346057278262,Non-Switch
3395,0.007925630343566465,Non-Switch
3396,0.0059035557467699016,Non-Switch
3397,0.0073666208911538035,Non-Switch
3398,0.04812872140684762,Non-Switch
3399,0.03692292844144719,Non-Switch
34,0.00477421420289129,Non-Switch
340,0.011672853505866644,Non-Switch
3400,0.013578608039836484,Non-Switch
3401,0.45862931673489277,Non-Switch
3402,0.06193504253811322,Non-Switch
3403,0.1100089820962032,Non-Switch
3404,0.03387390176887885,Non-Switch
3405,0.013938105524718148,Non-Switch
3406,0.008977172579375473,Non-Switch
3407,0.005196229396783276,Non-Switch
3408,0.00574640256870063,Non-Switch
3409,0.004900854232480626,Non-Switch
341,0.0072802983647580425,Non-Switch
3410,0.004834370509488397,Non-Switch
3411,0.004651944615236282,Non-Switch
3412,0.00466206673476968,Non-Switch
3413,0.005015245872653827,Non-Switch
3414,0.005239700699017771,Non-Switch
3415,0.005748170765329814,Non-Switch
3416,0.007784073170340085,Non-Switch
3417,0.005506025910987278,Non-Switch
3418,0.007016840426045888,Non-Switch
3419,0.006433162212150092,Non-Switch
342,0.00442027592283732,Non-Switch
3420,0.004930967991562367,Non-Switch
3421,0.004660148053320992,Non-Switch
3422,0.00507293463129539,Non-Switch
3423,0.004752590743581441,Non-Switch
3424,0.010831840876159531,Non-Switch
3425,0.006368240776871072,Non-Switch
3426,0.007625002654436586,Non-Switch
3427,0.005312403005633873,Non-Switch
3428,0.004824896012124654,Non-Switch
3429,0.005471265933103323,Non-Switch
343,0.0044638473243490745,Non-Switch
3430,0.005633168452384605,Non-Switch
3431,0.005333547802292394,Non-Switch
3432,0.005341471768569452,Non-Switch
3433,0.005230285992497492,Non-Switch
3434,0.005568885569877635,Non-Switch
3435,0.005079225434196481,Non-Switch
3436,0.005623650623454531,Non-Switch
3437,0.005488822271443158,Non-Switch
3438,0.005034193859670468,Non-Switch
3439,0.005139549692601071,Non-Switch
344,0.0043809557174765805,Non-Switch
3440,0.0048321374222561,Non-Switch
3441,0.004872895966896126,Non-Switch
3442,0.005347873419663482,Non-Switch
3443,0.005112040530149781,Non-Switch
3444,0.004894329976567134,Non-Switch
3445,0.00472174236329377,Non-Switch
3446,0.005461371220317257,Non-Switch
3447,0.0062491078571726205,Non-Switch
3448,0.00494263459591738,Non-Switch
3449,0.004661689850913689,Non-Switch
345,0.004419989061150139,Non-Switch
3450,0.005000028095281388,Non-Switch
3451,0.00827982659759673,Non-Switch
3452,0.1298206847960796,Non-Switch
3453,0.03692686791904352,Non-Switch
3454,0.13331870442547236,Non-Switch
3455,0.03935451589958669,Non-Switch
3456,0.09299773739381996,Non-Switch
3457,0.07696154295604557,Non-Switch
3458,0.1719210595759684,Non-Switch
3459,0.20412051138375775,Non-Switch
346,0.004374726049033413,Non-Switch
3460,0.46324644897128114,Non-Switch
3461,0.44200762348562944,Non-Switch
3462,0.2222106355017504,Non-Switch
3463,0.21629441081423845,Non-Switch
3464,0.28314484112654104,Non-Switch
3465,0.1737307470196723,Non-Switch
3466,0.07119865692515132,Non-Switch
3467,0.025304226629156514,Non-Switch
3468,0.011320520173284982,Non-Switch
3469,0.009263541831857259,Non-Switch
347,0.004405820646670854,Non-Switch
3470,0.010026938556868538,Non-Switch
3471,0.021370257852115753,Non-Switch
3472,0.010874460326826471,Non-Switch
3473,0.01647500817145084,Non-Switch
3474,0.006206841777108625,Non-Switch
3475,0.005910545900997353,Non-Switch
3476,0.004789741683396728,Non-Switch
3477,0.005091001879033589,Non-Switch
3478,0.00461425085517921,Non-Switch
3479,0.004978670335730978,Non-Switch
348,0.004380003766631765,Non-Switch
3480,0.005524042437279618,Non-Switch
3481,0.005600764838359638,Non-Switch
3482,0.005494322357234618,Non-Switch
3483,0.007100032330750162,Non-Switch
3484,0.006427214030936266,Non-Switch
3485,0.009531962410576926,Non-Switch
3486,0.0074148499321906826,Non-Switch
3487,0.009100355824863189,Non-Switch
3488,0.014305781590817017,Non-Switch
3489,0.012971764569038145,Non-Switch
349,0.004434096341171498,Non-Switch
3490,0.023126292083208298,Non-Switch
3491,0.07150437221043347,Non-Switch
3492,0.031983471157823774,Non-Switch
3493,0.018217060750474027,Non-Switch
3494,0.014458456501891554,Non-Switch
3495,0.008220938663049735,Non-Switch
3496,0.0074207248864164455,Non-Switch
3497,0.009630088590002608,Non-Switch
3498,0.006721956688731935,Non-Switch
3499,0.006274252929981777,Non-Switch
35,0.004533576883972724,Non-Switch
350,0.016560720025074593,Non-Switch
3500,0.016493568861599424,Non-Switch
3501,0.022105740314916092,Non-Switch
3502,0.024708403484157992,Non-Switch
3503,0.016100690619076857,Non-Switch
3504,0.009200430245255676,Non-Switch
3505,0.005809487954820244,Non-Switch
3506,0.005808307589517252,Non-Switch
3507,0.0061562553645019115,Non-Switch
3508,0.005584744587251045,Non-Switch
3509,0.005184705215561008,Non-Switch
351,0.01009634497721459,Non-Switch
3510,0.004933254487469442,Non-Switch
3511,0.005696266938745202,Non-Switch
3512,0.004937657512054422,Non-Switch
3513,0.004940928541456966,Non-Switch
3514,0.0048940531919884015,Non-Switch
3515,0.00566988372521128,Non-Switch
3516,0.0059377131135686075,Non-Switch
3517,0.007541871212383006,Non-Switch
3518,0.026808029492156313,Non-Switch
3519,0.010907538099406673,Non-Switch
352,0.01622033142504114,Non-Switch
3520,0.009490061121838785,Non-Switch
3521,0.013270364072140856,Non-Switch
3522,0.00925182081111662,Non-Switch
3523,0.29263800398236045,Non-Switch
3524,0.011611595435412446,Non-Switch
3525,0.16649869381932467,Non-Switch
3526,0.04950850059351506,Non-Switch
3527,0.020633790519916328,Non-Switch
3528,0.010237388217910072,Non-Switch
3529,0.052501240569130705,Non-Switch
353,0.04201820469398122,Non-Switch
3530,0.026985615015316763,Non-Switch
3531,0.036825392780576616,Non-Switch
3532,0.22591941986977554,Non-Switch
3533,0.2676512895734437,Non-Switch
3534,0.254939901363354,Non-Switch
3535,0.09852520604797224,Non-Switch
3536,0.08887460382420363,Non-Switch
3537,0.18913024556057906,Non-Switch
3538,0.05419303390566815,Non-Switch
3539,0.021195849977152886,Non-Switch
354,0.034389645492069375,Non-Switch
3540,0.014552322751672233,Non-Switch
3541,0.01912258837208605,Non-Switch
3542,0.047961737001775515,Non-Switch
3543,0.05260991210664464,Non-Switch
3544,0.03913621885829231,Non-Switch
3545,0.0819804965328014,Non-Switch
3546,0.32268115881146325,Non-Switch
3547,0.21788604575447967,Non-Switch
3548,0.09653755955628804,Non-Switch
3549,0.1145389406264355,Non-Switch
355,0.042345412436163396,Non-Switch
3550,0.1178953432917584,Non-Switch
3551,0.05535541627272932,Non-Switch
3552,0.17706907000882324,Non-Switch
3553,0.050763909451319485,Non-Switch
3554,0.09470824459255442,Non-Switch
3555,0.16209154165072406,Non-Switch
3556,0.30166670619169345,Non-Switch
3557,0.21093915053817824,Non-Switch
3558,0.16345041957085385,Non-Switch
3559,0.40637316219215724,Non-Switch
356,0.04914314494958838,Non-Switch
3560,0.42957637351596395,Non-Switch
3561,0.3311272697909985,Non-Switch
3562,0.31139359347003537,Non-Switch
3563,0.026986969378692306,Non-Switch
3564,0.061688021706895836,Non-Switch
3565,0.032685472091898725,Non-Switch
3566,0.038521152466999595,Non-Switch
3567,0.08197413317471948,Non-Switch
3568,0.13520383850832665,Non-Switch
3569,0.5033750319101121,Non-Switch
357,0.02325506678027075,Non-Switch
3570,0.4995017246387054,Non-Switch
3571,0.5106341186333923,Non-Switch
3572,0.5091915281579551,Non-Switch
3573,0.21637524266014396,Non-Switch
3574,0.461233693012571,Non-Switch
3575,0.5095341175984738,Non-Switch
3576,0.43341094169526384,Non-Switch
3577,0.49199313408468603,Non-Switch
3578,0.4119740351914809,Non-Switch
3579,0.38751638241228087,Non-Switch
358,0.03232850060220161,Non-Switch
3580,0.24381141997397424,Non-Switch
3581,0.35912361609652027,Non-Switch
3582,0.2666477063121651,Non-Switch
3583,0.16534672177709853,Non-Switch
3584,0.17253073807327704,Non-Switch
3585,0.37107699077293216,Non-Switch
3586,0.23679121715274254,Non-Switch
3587,0.09292837464094385,Non-Switch
3588,0.30568471536596986,Non-Switch
3589,0.27621138205483825,Non-Switch
359,0.048891754684147505,Non-Switch
3590,0.3103711996063187,Non-Switch
3591,0.27823351106802047,Non-Switch
3592,0.1709490136332918,Non-Switch
3593,0.16574133596950325,Non-Switch
3594,0.24217102795221343,Non-Switch
3595,0.5941843653141127,Non-Switch
3596,0.12146904603644645,Non-Switch
3597,0.08801313197711615,Non-Switch
3598,0.13326174592128973,Non-Switch
3599,0.04527311072300587,Non-Switch
36,0.004704319714592692,Non-Switch
360,0.017245909655027702,Non-Switch
3600,0.027890628032590657,Non-Switch
3601,0.03180109430549945,Non-Switch
3602,0.3353573120759574,Non-Switch
3603,0.03573025025554497,Non-Switch
3604,0.015785575407033476,Non-Switch
3605,0.019431967694000265,Non-Switch
3606,0.03875789733482793,Non-Switch
3607,0.05778334372508014,Non-Switch
3608,0.13394525872039692,Non-Switch
3609,0.06875092459566207,Non-Switch
361,0.008267355168180257,Non-Switch
3610,0.20802683932413016,Non-Switch
3611,0.24498788879503264,Non-Switch
3612,0.030212974260685234,Non-Switch
3613,0.22202786093954596,Non-Switch
3614,0.17696783672095912,Non-Switch
3615,0.09568775028271219,Non-Switch
3616,0.06305017804630768,Non-Switch
3617,0.05365959209281228,Non-Switch
3618,0.0870438700036004,Non-Switch
3619,0.08005213031108648,Non-Switch
362,0.004401399147387052,Non-Switch
3620,0.15418656333321298,Non-Switch
3621,0.14262471791040598,Non-Switch
3622,0.20904115000325627,Non-Switch
3623,0.3385677337174448,Non-Switch
3624,0.034051428173003065,Non-Switch
3625,0.017143304536800057,Non-Switch
3626,0.028601652681378063,Non-Switch
3627,0.0135884567338273,Non-Switch
3628,0.010396108050439546,Non-Switch
3629,0.00969919471251688,Non-Switch
363,0.004388006334354725,Non-Switch
3630,0.00884274999893098,Non-Switch
3631,0.008604273212063878,Non-Switch
3632,0.006731198068986891,Non-Switch
3633,0.0066862897710875694,Non-Switch
3634,0.011143155002895953,Non-Switch
3635,0.016402044531822296,Non-Switch
3636,0.009804013435567152,Non-Switch
3637,0.02277746558436689,Non-Switch
3638,0.010626593018499367,Non-Switch
3639,0.010673057893750443,Non-Switch
364,0.004371898412402626,Non-Switch
3640,0.015692324532675418,Non-Switch
3641,0.012730102072286701,Non-Switch
3642,0.0120714367353858,Non-Switch
3643,0.02930787256485699,Non-Switch
3644,0.029973222383695722,Non-Switch
3645,0.011682394512146149,Non-Switch
3646,0.007861114679854325,Non-Switch
3647,0.012127172550409949,Non-Switch
3648,0.006264668256232325,Non-Switch
3649,0.005173263330724406,Non-Switch
365,0.004370472837460708,Non-Switch
3650,0.005531949608375927,Non-Switch
3651,0.004731824846200603,Non-Switch
3652,0.004904104771762657,Non-Switch
3653,0.004528555124928976,Non-Switch
3654,0.004528622305651969,Non-Switch
3655,0.004630356089902391,Non-Switch
3656,0.006076169896428847,Non-Switch
3657,0.004855252293616399,Non-Switch
3658,0.004784505617846631,Non-Switch
3659,0.004680135662025954,Non-Switch
366,0.00436525289528413,Non-Switch
3660,0.004512382037675573,Non-Switch
3661,0.004504201105133066,Non-Switch
3662,0.004467617842427073,Non-Switch
3663,0.004514491848281177,Non-Switch
3664,0.004544079918205495,Non-Switch
3665,0.004632584810387692,Non-Switch
3666,0.004737966507896649,Non-Switch
3667,0.004740573455852403,Non-Switch
3668,0.004818524592355971,Non-Switch
3669,0.0045782144435583825,Non-Switch
367,0.004358848892864795,Non-Switch
3670,0.004437037513224144,Non-Switch
3671,0.004404034983053693,Non-Switch
3672,0.004402845212449482,Non-Switch
3673,0.004432962330567372,Non-Switch
3674,0.004516849555754626,Non-Switch
3675,0.004460099647716894,Non-Switch
3676,0.004582734362601371,Non-Switch
3677,0.004394839957497602,Non-Switch
3678,0.004456995562410989,Non-Switch
3679,0.004419948752716342,Non-Switch
368,0.004357227150211737,Non-Switch
3680,0.004389256903513245,Non-Switch
3681,0.004381181444705838,Non-Switch
3682,0.004414059690538751,Non-Switch
3683,0.004424220774891486,Non-Switch
3684,0.004400393451963842,Non-Switch
3685,0.0043801092403668645,Non-Switch
3686,0.004365717785887243,Non-Switch
3687,0.004356514026837163,Non-Switch
3688,0.004358499889008845,Non-Switch
3689,0.004371407993124775,Non-Switch
369,0.0043555432653899105,Non-Switch
3690,0.004394928300148339,Non-Switch
3691,0.0044130996780071775,Non-Switch
3692,0.004435407037077097,Non-Switch
3693,0.004413433902104069,Non-Switch
3694,0.004483031451607037,Non-Switch
3695,0.004588704713453784,Non-Switch
3696,0.004466073357605457,Non-Switch
3697,0.0044818665378703335,Non-Switch
3698,0.004413946491020507,Non-Switch
3699,0.004370836956979332,Non-Switch
37,0.004566139044503955,Non-Switch
370,0.004354627592135512,Non-Switch
3700,0.004368028802758213,Non-Switch
3701,0.004385697332905446,Non-Switch
3702,0.0044015197367848246,Non-Switch
3703,0.004616912555424204,Non-Switch
3704,0.004398140882321877,Non-Switch
3705,0.0045563565235252875,Non-Switch
3706,0.004569369429569086,Non-Switch
3707,0.004681384215762785,Non-Switch
3708,0.0047443785720027425,Non-Switch
3709,0.005008461963245965,Non-Switch
371,0.004354665885147618,Non-Switch
3710,0.004963580537635842,Non-Switch
3711,0.004954810430152683,Non-Switch
3712,0.004874559697501055,Non-Switch
3713,0.004852674905178762,Non-Switch
3714,0.004968342307281605,Non-Switch
3715,0.00487941283293009,Non-Switch
3716,0.004792146081472658,Non-Switch
3717,0.005008096500112882,Non-Switch
3718,0.004788383960985034,Non-Switch
3719,0.004563666457994187,Non-Switch
372,0.004354456281291879,Non-Switch
3720,0.00441347320282702,Non-Switch
3721,0.004488114345108709,Non-Switch
3722,0.0044044555343796315,Non-Switch
3723,0.0044420602799787375,Non-Switch
3724,0.004457863537352062,Non-Switch
3725,0.0044583123045816575,Non-Switch
3726,0.004574997158734234,Non-Switch
3727,0.004598064331781208,Non-Switch
3728,0.004692499602285638,Non-Switch
3729,0.004843624318177107,Non-Switch
373,0.0043545348827377815,Non-Switch
3730,0.005240239824319791,Non-Switch
3731,0.005323293672638315,Non-Switch
3732,0.004876691341841631,Non-Switch
3733,0.005011901280359606,Non-Switch
3734,0.005568575194937406,Non-Switch
3735,0.005739979419775242,Non-Switch
3736,0.005408735459755633,Non-Switch
3737,0.0047141502697883,Non-Switch
3738,0.005170078964454525,Non-Switch
3739,0.005089837973007731,Non-Switch
374,0.004354383726111046,Non-Switch
3740,0.004716234551719166,Non-Switch
3741,0.00461654910771281,Non-Switch
3742,0.0047491510905641856,Non-Switch
3743,0.004771425866983454,Non-Switch
3744,0.004546420830498195,Non-Switch
3745,0.004537205986628822,Non-Switch
3746,0.00461310038529795,Non-Switch
3747,0.004806483791373884,Non-Switch
3748,0.004878018497024364,Non-Switch
3749,0.004852325901322813,Non-Switch
375,0.004354385741532736,Non-Switch
3750,0.004649887877401843,Non-Switch
3751,0.0046419447646187315,Non-Switch
3752,0.004621937001696872,Non-Switch
3753,0.005023865831221095,Non-Switch
3754,0.004892464703793225,Non-Switch
3755,0.005031508982076041,Non-Switch
3756,0.0049242186802268455,Non-Switch
3757,0.005365571845232448,Non-Switch
3758,0.004856594564461805,Non-Switch
3759,0.004944803861462833,Non-Switch
376,0.004356142853342625,Non-Switch
3760,0.005423400003874223,Non-Switch
3761,0.00494848771640817,Non-Switch
3762,0.004928045294208544,Non-Switch
3763,0.0051675761466194094,Non-Switch
3764,0.00518508142760977,Non-Switch
3765,0.005221686188147121,Non-Switch
3766,0.005620692320317522,Non-Switch
3767,0.006462879604966171,Non-Switch
3768,0.005552478021900985,Non-Switch
3769,0.005460949997184089,Non-Switch
377,0.004355455930450019,Non-Switch
3770,0.005935351039348163,Non-Switch
3771,0.0073519466058303805,Non-Switch
3772,0.005852757714885759,Non-Switch
3773,0.005738483305074182,Non-Switch
3774,0.006055951186036788,Non-Switch
3775,0.006143972712917049,Non-Switch
3776,0.007874889415296868,Non-Switch
3777,0.006264181867797853,Non-Switch
3778,0.006284831878431529,Non-Switch
3779,0.007327294639527995,Non-Switch
378,0.004355277901534087,Non-Switch
3780,0.007154325103844414,Non-Switch
3781,0.006438531967338945,Non-Switch
3782,0.005595861317388358,Non-Switch
3783,0.0064820106594529695,Non-Switch
3784,0.006550243432568328,Non-Switch
3785,0.006333779753204437,Non-Switch
3786,0.0060053331984902675,Non-Switch
3787,0.005079479377329396,Non-Switch
3788,0.005129233756681837,Non-Switch
3789,0.004968752445595479,Non-Switch
379,0.004355238264907521,Non-Switch
3790,0.004531187265655853,Non-Switch
3791,0.00441788025825538,Non-Switch
3792,0.004397688756056133,Non-Switch
3793,0.00439946669389015,Non-Switch
3794,0.004396246721837082,Non-Switch
3795,0.004377477099639988,Non-Switch
3796,0.004365001639380135,Non-Switch
3797,0.0043745130861415245,Non-Switch
3798,0.004358316485635073,Non-Switch
3799,0.004357996033586395,Non-Switch
38,0.005137205085368606,Non-Switch
380,0.004355981955511057,Non-Switch
3800,0.004357607057200264,Non-Switch
3801,0.004358276513104892,Non-Switch
3802,0.004356618828765033,Non-Switch
3803,0.004357108576235654,Non-Switch
3804,0.004356467672138298,Non-Switch
3805,0.004356756549247169,Non-Switch
3806,0.0043569822764764265,Non-Switch
3807,0.004357296682260035,Non-Switch
3808,0.0043562842687645265,Non-Switch
3809,0.004356473718403368,Non-Switch
381,0.004367725145890283,Non-Switch
3810,0.004358471673105188,Non-Switch
3811,0.004359913371420623,Non-Switch
3812,0.004359831746842187,Non-Switch
3813,0.0043591884914195266,Non-Switch
3814,0.004360981544916217,Non-Switch
3815,0.004370627353123593,Non-Switch
3816,0.004377633294820948,Non-Switch
3817,0.004385339931459122,Non-Switch
3818,0.004397822109791274,Non-Switch
3819,0.004403845869318467,Non-Switch
382,0.004358867703467233,Non-Switch
3820,0.004401103216302266,Non-Switch
3821,0.004365111815765844,Non-Switch
3822,0.004364427580102158,Non-Switch
3823,0.004360724242747153,Non-Switch
3824,0.004368989151193402,Non-Switch
3825,0.0043613587646758245,Non-Switch
3826,0.004362998310220475,Non-Switch
3827,0.004362965727569824,Non-Switch
3828,0.0043676495675769155,Non-Switch
3829,0.004396374029307154,Non-Switch
383,0.004362440710219631,Non-Switch
3830,0.004391138299660672,Non-Switch
3831,0.0044018086138936955,Non-Switch
3832,0.004390640826406907,Non-Switch
3833,0.004408992584506982,Non-Switch
3834,0.004422731042359109,Non-Switch
3835,0.004454828648190841,Non-Switch
3836,0.004425977886701375,Non-Switch
3837,0.004407305340649007,Non-Switch
3838,0.004406657382575736,Non-Switch
3839,0.004396249073162386,Non-Switch
384,0.00440511289775412,Non-Switch
3840,0.004389212900139685,Non-Switch
3841,0.004412843719452573,Non-Switch
3842,0.004403591926185553,Non-Switch
3843,0.004406184766189479,Non-Switch
3844,0.00441857356331667,Non-Switch
3845,0.004482275668473363,Non-Switch
3846,0.004628716880261354,Non-Switch
3847,0.005056495508378934,Non-Switch
3848,0.00596739221337258,Non-Switch
3849,0.008928562623639223,Non-Switch
385,0.0043650305270910225,Non-Switch
3850,0.0072969759792411255,Non-Switch
3851,0.005632898385878171,Non-Switch
3852,0.006173626284046285,Non-Switch
3853,0.010240078134058724,Non-Switch
3854,0.01417169021133688,Non-Switch
3855,0.014197754988243815,Non-Switch
3856,0.011460868765304713,Non-Switch
3857,0.015538088341598515,Non-Switch
3858,0.00685715251929808,Non-Switch
3859,0.009352945938016721,Non-Switch
386,0.004373709604694524,Non-Switch
3860,0.009807601557982224,Non-Switch
3861,0.005337410693864508,Non-Switch
3862,0.01046969982982808,Non-Switch
3863,0.012316067276479088,Non-Switch
3864,0.0068108273799508305,Non-Switch
3865,0.00615696748016564,Non-Switch
3866,0.006472934543776576,Non-Switch
3867,0.009717438981460167,Non-Switch
3868,0.009614026350942143,Non-Switch
3869,0.012581694480736696,Non-Switch
387,0.004359651702504565,Non-Switch
3870,0.01487556145673996,Non-Switch
3871,0.026075493575866457,Non-Switch
3872,0.02824963644180893,Non-Switch
3873,0.05179670289095553,Non-Switch
3874,0.04731444804850629,Non-Switch
3875,0.08798638867490698,Non-Switch
3876,0.09780154604880426,Non-Switch
3877,0.1780082780141007,Non-Switch
3878,0.09771226555517509,Non-Switch
3879,0.29168760635586116,Non-Switch
388,0.00438606010880961,Non-Switch
3880,0.21086569244842845,Non-Switch
3881,0.5181092155661561,Non-Switch
3882,0.4864930859144307,Non-Switch
3883,0.4091257445192165,Non-Switch
3884,0.4634996504290139,Non-Switch
3885,0.2820204615508627,Non-Switch
3886,0.179986949161193,Non-Switch
3887,0.11377783140504215,Non-Switch
3888,0.08060188360348512,Non-Switch
3889,0.05895832919577485,Non-Switch
389,0.00438375849723986,Non-Switch
3890,0.04606257558396023,Non-Switch
3891,0.028826044357862395,Non-Switch
3892,0.01439188443624859,Non-Switch
3893,0.026461358150908526,Non-Switch
3894,0.029070429017509523,Non-Switch
3895,0.05134229248062895,Non-Switch
3896,0.08741543852078948,Non-Switch
3897,0.08015707734931767,Non-Switch
3898,0.059193284369142646,Non-Switch
3899,0.0891457129754575,Non-Switch
39,0.004479324755215883,Non-Switch
390,0.004387762804233875,Non-Switch
3900,0.07641113397979052,Non-Switch
3901,0.02310857249571159,Non-Switch
3902,0.06410760800067981,Non-Switch
3903,0.20024277555909129,Non-Switch
3904,0.04394958867377301,Non-Switch
3905,0.04639545337916304,Non-Switch
3906,0.11035297964467586,Non-Switch
3907,0.045674749331806756,Non-Switch
3908,0.09208161805942082,Non-Switch
3909,0.2957725382791546,Non-Switch
391,0.004370580998424727,Non-Switch
3910,0.11071937793342339,Non-Switch
3911,0.36595435852999525,Non-Switch
3912,0.43941012651398575,Non-Switch
3913,0.2881778919062098,Non-Switch
3914,0.14918922045142963,Non-Switch
3915,0.1561812288668355,Non-Switch
3916,0.0673356363660493,Non-Switch
3917,0.02736667751227927,Non-Switch
3918,0.06505845170717972,Non-Switch
3919,0.022631895706556118,Non-Switch
392,0.004367775531432528,Non-Switch
3920,0.021369700252114907,Non-Switch
3921,0.012221828845493029,Non-Switch
3922,0.00876012845856492,Non-Switch
3923,0.007293279024054805,Non-Switch
3924,0.0069089112355210265,Non-Switch
3925,0.005874103717809645,Non-Switch
3926,0.005528472670057409,Non-Switch
3927,0.00584334703920886,Non-Switch
3928,0.005267727824843338,Non-Switch
3929,0.004946399067730309,Non-Switch
393,0.0044574013339778685,Non-Switch
3930,0.004759479454917173,Non-Switch
3931,0.0051577469350382625,Non-Switch
3932,0.005403630060711759,Non-Switch
3933,0.005533961671029576,Non-Switch
3934,0.005716376816366012,Non-Switch
3935,0.00488906703872784,Non-Switch
3936,0.004967880103907411,Non-Switch
3937,0.005926252754033183,Non-Switch
3938,0.006030234405274958,Non-Switch
3939,0.006004052733910015,Non-Switch
394,0.004365599547814776,Non-Switch
3940,0.005928497261988388,Non-Switch
3941,0.0056278400133403916,Non-Switch
3942,0.0065262189342187,Non-Switch
3943,0.005050573527647075,Non-Switch
3944,0.005418073244348085,Non-Switch
3945,0.006260740871166137,Non-Switch
3946,0.0071807177226795565,Non-Switch
3947,0.010614972768843219,Non-Switch
3948,0.010308331061390981,Non-Switch
3949,0.012239795658050352,Non-Switch
395,0.00436114479407309,Non-Switch
3950,0.009235923836634718,Non-Switch
3951,0.009494563573893795,Non-Switch
3952,0.012336509026871485,Non-Switch
3953,0.015564016069830544,Non-Switch
3954,0.013149848573163203,Non-Switch
3955,0.011416016227405477,Non-Switch
3956,0.00925572065208638,Non-Switch
3957,0.01172500187028295,Non-Switch
3958,0.007921031823077575,Non-Switch
3959,0.014307318685759102,Non-Switch
396,0.004361367498169813,Non-Switch
3960,0.007987386223178043,Non-Switch
3961,0.0068730179188401744,Non-Switch
3962,0.006524532026264338,Non-Switch
3963,0.010276785681102255,Non-Switch
3964,0.008002372898863384,Non-Switch
3965,0.006000761550290575,Non-Switch
3966,0.00725331455556056,Non-Switch
3967,0.007031469700284905,Non-Switch
3968,0.007159461741924481,Non-Switch
3969,0.007428615262332006,Non-Switch
397,0.004361371864916808,Non-Switch
3970,0.00817788589671949,Non-Switch
3971,0.007359128896925592,Non-Switch
3972,0.00798320691040063,Non-Switch
3973,0.006704156484367634,Non-Switch
3974,0.006937255454359123,Non-Switch
3975,0.008431567696621662,Non-Switch
3976,0.007108069160641849,Non-Switch
3977,0.005731270782653623,Non-Switch
3978,0.005379286789831527,Non-Switch
3979,0.005809905147110033,Non-Switch
398,0.0043561720769571275,Non-Switch
3980,0.006003957337283365,Non-Switch
3981,0.005929791162713239,Non-Switch
3982,0.006355712915647284,Non-Switch
3983,0.0064010303441496335,Non-Switch
3984,0.006372485254949788,Non-Switch
3985,0.006999734198550107,Non-Switch
3986,0.006440194690233029,Non-Switch
3987,0.006670946365763133,Non-Switch
3988,0.007399073883010169,Non-Switch
3989,0.008173517806110467,Non-Switch
399,0.004398031713647013,Non-Switch
3990,0.009285253297914228,Non-Switch
3991,0.007263877380636794,Non-Switch
3992,0.007749732400167608,Non-Switch
3993,0.009444423241287758,Non-Switch
3994,0.011752034049600988,Non-Switch
3995,0.007000094287225351,Non-Switch
3996,0.007437331961140385,Non-Switch
3997,0.008904200206252938,Non-Switch
3998,0.010847247431363581,Non-Switch
3999,0.011281079714430086,Non-Switch
4,0.12999889106912052,Non-Switch
40,0.004366772523238238,Non-Switch
400,0.004355664190691298,Non-Switch
4000,0.01928815929474638,Non-Switch
4001,0.0203623589011921,Non-Switch
4002,0.060465133693477995,Non-Switch
4003,0.0841135274835009,Non-Switch
4004,0.13384862596844338,Non-Switch
4005,0.17412805918991242,Non-Switch
4006,0.38066012205298416,Non-Switch
4007,0.10875624971840282,Non-Switch
4008,0.467681881537033,Non-Switch
4009,0.32032390010524353,Non-Switch
401,0.00848860144321404,Non-Switch
4010,0.42653787003184523,Non-Switch
4011,0.43377137433580953,Non-Switch
4012,0.11979756815054217,Non-Switch
4013,0.272547764630496,Non-Switch
4014,0.2936735975145308,Non-Switch
4015,0.20522186678205181,Non-Switch
4016,0.09924330885773422,Non-Switch
4017,0.04471364041083347,Non-Switch
4018,0.038168493979718644,Non-Switch
4019,0.02602332908807663,Non-Switch
402,0.004484857423657994,Non-Switch
4020,0.038785333942098384,Non-Switch
4021,0.02413289578979264,Non-Switch
4022,0.05271189244414845,Non-Switch
4023,0.061904402753970446,Non-Switch
4024,0.11022738931388329,Non-Switch
4025,0.18389462071602528,Non-Switch
4026,0.25903493726738563,Non-Switch
4027,0.3663267869604387,Non-Switch
4028,0.2737046704250188,Non-Switch
4029,0.14201333033550437,Non-Switch
403,0.005190068252677562,Non-Switch
4030,0.1385582741220803,Non-Switch
4031,0.03023433504336818,Non-Switch
4032,0.03857800885648327,Non-Switch
4033,0.1265194240681896,Non-Switch
4034,0.026687171371491396,Non-Switch
4035,0.01843782063707334,Non-Switch
4036,0.06014221476865171,Non-Switch
4037,0.027231348663881598,Non-Switch
4038,0.022524018245187963,Non-Switch
4039,0.017132344673650934,Non-Switch
404,0.004501479278140993,Non-Switch
4040,0.012579395556395865,Non-Switch
4041,0.012211016779934488,Non-Switch
4042,0.01993320038102424,Non-Switch
4043,0.017042671844599497,Non-Switch
4044,0.01733445787877623,Non-Switch
4045,0.010607936931724132,Non-Switch
4046,0.4942824381459836,Non-Switch
4047,0.4588473477405241,Non-Switch
4048,0.2052774171782805,Non-Switch
4049,0.11477455685811755,Non-Switch
405,0.011490168965831004,Non-Switch
4050,0.019409427217821556,Non-Switch
4051,0.023524894123329896,Non-Switch
4052,0.04860314629816836,Non-Switch
4053,0.021642818106986268,Non-Switch
4054,0.0246657087910813,Non-Switch
4055,0.016108498362703137,Non-Switch
4056,0.02872905151723361,Non-Switch
4057,0.02641862852385588,Non-Switch
4058,0.01614280487070689,Non-Switch
4059,0.06540754961614204,Non-Switch
406,0.009385026076860474,Non-Switch
4060,0.013436162065644902,Non-Switch
4061,0.012871951481658102,Non-Switch
4062,0.011906897708630649,Non-Switch
4063,0.01606684765806176,Non-Switch
4064,0.009066082907220935,Non-Switch
4065,0.010170206151302328,Non-Switch
4066,0.013394003474737697,Non-Switch
4067,0.014073209989501024,Non-Switch
4068,0.022569831467426003,Non-Switch
4069,0.024839223162428356,Non-Switch
407,0.009624499825656796,Non-Switch
4070,0.023862606243359296,Non-Switch
4071,0.02735090885297829,Non-Switch
4072,0.016361002484531238,Non-Switch
4073,0.009804212962314443,Non-Switch
4074,0.012228240573695507,Non-Switch
4075,0.02579335066266818,Non-Switch
4076,0.021895038726163336,Non-Switch
4077,0.028285193854874817,Non-Switch
4078,0.0066137238413391435,Non-Switch
4079,0.004869219837733934,Non-Switch
408,0.0074378895611412294,Non-Switch
4080,0.005037317091482425,Non-Switch
4081,0.005050016935357076,Non-Switch
4082,0.004855915367352344,Non-Switch
4083,0.004925023505288306,Non-Switch
4084,0.005643304343966216,Non-Switch
4085,0.005149093050205882,Non-Switch
4086,0.005136749600066711,Non-Switch
4087,0.005010457902526095,Non-Switch
4088,0.004823119082001482,Non-Switch
4089,0.004819885001996585,Non-Switch
409,0.006530892697117343,Non-Switch
4090,0.004487391480529301,Non-Switch
4091,0.004614393950119186,Non-Switch
4092,0.004478785629913861,Non-Switch
4093,0.004417476502110189,Non-Switch
4094,0.004392394579180647,Non-Switch
4095,0.004386837053871028,Non-Switch
4096,0.004385262337724065,Non-Switch
4097,0.004390821878455374,Non-Switch
4098,0.0043764539372288,Non-Switch
4099,0.004374420376743794,Non-Switch
41,0.004585898910557969,Non-Switch
410,0.008032680138427345,Non-Switch
4100,0.004361105829253755,Non-Switch
4101,0.0043929894644827525,Non-Switch
4102,0.004366473904924533,Non-Switch
4103,0.004355577191655022,Non-Switch
4104,0.0043556124615345936,Non-Switch
4105,0.004355034035509621,Non-Switch
4106,0.004355719278884153,Non-Switch
4107,0.004356385039849016,Non-Switch
4108,0.004380378635066068,Non-Switch
4109,0.004379587917956437,Non-Switch
411,0.015447960027245184,Non-Switch
4110,0.004370798663967225,Non-Switch
4111,0.004370914550714389,Non-Switch
4112,0.0043580847121407465,Non-Switch
4113,0.004358029623947892,Non-Switch
4114,0.004368035184926897,Non-Switch
4115,0.004380715210488264,Non-Switch
4116,0.004394051255809661,Non-Switch
4117,0.004444799573958789,Non-Switch
4118,0.0044639595161564734,Non-Switch
4119,0.004406016142574765,Non-Switch
412,0.03832562969079994,Non-Switch
4120,0.004381644991694492,Non-Switch
4121,0.0043778647324116595,Non-Switch
4122,0.004379484795546642,Non-Switch
4123,0.004377450227350791,Non-Switch
4124,0.004369827230712743,Non-Switch
4125,0.004425155258748322,Non-Switch
4126,0.004542116225672401,Non-Switch
4127,0.0044571487344594145,Non-Switch
4128,0.004422462655370751,Non-Switch
4129,0.004427551931041108,Non-Switch
413,0.025837200864180357,Non-Switch
4130,0.004399299413889897,Non-Switch
4131,0.004494371557648303,Non-Switch
4132,0.005490050335059476,Non-Switch
4133,0.004928702993486647,Non-Switch
4134,0.006468553688830184,Non-Switch
4135,0.008505164178660806,Non-Switch
4136,0.004372562829753029,Non-Switch
4137,0.004389472553634054,Non-Switch
4138,0.0043557065145467845,Non-Switch
4139,0.004356399147800845,Non-Switch
414,0.032804744747501,Non-Switch
4140,0.004355854312137369,Non-Switch
4141,0.004355395467799325,Non-Switch
4142,0.004355115324184444,Non-Switch
4143,0.004354954762256489,Non-Switch
4144,0.004356112957920893,Non-Switch
4145,0.004355717263462463,Non-Switch
4146,0.004355794521293905,Non-Switch
4147,0.004371035811919392,Non-Switch
4148,0.004359620463468373,Non-Switch
4149,0.004832558645389268,Non-Switch
415,0.007679257806325963,Non-Switch
4150,0.005586182254723101,Non-Switch
4151,0.005021057676999976,Non-Switch
4152,0.005265589798334077,Non-Switch
4153,0.0057276618342144234,Non-Switch
4154,0.00478102028193774,Non-Switch
4155,0.0043976417295500374,Non-Switch
4156,0.004398440172442813,Non-Switch
4157,0.004443707551306532,Non-Switch
4158,0.004492424660295958,Non-Switch
4159,0.0045320364299944885,Non-Switch
416,0.0058155073476004425,Non-Switch
4160,0.0045494073495388615,Non-Switch
4161,0.0043781734278338135,Non-Switch
4162,0.004422406223563437,Non-Switch
4163,0.004393075119904569,Non-Switch
4164,0.004539083687836484,Non-Switch
4165,0.004477456795213054,Non-Switch
4166,0.004615204149638485,Non-Switch
4167,0.004417307206688247,Non-Switch
4168,0.004459634421210165,Non-Switch
4169,0.004385270063507209,Non-Switch
417,0.005337559499165938,Non-Switch
4170,0.004455003653974238,Non-Switch
4171,0.004393352240386916,Non-Switch
4172,0.0044006037276268116,Non-Switch
4173,0.0043810712683201285,Non-Switch
4174,0.0043740297208395874,Non-Switch
4175,0.0043682041444452245,Non-Switch
4176,0.004391895090505192,Non-Switch
4177,0.004369268958904668,Non-Switch
4178,0.004361079292868172,Non-Switch
4179,0.004369537009989412,Non-Switch
418,0.005447427525356386,Non-Switch
4180,0.004362939527087857,Non-Switch
4181,0.004371891022523096,Non-Switch
4182,0.004379095483256897,Non-Switch
4183,0.004365269690464879,Non-Switch
4184,0.004368104045167965,Non-Switch
4185,0.004360101477445005,Non-Switch
4186,0.004358882147322677,Non-Switch
4187,0.004360040678890696,Non-Switch
4188,0.004357064236958479,Non-Switch
4189,0.004357130409970627,Non-Switch
419,0.005710202236115699,Non-Switch
4190,0.004361618418170193,Non-Switch
4191,0.004360726929976072,Non-Switch
4192,0.004363306669739014,Non-Switch
4193,0.004373135881320162,Non-Switch
4194,0.004363226052871423,Non-Switch
4195,0.00439086823315424,Non-Switch
4196,0.004381270123260189,Non-Switch
4197,0.004410742306437343,Non-Switch
4198,0.004405146824019233,Non-Switch
4199,0.004417357256326877,Non-Switch
42,0.004403793132450918,Non-Switch
420,0.005471160795271839,Non-Switch
4200,0.00445884672723307,Non-Switch
4201,0.004479822228469647,Non-Switch
4202,0.0045360185673499155,Non-Switch
4203,0.004484550407753915,Non-Switch
4204,0.0045517637133978515,Non-Switch
4205,0.004463363287239908,Non-Switch
4206,0.004585333248870366,Non-Switch
4207,0.00439556147846255,Non-Switch
4208,0.004583816644048793,Non-Switch
4209,0.004647446529928267,Non-Switch
421,0.0051671005071006176,Non-Switch
4210,0.004464876533025332,Non-Switch
4211,0.00445739192867665,Non-Switch
4212,0.0045409214165139655,Non-Switch
4213,0.004419952111752492,Non-Switch
4214,0.004454100073249979,Non-Switch
4215,0.00445848764626867,Non-Switch
4216,0.0044197767700654795,Non-Switch
4217,0.004534435117708964,Non-Switch
4218,0.004551815442554556,Non-Switch
4219,0.005184155005439692,Non-Switch
422,0.005442940524867664,Non-Switch
4220,0.004834988572139935,Non-Switch
4221,0.006127639063735692,Non-Switch
4222,0.006126547376987051,Non-Switch
4223,0.00441397705824947,Non-Switch
4224,0.004401418293893105,Non-Switch
4225,0.004397112681356465,Non-Switch
4226,0.004381734006152458,Non-Switch
4227,0.0043683378340839815,Non-Switch
4228,0.004372673677945968,Non-Switch
4229,0.004376119713131909,Non-Switch
423,0.004845545686854715,Non-Switch
4230,0.004372965914090989,Non-Switch
4231,0.004370221245653098,Non-Switch
4232,0.004382389690008872,Non-Switch
4233,0.004382543869768141,Non-Switch
4234,0.004397148958946882,Non-Switch
4235,0.004429829021646965,Non-Switch
4236,0.004518537135516218,Non-Switch
4237,0.004729720745956453,Non-Switch
4238,0.005058140092477809,Non-Switch
4239,0.0058788661592626395,Non-Switch
424,0.004917546290819153,Non-Switch
4240,0.005926989054757189,Non-Switch
4241,0.006915853691435153,Non-Switch
4242,0.010913122832909105,Non-Switch
4243,0.013773903745192422,Non-Switch
4244,0.007886680975796648,Non-Switch
4245,0.011087546831245491,Non-Switch
4246,0.0066697740621469,Non-Switch
4247,0.006583728992137101,Non-Switch
4248,0.005715170922388282,Non-Switch
4249,0.00591457472895526,Non-Switch
425,0.004825658177427013,Non-Switch
4250,0.006436143692636534,Non-Switch
4251,0.005384381104056108,Non-Switch
4252,0.0055953510797972245,Non-Switch
4253,0.005252223185783719,Non-Switch
4254,0.004737823077053058,Non-Switch
4255,0.00478632420001806,Non-Switch
4256,0.0048188158207901465,Non-Switch
4257,0.0048301233441807616,Non-Switch
4258,0.0046546251260837146,Non-Switch
4259,0.00464731552751843,Non-Switch
426,0.004868108668575625,Non-Switch
4260,0.004469874107008802,Non-Switch
4261,0.0045010657807909695,Non-Switch
4262,0.004468861021706063,Non-Switch
4263,0.004466380709413151,Non-Switch
4264,0.004609366144810369,Non-Switch
4265,0.004511925208759218,Non-Switch
4266,0.004553130505207149,Non-Switch
4267,0.004555854011717297,Non-Switch
4268,0.004605341347695841,Non-Switch
4269,0.004849035053606986,Non-Switch
427,0.00506933508815741,Non-Switch
4270,0.004558469357263426,Non-Switch
4271,0.0044826538959438144,Non-Switch
4272,0.004503489997180182,Non-Switch
4273,0.004510722673817639,Non-Switch
4274,0.004493336974514207,Non-Switch
4275,0.004455833335903206,Non-Switch
4276,0.004462728765311236,Non-Switch
4277,0.004441715306966167,Non-Switch
4278,0.004421684030791259,Non-Switch
4279,0.004413217916079645,Non-Switch
428,0.004857963707596408,Non-Switch
4280,0.004400553677988181,Non-Switch
4281,0.004427325196101005,Non-Switch
4282,0.0045355153837346954,Non-Switch
4283,0.00445789242506295,Non-Switch
4284,0.004520755442989456,Non-Switch
4285,0.005048396872222093,Non-Switch
4286,0.00883064739168374,Non-Switch
4287,0.034375731020723006,Non-Switch
4288,0.041177857153431745,Non-Switch
4289,0.04677399256816992,Non-Switch
429,0.005182845317244939,Non-Switch
4290,0.013590988103469686,Non-Switch
4291,0.009414441156423084,Non-Switch
4292,0.0050229578837498404,Non-Switch
4293,0.004735536917049596,Non-Switch
4294,0.005068697207192589,Non-Switch
4295,0.005132247148011701,Non-Switch
4296,0.004930751669634328,Non-Switch
4297,0.0049605328841372505,Non-Switch
4298,0.005552259012744027,Non-Switch
4299,0.0051786361090457944,Non-Switch
43,0.0045601999326877335,Non-Switch
430,0.004646577547276349,Non-Switch
4300,0.005214403125967419,Non-Switch
4301,0.0047531416255099865,Non-Switch
4302,0.004524847084923362,Non-Switch
4303,0.0045957412223801,Non-Switch
4304,0.004544849809290997,Non-Switch
4305,0.004542035272901194,Non-Switch
4306,0.004539701750488022,Non-Switch
4307,0.004673059516473072,Non-Switch
4308,0.004499758108017905,Non-Switch
4309,0.00445399459951488,Non-Switch
431,0.0046254599588106396,Non-Switch
4310,0.004418156371026881,Non-Switch
4311,0.008930770182196781,Non-Switch
4312,0.004531142926378678,Non-Switch
4313,0.004503440283445167,Non-Switch
4314,0.004514955059366216,Non-Switch
4315,0.00657974786249252,Non-Switch
4316,0.004724069839441873,Non-Switch
4317,0.004594340504305691,Non-Switch
4318,0.005699730105015506,Non-Switch
4319,0.004655397032590907,Non-Switch
432,0.006404014511864995,Non-Switch
4320,0.00450890812248959,Non-Switch
4321,0.004471386345083381,Non-Switch
4322,0.005527998038249462,Non-Switch
4323,0.004525405020827821,Non-Switch
4324,0.0044982223566902785,Non-Switch
4325,0.004524199126850092,Non-Switch
4326,0.004801007554739087,Non-Switch
4327,0.004650409535715886,Non-Switch
4328,0.004499937144644682,Non-Switch
4329,0.004653900246082617,Non-Switch
433,0.004875301708586515,Non-Switch
4330,0.004545049336038287,Non-Switch
4331,0.004440168806722862,Non-Switch
4332,0.004446548288178304,Non-Switch
4333,0.004462177883382691,Non-Switch
4334,0.004792385916653744,Non-Switch
4335,0.006623872833161739,Non-Switch
4336,0.004791808498339617,Non-Switch
4337,0.004979435188262256,Non-Switch
4338,0.005504081029056623,Non-Switch
4339,0.006474426627634257,Non-Switch
434,0.0046342938879806415,Non-Switch
4340,0.005074529501659251,Non-Switch
4341,0.005421030875677865,Non-Switch
4342,0.00988417078701382,Non-Switch
4343,0.0054860141172220385,Non-Switch
4344,0.006610433329526932,Non-Switch
4345,0.005102863643388899,Non-Switch
4346,0.005933010462959077,Non-Switch
4347,0.004934452319760413,Non-Switch
4348,0.005105879050140452,Non-Switch
4349,0.005232828446959172,Non-Switch
435,0.00464686306534907,Non-Switch
4350,0.005372822660665113,Non-Switch
4351,0.004846309531675148,Non-Switch
4352,0.008704326134625007,Non-Switch
4353,0.014127762080186032,Non-Switch
4354,0.02607664102261518,Non-Switch
4355,0.08233851066731937,Non-Switch
4356,0.03141431338539575,Non-Switch
4357,0.0978040720439888,Non-Switch
4358,0.05110683210822425,Non-Switch
4359,0.4027084268805844,Non-Switch
436,0.00452241413504016,Non-Switch
4360,0.3468444847815429,Non-Switch
4361,0.2799845739256115,Non-Switch
4362,0.22454362315636714,Non-Switch
4363,0.06268363464719848,Non-Switch
4364,0.02191371362354101,Non-Switch
4365,0.08387650851832276,Non-Switch
4366,0.020354719109373306,Non-Switch
4367,0.010812523059262813,Non-Switch
4368,0.007323547970606659,Non-Switch
4369,0.005398498125282302,Non-Switch
437,0.004575095914397034,Non-Switch
4370,0.005299758249952077,Non-Switch
4371,0.005417050417840513,Non-Switch
4372,0.005234955052745524,Non-Switch
4373,0.005177742605429984,Non-Switch
4374,0.004902878723568029,Non-Switch
4375,0.004615245801686741,Non-Switch
4376,0.004507470455017534,Non-Switch
4377,0.004541731951936879,Non-Switch
4378,0.006381471348457369,Non-Switch
4379,0.006884624060544494,Non-Switch
438,0.004610862259511429,Non-Switch
4380,0.007246046273139916,Non-Switch
4381,0.004593834633461551,Non-Switch
4382,0.004538047761087928,Non-Switch
4383,0.004690208739631567,Non-Switch
4384,0.0046295526084553906,Non-Switch
4385,0.004726116164264248,Non-Switch
4386,0.004871413288339664,Non-Switch
4387,0.005249717680719684,Non-Switch
4388,0.0053534329603947915,Non-Switch
4389,0.005741969312790304,Non-Switch
439,0.004632996292316027,Non-Switch
4390,0.006078359987998428,Non-Switch
4391,0.006837434977099551,Non-Switch
4392,0.006676839458784104,Non-Switch
4393,0.006380984960022897,Non-Switch
4394,0.0073568051157172545,Non-Switch
4395,0.0076410682525332,Non-Switch
4396,0.007878931679399372,Non-Switch
4397,0.007973533558096827,Non-Switch
4398,0.011061974489038097,Non-Switch
4399,0.014517246352582978,Non-Switch
44,0.00439366765388137,Non-Switch
440,0.004418335743557274,Non-Switch
4400,0.013901623704903875,Non-Switch
4401,0.010471484821638012,Non-Switch
4402,0.013940558964721864,Non-Switch
4403,0.017817719722399504,Non-Switch
4404,0.012906108848456808,Non-Switch
4405,0.07771923402225303,Non-Switch
4406,0.04369243430229931,Non-Switch
4407,0.028663160664121796,Non-Switch
4408,0.02258316549732571,Non-Switch
4409,0.01537926101991225,Non-Switch
441,0.004380523073620504,Non-Switch
4410,0.005642218703482645,Non-Switch
4411,0.004772427195659669,Non-Switch
4412,0.005347764250988618,Non-Switch
4413,0.005042545431249378,Non-Switch
4414,0.004640292790640327,Non-Switch
4415,0.004594476881173367,Non-Switch
4416,0.004622470080733823,Non-Switch
4417,0.004649903328968132,Non-Switch
4418,0.004573747933190174,Non-Switch
4419,0.004843854076249744,Non-Switch
442,0.00441611710018042,Non-Switch
4420,0.005022303543507886,Non-Switch
4421,0.005507550913399226,Non-Switch
4422,0.006197316894202637,Non-Switch
4423,0.008192267274090663,Non-Switch
4424,0.0056776780326929606,Non-Switch
4425,0.009944957248792604,Non-Switch
4426,0.007309649622633809,Non-Switch
4427,0.007570363228811688,Non-Switch
4428,0.006605832121809122,Non-Switch
4429,0.006412086947539869,Non-Switch
443,0.004380342357475651,Non-Switch
4430,0.005358124190281413,Non-Switch
4431,0.006119375163000288,Non-Switch
4432,0.0055521421182860185,Non-Switch
4433,0.005696121156576307,Non-Switch
4434,0.005918972379082401,Non-Switch
4435,0.00491017387827787,Non-Switch
4436,0.004876583852684842,Non-Switch
4437,0.005043235377274519,Non-Switch
4438,0.004901414183806775,Non-Switch
4439,0.004729165161377298,Non-Switch
444,0.0048198967586231085,Non-Switch
4440,0.004888252472461546,Non-Switch
4441,0.00465511453765072,Non-Switch
4442,0.004690757606138423,Non-Switch
4443,0.005192336273885815,Non-Switch
4444,0.004985658810440354,Non-Switch
4445,0.004525184332152789,Non-Switch
4446,0.004658754053318882,Non-Switch
4447,0.004678710087084037,Non-Switch
4448,0.00453967185506629,Non-Switch
4449,0.004496253961506575,Non-Switch
445,0.005329106820598923,Non-Switch
4450,0.004485585662695242,Non-Switch
4451,0.00453682036927884,Non-Switch
4452,0.004513679297436573,Non-Switch
4453,0.004512500947555271,Non-Switch
4454,0.004523798729741051,Non-Switch
4455,0.0046690273294790145,Non-Switch
4456,0.00471929597726597,Non-Switch
4457,0.004675409498163377,Non-Switch
4458,0.004774815806265695,Non-Switch
4459,0.004802435481006309,Non-Switch
446,0.004890902416080016,Non-Switch
4460,0.0047396305744051926,Non-Switch
4461,0.004757619892504719,Non-Switch
4462,0.004713453269787244,Non-Switch
4463,0.004731895721863361,Non-Switch
4464,0.004893062612227865,Non-Switch
4465,0.00481468756536221,Non-Switch
4466,0.004835559608285378,Non-Switch
4467,0.004734677003795282,Non-Switch
4468,0.004691548995055283,Non-Switch
4469,0.004724267686671088,Non-Switch
447,0.004391265271227129,Non-Switch
4470,0.004552984723038255,Non-Switch
4471,0.00446929433736937,Non-Switch
4472,0.004496603637169755,Non-Switch
4473,0.004456703662169583,Non-Switch
4474,0.004397814719911745,Non-Switch
4475,0.004411426206197415,Non-Switch
4476,0.00439781707123705,Non-Switch
4477,0.004415203442347712,Non-Switch
4478,0.004451704072764424,Non-Switch
4479,0.0044967601682543296,Non-Switch
448,0.0044186924731963685,Non-Switch
4480,0.004542233791937639,Non-Switch
4481,0.004561911697509602,Non-Switch
4482,0.00458169071006967,Non-Switch
4483,0.004498646267052366,Non-Switch
4484,0.0046021401862452105,Non-Switch
4485,0.004506326703208574,Non-Switch
4486,0.0044152581946369516,Non-Switch
4487,0.00439556080665532,Non-Switch
4488,0.004388130618692263,Non-Switch
4489,0.004393857439423826,Non-Switch
449,0.004421901696333757,Non-Switch
4490,0.004403248296787442,Non-Switch
4491,0.004412074836077915,Non-Switch
4492,0.004427986254415259,Non-Switch
4493,0.004381589567598022,Non-Switch
4494,0.004428905286705807,Non-Switch
4495,0.004425885513207259,Non-Switch
4496,0.004506888669956412,Non-Switch
4497,0.004441476815399541,Non-Switch
4498,0.0045048745918810735,Non-Switch
4499,0.004477042290152186,Non-Switch
45,0.004751843022134526,Non-Switch
450,0.0044399759980478706,Non-Switch
4500,0.004593526945750242,Non-Switch
4501,0.004599794235398285,Non-Switch
4502,0.004898504922597551,Non-Switch
4503,0.0045842741447723765,Non-Switch
4504,0.004511075372613353,Non-Switch
4505,0.004580766639224897,Non-Switch
4506,0.006500438331770027,Non-Switch
4507,0.008182374240822672,Non-Switch
4508,0.005086932070834656,Non-Switch
4509,0.0048737505056926,Non-Switch
451,0.005259750449891501,Non-Switch
4510,0.006540934871590379,Non-Switch
4511,0.005207054898486414,Non-Switch
4512,0.005345113971466533,Non-Switch
4513,0.005294039155003659,Non-Switch
4514,0.006160126317760785,Non-Switch
4515,0.005830733186659641,Non-Switch
4516,0.006501640194904377,Non-Switch
4517,0.008734685103345673,Non-Switch
4518,0.012227884515863643,Non-Switch
4519,0.02498792634915953,Non-Switch
452,0.004677647959853513,Non-Switch
4520,0.005929736746327614,Non-Switch
4521,0.005658235259651473,Non-Switch
4522,0.005270034810870928,Non-Switch
4523,0.005870125275393983,Non-Switch
4524,0.005860065633932969,Non-Switch
4525,0.005295084487053434,Non-Switch
4526,0.005206713620413608,Non-Switch
4527,0.004951247164605119,Non-Switch
4528,0.00478112441205838,Non-Switch
4529,0.005700837915137665,Non-Switch
453,0.0075154389569212976,Non-Switch
4530,0.0059000556311019515,Non-Switch
4531,0.0067442405345488066,Non-Switch
4532,0.0052857201660754,Non-Switch
4533,0.00946820051457677,Non-Switch
4534,0.007751550982339036,Non-Switch
4535,0.008646722023694415,Non-Switch
4536,0.012043163056306847,Non-Switch
4537,0.03750181398256464,Non-Switch
4538,0.012381399185975597,Non-Switch
4539,0.0760296065922249,Non-Switch
454,0.012042176843293307,Non-Switch
4540,0.4356455122779243,Non-Switch
4541,0.17251510914987989,Non-Switch
4542,0.11539705881183117,Non-Switch
4543,0.47151915844308395,Non-Switch
4544,0.4458790389478767,Non-Switch
4545,0.18382720351688706,Non-Switch
4546,0.49562132308295054,Non-Switch
4547,0.14877964376839986,Non-Switch
4548,0.36422055843098455,Non-Switch
4549,0.503069246756878,Non-Switch
455,0.00807694484500039,Non-Switch
4550,0.32831393459252195,Non-Switch
4551,0.13881341038463527,Non-Switch
4552,0.13530478157546744,Non-Switch
4553,0.1069186688385121,Non-Switch
4554,0.0444050363544626,Non-Switch
4555,0.08280682480007664,Non-Switch
4556,0.0721296527588501,Non-Switch
4557,0.07335300835009996,Non-Switch
4558,0.014461412453703259,Non-Switch
4559,0.04356920335849827,Non-Switch
456,0.005441950952817973,Non-Switch
4560,0.03947313824579039,Non-Switch
4561,0.2322889263314678,Non-Switch
4562,0.015307154606309098,Non-Switch
4563,0.013147493217015058,Non-Switch
4564,0.013781448140384569,Non-Switch
4565,0.01049671051131476,Non-Switch
4566,0.008357442502292561,Non-Switch
4567,0.006323599186442034,Non-Switch
4568,0.0065797646576732675,Non-Switch
4569,0.006851576519289637,Non-Switch
457,0.0065727328513975605,Non-Switch
4570,0.0062747332721511785,Non-Switch
4571,0.005654251442777972,Non-Switch
4572,0.006520808198788821,Non-Switch
4573,0.006328245405244249,Non-Switch
4574,0.010300606621861212,Non-Switch
4575,0.013662931939723195,Non-Switch
4576,0.017322506428155724,Non-Switch
4577,0.03049614906978869,Non-Switch
4578,0.015843995763748436,Non-Switch
4579,0.018655452589210083,Non-Switch
458,0.00496694528414696,Non-Switch
4580,0.026671628439419667,Non-Switch
4581,0.04228833838113722,Non-Switch
4582,0.03593210683030843,Non-Switch
4583,0.09512290551270033,Non-Switch
4584,0.059574666646346607,Non-Switch
4585,0.16100098891268733,Non-Switch
4586,0.29740575002524194,Non-Switch
4587,0.5067015633387633,Non-Switch
4588,0.4898147158375323,Non-Switch
4589,0.43717542694433714,Non-Switch
459,0.004525888722033373,Non-Switch
4590,0.5052643043255028,Non-Switch
4591,0.47923150544271303,Non-Switch
4592,0.43072590555433093,Non-Switch
4593,0.17033474534898824,Non-Switch
4594,0.08087798025161401,Non-Switch
4595,0.05338656426010973,Non-Switch
4596,0.06723829418566095,Non-Switch
4597,0.08145974381490449,Non-Switch
4598,0.18073929801630806,Non-Switch
4599,0.3049818867653877,Non-Switch
46,0.004840464472871118,Non-Switch
460,0.004408151817758722,Non-Switch
4600,0.34979033261250925,Non-Switch
4601,0.22628464652671407,Non-Switch
4602,0.25990822217280424,Non-Switch
4603,0.2946969587806586,Non-Switch
4604,0.11945279668014064,Non-Switch
4605,0.048768453872394556,Non-Switch
4606,0.04386598898208016,Non-Switch
4607,0.037699967555876714,Non-Switch
4608,0.03115140296957599,Non-Switch
4609,0.022203163112172034,Non-Switch
461,0.00442147644235721,Non-Switch
4610,0.014445215181389578,Non-Switch
4611,0.02133757308676506,Non-Switch
4612,0.016307572311920218,Non-Switch
4613,0.04212547618522798,Non-Switch
4614,0.035765963527888196,Non-Switch
4615,0.034565242465829225,Non-Switch
4616,0.0366745048767337,Non-Switch
4617,0.11359328327175067,Non-Switch
4618,0.08248725416248434,Non-Switch
4619,0.2096324263569226,Non-Switch
462,0.004381238548320382,Non-Switch
4620,0.10369188734736137,Non-Switch
4621,0.11764668862535782,Non-Switch
4622,0.19589873027444168,Non-Switch
4623,0.07551225053168252,Non-Switch
4624,0.11315979025133528,Non-Switch
4625,0.10558730814252039,Non-Switch
4626,0.06874556088673828,Non-Switch
4627,0.055335428664024355,Non-Switch
4628,0.03547867725853756,Non-Switch
4629,0.0478748051462222,Non-Switch
463,0.0045509007770110025,Non-Switch
4630,0.04551137118794493,Non-Switch
4631,0.01911427005496502,Non-Switch
4632,0.011388024707363095,Non-Switch
4633,0.013891033335731214,Non-Switch
4634,0.010242468424182824,Non-Switch
4635,0.012162474676728461,Non-Switch
4636,0.008816528019132241,Non-Switch
4637,0.009560409415921203,Non-Switch
4638,0.007562061035064177,Non-Switch
4639,0.006795051330770317,Non-Switch
464,0.004544466207362706,Non-Switch
4640,0.0063073427950921185,Non-Switch
4641,0.006020572473694064,Non-Switch
4642,0.0067188945913779,Non-Switch
4643,0.005914081622448489,Non-Switch
4644,0.006708374090157152,Non-Switch
4645,0.006957727436076867,Non-Switch
4646,0.006618529278454853,Non-Switch
4647,0.006019689047186702,Non-Switch
4648,0.007225046250939445,Non-Switch
4649,0.006187605248886728,Non-Switch
465,0.0044683558226691535,Non-Switch
4650,0.005901740523634623,Non-Switch
4651,0.006220913451346798,Non-Switch
4652,0.0062621946620117115,Non-Switch
4653,0.0058138882921763045,Non-Switch
4654,0.004913062985270196,Non-Switch
4655,0.004721988244739926,Non-Switch
4656,0.005060942872241089,Non-Switch
4657,0.004581228842599091,Non-Switch
4658,0.004651399779572807,Non-Switch
4659,0.004471990971590321,Non-Switch
466,0.0043900519873698715,Non-Switch
4660,0.004499249549944846,Non-Switch
4661,0.004522546145160842,Non-Switch
4662,0.004439464752745891,Non-Switch
4663,0.004583751814651104,Non-Switch
4664,0.004681621363714951,Non-Switch
4665,0.00469027860758348,Non-Switch
4666,0.004716486143526776,Non-Switch
4667,0.0045037607354938445,Non-Switch
4668,0.004557916459913191,Non-Switch
4669,0.004585606674412948,Non-Switch
467,0.004394279334364224,Non-Switch
4670,0.004583807238747573,Non-Switch
4671,0.0046165947906044455,Non-Switch
4672,0.004810432338367815,Non-Switch
4673,0.004884265968359124,Non-Switch
4674,0.0053193232919094115,Non-Switch
4675,0.004691475768067221,Non-Switch
4676,0.006243754225357286,Non-Switch
4677,0.005036420900637695,Non-Switch
4678,0.005871934452264192,Non-Switch
4679,0.3947281739065738,Non-Switch
468,0.004399999437023487,Non-Switch
4680,0.006273296948293582,Non-Switch
4681,0.007971640405322876,Non-Switch
4682,0.008699379617991011,Non-Switch
4683,0.007423257599673292,Non-Switch
4684,0.011585605900915265,Non-Switch
4685,0.008409449115383353,Non-Switch
4686,0.008399487557777908,Non-Switch
4687,0.006867470134735388,Non-Switch
4688,0.008453564008944123,Non-Switch
4689,0.006165942824757543,Non-Switch
469,0.004395078449064229,Non-Switch
4690,0.006963101893916329,Non-Switch
4691,0.008430967100958102,Non-Switch
4692,0.013000641531009579,Non-Switch
4693,0.007612229583573872,Non-Switch
4694,0.015824005467814553,Non-Switch
4695,0.008413510190088297,Non-Switch
4696,0.00875641067735447,Non-Switch
4697,0.006872227201730544,Non-Switch
4698,0.011865831476279313,Non-Switch
4699,0.012006854562757897,Non-Switch
47,0.004700317423020367,Non-Switch
470,0.004373022681801919,Non-Switch
4700,0.007766752636337956,Non-Switch
4701,0.00763866788530065,Non-Switch
4702,0.007295104996105762,Non-Switch
4703,0.005916361064379651,Non-Switch
4704,0.005465352014058224,Non-Switch
4705,0.004885482947156148,Non-Switch
4706,0.004690709571921483,Non-Switch
4707,0.0047260006134207,Non-Switch
4708,0.004542033929286734,Non-Switch
4709,0.004973891435000851,Non-Switch
471,0.004376825446626953,Non-Switch
4710,0.0045870070565837435,Non-Switch
4711,0.004557309817984562,Non-Switch
4712,0.00476541352817917,Non-Switch
4713,0.0046418009978715265,Non-Switch
4714,0.005600124606069512,Non-Switch
4715,0.005983074881348133,Non-Switch
4716,0.00447464763328109,Non-Switch
4717,0.004680113492387367,Non-Switch
4718,0.004486989739805801,Non-Switch
4719,0.004412181317523859,Non-Switch
472,0.004369477219145948,Non-Switch
4720,0.004496752442471185,Non-Switch
4721,0.004482119137388788,Non-Switch
4722,0.008027600603961823,Non-Switch
4723,0.004606532461914512,Non-Switch
4724,0.0050553870264495445,Non-Switch
4725,0.05909982254731439,Non-Switch
4726,0.3999059695847749,Non-Switch
4727,0.3824265988556588,Non-Switch
4728,0.46144518867746953,Non-Switch
4729,0.48129009477787815,Non-Switch
473,0.004374246042767626,Non-Switch
4730,0.46485680852263506,Non-Switch
4731,0.36129878817113903,Non-Switch
4732,0.2142044776409536,Non-Switch
4733,0.0658188676235118,Non-Switch
4734,0.33726298733667415,Non-Switch
4735,0.06208461369978547,Non-Switch
4736,0.10214962217683346,Non-Switch
4737,0.17677171200548145,Non-Switch
4738,0.2825601001136075,Non-Switch
4739,0.113394815292655,Non-Switch
474,0.00437690908662708,Non-Switch
4740,0.07380247425921424,Non-Switch
4741,0.09965143443714734,Non-Switch
4742,0.09357654500529874,Non-Switch
4743,0.05795405800389284,Non-Switch
4744,0.03601786436682382,Non-Switch
4745,0.026280918790635325,Non-Switch
4746,0.14727638641287075,Non-Switch
4747,0.10729165621257082,Non-Switch
4748,0.0373049449046762,Non-Switch
4749,0.08652711588233604,Non-Switch
475,0.00437105462252183,Non-Switch
4750,0.197472049062366,Non-Switch
4751,0.35034607305094106,Non-Switch
4752,0.4120274358045738,Non-Switch
4753,0.33813474589606635,Non-Switch
4754,0.20475822305315705,Non-Switch
4755,0.24806132625510782,Non-Switch
4756,0.4333314427149025,Non-Switch
4757,0.19432637888892845,Non-Switch
4758,0.09147317568741524,Non-Switch
4759,0.08874785261051774,Non-Switch
476,0.004376527164216863,Non-Switch
4760,0.12199092739048964,Non-Switch
4761,0.09162565980523647,Non-Switch
4762,0.06030901106769944,Non-Switch
4763,0.03195163018235388,Non-Switch
4764,0.04308912991198826,Non-Switch
4765,0.04408459774192923,Non-Switch
4766,0.04631329941662901,Non-Switch
4767,0.060047446953568465,Non-Switch
4768,0.04181470084788997,Non-Switch
4769,0.03604825155144814,Non-Switch
477,0.004367232711190742,Non-Switch
4770,0.015366295140374547,Non-Switch
4771,0.012677848905942524,Non-Switch
4772,0.011773456638549087,Non-Switch
4773,0.013218968131822073,Non-Switch
4774,0.011973186271622582,Non-Switch
4775,0.012809275897948747,Non-Switch
4776,0.009786661998432446,Non-Switch
4777,0.010140013790774685,Non-Switch
4778,0.014621248829848882,Non-Switch
4779,0.02381005210737611,Non-Switch
478,0.0043935474003872115,Non-Switch
4780,0.02353634440575687,Non-Switch
4781,0.039186483475235886,Non-Switch
4782,0.10266723621135211,Non-Switch
4783,0.15164697077033162,Non-Switch
4784,0.044164854520845925,Non-Switch
4785,0.17826511260533295,Non-Switch
4786,0.07974626454098481,Non-Switch
4787,0.08370791177589881,Non-Switch
4788,0.052671627006015194,Non-Switch
4789,0.023105213459561926,Non-Switch
479,0.004394921246172424,Non-Switch
4790,0.019331206014811555,Non-Switch
4791,0.015690176093154092,Non-Switch
4792,0.0625675356089504,Non-Switch
4793,0.02078015178664396,Non-Switch
4794,0.0250106119356999,Non-Switch
4795,0.22668936469985695,Non-Switch
4796,0.01743092805338013,Non-Switch
4797,0.01859018517320765,Non-Switch
4798,0.016004667868088095,Non-Switch
4799,0.016092490540028297,Non-Switch
48,0.004835266028525897,Non-Switch
480,0.004383772605191689,Non-Switch
4800,0.10259817442811502,Non-Switch
4801,0.15087730541205785,Non-Switch
4802,0.15772322531447144,Non-Switch
4803,0.2384729065085418,Non-Switch
4804,0.08111010846015825,Non-Switch
4805,0.09131516662693503,Non-Switch
4806,0.43208800814916437,Non-Switch
4807,0.41081298031550606,Non-Switch
4808,0.15977086150455974,Non-Switch
4809,0.4898344508467188,Non-Switch
481,0.004377442165664032,Non-Switch
4810,0.196374240806246,Non-Switch
4811,0.04712215532146816,Non-Switch
4812,0.03288892756786943,Non-Switch
4813,0.04840162025256202,Non-Switch
4814,0.04715155898030786,Non-Switch
4815,0.13145122006216287,Non-Switch
4816,0.4014519646290434,Non-Switch
4817,0.5136760187748655,Non-Switch
4818,0.3560339262759386,Non-Switch
4819,0.10128225992395393,Non-Switch
482,0.004370188327098831,Non-Switch
4820,0.036574824807185186,Non-Switch
4821,0.014475689700953791,Non-Switch
4822,0.04926187209771995,Non-Switch
4823,0.021862832287560356,Non-Switch
4824,0.021431541451244686,Non-Switch
4825,0.0411161556902058,Non-Switch
4826,0.09175079868157052,Non-Switch
4827,0.06978404587722632,Non-Switch
4828,0.13946600930224987,Non-Switch
4829,0.05934878355781183,Non-Switch
483,0.0043833238379620935,Non-Switch
4830,0.06767044896607431,Non-Switch
4831,0.053442807961399705,Non-Switch
4832,0.06533578448061168,Non-Switch
4833,0.10767698334182894,Non-Switch
4834,0.030368771731764502,Non-Switch
4835,0.02774335445164478,Non-Switch
4836,0.05837374941657649,Non-Switch
4837,0.05779389916027685,Non-Switch
4838,0.06720679448826386,Non-Switch
4839,0.043495197074048864,Non-Switch
484,0.004376703849518335,Non-Switch
4840,0.043907912440456894,Non-Switch
4841,0.01902694452037497,Non-Switch
4842,0.07336205893710163,Non-Switch
4843,0.06855749248356197,Non-Switch
4844,0.42691111537988025,Non-Switch
4845,0.48102807920928864,Non-Switch
4846,0.15244570119660122,Non-Switch
4847,0.2586295096658079,Non-Switch
4848,0.09479734235461704,Non-Switch
4849,0.39449492243634104,Non-Switch
485,0.004373418040356734,Non-Switch
4850,0.48884043412039446,Non-Switch
4851,0.3798228245172586,Non-Switch
4852,0.25227075211979455,Non-Switch
4853,0.12401064864655975,Non-Switch
4854,0.056141694080184885,Non-Switch
4855,0.009910519066571786,Non-Switch
4856,0.006267260088525406,Non-Switch
4857,0.005488932447828867,Non-Switch
4858,0.005269688830147513,Non-Switch
4859,0.005081511594199943,Non-Switch
486,0.004366280760345927,Non-Switch
4860,0.00492412361950381,Non-Switch
4861,0.005050852999454727,Non-Switch
4862,0.00543883880582531,Non-Switch
4863,0.004716823726659817,Non-Switch
4864,0.004759891944556352,Non-Switch
4865,0.004664802669713582,Non-Switch
4866,0.02216889422537316,Non-Switch
4867,0.03171430218584996,Non-Switch
4868,0.012377903101151026,Non-Switch
4869,0.0554474108675674,Non-Switch
487,0.00437395078349007,Non-Switch
4870,0.008870272597526868,Non-Switch
4871,0.006340700039479974,Non-Switch
4872,0.02140989582229625,Non-Switch
4873,0.036832656360346654,Non-Switch
4874,0.047614143941008255,Non-Switch
4875,0.026190641335076946,Non-Switch
4876,0.03635770477215765,Non-Switch
4877,0.018414444432700596,Non-Switch
4878,0.021376543280559004,Non-Switch
4879,0.011671229075984666,Non-Switch
488,0.004367209869744924,Non-Switch
4880,0.007538378486594585,Non-Switch
4881,0.007873817210957895,Non-Switch
4882,0.005822861621346518,Non-Switch
4883,0.005353188422563096,Non-Switch
4884,0.005703679659720281,Non-Switch
4885,0.005850341896086921,Non-Switch
4886,0.005477588310944221,Non-Switch
4887,0.004995535720334827,Non-Switch
4888,0.004650613093306556,Non-Switch
4889,0.004771269671802495,Non-Switch
489,0.004376547318433761,Non-Switch
4890,0.005015843781088467,Non-Switch
4891,0.00572450098119759,Non-Switch
4892,0.00589426330916547,Non-Switch
4893,0.006294316452903721,Non-Switch
4894,0.007077878815535896,Non-Switch
4895,0.005891450452293742,Non-Switch
4896,0.006617422811947153,Non-Switch
4897,0.00666918219997733,Non-Switch
4898,0.006312889907389674,Non-Switch
4899,0.008651014200086456,Non-Switch
49,0.004398475778225999,Non-Switch
490,0.004370148690472265,Non-Switch
4900,0.006550498047508473,Non-Switch
4901,0.005703832831768706,Non-Switch
4902,0.006507166481177804,Non-Switch
4903,0.0064995878238169325,Non-Switch
4904,0.0056711843440084295,Non-Switch
4905,0.0054086360322856035,Non-Switch
4906,0.0058966065727834764,Non-Switch
4907,0.005104379240499627,Non-Switch
4908,0.004749863206227914,Non-Switch
4909,0.004489939981256051,Non-Switch
491,0.0043693247189047525,Non-Switch
4910,0.004473470962917863,Non-Switch
4911,0.004414362675599451,Non-Switch
4912,0.004366760430708099,Non-Switch
4913,0.004363120915039938,Non-Switch
4914,0.004377851296267061,Non-Switch
4915,0.0043625522302198,Non-Switch
4916,0.004356443151174405,Non-Switch
4917,0.004357263091898538,Non-Switch
4918,0.004355924180089283,Non-Switch
4919,0.004356096834547375,Non-Switch
492,0.004370103343484245,Non-Switch
4920,0.004354934943943206,Non-Switch
4921,0.00435624933478857,Non-Switch
4922,0.004358243930454241,Non-Switch
4923,0.004370388525653352,Non-Switch
4924,0.004354564778159513,Non-Switch
4925,0.004356957083705304,Non-Switch
4926,0.004354778076955017,Non-Switch
4927,0.004354339722737486,Non-Switch
4928,0.004354384397918277,Non-Switch
4929,0.004355616492377973,Non-Switch
493,0.004366160506851769,Non-Switch
4930,0.0043561455405715455,Non-Switch
4931,0.004354936623461281,Non-Switch
4932,0.004354343753580865,Non-Switch
4933,0.004354378351653207,Non-Switch
4934,0.004354351143460395,Non-Switch
4935,0.004354332668761571,Non-Switch
4936,0.004354332668761571,Non-Switch
4937,0.004354332668761571,Non-Switch
4938,0.004354332668761571,Non-Switch
4939,0.004354332668761571,Non-Switch
494,0.004362390996484616,Non-Switch
4940,0.004354332668761571,Non-Switch
4941,0.004354333340568802,Non-Switch
4942,0.004354334348279646,Non-Switch
4943,0.004354333340568802,Non-Switch
4944,0.004354334348279646,Non-Switch
4945,0.004354334348279646,Non-Switch
4946,0.004354338043219411,Non-Switch
4947,0.004354337371412181,Non-Switch
4948,0.004354336027797721,Non-Switch
4949,0.004354336027797721,Non-Switch
495,0.004364389287090051,Non-Switch
4950,0.004354335020086877,Non-Switch
4951,0.004354336027797721,Non-Switch
4952,0.004354345769002555,Non-Switch
4953,0.00435435080755678,Non-Switch
4954,0.004354342745870021,Non-Switch
4955,0.004354338715026641,Non-Switch
4956,0.004354338715026641,Non-Switch
4957,0.00435434408948448,Non-Switch
4958,0.004354358197436309,Non-Switch
4959,0.004354358197436309,Non-Switch
496,0.004360059153589519,Non-Switch
4960,0.0043543699540628325,Non-Switch
4961,0.004354363907797763,Non-Switch
4962,0.0043543615564724586,Non-Switch
4963,0.004354366930930298,Non-Switch
4964,0.004354379695267667,Non-Switch
4965,0.004354393131412265,Non-Switch
4966,0.004354398505870105,Non-Switch
4967,0.004354390444183346,Non-Switch
4968,0.004354397834062875,Non-Switch
4969,0.004354378351653207,Non-Switch
497,0.004359717203709483,Non-Switch
4970,0.004354380367074897,Non-Switch
4971,0.0043543632359905335,Non-Switch
4972,0.004354365587315838,Non-Switch
4973,0.004354347784424245,Non-Switch
4974,0.0043543501357495495,Non-Switch
4975,0.00435434946394232,Non-Switch
4976,0.004354349128038705,Non-Switch
4977,0.00435434610490617,Non-Switch
4978,0.004354340730448331,Non-Switch
4979,0.004354343753580865,Non-Switch
498,0.004364386599861132,Non-Switch
4980,0.004354347784424245,Non-Switch
4981,0.00435434610490617,Non-Switch
4982,0.004354349128038705,Non-Switch
4983,0.0043543467767134005,Non-Switch
4984,0.004354351143460395,Non-Switch
4985,0.0043543450971953255,Non-Switch
4986,0.004354359541050769,Non-Switch
4987,0.004354363907797763,Non-Switch
4988,0.004354352487074855,Non-Switch
4989,0.004354370289966448,Non-Switch
499,0.00436175076419449,Non-Switch
4990,0.0043543665950266834,Non-Switch
4991,0.004354365251412223,Non-Switch
4992,0.0043543615564724586,Non-Switch
4993,0.004354353158882085,Non-Switch
4994,0.0043543565179182345,Non-Switch
4995,0.004354359876954384,Non-Switch
4996,0.004354369618159218,Non-Switch
4997,0.004354373313098982,Non-Switch
4998,0.004354388428761656,Non-Switch
4999,0.004354371969484522,Non-Switch
5,0.05799721490034373,Non-Switch
50,0.004370298167580926,Non-Switch
500,0.004365203853356345,Non-Switch
5000,0.004354370289966448,Non-Switch
5001,0.004354352487074855,Non-Switch
5002,0.004354410598400244,Non-Switch
5003,0.0043543501357495495,Non-Switch
5004,0.004354372305388138,Non-Switch
5005,0.0043543467767134005,Non-Switch
5006,0.00435434812032786,Non-Switch
5007,0.004354351143460395,Non-Switch
5008,0.00435435080755678,Non-Switch
5009,0.004354369282255603,Non-Switch
501,0.004366405716490694,Non-Switch
5010,0.004354370625870063,Non-Switch
5011,0.004354375664424287,Non-Switch
5012,0.004354382382496587,Non-Switch
5013,0.004354408918882169,Non-Switch
5014,0.004354416308761698,Non-Switch
5015,0.0043544243704484575,Non-Switch
5016,0.004354431760327987,Non-Switch
5017,0.004354411606111088,Non-Switch
5018,0.004354429073099067,Non-Switch
5019,0.004354406567556864,Non-Switch
502,0.004367173592154508,Non-Switch
5020,0.00435440018538818,Non-Switch
5021,0.004354402536713485,Non-Switch
5022,0.004354376000327902,Non-Switch
5023,0.00435439749815926,Non-Switch
5024,0.004354370961773678,Non-Switch
5025,0.0043543961545448005,Non-Switch
5026,0.004354438142496671,Non-Switch
5027,0.004354432432135217,Non-Switch
5028,0.004354380367074897,Non-Switch
5029,0.004354406903460479,Non-Switch
503,0.004365522289983333,Non-Switch
5030,0.00435439816996649,Non-Switch
5031,0.004354423026833997,Non-Switch
5032,0.004354392459605036,Non-Switch
5033,0.004354499276954595,Non-Switch
5034,0.004354445196472585,Non-Switch
5035,0.004354441501532821,Non-Switch
5036,0.004354459976231644,Non-Switch
5037,0.004354418324183388,Non-Switch
5038,0.004354379023460437,Non-Switch
5039,0.004354429073099067,Non-Switch
504,0.004379266458196914,Non-Switch
5040,0.004354387085147196,Non-Switch
5041,0.004354373313098982,Non-Switch
5042,0.004354353158882085,Non-Switch
5043,0.004354405895749635,Non-Switch
5044,0.0043544408297255905,Non-Switch
5045,0.004354388092858041,Non-Switch
5046,0.00435444620418343,Non-Switch
5047,0.004355123385871203,Non-Switch
5048,0.00435845554973167,Non-Switch
5049,0.0043596721926250775,Non-Switch
505,0.004395966242318585,Non-Switch
5050,0.004363222693835273,Non-Switch
5051,0.004360704760337485,Non-Switch
5052,0.0043576967434654605,Non-Switch
5053,0.004387397677004406,Non-Switch
5054,0.004368325069746613,Non-Switch
5055,0.00437565381481795,Non-Switch
5056,0.004397552043284842,Non-Switch
5057,0.004497234800062277,Non-Switch
5058,0.004546977422788195,Non-Switch
5059,0.004437691181658869,Non-Switch
506,0.004455501127228004,Non-Switch
5060,0.00438726197194396,Non-Switch
5061,0.0043886492538737715,Non-Switch
5062,0.004384711119891905,Non-Switch
5063,0.00438396339844499,Non-Switch
5064,0.004370882639870967,Non-Switch
5065,0.004360092743951016,Non-Switch
5066,0.004360542854795071,Non-Switch
5067,0.004359658420576864,Non-Switch
5068,0.004356026294788232,Non-Switch
5069,0.004354838875509326,Non-Switch
507,0.004400012201360855,Non-Switch
5070,0.004354809651894824,Non-Switch
5071,0.004354613820087299,Non-Switch
5072,0.004354552685629375,Non-Switch
5073,0.004354796887557455,Non-Switch
5074,0.004354499948761825,Non-Switch
5075,0.004354461655749719,Non-Switch
5076,0.004354526149243792,Non-Switch
5077,0.004354563770448668,Non-Switch
5078,0.004354557388279984,Non-Switch
5079,0.004354838539605711,Non-Switch
508,0.004481886020280002,Non-Switch
5080,0.004354525813340177,Non-Switch
5081,0.004354570152617353,Non-Switch
5082,0.004354378015749592,Non-Switch
5083,0.004354365587315838,Non-Switch
5084,0.00435434946394232,Non-Switch
5085,0.00435434207406279,Non-Switch
5086,0.004354338715026641,Non-Switch
5087,0.004354337371412181,Non-Switch
5088,0.004354334348279646,Non-Switch
5089,0.004354333340568802,Non-Switch
509,0.004421041783079443,Non-Switch
5090,0.004354333340568802,Non-Switch
5091,0.004354333340568802,Non-Switch
5092,0.004354333340568802,Non-Switch
5093,0.004354333340568802,Non-Switch
5094,0.004354334348279646,Non-Switch
5095,0.004354333340568802,Non-Switch
5096,0.004354332668761571,Non-Switch
5097,0.004354334348279646,Non-Switch
5098,0.004354334348279646,Non-Switch
5099,0.004354334348279646,Non-Switch
51,0.004408176338722614,Non-Switch
510,0.004528550086374752,Non-Switch
5100,0.004354335020086877,Non-Switch
5101,0.004354339386833871,Non-Switch
5102,0.004354337371412181,Non-Switch
5103,0.004354340730448331,Non-Switch
5104,0.00435434610490617,Non-Switch
5105,0.004354355846111004,Non-Switch
5106,0.004354352487074855,Non-Switch
5107,0.004354356853821849,Non-Switch
5108,0.00435434543309894,Non-Switch
5109,0.004354347784424245,Non-Switch
511,0.004373706917465605,Non-Switch
5110,0.00435434543309894,Non-Switch
5111,0.00435434543309894,Non-Switch
5112,0.004354339722737486,Non-Switch
5113,0.004354337371412181,Non-Switch
5114,0.004354340730448331,Non-Switch
5115,0.004354337371412181,Non-Switch
5116,0.004354337371412181,Non-Switch
5117,0.004354335020086877,Non-Switch
5118,0.004354334348279646,Non-Switch
5119,0.004354335691894106,Non-Switch
512,0.004393918237978135,Non-Switch
5120,0.004354337371412181,Non-Switch
5121,0.004354335691894106,Non-Switch
5122,0.004354335691894106,Non-Switch
5123,0.004354334348279646,Non-Switch
5124,0.004354335020086877,Non-Switch
5125,0.004354334348279646,Non-Switch
5126,0.004354335691894106,Non-Switch
5127,0.004354341066351946,Non-Switch
5128,0.004354355174303774,Non-Switch
5129,0.004354356853821849,Non-Switch
513,0.004365524977212253,Non-Switch
5130,0.004354371297677293,Non-Switch
5131,0.004354416308761698,Non-Switch
5132,0.004354519767075108,Non-Switch
5133,0.004354477443219622,Non-Switch
5134,0.004354475763701547,Non-Switch
5135,0.0043545332032197065,Non-Switch
5136,0.004354633302496967,Non-Switch
5137,0.004354879519846737,Non-Switch
5138,0.004354633638400582,Non-Switch
5139,0.004354884558400962,Non-Switch
514,0.004647447537639112,Non-Switch
5140,0.004355087780088016,Non-Switch
5141,0.004355456602257249,Non-Switch
5142,0.00435525237285935,Non-Switch
5143,0.004355167725148378,Non-Switch
5144,0.004355665870209373,Non-Switch
5145,0.0043565466094878155,Non-Switch
5146,0.004355607087076754,Non-Switch
5147,0.00435565142635393,Non-Switch
5148,0.004355863045631359,Non-Switch
5149,0.004363069521786848,Non-Switch
515,0.00437935614446211,Non-Switch
5150,0.004354991375750521,Non-Switch
5151,0.0043569245010546525,Non-Switch
5152,0.004355242295750901,Non-Switch
5153,0.00435524968563043,Non-Switch
5154,0.0043548022620152945,Non-Switch
5155,0.004355079382497642,Non-Switch
5156,0.004354866755509368,Non-Switch
5157,0.004358423974791863,Non-Switch
5158,0.004355037058642156,Non-Switch
5159,0.004355319889485958,Non-Switch
516,0.004381769947839259,Non-Switch
5160,0.004355139509244721,Non-Switch
5161,0.004355397483221015,Non-Switch
5162,0.004355381359847497,Non-Switch
5163,0.0043559275391254326,Non-Switch
5164,0.0043576225087665526,Non-Switch
5165,0.004360212325637944,Non-Switch
5166,0.0043635784157635225,Non-Switch
5167,0.004366597853358456,Non-Switch
5168,0.004364587470222881,Non-Switch
5169,0.004356870420572643,Non-Switch
517,0.004368145697216221,Non-Switch
5170,0.004356013194547249,Non-Switch
5171,0.004356418630210513,Non-Switch
5172,0.0043576920408148504,Non-Switch
5173,0.004356920806114888,Non-Switch
5174,0.004370901450473405,Non-Switch
5175,0.004368658286132659,Non-Switch
5176,0.004376013903493194,Non-Switch
5177,0.004357981925634567,Non-Switch
5178,0.004356990002259571,Non-Switch
5179,0.0043564938726202655,Non-Switch
518,0.004374865113130009,Non-Switch
5180,0.004357202629247845,Non-Switch
5181,0.004359435044672911,Non-Switch
5182,0.004358997026358996,Non-Switch
5183,0.004359430342022302,Non-Switch
5184,0.004358694713105526,Non-Switch
5185,0.004356288299607906,Non-Switch
5186,0.00435644953334309,Non-Switch
5187,0.004356076344426862,Non-Switch
5188,0.004355381359847497,Non-Switch
5189,0.004355495567076585,Non-Switch
519,0.004363849154077185,Non-Switch
5190,0.004354972565148082,Non-Switch
5191,0.0043552164311725485,Non-Switch
5192,0.004354906392135934,Non-Switch
5193,0.004354926546352832,Non-Switch
5194,0.004355119690931438,Non-Switch
5195,0.004354940654304661,Non-Switch
5196,0.004355147906835095,Non-Switch
5197,0.004354937295268511,Non-Switch
5198,0.004354578550207727,Non-Switch
5199,0.004354764640810418,Non-Switch
52,0.004541970443503505,Non-Switch
520,0.0043689599275788995,Non-Switch
5200,0.004354636661533116,Non-Switch
5201,0.004354644723219875,Non-Switch
5202,0.004354915797437154,Non-Switch
5203,0.0043551851921363564,Non-Switch
5204,0.004355389421534256,Non-Switch
5205,0.004356518729487773,Non-Switch
5206,0.004356699445632625,Non-Switch
5207,0.004357459259609679,Non-Switch
5208,0.004357756870212539,Non-Switch
5209,0.004357824386839147,Non-Switch
521,0.004392753324241431,Non-Switch
5210,0.004359265749250969,Non-Switch
5211,0.004361989591664731,Non-Switch
5212,0.004410313693424646,Non-Switch
5213,0.004392836964241558,Non-Switch
5214,0.004414038864514623,Non-Switch
5215,0.00441732232235092,Non-Switch
5216,0.004407100439443877,Non-Switch
5217,0.0044464038496238685,Non-Switch
5218,0.004407156199443961,Non-Switch
5219,0.004399699810998936,Non-Switch
522,0.004411379515594934,Non-Switch
5220,0.004415719054396685,Non-Switch
5221,0.004381304385428915,Non-Switch
5222,0.0045272934709511626,Non-Switch
5223,0.004559667189554396,Non-Switch
5224,0.004516939242019823,Non-Switch
5225,0.0045028729422394885,Non-Switch
5226,0.00441773010933949,Non-Switch
5227,0.004445425026489856,Non-Switch
5228,0.004422718613925356,Non-Switch
5229,0.004969149819571985,Non-Switch
523,0.00444783849396339,Non-Switch
5230,0.004461512458321443,Non-Switch
5231,0.004457423167712841,Non-Switch
5232,0.004530235650714654,Non-Switch
5233,0.005136484236210888,Non-Switch
5234,0.004613532693250412,Non-Switch
5235,0.004565306675346068,Non-Switch
5236,0.004598068362624588,Non-Switch
5237,0.004598834222866712,Non-Switch
5238,0.0045091103364658,Non-Switch
5239,0.005656946061577232,Non-Switch
524,0.004574091562588285,Non-Switch
5240,0.004581806596816834,Non-Switch
5241,0.005581707682668133,Non-Switch
5242,0.005564185606497025,Non-Switch
5243,0.004796257205816232,Non-Switch
5244,0.004955613575696067,Non-Switch
5245,0.004856336590485511,Non-Switch
5246,0.004844583322997836,Non-Switch
5247,0.004859762135550939,Non-Switch
5248,0.00492088114190854,Non-Switch
5249,0.004681219622991451,Non-Switch
525,0.004392138956529658,Non-Switch
5250,0.004857058111450459,Non-Switch
5251,0.004632816247978404,Non-Switch
5252,0.004703116507843882,Non-Switch
5253,0.004634184383402163,Non-Switch
5254,0.004543402736517722,Non-Switch
5255,0.004435169889124931,Non-Switch
5256,0.0044051236466698,Non-Switch
5257,0.004454372826985332,Non-Switch
5258,0.004447755525770493,Non-Switch
5259,0.004532279288308109,Non-Switch
526,0.005715745989377105,Non-Switch
5260,0.00448044868871156,Non-Switch
5261,0.004567660351976138,Non-Switch
5262,0.0045675931712531445,Non-Switch
5263,0.004563177382330795,Non-Switch
5264,0.004647307801735286,Non-Switch
5265,0.004607216697578198,Non-Switch
5266,0.004461997839045069,Non-Switch
5267,0.00462725704315071,Non-Switch
5268,0.0045762887081337794,Non-Switch
5269,0.004545298240616977,Non-Switch
527,0.004777991103137973,Non-Switch
5270,0.004509957149479131,Non-Switch
5271,0.0044979798342802725,Non-Switch
5272,0.00452001443961484,Non-Switch
5273,0.0044889742583630226,Non-Switch
5274,0.004485712634261699,Non-Switch
5275,0.004482172881967183,Non-Switch
5276,0.004460460072295753,Non-Switch
5277,0.004421637676092394,Non-Switch
5278,0.004399208048106625,Non-Switch
5279,0.004371355256257225,Non-Switch
528,0.006061413650623372,Non-Switch
5280,0.004365830649501872,Non-Switch
5281,0.004361855902025974,Non-Switch
5282,0.004357934227321242,Non-Switch
5283,0.004356654098644604,Non-Switch
5284,0.00435535247213661,Non-Switch
5285,0.004355075687557877,Non-Switch
5286,0.004354783451412857,Non-Switch
5287,0.004354912438401004,Non-Switch
5288,0.004354892284184106,Non-Switch
5289,0.004354767328039338,Non-Switch
529,0.00786506221913741,Non-Switch
5290,0.0043548237598466525,Non-Switch
5291,0.004354717614304323,Non-Switch
5292,0.004354805956955059,Non-Switch
5293,0.004354889596955186,Non-Switch
5294,0.00435485130394308,Non-Switch
5295,0.004354961480328789,Non-Switch
5296,0.004354787146352621,Non-Switch
5297,0.004354766656232108,Non-Switch
5298,0.004354823088039423,Non-Switch
5299,0.004354839211412941,Non-Switch
53,0.004413231016320629,Non-Switch
530,0.0045008726362123636,Non-Switch
5300,0.004354802933822524,Non-Switch
5301,0.004354838539605711,Non-Switch
5302,0.004354800246593605,Non-Switch
5303,0.004354741799364601,Non-Switch
5304,0.004354787818159851,Non-Switch
5305,0.004354888253340726,Non-Switch
5306,0.004354922515509453,Non-Switch
5307,0.004354911094786544,Non-Switch
5308,0.004355034035509621,Non-Switch
5309,0.004354909079364854,Non-Switch
531,0.004468592634717705,Non-Switch
5310,0.004354826782979188,Non-Switch
5311,0.004354878848039507,Non-Switch
5312,0.004354740791653756,Non-Switch
5313,0.004354833836955101,Non-Switch
5314,0.00435485466297923,Non-Switch
5315,0.004354733737677841,Non-Switch
5316,0.004354573847557118,Non-Switch
5317,0.0043545761988824224,Non-Switch
5318,0.00435474986105136,Non-Switch
5319,0.004354814354545433,Non-Switch
532,0.004461258851092143,Non-Switch
5320,0.00435479655165384,Non-Switch
5321,0.0043549030330997844,Non-Switch
5322,0.004354961816232404,Non-Switch
5323,0.004354878512135892,Non-Switch
5324,0.004354866083702138,Non-Switch
5325,0.004354617850930678,Non-Switch
5326,0.004354869778641903,Non-Switch
5327,0.004354611468761994,Non-Switch
5328,0.00435449826924375,Non-Switch
5329,0.004354443181050895,Non-Switch
533,0.004724683199442801,Non-Switch
5330,0.004354427393580992,Non-Switch
5331,0.00435439682635203,Non-Switch
5332,0.004354365251412223,Non-Switch
5333,0.004354356853821849,Non-Switch
5334,0.004354349799845935,Non-Switch
5335,0.004354344425388095,Non-Switch
5336,0.004354343753580865,Non-Switch
5337,0.0043543484562314745,Non-Switch
5338,0.004354355846111004,Non-Switch
5339,0.004354362228279688,Non-Switch
534,0.00482323799188118,Non-Switch
5340,0.004354344425388095,Non-Switch
5341,0.004354353830689314,Non-Switch
5342,0.00435434543309894,Non-Switch
5343,0.00435435147936401,Non-Switch
5344,0.004354391115990576,Non-Switch
5345,0.004354456953099109,Non-Switch
5346,0.004354417652376158,Non-Switch
5347,0.0043543961545448005,Non-Switch
5348,0.004354388764665271,Non-Switch
5349,0.004354420339605078,Non-Switch
535,0.004723965373417618,Non-Switch
5350,0.004354389436472501,Non-Switch
5351,0.004354376672135132,Non-Switch
5352,0.004354370289966448,Non-Switch
5353,0.004354359205147154,Non-Switch
5354,0.004354352151171239,Non-Switch
5355,0.004354343753580865,Non-Switch
5356,0.004354339050930256,Non-Switch
5357,0.004354335020086877,Non-Switch
5358,0.004354334348279646,Non-Switch
5359,0.004354332668761571,Non-Switch
536,0.004696156920845393,Non-Switch
5360,0.004354332668761571,Non-Switch
5361,0.004354332668761571,Non-Switch
5362,0.004354332668761571,Non-Switch
5363,0.004354332668761571,Non-Switch
5364,0.004354332668761571,Non-Switch
5365,0.004354332668761571,Non-Switch
5366,0.004354332668761571,Non-Switch
5367,0.004354335020086877,Non-Switch
5368,0.004354337371412181,Non-Switch
5369,0.004354342409966405,Non-Switch
537,0.0046091142170991434,Non-Switch
5370,0.004354335691894106,Non-Switch
5371,0.004354335691894106,Non-Switch
5372,0.004354336363701336,Non-Switch
5373,0.004354347784424245,Non-Switch
5374,0.004354411606111088,Non-Switch
5375,0.004355019255750563,Non-Switch
5376,0.004355821393583103,Non-Switch
5377,0.004356744456717031,Non-Switch
5378,0.004355863717438588,Non-Switch
5379,0.0043557824287637666,Non-Switch
538,0.004779570521935545,Non-Switch
5380,0.004355465335751239,Non-Switch
5381,0.0043555103468356435,Non-Switch
5382,0.004355811652378269,Non-Switch
5383,0.004355459289486169,Non-Switch
5384,0.004354958793099869,Non-Switch
5385,0.0043549228514130674,Non-Switch
5386,0.004354931920810672,Non-Switch
5387,0.0043549540904492595,Non-Switch
5388,0.004354868099123828,Non-Switch
5389,0.004354861381051529,Non-Switch
539,0.004838234072867741,Non-Switch
5390,0.004354862724665989,Non-Switch
5391,0.004354690742015126,Non-Switch
5392,0.004354718286111553,Non-Switch
5393,0.004354756579123659,Non-Switch
5394,0.0043545510061113,Non-Switch
5395,0.004354487856231686,Non-Switch
5396,0.004354761953581499,Non-Switch
5397,0.004354560075508904,Non-Switch
5398,0.004354517079846188,Non-Switch
5399,0.004354588963219791,Non-Switch
54,0.004474985888221361,Non-Switch
540,0.0045540575991844575,Non-Switch
5400,0.00435454563165346,Non-Switch
5401,0.004354558395990829,Non-Switch
5402,0.004354694772858506,Non-Switch
5403,0.004354572503942658,Non-Switch
5404,0.004354500620569054,Non-Switch
5405,0.004354695444665735,Non-Switch
5406,0.004354917476955228,Non-Switch
5407,0.004354607102014999,Non-Switch
5408,0.004354631958882507,Non-Switch
5409,0.004354754563701969,Non-Switch
541,0.004840717408293188,Non-Switch
5410,0.004354567465388433,Non-Switch
5411,0.004354525477436562,Non-Switch
5412,0.004354542272617311,Non-Switch
5413,0.004354445196472585,Non-Switch
5414,0.004354951739123955,Non-Switch
5415,0.004355063259124123,Non-Switch
5416,0.004355440478883731,Non-Switch
5417,0.004355031012377087,Non-Switch
5418,0.004355179481774902,Non-Switch
5419,0.004355560732377889,Non-Switch
542,0.004897738054644583,Non-Switch
5420,0.004355479443703067,Non-Switch
5421,0.004355228187799072,Non-Switch
5422,0.004355127416714582,Non-Switch
5423,0.0043552033309315645,Non-Switch
5424,0.004355506987799494,Non-Switch
5425,0.004355420324666833,Non-Switch
5426,0.004356898972379915,Non-Switch
5427,0.004358202278405985,Non-Switch
5428,0.004357242265874411,Non-Switch
5429,0.004358913722262484,Non-Switch
543,0.004949802443157149,Non-Switch
5430,0.004359109218166394,Non-Switch
5431,0.0043627631776899985,Non-Switch
5432,0.004374995443732616,Non-Switch
5433,0.0043674003270946105,Non-Switch
5434,0.0043678574919145795,Non-Switch
5435,0.004375243676504076,Non-Switch
5436,0.004371084182039947,Non-Switch
5437,0.004379319866871694,Non-Switch
5438,0.004393011970024955,Non-Switch
5439,0.004390576668816449,Non-Switch
544,0.004782738764831908,Non-Switch
5440,0.004382584178201938,Non-Switch
5441,0.004375787840360322,Non-Switch
5442,0.004435742268884834,Non-Switch
5443,0.004463016970612878,Non-Switch
5444,0.00441237479800608,Non-Switch
5445,0.0043970905117178775,Non-Switch
5446,0.0044028646948591505,Non-Switch
5447,0.004389378500621864,Non-Switch
5448,0.06371682042225679,Non-Switch
5449,0.024069856086564662,Non-Switch
545,0.004634158182920195,Non-Switch
5450,0.01504995052110039,Non-Switch
5451,0.019516300999188194,Non-Switch
5452,0.009551986968679534,Non-Switch
5453,0.004983531868750387,Non-Switch
5454,0.005472950825635994,Non-Switch
5455,0.005383397242367871,Non-Switch
5456,0.004862786947603712,Non-Switch
5457,0.0046066748850472575,Non-Switch
5458,0.004627729995440583,Non-Switch
5459,0.00464471832076751,Non-Switch
546,0.004550740215083049,Non-Switch
5460,0.004645324962696139,Non-Switch
5461,0.004904340912003978,Non-Switch
5462,0.004707228303994686,Non-Switch
5463,0.00476581661251713,Non-Switch
5464,0.004693444163250924,Non-Switch
5465,0.0046963621579541375,Non-Switch
5466,0.0048276033952612835,Non-Switch
5467,0.004874228832440312,Non-Switch
5468,0.005669628438463904,Non-Switch
5469,0.006154278907631449,Non-Switch
547,0.004535128086866639,Non-Switch
5470,0.005300870762724846,Non-Switch
5471,0.005307453801770958,Non-Switch
5472,0.005506652035325576,Non-Switch
5473,0.0051625987268528375,Non-Switch
5474,0.00535445343557706,Non-Switch
5475,0.006101483592852717,Non-Switch
5476,0.006542035963640239,Non-Switch
5477,0.013273951522748698,Non-Switch
5478,0.017089934826839733,Non-Switch
5479,0.007363475489703258,Non-Switch
548,0.0045570578902733375,Non-Switch
5480,0.008984643075772326,Non-Switch
5481,0.008358986987114177,Non-Switch
5482,0.007619481742620998,Non-Switch
5483,0.00833924458804814,Non-Switch
5484,0.00707323998661321,Non-Switch
5485,0.005566640390115199,Non-Switch
5486,0.00518037810519301,Non-Switch
5487,0.005042285441851394,Non-Switch
5488,0.004943575461942901,Non-Switch
5489,0.004713824779185397,Non-Switch
549,0.004708233663514281,Non-Switch
5490,0.004515721591415569,Non-Switch
5491,0.004638565238348554,Non-Switch
5492,0.004869162734119389,Non-Switch
5493,0.004658740281270668,Non-Switch
5494,0.005313562544912737,Non-Switch
5495,0.004998924316002608,Non-Switch
5496,0.004729035502581921,Non-Switch
5497,0.005180899427603438,Non-Switch
5498,0.0052018702261894065,Non-Switch
5499,0.004840909881064563,Non-Switch
55,0.004398179511237599,Non-Switch
550,0.004615036197831002,Non-Switch
5500,0.00467467655647552,Non-Switch
5501,0.004544485017965144,Non-Switch
5502,0.004575398899457734,Non-Switch
5503,0.004706294827848695,Non-Switch
5504,0.004532785495055864,Non-Switch
5505,0.0046416689877508445,Non-Switch
5506,0.00474360532188109,Non-Switch
5507,0.004607367518301318,Non-Switch
5508,0.004663508097181502,Non-Switch
5509,0.004875685982322037,Non-Switch
551,0.004604820025285413,Non-Switch
5510,0.005147935190445093,Non-Switch
5511,0.005089104695416259,Non-Switch
5512,0.0048918866136718675,Non-Switch
5513,0.005682852291977903,Non-Switch
5514,0.006357197609625435,Non-Switch
5515,0.00901760529750898,Non-Switch
5516,0.06420237581576306,Non-Switch
5517,0.05478127369065519,Non-Switch
5518,0.01483935642150442,Non-Switch
5519,0.015407264632484772,Non-Switch
552,0.004569561230533232,Non-Switch
5520,0.008286664251582986,Non-Switch
5521,0.006263456315989526,Non-Switch
5522,0.00589677452459096,Non-Switch
5523,0.02681644320590399,Non-Switch
5524,0.010423713953131948,Non-Switch
5525,0.005971549356511405,Non-Switch
5526,0.004859335873863547,Non-Switch
5527,0.004657931761269444,Non-Switch
5528,0.004656951594520972,Non-Switch
5529,0.004517420591900069,Non-Switch
553,0.004562862304739957,Non-Switch
5530,0.004639489981000557,Non-Switch
5531,0.004500223670428248,Non-Switch
5532,0.004816703994762853,Non-Switch
5533,0.010060437552581911,Non-Switch
5534,0.008005829347061389,Non-Switch
5535,0.009006580940865783,Non-Switch
5536,0.006260151024418256,Non-Switch
5537,0.006017157005737086,Non-Switch
5538,0.006731563532119974,Non-Switch
5539,0.015051996845922764,Non-Switch
554,0.005086516558062942,Non-Switch
5540,0.019690458961861525,Non-Switch
5541,0.02572883835799219,Non-Switch
5542,0.03828969606568529,Non-Switch
5543,0.0955135103595568,Non-Switch
5544,0.0713699140242058,Non-Switch
5545,0.019295211927046214,Non-Switch
5546,0.013963655697286956,Non-Switch
5547,0.044895732416892306,Non-Switch
5548,0.038448793453877986,Non-Switch
5549,0.04325430312476847,Non-Switch
555,0.004897399463800697,Non-Switch
5550,0.03419127694044372,Non-Switch
5551,0.09097702723750739,Non-Switch
5552,0.05907953934342826,Non-Switch
5553,0.06498948666418373,Non-Switch
5554,0.0841339826700379,Non-Switch
5555,0.08714416813580045,Non-Switch
5556,0.0370730262999877,Non-Switch
5557,0.04294269474646534,Non-Switch
5558,0.2840591223963591,Non-Switch
5559,0.08186437062226413,Non-Switch
556,0.004901733292240994,Non-Switch
5560,0.3007297232119615,Non-Switch
5561,0.14950164843455327,Non-Switch
5562,0.048384491855427654,Non-Switch
5563,0.06520078347414222,Non-Switch
5564,0.08665621035963994,Non-Switch
5565,0.05514641435626829,Non-Switch
5566,0.04231613507708293,Non-Switch
5567,0.07899234096972282,Non-Switch
5568,0.05390111485365989,Non-Switch
5569,0.06084393085646117,Non-Switch
557,0.004835412482502023,Non-Switch
5570,0.007814085486530105,Non-Switch
5571,0.012559656516365978,Non-Switch
5572,0.011034343057670959,Non-Switch
5573,0.010022397811801422,Non-Switch
5574,0.007611502688151086,Non-Switch
5575,0.005400456779261171,Non-Switch
5576,0.00507483517394887,Non-Switch
5577,0.0048580658222953585,Non-Switch
5578,0.005327442418186765,Non-Switch
5579,0.009705981980960891,Non-Switch
558,0.004871674621352108,Non-Switch
5580,0.009867383667952258,Non-Switch
5581,0.017371391153049018,Non-Switch
5582,0.027400439856426775,Non-Switch
5583,0.09421377297349248,Non-Switch
5584,0.1185741158190512,Non-Switch
5585,0.02160917803175461,Non-Switch
5586,0.17185538370117015,Non-Switch
5587,0.2980529637361014,Non-Switch
5588,0.022868124626431865,Non-Switch
5589,0.020320435442815372,Non-Switch
559,0.004885867220891669,Non-Switch
5590,0.005728332969637127,Non-Switch
5591,0.004703554862061413,Non-Switch
5592,0.005775771293564375,Non-Switch
5593,0.004631372534241279,Non-Switch
5594,0.004515421293583789,Non-Switch
5595,0.0046861422904687835,Non-Switch
5596,0.006628519051963954,Non-Switch
5597,0.00523710282045962,Non-Switch
5598,0.004804155979322168,Non-Switch
5599,0.004980822470192068,Non-Switch
56,0.005133856462231005,Non-Switch
560,0.0048551911591584755,Non-Switch
5600,0.004523446366848952,Non-Switch
5601,0.0044269819026065095,Non-Switch
5602,0.004382034639887853,Non-Switch
5603,0.004374851005178181,Non-Switch
5604,0.00435915355744357,Non-Switch
5605,0.004355257075509959,Non-Switch
5606,0.004354897658641945,Non-Switch
5607,0.004355197284666495,Non-Switch
5608,0.0043549870090035265,Non-Switch
5609,0.004354513720810038,Non-Switch
561,0.004753591736354042,Non-Switch
5610,0.004354438814303901,Non-Switch
5611,0.004356123370932958,Non-Switch
5612,0.00435614923551131,Non-Switch
5613,0.004357126043223632,Non-Switch
5614,0.004357989651417711,Non-Switch
5615,0.00436055494732521,Non-Switch
5616,0.004360657733831389,Non-Switch
5617,0.004360091736240171,Non-Switch
5618,0.004361775621061998,Non-Switch
5619,0.004360877414795577,Non-Switch
562,0.005420684223147219,Non-Switch
5620,0.00435974877864929,Non-Switch
5621,0.00435774948033301,Non-Switch
5622,0.004359105187323014,Non-Switch
5623,0.004358369894309853,Non-Switch
5624,0.004357261076476849,Non-Switch
5625,0.0043562926663549,Non-Switch
5626,0.00435594970876402,Non-Switch
5627,0.004355533524185076,Non-Switch
5628,0.0043550562051482096,Non-Switch
5629,0.00435544316611265,Non-Switch
563,0.005151348307076767,Non-Switch
5630,0.004355477428281377,Non-Switch
5631,0.004356423332861122,Non-Switch
5632,0.004355891933342245,Non-Switch
5633,0.004355852632619295,Non-Switch
5634,0.004355596338161075,Non-Switch
5635,0.004355504972377805,Non-Switch
5636,0.004356251014306645,Non-Switch
5637,0.004355763618161329,Non-Switch
5638,0.004355511690450104,Non-Switch
5639,0.004356958091416149,Non-Switch
564,0.005267183996890708,Non-Switch
5640,0.004539253319162042,Non-Switch
5641,0.004387685210498818,Non-Switch
5642,0.004419481510787924,Non-Switch
5643,0.004417057966205942,Non-Switch
5644,0.004457245474700524,Non-Switch
5645,0.004498719829944044,Non-Switch
5646,0.0044676880462826,Non-Switch
5647,0.004468629248211737,Non-Switch
5648,0.00437485167698541,Non-Switch
5649,0.004368668363241108,Non-Switch
565,0.005952477421060841,Non-Switch
5650,0.0043672851121546764,Non-Switch
5651,0.004364217976246418,Non-Switch
5652,0.004361996645640645,Non-Switch
5653,0.004359583514070726,Non-Switch
5654,0.004356901659608834,Non-Switch
5655,0.004357006125633089,Non-Switch
5656,0.004355654785390079,Non-Switch
5657,0.004355240952136441,Non-Switch
5658,0.004355013209485494,Non-Switch
5659,0.004355019927557793,Non-Switch
566,0.005082751750346399,Non-Switch
5660,0.004354981970449302,Non-Switch
5661,0.004354918484666073,Non-Switch
5662,0.004354894299605796,Non-Switch
5663,0.004354689398400666,Non-Switch
5664,0.00435444889141235,Non-Switch
5665,0.004354394475026726,Non-Switch
5666,0.004354376000327902,Non-Switch
5667,0.004354371969484522,Non-Switch
5668,0.004354356853821849,Non-Switch
5669,0.004354343753580865,Non-Switch
567,0.004800080124858165,Non-Switch
5670,0.004354339050930256,Non-Switch
5671,0.004354340730448331,Non-Switch
5672,0.004354338043219411,Non-Switch
5673,0.004354344425388095,Non-Switch
5674,0.004354340730448331,Non-Switch
5675,0.004354355846111004,Non-Switch
5676,0.004354358533339924,Non-Switch
5677,0.004354363907797763,Non-Switch
5678,0.004354366930930298,Non-Switch
5679,0.004354390444183346,Non-Switch
568,0.004678708743469577,Non-Switch
5680,0.004354365587315838,Non-Switch
5681,0.004354456953099109,Non-Switch
5682,0.004354395146833955,Non-Switch
5683,0.004354419331894233,Non-Switch
5684,0.004354497261532905,Non-Switch
5685,0.004355004475991504,Non-Switch
5686,0.004355107262497684,Non-Switch
5687,0.004355292009485916,Non-Switch
5688,0.004354737096713991,Non-Switch
5689,0.004358434051900312,Non-Switch
569,0.004636423852803144,Non-Switch
5690,0.0043550599000879734,Non-Switch
5691,0.004354480802255771,Non-Switch
5692,0.004354737768521221,Non-Switch
5693,0.004354600048039085,Non-Switch
5694,0.00435459299406317,Non-Switch
5695,0.004354616171412603,Non-Switch
5696,0.004354960136714329,Non-Switch
5697,0.004355264801293103,Non-Switch
5698,0.00435459971213547,Non-Switch
5699,0.004354904376714245,Non-Switch
57,0.004417737835122634,Non-Switch
570,0.005642014474084745,Non-Switch
5700,0.004355118011413363,Non-Switch
5701,0.004354683688039211,Non-Switch
5702,0.004354524133822102,Non-Switch
5703,0.004354758258641734,Non-Switch
5704,0.004354518087557033,Non-Switch
5705,0.0043544243704484575,Non-Switch
5706,0.00435439749815926,Non-Switch
5707,0.004355381359847497,Non-Switch
5708,0.0043544492273159645,Non-Switch
5709,0.004354413621532778,Non-Switch
571,0.004939633968924885,Non-Switch
5710,0.0043555251265947025,Non-Switch
5711,0.004355710209486549,Non-Switch
5712,0.004355007835027654,Non-Switch
5713,0.00435440421623156,Non-Switch
5714,0.004354414629243623,Non-Switch
5715,0.004354361892376073,Non-Switch
5716,0.004354368610448373,Non-Switch
5717,0.004354341066351946,Non-Switch
5718,0.004354384062014662,Non-Switch
5719,0.004354366930930298,Non-Switch
572,0.004688221533845426,Non-Switch
5720,0.004354388764665271,Non-Switch
5721,0.0043543847338218915,Non-Switch
5722,0.004354360548761614,Non-Switch
5723,0.004354347784424245,Non-Switch
5724,0.0043543534947856994,Non-Switch
5725,0.004354342409966405,Non-Switch
5726,0.004354340730448331,Non-Switch
5727,0.00435434543309894,Non-Switch
5728,0.004354335020086877,Non-Switch
5729,0.004354335020086877,Non-Switch
573,0.004443704528173998,Non-Switch
5730,0.004354334348279646,Non-Switch
5731,0.004354342409966405,Non-Switch
5732,0.0043543484562314745,Non-Switch
5733,0.004354354166592929,Non-Switch
5734,0.004354371297677293,Non-Switch
5735,0.004354394475026726,Non-Switch
5736,0.004354426721773762,Non-Switch
5737,0.0043543632359905335,Non-Switch
5738,0.004354382382496587,Non-Switch
5739,0.004354380702978512,Non-Switch
574,0.004397977297261389,Non-Switch
5740,0.004354408582978554,Non-Switch
5741,0.004354392123701421,Non-Switch
5742,0.004354559067798059,Non-Switch
5743,0.004354806628762289,Non-Switch
5744,0.004355970534788148,Non-Switch
5745,0.004388069484234339,Non-Switch
5746,0.004393316970507345,Non-Switch
5747,0.0045659196994433816,Non-Switch
5748,0.004657554205606222,Non-Switch
5749,0.005057517327175662,Non-Switch
575,0.0044304853773106095,Non-Switch
5750,0.006260450650442806,Non-Switch
5751,0.006153878510522409,Non-Switch
5752,0.00907673776988767,Non-Switch
5753,0.006659908572975336,Non-Switch
5754,0.007084619729281042,Non-Switch
5755,0.008239987085247253,Non-Switch
5756,0.0062114866522963805,Non-Switch
5757,0.009283573108032165,Non-Switch
5758,0.00945710696178889,Non-Switch
5759,0.007506782048956383,Non-Switch
576,0.0044132384062001585,Non-Switch
5760,0.005107368110865598,Non-Switch
5761,0.004996936102505622,Non-Switch
5762,0.005683603372460968,Non-Switch
5763,0.005765848028971037,Non-Switch
5764,0.005287554535716732,Non-Switch
5765,0.00527182316171701,Non-Switch
5766,0.005636022625400974,Non-Switch
5767,0.007160285377588379,Non-Switch
5768,0.007310180350345455,Non-Switch
5769,0.016020380095581765,Non-Switch
577,0.004452645946500789,Non-Switch
5770,0.010247443828527707,Non-Switch
5771,0.009029663565479046,Non-Switch
5772,0.00631563827076733,Non-Switch
5773,0.008814542156960559,Non-Switch
5774,0.008826060291917757,Non-Switch
5775,0.018582620623798604,Non-Switch
5776,0.011423662737296572,Non-Switch
5777,0.007060225065147721,Non-Switch
5778,0.007013959716643935,Non-Switch
5779,0.009961237825202796,Non-Switch
578,0.004467714918571798,Non-Switch
5780,0.007213084051403261,Non-Switch
5781,0.012188234453153006,Non-Switch
5782,0.006721806203912429,Non-Switch
5783,0.00885516029388953,Non-Switch
5784,0.010995786025323423,Non-Switch
5785,0.22682482253524278,Non-Switch
5786,0.47179648046760025,Non-Switch
5787,0.17775725858625077,Non-Switch
5788,0.29905557959496887,Non-Switch
5789,0.08321035521803702,Non-Switch
579,0.004481609907508499,Non-Switch
5790,0.037888850189415714,Non-Switch
5791,0.03624585155560275,Non-Switch
5792,0.018678952406113135,Non-Switch
5793,0.010845666668951549,Non-Switch
5794,0.008652940271414673,Non-Switch
5795,0.008713440543313506,Non-Switch
5796,0.005830378472442236,Non-Switch
5797,0.005230012902858524,Non-Switch
5798,0.005187108941829707,Non-Switch
5799,0.00496334372558729,Non-Switch
58,0.004771490696381143,Non-Switch
580,0.004432615006229496,Non-Switch
5800,0.004667311869717381,Non-Switch
5801,0.004716461286659268,Non-Switch
5802,0.004657837708257253,Non-Switch
5803,0.004625307458569445,Non-Switch
5804,0.0046076073534824045,Non-Switch
5805,0.004507231963450908,Non-Switch
5806,0.004444469044801662,Non-Switch
5807,0.004491625881499568,Non-Switch
5808,0.006243762958851274,Non-Switch
5809,0.004895339366930107,Non-Switch
581,0.004495986582229062,Non-Switch
5810,0.005832125843047291,Non-Switch
5811,0.007902111044253746,Non-Switch
5812,0.0053676813199344375,Non-Switch
5813,0.004478540420274936,Non-Switch
5814,0.004398520789310405,Non-Switch
5815,0.004367244803720881,Non-Switch
5816,0.004362509906364314,Non-Switch
5817,0.004358622829731922,Non-Switch
5818,0.004358558672141464,Non-Switch
5819,0.0043618159294957935,Non-Switch
582,0.0045406805736220345,Non-Switch
5820,0.004357717233585973,Non-Switch
5821,0.00436115285575985,Non-Switch
5822,0.0043635370996188815,Non-Switch
5823,0.004359074284190438,Non-Switch
5824,0.004355191910208655,Non-Switch
5825,0.004358616783466853,Non-Switch
5826,0.0043606459772048654,Non-Switch
5827,0.004356273183945232,Non-Switch
5828,0.0043599247921435325,Non-Switch
5829,0.004357533158404972,Non-Switch
583,0.004515429355270549,Non-Switch
5830,0.004358478055273872,Non-Switch
5831,0.004362189454315636,Non-Switch
5832,0.004419776434161865,Non-Switch
5833,0.004408201195590122,Non-Switch
5834,0.0043920915941199476,Non-Switch
5835,0.004469676931586817,Non-Switch
5836,0.0044023151565450655,Non-Switch
5837,0.004522353672389466,Non-Switch
5838,0.004412163178728651,Non-Switch
5839,0.004585617087425013,Non-Switch
584,0.0045093518511649605,Non-Switch
5840,0.005560258557334452,Non-Switch
5841,0.004988126358395898,Non-Switch
5842,0.0049699328108984715,Non-Switch
5843,0.005156447659855572,Non-Switch
5844,0.004826181179355515,Non-Switch
5845,0.004448898941675839,Non-Switch
5846,0.004431216639480391,Non-Switch
5847,0.004355301414787135,Non-Switch
5848,0.004354628263942742,Non-Switch
5849,0.004354587283701716,Non-Switch
585,0.004466952417365824,Non-Switch
5850,0.0043546057584005395,Non-Switch
5851,0.004354998429726435,Non-Switch
5852,0.0043553732981607375,Non-Switch
5853,0.004355051838401214,Non-Switch
5854,0.004354880191653967,Non-Switch
5855,0.004354704178159724,Non-Switch
5856,0.004354629943460817,Non-Switch
5857,0.004354471061050938,Non-Switch
5858,0.004354673946834377,Non-Switch
5859,0.0043546124764728385,Non-Switch
586,0.004511657829481705,Non-Switch
5860,0.004354560075508904,Non-Switch
5861,0.004354557724183599,Non-Switch
5862,0.004354876832617817,Non-Switch
5863,0.004355282940088311,Non-Switch
5864,0.004356479428764822,Non-Switch
5865,0.004357134440814006,Non-Switch
5866,0.004359224097202713,Non-Switch
5867,0.004363246542991936,Non-Switch
5868,0.004369069432157378,Non-Switch
5869,0.004862773847362728,Non-Switch
587,0.0044534141580682175,Non-Switch
5870,0.004986505287550069,Non-Switch
5871,0.0044381278563583254,Non-Switch
5872,0.0044726466554467345,Non-Switch
5873,0.004455934778794925,Non-Switch
5874,0.006114593239137626,Non-Switch
5875,0.013562629776679762,Non-Switch
5876,0.008601706908445535,Non-Switch
5877,0.006670062267448542,Non-Switch
5878,0.006165941481143083,Non-Switch
5879,0.008028637874324838,Non-Switch
588,0.004456941817832595,Non-Switch
5880,0.006449280211210641,Non-Switch
5881,0.005309245847556803,Non-Switch
5882,0.004753451328642986,Non-Switch
5883,0.19160146427082675,Non-Switch
5884,0.004594284072498376,Non-Switch
5885,0.014489933357842828,Non-Switch
5886,0.018824480631875647,Non-Switch
5887,0.0055851789106251964,Non-Switch
5888,0.06047992957591004,Non-Switch
5889,0.09951261219115401,Non-Switch
589,0.004734278622107933,Non-Switch
5890,0.42115072847188134,Non-Switch
5891,0.4022277353714228,Non-Switch
5892,0.501735521299437,Non-Switch
5893,0.19394281458184168,Non-Switch
5894,0.4583331196144443,Non-Switch
5895,0.44284062145508346,Non-Switch
5896,0.1890603346130033,Non-Switch
5897,0.04631473439687214,Non-Switch
5898,0.25978596400587217,Non-Switch
5899,0.0855499427068806,Non-Switch
59,0.00456793512113318,Non-Switch
590,0.00470789339315232,Non-Switch
5900,0.12627319865673248,Non-Switch
5901,0.19946655336225336,Non-Switch
5902,0.06941887833932402,Non-Switch
5903,0.18926488647837328,Non-Switch
5904,0.1869335541567711,Non-Switch
5905,0.1868791431456044,Non-Switch
5906,0.09352678827462099,Non-Switch
5907,0.044792628817700054,Non-Switch
5908,0.5021276847390669,Non-Switch
5909,0.030879952540249323,Non-Switch
591,0.0046362330595498425,Non-Switch
5910,0.04191245148707412,Non-Switch
5911,0.4298141825264445,Non-Switch
5912,0.3796847654442784,Non-Switch
5913,0.38611356292485566,Non-Switch
5914,0.36721051981189723,Non-Switch
5915,0.3227395254235998,Non-Switch
5916,0.433542938379801,Non-Switch
5917,0.47022774071775514,Non-Switch
5918,0.06547712734733172,Non-Switch
5919,0.015293253571107328,Non-Switch
592,0.0051660461056532376,Non-Switch
5920,0.012326229032639052,Non-Switch
5921,0.008729667375145304,Non-Switch
5922,0.008651164684905961,Non-Switch
5923,0.2507509414341199,Non-Switch
5924,0.39491000256419845,Non-Switch
5925,0.4162155573183849,Non-Switch
5926,0.4447468341615841,Non-Switch
5927,0.32609602482916383,Non-Switch
5928,0.4616349285370339,Non-Switch
5929,0.38631697540516363,Non-Switch
593,0.005005666573362214,Non-Switch
5930,0.2940470148452167,Non-Switch
5931,0.21533049105181512,Non-Switch
5932,0.4758118884042824,Non-Switch
5933,0.2562602551696905,Non-Switch
5934,0.0918478721390669,Non-Switch
5935,0.030192897973425923,Non-Switch
5936,0.1533230384432308,Non-Switch
5937,0.039068256151683384,Non-Switch
5938,0.034309544572430024,Non-Switch
5939,0.05858527195376422,Non-Switch
594,0.004468743455440825,Non-Switch
5940,0.15346860025935483,Non-Switch
5941,0.13676058246827408,Non-Switch
5942,0.026200447033405048,Non-Switch
5943,0.032009789877863626,Non-Switch
5944,0.4127949513797118,Non-Switch
5945,0.46316604708200276,Non-Switch
5946,0.4945254926273155,Non-Switch
5947,0.48326325173122714,Non-Switch
5948,0.25015366718550475,Non-Switch
5949,0.32909125317875915,Non-Switch
595,0.0046564981246407676,Non-Switch
5950,0.3419829866961098,Non-Switch
5951,0.49327328694638334,Non-Switch
5952,0.12018971009234074,Non-Switch
5953,0.19801342894945076,Non-Switch
5954,0.08173083684278484,Non-Switch
5955,0.05136864344741584,Non-Switch
5956,0.02725335438150528,Non-Switch
5957,0.019866450958272573,Non-Switch
5958,0.018299776343852277,Non-Switch
5959,0.010513807333509321,Non-Switch
596,0.006377539260740572,Non-Switch
5960,0.008867728463547114,Non-Switch
5961,0.00702632298509639,Non-Switch
5962,0.006085649096443199,Non-Switch
5963,0.006114737005884832,Non-Switch
5964,0.005884681994452168,Non-Switch
5965,0.46329365820894297,Non-Switch
5966,0.006527475885545904,Non-Switch
5967,0.009734164966063804,Non-Switch
5968,0.01295710036082317,Non-Switch
5969,0.010071063527537758,Non-Switch
597,0.006142023800143014,Non-Switch
5970,0.016584448256435822,Non-Switch
5971,0.006601775077947558,Non-Switch
5972,0.013123641373123524,Non-Switch
5973,0.030278217491627395,Non-Switch
5974,0.059680108134699025,Non-Switch
5975,0.13396043618933556,Non-Switch
5976,0.2769026878178127,Non-Switch
5977,0.5261072687445311,Non-Switch
5978,0.7709864430063871,Non-Switch
5979,0.794959534666781,Non-Switch
598,0.006892441881279222,Non-Switch
5980,0.5229522900101156,Non-Switch
5981,0.5512146719786908,Non-Switch
5982,0.5171863566616263,Non-Switch
5983,0.2671974488556481,Non-Switch
5984,0.1522065593205765,Non-Switch
5985,0.14881881281713386,Non-Switch
5986,0.1318784249669061,Non-Switch
5987,0.27672954428405655,Non-Switch
5988,0.510356194669598,Non-Switch
5989,0.5059438507747245,Non-Switch
599,0.006038708581673331,Non-Switch
5990,0.5012233999608302,Non-Switch
5991,0.810472885722559,Non-Switch
5992,0.9981756107874826,Non-Switch
5993,0.9981349368905537,Non-Switch
5994,0.9940062353826156,Non-Switch
5995,0.9947073226588579,Non-Switch
5996,0.9985616258473442,Non-Switch
5997,0.9991706164140495,Non-Switch
5998,0.9993953117474017,Non-Switch
5999,0.9990569358818291,Non-Switch
6,0.024988028463858482,Non-Switch
60,0.004687113387819652,Non-Switch
600,0.006146096967378097,Non-Switch
6000,0.9991311463956765,Non-Switch
6001,0.9583366896283674,Non-Switch
6002,0.9884649543718159,Non-Switch
6003,0.9844565547281564,Non-Switch
6004,0.9844998943561739,Non-Switch
6005,0.9887473498845326,Non-Switch
6006,0.9896954902387393,Non-Switch
6007,0.9674861666542688,Non-Switch
6008,0.9275216121686982,Non-Switch
6009,0.9004940226376552,Non-Switch
601,0.0062573462292332864,Non-Switch
6010,0.9924547798891822,Non-Switch
6011,0.9771488399103448,Non-Switch
6012,0.6756108842306535,Non-Switch
6013,0.9947934859669401,Non-Switch
6014,0.9979665658753589,Non-Switch
6015,0.9954847702320831,Non-Switch
6016,0.9181944770644554,Non-Switch
6017,0.9342568827331129,Non-Switch
6018,0.9619662114921761,Non-Switch
6019,0.9985107189826888,Non-Switch
602,0.006033702274195872,Non-Switch
6020,0.9992704523428753,Non-Switch
6021,0.9992434510666899,Non-Switch
6022,0.9992312402984785,Non-Switch
6023,0.9941603318377886,Non-Switch
6024,0.9914797242501155,Non-Switch
6025,0.9994415750804838,Non-Switch
6026,0.9996175993236419,Non-Switch
6027,0.9989286368242855,Non-Switch
6028,0.9996043566595254,Non-Switch
6029,0.9864037423012252,Non-Switch
603,0.006194457010824813,Non-Switch
6030,0.6795942603986125,Non-Switch
6031,0.42283138593177544,Non-Switch
6032,0.23987929463597243,Non-Switch
6033,0.12364744278576886,Non-Switch
6034,0.04404135754138183,Non-Switch
6035,0.023802689100136047,Non-Switch
6036,0.014231462244198466,Non-Switch
6037,0.013729549688257797,Non-Switch
6038,0.02633327675890737,Non-Switch
6039,0.10104645021178965,Non-Switch
604,0.004383427296275503,Non-Switch
6040,0.1372725425731456,Non-Switch
6041,0.25081173730119993,Non-Switch
6042,0.5057695893537377,Non-Switch
6043,0.8169122601361642,Non-Switch
6044,0.9980762048152839,Non-Switch
6045,0.996561123652508,Non-Switch
6046,0.9969813632598913,Non-Switch
6047,0.9977169330576315,Non-Switch
6048,0.996126781467754,Non-Switch
6049,0.9958015622749724,Non-Switch
605,0.004379138143015997,Non-Switch
6050,0.9984714209469667,Non-Switch
6051,0.9939100970807833,Non-Switch
6052,0.9991578037065602,Non-Switch
6053,0.9993175755892117,Non-Switch
6054,0.9986894949482608,Non-Switch
6055,0.9994082104462164,Non-Switch
6056,0.9971352877324136,Non-Switch
6057,0.9979059419909297,Non-Switch
6058,0.9968970917609685,Non-Switch
6059,0.9982426840213192,Non-Switch
606,0.004398823774371104,Non-Switch
6060,0.997720028745347,Non-Switch
6061,0.9976753992474482,Non-Switch
6062,0.9942024675872501,Non-Switch
6063,0.9930468301647775,Non-Switch
6064,0.9890187385075941,Non-Switch
6065,0.9754247138354452,Non-Switch
6066,0.9878078086628691,Non-Switch
6067,0.8033172035681101,Non-Switch
6068,0.5407488827387481,Non-Switch
6069,0.35694111326140854,Non-Switch
607,0.004499694958138291,Non-Switch
6070,0.19632634363798068,Non-Switch
6071,0.10657874512908176,Non-Switch
6072,0.07315044503413061,Non-Switch
6073,0.06101188803840222,Non-Switch
6074,0.046014232335694266,Non-Switch
6075,0.006541943254242509,Non-Switch
6076,0.013997997139266662,Non-Switch
6077,0.036385152128343784,Non-Switch
6078,0.11398813394030033,Non-Switch
608,0.004530778806860054,Non-Switch
6080,0.9734191381524085,Non-Switch
6084,0.918578084367205,Non-Switch
6085,0.9495956713982651,Non-Switch
6087,0.8426616746059948,Non-Switch
6088,0.5338662230425439,Non-Switch
6089,0.2894584532267029,Non-Switch
609,0.004499494087776541,Non-Switch
6090,0.16066053850638873,Non-Switch
6091,0.058442854195476304,Non-Switch
6092,0.024982092375174795,Non-Switch
6093,0.010525676823647774,Non-Switch
6094,0.004360246923710285,Non-Switch
6095,0.004427911347909121,Non-Switch
6096,0.004899808564527236,Non-Switch
6097,0.004731503050537465,Non-Switch
6098,0.00448915262318257,Non-Switch
6099,0.004482919931606868,Non-Switch
61,0.0050916699913237575,Non-Switch
610,0.004456770842892577,Non-Switch
6100,0.004468827095440952,Non-Switch
6101,0.004891651481141391,Non-Switch
6102,0.005383638085259802,Non-Switch
6103,0.007188070652811172,Non-Switch
6104,0.004912129509124204,Non-Switch
6105,0.004759278248651808,Non-Switch
6106,0.004686403623481228,Non-Switch
6107,0.004627774334717758,Non-Switch
6108,0.004482935047269541,Non-Switch
6109,0.0048095395065592345,Non-Switch
611,0.004431126281407965,Non-Switch
6110,0.004586356075377939,Non-Switch
6111,0.004427490460679568,Non-Switch
6112,0.004434303929605548,Non-Switch
6113,0.004377586604218467,Non-Switch
6114,0.004367580035528618,Non-Switch
6115,0.004357488147320566,Non-Switch
6116,0.004355609102498444,Non-Switch
6117,0.004358354106839949,Non-Switch
6118,0.004357166015753813,Non-Switch
6119,0.004357651732381055,Non-Switch
612,0.004427204270799618,Non-Switch
6120,0.004357347403705895,Non-Switch
6121,0.004356199621053555,Non-Switch
6122,0.004355904025872385,Non-Switch
6123,0.004355282940088311,Non-Switch
6124,0.004356107919366669,Non-Switch
6125,0.004355386734305336,Non-Switch
6126,0.004356303751174195,Non-Switch
6127,0.004356583222981846,Non-Switch
6128,0.0043557676490047085,Non-Switch
6129,0.0043580269367189724,Non-Switch
613,0.004449264740712537,Non-Switch
6130,0.004355075687557877,Non-Switch
6131,0.004354926546352832,Non-Switch
6132,0.0043548701145455174,Non-Switch
6133,0.004354858693822609,Non-Switch
6134,0.0043574542210554545,Non-Switch
6135,0.004355729020088987,Non-Switch
6136,0.004355126409003737,Non-Switch
6137,0.004354688726593436,Non-Switch
6138,0.004354459976231644,Non-Switch
6139,0.004354409254785784,Non-Switch
614,0.004480160819313534,Non-Switch
6140,0.004354397834062875,Non-Switch
6141,0.004354371297677293,Non-Switch
6142,0.004354371969484522,Non-Switch
6143,0.004354403544424329,Non-Switch
6144,0.004354362228279688,Non-Switch
6145,0.004354387421050811,Non-Switch
6146,0.004354371969484522,Non-Switch
6147,0.0043543632359905335,Non-Switch
6148,0.004354372977195368,Non-Switch
6149,0.004354357525629079,Non-Switch
615,0.004517534799129158,Non-Switch
6150,0.004354356853821849,Non-Switch
6151,0.004354363907797763,Non-Switch
6152,0.004354384397918277,Non-Switch
6153,0.004354418324183388,Non-Switch
6154,0.004354527828761867,Non-Switch
6155,0.0043549144538226935,Non-Switch
6156,0.00435484928852139,Non-Switch
6157,0.004354863732376833,Non-Switch
6158,0.004354888925147956,Non-Switch
6159,0.004354874145388897,Non-Switch
616,0.004460879280007231,Non-Switch
6160,0.004355234905871371,Non-Switch
6161,0.004355409239847539,Non-Switch
6162,0.004356124378643802,Non-Switch
6163,0.004355187207558046,Non-Switch
6164,0.004354875489003357,Non-Switch
6165,0.004354864740087679,Non-Switch
6166,0.004354815698159893,Non-Switch
6167,0.004354806292858674,Non-Switch
6168,0.004354797559364685,Non-Switch
6169,0.004354997086111975,Non-Switch
617,0.004494127019816608,Non-Switch
6170,0.004354911430690158,Non-Switch
6171,0.004354837867798481,Non-Switch
6172,0.004354941997919121,Non-Switch
6173,0.004355057884666284,Non-Switch
6174,0.004361862956001889,Non-Switch
6175,0.004361184094796041,Non-Switch
6176,0.004356899644187145,Non-Switch
6177,0.004356537540090211,Non-Switch
6178,0.004356771329006227,Non-Switch
6179,0.00435784756418858,Non-Switch
618,0.004517723576960769,Non-Switch
6180,0.0043577958350318755,Non-Switch
6181,0.004356629577680712,Non-Switch
6182,0.004355932577679657,Non-Switch
6183,0.004355466679365698,Non-Switch
6184,0.004354985665389066,Non-Switch
6185,0.004354799574786375,Non-Switch
6186,0.004354688726593436,Non-Switch
6187,0.004354549998400454,Non-Switch
6188,0.004354495917918445,Non-Switch
6189,0.004354545967557075,Non-Switch
619,0.004592980094665076,Non-Switch
6190,0.004354728027316387,Non-Switch
6191,0.004356567771415558,Non-Switch
6192,0.004356293002258515,Non-Switch
6193,0.004356116652860658,Non-Switch
6194,0.004357981925634567,Non-Switch
6195,0.004356403850451455,Non-Switch
6196,0.004356585238403536,Non-Switch
6197,0.00435644483069248,Non-Switch
6198,0.004356507308764864,Non-Switch
6199,0.004357391407079456,Non-Switch
62,0.5018798147435108,Non-Switch
620,0.004537048111929788,Non-Switch
6200,0.004357230173344272,Non-Switch
6201,0.00435725167117563,Non-Switch
6202,0.004358908347804644,Non-Switch
6203,0.004357209683223759,Non-Switch
6204,0.0043569312191269515,Non-Switch
6205,0.004356420645632203,Non-Switch
6206,0.004357664160814808,Non-Switch
6207,0.004357872421056088,Non-Switch
6208,0.004363071537208538,Non-Switch
6209,0.004359725601299857,Non-Switch
621,0.004536194244940543,Non-Switch
6210,0.004359242571901536,Non-Switch
6211,0.004355988001776126,Non-Switch
6212,0.004355738089486591,Non-Switch
6213,0.004355178474064057,Non-Switch
6214,0.0043550447844253005,Non-Switch
6215,0.004355025973822862,Non-Switch
6216,0.004354906728039549,Non-Switch
6217,0.004354805621051444,Non-Switch
6218,0.004354925202738372,Non-Switch
6219,0.004354841226834631,Non-Switch
622,0.004586361449835778,Non-Switch
6220,0.004354891612376875,Non-Switch
6221,0.00435484525767801,Non-Switch
6222,0.004354827118882802,Non-Switch
6223,0.004355086436473556,Non-Switch
6224,0.004355173771413447,Non-Switch
6225,0.004355969862980918,Non-Switch
6226,0.004356112957920893,Non-Switch
6227,0.004356157297198069,Non-Switch
6228,0.004355525798401932,Non-Switch
6229,0.004355692406594956,Non-Switch
623,0.004622018290371694,Non-Switch
6230,0.004355658816233459,Non-Switch
6231,0.004355604399847834,Non-Switch
6232,0.0043558452427397655,Non-Switch
6233,0.004355990689005045,Non-Switch
6234,0.00435544115069096,Non-Switch
6235,0.004355359526112524,Non-Switch
6236,0.004355772351655318,Non-Switch
6237,0.004357051808524724,Non-Switch
6238,0.004361656711182299,Non-Switch
6239,0.004360072925637733,Non-Switch
624,0.0045476942411025335,Non-Switch
6240,0.0043621672846770486,Non-Switch
6241,0.0043651131593803036,Non-Switch
6242,0.004379022256268833,Non-Switch
6243,0.0043719964962581955,Non-Switch
6244,0.0043720838311980875,Non-Switch
6245,0.0043787427844611815,Non-Switch
6246,0.004374766357467209,Non-Switch
6247,0.004379119668317174,Non-Switch
6248,0.0043780363791589075,Non-Switch
6249,0.004542013439166221,Non-Switch
625,0.004716105564731019,Non-Switch
6250,0.006032616633712301,Non-Switch
6251,0.005205575578966101,Non-Switch
6252,0.004778658207717296,Non-Switch
6253,0.010937927971259916,Non-Switch
6254,0.004437120145513426,Non-Switch
6255,0.004901096418987017,Non-Switch
6256,0.004992920374788698,Non-Switch
6257,0.004878701053169975,Non-Switch
6258,0.00468147860467859,Non-Switch
6259,0.0048218950492285445,Non-Switch
626,0.00474490459706378,Non-Switch
6260,0.005110037872797351,Non-Switch
6261,0.005359276675584362,Non-Switch
6262,0.004754745229367837,Non-Switch
6263,0.005210083069575336,Non-Switch
6264,0.015695668789066024,Non-Switch
6265,0.03561109852524408,Non-Switch
6266,0.01362677661822267,Non-Switch
6267,0.10971353739985225,Non-Switch
6268,0.30035108190825566,Non-Switch
6269,0.4317887153410004,Non-Switch
627,0.0046952697993982665,Non-Switch
6270,0.1435288199570761,Non-Switch
6271,0.049679972670883116,Non-Switch
6272,0.019153513002494318,Non-Switch
6273,0.012279897175219504,Non-Switch
6274,0.008909132614935105,Non-Switch
6275,0.007557589486141745,Non-Switch
6276,0.007660541256900033,Non-Switch
6277,0.006557456626796117,Non-Switch
6278,0.007195444408966915,Non-Switch
6279,0.006731169853083233,Non-Switch
628,0.004623750209410461,Non-Switch
6280,0.005874332132267823,Non-Switch
6281,0.00940698543978529,Non-Switch
6282,0.0078109844243567355,Non-Switch
6283,0.005621731270198612,Non-Switch
6284,0.02578675889012808,Non-Switch
6285,0.031001307798264394,Non-Switch
6286,0.06438694007242805,Non-Switch
6287,0.030642363882540193,Non-Switch
6288,0.010901749136506343,Non-Switch
6289,0.012237077525998043,Non-Switch
629,0.004485430139321512,Non-Switch
6290,0.01794092110668243,Non-Switch
6291,0.03215192010265714,Non-Switch
6292,0.011733150891982036,Non-Switch
6293,0.008630134431380143,Non-Switch
6294,0.008144507154500276,Non-Switch
6295,0.010611674867151479,Non-Switch
6296,0.011379198503976238,Non-Switch
6297,0.013443011812161298,Non-Switch
6298,0.013824390058521875,Non-Switch
6299,0.015835694913615386,Non-Switch
63,0.4441561167515331,Non-Switch
630,0.004490792168727221,Non-Switch
6300,0.009044599183814913,Non-Switch
6301,0.01846434089928217,Non-Switch
6302,0.021840608904394175,Non-Switch
6303,0.04007286055995144,Non-Switch
6304,0.07133542612824996,Non-Switch
6305,0.06048770641640374,Non-Switch
6306,0.031617553883052874,Non-Switch
6307,0.01972911609348632,Non-Switch
6308,0.03374587949591393,Non-Switch
6309,0.05307776941048555,Non-Switch
631,0.004525996882997392,Non-Switch
6310,0.033356346853396425,Non-Switch
6311,0.038185313345527244,Non-Switch
6312,0.03336035082448682,Non-Switch
6313,0.09076208117067591,Non-Switch
6314,0.03280499734701946,Non-Switch
6315,0.09756201721181508,Non-Switch
6316,0.08729109506421567,Non-Switch
6317,0.05820364245149965,Non-Switch
6318,0.04056696671588029,Non-Switch
6319,0.04547235262403043,Non-Switch
632,0.004638055336661035,Non-Switch
6320,0.0437162109037811,Non-Switch
6321,0.01677305679262501,Non-Switch
6322,0.015582700372509436,Non-Switch
6323,0.015436238334697316,Non-Switch
6324,0.027387842127251077,Non-Switch
6325,0.0149537947522801,Non-Switch
6326,0.23344609009996684,Non-Switch
6327,0.04814930020591492,Non-Switch
6328,0.039031118648012696,Non-Switch
6329,0.054032531096750436,Non-Switch
633,0.004550987440143664,Non-Switch
6330,0.054080616371040106,Non-Switch
6331,0.026681372331482614,Non-Switch
6332,0.15506602886514698,Non-Switch
6333,0.12703820973451727,Non-Switch
6334,0.060274576916322,Non-Switch
6335,0.10747290442874886,Non-Switch
6336,0.13252756273367208,Non-Switch
6337,0.15821103260581246,Non-Switch
6338,0.043605056366745325,Non-Switch
6339,0.06165169037190107,Non-Switch
634,0.004487887610168606,Non-Switch
6340,0.03332687870106265,Non-Switch
6341,0.025013605508716483,Non-Switch
6342,0.021743667121114866,Non-Switch
6343,0.027982657561404698,Non-Switch
6344,0.031920090176522996,Non-Switch
6345,0.04512097594494419,Non-Switch
6346,0.01794729387006557,Non-Switch
6347,0.009202115809595578,Non-Switch
6348,0.01129743687686449,Non-Switch
6349,0.01379153868497816,Non-Switch
635,0.0044758431142467555,Non-Switch
6350,0.006032729497326929,Non-Switch
6351,0.013168673955360382,Non-Switch
6352,0.006431385953834149,Non-Switch
6353,0.00905694229805047,Non-Switch
6354,0.019604329244140753,Non-Switch
6355,0.01590066807805111,Non-Switch
6356,0.01249531485072639,Non-Switch
6357,0.048166718823772624,Non-Switch
6358,0.022198449712646826,Non-Switch
6359,0.053778034394678355,Non-Switch
636,0.00441167679029418,Non-Switch
6360,0.02899243488534324,Non-Switch
6361,0.04158010576319742,Non-Switch
6362,0.029486312626813914,Non-Switch
6363,0.055878103795448435,Non-Switch
6364,0.07847910174388548,Non-Switch
6365,0.5056026371954127,Non-Switch
6366,0.06497115438849334,Non-Switch
6367,0.4211761389085463,Non-Switch
6368,0.35633115529229226,Non-Switch
6369,0.37911352506943763,Non-Switch
637,0.004391738223517003,Non-Switch
6370,0.21560839351777805,Non-Switch
6371,0.07707037035283686,Non-Switch
6372,0.025495850236193638,Non-Switch
6373,0.01921851169560478,Non-Switch
6374,0.008656306025636638,Non-Switch
6375,0.01885127767866321,Non-Switch
6376,0.014639297602888257,Non-Switch
6377,0.021761781731262777,Non-Switch
6378,0.01566119701648371,Non-Switch
6379,0.4329277564376648,Non-Switch
638,0.004382879101575878,Non-Switch
6380,0.03669757204978068,Non-Switch
6381,0.19942437461712925,Non-Switch
6382,0.47016866467718377,Non-Switch
6383,0.18169838076667585,Non-Switch
6384,0.11687375559671764,Non-Switch
6385,0.5061958053582385,Non-Switch
6386,0.4693582394306555,Non-Switch
6387,0.5055885776137047,Non-Switch
6388,0.3915298125484781,Non-Switch
6389,0.4914335885301039,Non-Switch
639,0.0043717109781854745,Non-Switch
6390,0.5001025030338319,Non-Switch
6391,0.4998655539366057,Non-Switch
6392,0.44577606433567263,Non-Switch
6393,0.3003751379815451,Non-Switch
6394,0.23773387555995296,Non-Switch
6395,0.25104313995793587,Non-Switch
6396,0.18842801889927485,Non-Switch
6397,0.22581745565564523,Non-Switch
6398,0.10470202744720408,Non-Switch
6399,0.21789139871448776,Non-Switch
64,0.25661726965505033,Non-Switch
640,0.004431446061649413,Non-Switch
6400,0.2162496523293514,Non-Switch
6401,0.5123348120721118,Non-Switch
6402,0.661056766410063,Non-Switch
6403,0.5178373969864675,Non-Switch
6404,0.45716896905075394,Non-Switch
6405,0.4142941671429456,Non-Switch
6406,0.46878910584328776,Non-Switch
6407,0.5005903318230043,Non-Switch
6408,0.4742601749368727,Non-Switch
6409,0.5050798099367897,Non-Switch
641,0.004421733744526275,Non-Switch
6410,0.501015343948949,Non-Switch
6411,0.27242400161536884,Non-Switch
6412,0.4709123606551773,Non-Switch
6413,0.17955624010993845,Non-Switch
6414,0.2952050815226328,Non-Switch
6415,0.47257968945962947,Non-Switch
6416,0.41359273590140166,Non-Switch
6417,0.5060571873416431,Non-Switch
6418,0.2905392352003875,Non-Switch
6419,0.40338767236016704,Non-Switch
642,0.004489854997641465,Non-Switch
6420,0.2542811648148867,Non-Switch
6421,0.2030036345512233,Non-Switch
6422,0.08605828042716834,Non-Switch
6423,0.05015046345906537,Non-Switch
6424,0.029373516192908188,Non-Switch
6425,0.04839514403086547,Non-Switch
6426,0.0614614775600468,Non-Switch
6427,0.022936982180271064,Non-Switch
6428,0.03204196944417741,Non-Switch
6429,0.024281668844475728,Non-Switch
643,0.004496724562471143,Non-Switch
6430,0.054792463311876954,Non-Switch
6431,0.06308825070564243,Non-Switch
6432,0.05233882982767998,Non-Switch
6433,0.028321557436616622,Non-Switch
6434,0.036693890546160644,Non-Switch
6435,0.05304022882247691,Non-Switch
6436,0.093409883067697,Non-Switch
6437,0.2179743588456977,Non-Switch
6438,0.5702162181549308,Non-Switch
6439,0.052032018152998565,Non-Switch
644,0.004454568658792857,Non-Switch
6440,0.0452561865552694,Non-Switch
6441,0.14780178266234095,Non-Switch
6442,0.4215640457775674,Non-Switch
6443,0.36842153564794766,Non-Switch
6444,0.425793529118911,Non-Switch
6445,0.6036969407116481,Non-Switch
6446,0.6784890138928427,Non-Switch
6447,0.705633465635147,Non-Switch
6448,0.8206110910082707,Non-Switch
6449,0.9501949449451965,Non-Switch
645,0.0044408738684106755,Non-Switch
6450,0.9582811392321386,Non-Switch
6451,0.9904363055073309,Non-Switch
6452,0.9839930614840812,Non-Switch
6453,0.9820623842454953,Non-Switch
6454,0.9864457060680357,Non-Switch
6455,0.9859208150176024,Non-Switch
6456,0.9829882528464152,Non-Switch
6457,0.9257282630768262,Non-Switch
6458,0.9173262226515746,Non-Switch
6459,0.9799207702856262,Non-Switch
646,0.004467510017366668,Non-Switch
6460,0.9725845923390968,Non-Switch
6461,0.9848082592491709,Non-Switch
6462,0.9885010707284971,Non-Switch
6463,0.9856851987859203,Non-Switch
6464,0.9945758419222732,Non-Switch
6465,0.9880857326266634,Non-Switch
6466,0.9918719306854081,Non-Switch
6467,0.9857901082029467,Non-Switch
6468,0.9907969531261902,Non-Switch
6469,0.9966747181934029,Non-Switch
647,0.004472716523398648,Non-Switch
6470,0.9979841940970724,Non-Switch
6471,0.9982555827201339,Non-Switch
6472,0.9989523704301045,Non-Switch
6473,0.9991946079938449,Non-Switch
6474,0.9987174421290259,Non-Switch
6475,0.9993988373917444,Non-Switch
6476,0.9993010652547288,Non-Switch
6477,0.9990399955907191,Non-Switch
6478,0.9993750177945999,Non-Switch
6479,0.9984862114549409,Non-Switch
648,0.004393597114122226,Non-Switch
6480,0.9973076143485781,Non-Switch
6481,0.9947939159235673,Non-Switch
6482,0.997465666404721,Non-Switch
6483,0.9966505546309568,Non-Switch
6484,0.9958514372437227,Non-Switch
6485,0.989774172301509,Non-Switch
6486,0.9868760066604945,Non-Switch
6487,0.996751680429664,Non-Switch
6488,0.9953108957720609,Non-Switch
6489,0.9955079878899497,Non-Switch
649,0.006523367784334865,Non-Switch
6490,0.9968913303421646,Non-Switch
6491,0.9965882109200189,Non-Switch
6492,0.9960136168834863,Non-Switch
6493,0.9963417597813325,Non-Switch
6494,0.9968542680809037,Non-Switch
6495,0.962689570521705,Non-Switch
6496,0.9164130807668185,Non-Switch
6497,0.8942991215622514,Non-Switch
6498,0.8498060918968122,Non-Switch
6499,0.9457259757625265,Non-Switch
65,0.04461361637598323,Non-Switch
650,0.006569761448019568,Non-Switch
6500,0.8874272107817262,Non-Switch
6501,0.9780936266028597,Non-Switch
6502,0.954716798793007,Non-Switch
6503,0.8428294436819115,Non-Switch
6504,0.8839564289046639,Non-Switch
6505,0.6432412555898355,Non-Switch
6506,0.6757028949488652,Non-Switch
6507,0.6599350955611357,Non-Switch
6508,0.8155150730805548,Non-Switch
6509,0.8112697673353318,Non-Switch
651,0.005256552983380636,Non-Switch
6510,0.7680196562876781,Non-Switch
6511,0.7823437473127397,Non-Switch
6512,0.7014377338890351,Non-Switch
6513,0.746154040030957,Non-Switch
6514,0.8329677005074618,Non-Switch
6515,0.8420487284383198,Non-Switch
6516,0.8636862097086715,Non-Switch
6517,0.8467258826198594,Non-Switch
6518,0.7066913739162668,Non-Switch
6519,0.9054726624061572,Non-Switch
652,0.005031518051473645,Non-Switch
6520,0.9157529253614817,Non-Switch
6521,0.8127026407909953,Non-Switch
6522,0.8563802147173685,Non-Switch
6523,0.9531544224012438,Non-Switch
6524,0.9359419687462668,Non-Switch
6525,0.8826696547109083,Non-Switch
6526,0.8126758114974607,Non-Switch
6527,0.7743842182481581,Non-Switch
6528,0.7017626521121777,Non-Switch
6529,0.6019660213220394,Non-Switch
653,0.005052469703553561,Non-Switch
6530,0.5818511024597761,Non-Switch
6531,0.5716607434351904,Non-Switch
6532,0.30709336076569305,Non-Switch
6533,0.8880662983123324,Non-Switch
6534,0.9217191755025633,Non-Switch
6535,0.8981750945647465,Non-Switch
6536,0.6192920695179114,Non-Switch
6537,0.8323566461489462,Non-Switch
6538,0.803580079049954,Non-Switch
6539,0.9473776111500875,Non-Switch
654,0.004651918414754315,Non-Switch
6540,0.8567226321752364,Non-Switch
6541,0.9278520768323311,Non-Switch
6542,0.6444354171261014,Non-Switch
6543,0.7089191081885554,Non-Switch
6544,0.9722863744225007,Non-Switch
6545,0.8826904646116627,Non-Switch
6546,0.9692267170723259,Non-Switch
6547,0.9418369320785658,Non-Switch
6548,0.966185805831095,Non-Switch
6549,0.9723709038953997,Non-Switch
655,0.0049268474619175735,Non-Switch
6550,0.9796478338187069,Non-Switch
6551,0.9421383316742029,Non-Switch
6552,0.9752508393754229,Non-Switch
6553,0.8202686735504029,Non-Switch
6554,0.9165332106484462,Non-Switch
6555,0.9731908311833881,Non-Switch
6556,0.8788673762743079,Non-Switch
6557,0.16605603197383514,Non-Switch
6558,0.06927470850778043,Non-Switch
6559,0.294025646000847,Non-Switch
656,0.004752942770569927,Non-Switch
6560,0.14781820700549836,Non-Switch
6561,0.0777650297775031,Non-Switch
6562,0.02951116680709251,Non-Switch
6563,0.030461653112146096,Non-Switch
6564,0.01535686296686629,Non-Switch
6565,0.00960225225743034,Non-Switch
6566,0.00798621324775458,Non-Switch
6567,0.046808367600511123,Non-Switch
6568,0.005164248013602322,Non-Switch
6569,0.005188366564964141,Non-Switch
657,0.004458922305546437,Non-Switch
6570,0.005205265875833103,Non-Switch
6571,0.005047971618245545,Non-Switch
6572,0.005901377747730459,Non-Switch
6573,0.005185287000622129,Non-Switch
6574,0.004949603252313473,Non-Switch
6575,0.005335455398921789,Non-Switch
6576,0.0050342553300320066,Non-Switch
6577,0.004950575693278801,Non-Switch
6578,0.004789690290143638,Non-Switch
6579,0.0047554979893689765,Non-Switch
658,0.004470862335444034,Non-Switch
6580,0.004629147508695741,Non-Switch
6581,0.0047809799735039436,Non-Switch
6582,0.00509939207952822,Non-Switch
6583,0.0046293282248405935,Non-Switch
6584,0.004504185317663162,Non-Switch
6585,0.004663475178627235,Non-Switch
6586,0.004806275531132605,Non-Switch
6587,0.005029329303518524,Non-Switch
6588,0.0063393033522489445,Non-Switch
6589,0.005168236533126434,Non-Switch
659,0.004427814271764396,Non-Switch
6590,0.004828696761527999,Non-Switch
6591,0.004654799124156267,Non-Switch
6592,0.00459955372840997,Non-Switch
6593,0.004590860542854638,Non-Switch
6594,0.004515397108523511,Non-Switch
6595,0.004620577263863488,Non-Switch
6596,0.0045876257910425116,Non-Switch
6597,0.004424238241879464,Non-Switch
6598,0.004442100252508918,Non-Switch
6599,0.0044412416828690645,Non-Switch
66,0.04526726868733437,Non-Switch
660,0.004455757085782608,Non-Switch
6600,0.004441861089135062,Non-Switch
6601,0.004419362936811841,Non-Switch
6602,0.004394228612918364,Non-Switch
6603,0.004417428131989635,Non-Switch
6604,0.004391468828817799,Non-Switch
6605,0.004398605101117761,Non-Switch
6606,0.004372234987824822,Non-Switch
6607,0.004397572869308969,Non-Switch
6608,0.004372458699632389,Non-Switch
6609,0.004442053897810053,Non-Switch
661,0.004483206793294049,Non-Switch
6610,0.004378466671689679,Non-Switch
6611,0.004373802314092255,Non-Switch
6612,0.004376384069276888,Non-Switch
6613,0.00439105566737139,Non-Switch
6614,0.00442742764670357,Non-Switch
6615,0.004391310954118766,Non-Switch
6616,0.0044059113406468954,Non-Switch
6617,0.004413244788368843,Non-Switch
6618,0.004775234006266328,Non-Switch
6619,0.006016194977783822,Non-Switch
662,0.004452608661199528,Non-Switch
6620,0.0068530974908582055,Non-Switch
6621,0.005628982421534892,Non-Switch
6622,0.004843101988055834,Non-Switch
6623,0.005650031821566764,Non-Switch
6624,0.005502778730741398,Non-Switch
6625,0.004604714887453928,Non-Switch
6626,0.004548452039657897,Non-Switch
6627,0.004710714311710808,Non-Switch
6628,0.004478113486780314,Non-Switch
6629,0.004487511062216229,Non-Switch
663,0.004439935689614075,Non-Switch
6630,0.004471947975927605,Non-Switch
6631,0.004450274131075511,Non-Switch
6632,0.004409795730050368,Non-Switch
6633,0.004430074231285891,Non-Switch
6634,0.004410381545954869,Non-Switch
6635,0.004407479002817944,Non-Switch
6636,0.004390498067370546,Non-Switch
6637,0.004405431670284724,Non-Switch
6638,0.004425493513688593,Non-Switch
6639,0.004468531164356166,Non-Switch
664,0.004446248662153754,Non-Switch
6640,0.004614170910118848,Non-Switch
6641,0.00464236800317359,Non-Switch
6642,0.0045190322574446785,Non-Switch
6643,0.0044754685817160675,Non-Switch
6644,0.00447329091858024,Non-Switch
6645,0.004448454205289623,Non-Switch
6646,0.0045306568738478215,Non-Switch
6647,0.0046295808243590475,Non-Switch
6648,0.004562945608836469,Non-Switch
6649,0.004462400923383029,Non-Switch
665,0.004460941758079615,Non-Switch
6650,0.004407752092456912,Non-Switch
6651,0.00447119488002285,Non-Switch
6652,0.004628637607008222,Non-Switch
6653,0.0046401376031702125,Non-Switch
6654,0.0045402284473562895,Non-Switch
6655,0.004475112523884203,Non-Switch
6656,0.00439396056183362,Non-Switch
6657,0.004422214422599291,Non-Switch
6658,0.004500151787054645,Non-Switch
6659,0.004417148660181982,Non-Switch
666,0.0044234602891072014,Non-Switch
6660,0.004404532792211074,Non-Switch
6661,0.00447349917882152,Non-Switch
6662,0.004471891880023906,Non-Switch
6663,0.0045329887167429184,Non-Switch
6664,0.00438375984085432,Non-Switch
6665,0.004388013052427025,Non-Switch
6666,0.004385842443267111,Non-Switch
6667,0.0043823107526593545,Non-Switch
6668,0.004378817355063704,Non-Switch
6669,0.004382146159888021,Non-Switch
667,0.004426203278027017,Non-Switch
6670,0.004392231330023773,Non-Switch
6671,0.0043837181888060645,Non-Switch
6672,0.0043869247247145336,Non-Switch
6673,0.004398658845696156,Non-Switch
6674,0.004398080755574798,Non-Switch
6675,0.004392805053398136,Non-Switch
6676,0.004388204517487556,Non-Switch
6677,0.004407213974865735,Non-Switch
6678,0.004421180175368809,Non-Switch
6679,0.004439212489131052,Non-Switch
668,0.004431899195626003,Non-Switch
6680,0.004594637443101321,Non-Switch
6681,0.004513424010689199,Non-Switch
6682,0.0046147762084330175,Non-Switch
6683,0.004540170336030901,Non-Switch
6684,0.004460400953259519,Non-Switch
6685,0.004631902590145696,Non-Switch
6686,0.004464254775434029,Non-Switch
6687,0.004420728049103065,Non-Switch
6688,0.0044084393512531335,Non-Switch
6689,0.004415414725721526,Non-Switch
669,0.004449919752761722,Non-Switch
6690,0.004400399834132527,Non-Switch
6691,0.004380776344946188,Non-Switch
6692,0.004559321208830981,Non-Switch
6693,0.004397855700152771,Non-Switch
6694,0.004405168657754205,Non-Switch
6695,0.004391650888577112,Non-Switch
6696,0.004452159893969933,Non-Switch
6697,0.004391782226890563,Non-Switch
6698,0.004451635884330585,Non-Switch
6699,0.004428695682850068,Non-Switch
67,0.005717758052030754,Non-Switch
670,0.004412684501139079,Non-Switch
6700,0.004459477890125591,Non-Switch
6701,0.0044841325436568965,Non-Switch
6702,0.00451621805695849,Non-Switch
6703,0.004521921028533389,Non-Switch
6704,0.004560869388592361,Non-Switch
6705,0.004696081342532026,Non-Switch
6706,0.004598654850336319,Non-Switch
6707,0.009903631027043284,Non-Switch
6708,0.004717625192685127,Non-Switch
6709,0.004721587511727271,Non-Switch
671,0.004414020389815801,Non-Switch
6710,0.005899560509173491,Non-Switch
6711,0.031161176421157052,Non-Switch
6712,0.005137717002477815,Non-Switch
6713,0.0055676232440925915,Non-Switch
6714,0.005332246847591629,Non-Switch
6715,0.006271699390700802,Non-Switch
6716,0.015479779504883724,Non-Switch
6717,0.0064979640657421844,Non-Switch
6718,0.010970824355888038,Non-Switch
6719,0.006427651377442953,Non-Switch
672,0.004422806620672477,Non-Switch
6720,0.008163554233083332,Non-Switch
6721,0.005581582054716136,Non-Switch
6722,0.006555271909684376,Non-Switch
6723,0.00508184145154984,Non-Switch
6724,0.004983958802245009,Non-Switch
6725,0.004663261543928116,Non-Switch
6726,0.004647671585350294,Non-Switch
6727,0.004562394726907924,Non-Switch
6728,0.004559325239674361,Non-Switch
6729,0.004420743500669353,Non-Switch
673,0.004413686165718908,Non-Switch
6730,0.00443077761345563,Non-Switch
6731,0.004379469008076739,Non-Switch
6732,0.004383012791214635,Non-Switch
6733,0.004372423429752818,Non-Switch
6734,0.0043649512538378905,Non-Switch
6735,0.004368464805650439,Non-Switch
6736,0.004365847108779006,Non-Switch
6737,0.004364757101548439,Non-Switch
6738,0.004366945849503561,Non-Switch
6739,0.004381417249043544,Non-Switch
674,0.0044000014524451765,Non-Switch
6740,0.004375645753131191,Non-Switch
6741,0.00437554968469731,Non-Switch
6742,0.004368683143000167,Non-Switch
6743,0.00437460411602118,Non-Switch
6744,0.004382519684707864,Non-Switch
6745,0.0043780696336167884,Non-Switch
6746,0.004376845600843851,Non-Switch
6747,0.004373566509754549,Non-Switch
6748,0.004381499209525596,Non-Switch
6749,0.004381911027357545,Non-Switch
675,0.004402104209074866,Non-Switch
6750,0.004389090631223837,Non-Switch
6751,0.004396755951717371,Non-Switch
6752,0.004389214243754145,Non-Switch
6753,0.0043924382466505926,Non-Switch
6754,0.0044021519073881915,Non-Switch
6755,0.004469980252551131,Non-Switch
6756,0.004398293046659457,Non-Switch
6757,0.004406983544985869,Non-Switch
6758,0.00440167089341156,Non-Switch
6759,0.004404618783536505,Non-Switch
676,0.004426106537785907,Non-Switch
6760,0.004398429087623518,Non-Switch
6761,0.004560840836785089,Non-Switch
6762,0.004545685537485034,Non-Switch
6763,0.005382947467427432,Non-Switch
6764,0.005234656770335434,Non-Switch
6765,0.004549041886405779,Non-Switch
6766,0.004461116763863012,Non-Switch
6767,0.004502953895010695,Non-Switch
6768,0.004626247652787736,Non-Switch
6769,0.004551246085927188,Non-Switch
677,0.0044885967026998,Non-Switch
6770,0.004552370355326481,Non-Switch
6771,0.004711602776772394,Non-Switch
6772,0.0046845289454061,Non-Switch
6773,0.013261610423934832,Non-Switch
6774,0.01612548568031922,Non-Switch
6775,0.005469208859365269,Non-Switch
6776,0.004880164921123999,Non-Switch
6777,0.00556363002191787,Non-Switch
6778,0.0048857886194457675,Non-Switch
6779,0.004626415268691605,Non-Switch
678,0.004392344193638402,Non-Switch
6780,0.004543885094108814,Non-Switch
6781,0.004569219616556811,Non-Switch
6782,0.004437108052983287,Non-Switch
6783,0.0044693212096585675,Non-Switch
6784,0.00438536142929048,Non-Switch
6785,0.00438926194206747,Non-Switch
6786,0.0043930062596635,Non-Switch
6787,0.004364828984922043,Non-Switch
6788,0.004367035199865142,Non-Switch
6789,0.004379796178197716,Non-Switch
679,0.004447999391794959,Non-Switch
6790,0.004362226403713283,Non-Switch
6791,0.004365515571911034,Non-Switch
6792,0.004366570981069258,Non-Switch
6793,0.004361382613832487,Non-Switch
6794,0.004361404783471075,Non-Switch
6795,0.0044449218428746365,Non-Switch
6796,0.0044113966466792975,Non-Switch
6797,0.004449222080953437,Non-Switch
6798,0.004391630062552983,Non-Switch
6799,0.004410527999930994,Non-Switch
68,0.008466058279806414,Non-Switch
680,0.004426907667907602,Non-Switch
6800,0.004400927874615254,Non-Switch
6801,0.004386557917966991,Non-Switch
6802,0.004409126610049354,Non-Switch
6803,0.004420021307897175,Non-Switch
6804,0.00437806022831557,Non-Switch
6805,0.004384851191699346,Non-Switch
6806,0.0043705178485451135,Non-Switch
6807,0.0043671662022749785,Non-Switch
6808,0.004371410008546465,Non-Switch
6809,0.004368787273120807,Non-Switch
681,0.0043931496905070914,Non-Switch
6810,0.004370914886618004,Non-Switch
6811,0.004368817840349769,Non-Switch
6812,0.00437775321241149,Non-Switch
6813,0.0043712010764979554,Non-Switch
6814,0.004361609012868974,Non-Switch
6815,0.004363809181547005,Non-Switch
6816,0.004363415838413879,Non-Switch
6817,0.004364143069740281,Non-Switch
6818,0.0044894693802914835,Non-Switch
6819,0.004383094751696686,Non-Switch
682,0.004422337027418754,Non-Switch
6820,0.004463781823144156,Non-Switch
6821,0.004391826902071354,Non-Switch
6822,0.004395986060631868,Non-Switch
6823,0.004387876675559349,Non-Switch
6824,0.004376977946868148,Non-Switch
6825,0.004411488348366183,Non-Switch
6826,0.00442087651850088,Non-Switch
6827,0.004463188281456511,Non-Switch
6828,0.004420155333439547,Non-Switch
6829,0.004374638714093521,Non-Switch
683,0.004538976870486925,Non-Switch
6830,0.004395749920390547,Non-Switch
6831,0.004371658577221539,Non-Switch
6832,0.004370962584931329,Non-Switch
6833,0.00436850477818062,Non-Switch
6834,0.0043663062890206645,Non-Switch
6835,0.004365104425886315,Non-Switch
6836,0.004364202188776515,Non-Switch
6837,0.004361758825881249,Non-Switch
6838,0.004362227747327742,Non-Switch
6839,0.00436074506877128,Non-Switch
684,0.00437285237866913,Non-Switch
6840,0.004365294547332386,Non-Switch
6841,0.004361625808049723,Non-Switch
6842,0.00436195163455624,Non-Switch
6843,0.004363612006125019,Non-Switch
6844,0.0043621246249179475,Non-Switch
6845,0.0043615552682905795,Non-Switch
6846,0.004363864269739858,Non-Switch
6847,0.0043642337637163214,Non-Switch
6848,0.004382649679406856,Non-Switch
6849,0.004378110613857815,Non-Switch
685,0.0047380367117521765,Non-Switch
6850,0.004383220715552299,Non-Switch
6851,0.004402800873172306,Non-Switch
6852,0.004374395855779901,Non-Switch
6853,0.004374443554093227,Non-Switch
6854,0.004401547616784867,Non-Switch
6855,0.0044009554187116814,Non-Switch
6856,0.004391696571468747,Non-Switch
6857,0.004389446017248472,Non-Switch
6858,0.004389252536766251,Non-Switch
6859,0.004393321673157954,Non-Switch
686,0.0044095565666765115,Non-Switch
6860,0.0043988926346121724,Non-Switch
6861,0.004423302414408167,Non-Switch
6862,0.00442657881826855,Non-Switch
6863,0.004497993942232101,Non-Switch
6864,0.004622744513987251,Non-Switch
6865,0.0047590857758804325,Non-Switch
6866,0.004991553918883015,Non-Switch
6867,0.005059495799467814,Non-Switch
6868,0.004890427448368454,Non-Switch
6869,0.004685943435528724,Non-Switch
687,0.0048630150261582735,Non-Switch
6870,0.006583790126595025,Non-Switch
6871,0.005671692230274259,Non-Switch
6872,0.00575670741980057,Non-Switch
6873,0.005060886440433774,Non-Switch
6874,0.00512630333354487,Non-Switch
6875,0.005288754047525777,Non-Switch
6876,0.005072376695390931,Non-Switch
6877,0.005039549842811107,Non-Switch
6878,0.005686704434634338,Non-Switch
6879,0.006569257592597118,Non-Switch
688,0.006841119167948503,Non-Switch
6880,0.005031625540630434,Non-Switch
6881,0.005722214821194128,Non-Switch
6882,0.005748939984608087,Non-Switch
6883,0.005171345321082948,Non-Switch
6884,0.00520898835969416,Non-Switch
6885,0.0048283427191178245,Non-Switch
6886,0.005348331256290682,Non-Switch
6887,0.005168057160596042,Non-Switch
6888,0.005034286904971813,Non-Switch
6889,0.004915905737563657,Non-Switch
689,0.00476866541107566,Non-Switch
6890,0.0048498408863792905,Non-Switch
6891,0.004713834184486616,Non-Switch
6892,0.004745083969594172,Non-Switch
6893,0.004732396554153275,Non-Switch
6894,0.004611966710597439,Non-Switch
6895,0.00491797691925354,Non-Switch
6896,0.004664283698628459,Non-Switch
6897,0.004573918236322962,Non-Switch
6898,0.004569613967400782,Non-Switch
6899,0.005160561135524451,Non-Switch
69,0.00471649521292438,Non-Switch
690,0.004760420656846309,Non-Switch
6900,0.004748819217792599,Non-Switch
6901,0.004687135221554625,Non-Switch
6902,0.004914941694188703,Non-Switch
6903,0.005027496613395267,Non-Switch
6904,0.005027951762793546,Non-Switch
6905,0.005079920418775847,Non-Switch
6906,0.004735792203796971,Non-Switch
6907,0.00503076697099058,Non-Switch
6908,0.0047477335773090275,Non-Switch
6909,0.005102553940255899,Non-Switch
691,0.0044917051547527,Non-Switch
6910,0.004671498236470708,Non-Switch
6911,0.00465286566294852,Non-Switch
6912,0.004563542173656649,Non-Switch
6913,0.004607511285048524,Non-Switch
6914,0.004461364324827243,Non-Switch
6915,0.004458131924340421,Non-Switch
6916,0.0043976071314776955,Non-Switch
6917,0.004403414904980465,Non-Switch
6918,0.004370614924689839,Non-Switch
6919,0.004387515243269645,Non-Switch
692,0.0051138611277428995,Non-Switch
6920,0.007123550286448421,Non-Switch
6921,0.0070109721898924246,Non-Switch
6922,0.0045575415914788885,Non-Switch
6923,0.0045665122334201825,Non-Switch
6924,0.0068424103814444335,Non-Switch
6925,0.007603326122355572,Non-Switch
6926,0.004936705561209608,Non-Switch
6927,0.00501341654156672,Non-Switch
6928,0.004797115439552471,Non-Switch
6929,0.004890135212223433,Non-Switch
693,0.0045756004416267135,Non-Switch
6930,0.004831256011170428,Non-Switch
6931,0.004546867918209716,Non-Switch
6932,0.004777244725305517,Non-Switch
6933,0.0045141146285215695,Non-Switch
6934,0.004434968011052336,Non-Switch
6935,0.00445938518072786,Non-Switch
6936,0.00442967383417685,Non-Switch
6937,0.004393196381109572,Non-Switch
6938,0.004385936832182917,Non-Switch
6939,0.004371872211920659,Non-Switch
694,0.004633279459063443,Non-Switch
6940,0.004370586372882567,Non-Switch
6941,0.004403342349799632,Non-Switch
6942,0.004377891604700856,Non-Switch
6943,0.00441097206450998,Non-Switch
6944,0.004402324225942669,Non-Switch
6945,0.00436370337190829,Non-Switch
6946,0.004444224506969966,Non-Switch
6947,0.004374445569514916,Non-Switch
6948,0.0043709387357746664,Non-Switch
6949,0.004438340147442984,Non-Switch
695,0.004409403394628086,Non-Switch
6950,0.0044122498418613125,Non-Switch
6951,0.004871325281592543,Non-Switch
6952,0.009536171954679686,Non-Switch
6953,0.006190854780457913,Non-Switch
6954,0.02475653981579714,Non-Switch
6955,0.004953276358343132,Non-Switch
6956,0.0047945981778619124,Non-Switch
6957,0.00502772133291368,Non-Switch
6958,0.00541997546651964,Non-Switch
6959,0.0287991478836048,Non-Switch
696,0.0044865026795641,Non-Switch
6960,0.005342837888571521,Non-Switch
6961,0.019553042136593222,Non-Switch
6962,0.00512996031620101,Non-Switch
6963,0.005143004461281001,Non-Switch
6964,0.02550752087139203,Non-Switch
6965,0.01575120709276457,Non-Switch
6966,0.01585358782737742,Non-Switch
6967,0.009662826428124466,Non-Switch
6968,0.024575159925402032,Non-Switch
6969,0.00714797182287094,Non-Switch
697,0.004474517302678483,Non-Switch
6970,0.005604245471617921,Non-Switch
6971,0.0057225722226404525,Non-Switch
6972,0.006496521023812289,Non-Switch
6973,0.025204253651655746,Non-Switch
6974,0.020945631343521016,Non-Switch
6975,0.03197488546142523,Non-Switch
6976,0.04057817514770449,Non-Switch
6977,0.017775973621131477,Non-Switch
6978,0.010026353412771267,Non-Switch
6979,0.006307361605694557,Non-Switch
698,0.0045141606473168205,Non-Switch
6980,0.0064594513726718246,Non-Switch
6981,0.004590681170324246,Non-Switch
6982,0.0070068748375970635,Non-Switch
6983,0.0045530394753274936,Non-Switch
6984,0.006953429213419756,Non-Switch
6985,0.0048852095216135654,Non-Switch
6986,0.0045680815751093055,Non-Switch
6987,0.004531546682523867,Non-Switch
6988,0.004482857117630869,Non-Switch
6989,0.004524736572634038,Non-Switch
699,0.004606070258540318,Non-Switch
6990,0.004643213808476075,Non-Switch
6991,0.004557202328827773,Non-Switch
6992,0.004602802588173925,Non-Switch
6993,0.004450397743605819,Non-Switch
6994,0.0044417583026288825,Non-Switch
6995,0.004438600808648198,Non-Switch
6996,0.004447102529142998,Non-Switch
6997,0.004561332935581015,Non-Switch
6998,0.008502638183476258,Non-Switch
6999,0.004697455524220853,Non-Switch
7,0.01052371917737975,Non-Switch
70,0.004599050208891135,Non-Switch
700,0.004534145904696477,Non-Switch
7000,0.004843920249261892,Non-Switch
7001,0.006069818630877062,Non-Switch
7002,0.006584957727560649,Non-Switch
7003,0.006409089343679908,Non-Switch
7004,0.00647620422956466,Non-Switch
7005,0.007414705493636247,Non-Switch
7006,0.007129433302360943,Non-Switch
7007,0.00675080879383586,Non-Switch
7008,0.007469077539983632,Non-Switch
7009,0.006072287522447065,Non-Switch
701,0.004460982066513411,Non-Switch
7010,0.005396474306002129,Non-Switch
7011,0.00557603158338243,Non-Switch
7012,0.004679799086603758,Non-Switch
7013,0.004577316909099192,Non-Switch
7014,0.004470936234239326,Non-Switch
7015,0.004495510270903039,Non-Switch
7016,0.004477417830393718,Non-Switch
7017,0.005151059094064281,Non-Switch
7018,0.004850740100356556,Non-Switch
7019,0.004991894525148591,Non-Switch
702,0.004452954977826558,Non-Switch
7020,0.0057125683411795225,Non-Switch
7021,0.005685626855837526,Non-Switch
7022,0.005453022000063651,Non-Switch
7023,0.0055635618334840325,Non-Switch
7024,0.00523520698045675,Non-Switch
7025,0.005261534769894203,Non-Switch
7026,0.005149099432374567,Non-Switch
7027,0.004919614113472886,Non-Switch
7028,0.004699808864947308,Non-Switch
7029,0.00467797580178172,Non-Switch
703,0.0045104344685159975,Non-Switch
7030,0.004566823951974871,Non-Switch
7031,0.004535185526384798,Non-Switch
7032,0.0045745457042757195,Non-Switch
7033,0.004603457600223109,Non-Switch
7034,0.00444358225925815,Non-Switch
7035,0.004514790466594882,Non-Switch
7036,0.004506087875738332,Non-Switch
7037,0.004478880354733282,Non-Switch
7038,0.004553615214123547,Non-Switch
7039,0.004565681879683985,Non-Switch
704,0.004405030601368454,Non-Switch
7040,0.004620986058562902,Non-Switch
7041,0.004563862289801712,Non-Switch
7042,0.004512365578398439,Non-Switch
7043,0.0045241615056452154,Non-Switch
7044,0.004515905330692955,Non-Switch
7045,0.004484357599078924,Non-Switch
7046,0.004553172157255405,Non-Switch
7047,0.004541903934587742,Non-Switch
7048,0.004547466834355201,Non-Switch
7049,0.004468625889175587,Non-Switch
705,0.004426646670798773,Non-Switch
7050,0.004463384449167651,Non-Switch
7051,0.004460587379765825,Non-Switch
7052,0.004405339632694223,Non-Switch
7053,0.004410439993183873,Non-Switch
7054,0.004422726003804885,Non-Switch
7055,0.0046347658325596695,Non-Switch
7056,0.004642728763656063,Non-Switch
7057,0.004887568572701474,Non-Switch
7058,0.005042878647635424,Non-Switch
7059,0.004939698462418958,Non-Switch
706,0.004384510249530155,Non-Switch
7060,0.005136469456451829,Non-Switch
7061,0.004814245852108529,Non-Switch
7062,0.004928368433486141,Non-Switch
7063,0.005169435709031864,Non-Switch
7064,0.0047132295579796766,Non-Switch
7065,0.005006335693363228,Non-Switch
7066,0.004746258960439325,Non-Switch
7067,0.00471779919075768,Non-Switch
7068,0.0046773429593711235,Non-Switch
7069,0.005234077336599617,Non-Switch
707,0.004448222095891682,Non-Switch
7070,0.005822166300863537,Non-Switch
7071,0.006401278912824709,Non-Switch
7072,0.006837280461436666,Non-Switch
7073,0.005348193535808545,Non-Switch
7074,0.0043852398321818625,Non-Switch
7075,0.004357646357923215,Non-Switch
7076,0.004355678298643127,Non-Switch
7077,0.004356985971416191,Non-Switch
7078,0.004355972886113452,Non-Switch
7079,0.004355316866353424,Non-Switch
708,0.0043682518427585505,Non-Switch
7080,0.004355058892377129,Non-Switch
7081,0.004355071656714497,Non-Switch
7082,0.004355339371895626,Non-Switch
7083,0.004355270511654558,Non-Switch
7084,0.004354911094786544,Non-Switch
7085,0.004354965175268554,Non-Switch
7086,0.004355136486112186,Non-Switch
7087,0.0043548798557503515,Non-Switch
7088,0.004354927218160062,Non-Switch
7089,0.004355331646112482,Non-Switch
709,0.004370149026375881,Non-Switch
7090,0.004355362549245059,Non-Switch
7091,0.004355688375751576,Non-Switch
7092,0.0043558717791253474,Non-Switch
7093,0.004356188872137876,Non-Switch
7094,0.004355586596956241,Non-Switch
7095,0.004356253365631949,Non-Switch
7096,0.004356312148764569,Non-Switch
7097,0.004356271504427158,Non-Switch
7098,0.004355582566112862,Non-Switch
7099,0.004356043089968981,Non-Switch
71,0.007055320872369211,Non-Switch
710,0.0044245990023619374,Non-Switch
7100,0.004355584917438166,Non-Switch
7101,0.0043569177829823535,Non-Switch
7102,0.00435735177045289,Non-Switch
7103,0.004358039365152726,Non-Switch
7104,0.004357488147320566,Non-Switch
7105,0.004358206981056594,Non-Switch
7106,0.004357768962742678,Non-Switch
7107,0.004356636295753011,Non-Switch
7108,0.004356817011897864,Non-Switch
7109,0.004358020218646673,Non-Switch
711,0.0043811290437419026,Non-Switch
7110,0.004356395116957465,Non-Switch
7111,0.004357064236958479,Non-Switch
7112,0.004357004446115014,Non-Switch
7113,0.004358366535273704,Non-Switch
7114,0.00435985089334824,Non-Switch
7115,0.0043575301352724366,Non-Switch
7116,0.004615465482650929,Non-Switch
7117,0.005142123050195329,Non-Switch
7118,0.00542763373303726,Non-Switch
7119,0.005719558495406974,Non-Switch
712,0.00437716135024192,Non-Switch
7120,0.005269624336653439,Non-Switch
7121,0.005082730252515041,Non-Switch
7122,0.005376346625489727,Non-Switch
7123,0.00525240390192857,Non-Switch
7124,0.005475971270941773,Non-Switch
7125,0.00483544271382737,Non-Switch
7126,0.005103384965799327,Non-Switch
7127,0.004975843706811036,Non-Switch
7128,0.004727886040411506,Non-Switch
7129,0.004607208971795054,Non-Switch
713,0.004401485474616098,Non-Switch
7130,0.00473729906741371,Non-Switch
7131,0.00446990165110523,Non-Switch
7132,0.004582915750553453,Non-Switch
7133,0.004557439476779939,Non-Switch
7134,0.004497652664159296,Non-Switch
7135,0.004451718180716252,Non-Switch
7136,0.004454329159515386,Non-Switch
7137,0.00455062197701058,Non-Switch
7138,0.004472733318579396,Non-Switch
7139,0.004431015433215026,Non-Switch
714,0.004386312036520835,Non-Switch
7140,0.004600391472025695,Non-Switch
7141,0.005517111066184785,Non-Switch
7142,0.005769576559097164,Non-Switch
7143,0.011987322439354828,Non-Switch
7144,0.005726276567706302,Non-Switch
7145,0.005879710620950665,Non-Switch
7146,0.0052929488118694775,Non-Switch
7147,0.005999045754625326,Non-Switch
7148,0.006141814196287275,Non-Switch
7149,0.006368964985064939,Non-Switch
715,0.004491343386559381,Non-Switch
7150,0.0060959908969407854,Non-Switch
7151,0.006580913448036453,Non-Switch
7152,0.006011161126209935,Non-Switch
7153,0.004908186000684499,Non-Switch
7154,0.005050331005237069,Non-Switch
7155,0.004879437017990367,Non-Switch
7156,0.0050100091352965,Non-Switch
7157,0.004956426126540671,Non-Switch
7158,0.005298986343444884,Non-Switch
7159,0.005300577182965365,Non-Switch
716,0.004461811076635148,Non-Switch
7160,0.0062218156884565985,Non-Switch
7161,0.0054130901142200585,Non-Switch
7162,0.005618262393566854,Non-Switch
7163,0.004998349249013786,Non-Switch
7164,0.005040907229319187,Non-Switch
7165,0.004851737398189391,Non-Switch
7166,0.0046785260119030355,Non-Switch
7167,0.004584231820916891,Non-Switch
7168,0.004574467774637047,Non-Switch
7169,0.004473784025087011,Non-Switch
717,0.00453181406180138,Non-Switch
7170,0.004499641213559897,Non-Switch
7171,0.004418451294400823,Non-Switch
7172,0.004402954717027961,Non-Switch
7173,0.00439116517194987,Non-Switch
7174,0.0044589411161488745,Non-Switch
7175,0.004387015418690575,Non-Switch
7176,0.004389818870261085,Non-Switch
7177,0.004394258172436481,Non-Switch
7178,0.004431159871769462,Non-Switch
7179,0.004441558104074363,Non-Switch
718,0.0045042938145307965,Non-Switch
7180,0.004406410157515121,Non-Switch
7181,0.004465493587966025,Non-Switch
7182,0.0044545743691543115,Non-Switch
7183,0.004486583296431691,Non-Switch
7184,0.00449149622270419,Non-Switch
7185,0.004456706013494889,Non-Switch
7186,0.004446266800948962,Non-Switch
7187,0.004437008625513258,Non-Switch
7188,0.004444477778295651,Non-Switch
7189,0.004444110635644492,Non-Switch
719,0.004526990149986847,Non-Switch
7190,0.004424257052481902,Non-Switch
7191,0.0044123324741505935,Non-Switch
7192,0.004410157498243686,Non-Switch
7193,0.0044054199136582,Non-Switch
7194,0.004623179173265018,Non-Switch
7195,0.004443877182632091,Non-Switch
7196,0.004397700512682657,Non-Switch
7197,0.004407332548841818,Non-Switch
7198,0.004386487042304233,Non-Switch
7199,0.004371548400835831,Non-Switch
72,0.004495818630421579,Non-Switch
720,0.0044841325436568965,Non-Switch
7200,0.004380430028319158,Non-Switch
7201,0.004373105649994815,Non-Switch
7202,0.004372527223969843,Non-Switch
7203,0.004372877235536638,Non-Switch
7204,0.0043784028500028355,Non-Switch
7205,0.0043695376817966414,Non-Switch
7206,0.004371411688064539,Non-Switch
7207,0.004377308476025275,Non-Switch
7208,0.004380694048560521,Non-Switch
7209,0.004421757593682937,Non-Switch
721,0.004527221587577559,Non-Switch
7210,0.00440156810690538,Non-Switch
7211,0.004391150392190811,Non-Switch
7212,0.004392584364723103,Non-Switch
7213,0.00440246765678626,Non-Switch
7214,0.00440026883172269,Non-Switch
7215,0.0045012078680200995,Non-Switch
7216,0.0044242456317589935,Non-Switch
7217,0.004500520273320264,Non-Switch
7218,0.004526980744685629,Non-Switch
7219,0.004396299122801017,Non-Switch
722,0.004699883435549831,Non-Switch
7220,0.004583530454168841,Non-Switch
7221,0.004587950273934569,Non-Switch
7222,0.005866346359725611,Non-Switch
7223,0.005371527752229418,Non-Switch
7224,0.0049734776017472115,Non-Switch
7225,0.006088286611627916,Non-Switch
7226,0.005631486247080852,Non-Switch
7227,0.005639294326610747,Non-Switch
7228,0.006007414457288599,Non-Switch
7229,0.006065497566774134,Non-Switch
723,0.004552307541350482,Non-Switch
7230,0.006778442240624688,Non-Switch
7231,0.0056164522089858,Non-Switch
7232,0.010012989823353443,Non-Switch
7233,0.09429854967145217,Non-Switch
7234,0.028796689069143247,Non-Switch
7235,0.011139324358070874,Non-Switch
7236,0.02681868972928089,Non-Switch
7237,0.012962986735771842,Non-Switch
7238,0.017211381450638073,Non-Switch
7239,0.03080046430880367,Non-Switch
724,0.0044594476588002445,Non-Switch
7240,0.029830248369021414,Non-Switch
7241,0.020843621446499094,Non-Switch
7242,0.021257275999414564,Non-Switch
7243,0.020106699972612236,Non-Switch
7244,0.016325041987127392,Non-Switch
7245,0.012021948727600028,Non-Switch
7246,0.0104778024968283,Non-Switch
7247,0.00915347226349783,Non-Switch
7248,0.008773959625814776,Non-Switch
7249,0.009750756589221456,Non-Switch
725,0.004482481913292952,Non-Switch
7250,0.011567987084503045,Non-Switch
7251,0.01144339774648308,Non-Switch
7252,0.014208686635489283,Non-Switch
7253,0.01335865835275647,Non-Switch
7254,0.012831507342801684,Non-Switch
7255,0.014265052605695107,Non-Switch
7256,0.014889737932906004,Non-Switch
7257,0.01348651133029945,Non-Switch
7258,0.012429234547975735,Non-Switch
7259,0.010925957710036974,Non-Switch
726,0.004420042133921304,Non-Switch
7260,0.012673406916538208,Non-Switch
7261,0.011055900679872274,Non-Switch
7262,0.012599896425824497,Non-Switch
7263,0.007583595144012445,Non-Switch
7264,0.00733383871375477,Non-Switch
7265,0.0063526212587751325,Non-Switch
7266,0.005858976634413248,Non-Switch
7267,0.00684904783687617,Non-Switch
7268,0.00568558520378927,Non-Switch
7269,0.005051785131986259,Non-Switch
727,0.004425853938267452,Non-Switch
7270,0.005171442733131288,Non-Switch
7271,0.0052322748778017075,Non-Switch
7272,0.005507331904242268,Non-Switch
7273,0.005328662756019937,Non-Switch
7274,0.0053666383392099665,Non-Switch
7275,0.005486973457946383,Non-Switch
7276,0.005131326772106693,Non-Switch
7277,0.00486615169411483,Non-Switch
7278,0.004943630550135756,Non-Switch
7279,0.0047609144351603095,Non-Switch
728,0.004415347209094918,Non-Switch
7280,0.004720122300158787,Non-Switch
7281,0.004656455128978052,Non-Switch
7282,0.004677370503467551,Non-Switch
7283,0.004617883316871457,Non-Switch
7284,0.004576115717772072,Non-Switch
7285,0.004689509724208822,Non-Switch
7286,0.00477842307518682,Non-Switch
7287,0.004737651094402195,Non-Switch
7288,0.004720184106423941,Non-Switch
7289,0.004622802289409025,Non-Switch
729,0.004386459162304191,Non-Switch
7290,0.0045740079225881575,Non-Switch
7291,0.004592086255145651,Non-Switch
7292,0.004541986566877024,Non-Switch
7293,0.00454658139242615,Non-Switch
7294,0.004542662069046721,Non-Switch
7295,0.004568613310531797,Non-Switch
7296,0.004618610212294244,Non-Switch
7297,0.004762520726247079,Non-Switch
7298,0.004619301501933845,Non-Switch
7299,0.00459758902816603,Non-Switch
73,0.00516687209264244,Non-Switch
730,0.004368238406613952,Non-Switch
7300,0.004617108723135344,Non-Switch
7301,0.004573000883550489,Non-Switch
7302,0.0045851471582676745,Non-Switch
7303,0.004570564574631137,Non-Switch
7304,0.00456532918088827,Non-Switch
7305,0.004839025461784602,Non-Switch
7306,0.004563110537511417,Non-Switch
7307,0.004466571502666452,Non-Switch
7308,0.0044651775026643414,Non-Switch
7309,0.00441096669005214,Non-Switch
731,0.004384116570493414,Non-Switch
7310,0.0044536916144541795,Non-Switch
7311,0.0044129629652358855,Non-Switch
7312,0.004463917192300987,Non-Switch
7313,0.00445668921831414,Non-Switch
7314,0.0043818932244659515,Non-Switch
7315,0.0043926606148437,Non-Switch
7316,0.004391513839902205,Non-Switch
7317,0.004387591493390242,Non-Switch
7318,0.004382883132419258,Non-Switch
7319,0.00436995823312258,Non-Switch
732,0.004375623247588989,Non-Switch
7320,0.004365983149743067,Non-Switch
7321,0.004368135620107772,Non-Switch
7322,0.004377168068314219,Non-Switch
7323,0.00436394690202914,Non-Switch
7324,0.004362886790220307,Non-Switch
7325,0.004378893269280686,Non-Switch
7326,0.00436750244179356,Non-Switch
7327,0.004367316687094483,Non-Switch
7328,0.0043650835998621865,Non-Switch
7329,0.004361981865881587,Non-Switch
733,0.004859814536514874,Non-Switch
7330,0.004356759908283319,Non-Switch
7331,0.004363930442752007,Non-Switch
7332,0.004373729758911422,Non-Switch
7333,0.004357530807079667,Non-Switch
7334,0.004356499247078105,Non-Switch
7335,0.004355575512136947,Non-Switch
7336,0.004358599316478875,Non-Switch
7337,0.004357284589729896,Non-Switch
7338,0.004357609072621954,Non-Switch
7339,0.004357260404669619,Non-Switch
734,0.0046179595669920545,Non-Switch
7340,0.004359268436479888,Non-Switch
7341,0.004357451197922919,Non-Switch
7342,0.004355456602257249,Non-Switch
7343,0.0043575022552723944,Non-Switch
7344,0.004355537890932071,Non-Switch
7345,0.004355758243703489,Non-Switch
7346,0.0043566174851505735,Non-Switch
7347,0.004357669535272648,Non-Switch
7348,0.00435664906009038,Non-Switch
7349,0.004360035976240086,Non-Switch
735,0.004489837530653486,Non-Switch
7350,0.004361906959375449,Non-Switch
7351,0.004363286515522116,Non-Switch
7352,0.004364231748294632,Non-Switch
7353,0.004361379926603567,Non-Switch
7354,0.004361587515037616,Non-Switch
7355,0.004369310610952924,Non-Switch
7356,0.004373173502525038,Non-Switch
7357,0.004374934981081922,Non-Switch
7358,0.004451208614932348,Non-Switch
7359,0.004378743456268411,Non-Switch
736,0.004933489284096304,Non-Switch
7360,0.004374287358912267,Non-Switch
7361,0.0043987028490697164,Non-Switch
7362,0.004410431595593499,Non-Switch
7363,0.004431239145022594,Non-Switch
7364,0.004425345380194393,Non-Switch
7365,0.004436961599007162,Non-Switch
7366,0.004447845883842919,Non-Switch
7367,0.004437358301176438,Non-Switch
7368,0.004442973601907831,Non-Switch
7369,0.004468417628934308,Non-Switch
737,0.00520023504739175,Non-Switch
7370,0.004509595045382196,Non-Switch
7371,0.004521274414074579,Non-Switch
7372,0.004456637489157435,Non-Switch
7373,0.004471817645324998,Non-Switch
7374,0.00446239420531073,Non-Switch
7375,0.004874423992440608,Non-Switch
7376,0.004901928116337674,Non-Switch
7377,0.005193407134610328,Non-Switch
7378,0.005055111921388886,Non-Switch
7379,0.005073755915633983,Non-Switch
738,0.004992178027799623,Non-Switch
7380,0.0050666337512858504,Non-Switch
7381,0.005046811407159451,Non-Switch
7382,0.004997697596000751,Non-Switch
7383,0.005001384474078622,Non-Switch
7384,0.004834070211656617,Non-Switch
7385,0.004684548091912153,Non-Switch
7386,0.0045336622034909254,Non-Switch
7387,0.004470819339781318,Non-Switch
7388,0.004449178413483491,Non-Switch
7389,0.004417194343073618,Non-Switch
739,0.004568250870531248,Non-Switch
7390,0.004392805725205366,Non-Switch
7391,0.004387994913631817,Non-Switch
7392,0.004400380351722859,Non-Switch
7393,0.004374700520358676,Non-Switch
7394,0.004368692884205001,Non-Switch
7395,0.004364145085161971,Non-Switch
7396,0.004366890761310706,Non-Switch
7397,0.004358781376238187,Non-Switch
7398,0.00435899736226261,Non-Switch
7399,0.004358239227803631,Non-Switch
74,0.005150392661292188,Non-Switch
740,0.005081162254440378,Non-Switch
7400,0.004358460252382279,Non-Switch
7401,0.004356400491415305,Non-Switch
7402,0.004356391757921315,Non-Switch
7403,0.004355751525631189,Non-Switch
7404,0.004355033699606006,Non-Switch
7405,0.0043549507314131096,Non-Switch
7406,0.0043551405169555656,Non-Switch
7407,0.004355219118401468,Non-Switch
7408,0.004355371954546277,Non-Switch
7409,0.004356533173343217,Non-Switch
741,0.004686053611914433,Non-Switch
7410,0.0043558072856312744,Non-Switch
7411,0.004364725190705018,Non-Switch
7412,0.004357098499127205,Non-Switch
7413,0.004356709858644689,Non-Switch
7414,0.0043777229810861434,Non-Switch
7415,0.004360718196482084,Non-Switch
7416,0.00441141848041427,Non-Switch
7417,0.004490722300775308,Non-Switch
7418,0.004400280924252828,Non-Switch
7419,0.004543186414589684,Non-Switch
742,0.004451594904089559,Non-Switch
7420,0.004525758391430766,Non-Switch
7421,0.004584292283567585,Non-Switch
7422,0.004545084270014244,Non-Switch
7423,0.004464699847723859,Non-Switch
7424,0.004453621074695037,Non-Switch
7425,0.0045079837157412025,Non-Switch
7426,0.004451038647703175,Non-Switch
7427,0.0044980392892201215,Non-Switch
7428,0.004591698958277594,Non-Switch
7429,0.004658851129463607,Non-Switch
743,0.004612938479755536,Non-Switch
7430,0.004758677652988248,Non-Switch
7431,0.0048272124034534625,Non-Switch
7432,0.004904794717787798,Non-Switch
7433,0.005339461385433879,Non-Switch
7434,0.005220708708627569,Non-Switch
7435,0.005318837911185785,Non-Switch
7436,0.005463579114778431,Non-Switch
7437,0.005713970402868392,Non-Switch
7438,0.006131203001090486,Non-Switch
7439,0.005203718031975337,Non-Switch
744,0.004585638585256371,Non-Switch
7440,0.005339683753626986,Non-Switch
7441,0.004993968729971009,Non-Switch
7442,0.004985670902970493,Non-Switch
7443,0.004836206558647803,Non-Switch
7444,0.004887375092219253,Non-Switch
7445,0.004822349862723209,Non-Switch
7446,0.004746913636584894,Non-Switch
7447,0.004573797982828804,Non-Switch
7448,0.004468135805801351,Non-Switch
7449,0.00441942978163122,Non-Switch
745,0.004675305032139122,Non-Switch
7450,0.004447092787938164,Non-Switch
7451,0.004476954283405064,Non-Switch
7452,0.004394591724726143,Non-Switch
7453,0.004399401192685231,Non-Switch
7454,0.004417569547411535,Non-Switch
7455,0.004457874622171357,Non-Switch
7456,0.004777947435668027,Non-Switch
7457,0.005235429348649857,Non-Switch
7458,0.004738632604765127,Non-Switch
7459,0.004501914609225989,Non-Switch
746,0.004404507935343566,Non-Switch
7460,0.005281864664382816,Non-Switch
7461,0.006078325054022471,Non-Switch
7462,0.005779913656944141,Non-Switch
7463,0.007824982199799616,Non-Switch
7464,0.010295976526432516,Non-Switch
7465,0.025296506220470125,Non-Switch
7466,0.005546672263819905,Non-Switch
7467,0.04214554709802946,Non-Switch
7468,0.25098118320796253,Non-Switch
747,0.00450770357212632,Non-Switch
7470,0.404405637670624,Non-Switch
7471,0.3417139628344977,Non-Switch
7474,0.7857639662904484,Non-Switch
7475,0.36877814167451173,Non-Switch
7476,0.0844620127042695,Non-Switch
7477,0.030271606908484856,Non-Switch
7478,0.05395392427639045,Non-Switch
7479,0.21208152379870307,Non-Switch
748,0.0047358137016283285,Non-Switch
7480,0.5039793359495813,Non-Switch
7481,0.12618292926286084,Non-Switch
7482,0.051871149880947764,Non-Switch
7483,0.07293497764488871,Non-Switch
7485,0.4931779225664799,Non-Switch
7486,0.2561294838615407,Non-Switch
7487,0.3797520106607658,Non-Switch
7488,0.4864342678478356,Non-Switch
7489,0.4136216289867466,Non-Switch
749,0.00482274152633826,Non-Switch
7490,0.49722390041935294,Non-Switch
7491,0.24492017062625543,Non-Switch
7492,0.1509734222160588,Non-Switch
7493,0.1424706751998113,Non-Switch
7494,0.09199652964290644,Non-Switch
7495,0.03898933761276871,Non-Switch
7496,0.04984752139402837,Non-Switch
7497,0.042038842612084765,Non-Switch
7498,0.01778776518163126,Non-Switch
7499,0.012928062165116553,Non-Switch
75,0.004458239077593595,Non-Switch
750,0.005233795513466661,Non-Switch
7500,0.008247157955619555,Non-Switch
7501,0.007062143746596409,Non-Switch
7502,0.007487643604590056,Non-Switch
7503,0.006848225544826733,Non-Switch
7504,0.006134609063746245,Non-Switch
7505,0.005030731701111009,Non-Switch
7506,0.004781221152299489,Non-Switch
7507,0.004467342065559185,Non-Switch
7508,0.004448043731072134,Non-Switch
7509,0.004408095385951407,Non-Switch
751,0.004933325027228585,Non-Switch
7510,0.004423145211516363,Non-Switch
7511,0.004405320150284555,Non-Switch
7512,0.004396035438463268,Non-Switch
7513,0.004381837800369482,Non-Switch
7514,0.004375727377709628,Non-Switch
7515,0.004382056137719211,Non-Switch
7516,0.004373220529031134,Non-Switch
7517,0.004365536733838777,Non-Switch
7518,0.004364175988294547,Non-Switch
7519,0.004357279887079287,Non-Switch
752,0.0047331022876483195,Non-Switch
7520,0.004361276804193772,Non-Switch
7521,0.0043604857511805265,Non-Switch
7522,0.004362397714556915,Non-Switch
7523,0.004357286605151586,Non-Switch
7524,0.0043619462600984005,Non-Switch
7525,0.0043616923169654855,Non-Switch
7526,0.004361592217688226,Non-Switch
7527,0.004368913572880034,Non-Switch
7528,0.004368437933361242,Non-Switch
7529,0.004371481891920067,Non-Switch
753,0.004576647117290949,Non-Switch
7530,0.004368171561794573,Non-Switch
7531,0.004398651119913012,Non-Switch
7532,0.004425116293928986,Non-Switch
7533,0.00443518198165507,Non-Switch
7534,0.0044117715151136,Non-Switch
7535,0.004413709007164726,Non-Switch
7536,0.0043916807839988435,Non-Switch
7537,0.004389291501585587,Non-Switch
7538,0.004382471314587309,Non-Switch
7539,0.004380415584463714,Non-Switch
754,0.004485972287756068,Non-Switch
7540,0.004373598084694356,Non-Switch
7541,0.0043747549367443,Non-Switch
7542,0.004369533315049647,Non-Switch
7543,0.004362591195039136,Non-Switch
7544,0.004360495156481746,Non-Switch
7545,0.004358178429249322,Non-Switch
7546,0.004357731341537802,Non-Switch
7547,0.004357220768043053,Non-Switch
7548,0.004357009820572854,Non-Switch
7549,0.004356969512139058,Non-Switch
755,0.005483106871434504,Non-Switch
7550,0.0043577165617787435,Non-Switch
7551,0.00435744649527231,Non-Switch
7552,0.00435664435743977,Non-Switch
7553,0.004356484467319046,Non-Switch
7554,0.004356376978162257,Non-Switch
7555,0.004355941647077261,Non-Switch
7556,0.004355715583944388,Non-Switch
7557,0.004355488849004286,Non-Switch
7558,0.004355168396955608,Non-Switch
7559,0.004354691077918741,Non-Switch
756,0.005809021720602671,Non-Switch
7560,0.004354530180087171,Non-Switch
7561,0.0043545234620148724,Non-Switch
7562,0.0043545019641835145,Non-Switch
7563,0.0043544969256292905,Non-Switch
7564,0.004354502635990745,Non-Switch
7565,0.004354517079846188,Non-Switch
7566,0.004354591314545095,Non-Switch
7567,0.0043548466012924706,Non-Switch
7568,0.004355040753581921,Non-Switch
7569,0.004355278909244932,Non-Switch
757,0.017734872454804186,Non-Switch
7570,0.004355285963220846,Non-Switch
7571,0.004355487505389826,Non-Switch
7572,0.004355417301534298,Non-Switch
7573,0.004355400842257165,Non-Switch
7574,0.004355387742016181,Non-Switch
7575,0.00435544450972711,Non-Switch
7576,0.004355311827799199,Non-Switch
7577,0.004355367923702898,Non-Switch
7578,0.0043553699391245876,Non-Switch
7579,0.0043551636943049985,Non-Switch
758,0.028181036861946028,Non-Switch
7580,0.0043555761839441775,Non-Switch
7581,0.004355322912618493,Non-Switch
7582,0.004355276557919627,Non-Switch
7583,0.004355055533340979,Non-Switch
7584,0.004354978947316767,Non-Switch
7585,0.004355287978642536,Non-Switch
7586,0.004357728318405267,Non-Switch
7587,0.004356365557439348,Non-Switch
7588,0.004355554014305589,Non-Switch
7589,0.004355818034546953,Non-Switch
759,0.009459025643237577,Non-Switch
7590,0.004356102209005215,Non-Switch
7591,0.004356811637440024,Non-Switch
7592,0.0043620006764840255,Non-Switch
7593,0.004361245229253965,Non-Switch
7594,0.004359444785877745,Non-Switch
7595,0.0043603916981683356,Non-Switch
7596,0.004359755832625205,Non-Switch
7597,0.004375194970479906,Non-Switch
7598,0.004376579565180797,Non-Switch
7599,0.004369011656735604,Non-Switch
76,0.00460234575925757,Non-Switch
760,0.006213825213263777,Non-Switch
7600,0.004380012500125755,Non-Switch
7601,0.004394482556051278,Non-Switch
7602,0.004374422056261869,Non-Switch
7603,0.004389009342549015,Non-Switch
7604,0.004423257739227377,Non-Switch
7605,0.004422750860672392,Non-Switch
7606,0.004463541652059455,Non-Switch
7607,0.004444270861668831,Non-Switch
7608,0.0045079259403194285,Non-Switch
7609,0.004527632733602278,Non-Switch
761,0.00577702219862651,Non-Switch
7610,0.004637213898105545,Non-Switch
7611,0.004598871508167972,Non-Switch
7612,0.00458159329802133,Non-Switch
7613,0.004801328006787765,Non-Switch
7614,0.00482814285646692,Non-Switch
7615,0.004944714847004867,Non-Switch
7616,0.005493991828077491,Non-Switch
7617,0.006360514993726844,Non-Switch
7618,0.007529170024893895,Non-Switch
7619,0.012459664728262774,Non-Switch
762,0.005290068102467526,Non-Switch
7620,0.00869689124401134,Non-Switch
7621,0.005199690883535505,Non-Switch
7622,0.004690565469270662,Non-Switch
7623,0.005154784936961488,Non-Switch
7624,0.005097415958561373,Non-Switch
7625,0.005429806357618862,Non-Switch
7626,0.0054738486959988,Non-Switch
7627,0.005553603970818353,Non-Switch
7628,0.005716536706486736,Non-Switch
7629,0.005837815378477593,Non-Switch
763,0.006359236544568282,Non-Switch
7630,0.006246748470181096,Non-Switch
7631,0.006759736440114438,Non-Switch
7632,0.006681542781200864,Non-Switch
7633,0.0062560603901951955,Non-Switch
7634,0.006253613668263779,Non-Switch
7635,0.00535404766401018,Non-Switch
7636,0.005189968825207531,Non-Switch
7637,0.004747987520441942,Non-Switch
7638,0.004541768901334525,Non-Switch
7639,0.004477684537864002,Non-Switch
764,0.005868017816113684,Non-Switch
7640,0.004439786548409029,Non-Switch
7641,0.004395683747378398,Non-Switch
7642,0.004403742075101443,Non-Switch
7643,0.004390725810021493,Non-Switch
7644,0.004377320568555413,Non-Switch
7645,0.004379774680366358,Non-Switch
7646,0.004439076448166991,Non-Switch
7647,0.004502476240070213,Non-Switch
7648,0.004399935279433028,Non-Switch
7649,0.004426256686701797,Non-Switch
765,0.0057429118583338995,Non-Switch
7650,0.004438721733949586,Non-Switch
7651,0.013560169618603747,Non-Switch
7652,0.005574061172777037,Non-Switch
7653,0.004506487936943757,Non-Switch
7654,0.0045252159070925954,Non-Switch
7655,0.004492053150897805,Non-Switch
7656,0.004622962179529749,Non-Switch
7657,0.004487638705589916,Non-Switch
7658,0.004513489847797732,Non-Switch
7659,0.004534682342769579,Non-Switch
766,0.005593286280276026,Non-Switch
7660,0.004460216878078517,Non-Switch
7661,0.004450016493002832,Non-Switch
7662,0.004438496678527559,Non-Switch
7663,0.004414340505960864,Non-Switch
7664,0.00441382355029743,Non-Switch
7665,0.004385439023025537,Non-Switch
7666,0.0045138586699669655,Non-Switch
7667,0.004577067668616887,Non-Switch
7668,0.00453722412542403,Non-Switch
7669,0.004832073600569257,Non-Switch
767,0.0045207137909412005,Non-Switch
7670,0.004427342663088984,Non-Switch
7671,0.004519288887806513,Non-Switch
7672,0.004640485599315318,Non-Switch
7673,0.0045267130295045,Non-Switch
7674,0.004576182226687836,Non-Switch
7675,0.004567758099928093,Non-Switch
7676,0.004580230201151796,Non-Switch
7677,0.004560609735097992,Non-Switch
7678,0.004427118615377801,Non-Switch
7679,0.0044337711864722105,Non-Switch
768,0.004699893176754664,Non-Switch
7680,0.004442901046726998,Non-Switch
7681,0.004432959643338452,Non-Switch
7682,0.00442748105537835,Non-Switch
7683,0.004410492058244193,Non-Switch
7684,0.004688923908304321,Non-Switch
7685,0.0046136092792746245,Non-Switch
7686,0.004486547018841275,Non-Switch
7687,0.00445143803710137,Non-Switch
7688,0.004411373805233479,Non-Switch
7689,0.004461589044345655,Non-Switch
769,0.004458746963859424,Non-Switch
7690,0.0046696692412872155,Non-Switch
7691,0.004549808754358747,Non-Switch
7692,0.0044164382240363285,Non-Switch
7693,0.004394508084726015,Non-Switch
7694,0.004390869912672314,Non-Switch
7695,0.004386798424955306,Non-Switch
7696,0.004434267316111517,Non-Switch
7697,0.004470707819781148,Non-Switch
7698,0.0044593932424146195,Non-Switch
7699,0.004420588313199239,Non-Switch
77,0.00462581097808828,Non-Switch
770,0.004456252543614684,Non-Switch
7700,0.004381449495790581,Non-Switch
7701,0.004419393168137188,Non-Switch
7702,0.004398716957021545,Non-Switch
7703,0.004397338408585722,Non-Switch
7704,0.0043997663199147,Non-Switch
7705,0.004391166515564329,Non-Switch
7706,0.004386924052907304,Non-Switch
7707,0.0043787360663888825,Non-Switch
7708,0.004382718875551539,Non-Switch
7709,0.004383910325673825,Non-Switch
771,0.004498180704642023,Non-Switch
7710,0.004391244781106617,Non-Switch
7711,0.004386332190737733,Non-Switch
7712,0.004389276721826528,Non-Switch
7713,0.004383134388323252,Non-Switch
7714,0.004387002654353206,Non-Switch
7715,0.004381223768561323,Non-Switch
7716,0.004409677827881514,Non-Switch
7717,0.039818355796192605,Non-Switch
7718,0.005601458143420929,Non-Switch
7719,0.0049273358657737345,Non-Switch
772,0.004481929351846332,Non-Switch
7720,0.004983464352123779,Non-Switch
7721,0.005167371581317895,Non-Switch
7722,0.004960949068716194,Non-Switch
7723,0.005521523831974599,Non-Switch
7724,0.0050636468963415684,Non-Switch
7725,0.004757745520456717,Non-Switch
7726,0.004530082814569843,Non-Switch
7727,0.004379684658197548,Non-Switch
7728,0.004380785078440177,Non-Switch
7729,0.004399238951239203,Non-Switch
773,0.004486659210648674,Non-Switch
7730,0.004376799917952216,Non-Switch
7731,0.0043758829010833574,Non-Switch
7732,0.004382967780130229,Non-Switch
7733,0.004377744814821116,Non-Switch
7734,0.004366385898177411,Non-Switch
7735,0.00437695241819341,Non-Switch
7736,0.004382349717478691,Non-Switch
7737,0.004469465648213003,Non-Switch
7738,0.004492061212584564,Non-Switch
7739,0.004487117383179489,Non-Switch
774,0.0045104230477930884,Non-Switch
7740,0.004654520324155845,Non-Switch
7741,0.004894734404519553,Non-Switch
7742,0.00485365070518024,Non-Switch
7743,0.005229326651773147,Non-Switch
7744,0.005769359565361895,Non-Switch
7745,0.020607243385418302,Non-Switch
7746,0.00472609735366181,Non-Switch
7747,0.004919943634919168,Non-Switch
7748,0.005026536936767308,Non-Switch
7749,0.09174890687241104,Non-Switch
775,0.005272679044127944,Non-Switch
7750,0.26929892636437214,Non-Switch
7751,0.5054055020818612,Non-Switch
7752,0.46255701351963485,Non-Switch
7753,0.5267807958009725,Non-Switch
7754,0.24434708143791783,Non-Switch
7755,0.1708244659473201,Non-Switch
7756,0.38941335105129765,Non-Switch
7757,0.4336202445813639,Non-Switch
7758,0.12219325423031406,Non-Switch
7759,0.18558033016628847,Non-Switch
776,0.004526771476733505,Non-Switch
7760,0.48576430943139953,Non-Switch
7761,0.3764993027849975,Non-Switch
7762,0.4238380863786009,Non-Switch
7763,0.3318164472686685,Non-Switch
7764,0.29594404797772755,Non-Switch
7765,0.45435275314287543,Non-Switch
7766,0.47433511637698617,Non-Switch
7767,0.4876509161157018,Non-Switch
7768,0.3767980366495462,Non-Switch
7769,0.18240439104629905,Non-Switch
777,0.006119831991916643,Non-Switch
7770,0.09669569760375639,Non-Switch
7771,0.04213630034331666,Non-Switch
7772,0.018315930620503244,Non-Switch
7773,0.009014375248347464,Non-Switch
7774,0.016053963739006107,Non-Switch
7775,0.014240995188791213,Non-Switch
7776,0.012144225705134565,Non-Switch
7777,0.015374698105206547,Non-Switch
7778,0.010369591819074098,Non-Switch
7779,0.009248392578822272,Non-Switch
778,0.14181264807977884,Non-Switch
7780,0.008361813951937734,Non-Switch
7781,0.00937607290190716,Non-Switch
7782,0.03374786804531453,Non-Switch
7783,0.02163626798649442,Non-Switch
7784,0.05997008700742724,Non-Switch
7785,0.4421657185374351,Non-Switch
7786,0.1791868966182949,Non-Switch
7787,0.08742077535742407,Non-Switch
7788,0.0793456040835107,Non-Switch
7789,0.04060919383112495,Non-Switch
779,0.02392700837164958,Non-Switch
7790,0.07303952697323977,Non-Switch
7791,0.14750693990526803,Non-Switch
7792,0.08540764318666515,Non-Switch
7793,0.13834819731405137,Non-Switch
7794,0.20144781499802428,Non-Switch
7795,0.18853082152882808,Non-Switch
7796,0.177648748282472,Non-Switch
7797,0.22645662917757686,Non-Switch
7798,0.39039636088796675,Non-Switch
7799,0.4975160129518434,Non-Switch
78,0.004778117066993585,Non-Switch
780,0.31091715853148266,Non-Switch
7800,0.20381807989221548,Non-Switch
7801,0.29073344660887435,Non-Switch
7802,0.03474925046610783,Non-Switch
7803,0.008339575789012498,Non-Switch
7804,0.06271916518797516,Non-Switch
7805,0.007904215144497895,Non-Switch
7806,0.12394755251152446,Non-Switch
7807,0.5005733055405689,Non-Switch
7808,0.33150311637662777,Non-Switch
7809,0.05092435851565881,Non-Switch
781,0.504151490583095,Non-Switch
7810,0.03398938543170431,Non-Switch
7811,0.18476797011493798,Non-Switch
7812,0.0659138074212459,Non-Switch
7813,0.0395274390805714,Non-Switch
7814,0.01746761947705014,Non-Switch
7815,0.00887057020812973,Non-Switch
7816,0.01155544309990574,Non-Switch
7817,0.008865013018723725,Non-Switch
7818,0.0059728244466338174,Non-Switch
7819,0.005107417824600613,Non-Switch
782,0.36170277541801577,Non-Switch
7820,0.004761355812510376,Non-Switch
7821,0.004598253781420049,Non-Switch
7822,0.004660353290429737,Non-Switch
7823,0.0044630949002515494,Non-Switch
7824,0.004479687195216431,Non-Switch
7825,0.004387377186883893,Non-Switch
7826,0.0043890469637538915,Non-Switch
7827,0.004389322404718164,Non-Switch
7828,0.004369092945410426,Non-Switch
7829,0.004360925784916133,Non-Switch
783,0.38485417696825003,Non-Switch
7830,0.004360727265879687,Non-Switch
7831,0.00435714955647668,Non-Switch
7832,0.004357599667320735,Non-Switch
7833,0.0043562809097283765,Non-Switch
7834,0.0043581539082854295,Non-Switch
7835,0.004357928181056172,Non-Switch
7836,0.004356224477921063,Non-Switch
7837,0.004355575512136947,Non-Switch
7838,0.004364830328536502,Non-Switch
7839,0.004363598905884035,Non-Switch
784,0.46139484075642945,Non-Switch
7840,0.004369998877459991,Non-Switch
7841,0.004454159192286213,Non-Switch
7842,0.0045074738140536835,Non-Switch
7843,0.004458468835666232,Non-Switch
7844,0.0044440884660059046,Non-Switch
7845,0.004483021374498588,Non-Switch
7846,0.004475783323403292,Non-Switch
7847,0.004428349030319423,Non-Switch
7848,0.004478864903166993,Non-Switch
7849,0.004521028196724809,Non-Switch
785,0.45070108851276813,Non-Switch
7850,0.004451968428909402,Non-Switch
7851,0.00453141635192126,Non-Switch
7852,0.004454472254455361,Non-Switch
7853,0.00445663245060321,Non-Switch
7854,0.004956635394492795,Non-Switch
7855,0.00591417567546068,Non-Switch
7856,0.011301623579521431,Non-Switch
7857,0.03694612460148231,Non-Switch
7858,0.03700996509892837,Non-Switch
7859,0.027940403573870842,Non-Switch
786,0.13592268299327045,Non-Switch
7860,0.015477046593072356,Non-Switch
7861,0.008433957986745762,Non-Switch
7862,0.00514666480297329,Non-Switch
7863,0.005229187587676551,Non-Switch
7864,0.004725653289082824,Non-Switch
7865,0.004612678154453938,Non-Switch
7866,0.004447533493481,Non-Switch
7867,0.004422688046696393,Non-Switch
7868,0.004402798185943387,Non-Switch
7869,0.00439276810400049,Non-Switch
787,0.03264193092171232,Non-Switch
7870,0.004398178839430369,Non-Switch
7871,0.004432104432734747,Non-Switch
7872,0.004405091399922762,Non-Switch
7873,0.004512887908519713,Non-Switch
7874,0.004464006206758953,Non-Switch
7875,0.004447439776372425,Non-Switch
7876,0.004450871367702921,Non-Switch
7877,0.0044255989874236925,Non-Switch
7878,0.004456254559036373,Non-Switch
7879,0.004555791533644914,Non-Switch
788,0.006809292972237664,Non-Switch
7880,0.004485215496911548,Non-Switch
7881,0.004538349402534167,Non-Switch
7882,0.0045142382410518775,Non-Switch
7883,0.0045617215760635306,Non-Switch
7884,0.004473146480025805,Non-Switch
7885,0.00449185463186136,Non-Switch
7886,0.005053133113193119,Non-Switch
7887,0.005060433978264414,Non-Switch
7888,0.006105036781291831,Non-Switch
7889,0.005765297147042492,Non-Switch
789,0.013665607076112788,Non-Switch
7890,0.0056008797173959565,Non-Switch
7891,0.005718378801911212,Non-Switch
7892,0.006838799417583545,Non-Switch
7893,0.005279086741487043,Non-Switch
7894,0.005159345164438273,Non-Switch
7895,0.005988064393644844,Non-Switch
7896,0.006471534497509397,Non-Switch
7897,0.006446962476267372,Non-Switch
7898,0.005494899775548746,Non-Switch
7899,0.004815760777412028,Non-Switch
79,0.00455458060111296,Non-Switch
790,0.011822706826575463,Non-Switch
7900,0.005054772994641386,Non-Switch
7901,0.004985292339596426,Non-Switch
7902,0.004986171735260408,Non-Switch
7903,0.005716409063113048,Non-Switch
7904,0.006481848082103325,Non-Switch
7905,0.007729425011221197,Non-Switch
7906,0.006554328692333551,Non-Switch
7907,0.008950573043913512,Non-Switch
7908,0.010272612414589911,Non-Switch
7909,0.03893750634136493,Non-Switch
791,0.012535026719702181,Non-Switch
7910,0.03759133632679658,Non-Switch
7911,0.05069080607578712,Non-Switch
7912,0.12014883196601378,Non-Switch
7913,0.06030919917372382,Non-Switch
7914,0.03707400982577233,Non-Switch
7915,0.02171813038469066,Non-Switch
7916,0.012051509589331533,Non-Switch
7917,0.010954784958273392,Non-Switch
7918,0.009955464313868753,Non-Switch
7919,0.014704493807324321,Non-Switch
792,0.011467066858808073,Non-Switch
7920,0.014897900390749688,Non-Switch
7921,0.01425003502687719,Non-Switch
7922,0.012402531554200364,Non-Switch
7923,0.01497120530845104,Non-Switch
7924,0.011945257901459814,Non-Switch
7925,0.00944929518731923,Non-Switch
7926,0.005419002353747082,Non-Switch
7927,0.004802242672331318,Non-Switch
7928,0.004612460153007824,Non-Switch
7929,0.004447944303602104,Non-Switch
793,0.0176813038899038,Non-Switch
7930,0.004461704259285589,Non-Switch
7931,0.004399602734854211,Non-Switch
7932,0.004454079247225851,Non-Switch
7933,0.0044717974911081,Non-Switch
7934,0.0044745015152085794,Non-Switch
7935,0.004482415740280804,Non-Switch
7936,0.004439330391299905,Non-Switch
7937,0.004378895956509607,Non-Switch
7938,0.0044642893735063706,Non-Switch
7939,0.004423594650553188,Non-Switch
794,0.015983105543236172,Non-Switch
7940,0.004392842002795782,Non-Switch
7941,0.00437416105915304,Non-Switch
7942,0.004381438746874902,Non-Switch
7943,0.00438286432181682,Non-Switch
7944,0.004443102588895978,Non-Switch
7945,0.004395148317016141,Non-Switch
7946,0.004473636899303656,Non-Switch
7947,0.004380520386391584,Non-Switch
7948,0.00439096295797366,Non-Switch
7949,0.004389918969538344,Non-Switch
795,0.011992049275024636,Non-Switch
7950,0.004384040992180047,Non-Switch
7951,0.004529945094087708,Non-Switch
7952,0.004544102759651312,Non-Switch
7953,0.004511177487312303,Non-Switch
7954,0.004500540763440777,Non-Switch
7955,0.004411141359931923,Non-Switch
7956,0.004427458213932532,Non-Switch
7957,0.004393204778699946,Non-Switch
7958,0.004399238279431973,Non-Switch
7959,0.0044123936086085174,Non-Switch
796,0.00844639448218628,Non-Switch
7960,0.004382824685190253,Non-Switch
7961,0.0043660835849239415,Non-Switch
7962,0.004366105418658915,Non-Switch
7963,0.004366649246611546,Non-Switch
7964,0.0043696975719173655,Non-Switch
7965,0.004364362750704469,Non-Switch
7966,0.004362610005641574,Non-Switch
7967,0.004361326182025172,Non-Switch
7968,0.004365927389742982,Non-Switch
7969,0.004361755802748715,Non-Switch
797,0.007954125719031297,Non-Switch
7970,0.004365416144441004,Non-Switch
7971,0.004367151758419535,Non-Switch
7972,0.004369682120351077,Non-Switch
7973,0.004365234420585307,Non-Switch
7974,0.004366189394562656,Non-Switch
7975,0.004362675506846493,Non-Switch
7976,0.004363029885160282,Non-Switch
7977,0.0043615451911821305,Non-Switch
7978,0.004365590814320786,Non-Switch
7979,0.00436925082010946,Non-Switch
798,0.0076686419084785636,Non-Switch
7980,0.004363418861546413,Non-Switch
7981,0.00439926851075732,Non-Switch
7982,0.004397234278465083,Non-Switch
7983,0.004391716053878415,Non-Switch
7984,0.004399418323769595,Non-Switch
7985,0.0044049738336575245,Non-Switch
7986,0.004412072820656225,Non-Switch
7987,0.00439220748086711,Non-Switch
7988,0.004384533762783202,Non-Switch
7989,0.004374204054815755,Non-Switch
799,0.007205208455246758,Non-Switch
7990,0.0043809227989223135,Non-Switch
7991,0.004367825916974773,Non-Switch
7992,0.004366086608056477,Non-Switch
7993,0.004367550811914115,Non-Switch
7994,0.00436845540034922,Non-Switch
7995,0.004361175025398438,Non-Switch
7996,0.004409987866918128,Non-Switch
7997,0.004390704648093751,Non-Switch
7998,0.004401822050038294,Non-Switch
7999,0.004405419577754585,Non-Switch
8,0.004357906011417585,Non-Switch
80,0.004646122733781685,Non-Switch
800,0.006597656227820839,Non-Switch
8000,0.0043986501122021664,Non-Switch
8001,0.004388743306885962,Non-Switch
8002,0.004414591425961243,Non-Switch
8003,0.004429189125260454,Non-Switch
8004,0.004431676491529281,Non-Switch
8005,0.004397775755092409,Non-Switch
8006,0.004399910086661906,Non-Switch
8007,0.0043945507444851165,Non-Switch
8008,0.004389032855802063,Non-Switch
8009,0.004381963764225095,Non-Switch
801,0.030143044502507065,Non-Switch
8010,0.004443726026005356,Non-Switch
8011,0.004474553916172515,Non-Switch
8012,0.004462334414467265,Non-Switch
8013,0.0044439806409455,Non-Switch
8014,0.0044783959817205005,Non-Switch
8015,0.0045858750614013065,Non-Switch
8016,0.0044128786534285295,Non-Switch
8017,0.004745368479956049,Non-Switch
8018,0.005458482113324931,Non-Switch
8019,0.004833850530692429,Non-Switch
802,0.01361507642350616,Non-Switch
8020,0.0043943179632799445,Non-Switch
8021,0.004683502759862378,Non-Switch
8022,0.0044534027373453085,Non-Switch
8023,0.004385155184470891,Non-Switch
8024,0.004415377776323879,Non-Switch
8025,0.004407283506914034,Non-Switch
8026,0.004435251849606983,Non-Switch
8027,0.004425299697302758,Non-Switch
8028,0.004531608488789021,Non-Switch
8029,0.0047825163966388005,Non-Switch
803,0.02168990641934672,Non-Switch
8030,0.005420063473266761,Non-Switch
8031,0.005990137590756416,Non-Switch
8032,0.006046824013010921,Non-Switch
8033,0.011289497459021143,Non-Switch
8034,0.009556723881457792,Non-Switch
8035,0.015797921880305182,Non-Switch
8036,0.009959156566404464,Non-Switch
8037,0.00868868982134832,Non-Switch
8038,0.014012778241939645,Non-Switch
8039,0.009319630345677121,Non-Switch
804,0.020957980504021645,Non-Switch
8040,0.010924776672926751,Non-Switch
8041,0.005958313410467268,Non-Switch
8042,0.017357907981944268,Non-Switch
8043,0.014083221260841484,Non-Switch
8044,0.016833914465970164,Non-Switch
8045,0.013679070093000642,Non-Switch
8046,0.00995819386664397,Non-Switch
8047,0.014738797628099152,Non-Switch
8048,0.014385560042986002,Non-Switch
8049,0.027857142473021883,Non-Switch
805,0.0092124965749125,Non-Switch
8050,0.03463564248906835,Non-Switch
8051,0.05010648964502288,Non-Switch
8052,0.022823704732388705,Non-Switch
8053,0.039977514990650456,Non-Switch
8054,0.014352309615947705,Non-Switch
8055,0.017114809161335225,Non-Switch
8056,0.01703373815205585,Non-Switch
8057,0.013710725649675078,Non-Switch
8058,0.00911475668464403,Non-Switch
8059,0.008694547980393335,Non-Switch
806,0.00867219157939563,Non-Switch
8060,0.006317403780167593,Non-Switch
8061,0.006508954160216656,Non-Switch
8062,0.007679529216446855,Non-Switch
8063,0.006333262461637388,Non-Switch
8064,0.005126965735473585,Non-Switch
8065,0.006537297035440293,Non-Switch
8066,0.015252014012490671,Non-Switch
8067,0.01396840403078812,Non-Switch
8068,0.008790404123189072,Non-Switch
8069,0.008990784065661143,Non-Switch
807,0.006518125000712469,Non-Switch
8070,0.006937056599419063,Non-Switch
8071,0.005655241686634893,Non-Switch
8072,0.005016195136269722,Non-Switch
8073,0.0048891503428243515,Non-Switch
8074,0.005175544452173643,Non-Switch
8075,0.005120005476667865,Non-Switch
8076,0.0045253694150446345,Non-Switch
8077,0.004489756241978665,Non-Switch
8078,0.004480262934012483,Non-Switch
8079,0.0045802869688627255,Non-Switch
808,0.0067211169296945185,Non-Switch
8080,0.004690874500596431,Non-Switch
8081,0.005944216879361587,Non-Switch
8082,0.0060997913104405155,Non-Switch
8083,0.013026820515145601,Non-Switch
8084,0.00816416759308426,Non-Switch
8085,0.00577452576296008,Non-Switch
8086,0.005509324484486248,Non-Switch
8087,0.005363620581133108,Non-Switch
8088,0.006391376474255499,Non-Switch
8089,0.007426043584255824,Non-Switch
809,0.3661415616454594,Non-Switch
8090,0.00583234619581871,Non-Switch
8091,0.005822791081587375,Non-Switch
8092,0.2366745914176262,Non-Switch
8093,0.01212426362510434,Non-Switch
8094,0.014702923122020739,Non-Switch
8095,0.026078535519003593,Non-Switch
8096,0.034782770959652556,Non-Switch
8097,0.014751782318239294,Non-Switch
8098,0.013361713732038205,Non-Switch
8099,0.008426151586733942,Non-Switch
81,0.00488711375920681,Non-Switch
810,0.09748249673362239,Non-Switch
8100,0.008063778766908166,Non-Switch
8101,0.009379590484563088,Non-Switch
8102,0.005327128012403156,Non-Switch
8103,0.005413948683859912,Non-Switch
8104,0.005278606399317641,Non-Switch
8105,0.007220572686595323,Non-Switch
8106,0.007872290193124257,Non-Switch
8107,0.00792836997345013,Non-Switch
8108,0.008136631558343774,Non-Switch
8109,0.006764690346627963,Non-Switch
811,0.42783788688971724,Non-Switch
8110,0.005632479514070308,Non-Switch
8111,0.004862120850735233,Non-Switch
8112,0.004557190908104864,Non-Switch
8113,0.004432800089121343,Non-Switch
8114,0.0044310745522512605,Non-Switch
8115,0.004494317141262679,Non-Switch
8116,0.004447747128180119,Non-Switch
8117,0.004449380291556086,Non-Switch
8118,0.0044395272308182755,Non-Switch
8119,0.004393887670749172,Non-Switch
812,0.051899870983641856,Non-Switch
8120,0.004363894501065206,Non-Switch
8121,0.004362794080822576,Non-Switch
8122,0.004364807487090685,Non-Switch
8123,0.004366036894321462,Non-Switch
8124,0.004358667504912713,Non-Switch
8125,0.0043587380446718565,Non-Switch
8126,0.004358923799370933,Non-Switch
8127,0.004360402447084015,Non-Switch
8128,0.004356664511656668,Non-Switch
8129,0.00435705617527172,Non-Switch
813,0.012347094021586307,Non-Switch
8130,0.004355722637920303,Non-Switch
8131,0.004355646387799705,Non-Switch
8132,0.004356892254307616,Non-Switch
8133,0.004356290315029596,Non-Switch
8134,0.004356490177680501,Non-Switch
8135,0.004356763939126699,Non-Switch
8136,0.004360113569975144,Non-Switch
8137,0.004364065811908838,Non-Switch
8138,0.004367776203239758,Non-Switch
8139,0.00438416158157782,Non-Switch
814,0.010863525320544853,Non-Switch
8140,0.004372511100596325,Non-Switch
8141,0.004380271481812894,Non-Switch
8142,0.004371317299148734,Non-Switch
8143,0.004371846011438691,Non-Switch
8144,0.0043704170774606236,Non-Switch
8145,0.004361668803712439,Non-Switch
8146,0.0043634396875705415,Non-Switch
8147,0.004361446771422945,Non-Switch
8148,0.004359175055274928,Non-Switch
8149,0.004357975207562268,Non-Switch
815,0.007440121304759066,Non-Switch
8150,0.0043604511531081845,Non-Switch
8151,0.004356980261054737,Non-Switch
8152,0.004355621866835813,Non-Switch
8153,0.004355361877437828,Non-Switch
8154,0.004356067275029258,Non-Switch
8155,0.004357544243224266,Non-Switch
8156,0.004356604720813204,Non-Switch
8157,0.004356994369006565,Non-Switch
8158,0.004357316500573318,Non-Switch
8159,0.004357360503946879,Non-Switch
816,0.007807716082183112,Non-Switch
8160,0.004357660129971429,Non-Switch
8161,0.004358253335755459,Non-Switch
8162,0.004361490438892891,Non-Switch
8163,0.0043644594909455795,Non-Switch
8164,0.00436265031407537,Non-Switch
8165,0.004361316104916723,Non-Switch
8166,0.004365119541548989,Non-Switch
8167,0.004361387988290326,Non-Switch
8168,0.004360063856240128,Non-Switch
8169,0.004358936563708301,Non-Switch
817,0.004482024412569368,Non-Switch
8170,0.004356158640812529,Non-Switch
8171,0.004355341723220931,Non-Switch
8172,0.004356365893342963,Non-Switch
8173,0.004355252036955735,Non-Switch
8174,0.004355704499125095,Non-Switch
8175,0.004354898330449175,Non-Switch
8176,0.0043548304779189514,Non-Switch
8177,0.00435484592948524,Non-Switch
8178,0.004354806292858674,Non-Switch
8179,0.0043546322947861215,Non-Switch
818,0.004978721057176838,Non-Switch
8180,0.00435485264755754,Non-Switch
8181,0.0043547978952683,Non-Switch
8182,0.00435485130394308,Non-Switch
8183,0.004354827790690032,Non-Switch
8184,0.004354643043701801,Non-Switch
8185,0.004354566457677588,Non-Switch
8186,0.004354565785870358,Non-Switch
8187,0.004354553357436604,Non-Switch
8188,0.004354512713099194,Non-Switch
8189,0.004354616171412603,Non-Switch
819,0.00567317154979457,Non-Switch
8190,0.0043546322947861215,Non-Switch
8191,0.0043548549988828445,Non-Switch
8192,0.004354808308280364,Non-Switch
8193,0.004355051838401214,Non-Switch
8194,0.0043550599000879734,Non-Switch
8195,0.004355384047076416,Non-Switch
8196,0.004356093811414841,Non-Switch
8197,0.004356632936716861,Non-Switch
8198,0.004356832463464151,Non-Switch
8199,0.004356235562740356,Non-Switch
82,0.004560914063773152,Non-Switch
820,0.03697404490995832,Non-Switch
8200,0.004355261778160569,Non-Switch
8201,0.004355790490450526,Non-Switch
8202,0.004356002781535185,Non-Switch
8203,0.004356347754547755,Non-Switch
8204,0.0043575748104532274,Non-Switch
8205,0.004361364475037279,Non-Switch
8206,0.0043746813738526225,Non-Switch
8207,0.004393789250989988,Non-Switch
8208,0.004385924067845549,Non-Switch
8209,0.004377256410964955,Non-Switch
821,0.04177876722277532,Non-Switch
8210,0.004393152377736011,Non-Switch
8211,0.004396191297740612,Non-Switch
8212,0.004410679828364959,Non-Switch
8213,0.004429315089116067,Non-Switch
8214,0.004477464856899814,Non-Switch
8215,0.005327760518910138,Non-Switch
8216,0.005152879355753784,Non-Switch
8217,0.005297257111635037,Non-Switch
8218,0.004770345936861337,Non-Switch
8219,0.004954032141476806,Non-Switch
822,0.7832363372707177,Non-Switch
8220,0.005233112957321049,Non-Switch
8221,0.005160006894559756,Non-Switch
8222,0.005325744089509495,Non-Switch
8223,0.005611042817170381,Non-Switch
8224,0.006284303166141572,Non-Switch
8225,0.005652884986872288,Non-Switch
8226,0.0052020855404066,Non-Switch
8227,0.004721280495823191,Non-Switch
8228,0.004725651945468364,Non-Switch
8229,0.004935753274461178,Non-Switch
823,0.09712735255959068,Non-Switch
8230,0.004683749313115763,Non-Switch
8231,0.004605067250346028,Non-Switch
8232,0.004447186840950355,Non-Switch
8233,0.00447014182218993,Non-Switch
8234,0.004438839636118439,Non-Switch
8235,0.004442325979738176,Non-Switch
8236,0.004456534366747641,Non-Switch
8237,0.0044545182732506124,Non-Switch
8238,0.004495971130662774,Non-Switch
8239,0.004478240122443156,Non-Switch
824,0.04473024211109957,Non-Switch
8240,0.004464511405795863,Non-Switch
8241,0.004417481876568029,Non-Switch
8242,0.004483831574017887,Non-Switch
8243,0.004452135037102426,Non-Switch
8244,0.004532645759152037,Non-Switch
8245,0.004703041601337745,Non-Switch
8246,0.004573394898490844,Non-Switch
8247,0.004816658983678447,Non-Switch
8248,0.004669562759841271,Non-Switch
8249,0.004543612004469846,Non-Switch
825,0.05609490942469236,Non-Switch
8250,0.004590748351047239,Non-Switch
8251,0.004920808922631322,Non-Switch
8252,0.004756282996117153,Non-Switch
8253,0.0047075759642361764,Non-Switch
8254,0.004540090726874153,Non-Switch
8255,0.004477074536899222,Non-Switch
8256,0.004429945916104973,Non-Switch
8257,0.004437099991296528,Non-Switch
8258,0.004372418055294979,Non-Switch
8259,0.004429959688153187,Non-Switch
826,0.05965583708309601,Non-Switch
8260,0.004400387069795158,Non-Switch
8261,0.004390117152671174,Non-Switch
8262,0.004393024398458709,Non-Switch
8263,0.004390524267852513,Non-Switch
8264,0.004422500276575627,Non-Switch
8265,0.004519774604433754,Non-Switch
8266,0.004509980326828563,Non-Switch
8267,0.0045510045712280275,Non-Switch
8268,0.004435558865511062,Non-Switch
8269,0.004392721077494394,Non-Switch
827,0.13713359134016415,Non-Switch
8270,0.004381045067838161,Non-Switch
8271,0.004383049068805051,Non-Switch
8272,0.0043893109839952555,Non-Switch
8273,0.004399315537263415,Non-Switch
8274,0.004388951567127241,Non-Switch
8275,0.004548653917730492,Non-Switch
8276,0.004456824923374587,Non-Switch
8277,0.004409727205712914,Non-Switch
8278,0.004400704834614916,Non-Switch
8279,0.004391721428336254,Non-Switch
828,0.10850968034164395,Non-Switch
8280,0.004394778823039678,Non-Switch
8281,0.004385699684230751,Non-Switch
8282,0.004381943274104581,Non-Switch
8283,0.004375524156022573,Non-Switch
8284,0.004385122937723853,Non-Switch
8285,0.004374554066382551,Non-Switch
8286,0.0043770017960248105,Non-Switch
8287,0.004379475726149038,Non-Switch
8288,0.004378674260123728,Non-Switch
8289,0.004401787451965953,Non-Switch
829,0.06605259204603435,Non-Switch
8290,0.004390523931948899,Non-Switch
8291,0.004391699258697666,Non-Switch
8292,0.004421464685730686,Non-Switch
8293,0.004417834575363744,Non-Switch
8294,0.0044272607026069315,Non-Switch
8295,0.0044289818727300196,Non-Switch
8296,0.00440956933101388,Non-Switch
8297,0.004444158669861433,Non-Switch
8298,0.0044281007975479625,Non-Switch
8299,0.004430039633213549,Non-Switch
83,0.00473905282018745,Non-Switch
830,0.43954083332864147,Non-Switch
8300,0.0044339525744242925,Non-Switch
8301,0.0044493678631223315,Non-Switch
8302,0.00443248333201243,Non-Switch
8303,0.004442520132027626,Non-Switch
8304,0.0044505626722807674,Non-Switch
8305,0.004438551766720413,Non-Switch
8306,0.004435014029847586,Non-Switch
8307,0.00442748172718558,Non-Switch
8308,0.004405555954622262,Non-Switch
8309,0.00441006512474957,Non-Switch
831,0.30613735220520943,Non-Switch
8310,0.004412304930054167,Non-Switch
8311,0.0044117449787280175,Non-Switch
8312,0.004416770096807915,Non-Switch
8313,0.004406806859684396,Non-Switch
8314,0.004398572182563495,Non-Switch
8315,0.004393610550266825,Non-Switch
8316,0.004395229941594579,Non-Switch
8317,0.004396453974367516,Non-Switch
8318,0.004396105978222411,Non-Switch
8319,0.004400914438470655,Non-Switch
832,0.5099351381446231,Non-Switch
8320,0.004396519811476049,Non-Switch
8321,0.004396088175330818,Non-Switch
8322,0.004397531889067943,Non-Switch
8323,0.0043962191777406545,Non-Switch
8324,0.004425914400918146,Non-Switch
8325,0.004431471926227766,Non-Switch
8326,0.0044550399315646545,Non-Switch
8327,0.004470453876648234,Non-Switch
8328,0.004475755779306864,Non-Switch
8329,0.004610608316378514,Non-Switch
833,0.07516905915188579,Non-Switch
8330,0.0046083449978208705,Non-Switch
8331,0.004621296769406746,Non-Switch
8332,0.004520889132628212,Non-Switch
8333,0.0044553748274687765,Non-Switch
8334,0.004424198605252898,Non-Switch
8335,0.004404681597512504,Non-Switch
8336,0.004454797745058264,Non-Switch
8337,0.004441894679496559,Non-Switch
8338,0.004452876712284271,Non-Switch
8339,0.004406075597514614,Non-Switch
834,0.1290987338745046,Non-Switch
8340,0.004442328666967096,Non-Switch
8341,0.004362804829738254,Non-Switch
8342,0.004358998369973455,Non-Switch
8343,0.004356858999849734,Non-Switch
8344,0.004356388398885166,Non-Switch
8345,0.004355951052378479,Non-Switch
8346,0.004355216095268934,Non-Switch
8347,0.004358287262020572,Non-Switch
8348,0.00435499271936498,Non-Switch
8349,0.004355045120328915,Non-Switch
835,0.5046152847968093,Non-Switch
8350,0.00435575219743842,Non-Switch
8351,0.004356063915993109,Non-Switch
8352,0.0043551851921363564,Non-Switch
8353,0.00435725032756117,Non-Switch
8354,0.004363364445160789,Non-Switch
8355,0.0043624890803401865,Non-Switch
8356,0.004363220006606353,Non-Switch
8357,0.0043838636350713445,Non-Switch
8358,0.0043867366186901525,Non-Switch
8359,0.00440747060522757,Non-Switch
836,0.45716423952785523,Non-Switch
8360,0.004391198762311367,Non-Switch
8361,0.004421266166694241,Non-Switch
8362,0.004381089407115337,Non-Switch
8363,0.0043712635545703395,Non-Switch
8364,0.004367567271191248,Non-Switch
8365,0.004366611289503054,Non-Switch
8366,0.004368947499145146,Non-Switch
8367,0.004360236846601836,Non-Switch
8368,0.004357808599369244,Non-Switch
8369,0.004355316866353424,Non-Switch
837,0.02354596737251843,Non-Switch
8370,0.004355068969485578,Non-Switch
8371,0.004354966182979398,Non-Switch
8372,0.004355292681293145,Non-Switch
8373,0.004356170733342668,Non-Switch
8374,0.00435685127406659,Non-Switch
8375,0.004355671580570828,Non-Switch
8376,0.004356112957920893,Non-Switch
8377,0.004356677275994037,Non-Switch
8378,0.0043568304480424615,Non-Switch
8379,0.004361009760819874,Non-Switch
838,0.011695861559877384,Non-Switch
8380,0.004358531463948652,Non-Switch
8381,0.004358268115514518,Non-Switch
8382,0.004355523782980242,Non-Switch
8383,0.004355575848040563,Non-Switch
8384,0.004359121646600148,Non-Switch
8385,0.004356367572861038,Non-Switch
8386,0.00436059491985539,Non-Switch
8387,0.004355085764666327,Non-Switch
8388,0.004356563740572178,Non-Switch
8389,0.004360828372867792,Non-Switch
839,0.23013013560434376,Non-Switch
8390,0.004362807516967175,Non-Switch
8391,0.0043585005608160745,Non-Switch
8392,0.004358089414791356,Non-Switch
8393,0.004358706133828434,Non-Switch
8394,0.004357467993103668,Non-Switch
8395,0.004358621822021078,Non-Switch
8396,0.004358621486117463,Non-Switch
8397,0.004359005088045755,Non-Switch
8398,0.004361170322747828,Non-Switch
8399,0.004359789422986701,Non-Switch
84,0.005169239205417109,Non-Switch
840,0.11145058367139797,Non-Switch
8400,0.004361983881303277,Non-Switch
8401,0.004358737708768241,Non-Switch
8402,0.004360665795518148,Non-Switch
8403,0.004359042709250631,Non-Switch
8404,0.0043570796885247665,Non-Switch
8405,0.004356306438403114,Non-Switch
8406,0.0043564938726202655,Non-Switch
8407,0.004355624554064732,Non-Switch
8408,0.0043569097212955935,Non-Switch
8409,0.004354978275509537,Non-Switch
841,0.07703549012145874,Non-Switch
8410,0.0043551620147869235,Non-Switch
8411,0.004355229531413532,Non-Switch
8412,0.004355019255750563,Non-Switch
8413,0.004356496559849185,Non-Switch
8414,0.004355932241776042,Non-Switch
8415,0.004355291337678686,Non-Switch
8416,0.004355173771413447,Non-Switch
8417,0.004354802933822524,Non-Switch
8418,0.004354743814786291,Non-Switch
8419,0.004354836188280406,Non-Switch
842,0.017219232189927068,Non-Switch
8420,0.004354578550207727,Non-Switch
8421,0.004354511033581119,Non-Switch
8422,0.004354522118400412,Non-Switch
8423,0.004354421347315922,Non-Switch
8424,0.004354475091894318,Non-Switch
8425,0.0043544492273159645,Non-Switch
8426,0.004354501292376285,Non-Switch
8427,0.004354474420087087,Non-Switch
8428,0.0043544374706894415,Non-Switch
8429,0.004354434783460521,Non-Switch
843,0.009255245684374818,Non-Switch
8430,0.0043545812374366465,Non-Switch
8431,0.004354532195508861,Non-Switch
8432,0.004354558395990829,Non-Switch
8433,0.004354976931895077,Non-Switch
8434,0.004355068969485578,Non-Switch
8435,0.004355439135269271,Non-Switch
8436,0.004354851639846695,Non-Switch
8437,0.004354554029243835,Non-Switch
8438,0.004354892620087721,Non-Switch
8439,0.0043551999718954145,Non-Switch
844,0.011684189581064531,Non-Switch
8440,0.004355811988281884,Non-Switch
8441,0.004356116988764273,Non-Switch
8442,0.004356100865390755,Non-Switch
8443,0.004356207346836699,Non-Switch
8444,0.004355611453823749,Non-Switch
8445,0.004354970213822778,Non-Switch
8446,0.004357635944911151,Non-Switch
8447,0.00435944848081751,Non-Switch
8448,0.004359598965637015,Non-Switch
8449,0.004366147070707171,Non-Switch
845,0.04239671432346999,Non-Switch
8450,0.004382332922297943,Non-Switch
8451,0.00439006340809278,Non-Switch
8452,0.004399019270275015,Non-Switch
8453,0.004410194783544948,Non-Switch
8454,0.004415653217288152,Non-Switch
8455,0.004409873659689039,Non-Switch
8456,0.00444823620384351,Non-Switch
8457,0.004422099543562973,Non-Switch
8458,0.004419526857775945,Non-Switch
8459,0.004428257664536152,Non-Switch
846,0.012542767282605467,Non-Switch
8460,0.0044363767908135055,Non-Switch
8461,0.004441500328652588,Non-Switch
8462,0.004433509181652537,Non-Switch
8463,0.004615516875904019,Non-Switch
8464,0.004562556296546723,Non-Switch
8465,0.0059403304745364255,Non-Switch
8466,0.005762833629930328,Non-Switch
8467,0.006690051219767963,Non-Switch
8468,0.005362020000407793,Non-Switch
8469,0.006752294159621241,Non-Switch
847,0.004394652523280451,Non-Switch
8470,0.00718668605811028,Non-Switch
8471,0.006936932315081525,Non-Switch
8472,0.005553758150577622,Non-Switch
8473,0.0057168161782943875,Non-Switch
8474,0.005173858216026512,Non-Switch
8475,0.007125792778981937,Non-Switch
8476,0.007493468173273574,Non-Switch
8477,0.007764489317780313,Non-Switch
8478,0.011914417918762516,Non-Switch
8479,0.006577194323211545,Non-Switch
848,0.004378411583496824,Non-Switch
8480,0.0062187132826687684,Non-Switch
8481,0.006369133608679653,Non-Switch
8482,0.006245642675480626,Non-Switch
8483,0.006165816524998316,Non-Switch
8484,0.005306230776708865,Non-Switch
8485,0.007312520926734542,Non-Switch
8486,0.005301195917424133,Non-Switch
8487,0.005438820667030101,Non-Switch
8488,0.008005746714772107,Non-Switch
8489,0.00664827018452398,Non-Switch
849,0.004386940848088052,Non-Switch
8490,0.012482189081067963,Non-Switch
8491,0.006679118228908036,Non-Switch
8492,0.005735130315189587,Non-Switch
8493,0.012939171169470721,Non-Switch
8494,0.022368981259892978,Non-Switch
8495,0.030087021153988504,Non-Switch
8496,0.2343073147219937,Non-Switch
8497,0.00889687885106113,Non-Switch
8498,0.018210251312391425,Non-Switch
8499,0.029855021932432415,Non-Switch
85,0.005663955698214352,Non-Switch
850,0.004383243221094501,Non-Switch
8500,0.019095600532045186,Non-Switch
8501,0.014618098053940497,Non-Switch
8502,0.03854375474944345,Non-Switch
8503,0.028042593515230387,Non-Switch
8504,0.01740840235696048,Non-Switch
8505,0.014373931059835863,Non-Switch
8506,0.01885487184734335,Non-Switch
8507,0.08829071735006655,Non-Switch
8508,0.04338753324737983,Non-Switch
8509,0.03267111960223844,Non-Switch
851,0.004370338811918337,Non-Switch
8510,0.031241890028990107,Non-Switch
8511,0.037371891838753474,Non-Switch
8512,0.014256195499175672,Non-Switch
8513,0.015526058961339337,Non-Switch
8514,0.010158661144055931,Non-Switch
8515,0.008067699433902054,Non-Switch
8516,0.007309161218777648,Non-Switch
8517,0.0063897903373856275,Non-Switch
8518,0.007863629926123192,Non-Switch
8519,0.006109208032382484,Non-Switch
852,0.004372664272644749,Non-Switch
8520,0.004857684907595986,Non-Switch
8521,0.005460927827545502,Non-Switch
8522,0.006902791071656338,Non-Switch
8523,0.008709747618970564,Non-Switch
8524,0.0159301993802645,Non-Switch
8525,0.009072784856146746,Non-Switch
8526,0.005842814967882753,Non-Switch
8527,0.004929355990114142,Non-Switch
8528,0.005741515842910099,Non-Switch
8529,0.006798386853666934,Non-Switch
853,0.004358897934792581,Non-Switch
8530,0.007114486935109397,Non-Switch
8531,0.006630883813413318,Non-Switch
8532,0.005653292773860858,Non-Switch
8533,0.006865632741961523,Non-Switch
8534,0.005216282506693156,Non-Switch
8535,0.005194649306178474,Non-Switch
8536,0.004975110429219564,Non-Switch
8537,0.004747530019718358,Non-Switch
8538,0.004799743885339583,Non-Switch
8539,0.004613893117829271,Non-Switch
854,0.004355996063462885,Non-Switch
8540,0.004867579284478438,Non-Switch
8541,0.004776541007232162,Non-Switch
8542,0.004617424472533413,Non-Switch
8543,0.0046224086103722846,Non-Switch
8544,0.004548501753392912,Non-Switch
8545,0.0046282042913449156,Non-Switch
8546,0.004545923693148045,Non-Switch
8547,0.0045378106131357615,Non-Switch
8548,0.004639387866301608,Non-Switch
8549,0.004501484316695217,Non-Switch
855,0.004355749846113115,Non-Switch
8550,0.00725510559363556,Non-Switch
8551,0.04017879112396725,Non-Switch
8552,0.05717596549572678,Non-Switch
8553,0.04203195255713457,Non-Switch
8554,0.02506645255265192,Non-Switch
8555,0.012068976577309787,Non-Switch
8556,0.07666958628283244,Non-Switch
8557,0.0239073727899331,Non-Switch
8558,0.018358941062978,Non-Switch
8559,0.016136019617684565,Non-Switch
856,0.00435534642587154,Non-Switch
8560,0.014690658609231085,Non-Switch
8561,0.03505395804054509,Non-Switch
8562,0.025620454353972665,Non-Switch
8563,0.017177554612996495,Non-Switch
8564,0.01907584671225624,Non-Switch
8565,0.01673464554244637,Non-Switch
8566,0.00850881074830488,Non-Switch
8567,0.0067893080507616214,Non-Switch
8568,0.007243297909762261,Non-Switch
8569,0.00806872528354216,Non-Switch
857,0.004355078374786797,Non-Switch
8570,0.008543751442333688,Non-Switch
8571,0.009602444394298101,Non-Switch
8572,0.009992655562117836,Non-Switch
8573,0.007852664688516229,Non-Switch
8574,0.009919428574055155,Non-Switch
8575,0.010904723898920485,Non-Switch
8576,0.09877012009171655,Non-Switch
8577,0.453062797270079,Non-Switch
8578,0.3244424976324433,Non-Switch
8579,0.06134150353769647,Non-Switch
858,0.0043548466012924706,Non-Switch
8580,0.0987393459461278,Non-Switch
8581,0.38567397526925035,Non-Switch
8582,0.25048245501829175,Non-Switch
8583,0.2592643191279739,Non-Switch
8584,0.21024227683688212,Non-Switch
8585,0.07141007197318226,Non-Switch
8586,0.06251660724646364,Non-Switch
8587,0.0805526320718443,Non-Switch
8588,0.05343769685199438,Non-Switch
8589,0.01421411752513606,Non-Switch
859,0.004354788154063466,Non-Switch
8590,0.059136191503514034,Non-Switch
8591,0.5007287348612861,Non-Switch
8592,0.2515342364174746,Non-Switch
8593,0.31377056568761025,Non-Switch
8594,0.493643565593691,Non-Switch
8595,0.5031939341787536,Non-Switch
8596,0.20618793632761093,Non-Switch
8597,0.09721539692791677,Non-Switch
8598,0.06426299432573436,Non-Switch
8599,0.12076193936742402,Non-Switch
86,0.006252285505370202,Non-Switch
860,0.0043546306152680465,Non-Switch
8600,0.10369770251074367,Non-Switch
8601,0.12714275368841052,Non-Switch
8602,0.5103879684643449,Non-Switch
8603,0.49382694209517347,Non-Switch
8604,0.492312247893362,Non-Switch
8605,0.4684263514369554,Non-Switch
8606,0.40721600616837317,Non-Switch
8607,0.5048283283055656,Non-Switch
8608,0.19552436703917606,Non-Switch
8609,0.11859906405234197,Non-Switch
861,0.004354568809002893,Non-Switch
8610,0.13162977030050552,Non-Switch
8611,0.10165970809801939,Non-Switch
8612,0.04230311276573791,Non-Switch
8613,0.0444548145829717,Non-Switch
8614,0.027432444752860777,Non-Switch
8615,0.041091341818360994,Non-Switch
8616,0.03622768857533429,Non-Switch
8617,0.025749672443806867,Non-Switch
8618,0.017752391843746374,Non-Switch
8619,0.021856103466345346,Non-Switch
862,0.004354591314545095,Non-Switch
8620,0.020990497317564853,Non-Switch
8621,0.01328394532710118,Non-Switch
8622,0.00869228063099231,Non-Switch
8623,0.008225523075586797,Non-Switch
8624,0.008171303529480608,Non-Switch
8625,0.0072261197988928785,Non-Switch
8626,0.008917718311333646,Non-Switch
8627,0.014297709155142143,Non-Switch
8628,0.009157615298684826,Non-Switch
8629,0.011278188256112454,Non-Switch
863,0.0043552197902086975,Non-Switch
8630,0.01703174154096849,Non-Switch
8631,0.009433941704886345,Non-Switch
8632,0.11820741656066465,Non-Switch
8633,0.026998868428348876,Non-Switch
8634,0.01620802257297431,Non-Switch
8635,0.016992970202114606,Non-Switch
8636,0.011186439542720526,Non-Switch
8637,0.012570887789635997,Non-Switch
8638,0.012838844821367011,Non-Switch
8639,0.0146624830140077,Non-Switch
864,0.0043556866962335015,Non-Switch
8640,0.010967382015641862,Non-Switch
8641,0.00886876640571736,Non-Switch
8642,0.010046110591596363,Non-Switch
8643,0.0065000023288778,Non-Switch
8644,0.005448829922948871,Non-Switch
8645,0.005238018493714018,Non-Switch
8646,0.0051894784059296805,Non-Switch
8647,0.005175783279643884,Non-Switch
8648,0.005276597359796527,Non-Switch
8649,0.005218023159225912,Non-Switch
865,0.004355804934305969,Non-Switch
8650,0.005793697797687903,Non-Switch
8651,0.005115370678588558,Non-Switch
8652,0.0055290218724678795,Non-Switch
8653,0.005812946418439938,Non-Switch
8654,0.005752571774493104,Non-Switch
8655,0.005928713583916427,Non-Switch
8656,0.005234351098045815,Non-Switch
8657,0.005061339910313979,Non-Switch
8658,0.00521474675536553,Non-Switch
8659,0.005233550303827735,Non-Switch
866,0.004356769649488153,Non-Switch
8660,0.005073171779247557,Non-Switch
8661,0.004959950427268899,Non-Switch
8662,0.005518555787632756,Non-Switch
8663,0.005582422485560782,Non-Switch
8664,0.005184794565922589,Non-Switch
8665,0.005152589135030453,Non-Switch
8666,0.005092539309879291,Non-Switch
8667,0.005017495755066872,Non-Switch
8668,0.005064467508872931,Non-Switch
8669,0.004964762246553293,Non-Switch
867,0.004356615469728884,Non-Switch
8670,0.005227535949601761,Non-Switch
8671,0.005417722225070446,Non-Switch
8672,0.005445418149931657,Non-Switch
8673,0.005340678700134517,Non-Switch
8674,0.004697827033619006,Non-Switch
8675,0.004769401375896052,Non-Switch
8676,0.0047801687662738,Non-Switch
8677,0.004623421695675024,Non-Switch
8678,0.004611033570355061,Non-Switch
8679,0.004672500572857768,Non-Switch
868,0.004359116608045923,Non-Switch
8680,0.004708573933876242,Non-Switch
8681,0.004703306293386338,Non-Switch
8682,0.004801792225583648,Non-Switch
8683,0.004854068905180873,Non-Switch
8684,0.004922412862392787,Non-Switch
8685,0.004943370224834156,Non-Switch
8686,0.004913333387680244,Non-Switch
8687,0.004809077639088655,Non-Switch
8688,0.0048204694742866264,Non-Switch
8689,0.004797390880516743,Non-Switch
869,0.0043650439632356205,Non-Switch
8690,0.004693134460117925,Non-Switch
8691,0.004687775453844751,Non-Switch
8692,0.004661428181997629,Non-Switch
8693,0.004600311862868948,Non-Switch
8694,0.0046608171733220054,Non-Switch
8695,0.004917095508167868,Non-Switch
8696,0.0046402991728090115,Non-Switch
8697,0.004779495951333023,Non-Switch
8698,0.004757065651540025,Non-Switch
8699,0.004738549636572231,Non-Switch
87,0.006014354225973806,Non-Switch
870,0.004365460483718179,Non-Switch
8700,0.005014379913134443,Non-Switch
8701,0.005568600387708528,Non-Switch
8702,0.00556833871879247,Non-Switch
8703,0.005518081491728424,Non-Switch
8704,0.005021025430252939,Non-Switch
8705,0.004695118306867916,Non-Switch
8706,0.0046752949550306734,Non-Switch
8707,0.005509505536534716,Non-Switch
8708,0.0051036147238719635,Non-Switch
8709,0.0063693317918124825,Non-Switch
871,0.004366806113599735,Non-Switch
8710,0.005880092207457267,Non-Switch
8711,0.006444219487347557,Non-Switch
8712,0.006916426071195055,Non-Switch
8713,0.0067153031099266795,Non-Switch
8714,0.006048037968675409,Non-Switch
8715,0.005310021784907376,Non-Switch
8716,0.004947280142912365,Non-Switch
8717,0.004792936798582289,Non-Switch
8718,0.0045950455659935045,Non-Switch
8719,0.004603608756849844,Non-Switch
872,0.004364841077452181,Non-Switch
8720,0.00551111619436848,Non-Switch
8721,0.004634616355451009,Non-Switch
8722,0.004486554408720805,Non-Switch
8723,0.004878465248832269,Non-Switch
8724,0.004517674535032984,Non-Switch
8725,0.004581247653201529,Non-Switch
8726,0.004685149359382943,Non-Switch
8727,0.005244218266735453,Non-Switch
8728,0.0048595444700084405,Non-Switch
8729,0.004709209127612143,Non-Switch
873,0.0043652683468504185,Non-Switch
8730,0.004799644121965939,Non-Switch
8731,0.004849830473367227,Non-Switch
8732,0.004781377011576834,Non-Switch
8733,0.004762661805765365,Non-Switch
8734,0.004672566745869916,Non-Switch
8735,0.004704699621581219,Non-Switch
8736,0.004737259430787144,Non-Switch
8737,0.004752049938761346,Non-Switch
8738,0.004796947487744988,Non-Switch
8739,0.015923653290616034,Non-Switch
874,0.004361776964676457,Non-Switch
8740,0.005563456695652547,Non-Switch
8741,0.0062935976191676925,Non-Switch
8742,0.0056007460277572,Non-Switch
8743,0.01157113382956805,Non-Switch
8744,0.006143762437254081,Non-Switch
8745,0.006464463054607123,Non-Switch
8746,0.006901012126111476,Non-Switch
8747,0.007543810719855821,Non-Switch
8748,0.00728302455849711,Non-Switch
8749,0.006757729080111398,Non-Switch
875,0.00435664637286146,Non-Switch
8750,0.006255958947303475,Non-Switch
8751,0.006259432190682228,Non-Switch
8752,0.0048982499717537915,Non-Switch
8753,0.00494958410580742,Non-Switch
8754,0.005198469873895102,Non-Switch
8755,0.005051920501143091,Non-Switch
8756,0.005271898740030377,Non-Switch
8757,0.005126409143183585,Non-Switch
8758,0.004748666717551404,Non-Switch
8759,0.004995854156961815,Non-Switch
876,0.004356566091897484,Non-Switch
8760,0.005111799687257851,Non-Switch
8761,0.004890137899452352,Non-Switch
8762,0.0051264991653523955,Non-Switch
8763,0.005000586702993077,Non-Switch
8764,0.00523220333033172,Non-Switch
8765,0.005491789643977772,Non-Switch
8766,0.005613506334282545,Non-Switch
8767,0.005211729669095901,Non-Switch
8768,0.0052681302373740685,Non-Switch
8769,0.005044199084745858,Non-Switch
877,0.004362362780580959,Non-Switch
8770,0.005311953566597048,Non-Switch
8771,0.005083717809143042,Non-Switch
8772,0.00488876875631775,Non-Switch
8773,0.004844798301311415,Non-Switch
8774,0.004939761612298572,Non-Switch
8775,0.004845496309023315,Non-Switch
8776,0.00463906741425293,Non-Switch
8777,0.004899891532720133,Non-Switch
8778,0.004892403569335301,Non-Switch
8779,0.004869179529300138,Non-Switch
878,0.004355996735270116,Non-Switch
8780,0.004716477745936401,Non-Switch
8781,0.004738388738740661,Non-Switch
8782,0.004870212768819774,Non-Switch
8783,0.004953794993524639,Non-Switch
8784,0.005014801136267611,Non-Switch
8785,0.004715314847621388,Non-Switch
8786,0.004687031763241215,Non-Switch
8787,0.0049347143245800865,Non-Switch
8788,0.004785493174474633,Non-Switch
8789,0.0050185662798877696,Non-Switch
879,0.004355675611414207,Non-Switch
8790,0.004865385162065477,Non-Switch
8791,0.004885001261372286,Non-Switch
8792,0.004956827195456941,Non-Switch
8793,0.004823200370676304,Non-Switch
8794,0.004809848873788618,Non-Switch
8795,0.005483016513362079,Non-Switch
8796,0.00515732000154364,Non-Switch
8797,0.0052763108340129605,Non-Switch
8798,0.00538106304814747,Non-Switch
8799,0.005401393950346928,Non-Switch
88,0.006971355717543285,Non-Switch
880,0.0043552873068353065,Non-Switch
8800,0.005175131962534465,Non-Switch
8801,0.005685657758970102,Non-Switch
8802,0.007507910013295441,Non-Switch
8803,0.007485943932298326,Non-Switch
8804,0.005525634284510943,Non-Switch
8805,0.006341678190806757,Non-Switch
8806,0.005550484769849775,Non-Switch
8807,0.006126290746625217,Non-Switch
8808,0.005668188083762929,Non-Switch
8809,0.0073831218203354145,Non-Switch
881,0.004355208033582174,Non-Switch
8810,0.007785382522631224,Non-Switch
8811,0.00569399219946465,Non-Switch
8812,0.006038902062155552,Non-Switch
8813,0.011579804173677564,Non-Switch
8814,0.006918351470716042,Non-Switch
8815,0.0077249030767565195,Non-Switch
8816,0.008488636377189997,Non-Switch
8817,0.012610536508732173,Non-Switch
8818,0.018952165657611143,Non-Switch
8819,0.0164784276702512,Non-Switch
882,0.0043552490138232,Non-Switch
8820,0.010288788189072234,Non-Switch
8821,0.009493974398953144,Non-Switch
8822,0.014758757020900458,Non-Switch
8823,0.02341240403352102,Non-Switch
8824,0.01202411732133825,Non-Switch
8825,0.030684093860434702,Non-Switch
8826,0.011220058120120825,Non-Switch
8827,0.011482216111843059,Non-Switch
8828,0.012538407253683203,Non-Switch
8829,0.009619746117697791,Non-Switch
883,0.0043549722292444675,Non-Switch
8830,0.015472120902462489,Non-Switch
8831,0.01764396887490751,Non-Switch
8832,0.01038437426536154,Non-Switch
8833,0.00848440466344865,Non-Switch
8834,0.01793650867679623,Non-Switch
8835,0.008069316473904502,Non-Switch
8836,0.010779246431742549,Non-Switch
8837,0.016516262509826556,Non-Switch
8838,0.019969143411440106,Non-Switch
8839,0.009641080699898769,Non-Switch
884,0.004354913782015464,Non-Switch
8840,0.012429023600505537,Non-Switch
8841,0.01803986890635032,Non-Switch
8842,0.4103347395591193,Non-Switch
8843,0.026092423118060766,Non-Switch
8844,0.03199300544603098,Non-Switch
8845,0.028194086045580245,Non-Switch
8846,0.00862946665499359,Non-Switch
8847,0.0099368841413105,Non-Switch
8848,0.00929533846804998,Non-Switch
8849,0.009309212630962552,Non-Switch
885,0.004354814018641818,Non-Switch
8850,0.008837734286152301,Non-Switch
8851,0.1381088727064601,Non-Switch
8852,0.00882874819264472,Non-Switch
8853,0.019933873531868634,Non-Switch
8854,0.011443120961904347,Non-Switch
8855,0.008610991284363207,Non-Switch
8856,0.008254176997557894,Non-Switch
8857,0.011800186504613655,Non-Switch
8858,0.01430403757924811,Non-Switch
8859,0.008052726194361311,Non-Switch
886,0.0043546964523765806,Non-Switch
8860,0.007181569574247111,Non-Switch
8861,0.025418976678486884,Non-Switch
8862,0.030073641441197164,Non-Switch
8863,0.019265668532302688,Non-Switch
8864,0.026927576245108404,Non-Switch
8865,0.03184787896099197,Non-Switch
8866,0.021266294339669183,Non-Switch
8867,0.13622128787083101,Non-Switch
8868,0.42383855933089076,Non-Switch
8869,0.36673068821599,Non-Switch
887,0.0043546867111717465,Non-Switch
8870,0.30314117795103435,Non-Switch
8871,0.08693704727958322,Non-Switch
8872,0.24062810709782909,Non-Switch
8873,0.060582393614619395,Non-Switch
8874,0.14124561053096846,Non-Switch
8875,0.5715729892875876,Non-Switch
8876,0.06426590190742551,Non-Switch
8877,0.0456901847747217,Non-Switch
8878,0.025172165451125234,Non-Switch
8879,0.04866030365729104,Non-Switch
888,0.004354703842256109,Non-Switch
8880,0.038503282394683376,Non-Switch
8881,0.04787591228453713,Non-Switch
8882,0.044225295673708524,Non-Switch
8883,0.05603285056002008,Non-Switch
8884,0.02518192009210386,Non-Switch
8885,0.06932963546689974,Non-Switch
8886,0.02675044755086431,Non-Switch
8887,0.018931897233484072,Non-Switch
8888,0.019693762909818335,Non-Switch
8889,0.00913327102009375,Non-Switch
889,0.0043547330658706114,Non-Switch
8890,0.00801430688249591,Non-Switch
8891,0.008549702982583663,Non-Switch
8892,0.005948415002741438,Non-Switch
8893,0.006403573806322159,Non-Switch
8894,0.00700191085397509,Non-Switch
8895,0.004992216320811729,Non-Switch
8896,0.00530707859743304,Non-Switch
8897,0.004760927199497679,Non-Switch
8898,0.004481218915700678,Non-Switch
8899,0.004468653433272014,Non-Switch
89,0.005304641616706459,Non-Switch
890,0.004355074008039803,Non-Switch
8900,0.004418858409582162,Non-Switch
8901,0.00508614773589371,Non-Switch
8902,0.0044772639865380635,Non-Switch
8903,0.005206965212221217,Non-Switch
8904,0.005174432947111719,Non-Switch
8905,0.004776632037111818,Non-Switch
8906,0.004966310090411059,Non-Switch
8907,0.005147946611168002,Non-Switch
8908,0.0059752980408544305,Non-Switch
8909,0.005421497109895438,Non-Switch
891,0.004355090467316936,Non-Switch
8910,0.005579707376641008,Non-Switch
8911,0.00557263694144958,Non-Switch
8912,0.005562113752999912,Non-Switch
8913,0.005615236573803237,Non-Switch
8914,0.005414453882896822,Non-Switch
8915,0.005463505887790369,Non-Switch
8916,0.005231457624306495,Non-Switch
8917,0.004861598184710345,Non-Switch
8918,0.004977937058139506,Non-Switch
8919,0.004679084955518339,Non-Switch
892,0.004354933936232362,Non-Switch
8920,0.004769487367221483,Non-Switch
8921,0.004849554024692109,Non-Switch
8922,0.005055158611991367,Non-Switch
8923,0.00497039333475459,Non-Switch
8924,0.004695977548315001,Non-Switch
8925,0.0049567422118423545,Non-Switch
8926,0.005183241347606984,Non-Switch
8927,0.005583775505321867,Non-Switch
8928,0.00597510456037221,Non-Switch
8929,0.006323416454875492,Non-Switch
893,0.004355054525630135,Non-Switch
8930,0.006269538858649338,Non-Switch
8931,0.006346378154187367,Non-Switch
8932,0.006407846500304532,Non-Switch
8933,0.007307755126245398,Non-Switch
8934,0.006108182182742377,Non-Switch
8935,0.005693265304041862,Non-Switch
8936,0.0051840952145962285,Non-Switch
8937,0.005183197680137038,Non-Switch
8938,0.005220291852241396,Non-Switch
8939,0.004921296990583868,Non-Switch
894,0.0043550447844253005,Non-Switch
8940,0.00468328307889819,Non-Switch
8941,0.004809157248245402,Non-Switch
8942,0.004748536386948797,Non-Switch
8943,0.004705647205679039,Non-Switch
8944,0.0047082857285746,Non-Switch
8945,0.0046991679608499514,Non-Switch
8946,0.004804479790406995,Non-Switch
8947,0.0046171443289185305,Non-Switch
8948,0.004937360909162407,Non-Switch
8949,0.00473709618163027,Non-Switch
895,0.004355041089485536,Non-Switch
8950,0.004674855257198682,Non-Switch
8951,0.00468488063649097,Non-Switch
8952,0.004587484711524226,Non-Switch
8953,0.004585409163087348,Non-Switch
8954,0.004652761532827881,Non-Switch
8955,0.0045880201418864825,Non-Switch
8956,0.005085801083363064,Non-Switch
8957,0.005053333647651255,Non-Switch
8958,0.005233512010815629,Non-Switch
8959,0.006172719344285876,Non-Switch
896,0.004354971557437238,Non-Switch
8960,0.005803218649750511,Non-Switch
8961,0.006492840191999486,Non-Switch
8962,0.005967411023975019,Non-Switch
8963,0.005789091887319483,Non-Switch
8964,0.006000555305470986,Non-Switch
8965,0.006240450949207705,Non-Switch
8966,0.007459535190089666,Non-Switch
8967,0.0073691918974227565,Non-Switch
8968,0.00713415879441629,Non-Switch
8969,0.007054752523452688,Non-Switch
897,0.0043549127743046185,Non-Switch
8970,0.007436962467163922,Non-Switch
8971,0.0067734224970026295,Non-Switch
8972,0.007249035143505888,Non-Switch
8973,0.012136494547532498,Non-Switch
8974,0.011890208673424656,Non-Switch
8975,0.014506152127987866,Non-Switch
8976,0.032110426600907564,Non-Switch
8977,0.023741210676910433,Non-Switch
8978,0.026787198093570556,Non-Switch
8979,0.028705973595270957,Non-Switch
898,0.004354907735750394,Non-Switch
8980,0.017363384554482678,Non-Switch
8981,0.013139895077244518,Non-Switch
8982,0.027009888754148694,Non-Switch
8983,0.014716744883969375,Non-Switch
8984,0.02514701836289439,Non-Switch
8985,0.015020577765393265,Non-Switch
8986,0.013081543244867011,Non-Switch
8987,0.00843838586819825,Non-Switch
8988,0.010928111524016137,Non-Switch
8989,0.00936926413563179,Non-Switch
899,0.004354827118882802,Non-Switch
8990,0.009465968770958934,Non-Switch
8991,0.007368719616940114,Non-Switch
8992,0.0068013367592135695,Non-Switch
8993,0.007188044452329204,Non-Switch
8994,0.00709354401652347,Non-Switch
8995,0.006653998012966387,Non-Switch
8996,0.005988650881356575,Non-Switch
8997,0.006450877096996191,Non-Switch
8998,0.006083332033307161,Non-Switch
8999,0.006004916006200479,Non-Switch
9,0.004358505263466685,Non-Switch
90,0.009615705869016975,Non-Switch
900,0.004354751540569434,Non-Switch
9000,0.006006256933431426,Non-Switch
9001,0.006262026710204229,Non-Switch
9002,0.006653430335857094,Non-Switch
9003,0.005686451835115883,Non-Switch
9004,0.005869841100935721,Non-Switch
9005,0.00577612130513117,Non-Switch
9006,0.006503827599245038,Non-Switch
9007,0.007103759517261829,Non-Switch
9008,0.005775599310913512,Non-Switch
9009,0.006868337437869232,Non-Switch
901,0.004354778748762247,Non-Switch
9010,0.006728826589465228,Non-Switch
9011,0.006335822047183432,Non-Switch
9012,0.007723074417476643,Non-Switch
9013,0.006561404166079203,Non-Switch
9014,0.006116565665164709,Non-Switch
9015,0.0064917720185038936,Non-Switch
9016,0.006374186270855977,Non-Switch
9017,0.0072707251117314995,Non-Switch
9018,0.007152383580949909,Non-Switch
9019,0.0068670092749756545,Non-Switch
902,0.00435494670056973,Non-Switch
9020,0.006446847597231054,Non-Switch
9021,0.006301744625445089,Non-Switch
9022,0.00641457532151954,Non-Switch
9023,0.006540504243155992,Non-Switch
9024,0.006460966969782552,Non-Switch
9025,0.0067680789422957435,Non-Switch
9026,0.006509838930338478,Non-Switch
9027,0.006604603386385575,Non-Switch
9028,0.006603618516986493,Non-Switch
9029,0.009071555448915969,Non-Switch
903,0.004354843242256321,Non-Switch
9030,0.013162064715832303,Non-Switch
9031,0.008552100662587294,Non-Switch
9032,0.011916513957319907,Non-Switch
9033,0.008767254989660047,Non-Switch
9034,0.011661463686090362,Non-Switch
9035,0.013381710746044386,Non-Switch
9036,0.016646344543758455,Non-Switch
9037,0.01157274751053435,Non-Switch
9038,0.009363134566465883,Non-Switch
9039,0.008073622086441141,Non-Switch
904,0.0043548862379190366,Non-Switch
9040,0.008227855590289124,Non-Switch
9041,0.008162507557419096,Non-Switch
9042,0.009265460513305946,Non-Switch
9043,0.0086911896160509,Non-Switch
9044,0.0062375164952273585,Non-Switch
9045,0.006209767497594982,Non-Switch
9046,0.00597500378928772,Non-Switch
9047,0.005566993760718144,Non-Switch
9048,0.005413079365304379,Non-Switch
9049,0.005300686015736614,Non-Switch
905,0.004354866083702138,Non-Switch
9050,0.005313467484189702,Non-Switch
9051,0.005239249916366485,Non-Switch
9052,0.005709381959487951,Non-Switch
9053,0.00548310250468751,Non-Switch
9054,0.005958574743479712,Non-Switch
9055,0.005419722195193956,Non-Switch
9056,0.0053947887416622275,Non-Switch
9057,0.005678029387874215,Non-Switch
9058,0.005759059416912566,Non-Switch
9059,0.005233293673465901,Non-Switch
906,0.004354786810449006,Non-Switch
9060,0.005428788905569129,Non-Switch
9061,0.005634803967085876,Non-Switch
9062,0.005379499752723416,Non-Switch
9063,0.00569998606357011,Non-Switch
9064,0.005872718451301524,Non-Switch
9065,0.006695508309896708,Non-Switch
9066,0.01409294634230199,Non-Switch
9067,0.007529967460075826,Non-Switch
9068,0.008189269670230702,Non-Switch
9069,0.008850427411954652,Non-Switch
907,0.004354787482256236,Non-Switch
9070,0.007470859172757414,Non-Switch
9071,0.007489646933749716,Non-Switch
9072,0.00930723214324871,Non-Switch
9073,0.009836328706941382,Non-Switch
9074,0.00842888315493085,Non-Switch
9075,0.0067360303783917976,Non-Switch
9076,0.008629727988006033,Non-Switch
9077,0.008216609537260049,Non-Switch
9078,0.008082926616575711,Non-Switch
9079,0.00845100643881977,Non-Switch
908,0.0043547710229791025,Non-Switch
9080,0.009911594629946908,Non-Switch
9081,0.0075509332201075694,Non-Switch
9082,0.008213743607617155,Non-Switch
9083,0.008827447573847569,Non-Switch
9084,0.010218651514267246,Non-Switch
9085,0.011325014563653233,Non-Switch
9086,0.011801685978350865,Non-Switch
9087,0.008625322276192135,Non-Switch
9088,0.008609941249662821,Non-Switch
9089,0.009026173526919545,Non-Switch
909,0.004354796887557455,Non-Switch
9090,0.007272065367155215,Non-Switch
9091,0.009173174354130072,Non-Switch
9092,0.007935200909364089,Non-Switch
9093,0.0062303960103973,Non-Switch
9094,0.49546159419596175,Non-Switch
9095,0.4255987587668089,Non-Switch
9096,0.03921101250081519,Non-Switch
9097,0.004817224645366051,Non-Switch
9098,0.005355837358470721,Non-Switch
9099,0.005555248554917228,Non-Switch
91,0.007804553885551818,Non-Switch
910,0.004354783787316472,Non-Switch
9100,0.005620657386341565,Non-Switch
9101,0.00589386761470704,Non-Switch
9102,0.05053975156375117,Non-Switch
9103,0.4600180336449472,Non-Switch
9104,0.3960391116627755,Non-Switch
9105,0.24615324323727905,Non-Switch
9106,0.011801250647265869,Non-Switch
9107,0.0053625621488423494,Non-Switch
9108,0.005481179792395442,Non-Switch
9109,0.0057979154034774215,Non-Switch
911,0.004354974244666157,Non-Switch
9110,0.00635465146022399,Non-Switch
9111,0.011104023575366823,Non-Switch
9112,0.010767746435580558,Non-Switch
9113,0.011972572239814424,Non-Switch
9114,0.015876628128135194,Non-Switch
9115,0.07262589794899904,Non-Switch
9116,0.059301875289788995,Non-Switch
9117,0.07384676516626924,Non-Switch
9118,0.10194182413892847,Non-Switch
9119,0.02126042140086511,Non-Switch
912,0.004356334318403156,Non-Switch
9120,0.028893681909772033,Non-Switch
9121,0.028860537628276065,Non-Switch
9122,0.024259305725405723,Non-Switch
9123,0.03358740017037277,Non-Switch
9124,0.025197274918151203,Non-Switch
9125,0.02075500738564203,Non-Switch
9126,0.024203365680983677,Non-Switch
9127,0.01982503269893275,Non-Switch
9128,0.040129144569675215,Non-Switch
9129,0.02999422845216126,Non-Switch
913,0.004355370946835433,Non-Switch
9130,0.027742325242968522,Non-Switch
9131,0.023080103992535957,Non-Switch
9132,0.0166667043336688,Non-Switch
9133,0.010674232884595595,Non-Switch
9134,0.00721319893043958,Non-Switch
9135,0.006738517408757009,Non-Switch
9136,0.006181811583335787,Non-Switch
9137,0.0066968250520673765,Non-Switch
9138,0.005532613689822716,Non-Switch
9139,0.0053229127579389425,Non-Switch
914,0.004366625061551267,Non-Switch
9140,0.005108373134481578,Non-Switch
9141,0.004870923540869043,Non-Switch
9142,0.004891896690780316,Non-Switch
9143,0.005122014852092594,Non-Switch
9144,0.005221970362605383,Non-Switch
9145,0.005279677595945769,Non-Switch
9146,0.004696231491447916,Non-Switch
9147,0.004569101714387958,Non-Switch
9148,0.004534080739395174,Non-Switch
9149,0.004436539032259534,Non-Switch
915,0.004360670498168758,Non-Switch
9150,0.004417710291026207,Non-Switch
9151,0.013560211270652003,Non-Switch
9152,0.011478750930151065,Non-Switch
9153,0.025697424651920528,Non-Switch
9154,0.012546350702369929,Non-Switch
9155,0.007658406925330537,Non-Switch
9156,0.016143035972393985,Non-Switch
9157,0.00972199920893695,Non-Switch
9158,0.008639177628502269,Non-Switch
9159,0.009591327328257172,Non-Switch
916,0.004370736185894842,Non-Switch
9160,0.01018468897156522,Non-Switch
9161,0.00867818275627217,Non-Switch
9162,0.00943219769331744,Non-Switch
9163,0.009364298136588126,Non-Switch
9164,0.009568710937861482,Non-Switch
9165,0.010828486542660476,Non-Switch
9166,0.00889267468141621,Non-Switch
9167,0.007507539847511747,Non-Switch
9168,0.009605999598158905,Non-Switch
9169,0.02934028323285787,Non-Switch
917,0.004362831030220222,Non-Switch
9170,0.01862338857373985,Non-Switch
9171,0.017087901938161957,Non-Switch
9172,0.01517349990152842,Non-Switch
9173,0.19898394854610096,Non-Switch
9174,0.14903620963674014,Non-Switch
9175,0.021668756584133975,Non-Switch
9176,0.4713734891378032,Non-Switch
9177,0.48765835436535165,Non-Switch
9178,0.305586319791845,Non-Switch
9179,0.0283211731628811,Non-Switch
918,0.004371320994088499,Non-Switch
9180,0.025332727379079184,Non-Switch
9181,0.07547962219813915,Non-Switch
9182,0.24387877267961838,Non-Switch
9183,0.2920211667072096,Non-Switch
9184,0.32833500246725267,Non-Switch
9185,0.8183008480592306,Non-Switch
9186,0.4967860325902562,Non-Switch
9187,0.3471933730866495,Non-Switch
9188,0.13389160013332774,Non-Switch
9189,0.11926033734490947,Non-Switch
919,0.004371384479871727,Non-Switch
9190,0.04376204159300711,Non-Switch
9191,0.07271243209467224,Non-Switch
9192,0.03631522774462345,Non-Switch
9193,0.05407982095127987,Non-Switch
9194,0.02456748519960728,Non-Switch
9195,0.016013018431956162,Non-Switch
9196,0.010058519542940451,Non-Switch
9197,0.008383600660404457,Non-Switch
9198,0.008012049610203336,Non-Switch
9199,0.006308072377743826,Non-Switch
92,0.011469380562907963,Non-Switch
920,0.004364522640825193,Non-Switch
9200,0.006334864050073548,Non-Switch
9201,0.006551653555943958,Non-Switch
9202,0.014925869069346252,Non-Switch
9203,0.0070017227479507085,Non-Switch
9204,0.005224880631525452,Non-Switch
9205,0.00953252605684284,Non-Switch
9206,0.013050301521446215,Non-Switch
9207,0.025427331273198326,Non-Switch
9208,0.014161113278308816,Non-Switch
9209,0.015200012102050488,Non-Switch
921,0.004369602847097945,Non-Switch
9210,0.015715070581866483,Non-Switch
9211,0.02015618394955463,Non-Switch
9212,0.015831324135777442,Non-Switch
9213,0.007631929658784424,Non-Switch
9214,0.01291999107305614,Non-Switch
9215,0.008347079203963617,Non-Switch
9216,0.004486052568720045,Non-Switch
9217,0.0067714057316983715,Non-Switch
9218,0.006356219458298653,Non-Switch
9219,0.00461650308891756,Non-Switch
922,0.004368721436012273,Non-Switch
9220,0.0045019354352501175,Non-Switch
9221,0.004488079411132752,Non-Switch
9222,0.004767478663603984,Non-Switch
9223,0.004539873061331655,Non-Switch
9224,0.004446418629382927,Non-Switch
9225,0.004748028164779353,Non-Switch
9226,0.00445988970795754,Non-Switch
9227,0.004405027242332304,Non-Switch
9228,0.004372031430234152,Non-Switch
9229,0.004738365897294844,Non-Switch
923,0.00435864835840666,Non-Switch
9230,0.0049542353631638605,Non-Switch
9231,0.004896771659944324,Non-Switch
9232,0.004680586108773624,Non-Switch
9233,0.0045181125533469,Non-Switch
9234,0.004803409937393327,Non-Switch
9235,0.00494518981471643,Non-Switch
9236,0.005020079189769579,Non-Switch
9237,0.005959642916975305,Non-Switch
9238,0.004902206916338096,Non-Switch
9239,0.00489325844403539,Non-Switch
924,0.00435859494973188,Non-Switch
9240,0.004719261715097243,Non-Switch
9241,0.004474060137858514,Non-Switch
9242,0.004487783144144352,Non-Switch
9243,0.005006470726616444,Non-Switch
9244,0.004868171146648008,Non-Switch
9245,0.00476781255179726,Non-Switch
9246,0.004697907986390213,Non-Switch
9247,0.004529089547580388,Non-Switch
9248,0.005023932676040474,Non-Switch
9249,0.004669462324660396,Non-Switch
925,0.004355823409004793,Non-Switch
9250,0.0045813632040450775,Non-Switch
9251,0.004645606114021866,Non-Switch
9252,0.004534901016022922,Non-Switch
9253,0.004453662054936062,Non-Switch
9254,0.004469950693033014,Non-Switch
9255,0.004441191969134049,Non-Switch
9256,0.004428736663091094,Non-Switch
9257,0.004563409491728738,Non-Switch
9258,0.004630931492794828,Non-Switch
9259,0.004571825556801721,Non-Switch
926,0.0043559114157519134,Non-Switch
9260,0.004607739699506701,Non-Switch
9261,0.004751048945988746,Non-Switch
9262,0.005133105717651555,Non-Switch
9263,0.0049838644133292035,Non-Switch
9264,0.004839781244918276,Non-Switch
9265,0.006267960111658996,Non-Switch
9266,0.005406582989390929,Non-Switch
9267,0.005561601164083474,Non-Switch
9268,0.005649446005662262,Non-Switch
9269,0.006274212621547981,Non-Switch
927,0.004355429058160822,Non-Switch
9270,0.006446715923013987,Non-Switch
9271,0.0049187924932306785,Non-Switch
9272,0.004811819620297626,Non-Switch
9273,0.004704102720857423,Non-Switch
9274,0.005173501150483803,Non-Switch
9275,0.0053106395116552995,Non-Switch
9276,0.006125972309998229,Non-Switch
9277,0.023468091478424612,Non-Switch
9278,0.010541160636683268,Non-Switch
9279,0.009359031167905452,Non-Switch
928,0.004355448204666875,Non-Switch
9280,0.007091834938930521,Non-Switch
9281,0.010381951728490402,Non-Switch
9282,0.019494397396263463,Non-Switch
9283,0.019046091026428055,Non-Switch
9284,0.02386329148673383,Non-Switch
9285,0.007572717241345372,Non-Switch
9286,0.0066198117584567945,Non-Switch
9287,0.007092422098449482,Non-Switch
9288,0.01094730640018978,Non-Switch
9289,0.01003093245085049,Non-Switch
929,0.00435495341864203,Non-Switch
9290,0.005789769069007256,Non-Switch
9291,0.010047286926055974,Non-Switch
9292,0.009755250979589706,Non-Switch
9293,0.008892610187922137,Non-Switch
9294,0.009708932558314757,Non-Switch
9295,0.00894668932631727,Non-Switch
9296,0.010102588081802357,Non-Switch
9297,0.00922408726505053,Non-Switch
9298,0.012492598062288541,Non-Switch
9299,0.01348221176402788,Non-Switch
93,0.0111442715465121,Non-Switch
930,0.004354869778641903,Non-Switch
9300,0.01222140426332371,Non-Switch
9301,0.023162741656275534,Non-Switch
9302,0.01811990667611006,Non-Switch
9303,0.03414290413265964,Non-Switch
9304,0.016512560851989627,Non-Switch
9305,0.021464939675873568,Non-Switch
9306,0.11926061681671712,Non-Switch
9307,0.06173977773588986,Non-Switch
9308,0.027877280566546352,Non-Switch
9309,0.019143722083925275,Non-Switch
931,0.004354783451412857,Non-Switch
9310,0.020258273119829685,Non-Switch
9311,0.017582705429995474,Non-Switch
9312,0.012450623546562338,Non-Switch
9313,0.014114374305707928,Non-Switch
9314,0.005212457236325918,Non-Switch
9315,0.006107648095994581,Non-Switch
9316,0.004937038105788424,Non-Switch
9317,0.004537114956749166,Non-Switch
9318,0.004892025677768464,Non-Switch
9319,0.0047462186520055285,Non-Switch
932,0.0043548402191237855,Non-Switch
9320,0.005020470517481015,Non-Switch
9321,0.005133081868494893,Non-Switch
9322,0.005116262838589909,Non-Switch
9323,0.006858626464360553,Non-Switch
9324,0.006292217727117411,Non-Switch
9325,0.0076259445281729515,Non-Switch
9326,0.006299594170502074,Non-Switch
9327,0.007939800773467438,Non-Switch
9328,0.00683673898480934,Non-Switch
9329,0.006971468581157913,Non-Switch
933,0.004354872801774438,Non-Switch
9330,0.008217449968104695,Non-Switch
9331,0.007955854279033914,Non-Switch
9332,0.007698604510933568,Non-Switch
9333,0.005887652726022931,Non-Switch
9334,0.0056953707479004715,Non-Switch
9335,0.005830715719671663,Non-Switch
9336,0.005961469560833492,Non-Switch
9337,0.006295093062061523,Non-Switch
9338,0.006210703325066279,Non-Switch
9339,0.005259402117842781,Non-Switch
934,0.00435465177719579,Non-Switch
9340,0.004733076758973582,Non-Switch
9341,0.0050555341522328994,Non-Switch
9342,0.0050250932230301824,Non-Switch
9343,0.005217539793923975,Non-Switch
9344,0.005095702850125045,Non-Switch
9345,0.004905917307669015,Non-Switch
9346,0.0050144917690382275,Non-Switch
9347,0.004746825629837773,Non-Switch
9348,0.005007858008546255,Non-Switch
9349,0.004730018692462928,Non-Switch
935,0.004354765312617648,Non-Switch
9350,0.004770284130596183,Non-Switch
9351,0.00492242596263377,Non-Switch
9352,0.004865218553872453,Non-Switch
9353,0.005396618744556565,Non-Switch
9354,0.005549636277318369,Non-Switch
9355,0.006226527072560118,Non-Switch
9356,0.00748350728747536,Non-Switch
9357,0.01255233650478863,Non-Switch
9358,0.03332066582780023,Non-Switch
9359,0.11103225737100555,Non-Switch
936,0.0043572033010550746,Non-Switch
9360,0.07618907750523743,Non-Switch
9361,0.24673667288249976,Non-Switch
9362,0.21986135249096445,Non-Switch
9363,0.21243260488260815,Non-Switch
9364,0.08466532844433639,Non-Switch
9365,0.13349773836502055,Non-Switch
9366,0.14979411568126116,Non-Switch
9367,0.2767493652845685,Non-Switch
9368,0.3582715065549891,Non-Switch
9369,0.5866999383225395,Non-Switch
937,0.004363563971908079,Non-Switch
9370,0.5150646926892573,Non-Switch
9371,0.3143605091757324,Non-Switch
9372,0.19213985595935276,Non-Switch
9373,0.06498819141984442,Non-Switch
9374,0.10085085219318024,Non-Switch
9375,0.07186830362303269,Non-Switch
9376,0.058577183394715834,Non-Switch
9377,0.04031888174201069,Non-Switch
9378,0.01674680794053707,Non-Switch
9379,0.052597970061325355,Non-Switch
938,0.004357220096235823,Non-Switch
9380,0.030036571118249467,Non-Switch
9381,0.01626526189257905,Non-Switch
9382,0.0177923469069394,Non-Switch
9383,0.045367185233027824,Non-Switch
9384,0.12962869841313834,Non-Switch
9385,0.015216715917015539,Non-Switch
9386,0.19147664786196306,Non-Switch
9387,0.02000643408715922,Non-Switch
9388,0.010772466553178065,Non-Switch
9389,0.013433649506604955,Non-Switch
939,0.004357797850453565,Non-Switch
9390,0.008048225085920761,Non-Switch
9391,0.008437014709641958,Non-Switch
9392,0.2902180146042385,Non-Switch
9393,0.41885445911322383,Non-Switch
9394,0.23338344541939007,Non-Switch
9395,0.043822050102013635,Non-Switch
9396,0.025555047202066403,Non-Switch
9397,0.008058228967381691,Non-Switch
9398,0.008270753169149258,Non-Switch
9399,0.006896359189236961,Non-Switch
94,0.005123841160047167,Non-Switch
940,0.004355632615751491,Non-Switch
9400,0.010413410445646467,Non-Switch
9401,0.005141278588507304,Non-Switch
9402,0.004962419654742517,Non-Switch
9403,0.004755587003826943,Non-Switch
9404,0.004708630029779941,Non-Switch
9405,0.0047765043937381315,Non-Switch
9406,0.006618045577249301,Non-Switch
9407,0.008723250944292216,Non-Switch
9408,0.0058994664561613005,Non-Switch
9409,0.005143525447787814,Non-Switch
941,0.00435654560177697,Non-Switch
9410,0.00497679364223416,Non-Switch
9411,0.004984841892848756,Non-Switch
9412,0.004662958222963801,Non-Switch
9413,0.009114080846570718,Non-Switch
9414,0.005025308873150991,Non-Switch
9415,0.005559056358296488,Non-Switch
9416,0.005978279521340872,Non-Switch
9417,0.008008043623691247,Non-Switch
9418,0.006408443065124713,Non-Switch
9419,0.005774188515730653,Non-Switch
942,0.004358821012864753,Non-Switch
9420,0.0053219638302266625,Non-Switch
9421,0.0047645747768525985,Non-Switch
9422,0.004549412052189472,Non-Switch
9423,0.00452321358564378,Non-Switch
9424,0.004531358576499486,Non-Switch
9425,0.004497361771628734,Non-Switch
9426,0.004441340438531865,Non-Switch
9427,0.004447144181191254,Non-Switch
9428,0.0044261072095931366,Non-Switch
9429,0.0044110879512571435,Non-Switch
943,0.004358774658165887,Non-Switch
9430,0.004469105559537759,Non-Switch
9431,0.004459703617354848,Non-Switch
9432,0.00452952051191839,Non-Switch
9433,0.004620764698080639,Non-Switch
9434,0.00445479337831127,Non-Switch
9435,0.00463266441954444,Non-Switch
9436,0.004698923087114642,Non-Switch
9437,0.004705699942546589,Non-Switch
9438,0.004637306607503276,Non-Switch
9439,0.004716546270273855,Non-Switch
944,0.004358584536719817,Non-Switch
9440,0.004563456854138448,Non-Switch
9441,0.004488750546555455,Non-Switch
9442,0.004538815972655355,Non-Switch
9443,0.005129114510898525,Non-Switch
9444,0.011072071079896757,Non-Switch
9445,0.004493132073309077,Non-Switch
9446,0.004628052462910951,Non-Switch
9447,0.005029268504964215,Non-Switch
9448,0.0054218249518236455,Non-Switch
9449,0.00499510307647875,Non-Switch
945,0.00435859830876803,Non-Switch
9450,0.004900336605009963,Non-Switch
9451,0.004580056538982858,Non-Switch
9452,0.0045379493413287425,Non-Switch
9453,0.00454122137844213,Non-Switch
9454,0.004484484234741766,Non-Switch
9455,0.004510096549479341,Non-Switch
9456,0.004624745155917991,Non-Switch
9457,0.005310291851413809,Non-Switch
9458,0.005327445105415684,Non-Switch
9459,0.005580200819051394,Non-Switch
946,0.00436384613094465,Non-Switch
9460,0.005442618057397297,Non-Switch
9461,0.005372075611025428,Non-Switch
9462,0.00634725217539351,Non-Switch
9463,0.004984448213812016,Non-Switch
9464,0.005081920388899357,Non-Switch
9465,0.004711027709783572,Non-Switch
9466,0.004797519531601275,Non-Switch
9467,0.004731519845718213,Non-Switch
9468,0.0046774665719014315,Non-Switch
9469,0.004608629844086362,Non-Switch
947,0.004362610677448804,Non-Switch
9470,0.004522601233353697,Non-Switch
9471,0.0045169634270801,Non-Switch
9472,0.004562826698956771,Non-Switch
9473,0.004664345168989998,Non-Switch
9474,0.00510594925399598,Non-Switch
9475,0.004774365359518025,Non-Switch
9476,0.004580841881634649,Non-Switch
9477,0.004607512292759369,Non-Switch
9478,0.004560167685940696,Non-Switch
9479,0.004659349274524602,Non-Switch
948,0.004355979268282137,Non-Switch
9480,0.0055323701597018654,Non-Switch
9481,0.004764039682393958,Non-Switch
9482,0.004576129153916671,Non-Switch
9483,0.004505294807303396,Non-Switch
9484,0.004459386188438706,Non-Switch
9485,0.0044984500993412255,Non-Switch
9486,0.004516341669488797,Non-Switch
9487,0.0044735028737612845,Non-Switch
9488,0.006181928477793796,Non-Switch
9489,0.01628914060875978,Non-Switch
949,0.004375391809998276,Non-Switch
9490,0.006039854684807597,Non-Switch
9491,0.01577501594099339,Non-Switch
9492,0.008501424899619,Non-Switch
9493,0.007208772392601552,Non-Switch
9494,0.006242975600777793,Non-Switch
9495,0.02010316357935387,Non-Switch
9496,0.4450739451635252,Non-Switch
9497,0.007094177530741297,Non-Switch
9498,0.007244196116028681,Non-Switch
9499,0.004808237880051239,Non-Switch
95,0.004781288668926098,Non-Switch
950,0.004388177645198358,Non-Switch
9500,0.005549236552016559,Non-Switch
9501,0.006303506775809202,Non-Switch
9502,0.013445420912887838,Non-Switch
9503,0.01103473337767155,Non-Switch
9504,0.005675416729557006,Non-Switch
9505,0.004780447902177837,Non-Switch
9506,0.004708610211466658,Non-Switch
9507,0.053949974049878446,Non-Switch
9508,0.006538218754959761,Non-Switch
9509,0.006292681274106065,Non-Switch
951,0.004388092325680157,Non-Switch
9510,0.012430850916170954,Non-Switch
9511,0.006946153541119583,Non-Switch
9512,0.004783874790857724,Non-Switch
9513,0.005333068803737452,Non-Switch
9514,0.005784695580806802,Non-Switch
9515,0.00506433415513779,Non-Switch
9516,0.005228676342374572,Non-Switch
9517,0.004837513223710023,Non-Switch
9518,0.005091059990358978,Non-Switch
9519,0.005076322891059556,Non-Switch
952,0.004386748375316676,Non-Switch
9520,0.00516692147047384,Non-Switch
9521,0.005946899405630709,Non-Switch
9522,0.005823756468576788,Non-Switch
9523,0.00501816991362211,Non-Switch
9524,0.004827094165380994,Non-Switch
9525,0.004798314615457901,Non-Switch
9526,0.004530481532160809,Non-Switch
9527,0.004641744566064212,Non-Switch
9528,0.004525122525887634,Non-Switch
9529,0.004633445059545622,Non-Switch
953,0.004399644050998852,Non-Switch
9530,0.004500131968741362,Non-Switch
9531,0.004443636675643774,Non-Switch
9532,0.004487912802939729,Non-Switch
9533,0.004506736841522447,Non-Switch
9534,0.0044273960717637634,Non-Switch
9535,0.0044837032588369696,Non-Switch
9536,0.004667003846102457,Non-Switch
9537,0.0056448824191493285,Non-Switch
9538,0.004635728532320163,Non-Switch
9539,0.004987266781045199,Non-Switch
954,0.004364189424439146,Non-Switch
9540,0.004932249127949848,Non-Switch
9541,0.004882064456066634,Non-Switch
9542,0.006394796644863087,Non-Switch
9543,0.005840800218000184,Non-Switch
9544,0.006022698743576802,Non-Switch
9545,0.006720007104150669,Non-Switch
9546,0.0048859142473977645,Non-Switch
9547,0.004801235633293649,Non-Switch
9548,0.005204970952459162,Non-Switch
9549,0.006425226825150125,Non-Switch
955,0.004361781331423452,Non-Switch
9550,0.010171668003834662,Non-Switch
9551,0.029030104460340034,Non-Switch
9552,0.34433620381003427,Non-Switch
9553,0.3720213905044826,Non-Switch
9554,0.20454247081764965,Non-Switch
9555,0.36785923837095175,Non-Switch
9556,0.48460523235590963,Non-Switch
9557,0.4976793104788376,Non-Switch
9558,0.2853488847886734,Non-Switch
9559,0.019399868744554072,Non-Switch
956,0.004361770918411388,Non-Switch
9560,0.010565111908044832,Non-Switch
9561,0.00721559661044321,Non-Switch
9562,0.006854877108210297,Non-Switch
9563,0.009873992907480337,Non-Switch
9564,0.020645395318006188,Non-Switch
9565,0.028577599295317547,Non-Switch
9566,0.03288776937220502,Non-Switch
9567,0.03098722403149608,Non-Switch
9568,0.05961713561219404,Non-Switch
9569,0.05421448874136329,Non-Switch
957,0.004362275445641068,Non-Switch
9570,0.3645648247023492,Non-Switch
9571,0.4875743408404052,Non-Switch
9572,0.4645979316374238,Non-Switch
9573,0.48283497193491604,Non-Switch
9574,0.4113798781284126,Non-Switch
9575,0.4461809544914664,Non-Switch
9576,0.49994900851793683,Non-Switch
9577,0.4731145555038128,Non-Switch
9578,0.46110427606779675,Non-Switch
9579,0.4613099243225659,Non-Switch
958,0.004367569958420169,Non-Switch
9580,0.16078231297211526,Non-Switch
9581,0.33982886099839044,Non-Switch
9582,0.42281801428067084,Non-Switch
9583,0.5009683496896007,Non-Switch
9584,0.2664547202800657,Non-Switch
9585,0.1962195854074576,Non-Switch
9586,0.10661916105203452,Non-Switch
9587,0.021651320499288296,Non-Switch
9588,0.0067946563081191175,Non-Switch
9589,0.00788957109049982,Non-Switch
959,0.004364147100583661,Non-Switch
9590,0.005031092461593483,Non-Switch
9591,0.004638339847022912,Non-Switch
9592,0.00523029674141317,Non-Switch
9593,0.004996042262986196,Non-Switch
9594,0.023049797424779226,Non-Switch
9595,0.012297049757414148,Non-Switch
9596,0.02347472087216959,Non-Switch
9597,0.014098979171226787,Non-Switch
9598,0.008338463276239728,Non-Switch
9599,0.4415348431784076,Non-Switch
96,0.004619951139525191,Non-Switch
960,0.004359856267806079,Non-Switch
9600,0.30081100651232556,Non-Switch
9601,0.00964107331001924,Non-Switch
9602,0.009136044240338913,Non-Switch
9603,0.010465411684279419,Non-Switch
9604,0.008918624579286825,Non-Switch
9605,0.014953345985050506,Non-Switch
9606,0.01516780028898967,Non-Switch
9607,0.013600733339147093,Non-Switch
9608,0.01046530755415878,Non-Switch
9609,0.4711288008212881,Non-Switch
961,0.004359068909732598,Non-Switch
9610,0.36515580008637655,Non-Switch
9611,0.3915891465630258,Non-Switch
9612,0.3681605089796007,Non-Switch
9613,0.0775552431901975,Non-Switch
9614,0.07993804132007036,Non-Switch
9615,0.12876988154822355,Non-Switch
9616,0.12087509320277606,Non-Switch
9617,0.06909655060486009,Non-Switch
9618,0.07010496550373632,Non-Switch
9619,0.012760166789440655,Non-Switch
962,0.004356645029247001,Non-Switch
9620,0.03460889649963026,Non-Switch
9621,0.1840097201051152,Non-Switch
9622,0.019118716075212715,Non-Switch
9623,0.03113450836135764,Non-Switch
9624,0.036848244975310016,Non-Switch
9625,0.2847908010866236,Non-Switch
9626,0.36930015201554306,Non-Switch
9627,0.014592502198480056,Non-Switch
9628,0.015123923215188295,Non-Switch
9629,0.012963545679387145,Non-Switch
963,0.004370941087099971,Non-Switch
9630,0.23179125153553354,Non-Switch
9631,0.1659605278580279,Non-Switch
9632,0.11450742480566489,Non-Switch
9633,0.10968077470486289,Non-Switch
9634,0.013825560346716418,Non-Switch
9635,0.14967746844831345,Non-Switch
9636,0.007608937056339971,Non-Switch
9637,0.39047955749532165,Non-Switch
9638,0.006627518059191354,Non-Switch
9639,0.009413389106301009,Non-Switch
964,0.004370780861075632,Non-Switch
9640,0.0065671911135578446,Non-Switch
9641,0.05652859592558997,Non-Switch
9642,0.051018927475801994,Non-Switch
9643,0.02014148883820708,Non-Switch
9644,0.03173932834877942,Non-Switch
9645,0.03289694625896591,Non-Switch
9646,0.011999132810457048,Non-Switch
9647,0.010829483504589697,Non-Switch
9648,0.015740393683591574,Non-Switch
9649,0.006618100665442155,Non-Switch
965,0.004369800358423545,Non-Switch
9650,0.007727320910977048,Non-Switch
9651,0.00687066256269203,Non-Switch
9652,0.006964649737774094,Non-Switch
9653,0.004621412320250294,Non-Switch
9654,0.013464199268578921,Non-Switch
9655,0.005653396903981497,Non-Switch
9656,0.004502186019346882,Non-Switch
9657,0.0065808738114098864,Non-Switch
9658,0.21209792664402913,Non-Switch
9659,0.004819555480550303,Non-Switch
966,0.004374306169514705,Non-Switch
9660,0.004944956697607643,Non-Switch
9661,0.5001420160478677,Non-Switch
9662,0.1565390280230399,Non-Switch
9663,0.2934701205407288,Non-Switch
967,0.0044372595455136376,Non-Switch
968,0.004382295301093067,Non-Switch
969,0.004416296136807198,Non-Switch
97,0.004594567575149408,Non-Switch
970,0.004374873846623998,Non-Switch
971,0.0044418772125085805,Non-Switch
972,0.00437695779265125,Non-Switch
973,0.004473143792796885,Non-Switch
974,0.004502392935973701,Non-Switch
975,0.004437767767683082,Non-Switch
976,0.004428705088151287,Non-Switch
977,0.004533396839635102,Non-Switch
978,0.004999088908773942,Non-Switch
979,0.004398257776779886,Non-Switch
98,0.005954946312630845,Non-Switch
980,0.004386875682786748,Non-Switch
981,0.004501272361514173,Non-Switch
982,0.00461624880988103,Non-Switch
983,0.004648820039809864,Non-Switch
984,0.004554095892196563,Non-Switch
985,0.004462568875190512,Non-Switch
986,0.004424268473204811,Non-Switch
987,0.004384402088566136,Non-Switch
988,0.004390599510262267,Non-Switch
989,0.0043942998244847365,Non-Switch
99,0.005774480080068443,Non-Switch
990,0.00442802824236713,Non-Switch
991,0.004457919297352147,Non-Switch
992,0.004378990009521797,Non-Switch
993,0.004598130504793356,Non-Switch
994,0.004570474552462326,Non-Switch
995,0.004486987724384111,Non-Switch
996,0.004613329807466972,Non-Switch
997,0.004629774976648499,Non-Switch
998,0.004484821146067578,Non-Switch
999,0.004433011036591542,Non-Switch
