Frame ID,Mean Entropy,Frame Type
1.0,0.8399417689825995,Non-Switch
10.0,0.004354537569966701,Non-Switch
100.0,0.0043567011251507,Non-Switch
1000.0,0.004362608997930729,Non-Switch
10000.0,0.0043543484562314745,Non-Switch
10001.0,0.004354347112617015,Non-Switch
10002.0,0.004354342745870021,Non-Switch
10003.0,0.00435434543309894,Non-Switch
10004.0,0.004354343081773636,Non-Switch
10005.0,0.004354349799845935,Non-Switch
10006.0,0.004354339722737486,Non-Switch
10007.0,0.004354340730448331,Non-Switch
10008.0,0.004354335691894106,Non-Switch
10009.0,0.004354339722737486,Non-Switch
1001.0,0.004359932853830292,Non-Switch
10010.0,0.004354336363701336,Non-Switch
10011.0,0.004354336363701336,Non-Switch
10012.0,0.004354335691894106,Non-Switch
10013.0,0.004354335020086877,Non-Switch
10014.0,0.004354354166592929,Non-Switch
10015.0,0.004354336363701336,Non-Switch
10016.0,0.004354334348279646,Non-Switch
10017.0,0.004354335020086877,Non-Switch
10018.0,0.004354338043219411,Non-Switch
10019.0,0.004354334348279646,Non-Switch
1002.0,0.00436114882491647,Non-Switch
10020.0,0.004354334348279646,Non-Switch
10021.0,0.004354334348279646,Non-Switch
10022.0,0.004354337371412181,Non-Switch
10023.0,0.004354335020086877,Non-Switch
10024.0,0.004354332668761571,Non-Switch
10025.0,0.004354334348279646,Non-Switch
10026.0,0.004354334348279646,Non-Switch
10027.0,0.004354334348279646,Non-Switch
10028.0,0.0043543366996049515,Non-Switch
10029.0,0.004354335020086877,Non-Switch
1003.0,0.004362216326604834,Non-Switch
10030.0,0.004354334012376031,Non-Switch
10031.0,0.004354333340568802,Non-Switch
10032.0,0.004354336363701336,Non-Switch
10033.0,0.004354336363701336,Non-Switch
10034.0,0.004354337371412181,Non-Switch
10035.0,0.004354335020086877,Non-Switch
10036.0,0.004354334012376031,Non-Switch
10037.0,0.004354332668761571,Non-Switch
10038.0,0.004354333340568802,Non-Switch
10039.0,0.004354332668761571,Non-Switch
1004.0,0.004364104104920945,Non-Switch
10040.0,0.004354332668761571,Non-Switch
10041.0,0.004354332668761571,Non-Switch
10042.0,0.004354332668761571,Non-Switch
10043.0,0.004354332668761571,Non-Switch
10044.0,0.004354332668761571,Non-Switch
10045.0,0.004354332668761571,Non-Switch
10046.0,0.004354332668761571,Non-Switch
10047.0,0.004354332668761571,Non-Switch
10048.0,0.004354332668761571,Non-Switch
10049.0,0.004354332668761571,Non-Switch
1005.0,0.004365364415284299,Non-Switch
10050.0,0.004354332668761571,Non-Switch
10051.0,0.004354332668761571,Non-Switch
10052.0,0.004354333340568802,Non-Switch
10053.0,0.004354334348279646,Non-Switch
10054.0,0.004354335020086877,Non-Switch
10055.0,0.004354335691894106,Non-Switch
10056.0,0.004354336363701336,Non-Switch
10057.0,0.004354337371412181,Non-Switch
10058.0,0.004354340394544715,Non-Switch
10059.0,0.004354339722737486,Non-Switch
1006.0,0.004365414800826544,Non-Switch
10060.0,0.004354340394544715,Non-Switch
10061.0,0.004354342409966405,Non-Switch
10062.0,0.004354347112617015,Non-Switch
10063.0,0.004354350471653165,Non-Switch
10064.0,0.004354367266833913,Non-Switch
10065.0,0.004354367938641143,Non-Switch
10066.0,0.004354370289966448,Non-Switch
10067.0,0.004354374320809828,Non-Switch
10068.0,0.004354370289966448,Non-Switch
10069.0,0.004354369618159218,Non-Switch
1007.0,0.004362577758894538,Non-Switch
10070.0,0.004354379695267667,Non-Switch
10071.0,0.004354448555508735,Non-Switch
10072.0,0.004354539249484776,Non-Switch
10073.0,0.004354773374304407,Non-Switch
10074.0,0.004354767999846568,Non-Switch
10075.0,0.004354710896232024,Non-Switch
10076.0,0.004354555036954679,Non-Switch
10077.0,0.004354917141051613,Non-Switch
10078.0,0.004354566793581203,Non-Switch
10079.0,0.004354702834545265,Non-Switch
1008.0,0.004363603608534645,Non-Switch
10080.0,0.004354514392617268,Non-Switch
10081.0,0.004354441165629205,Non-Switch
10082.0,0.004354423026833997,Non-Switch
10083.0,0.004354362228279688,Non-Switch
10084.0,0.004354363907797763,Non-Switch
10085.0,0.004354368610448373,Non-Switch
10086.0,0.004354352151171239,Non-Switch
10087.0,0.004354347784424245,Non-Switch
10088.0,0.004354335691894106,Non-Switch
10089.0,0.004354334348279646,Non-Switch
1009.0,0.004362599256725895,Non-Switch
10090.0,0.004354333340568802,Non-Switch
10091.0,0.004354332668761571,Non-Switch
10092.0,0.004354332668761571,Non-Switch
10093.0,0.004354332668761571,Non-Switch
10094.0,0.004354332668761571,Non-Switch
10095.0,0.004354332668761571,Non-Switch
10096.0,0.004354332668761571,Non-Switch
10097.0,0.004354332668761571,Non-Switch
10098.0,0.004354332668761571,Non-Switch
10099.0,0.004354332668761571,Non-Switch
101.0,0.00435734841141674,Non-Switch
1010.0,0.0043635602769683144,Non-Switch
10100.0,0.004354332668761571,Non-Switch
10101.0,0.004354332668761571,Non-Switch
10102.0,0.004354332668761571,Non-Switch
10103.0,0.004354332668761571,Non-Switch
10104.0,0.004354332668761571,Non-Switch
10105.0,0.004354332668761571,Non-Switch
10106.0,0.004354332668761571,Non-Switch
10107.0,0.004354332668761571,Non-Switch
10108.0,0.004354332668761571,Non-Switch
10109.0,0.004354332668761571,Non-Switch
1011.0,0.004361785698170447,Non-Switch
10110.0,0.004354332668761571,Non-Switch
10111.0,0.004354332668761571,Non-Switch
10112.0,0.004354332668761571,Non-Switch
10113.0,0.004354332668761571,Non-Switch
10114.0,0.004354332668761571,Non-Switch
10115.0,0.004354332668761571,Non-Switch
10116.0,0.004354332668761571,Non-Switch
10117.0,0.004354332668761571,Non-Switch
10118.0,0.004354332668761571,Non-Switch
10119.0,0.004354332668761571,Non-Switch
1012.0,0.0043653375429951015,Non-Switch
10120.0,0.004354332668761571,Non-Switch
10121.0,0.004354333340568802,Non-Switch
10122.0,0.004354332668761571,Non-Switch
10123.0,0.004354333340568802,Non-Switch
10124.0,0.004354332668761571,Non-Switch
10125.0,0.004354333340568802,Non-Switch
10126.0,0.004354333340568802,Non-Switch
10127.0,0.004354332668761571,Non-Switch
10128.0,0.004354332668761571,Non-Switch
10129.0,0.004354332668761571,Non-Switch
1013.0,0.004364230740583787,Non-Switch
10130.0,0.004354332668761571,Non-Switch
10131.0,0.004354332668761571,Non-Switch
10132.0,0.004354332668761571,Non-Switch
10133.0,0.004354332668761571,Non-Switch
10134.0,0.004354332668761571,Non-Switch
10135.0,0.004354332668761571,Non-Switch
10136.0,0.004354332668761571,Non-Switch
10137.0,0.004354332668761571,Non-Switch
10138.0,0.004354332668761571,Non-Switch
10139.0,0.004354332668761571,Non-Switch
1014.0,0.004365924030706833,Non-Switch
10140.0,0.004354332668761571,Non-Switch
10141.0,0.004354332668761571,Non-Switch
10142.0,0.004354332668761571,Non-Switch
10143.0,0.004354332668761571,Non-Switch
10144.0,0.004354332668761571,Non-Switch
10145.0,0.004354332668761571,Non-Switch
10146.0,0.004354332668761571,Non-Switch
10147.0,0.004354332668761571,Non-Switch
10148.0,0.004354332668761571,Non-Switch
10149.0,0.004354332668761571,Non-Switch
1015.0,0.004362796768051495,Non-Switch
10150.0,0.004354332668761571,Non-Switch
10151.0,0.004354332668761571,Non-Switch
10152.0,0.004354332668761571,Non-Switch
10153.0,0.004354332668761571,Non-Switch
10154.0,0.004354332668761571,Non-Switch
10155.0,0.004354332668761571,Non-Switch
10156.0,0.004354332668761571,Non-Switch
10157.0,0.004354332668761571,Non-Switch
10158.0,0.004354332668761571,Non-Switch
10159.0,0.004354333340568802,Non-Switch
1016.0,0.004373236316501037,Non-Switch
10160.0,0.004354333340568802,Non-Switch
10161.0,0.004354334348279646,Non-Switch
10162.0,0.004354334348279646,Non-Switch
10163.0,0.004354334348279646,Non-Switch
10164.0,0.004354334348279646,Non-Switch
10165.0,0.004354334348279646,Non-Switch
10166.0,0.004354338043219411,Non-Switch
10167.0,0.004354339722737486,Non-Switch
10168.0,0.004354334348279646,Non-Switch
10169.0,0.00435434408948448,Non-Switch
1017.0,0.004374551715057245,Non-Switch
10170.0,0.004354340730448331,Non-Switch
10171.0,0.004354338043219411,Non-Switch
10172.0,0.004354337371412181,Non-Switch
10173.0,0.004354335691894106,Non-Switch
10174.0,0.004354340730448331,Non-Switch
10175.0,0.004354343753580865,Non-Switch
10176.0,0.004354339050930256,Non-Switch
10177.0,0.004354336363701336,Non-Switch
10178.0,0.004354337371412181,Non-Switch
10179.0,0.004354335691894106,Non-Switch
1018.0,0.004368621336735014,Non-Switch
10180.0,0.004354337371412181,Non-Switch
10181.0,0.004354335691894106,Non-Switch
10182.0,0.004354336363701336,Non-Switch
10183.0,0.004354335691894106,Non-Switch
10184.0,0.004354334348279646,Non-Switch
10185.0,0.004354333340568802,Non-Switch
10186.0,0.004354334348279646,Non-Switch
10187.0,0.004354332668761571,Non-Switch
10188.0,0.004354334348279646,Non-Switch
10189.0,0.004354333340568802,Non-Switch
1019.0,0.0043836654519385145,Non-Switch
10190.0,0.004354332668761571,Non-Switch
10191.0,0.004354332668761571,Non-Switch
10192.0,0.004354332668761571,Non-Switch
10193.0,0.004354332668761571,Non-Switch
10194.0,0.004354332668761571,Non-Switch
10195.0,0.004354332668761571,Non-Switch
10196.0,0.004354333340568802,Non-Switch
10197.0,0.004354333340568802,Non-Switch
10198.0,0.004354338043219411,Non-Switch
10199.0,0.004354337371412181,Non-Switch
102.0,0.004356531493825142,Non-Switch
1020.0,0.004375152310720805,Non-Switch
10200.0,0.004354339050930256,Non-Switch
10201.0,0.004354344425388095,Non-Switch
10202.0,0.004354339722737486,Non-Switch
10203.0,0.004354341066351946,Non-Switch
10204.0,0.00435434543309894,Non-Switch
10205.0,0.004354337371412181,Non-Switch
10206.0,0.004354336363701336,Non-Switch
10207.0,0.004354334348279646,Non-Switch
10208.0,0.004354332668761571,Non-Switch
10209.0,0.004354332668761571,Non-Switch
1021.0,0.0043782557242194806,Non-Switch
10210.0,0.004354342409966405,Non-Switch
10211.0,0.00435434543309894,Non-Switch
10212.0,0.004354339050930256,Non-Switch
10213.0,0.004354334348279646,Non-Switch
10214.0,0.004354342409966405,Non-Switch
10215.0,0.004354336363701336,Non-Switch
10216.0,0.004354335691894106,Non-Switch
10217.0,0.004354334348279646,Non-Switch
10218.0,0.004354335691894106,Non-Switch
10219.0,0.004354336363701336,Non-Switch
1022.0,0.00438035713723471,Non-Switch
10220.0,0.004354335691894106,Non-Switch
10221.0,0.004354342409966405,Non-Switch
10222.0,0.004354347112617015,Non-Switch
10223.0,0.004354343753580865,Non-Switch
10224.0,0.004354339722737486,Non-Switch
10225.0,0.004354339050930256,Non-Switch
10226.0,0.004354339722737486,Non-Switch
10227.0,0.004354339722737486,Non-Switch
10228.0,0.004354335691894106,Non-Switch
10229.0,0.004354339050930256,Non-Switch
1023.0,0.004386402394593261,Non-Switch
10230.0,0.004354339050930256,Non-Switch
10231.0,0.004354338043219411,Non-Switch
10232.0,0.004354335691894106,Non-Switch
10233.0,0.004354334348279646,Non-Switch
10234.0,0.004354335691894106,Non-Switch
10235.0,0.004354336363701336,Non-Switch
10236.0,0.004354337371412181,Non-Switch
10237.0,0.004354335691894106,Non-Switch
10238.0,0.004354338043219411,Non-Switch
10239.0,0.004354337371412181,Non-Switch
1024.0,0.004398325965213724,Non-Switch
10240.0,0.004354339050930256,Non-Switch
10241.0,0.004354339722737486,Non-Switch
10242.0,0.004354343753580865,Non-Switch
10243.0,0.004354347112617015,Non-Switch
10244.0,0.004354343753580865,Non-Switch
10245.0,0.00435434610490617,Non-Switch
10246.0,0.00435434543309894,Non-Switch
10247.0,0.00435434543309894,Non-Switch
10248.0,0.004354351143460395,Non-Switch
10249.0,0.004354358533339924,Non-Switch
1025.0,0.004382824013383023,Non-Switch
10250.0,0.004354347784424245,Non-Switch
10251.0,0.0043543484562314745,Non-Switch
10252.0,0.00435434543309894,Non-Switch
10253.0,0.00435434543309894,Non-Switch
10254.0,0.004354342409966405,Non-Switch
10255.0,0.004354341066351946,Non-Switch
10256.0,0.00435434543309894,Non-Switch
10257.0,0.004354343753580865,Non-Switch
10258.0,0.004354342409966405,Non-Switch
10259.0,0.004354339722737486,Non-Switch
1026.0,0.004388846093392141,Non-Switch
10260.0,0.004354339050930256,Non-Switch
10261.0,0.004354339722737486,Non-Switch
10262.0,0.004354343081773636,Non-Switch
10263.0,0.004354342409966405,Non-Switch
10264.0,0.004354338043219411,Non-Switch
10265.0,0.004354338043219411,Non-Switch
10266.0,0.004354339050930256,Non-Switch
10267.0,0.004354347112617015,Non-Switch
10268.0,0.0043543484562314745,Non-Switch
10269.0,0.004354353830689314,Non-Switch
1027.0,0.004381075635067123,Non-Switch
10270.0,0.0043543665950266834,Non-Switch
10271.0,0.004354376000327902,Non-Switch
10272.0,0.004354355846111004,Non-Switch
10273.0,0.004354342745870021,Non-Switch
10274.0,0.004354337371412181,Non-Switch
10275.0,0.00435434408948448,Non-Switch
10276.0,0.004354349128038705,Non-Switch
10277.0,0.004354344761291711,Non-Switch
10278.0,0.00435434543309894,Non-Switch
10279.0,0.004354342745870021,Non-Switch
1028.0,0.004370598465412706,Non-Switch
10280.0,0.004354347112617015,Non-Switch
10281.0,0.004354425042255687,Non-Switch
10282.0,0.0043592019275641245,Non-Switch
10283.0,0.004358990980093926,Non-Switch
10284.0,0.004359444785877745,Non-Switch
10285.0,0.004356544258162511,Non-Switch
10286.0,0.00435524834201597,Non-Switch
10287.0,0.004355674939606978,Non-Switch
10288.0,0.0043547626253887285,Non-Switch
10289.0,0.004354342409966405,Non-Switch
1029.0,0.004392721749301624,Non-Switch
10290.0,0.004354720301533243,Non-Switch
10291.0,0.004354423362737612,Non-Switch
10292.0,0.004354374320809828,Non-Switch
10293.0,0.004354355846111004,Non-Switch
10294.0,0.004354402536713485,Non-Switch
10295.0,0.004354392459605036,Non-Switch
10296.0,0.004354440493821976,Non-Switch
10297.0,0.004354372977195368,Non-Switch
10298.0,0.004354347112617015,Non-Switch
10299.0,0.004354339722737486,Non-Switch
103.0,0.004357075657681387,Non-Switch
1030.0,0.004388947536283862,Non-Switch
10300.0,0.004354333340568802,Non-Switch
10301.0,0.004354339050930256,Non-Switch
10302.0,0.004354993055268596,Non-Switch
10303.0,0.00435505083069037,Non-Switch
10304.0,0.004354567129484818,Non-Switch
10305.0,0.0043545133849064235,Non-Switch
10306.0,0.004354352151171239,Non-Switch
10307.0,0.004354337371412181,Non-Switch
10308.0,0.004354340730448331,Non-Switch
10309.0,0.004354339050930256,Non-Switch
1031.0,0.004386449757002971,Non-Switch
10310.0,0.004354335691894106,Non-Switch
10311.0,0.004354334348279646,Non-Switch
10312.0,0.004354333340568802,Non-Switch
10313.0,0.004354332668761571,Non-Switch
10314.0,0.004354332668761571,Non-Switch
10315.0,0.004354332668761571,Non-Switch
10316.0,0.004354332668761571,Non-Switch
10317.0,0.004354332668761571,Non-Switch
10318.0,0.004354332668761571,Non-Switch
10319.0,0.004354332668761571,Non-Switch
1032.0,0.004374083801321598,Non-Switch
10320.0,0.004354332668761571,Non-Switch
10321.0,0.004354332668761571,Non-Switch
10322.0,0.004354332668761571,Non-Switch
10323.0,0.004354332668761571,Non-Switch
10324.0,0.004354332668761571,Non-Switch
10325.0,0.004354332668761571,Non-Switch
10326.0,0.004354332668761571,Non-Switch
10327.0,0.004354332668761571,Non-Switch
10328.0,0.004354332668761571,Non-Switch
10329.0,0.004354332668761571,Non-Switch
1033.0,0.0043840601386861,Non-Switch
10330.0,0.004354332668761571,Non-Switch
10331.0,0.004354332668761571,Non-Switch
10332.0,0.004354332668761571,Non-Switch
10333.0,0.004354332668761571,Non-Switch
10334.0,0.004354332668761571,Non-Switch
10335.0,0.004354332668761571,Non-Switch
10336.0,0.004354332668761571,Non-Switch
10337.0,0.004354332668761571,Non-Switch
10338.0,0.004354332668761571,Non-Switch
10339.0,0.004354332668761571,Non-Switch
1034.0,0.004369975700110558,Non-Switch
10340.0,0.004354332668761571,Non-Switch
10341.0,0.004354332668761571,Non-Switch
10342.0,0.004354332668761571,Non-Switch
10343.0,0.004354332668761571,Non-Switch
10344.0,0.004354332668761571,Non-Switch
10345.0,0.004354332668761571,Non-Switch
10346.0,0.004354333340568802,Non-Switch
10347.0,0.004354334348279646,Non-Switch
10348.0,0.004354334348279646,Non-Switch
10349.0,0.004354334348279646,Non-Switch
1035.0,0.004376881878434267,Non-Switch
10350.0,0.004354334348279646,Non-Switch
10351.0,0.004354338043219411,Non-Switch
10352.0,0.004354337371412181,Non-Switch
10353.0,0.004354338043219411,Non-Switch
10354.0,0.004354340730448331,Non-Switch
10355.0,0.004354343753580865,Non-Switch
10356.0,0.004354339050930256,Non-Switch
10357.0,0.004354342409966405,Non-Switch
10358.0,0.004354358533339924,Non-Switch
10359.0,0.00435434543309894,Non-Switch
1036.0,0.00436354986395625,Non-Switch
10360.0,0.004354352151171239,Non-Switch
10361.0,0.0043543501357495495,Non-Switch
10362.0,0.0043543501357495495,Non-Switch
10363.0,0.004354351143460395,Non-Switch
10364.0,0.0043543501357495495,Non-Switch
10365.0,0.004354347112617015,Non-Switch
10366.0,0.004354349128038705,Non-Switch
10367.0,0.004354352487074855,Non-Switch
10368.0,0.004354343753580865,Non-Switch
10369.0,0.004354341066351946,Non-Switch
1037.0,0.0044256188057369755,Non-Switch
10370.0,0.004354344425388095,Non-Switch
10371.0,0.0043543484562314745,Non-Switch
10372.0,0.004354342409966405,Non-Switch
10373.0,0.004354344425388095,Non-Switch
10374.0,0.004354340730448331,Non-Switch
10375.0,0.004354337371412181,Non-Switch
10376.0,0.004354339722737486,Non-Switch
10377.0,0.004354339722737486,Non-Switch
10378.0,0.004354337371412181,Non-Switch
10379.0,0.004354335691894106,Non-Switch
1038.0,0.004384573399409768,Non-Switch
10380.0,0.004354334348279646,Non-Switch
10381.0,0.004354335020086877,Non-Switch
10382.0,0.004354337371412181,Non-Switch
10383.0,0.004354336363701336,Non-Switch
10384.0,0.004354335691894106,Non-Switch
10385.0,0.004354334348279646,Non-Switch
10386.0,0.004354337371412181,Non-Switch
10387.0,0.004354340730448331,Non-Switch
10388.0,0.004354343081773636,Non-Switch
10389.0,0.004354342409966405,Non-Switch
1039.0,0.004377138508796102,Non-Switch
10390.0,0.004354342409966405,Non-Switch
10391.0,0.004354343753580865,Non-Switch
10392.0,0.004354342409966405,Non-Switch
10393.0,0.004354344425388095,Non-Switch
10394.0,0.00435434610490617,Non-Switch
10395.0,0.004354343753580865,Non-Switch
10396.0,0.00435434543309894,Non-Switch
10397.0,0.0043543632359905335,Non-Switch
10398.0,0.004354347112617015,Non-Switch
10399.0,0.004354347112617015,Non-Switch
104.0,0.0043570481135849605,Non-Switch
1040.0,0.004580361203561633,Non-Switch
10400.0,0.004354344425388095,Non-Switch
10401.0,0.0043543534947856994,Non-Switch
10402.0,0.0043543501357495495,Non-Switch
10403.0,0.00435434543309894,Non-Switch
10404.0,0.004354343753580865,Non-Switch
10405.0,0.00435434543309894,Non-Switch
10406.0,0.00435434610490617,Non-Switch
10407.0,0.004354347112617015,Non-Switch
10408.0,0.004354355174303774,Non-Switch
10409.0,0.004354344425388095,Non-Switch
1041.0,0.004730609211018039,Non-Switch
10410.0,0.0043543501357495495,Non-Switch
10411.0,0.004354355174303774,Non-Switch
10412.0,0.0043543534947856994,Non-Switch
10413.0,0.004354352487074855,Non-Switch
10414.0,0.0043543501357495495,Non-Switch
10415.0,0.00435434543309894,Non-Switch
10416.0,0.004354347784424245,Non-Switch
10417.0,0.004354351143460395,Non-Switch
10418.0,0.004354352151171239,Non-Switch
10419.0,0.00435434610490617,Non-Switch
1042.0,0.004943073286038526,Non-Switch
10420.0,0.004354347112617015,Non-Switch
10421.0,0.00435434543309894,Non-Switch
10422.0,0.004354341066351946,Non-Switch
10423.0,0.004354341066351946,Non-Switch
10424.0,0.004354344425388095,Non-Switch
10425.0,0.004354343753580865,Non-Switch
10426.0,0.004354342409966405,Non-Switch
10427.0,0.004354347112617015,Non-Switch
10428.0,0.004354352151171239,Non-Switch
10429.0,0.004354347112617015,Non-Switch
1043.0,0.00461534926000015,Non-Switch
10430.0,0.004354362228279688,Non-Switch
10431.0,0.004354355846111004,Non-Switch
10432.0,0.0043543501357495495,Non-Switch
10433.0,0.004354343753580865,Non-Switch
10434.0,0.004354339722737486,Non-Switch
10435.0,0.004354338043219411,Non-Switch
10436.0,0.004354337371412181,Non-Switch
10437.0,0.004354334348279646,Non-Switch
10438.0,0.004354333340568802,Non-Switch
10439.0,0.004354334348279646,Non-Switch
1044.0,0.004753759688161525,Non-Switch
10440.0,0.004354334348279646,Non-Switch
10441.0,0.004354334348279646,Non-Switch
10442.0,0.004354334348279646,Non-Switch
10443.0,0.004354334348279646,Non-Switch
10444.0,0.004354334348279646,Non-Switch
10445.0,0.004354334348279646,Non-Switch
10446.0,0.004354334348279646,Non-Switch
10447.0,0.004354334348279646,Non-Switch
10448.0,0.004354334348279646,Non-Switch
10449.0,0.004354334348279646,Non-Switch
1045.0,0.0046190122889213595,Non-Switch
10450.0,0.004354333340568802,Non-Switch
10451.0,0.004354333340568802,Non-Switch
10452.0,0.004354333340568802,Non-Switch
10453.0,0.004354333340568802,Non-Switch
10454.0,0.004354333340568802,Non-Switch
10455.0,0.004354333340568802,Non-Switch
10456.0,0.004354334348279646,Non-Switch
10457.0,0.004354334348279646,Non-Switch
10458.0,0.004354334348279646,Non-Switch
10459.0,0.004354335691894106,Non-Switch
1046.0,0.004716900984491259,Non-Switch
10460.0,0.004354336363701336,Non-Switch
10461.0,0.004354335691894106,Non-Switch
10462.0,0.004354338043219411,Non-Switch
10463.0,0.004354334348279646,Non-Switch
10464.0,0.004354334348279646,Non-Switch
10465.0,0.004354334348279646,Non-Switch
10466.0,0.004354336363701336,Non-Switch
10467.0,0.004354335691894106,Non-Switch
10468.0,0.004354335691894106,Non-Switch
10469.0,0.004354335691894106,Non-Switch
1047.0,0.004745959334414775,Non-Switch
10470.0,0.004354333340568802,Non-Switch
10471.0,0.004354334348279646,Non-Switch
10472.0,0.004354335691894106,Non-Switch
10473.0,0.004354335691894106,Non-Switch
10474.0,0.004354333340568802,Non-Switch
10475.0,0.004354333340568802,Non-Switch
10476.0,0.004354333340568802,Non-Switch
10477.0,0.004354333340568802,Non-Switch
10478.0,0.004354334348279646,Non-Switch
10479.0,0.004354334348279646,Non-Switch
1048.0,0.004961430754500056,Non-Switch
10480.0,0.004354333340568802,Non-Switch
10481.0,0.004354333340568802,Non-Switch
10482.0,0.004354332668761571,Non-Switch
10483.0,0.004354332668761571,Non-Switch
10484.0,0.004354332668761571,Non-Switch
10485.0,0.004354332668761571,Non-Switch
10486.0,0.004354332668761571,Non-Switch
10487.0,0.004354332668761571,Non-Switch
10488.0,0.004354332668761571,Non-Switch
10489.0,0.004354332668761571,Non-Switch
1049.0,0.004991988914064396,Non-Switch
10490.0,0.004354332668761571,Non-Switch
10491.0,0.004354332668761571,Non-Switch
10492.0,0.004354332668761571,Non-Switch
10493.0,0.004354332668761571,Non-Switch
10494.0,0.004354332668761571,Non-Switch
10495.0,0.004354332668761571,Non-Switch
10496.0,0.004354332668761571,Non-Switch
10497.0,0.004354332668761571,Non-Switch
10498.0,0.004354332668761571,Non-Switch
10499.0,0.004354332668761571,Non-Switch
105.0,0.004356458938644309,Non-Switch
1050.0,0.004619782515910477,Non-Switch
10500.0,0.004354332668761571,Non-Switch
10501.0,0.004354332668761571,Non-Switch
10502.0,0.004354332668761571,Non-Switch
10503.0,0.004354332668761571,Non-Switch
10504.0,0.004354332668761571,Non-Switch
10505.0,0.004354332668761571,Non-Switch
10506.0,0.004354332668761571,Non-Switch
10507.0,0.004354332668761571,Non-Switch
10508.0,0.004354332668761571,Non-Switch
10509.0,0.004354332668761571,Non-Switch
1051.0,0.004459940093499785,Non-Switch
10510.0,0.004354332668761571,Non-Switch
10511.0,0.004354332668761571,Non-Switch
10512.0,0.004354332668761571,Non-Switch
10513.0,0.004354332668761571,Non-Switch
10514.0,0.004354332668761571,Non-Switch
10515.0,0.004354332668761571,Non-Switch
10516.0,0.004354332668761571,Non-Switch
10517.0,0.004354332668761571,Non-Switch
10518.0,0.004354332668761571,Non-Switch
10519.0,0.004354332668761571,Non-Switch
1052.0,0.004400612797024415,Non-Switch
10520.0,0.004354332668761571,Non-Switch
10521.0,0.004354332668761571,Non-Switch
10522.0,0.004354332668761571,Non-Switch
10523.0,0.004354332668761571,Non-Switch
10524.0,0.004354332668761571,Non-Switch
10525.0,0.004354332668761571,Non-Switch
10526.0,0.004354332668761571,Non-Switch
10527.0,0.004354332668761571,Non-Switch
10528.0,0.004354332668761571,Non-Switch
10529.0,0.004354332668761571,Non-Switch
1053.0,0.00437674953240997,Non-Switch
10530.0,0.004354332668761571,Non-Switch
10531.0,0.004354332668761571,Non-Switch
10532.0,0.004354332668761571,Non-Switch
10533.0,0.004354332668761571,Non-Switch
10534.0,0.004354332668761571,Non-Switch
10535.0,0.004354333340568802,Non-Switch
10536.0,0.004354332668761571,Non-Switch
10537.0,0.004354332668761571,Non-Switch
10538.0,0.004354332668761571,Non-Switch
10539.0,0.004354333340568802,Non-Switch
1054.0,0.004370541361798161,Non-Switch
10540.0,0.004354333340568802,Non-Switch
10541.0,0.004354332668761571,Non-Switch
10542.0,0.004354332668761571,Non-Switch
10543.0,0.004354332668761571,Non-Switch
10544.0,0.004354332668761571,Non-Switch
10545.0,0.004354332668761571,Non-Switch
10546.0,0.004354333340568802,Non-Switch
10547.0,0.004354333340568802,Non-Switch
10548.0,0.004354332668761571,Non-Switch
10549.0,0.004354332668761571,Non-Switch
1055.0,0.004366678470226047,Non-Switch
10550.0,0.004354332668761571,Non-Switch
10551.0,0.004354332668761571,Non-Switch
10552.0,0.004354333340568802,Non-Switch
10553.0,0.004354334348279646,Non-Switch
10554.0,0.004354333340568802,Non-Switch
10555.0,0.004354333340568802,Non-Switch
10556.0,0.004354335020086877,Non-Switch
10557.0,0.004354335020086877,Non-Switch
10558.0,0.004354334012376031,Non-Switch
10559.0,0.004354333340568802,Non-Switch
1056.0,0.004370683449027292,Non-Switch
10560.0,0.004354333340568802,Non-Switch
10561.0,0.004354333340568802,Non-Switch
10562.0,0.004354333340568802,Non-Switch
10563.0,0.004354332668761571,Non-Switch
10564.0,0.004354332668761571,Non-Switch
10565.0,0.004354332668761571,Non-Switch
10566.0,0.004354332668761571,Non-Switch
10567.0,0.004354332668761571,Non-Switch
10568.0,0.004354332668761571,Non-Switch
10569.0,0.004354332668761571,Non-Switch
1057.0,0.004376531195060243,Non-Switch
10570.0,0.004354332668761571,Non-Switch
10571.0,0.004354332668761571,Non-Switch
10572.0,0.004354332668761571,Non-Switch
10573.0,0.004354332668761571,Non-Switch
10574.0,0.004354332668761571,Non-Switch
10575.0,0.004354332668761571,Non-Switch
10576.0,0.004354332668761571,Non-Switch
10577.0,0.004354332668761571,Non-Switch
10578.0,0.004354332668761571,Non-Switch
10579.0,0.004354332668761571,Non-Switch
1058.0,0.00436574734540536,Non-Switch
10580.0,0.004354333340568802,Non-Switch
10581.0,0.004354332668761571,Non-Switch
10582.0,0.004354332668761571,Non-Switch
10583.0,0.004354332668761571,Non-Switch
10584.0,0.004354332668761571,Non-Switch
10585.0,0.004354332668761571,Non-Switch
10586.0,0.004354332668761571,Non-Switch
10587.0,0.004354333340568802,Non-Switch
10588.0,0.004354333340568802,Non-Switch
10589.0,0.004354333340568802,Non-Switch
1059.0,0.004379901651932815,Non-Switch
10590.0,0.004354333340568802,Non-Switch
10591.0,0.004354332668761571,Non-Switch
10592.0,0.004354333340568802,Non-Switch
10593.0,0.004354333340568802,Non-Switch
10594.0,0.004354333340568802,Non-Switch
10595.0,0.004354332668761571,Non-Switch
10596.0,0.004354333340568802,Non-Switch
10597.0,0.004354333340568802,Non-Switch
10598.0,0.004354332668761571,Non-Switch
10599.0,0.004354332668761571,Non-Switch
106.0,0.004357102529970585,Non-Switch
1060.0,0.004392809084241516,Non-Switch
10600.0,0.004354332668761571,Non-Switch
10601.0,0.004354332668761571,Non-Switch
10602.0,0.004354332668761571,Non-Switch
10603.0,0.004354332668761571,Non-Switch
10604.0,0.004354332668761571,Non-Switch
10605.0,0.004354332668761571,Non-Switch
10606.0,0.004354332668761571,Non-Switch
10607.0,0.004354332668761571,Non-Switch
10608.0,0.004354332668761571,Non-Switch
10609.0,0.004354333340568802,Non-Switch
1061.0,0.0043972275603927835,Non-Switch
10610.0,0.004354332668761571,Non-Switch
10611.0,0.004354332668761571,Non-Switch
10612.0,0.004354332668761571,Non-Switch
10613.0,0.004354332668761571,Non-Switch
10614.0,0.004354332668761571,Non-Switch
10615.0,0.004354332668761571,Non-Switch
10616.0,0.004354332668761571,Non-Switch
10617.0,0.004354332668761571,Non-Switch
10618.0,0.004354332668761571,Non-Switch
10619.0,0.004354332668761571,Non-Switch
1062.0,0.004415199747407947,Non-Switch
10620.0,0.004354332668761571,Non-Switch
10621.0,0.004354332668761571,Non-Switch
10622.0,0.004354332668761571,Non-Switch
10623.0,0.004354332668761571,Non-Switch
10624.0,0.004354332668761571,Non-Switch
10625.0,0.004354332668761571,Non-Switch
10626.0,0.004354332668761571,Non-Switch
10627.0,0.004354332668761571,Non-Switch
10628.0,0.004354332668761571,Non-Switch
10629.0,0.004354332668761571,Non-Switch
1063.0,0.0043940139705084,Non-Switch
10630.0,0.004354332668761571,Non-Switch
10631.0,0.004354332668761571,Non-Switch
10632.0,0.004354332668761571,Non-Switch
10633.0,0.004354332668761571,Non-Switch
10634.0,0.004354332668761571,Non-Switch
10635.0,0.004354333340568802,Non-Switch
10636.0,0.004354333340568802,Non-Switch
10637.0,0.004354333340568802,Non-Switch
10638.0,0.004354333340568802,Non-Switch
10639.0,0.004354334348279646,Non-Switch
1064.0,0.004383739014830192,Non-Switch
10640.0,0.004354332668761571,Non-Switch
10641.0,0.004354334348279646,Non-Switch
10642.0,0.004354333340568802,Non-Switch
10643.0,0.004354333340568802,Non-Switch
10644.0,0.004354334348279646,Non-Switch
10645.0,0.004354334348279646,Non-Switch
10646.0,0.004354337371412181,Non-Switch
10647.0,0.004354334348279646,Non-Switch
10648.0,0.004354332668761571,Non-Switch
10649.0,0.004354332668761571,Non-Switch
1065.0,0.004394059989303651,Non-Switch
10650.0,0.004354332668761571,Non-Switch
10651.0,0.004354334348279646,Non-Switch
10652.0,0.004354332668761571,Non-Switch
10653.0,0.004354332668761571,Non-Switch
10654.0,0.004354335020086877,Non-Switch
10655.0,0.004354332668761571,Non-Switch
10656.0,0.004354332668761571,Non-Switch
10657.0,0.004354333340568802,Non-Switch
10658.0,0.004354332668761571,Non-Switch
10659.0,0.004354333340568802,Non-Switch
1066.0,0.004400243303047952,Non-Switch
10660.0,0.004354332668761571,Non-Switch
10661.0,0.004354333340568802,Non-Switch
10662.0,0.004354332668761571,Non-Switch
10663.0,0.004354332668761571,Non-Switch
10664.0,0.004354332668761571,Non-Switch
10665.0,0.004354333340568802,Non-Switch
10666.0,0.004354333340568802,Non-Switch
10667.0,0.004354332668761571,Non-Switch
10668.0,0.004354332668761571,Non-Switch
10669.0,0.004354332668761571,Non-Switch
1067.0,0.004440078112746821,Non-Switch
10670.0,0.004354332668761571,Non-Switch
10671.0,0.004354332668761571,Non-Switch
10672.0,0.004354333340568802,Non-Switch
10673.0,0.004354332668761571,Non-Switch
10674.0,0.004354333340568802,Non-Switch
10675.0,0.004354332668761571,Non-Switch
10676.0,0.004354332668761571,Non-Switch
10677.0,0.004354332668761571,Non-Switch
10678.0,0.004354332668761571,Non-Switch
10679.0,0.004354333340568802,Non-Switch
1068.0,0.004425091772965094,Non-Switch
10680.0,0.004354332668761571,Non-Switch
10681.0,0.004354332668761571,Non-Switch
10682.0,0.004354332668761571,Non-Switch
10683.0,0.004354332668761571,Non-Switch
10684.0,0.004354332668761571,Non-Switch
10685.0,0.004354333340568802,Non-Switch
10686.0,0.004354332668761571,Non-Switch
10687.0,0.004354332668761571,Non-Switch
10688.0,0.004354332668761571,Non-Switch
10689.0,0.004354332668761571,Non-Switch
1069.0,0.004546267322546156,Non-Switch
10690.0,0.004354332668761571,Non-Switch
10691.0,0.004354332668761571,Non-Switch
10692.0,0.004354332668761571,Non-Switch
10693.0,0.004354333340568802,Non-Switch
10694.0,0.004354332668761571,Non-Switch
10695.0,0.004354332668761571,Non-Switch
10696.0,0.004354332668761571,Non-Switch
10697.0,0.004354332668761571,Non-Switch
10698.0,0.004354332668761571,Non-Switch
10699.0,0.004354332668761571,Non-Switch
107.0,0.004357180795512872,Non-Switch
1070.0,0.004432060093457572,Non-Switch
10700.0,0.004354332668761571,Non-Switch
10701.0,0.004354332668761571,Non-Switch
10702.0,0.004354332668761571,Non-Switch
10703.0,0.004354332668761571,Non-Switch
10704.0,0.004354332668761571,Non-Switch
10705.0,0.004354332668761571,Non-Switch
10706.0,0.004354332668761571,Non-Switch
10707.0,0.004354332668761571,Non-Switch
10708.0,0.004354332668761571,Non-Switch
10709.0,0.004354333340568802,Non-Switch
1071.0,0.004539996673861963,Non-Switch
10710.0,0.004354332668761571,Non-Switch
10711.0,0.004354332668761571,Non-Switch
10712.0,0.004354332668761571,Non-Switch
10713.0,0.004354332668761571,Non-Switch
10714.0,0.004354332668761571,Non-Switch
10715.0,0.004354332668761571,Non-Switch
10716.0,0.004354332668761571,Non-Switch
10717.0,0.004354332668761571,Non-Switch
10718.0,0.004354332668761571,Non-Switch
10719.0,0.004354332668761571,Non-Switch
1072.0,0.004578770364041152,Non-Switch
10720.0,0.004354332668761571,Non-Switch
10721.0,0.004354332668761571,Non-Switch
10722.0,0.004354332668761571,Non-Switch
10723.0,0.004354332668761571,Non-Switch
10724.0,0.004354332668761571,Non-Switch
10725.0,0.004354332668761571,Non-Switch
10726.0,0.004354332668761571,Non-Switch
10727.0,0.004354332668761571,Non-Switch
10728.0,0.004354332668761571,Non-Switch
10729.0,0.004354332668761571,Non-Switch
1073.0,0.00442357987079413,Non-Switch
10730.0,0.004354332668761571,Non-Switch
10731.0,0.004354332668761571,Non-Switch
10732.0,0.004354332668761571,Non-Switch
10733.0,0.004354332668761571,Non-Switch
10734.0,0.004354332668761571,Non-Switch
10735.0,0.004354332668761571,Non-Switch
10736.0,0.004354332668761571,Non-Switch
10737.0,0.004354332668761571,Non-Switch
10738.0,0.004354332668761571,Non-Switch
10739.0,0.004354332668761571,Non-Switch
1074.0,0.00449695096150763,Non-Switch
10740.0,0.004354332668761571,Non-Switch
10741.0,0.004354332668761571,Non-Switch
10742.0,0.004354332668761571,Non-Switch
10743.0,0.004354332668761571,Non-Switch
10744.0,0.004354332668761571,Non-Switch
10745.0,0.004354332668761571,Non-Switch
10746.0,0.004354332668761571,Non-Switch
10747.0,0.004354332668761571,Non-Switch
10748.0,0.004354332668761571,Non-Switch
10749.0,0.004354332668761571,Non-Switch
1075.0,0.00442782602839092,Non-Switch
10750.0,0.004354332668761571,Non-Switch
10751.0,0.004354332668761571,Non-Switch
10752.0,0.004354332668761571,Non-Switch
10753.0,0.004354332668761571,Non-Switch
10754.0,0.004354332668761571,Non-Switch
10755.0,0.004354332668761571,Non-Switch
10756.0,0.004354332668761571,Non-Switch
10757.0,0.004354332668761571,Non-Switch
10758.0,0.004354332668761571,Non-Switch
10759.0,0.004354332668761571,Non-Switch
1076.0,0.004408066834144135,Non-Switch
10760.0,0.004354332668761571,Non-Switch
10761.0,0.004354332668761571,Non-Switch
10762.0,0.004354332668761571,Non-Switch
10763.0,0.004354332668761571,Non-Switch
10764.0,0.004354332668761571,Non-Switch
10765.0,0.004354332668761571,Non-Switch
10766.0,0.004354332668761571,Non-Switch
10767.0,0.004354332668761571,Non-Switch
10768.0,0.004354332668761571,Non-Switch
10769.0,0.004354332668761571,Non-Switch
1077.0,0.004408392324747038,Non-Switch
10770.0,0.004354332668761571,Non-Switch
10771.0,0.004354332668761571,Non-Switch
10772.0,0.004354332668761571,Non-Switch
10773.0,0.004354332668761571,Non-Switch
10774.0,0.004354332668761571,Non-Switch
10775.0,0.004354332668761571,Non-Switch
10776.0,0.004354332668761571,Non-Switch
10777.0,0.004354332668761571,Non-Switch
10778.0,0.004354332668761571,Non-Switch
10779.0,0.004354332668761571,Non-Switch
1078.0,0.00439656515846407,Non-Switch
10780.0,0.004354332668761571,Non-Switch
10781.0,0.004354332668761571,Non-Switch
10782.0,0.004354332668761571,Non-Switch
10783.0,0.004354332668761571,Non-Switch
10784.0,0.004354332668761571,Non-Switch
10785.0,0.004354332668761571,Non-Switch
10786.0,0.004354332668761571,Non-Switch
10787.0,0.004354333340568802,Non-Switch
10788.0,0.004354332668761571,Non-Switch
10789.0,0.004354332668761571,Non-Switch
1079.0,0.004403547251004762,Non-Switch
10790.0,0.004354332668761571,Non-Switch
10791.0,0.004354332668761571,Non-Switch
10792.0,0.004354332668761571,Non-Switch
10793.0,0.004354332668761571,Non-Switch
10794.0,0.004354332668761571,Non-Switch
10795.0,0.004354332668761571,Non-Switch
10796.0,0.004354332668761571,Non-Switch
10797.0,0.004354332668761571,Non-Switch
10798.0,0.004354333340568802,Non-Switch
10799.0,0.004354332668761571,Non-Switch
108.0,0.004357380658163777,Non-Switch
1080.0,0.004378972542533818,Non-Switch
10800.0,0.004354333340568802,Non-Switch
10801.0,0.004354332668761571,Non-Switch
10802.0,0.004354332668761571,Non-Switch
10803.0,0.004354332668761571,Non-Switch
10804.0,0.004354332668761571,Non-Switch
10805.0,0.004354332668761571,Non-Switch
10806.0,0.004354332668761571,Non-Switch
10807.0,0.004354332668761571,Non-Switch
10808.0,0.004354332668761571,Non-Switch
10809.0,0.004354332668761571,Non-Switch
1081.0,0.004385123609531084,Non-Switch
10810.0,0.004354333340568802,Non-Switch
10811.0,0.004354332668761571,Non-Switch
10812.0,0.004354333340568802,Non-Switch
10813.0,0.004354332668761571,Non-Switch
10814.0,0.004354334348279646,Non-Switch
10815.0,0.004354333340568802,Non-Switch
10816.0,0.004354334348279646,Non-Switch
10817.0,0.004354333340568802,Non-Switch
10818.0,0.004354333340568802,Non-Switch
10819.0,0.004354334348279646,Non-Switch
1082.0,0.0044532394881884345,Non-Switch
10820.0,0.004354333340568802,Non-Switch
10821.0,0.004354333340568802,Non-Switch
10822.0,0.004354333340568802,Non-Switch
10823.0,0.004354332668761571,Non-Switch
10824.0,0.004354332668761571,Non-Switch
10825.0,0.004354333340568802,Non-Switch
10826.0,0.004354332668761571,Non-Switch
10827.0,0.004354333340568802,Non-Switch
10828.0,0.004354333340568802,Non-Switch
10829.0,0.004354333340568802,Non-Switch
1083.0,0.00438135745820008,Non-Switch
10830.0,0.004354332668761571,Non-Switch
10831.0,0.004354332668761571,Non-Switch
10832.0,0.004354333340568802,Non-Switch
10833.0,0.004354333340568802,Non-Switch
10834.0,0.004354334348279646,Non-Switch
10835.0,0.004354332668761571,Non-Switch
10836.0,0.004354333340568802,Non-Switch
10837.0,0.004354332668761571,Non-Switch
10838.0,0.004354334348279646,Non-Switch
10839.0,0.004354334348279646,Non-Switch
1084.0,0.0043737969396344155,Non-Switch
10840.0,0.004354333340568802,Non-Switch
10841.0,0.004354332668761571,Non-Switch
10842.0,0.004354333340568802,Non-Switch
10843.0,0.004354333340568802,Non-Switch
10844.0,0.004354333340568802,Non-Switch
10845.0,0.004354332668761571,Non-Switch
10846.0,0.004354332668761571,Non-Switch
10847.0,0.004354332668761571,Non-Switch
10848.0,0.004354332668761571,Non-Switch
10849.0,0.004354332668761571,Non-Switch
1085.0,0.008153696133791298,Non-Switch
10850.0,0.004354332668761571,Non-Switch
10851.0,0.004354332668761571,Non-Switch
10852.0,0.004354332668761571,Non-Switch
10853.0,0.004354332668761571,Non-Switch
10854.0,0.004354332668761571,Non-Switch
10855.0,0.004354332668761571,Non-Switch
10856.0,0.004354332668761571,Non-Switch
10857.0,0.004354332668761571,Non-Switch
10858.0,0.004354332668761571,Non-Switch
10859.0,0.004354332668761571,Non-Switch
1086.0,0.006630099142568757,Non-Switch
10860.0,0.004354332668761571,Non-Switch
10861.0,0.004354332668761571,Non-Switch
10862.0,0.004354332668761571,Non-Switch
10863.0,0.004354332668761571,Non-Switch
10864.0,0.004354332668761571,Non-Switch
10865.0,0.004354332668761571,Non-Switch
10866.0,0.004354332668761571,Non-Switch
10867.0,0.004354332668761571,Non-Switch
10868.0,0.004354335691894106,Non-Switch
10869.0,0.004354332668761571,Non-Switch
1087.0,0.0045667863307699945,Non-Switch
10870.0,0.004354337371412181,Non-Switch
10871.0,0.004354332668761571,Non-Switch
10872.0,0.004354332668761571,Non-Switch
10873.0,0.004354332668761571,Non-Switch
10874.0,0.004354332668761571,Non-Switch
10875.0,0.004354332668761571,Non-Switch
10876.0,0.004354332668761571,Non-Switch
10877.0,0.004354332668761571,Non-Switch
10878.0,0.004354332668761571,Non-Switch
10879.0,0.004354332668761571,Non-Switch
1088.0,0.006654707441401196,Non-Switch
10880.0,0.004354332668761571,Non-Switch
10881.0,0.004354332668761571,Non-Switch
10882.0,0.004354332668761571,Non-Switch
10883.0,0.004354332668761571,Non-Switch
10884.0,0.004354332668761571,Non-Switch
10885.0,0.004354332668761571,Non-Switch
10886.0,0.004354332668761571,Non-Switch
10887.0,0.004354332668761571,Non-Switch
10888.0,0.004354332668761571,Non-Switch
10889.0,0.004354332668761571,Non-Switch
1089.0,0.008380004476302626,Non-Switch
10890.0,0.004354333340568802,Non-Switch
10891.0,0.004354332668761571,Non-Switch
10892.0,0.004354332668761571,Non-Switch
10893.0,0.004354333340568802,Non-Switch
10894.0,0.004354332668761571,Non-Switch
10895.0,0.004354335691894106,Non-Switch
10896.0,0.004354335691894106,Non-Switch
10897.0,0.004354332668761571,Non-Switch
10898.0,0.004354333340568802,Non-Switch
10899.0,0.004354333340568802,Non-Switch
109.0,0.00435784420515243,Non-Switch
1090.0,0.00818809199215663,Non-Switch
10900.0,0.004354334348279646,Non-Switch
10901.0,0.004354335691894106,Non-Switch
10902.0,0.004354335691894106,Non-Switch
10903.0,0.004354333340568802,Non-Switch
10904.0,0.004354334348279646,Non-Switch
10905.0,0.004354334348279646,Non-Switch
10906.0,0.004354335691894106,Non-Switch
10907.0,0.004354335691894106,Non-Switch
10908.0,0.004354334348279646,Non-Switch
10909.0,0.004354334348279646,Non-Switch
1091.0,0.004907867899961125,Non-Switch
10910.0,0.004354333340568802,Non-Switch
10911.0,0.004354333340568802,Non-Switch
10912.0,0.004354334348279646,Non-Switch
10913.0,0.004354333340568802,Non-Switch
10914.0,0.004354332668761571,Non-Switch
10915.0,0.004354332668761571,Non-Switch
10916.0,0.004354333340568802,Non-Switch
10917.0,0.004354333340568802,Non-Switch
10918.0,0.004354333340568802,Non-Switch
10919.0,0.004354332668761571,Non-Switch
1092.0,0.005273421727020634,Non-Switch
10920.0,0.004354332668761571,Non-Switch
10921.0,0.004354333340568802,Non-Switch
10922.0,0.004354332668761571,Non-Switch
10923.0,0.004354334348279646,Non-Switch
10924.0,0.004354333340568802,Non-Switch
10925.0,0.004354333340568802,Non-Switch
10926.0,0.004354332668761571,Non-Switch
10927.0,0.004354332668761571,Non-Switch
10928.0,0.004354333340568802,Non-Switch
10929.0,0.004354335691894106,Non-Switch
1093.0,0.004894884217531828,Non-Switch
10930.0,0.004354333340568802,Non-Switch
10931.0,0.004354334348279646,Non-Switch
10932.0,0.004354333340568802,Non-Switch
10933.0,0.004354336363701336,Non-Switch
10934.0,0.004354334348279646,Non-Switch
10935.0,0.004354333340568802,Non-Switch
10936.0,0.004354334348279646,Non-Switch
10937.0,0.004354333340568802,Non-Switch
10938.0,0.004354332668761571,Non-Switch
10939.0,0.004354333340568802,Non-Switch
1094.0,0.004668552025863837,Non-Switch
10940.0,0.004354333340568802,Non-Switch
10941.0,0.004354332668761571,Non-Switch
10942.0,0.004354332668761571,Non-Switch
10943.0,0.004354332668761571,Non-Switch
10944.0,0.004354332668761571,Non-Switch
10945.0,0.004354333340568802,Non-Switch
10946.0,0.004354332668761571,Non-Switch
10947.0,0.004354332668761571,Non-Switch
10948.0,0.004354332668761571,Non-Switch
10949.0,0.004354332668761571,Non-Switch
1095.0,0.004418181227894389,Non-Switch
10950.0,0.004354333340568802,Non-Switch
10951.0,0.004354332668761571,Non-Switch
10952.0,0.004354333340568802,Non-Switch
10953.0,0.004354332668761571,Non-Switch
10954.0,0.004354333340568802,Non-Switch
10955.0,0.004354332668761571,Non-Switch
10956.0,0.004354332668761571,Non-Switch
10957.0,0.004354332668761571,Non-Switch
10958.0,0.004354333340568802,Non-Switch
10959.0,0.004354332668761571,Non-Switch
1096.0,0.004940056871576128,Non-Switch
10960.0,0.004354332668761571,Non-Switch
10961.0,0.004354333340568802,Non-Switch
10962.0,0.004354332668761571,Non-Switch
10963.0,0.004354334348279646,Non-Switch
10964.0,0.004354332668761571,Non-Switch
10965.0,0.004354334348279646,Non-Switch
10966.0,0.004354332668761571,Non-Switch
10967.0,0.004354332668761571,Non-Switch
10968.0,0.004354333340568802,Non-Switch
10969.0,0.004354334348279646,Non-Switch
1097.0,0.004583015513927097,Non-Switch
10970.0,0.004354332668761571,Non-Switch
10971.0,0.004354337371412181,Non-Switch
10972.0,0.004354335020086877,Non-Switch
10973.0,0.004354332668761571,Non-Switch
10974.0,0.004354332668761571,Non-Switch
10975.0,0.004354332668761571,Non-Switch
10976.0,0.004354332668761571,Non-Switch
10977.0,0.004354333340568802,Non-Switch
10978.0,0.004354332668761571,Non-Switch
10979.0,0.004354332668761571,Non-Switch
1098.0,0.004364137023475212,Non-Switch
10980.0,0.004354332668761571,Non-Switch
10981.0,0.004354332668761571,Non-Switch
10982.0,0.004354335020086877,Non-Switch
10983.0,0.004354335020086877,Non-Switch
10984.0,0.004354332668761571,Non-Switch
10985.0,0.004354335691894106,Non-Switch
10986.0,0.004354332668761571,Non-Switch
10987.0,0.004354334348279646,Non-Switch
10988.0,0.004354332668761571,Non-Switch
10989.0,0.004354332668761571,Non-Switch
1099.0,0.004359843503468711,Non-Switch
10990.0,0.004354333340568802,Non-Switch
10991.0,0.004354334348279646,Non-Switch
10992.0,0.004354332668761571,Non-Switch
10993.0,0.004354333340568802,Non-Switch
10994.0,0.004354332668761571,Non-Switch
10995.0,0.004354332668761571,Non-Switch
10996.0,0.004354332668761571,Non-Switch
10997.0,0.004354332668761571,Non-Switch
10998.0,0.004354332668761571,Non-Switch
10999.0,0.004354333340568802,Non-Switch
11.0,0.004354571496231812,Non-Switch
110.0,0.004356271504427158,Non-Switch
1100.0,0.004359753817203515,Non-Switch
11000.0,0.004354332668761571,Non-Switch
11001.0,0.004354333340568802,Non-Switch
11002.0,0.004354333340568802,Non-Switch
11003.0,0.004354334348279646,Non-Switch
11004.0,0.004354333340568802,Non-Switch
11005.0,0.004354334348279646,Non-Switch
11006.0,0.004354332668761571,Non-Switch
11007.0,0.004354334348279646,Non-Switch
11008.0,0.004354334348279646,Non-Switch
11009.0,0.004354333340568802,Non-Switch
1101.0,0.004359275154552187,Non-Switch
11010.0,0.004354334348279646,Non-Switch
11011.0,0.004354334348279646,Non-Switch
11012.0,0.004354334348279646,Non-Switch
11013.0,0.004354334348279646,Non-Switch
11014.0,0.004354332668761571,Non-Switch
11015.0,0.004354332668761571,Non-Switch
11016.0,0.004354334348279646,Non-Switch
11017.0,0.004354333340568802,Non-Switch
11018.0,0.004354332668761571,Non-Switch
11019.0,0.004354333340568802,Non-Switch
1102.0,0.004355742792137201,Non-Switch
11020.0,0.004354333340568802,Non-Switch
11021.0,0.004354334348279646,Non-Switch
11022.0,0.004354333340568802,Non-Switch
11023.0,0.004354332668761571,Non-Switch
11024.0,0.004354332668761571,Non-Switch
11025.0,0.004354333340568802,Non-Switch
11026.0,0.004354333340568802,Non-Switch
11027.0,0.004354333340568802,Non-Switch
11028.0,0.004354332668761571,Non-Switch
11029.0,0.004354333340568802,Non-Switch
1103.0,0.004355059564184359,Non-Switch
11030.0,0.004354332668761571,Non-Switch
11031.0,0.004354332668761571,Non-Switch
11032.0,0.004354332668761571,Non-Switch
11033.0,0.004354332668761571,Non-Switch
11034.0,0.004354332668761571,Non-Switch
11035.0,0.004354332668761571,Non-Switch
11036.0,0.004354332668761571,Non-Switch
11037.0,0.004354334348279646,Non-Switch
11038.0,0.004354332668761571,Non-Switch
11039.0,0.004354334348279646,Non-Switch
1104.0,0.004354778412858632,Non-Switch
11040.0,0.004354333340568802,Non-Switch
11041.0,0.004354332668761571,Non-Switch
11042.0,0.004354332668761571,Non-Switch
11043.0,0.004354333340568802,Non-Switch
11044.0,0.004354332668761571,Non-Switch
11045.0,0.004354333340568802,Non-Switch
11046.0,0.004354333340568802,Non-Switch
11047.0,0.004354332668761571,Non-Switch
11048.0,0.004354334348279646,Non-Switch
11049.0,0.004354332668761571,Non-Switch
1105.0,0.004354628599846357,Non-Switch
11050.0,0.004354332668761571,Non-Switch
11051.0,0.004354332668761571,Non-Switch
11052.0,0.004354332668761571,Non-Switch
11053.0,0.004354332668761571,Non-Switch
11054.0,0.004354332668761571,Non-Switch
11055.0,0.004354332668761571,Non-Switch
11056.0,0.004354332668761571,Non-Switch
11057.0,0.004354332668761571,Non-Switch
11058.0,0.004354332668761571,Non-Switch
11059.0,0.004354332668761571,Non-Switch
1106.0,0.00435455436514745,Non-Switch
11060.0,0.004354332668761571,Non-Switch
11061.0,0.004354332668761571,Non-Switch
11062.0,0.004354332668761571,Non-Switch
11063.0,0.004354332668761571,Non-Switch
11064.0,0.004354332668761571,Non-Switch
11065.0,0.004354332668761571,Non-Switch
11066.0,0.004354333340568802,Non-Switch
11067.0,0.004354332668761571,Non-Switch
11068.0,0.004354332668761571,Non-Switch
11069.0,0.004354332668761571,Non-Switch
1107.0,0.0043544606480388735,Non-Switch
11070.0,0.004354332668761571,Non-Switch
11071.0,0.004354332668761571,Non-Switch
11072.0,0.004354332668761571,Non-Switch
11073.0,0.004354332668761571,Non-Switch
11074.0,0.004354332668761571,Non-Switch
11075.0,0.004354333340568802,Non-Switch
11076.0,0.004354332668761571,Non-Switch
11077.0,0.004354332668761571,Non-Switch
11078.0,0.004354333340568802,Non-Switch
11079.0,0.004354332668761571,Non-Switch
1108.0,0.0043544408297255905,Non-Switch
11080.0,0.004354333340568802,Non-Switch
11081.0,0.004354333340568802,Non-Switch
11082.0,0.004354333340568802,Non-Switch
11083.0,0.004354334348279646,Non-Switch
11084.0,0.004354333340568802,Non-Switch
11085.0,0.004354332668761571,Non-Switch
11086.0,0.004354332668761571,Non-Switch
11087.0,0.004354332668761571,Non-Switch
11088.0,0.004354333340568802,Non-Switch
11089.0,0.004354333340568802,Non-Switch
1109.0,0.004354399177677335,Non-Switch
11090.0,0.004354333340568802,Non-Switch
11091.0,0.004354332668761571,Non-Switch
11092.0,0.004354332668761571,Non-Switch
11093.0,0.004354332668761571,Non-Switch
11094.0,0.004354333340568802,Non-Switch
11095.0,0.004354332668761571,Non-Switch
11096.0,0.004354332668761571,Non-Switch
11097.0,0.004354332668761571,Non-Switch
11098.0,0.004354332668761571,Non-Switch
11099.0,0.004354332668761571,Non-Switch
111.0,0.004355707186354014,Non-Switch
1110.0,0.004354353830689314,Non-Switch
11100.0,0.004354332668761571,Non-Switch
11101.0,0.004354332668761571,Non-Switch
11102.0,0.004354332668761571,Non-Switch
11103.0,0.004354332668761571,Non-Switch
11104.0,0.004354332668761571,Non-Switch
11105.0,0.004354332668761571,Non-Switch
11106.0,0.004354332668761571,Non-Switch
11107.0,0.004354332668761571,Non-Switch
11108.0,0.004354332668761571,Non-Switch
11109.0,0.004354332668761571,Non-Switch
1111.0,0.00435435147936401,Non-Switch
11110.0,0.004354332668761571,Non-Switch
11111.0,0.004354332668761571,Non-Switch
11112.0,0.004354332668761571,Non-Switch
11113.0,0.004354332668761571,Non-Switch
11114.0,0.004354332668761571,Non-Switch
11115.0,0.004354332668761571,Non-Switch
11116.0,0.004354332668761571,Non-Switch
11117.0,0.004354332668761571,Non-Switch
11118.0,0.004354332668761571,Non-Switch
11119.0,0.004354332668761571,Non-Switch
1112.0,0.004354357189725464,Non-Switch
11120.0,0.004354333340568802,Non-Switch
11121.0,0.004354332668761571,Non-Switch
11122.0,0.004354332668761571,Non-Switch
11123.0,0.004354332668761571,Non-Switch
11124.0,0.004354332668761571,Non-Switch
11125.0,0.004354332668761571,Non-Switch
11126.0,0.004354333340568802,Non-Switch
11127.0,0.004354332668761571,Non-Switch
11128.0,0.004354332668761571,Non-Switch
11129.0,0.004354332668761571,Non-Switch
1113.0,0.004354342409966405,Non-Switch
11130.0,0.004354332668761571,Non-Switch
11131.0,0.004354332668761571,Non-Switch
11132.0,0.004354332668761571,Non-Switch
11133.0,0.004354332668761571,Non-Switch
11134.0,0.004354332668761571,Non-Switch
11135.0,0.004354332668761571,Non-Switch
11136.0,0.004354332668761571,Non-Switch
11137.0,0.004354332668761571,Non-Switch
11138.0,0.004354332668761571,Non-Switch
11139.0,0.004354332668761571,Non-Switch
1114.0,0.004354359205147154,Non-Switch
11140.0,0.004354332668761571,Non-Switch
11141.0,0.004354332668761571,Non-Switch
11142.0,0.004354332668761571,Non-Switch
11143.0,0.004354332668761571,Non-Switch
11144.0,0.004354332668761571,Non-Switch
11145.0,0.004354332668761571,Non-Switch
11146.0,0.004354332668761571,Non-Switch
11147.0,0.004354332668761571,Non-Switch
11148.0,0.004354332668761571,Non-Switch
11149.0,0.004354332668761571,Non-Switch
1115.0,0.004354339722737486,Non-Switch
11150.0,0.004354332668761571,Non-Switch
11151.0,0.004354333340568802,Non-Switch
11152.0,0.004354332668761571,Non-Switch
11153.0,0.004354332668761571,Non-Switch
11154.0,0.004354333340568802,Non-Switch
11155.0,0.004354332668761571,Non-Switch
11156.0,0.004354332668761571,Non-Switch
11157.0,0.004354332668761571,Non-Switch
11158.0,0.004354332668761571,Non-Switch
11159.0,0.004354332668761571,Non-Switch
1116.0,0.004354332668761571,Non-Switch
11160.0,0.004354332668761571,Non-Switch
11161.0,0.004354332668761571,Non-Switch
11162.0,0.004354332668761571,Non-Switch
11163.0,0.004354333340568802,Non-Switch
11164.0,0.004354332668761571,Non-Switch
11165.0,0.004354332668761571,Non-Switch
11166.0,0.004354336363701336,Non-Switch
11167.0,0.004354332668761571,Non-Switch
11168.0,0.004354332668761571,Non-Switch
11169.0,0.004354332668761571,Non-Switch
1117.0,0.004354332668761571,Non-Switch
11170.0,0.004354332668761571,Non-Switch
11171.0,0.004354332668761571,Non-Switch
11172.0,0.004354332668761571,Non-Switch
11173.0,0.004354333340568802,Non-Switch
11174.0,0.004354332668761571,Non-Switch
11175.0,0.004354332668761571,Non-Switch
11176.0,0.004354332668761571,Non-Switch
11177.0,0.004354332668761571,Non-Switch
11178.0,0.004354332668761571,Non-Switch
11179.0,0.004354333340568802,Non-Switch
1118.0,0.004354332668761571,Non-Switch
11180.0,0.004354333340568802,Non-Switch
11181.0,0.004354332668761571,Non-Switch
11182.0,0.004354332668761571,Non-Switch
11183.0,0.004354332668761571,Non-Switch
11184.0,0.004354332668761571,Non-Switch
11185.0,0.004354332668761571,Non-Switch
11186.0,0.004354332668761571,Non-Switch
11187.0,0.004354332668761571,Non-Switch
11188.0,0.004354332668761571,Non-Switch
11189.0,0.004354332668761571,Non-Switch
1119.0,0.004354332668761571,Non-Switch
11190.0,0.004354332668761571,Non-Switch
11191.0,0.004354333340568802,Non-Switch
11192.0,0.004354332668761571,Non-Switch
11193.0,0.004354332668761571,Non-Switch
11194.0,0.004354332668761571,Non-Switch
11195.0,0.004354332668761571,Non-Switch
11196.0,0.004354332668761571,Non-Switch
11197.0,0.004354332668761571,Non-Switch
11198.0,0.004354332668761571,Non-Switch
11199.0,0.004354332668761571,Non-Switch
112.0,0.004356699445632625,Non-Switch
1120.0,0.004354332668761571,Non-Switch
11200.0,0.004354332668761571,Non-Switch
11201.0,0.004354332668761571,Non-Switch
11202.0,0.004354332668761571,Non-Switch
11203.0,0.004354332668761571,Non-Switch
11204.0,0.004354332668761571,Non-Switch
11205.0,0.004354332668761571,Non-Switch
11206.0,0.004354332668761571,Non-Switch
11207.0,0.004354332668761571,Non-Switch
11208.0,0.004354332668761571,Non-Switch
11209.0,0.004354332668761571,Non-Switch
1121.0,0.004354332668761571,Non-Switch
11210.0,0.004354332668761571,Non-Switch
11211.0,0.004354332668761571,Non-Switch
11212.0,0.004354332668761571,Non-Switch
11213.0,0.004354332668761571,Non-Switch
11214.0,0.004354332668761571,Non-Switch
11215.0,0.004354332668761571,Non-Switch
11216.0,0.004354332668761571,Non-Switch
11217.0,0.004354332668761571,Non-Switch
11218.0,0.004354332668761571,Non-Switch
11219.0,0.004354332668761571,Non-Switch
1122.0,0.004354332668761571,Non-Switch
11220.0,0.004354332668761571,Non-Switch
11221.0,0.004354332668761571,Non-Switch
11222.0,0.004354332668761571,Non-Switch
11223.0,0.004354332668761571,Non-Switch
11224.0,0.004354332668761571,Non-Switch
11225.0,0.004354332668761571,Non-Switch
11226.0,0.004354332668761571,Non-Switch
11227.0,0.004354332668761571,Non-Switch
11228.0,0.004354332668761571,Non-Switch
11229.0,0.004354332668761571,Non-Switch
1123.0,0.004354332668761571,Non-Switch
11230.0,0.004354332668761571,Non-Switch
11231.0,0.004354332668761571,Non-Switch
11232.0,0.004354332668761571,Non-Switch
11233.0,0.004354332668761571,Non-Switch
11234.0,0.004354332668761571,Non-Switch
11235.0,0.004354332668761571,Non-Switch
11236.0,0.004354334348279646,Non-Switch
11237.0,0.004354332668761571,Non-Switch
11238.0,0.004354332668761571,Non-Switch
11239.0,0.004354332668761571,Non-Switch
1124.0,0.004354332668761571,Non-Switch
11240.0,0.004354332668761571,Non-Switch
11241.0,0.004354332668761571,Non-Switch
11242.0,0.004354332668761571,Non-Switch
11243.0,0.004354332668761571,Non-Switch
11244.0,0.004354332668761571,Non-Switch
11245.0,0.004354332668761571,Non-Switch
11246.0,0.004354332668761571,Non-Switch
11247.0,0.004354332668761571,Non-Switch
11248.0,0.004354332668761571,Non-Switch
11249.0,0.004354332668761571,Non-Switch
1125.0,0.004354332668761571,Non-Switch
11250.0,0.004354332668761571,Non-Switch
11251.0,0.004354332668761571,Non-Switch
11252.0,0.004354332668761571,Non-Switch
11253.0,0.004354332668761571,Non-Switch
11254.0,0.004354332668761571,Non-Switch
11255.0,0.004354332668761571,Non-Switch
11256.0,0.004354332668761571,Non-Switch
11257.0,0.004354332668761571,Non-Switch
11258.0,0.004354332668761571,Non-Switch
11259.0,0.004354332668761571,Non-Switch
1126.0,0.004354332668761571,Non-Switch
11260.0,0.004354332668761571,Non-Switch
11261.0,0.004354332668761571,Non-Switch
11262.0,0.004354332668761571,Non-Switch
11263.0,0.004354332668761571,Non-Switch
11264.0,0.004354332668761571,Non-Switch
11265.0,0.004354332668761571,Non-Switch
11266.0,0.004354332668761571,Non-Switch
11267.0,0.004354332668761571,Non-Switch
11268.0,0.004354332668761571,Non-Switch
11269.0,0.004354332668761571,Non-Switch
1127.0,0.004354332668761571,Non-Switch
11270.0,0.004354332668761571,Non-Switch
11271.0,0.004354332668761571,Non-Switch
11272.0,0.004354332668761571,Non-Switch
11273.0,0.004354332668761571,Non-Switch
11274.0,0.004354332668761571,Non-Switch
11275.0,0.004354332668761571,Non-Switch
11276.0,0.004354332668761571,Non-Switch
11277.0,0.004354332668761571,Non-Switch
11278.0,0.004354332668761571,Non-Switch
11279.0,0.004354332668761571,Non-Switch
1128.0,0.004354332668761571,Non-Switch
11280.0,0.004354332668761571,Non-Switch
11281.0,0.004354332668761571,Non-Switch
11282.0,0.004354332668761571,Non-Switch
11283.0,0.004354332668761571,Non-Switch
11284.0,0.004354332668761571,Non-Switch
11285.0,0.004354332668761571,Non-Switch
11286.0,0.004354332668761571,Non-Switch
11287.0,0.004354332668761571,Non-Switch
11288.0,0.004354332668761571,Non-Switch
11289.0,0.004354332668761571,Non-Switch
1129.0,0.004354332668761571,Non-Switch
11290.0,0.004354332668761571,Non-Switch
11291.0,0.004354332668761571,Non-Switch
11292.0,0.004354332668761571,Non-Switch
11293.0,0.004354332668761571,Non-Switch
11294.0,0.004354332668761571,Non-Switch
11295.0,0.004354332668761571,Non-Switch
11296.0,0.004354332668761571,Non-Switch
11297.0,0.004354332668761571,Non-Switch
11298.0,0.004354332668761571,Non-Switch
11299.0,0.004354332668761571,Non-Switch
113.0,0.00435554796804052,Non-Switch
1130.0,0.004354332668761571,Non-Switch
11300.0,0.004354332668761571,Non-Switch
11301.0,0.004354332668761571,Non-Switch
11302.0,0.004354332668761571,Non-Switch
11303.0,0.004354332668761571,Non-Switch
11304.0,0.004354332668761571,Non-Switch
11305.0,0.004354332668761571,Non-Switch
11306.0,0.004354332668761571,Non-Switch
11307.0,0.004354332668761571,Non-Switch
11308.0,0.004354332668761571,Non-Switch
11309.0,0.004354332668761571,Non-Switch
1131.0,0.004354332668761571,Non-Switch
11310.0,0.004354332668761571,Non-Switch
11311.0,0.004354332668761571,Non-Switch
11312.0,0.004354332668761571,Non-Switch
11313.0,0.004354332668761571,Non-Switch
11314.0,0.004354332668761571,Non-Switch
11315.0,0.004354332668761571,Non-Switch
11316.0,0.004354332668761571,Non-Switch
11317.0,0.004354332668761571,Non-Switch
11318.0,0.004354332668761571,Non-Switch
11319.0,0.004354332668761571,Non-Switch
1132.0,0.004354332668761571,Non-Switch
11320.0,0.004354332668761571,Non-Switch
11321.0,0.004354332668761571,Non-Switch
11322.0,0.004354332668761571,Non-Switch
11323.0,0.004354332668761571,Non-Switch
11324.0,0.004354332668761571,Non-Switch
11325.0,0.004354332668761571,Non-Switch
11326.0,0.004354332668761571,Non-Switch
11327.0,0.004354332668761571,Non-Switch
11328.0,0.004354332668761571,Non-Switch
11329.0,0.004354332668761571,Non-Switch
1133.0,0.004354332668761571,Non-Switch
11330.0,0.004354332668761571,Non-Switch
11331.0,0.004354332668761571,Non-Switch
11332.0,0.004354332668761571,Non-Switch
11333.0,0.004354332668761571,Non-Switch
11334.0,0.004354332668761571,Non-Switch
11335.0,0.004354332668761571,Non-Switch
11336.0,0.004354332668761571,Non-Switch
11337.0,0.004354332668761571,Non-Switch
11338.0,0.004354332668761571,Non-Switch
11339.0,0.004354332668761571,Non-Switch
1134.0,0.004354332668761571,Non-Switch
11340.0,0.004354332668761571,Non-Switch
11341.0,0.004354332668761571,Non-Switch
11342.0,0.004354332668761571,Non-Switch
11343.0,0.004354332668761571,Non-Switch
11344.0,0.004354332668761571,Non-Switch
11345.0,0.004354332668761571,Non-Switch
11346.0,0.004354332668761571,Non-Switch
11347.0,0.004354332668761571,Non-Switch
11348.0,0.004354332668761571,Non-Switch
11349.0,0.004354332668761571,Non-Switch
1135.0,0.004354332668761571,Non-Switch
11350.0,0.004354332668761571,Non-Switch
11351.0,0.004354332668761571,Non-Switch
11352.0,0.004354332668761571,Non-Switch
11353.0,0.004354332668761571,Non-Switch
11354.0,0.004354332668761571,Non-Switch
11355.0,0.004354332668761571,Non-Switch
11356.0,0.004354332668761571,Non-Switch
11357.0,0.004354332668761571,Non-Switch
11358.0,0.004354332668761571,Non-Switch
11359.0,0.004354332668761571,Non-Switch
1136.0,0.004354332668761571,Non-Switch
11360.0,0.004354332668761571,Non-Switch
11361.0,0.004354332668761571,Non-Switch
11362.0,0.004354332668761571,Non-Switch
11363.0,0.004354332668761571,Non-Switch
11364.0,0.004354332668761571,Non-Switch
11365.0,0.004354332668761571,Non-Switch
11366.0,0.004354332668761571,Non-Switch
11367.0,0.004354332668761571,Non-Switch
11368.0,0.004354332668761571,Non-Switch
11369.0,0.004354332668761571,Non-Switch
1137.0,0.004354332668761571,Non-Switch
11370.0,0.004354332668761571,Non-Switch
11371.0,0.004354332668761571,Non-Switch
11372.0,0.004354332668761571,Non-Switch
11373.0,0.004354332668761571,Non-Switch
11374.0,0.004354332668761571,Non-Switch
11375.0,0.004354332668761571,Non-Switch
11376.0,0.004354332668761571,Non-Switch
11377.0,0.004354332668761571,Non-Switch
11378.0,0.004354332668761571,Non-Switch
11379.0,0.004354332668761571,Non-Switch
1138.0,0.004354332668761571,Non-Switch
11380.0,0.004354332668761571,Non-Switch
11381.0,0.004354332668761571,Non-Switch
11382.0,0.004354332668761571,Non-Switch
11383.0,0.004354332668761571,Non-Switch
11384.0,0.004354332668761571,Non-Switch
11385.0,0.004354332668761571,Non-Switch
11386.0,0.004354332668761571,Non-Switch
11387.0,0.004354332668761571,Non-Switch
11388.0,0.004354332668761571,Non-Switch
11389.0,0.004354332668761571,Non-Switch
1139.0,0.004354332668761571,Non-Switch
11390.0,0.004354332668761571,Non-Switch
11391.0,0.004354332668761571,Non-Switch
11392.0,0.004354332668761571,Non-Switch
11393.0,0.004354332668761571,Non-Switch
11394.0,0.004354332668761571,Non-Switch
11395.0,0.004354332668761571,Non-Switch
11396.0,0.004354332668761571,Non-Switch
11397.0,0.004354332668761571,Non-Switch
11398.0,0.004354332668761571,Non-Switch
11399.0,0.004354332668761571,Non-Switch
114.0,0.004355278573341317,Non-Switch
1140.0,0.004354332668761571,Non-Switch
11400.0,0.004354332668761571,Non-Switch
11401.0,0.004354332668761571,Non-Switch
11402.0,0.004354332668761571,Non-Switch
11403.0,0.004354332668761571,Non-Switch
11404.0,0.004354332668761571,Non-Switch
11405.0,0.004354332668761571,Non-Switch
11406.0,0.004354332668761571,Non-Switch
11407.0,0.004354332668761571,Non-Switch
11408.0,0.004354332668761571,Non-Switch
11409.0,0.004354332668761571,Non-Switch
1141.0,0.004354332668761571,Non-Switch
11410.0,0.004354332668761571,Non-Switch
11411.0,0.004354332668761571,Non-Switch
11412.0,0.004354332668761571,Non-Switch
11413.0,0.004354332668761571,Non-Switch
11414.0,0.004354332668761571,Non-Switch
11415.0,0.004354332668761571,Non-Switch
11416.0,0.004354332668761571,Non-Switch
11417.0,0.004354332668761571,Non-Switch
11418.0,0.004354332668761571,Non-Switch
11419.0,0.004354332668761571,Non-Switch
1142.0,0.004354332668761571,Non-Switch
11420.0,0.004354332668761571,Non-Switch
11421.0,0.004354332668761571,Non-Switch
11422.0,0.004354332668761571,Non-Switch
11423.0,0.004354332668761571,Non-Switch
11424.0,0.004354332668761571,Non-Switch
11425.0,0.004354332668761571,Non-Switch
11426.0,0.004354332668761571,Non-Switch
11427.0,0.004354332668761571,Non-Switch
11428.0,0.004354332668761571,Non-Switch
11429.0,0.004354332668761571,Non-Switch
1143.0,0.004354332668761571,Non-Switch
11430.0,0.004354332668761571,Non-Switch
11431.0,0.004354332668761571,Non-Switch
11432.0,0.004354332668761571,Non-Switch
11433.0,0.004354332668761571,Non-Switch
11434.0,0.004354332668761571,Non-Switch
11435.0,0.004354332668761571,Non-Switch
11436.0,0.004354332668761571,Non-Switch
11437.0,0.004354332668761571,Non-Switch
11438.0,0.004354332668761571,Non-Switch
11439.0,0.004354332668761571,Non-Switch
1144.0,0.004354332668761571,Non-Switch
11440.0,0.004354332668761571,Non-Switch
11441.0,0.004354332668761571,Non-Switch
11442.0,0.004354332668761571,Non-Switch
11443.0,0.004354332668761571,Non-Switch
11444.0,0.004354332668761571,Non-Switch
11445.0,0.004354332668761571,Non-Switch
11446.0,0.004354332668761571,Non-Switch
11447.0,0.004354332668761571,Non-Switch
11448.0,0.004354333340568802,Non-Switch
11449.0,0.004354332668761571,Non-Switch
1145.0,0.004354332668761571,Non-Switch
11450.0,0.004354332668761571,Non-Switch
11451.0,0.004354332668761571,Non-Switch
11452.0,0.004354332668761571,Non-Switch
11453.0,0.004354332668761571,Non-Switch
11454.0,0.004354332668761571,Non-Switch
11455.0,0.004354332668761571,Non-Switch
11456.0,0.004354332668761571,Non-Switch
11457.0,0.004354332668761571,Non-Switch
11458.0,0.004354332668761571,Non-Switch
11459.0,0.004354332668761571,Non-Switch
1146.0,0.004354332668761571,Non-Switch
11460.0,0.004354332668761571,Non-Switch
11461.0,0.004354332668761571,Non-Switch
11462.0,0.004354332668761571,Non-Switch
11463.0,0.004354332668761571,Non-Switch
11464.0,0.004354332668761571,Non-Switch
11465.0,0.004354332668761571,Non-Switch
11466.0,0.004354332668761571,Non-Switch
11467.0,0.004354332668761571,Non-Switch
11468.0,0.004354332668761571,Non-Switch
11469.0,0.004354332668761571,Non-Switch
1147.0,0.004354332668761571,Non-Switch
11470.0,0.004354332668761571,Non-Switch
11471.0,0.004354332668761571,Non-Switch
11472.0,0.004354332668761571,Non-Switch
11473.0,0.004354332668761571,Non-Switch
11474.0,0.004354332668761571,Non-Switch
11475.0,0.004354332668761571,Non-Switch
11476.0,0.004354332668761571,Non-Switch
11477.0,0.004354332668761571,Non-Switch
11478.0,0.004354333340568802,Non-Switch
11479.0,0.004354333340568802,Non-Switch
1148.0,0.004354333340568802,Non-Switch
11480.0,0.004354333340568802,Non-Switch
11481.0,0.004354332668761571,Non-Switch
11482.0,0.004354332668761571,Non-Switch
11483.0,0.004354332668761571,Non-Switch
11484.0,0.004354332668761571,Non-Switch
11485.0,0.004354332668761571,Non-Switch
11486.0,0.004354332668761571,Non-Switch
11487.0,0.004354332668761571,Non-Switch
11488.0,0.004354332668761571,Non-Switch
11489.0,0.004354332668761571,Non-Switch
1149.0,0.004354332668761571,Non-Switch
11490.0,0.004354333340568802,Non-Switch
11491.0,0.004354332668761571,Non-Switch
11492.0,0.004354332668761571,Non-Switch
11493.0,0.004354332668761571,Non-Switch
11494.0,0.004354332668761571,Non-Switch
11495.0,0.004354333340568802,Non-Switch
11496.0,0.004354332668761571,Non-Switch
11497.0,0.004354332668761571,Non-Switch
11498.0,0.004354332668761571,Non-Switch
11499.0,0.004354332668761571,Non-Switch
115.0,0.0043567659545483885,Non-Switch
1150.0,0.004354332668761571,Non-Switch
11500.0,0.004354333340568802,Non-Switch
11501.0,0.004354332668761571,Non-Switch
11502.0,0.004354332668761571,Non-Switch
11503.0,0.004354332668761571,Non-Switch
11504.0,0.004354332668761571,Non-Switch
11505.0,0.004354332668761571,Non-Switch
11506.0,0.004354332668761571,Non-Switch
11507.0,0.004354332668761571,Non-Switch
11508.0,0.004354332668761571,Non-Switch
11509.0,0.004354333340568802,Non-Switch
1151.0,0.004354332668761571,Non-Switch
11510.0,0.004354333340568802,Non-Switch
11511.0,0.004354332668761571,Non-Switch
11512.0,0.004354332668761571,Non-Switch
11513.0,0.004354332668761571,Non-Switch
11514.0,0.004354332668761571,Non-Switch
11515.0,0.004354332668761571,Non-Switch
11516.0,0.004354332668761571,Non-Switch
11517.0,0.004354333340568802,Non-Switch
11518.0,0.004354334348279646,Non-Switch
11519.0,0.004354334348279646,Non-Switch
1152.0,0.004354332668761571,Non-Switch
11520.0,0.004354332668761571,Non-Switch
11521.0,0.004354335691894106,Non-Switch
11522.0,0.004354335691894106,Non-Switch
11523.0,0.004354334348279646,Non-Switch
11524.0,0.004354333340568802,Non-Switch
11525.0,0.004354333340568802,Non-Switch
11526.0,0.004354333340568802,Non-Switch
11527.0,0.004354333340568802,Non-Switch
11528.0,0.004354334348279646,Non-Switch
11529.0,0.004354334348279646,Non-Switch
1153.0,0.004354332668761571,Non-Switch
11530.0,0.004354333340568802,Non-Switch
11531.0,0.004354333340568802,Non-Switch
11532.0,0.004354334348279646,Non-Switch
11533.0,0.004354334348279646,Non-Switch
11534.0,0.004354333340568802,Non-Switch
11535.0,0.004354334348279646,Non-Switch
11536.0,0.004354333340568802,Non-Switch
11537.0,0.004354332668761571,Non-Switch
11538.0,0.004354332668761571,Non-Switch
11539.0,0.004354332668761571,Non-Switch
1154.0,0.004354332668761571,Non-Switch
11540.0,0.004354333340568802,Non-Switch
11541.0,0.004354333340568802,Non-Switch
11542.0,0.004354333340568802,Non-Switch
11543.0,0.004354333340568802,Non-Switch
11544.0,0.004354333340568802,Non-Switch
11545.0,0.004354332668761571,Non-Switch
11546.0,0.004354332668761571,Non-Switch
11547.0,0.004354332668761571,Non-Switch
11548.0,0.004354332668761571,Non-Switch
11549.0,0.004354332668761571,Non-Switch
1155.0,0.004354332668761571,Non-Switch
11550.0,0.004354333340568802,Non-Switch
11551.0,0.004354332668761571,Non-Switch
11552.0,0.004354333340568802,Non-Switch
11553.0,0.004354332668761571,Non-Switch
11554.0,0.004354332668761571,Non-Switch
11555.0,0.004354332668761571,Non-Switch
11556.0,0.004354332668761571,Non-Switch
11557.0,0.004354333340568802,Non-Switch
11558.0,0.004354332668761571,Non-Switch
11559.0,0.004354332668761571,Non-Switch
1156.0,0.004354332668761571,Non-Switch
11560.0,0.004354332668761571,Non-Switch
11561.0,0.004354333340568802,Non-Switch
11562.0,0.004354333340568802,Non-Switch
11563.0,0.004354332668761571,Non-Switch
11564.0,0.004354332668761571,Non-Switch
11565.0,0.004354332668761571,Non-Switch
11566.0,0.004354332668761571,Non-Switch
11567.0,0.004354332668761571,Non-Switch
11568.0,0.004354332668761571,Non-Switch
11569.0,0.004354332668761571,Non-Switch
1157.0,0.004354332668761571,Non-Switch
11570.0,0.004354332668761571,Non-Switch
11571.0,0.004354332668761571,Non-Switch
11572.0,0.004354332668761571,Non-Switch
11573.0,0.004354332668761571,Non-Switch
11574.0,0.004354332668761571,Non-Switch
11575.0,0.004354332668761571,Non-Switch
11576.0,0.004354332668761571,Non-Switch
11577.0,0.004354332668761571,Non-Switch
11578.0,0.004354332668761571,Non-Switch
11579.0,0.004354332668761571,Non-Switch
1158.0,0.004354333340568802,Non-Switch
11580.0,0.004354332668761571,Non-Switch
11581.0,0.004354332668761571,Non-Switch
11582.0,0.004354332668761571,Non-Switch
11583.0,0.004354332668761571,Non-Switch
11584.0,0.004354332668761571,Non-Switch
11585.0,0.004354332668761571,Non-Switch
11586.0,0.004354332668761571,Non-Switch
11587.0,0.004354332668761571,Non-Switch
11588.0,0.004354332668761571,Non-Switch
11589.0,0.004354332668761571,Non-Switch
1159.0,0.004354333340568802,Non-Switch
11590.0,0.004354332668761571,Non-Switch
11591.0,0.004354332668761571,Non-Switch
11592.0,0.004354332668761571,Non-Switch
11593.0,0.004354332668761571,Non-Switch
11594.0,0.004354332668761571,Non-Switch
11595.0,0.004354332668761571,Non-Switch
11596.0,0.004354332668761571,Non-Switch
11597.0,0.004354332668761571,Non-Switch
11598.0,0.004354332668761571,Non-Switch
11599.0,0.004354332668761571,Non-Switch
116.0,0.004356409224909294,Non-Switch
1160.0,0.004354332668761571,Non-Switch
11600.0,0.004354332668761571,Non-Switch
11601.0,0.004354332668761571,Non-Switch
11602.0,0.004354332668761571,Non-Switch
11603.0,0.004354332668761571,Non-Switch
11604.0,0.004354332668761571,Non-Switch
11605.0,0.004354332668761571,Non-Switch
11606.0,0.004354332668761571,Non-Switch
11607.0,0.004354332668761571,Non-Switch
11608.0,0.004354332668761571,Non-Switch
11609.0,0.004354332668761571,Non-Switch
1161.0,0.004354334348279646,Non-Switch
11610.0,0.004354332668761571,Non-Switch
11611.0,0.004354332668761571,Non-Switch
11612.0,0.004354332668761571,Non-Switch
11613.0,0.004354332668761571,Non-Switch
11614.0,0.004354332668761571,Non-Switch
11615.0,0.004354332668761571,Non-Switch
11616.0,0.004354332668761571,Non-Switch
11617.0,0.004354332668761571,Non-Switch
11618.0,0.004354332668761571,Non-Switch
11619.0,0.004354332668761571,Non-Switch
1162.0,0.004354332668761571,Non-Switch
11620.0,0.004354332668761571,Non-Switch
11621.0,0.004354332668761571,Non-Switch
11622.0,0.004354332668761571,Non-Switch
11623.0,0.004354332668761571,Non-Switch
11624.0,0.004354332668761571,Non-Switch
11625.0,0.004354332668761571,Non-Switch
11626.0,0.004354332668761571,Non-Switch
11627.0,0.004354332668761571,Non-Switch
11628.0,0.004354332668761571,Non-Switch
11629.0,0.004354332668761571,Non-Switch
1163.0,0.004354333340568802,Non-Switch
11630.0,0.004354332668761571,Non-Switch
11631.0,0.004354332668761571,Non-Switch
11632.0,0.004354332668761571,Non-Switch
11633.0,0.004354332668761571,Non-Switch
11634.0,0.004354332668761571,Non-Switch
11635.0,0.004354332668761571,Non-Switch
11636.0,0.004354332668761571,Non-Switch
11637.0,0.004354332668761571,Non-Switch
11638.0,0.004354332668761571,Non-Switch
11639.0,0.004354332668761571,Non-Switch
1164.0,0.004354334348279646,Non-Switch
11640.0,0.004354332668761571,Non-Switch
11641.0,0.004354332668761571,Non-Switch
11642.0,0.004354332668761571,Non-Switch
11643.0,0.004354332668761571,Non-Switch
11644.0,0.004354332668761571,Non-Switch
11645.0,0.004354332668761571,Non-Switch
11646.0,0.004354332668761571,Non-Switch
11647.0,0.004354332668761571,Non-Switch
11648.0,0.004354332668761571,Non-Switch
11649.0,0.004354332668761571,Non-Switch
1165.0,0.004354334348279646,Non-Switch
11650.0,0.004354332668761571,Non-Switch
11651.0,0.004354332668761571,Non-Switch
11652.0,0.004354333340568802,Non-Switch
11653.0,0.004354332668761571,Non-Switch
11654.0,0.004354333340568802,Non-Switch
11655.0,0.004354332668761571,Non-Switch
11656.0,0.004354334348279646,Non-Switch
11657.0,0.004354333340568802,Non-Switch
11658.0,0.004354332668761571,Non-Switch
11659.0,0.004354333340568802,Non-Switch
1166.0,0.004354334348279646,Non-Switch
11660.0,0.004354333340568802,Non-Switch
11661.0,0.004354333340568802,Non-Switch
11662.0,0.004354332668761571,Non-Switch
11663.0,0.004354333340568802,Non-Switch
11664.0,0.004354333340568802,Non-Switch
11665.0,0.004354332668761571,Non-Switch
11666.0,0.004354332668761571,Non-Switch
11667.0,0.004354332668761571,Non-Switch
11668.0,0.004354332668761571,Non-Switch
11669.0,0.004354332668761571,Non-Switch
1167.0,0.004354334348279646,Non-Switch
11670.0,0.004354332668761571,Non-Switch
11671.0,0.004354332668761571,Non-Switch
11672.0,0.004354333340568802,Non-Switch
11673.0,0.004354332668761571,Non-Switch
11674.0,0.004354333340568802,Non-Switch
11675.0,0.004354333340568802,Non-Switch
11676.0,0.004354333340568802,Non-Switch
11677.0,0.004354332668761571,Non-Switch
11678.0,0.004354333340568802,Non-Switch
11679.0,0.004354333340568802,Non-Switch
1168.0,0.004354332668761571,Non-Switch
11680.0,0.004354333340568802,Non-Switch
11681.0,0.004354333340568802,Non-Switch
11682.0,0.004354333340568802,Non-Switch
11683.0,0.004354337371412181,Non-Switch
11684.0,0.004354334348279646,Non-Switch
11685.0,0.004354334348279646,Non-Switch
11686.0,0.004354339050930256,Non-Switch
11687.0,0.004354335020086877,Non-Switch
11688.0,0.004354334348279646,Non-Switch
11689.0,0.004354334348279646,Non-Switch
1169.0,0.004354332668761571,Non-Switch
11690.0,0.004354334348279646,Non-Switch
11691.0,0.004354334348279646,Non-Switch
11692.0,0.004354333340568802,Non-Switch
11693.0,0.004354333340568802,Non-Switch
11694.0,0.004354333340568802,Non-Switch
11695.0,0.004354333340568802,Non-Switch
11696.0,0.004354335020086877,Non-Switch
11697.0,0.004354334348279646,Non-Switch
11698.0,0.004354334348279646,Non-Switch
11699.0,0.004354333340568802,Non-Switch
117.0,0.0043561445328607,Non-Switch
1170.0,0.004354333340568802,Non-Switch
11700.0,0.004354334348279646,Non-Switch
11701.0,0.004354334348279646,Non-Switch
11702.0,0.004354333340568802,Non-Switch
11703.0,0.004354333340568802,Non-Switch
11704.0,0.004354333340568802,Non-Switch
11705.0,0.004354332668761571,Non-Switch
11706.0,0.004354333340568802,Non-Switch
11707.0,0.004354333340568802,Non-Switch
11708.0,0.004354332668761571,Non-Switch
11709.0,0.004354332668761571,Non-Switch
1171.0,0.004354332668761571,Non-Switch
11710.0,0.004354333340568802,Non-Switch
11711.0,0.004354333340568802,Non-Switch
11712.0,0.004354332668761571,Non-Switch
11713.0,0.004354332668761571,Non-Switch
11714.0,0.004354332668761571,Non-Switch
11715.0,0.004354332668761571,Non-Switch
11716.0,0.004354332668761571,Non-Switch
11717.0,0.004354332668761571,Non-Switch
11718.0,0.004354332668761571,Non-Switch
11719.0,0.004354332668761571,Non-Switch
1172.0,0.004354333340568802,Non-Switch
11720.0,0.004354332668761571,Non-Switch
11721.0,0.004354332668761571,Non-Switch
11722.0,0.004354332668761571,Non-Switch
11723.0,0.004354332668761571,Non-Switch
11724.0,0.004354333340568802,Non-Switch
11725.0,0.004354333340568802,Non-Switch
11726.0,0.004354332668761571,Non-Switch
11727.0,0.004354332668761571,Non-Switch
11728.0,0.004354333340568802,Non-Switch
11729.0,0.004354332668761571,Non-Switch
1173.0,0.004354332668761571,Non-Switch
11730.0,0.004354332668761571,Non-Switch
11731.0,0.004354333340568802,Non-Switch
11732.0,0.004354332668761571,Non-Switch
11733.0,0.004354332668761571,Non-Switch
11734.0,0.004354332668761571,Non-Switch
11735.0,0.004354332668761571,Non-Switch
11736.0,0.004354332668761571,Non-Switch
11737.0,0.004354332668761571,Non-Switch
11738.0,0.004354332668761571,Non-Switch
11739.0,0.004354333340568802,Non-Switch
1174.0,0.004354332668761571,Non-Switch
11740.0,0.004354332668761571,Non-Switch
11741.0,0.004354332668761571,Non-Switch
11742.0,0.004354332668761571,Non-Switch
11743.0,0.004354332668761571,Non-Switch
11744.0,0.004354332668761571,Non-Switch
11745.0,0.004354332668761571,Non-Switch
11746.0,0.004354332668761571,Non-Switch
11747.0,0.004354332668761571,Non-Switch
11748.0,0.004354332668761571,Non-Switch
11749.0,0.004354332668761571,Non-Switch
1175.0,0.004354332668761571,Non-Switch
11750.0,0.004354332668761571,Non-Switch
11751.0,0.004354332668761571,Non-Switch
11752.0,0.004354332668761571,Non-Switch
11753.0,0.004354332668761571,Non-Switch
11754.0,0.004354332668761571,Non-Switch
11755.0,0.004354332668761571,Non-Switch
11756.0,0.004354332668761571,Non-Switch
11757.0,0.004354332668761571,Non-Switch
11758.0,0.004354332668761571,Non-Switch
11759.0,0.004354332668761571,Non-Switch
1176.0,0.004354332668761571,Non-Switch
11760.0,0.004354332668761571,Non-Switch
11761.0,0.004354332668761571,Non-Switch
11762.0,0.004354332668761571,Non-Switch
11763.0,0.004354332668761571,Non-Switch
11764.0,0.004354332668761571,Non-Switch
11765.0,0.004354332668761571,Non-Switch
11766.0,0.004354332668761571,Non-Switch
11767.0,0.004354332668761571,Non-Switch
11768.0,0.004354332668761571,Non-Switch
11769.0,0.004354332668761571,Non-Switch
1177.0,0.004354332668761571,Non-Switch
11770.0,0.004354332668761571,Non-Switch
11771.0,0.004354332668761571,Non-Switch
11772.0,0.004354332668761571,Non-Switch
11773.0,0.004354332668761571,Non-Switch
11774.0,0.004354332668761571,Non-Switch
11775.0,0.004354333340568802,Non-Switch
11776.0,0.004354332668761571,Non-Switch
11777.0,0.004354332668761571,Non-Switch
11778.0,0.004354332668761571,Non-Switch
11779.0,0.004354332668761571,Non-Switch
1178.0,0.004354332668761571,Non-Switch
11780.0,0.004354332668761571,Non-Switch
11781.0,0.004354332668761571,Non-Switch
11782.0,0.004354332668761571,Non-Switch
11783.0,0.004354333340568802,Non-Switch
11784.0,0.004354332668761571,Non-Switch
11785.0,0.004354333340568802,Non-Switch
11786.0,0.004354332668761571,Non-Switch
11787.0,0.004354332668761571,Non-Switch
11788.0,0.004354332668761571,Non-Switch
11789.0,0.004354333340568802,Non-Switch
1179.0,0.004354332668761571,Non-Switch
11790.0,0.004354334348279646,Non-Switch
11791.0,0.004354332668761571,Non-Switch
11792.0,0.004354332668761571,Non-Switch
11793.0,0.004354332668761571,Non-Switch
11794.0,0.004354334348279646,Non-Switch
11795.0,0.004354335020086877,Non-Switch
11796.0,0.004354335691894106,Non-Switch
11797.0,0.004354335691894106,Non-Switch
11798.0,0.004354336363701336,Non-Switch
11799.0,0.004354340730448331,Non-Switch
118.0,0.004368469172397434,Non-Switch
1180.0,0.004354332668761571,Non-Switch
11800.0,0.004354332668761571,Non-Switch
11801.0,0.004354337371412181,Non-Switch
11802.0,0.004354334348279646,Non-Switch
11803.0,0.004354334348279646,Non-Switch
11804.0,0.004354334348279646,Non-Switch
11805.0,0.004354334348279646,Non-Switch
11806.0,0.004354333340568802,Non-Switch
11807.0,0.004354332668761571,Non-Switch
11808.0,0.004354333340568802,Non-Switch
11809.0,0.004354332668761571,Non-Switch
1181.0,0.004354332668761571,Non-Switch
11810.0,0.004354333340568802,Non-Switch
11811.0,0.004354332668761571,Non-Switch
11812.0,0.004354333340568802,Non-Switch
11813.0,0.004354333340568802,Non-Switch
11814.0,0.004354332668761571,Non-Switch
11815.0,0.004354333340568802,Non-Switch
11816.0,0.004354334348279646,Non-Switch
11817.0,0.004354332668761571,Non-Switch
11818.0,0.004354337371412181,Non-Switch
11819.0,0.004354335020086877,Non-Switch
1182.0,0.004354332668761571,Non-Switch
11820.0,0.004354335691894106,Non-Switch
11821.0,0.004354334348279646,Non-Switch
11822.0,0.004354335691894106,Non-Switch
11823.0,0.004354334348279646,Non-Switch
11824.0,0.004354333340568802,Non-Switch
11825.0,0.004354333340568802,Non-Switch
11826.0,0.004354335691894106,Non-Switch
11827.0,0.004354333340568802,Non-Switch
11828.0,0.004354333340568802,Non-Switch
11829.0,0.004354333340568802,Non-Switch
1183.0,0.004354332668761571,Non-Switch
11830.0,0.004354334348279646,Non-Switch
11831.0,0.004354334348279646,Non-Switch
11832.0,0.004354333340568802,Non-Switch
11833.0,0.004354334348279646,Non-Switch
11834.0,0.004354332668761571,Non-Switch
11835.0,0.004354335020086877,Non-Switch
11836.0,0.004354332668761571,Non-Switch
11837.0,0.004354332668761571,Non-Switch
11838.0,0.004354332668761571,Non-Switch
11839.0,0.004354332668761571,Non-Switch
1184.0,0.004354332668761571,Non-Switch
11840.0,0.004354332668761571,Non-Switch
11841.0,0.004354332668761571,Non-Switch
11842.0,0.004354332668761571,Non-Switch
11843.0,0.004354332668761571,Non-Switch
11844.0,0.004354332668761571,Non-Switch
11845.0,0.004354332668761571,Non-Switch
11846.0,0.004354332668761571,Non-Switch
11847.0,0.004354332668761571,Non-Switch
11848.0,0.004354332668761571,Non-Switch
11849.0,0.004354332668761571,Non-Switch
1185.0,0.004354332668761571,Non-Switch
11850.0,0.004354332668761571,Non-Switch
11851.0,0.004354332668761571,Non-Switch
11852.0,0.004354332668761571,Non-Switch
11853.0,0.004354332668761571,Non-Switch
11854.0,0.004354332668761571,Non-Switch
11855.0,0.004354332668761571,Non-Switch
11856.0,0.004354332668761571,Non-Switch
11857.0,0.004354332668761571,Non-Switch
11858.0,0.004354332668761571,Non-Switch
11859.0,0.004354332668761571,Non-Switch
1186.0,0.004354332668761571,Non-Switch
11860.0,0.004354332668761571,Non-Switch
11861.0,0.004354332668761571,Non-Switch
11862.0,0.004354332668761571,Non-Switch
11863.0,0.004354332668761571,Non-Switch
11864.0,0.004354332668761571,Non-Switch
11865.0,0.004354332668761571,Non-Switch
11866.0,0.004354332668761571,Non-Switch
11867.0,0.004354332668761571,Non-Switch
11868.0,0.004354332668761571,Non-Switch
11869.0,0.004354332668761571,Non-Switch
1187.0,0.004354332668761571,Non-Switch
11870.0,0.004354332668761571,Non-Switch
11871.0,0.004354332668761571,Non-Switch
11872.0,0.004354332668761571,Non-Switch
11873.0,0.004354332668761571,Non-Switch
11874.0,0.004354332668761571,Non-Switch
11875.0,0.004354334348279646,Non-Switch
11876.0,0.004354332668761571,Non-Switch
11877.0,0.004354332668761571,Non-Switch
11878.0,0.004354335691894106,Non-Switch
11879.0,0.004354333340568802,Non-Switch
1188.0,0.004354332668761571,Non-Switch
11880.0,0.004354334348279646,Non-Switch
11881.0,0.004354335691894106,Non-Switch
11882.0,0.004354333340568802,Non-Switch
11883.0,0.004354333340568802,Non-Switch
11884.0,0.004354334348279646,Non-Switch
11885.0,0.004354335691894106,Non-Switch
11886.0,0.004354335691894106,Non-Switch
11887.0,0.004354338043219411,Non-Switch
11888.0,0.004354334348279646,Non-Switch
11889.0,0.004354334348279646,Non-Switch
1189.0,0.004354332668761571,Non-Switch
11890.0,0.004354333340568802,Non-Switch
11891.0,0.004354334348279646,Non-Switch
11892.0,0.004354338043219411,Non-Switch
11893.0,0.004354334348279646,Non-Switch
11894.0,0.004354334348279646,Non-Switch
11895.0,0.004354334348279646,Non-Switch
11896.0,0.004354334348279646,Non-Switch
11897.0,0.004354334348279646,Non-Switch
11898.0,0.004354333340568802,Non-Switch
11899.0,0.004354333340568802,Non-Switch
119.0,0.004365033214319942,Non-Switch
1190.0,0.004354334348279646,Non-Switch
11900.0,0.004354333340568802,Non-Switch
11901.0,0.004354333340568802,Non-Switch
11902.0,0.004354333340568802,Non-Switch
11903.0,0.004354333340568802,Non-Switch
11904.0,0.004354333340568802,Non-Switch
11905.0,0.004354332668761571,Non-Switch
11906.0,0.004354333340568802,Non-Switch
11907.0,0.004354332668761571,Non-Switch
11908.0,0.004354332668761571,Non-Switch
11909.0,0.004354332668761571,Non-Switch
1191.0,0.004354334348279646,Non-Switch
11910.0,0.004354332668761571,Non-Switch
11911.0,0.004354333340568802,Non-Switch
11912.0,0.004354332668761571,Non-Switch
11913.0,0.004354332668761571,Non-Switch
11914.0,0.004354332668761571,Non-Switch
11915.0,0.004354332668761571,Non-Switch
11916.0,0.004354332668761571,Non-Switch
11917.0,0.004354332668761571,Non-Switch
11918.0,0.004354332668761571,Non-Switch
11919.0,0.004354332668761571,Non-Switch
1192.0,0.004354334348279646,Non-Switch
11920.0,0.004354332668761571,Non-Switch
11921.0,0.004354332668761571,Non-Switch
11922.0,0.004354332668761571,Non-Switch
11923.0,0.004354332668761571,Non-Switch
11924.0,0.004354332668761571,Non-Switch
11925.0,0.004354332668761571,Non-Switch
11926.0,0.004354332668761571,Non-Switch
11927.0,0.004354332668761571,Non-Switch
11928.0,0.004354332668761571,Non-Switch
11929.0,0.004354332668761571,Non-Switch
1193.0,0.004354338043219411,Non-Switch
11930.0,0.004354332668761571,Non-Switch
11931.0,0.004354332668761571,Non-Switch
11932.0,0.004354332668761571,Non-Switch
11933.0,0.004354332668761571,Non-Switch
11934.0,0.004354332668761571,Non-Switch
11935.0,0.004354332668761571,Non-Switch
11936.0,0.004354332668761571,Non-Switch
11937.0,0.004354332668761571,Non-Switch
11938.0,0.004354332668761571,Non-Switch
11939.0,0.004354332668761571,Non-Switch
1194.0,0.004354338043219411,Non-Switch
11940.0,0.004354332668761571,Non-Switch
11941.0,0.004354332668761571,Non-Switch
11942.0,0.004354332668761571,Non-Switch
11943.0,0.004354332668761571,Non-Switch
11944.0,0.004354332668761571,Non-Switch
11945.0,0.004354332668761571,Non-Switch
11946.0,0.004354332668761571,Non-Switch
11947.0,0.004354332668761571,Non-Switch
11948.0,0.004354332668761571,Non-Switch
11949.0,0.004354332668761571,Non-Switch
1195.0,0.004354334348279646,Non-Switch
11950.0,0.004354332668761571,Non-Switch
11951.0,0.004354335691894106,Non-Switch
11952.0,0.004354335691894106,Non-Switch
11953.0,0.004354343081773636,Non-Switch
11954.0,0.004354347784424245,Non-Switch
11955.0,0.0043543534947856994,Non-Switch
11956.0,0.004354369618159218,Non-Switch
11957.0,0.004354376672135132,Non-Switch
11958.0,0.004354363907797763,Non-Switch
11959.0,0.004354384397918277,Non-Switch
1196.0,0.004354334348279646,Non-Switch
11960.0,0.0043543534947856994,Non-Switch
11961.0,0.004354368610448373,Non-Switch
11962.0,0.0043543615564724586,Non-Switch
11963.0,0.004354381038882127,Non-Switch
11964.0,0.004354390780086961,Non-Switch
11965.0,0.004354377679845977,Non-Switch
11966.0,0.004354392459605036,Non-Switch
11967.0,0.004354352151171239,Non-Switch
11968.0,0.0043543501357495495,Non-Switch
11969.0,0.004354363907797763,Non-Switch
1197.0,0.004354335020086877,Non-Switch
11970.0,0.004354349128038705,Non-Switch
11971.0,0.0043543501357495495,Non-Switch
11972.0,0.0043543534947856994,Non-Switch
11973.0,0.0043543914518941905,Non-Switch
11974.0,0.004354413957436394,Non-Switch
11975.0,0.004354349128038705,Non-Switch
11976.0,0.004354376672135132,Non-Switch
11977.0,0.004354369618159218,Non-Switch
11978.0,0.004354343753580865,Non-Switch
11979.0,0.004354352151171239,Non-Switch
1198.0,0.004354334348279646,Non-Switch
11980.0,0.004354343081773636,Non-Switch
11981.0,0.004354344425388095,Non-Switch
11982.0,0.004354371297677293,Non-Switch
11983.0,0.004354405223942404,Non-Switch
11984.0,0.0043543632359905335,Non-Switch
11985.0,0.004354371969484522,Non-Switch
11986.0,0.004354368610448373,Non-Switch
11987.0,0.004354365587315838,Non-Switch
11988.0,0.004354352151171239,Non-Switch
11989.0,0.004354366930930298,Non-Switch
1199.0,0.004354335691894106,Non-Switch
11990.0,0.0043543484562314745,Non-Switch
11991.0,0.004354389100568886,Non-Switch
11992.0,0.00435434543309894,Non-Switch
11993.0,0.0043543501357495495,Non-Switch
11994.0,0.0043543649155086085,Non-Switch
11995.0,0.004354343081773636,Non-Switch
11996.0,0.004354352151171239,Non-Switch
11997.0,0.004354352151171239,Non-Switch
11998.0,0.004354354166592929,Non-Switch
11999.0,0.004354351143460395,Non-Switch
12.0,0.004354587283701716,Non-Switch
120.0,0.004363595546847886,Non-Switch
1200.0,0.004354335020086877,Non-Switch
12000.0,0.00435434543309894,Non-Switch
12001.0,0.004354374320809828,Non-Switch
12002.0,0.004354358533339924,Non-Switch
12003.0,0.004354377679845977,Non-Switch
12004.0,0.004354378351653207,Non-Switch
12005.0,0.0043544243704484575,Non-Switch
12006.0,0.004354438142496671,Non-Switch
12007.0,0.004354469717436478,Non-Switch
12008.0,0.004354555372858294,Non-Switch
12009.0,0.004354724332376623,Non-Switch
1201.0,0.004354342409966405,Non-Switch
12010.0,0.004354808980087594,Non-Switch
12011.0,0.0043548204008105025,Non-Switch
12012.0,0.004354728363220002,Non-Switch
12013.0,0.004354722316954933,Non-Switch
12014.0,0.004354821744424963,Non-Switch
12015.0,0.004354743478882675,Non-Switch
12016.0,0.004354774046111638,Non-Switch
12017.0,0.0043551206986422826,Non-Switch
12018.0,0.0043551223781603575,Non-Switch
12019.0,0.004355051838401214,Non-Switch
1202.0,0.004354340394544715,Non-Switch
12020.0,0.004355438463462041,Non-Switch
12021.0,0.004355474741052457,Non-Switch
12022.0,0.00435514421189533,Non-Switch
12023.0,0.004355847258161455,Non-Switch
12024.0,0.0043569245010546525,Non-Switch
12025.0,0.0043581868268396965,Non-Switch
12026.0,0.00435664906009038,Non-Switch
12027.0,0.00435555065526944,Non-Switch
12028.0,0.004356963465873989,Non-Switch
12029.0,0.0043557972085228255,Non-Switch
1203.0,0.004354340730448331,Non-Switch
12030.0,0.004356910057199209,Non-Switch
12031.0,0.004357001758886095,Non-Switch
12032.0,0.004365145070223726,Non-Switch
12033.0,0.004358806904912924,Non-Switch
12034.0,0.004358230158406027,Non-Switch
12035.0,0.004365384569501197,Non-Switch
12036.0,0.004362567681786088,Non-Switch
12037.0,0.004363319434076383,Non-Switch
12038.0,0.004364062452872689,Non-Switch
12039.0,0.004363286179618502,Non-Switch
1204.0,0.004354339050930256,Non-Switch
12040.0,0.004359039350214481,Non-Switch
12041.0,0.004359315462985984,Non-Switch
12042.0,0.004362399729978605,Non-Switch
12043.0,0.004366095341550465,Non-Switch
12044.0,0.004366240451912131,Non-Switch
12045.0,0.004362419212388273,Non-Switch
12046.0,0.004360419242264763,Non-Switch
12047.0,0.0043603487025056205,Non-Switch
12048.0,0.004359705782986574,Non-Switch
12049.0,0.004361989927568346,Non-Switch
1205.0,0.0043543484562314745,Non-Switch
12050.0,0.0043600003704569,Non-Switch
12051.0,0.004364181362752387,Non-Switch
12052.0,0.004360285552626007,Non-Switch
12053.0,0.004360910333349844,Non-Switch
12054.0,0.004357938929971851,Non-Switch
12055.0,0.004357806919851169,Non-Switch
12056.0,0.0043609775140728375,Non-Switch
12057.0,0.004357924822020022,Non-Switch
12058.0,0.0043577478008149356,Non-Switch
12059.0,0.004357676589248563,Non-Switch
1206.0,0.0043543467767134005,Non-Switch
12060.0,0.004357477734308502,Non-Switch
12061.0,0.004357126715030862,Non-Switch
12062.0,0.004356855304909969,Non-Switch
12063.0,0.004357139479368231,Non-Switch
12064.0,0.004358353099129105,Non-Switch
12065.0,0.004363871659619388,Non-Switch
12066.0,0.004365756414802965,Non-Switch
12067.0,0.004363314059618544,Non-Switch
12068.0,0.004359978200818312,Non-Switch
12069.0,0.004357336318886601,Non-Switch
1207.0,0.0043543417381591756,Non-Switch
12070.0,0.004356124378643802,Non-Switch
12071.0,0.004355526470209163,Non-Switch
12072.0,0.004355603056233374,Non-Switch
12073.0,0.00435569207069134,Non-Switch
12074.0,0.0043561868567161864,Non-Switch
12075.0,0.0043558650610530485,Non-Switch
12076.0,0.004356262435029554,Non-Switch
12077.0,0.0043568485868376704,Non-Switch
12078.0,0.004361023532868088,Non-Switch
12079.0,0.0043666411849247865,Non-Switch
1208.0,0.004354338715026641,Non-Switch
12080.0,0.004357639975754531,Non-Switch
12081.0,0.004359140457202586,Non-Switch
12082.0,0.0043597219063600924,Non-Switch
12083.0,0.004357308438886559,Non-Switch
12084.0,0.004376341073614172,Non-Switch
12085.0,0.00435804373189972,Non-Switch
12086.0,0.00435745724418799,Non-Switch
12087.0,0.004360104836481154,Non-Switch
12088.0,0.0044426477754013136,Non-Switch
12089.0,0.004360624815277122,Non-Switch
1209.0,0.004354343753580865,Non-Switch
12090.0,0.004379360511209105,Non-Switch
12091.0,0.004364790356006321,Non-Switch
12092.0,0.0046377728417208485,Non-Switch
12093.0,0.004602321238293678,Non-Switch
12094.0,0.004431711425505237,Non-Switch
12095.0,0.004462561149407368,Non-Switch
12096.0,0.004513482793821818,Non-Switch
12097.0,0.004505144658387507,Non-Switch
12098.0,0.0045118486227350065,Non-Switch
12099.0,0.004391130237973913,Non-Switch
121.0,0.004372172509752438,Non-Switch
1210.0,0.004354343753580865,Non-Switch
12100.0,0.004581435423322296,Non-Switch
12101.0,0.004828852284901729,Non-Switch
12102.0,0.004518521012142699,Non-Switch
12103.0,0.004768197833243627,Non-Switch
12104.0,0.004714523794608142,Non-Switch
12105.0,0.004593078850327876,Non-Switch
12106.0,0.004534996076745957,Non-Switch
12107.0,0.004546412432907821,Non-Switch
12108.0,0.004473810225568978,Non-Switch
12109.0,0.004424937929109439,Non-Switch
1211.0,0.00435434610490617,Non-Switch
12110.0,0.004420957807175702,Non-Switch
12111.0,0.004415574951745865,Non-Switch
12112.0,0.004425670198990065,Non-Switch
12113.0,0.004407158886672881,Non-Switch
12114.0,0.004397008551235826,Non-Switch
12115.0,0.004519207935035306,Non-Switch
12116.0,0.004571454383307183,Non-Switch
12117.0,0.004657255251388902,Non-Switch
12118.0,0.004691393135777939,Non-Switch
12119.0,0.004548340519657729,Non-Switch
1212.0,0.004354343081773636,Non-Switch
12120.0,0.004558054852202557,Non-Switch
12121.0,0.004507118763932664,Non-Switch
12122.0,0.004559828423289581,Non-Switch
12123.0,0.004444549325765638,Non-Switch
12124.0,0.004454528014455446,Non-Switch
12125.0,0.004415293800420138,Non-Switch
12126.0,0.0044935438911410264,Non-Switch
12127.0,0.00438976243845377,Non-Switch
12128.0,0.004406143450044838,Non-Switch
12129.0,0.004382112905430139,Non-Switch
1213.0,0.004354338715026641,Non-Switch
12130.0,0.0043769423410849615,Non-Switch
12131.0,0.004377570480844949,Non-Switch
12132.0,0.004375566815781674,Non-Switch
12133.0,0.004367875294806173,Non-Switch
12134.0,0.0043816423044655715,Non-Switch
12135.0,0.0043664863333582864,Non-Switch
12136.0,0.004370025413845573,Non-Switch
12137.0,0.004373776113610288,Non-Switch
12138.0,0.004382127013381968,Non-Switch
12139.0,0.00443903244479343,Non-Switch
1214.0,0.0043543417381591756,Non-Switch
12140.0,0.004375310521323454,Non-Switch
12141.0,0.004432056062614193,Non-Switch
12142.0,0.004383729609528973,Non-Switch
12143.0,0.004458617305064048,Non-Switch
12144.0,0.0043955178109926045,Non-Switch
12145.0,0.004374794573370866,Non-Switch
12146.0,0.004390885364238603,Non-Switch
12147.0,0.004379589261570897,Non-Switch
12148.0,0.004380598651933871,Non-Switch
12149.0,0.004405452160405237,Non-Switch
1215.0,0.004354337371412181,Non-Switch
12150.0,0.004399334347865853,Non-Switch
12151.0,0.004388108449053675,Non-Switch
12152.0,0.0043893391998989124,Non-Switch
12153.0,0.0043843422977226714,Non-Switch
12154.0,0.00438485421483188,Non-Switch
12155.0,0.0043688692336028585,Non-Switch
12156.0,0.004372546706379511,Non-Switch
12157.0,0.004364517938174583,Non-Switch
12158.0,0.004366528321310158,Non-Switch
12159.0,0.004373120093850259,Non-Switch
1216.0,0.004354339722737486,Non-Switch
12160.0,0.0043714006032452455,Non-Switch
12161.0,0.004374873174816768,Non-Switch
12162.0,0.004383636900131242,Non-Switch
12163.0,0.0043833305560343925,Non-Switch
12164.0,0.004380295330969557,Non-Switch
12165.0,0.00438551359362806,Non-Switch
12166.0,0.00438715851363055,Non-Switch
12167.0,0.004381867359887599,Non-Switch
12168.0,0.0043806802765123075,Non-Switch
12169.0,0.0043742195063820434,Non-Switch
1217.0,0.004354341402255561,Non-Switch
12170.0,0.004378044104942052,Non-Switch
12171.0,0.00437725809048303,Non-Switch
12172.0,0.004381109561332235,Non-Switch
12173.0,0.004368893754566751,Non-Switch
12174.0,0.004371811077462735,Non-Switch
12175.0,0.004370473845171553,Non-Switch
12176.0,0.004376299085662301,Non-Switch
12177.0,0.004370821841316658,Non-Switch
12178.0,0.004368008648541315,Non-Switch
12179.0,0.00436520620468165,Non-Switch
1218.0,0.004354341066351946,Non-Switch
12180.0,0.004366426542514823,Non-Switch
12181.0,0.004370424803243768,Non-Switch
12182.0,0.004375091848070112,Non-Switch
12183.0,0.004367561224926179,Non-Switch
12184.0,0.004370931681798753,Non-Switch
12185.0,0.004368675417217023,Non-Switch
12186.0,0.004372078456740248,Non-Switch
12187.0,0.004375571182528668,Non-Switch
12188.0,0.004372929636500573,Non-Switch
12189.0,0.004374131499634923,Non-Switch
1219.0,0.004354343753580865,Non-Switch
12190.0,0.004375710246625265,Non-Switch
12191.0,0.00439866791509376,Non-Switch
12192.0,0.0044207025204283275,Non-Switch
12193.0,0.004392457393156646,Non-Switch
12194.0,0.004380752159885911,Non-Switch
12195.0,0.004371133895774962,Non-Switch
12196.0,0.004368726138662883,Non-Switch
12197.0,0.004369091601795967,Non-Switch
12198.0,0.004390069454357849,Non-Switch
12199.0,0.004388286142065993,Non-Switch
122.0,0.004373594389754591,Non-Switch
1220.0,0.004354377679845977,Non-Switch
12200.0,0.004386413479412554,Non-Switch
12201.0,0.004458111434219908,Non-Switch
12202.0,0.0043882696827888595,Non-Switch
12203.0,0.004384551229771181,Non-Switch
12204.0,0.004408971758482855,Non-Switch
12205.0,0.004362108165640814,Non-Switch
12206.0,0.004360384308288807,Non-Switch
12207.0,0.0043599345333483665,Non-Switch
12208.0,0.0043582116837072036,Non-Switch
12209.0,0.004357177436476722,Non-Switch
1221.0,0.004354372305388138,Non-Switch
12210.0,0.004356173420571588,Non-Switch
12211.0,0.00435574816659504,Non-Switch
12212.0,0.0043555829020164765,Non-Switch
12213.0,0.004354778076955017,Non-Switch
12214.0,0.004354964839364938,Non-Switch
12215.0,0.00435514958635317,Non-Switch
12216.0,0.004355085764666327,Non-Switch
12217.0,0.004355206018160484,Non-Switch
12218.0,0.004355562075992349,Non-Switch
12219.0,0.004356430722740652,Non-Switch
1222.0,0.00435434610490617,Non-Switch
12220.0,0.004355635974787641,Non-Switch
12221.0,0.004357279887079287,Non-Switch
12222.0,0.004357021577199378,Non-Switch
12223.0,0.004356561725150488,Non-Switch
12224.0,0.004357850587321115,Non-Switch
12225.0,0.004356575161295087,Non-Switch
12226.0,0.004355858342980749,Non-Switch
12227.0,0.004355664862498529,Non-Switch
12228.0,0.004354915797437154,Non-Switch
12229.0,0.004354920500087763,Non-Switch
1223.0,0.0043543450971953255,Non-Switch
12230.0,0.004354583924665567,Non-Switch
12231.0,0.004354556044665525,Non-Switch
12232.0,0.004354555036954679,Non-Switch
12233.0,0.004354765648521264,Non-Switch
12234.0,0.004354713583460943,Non-Switch
12235.0,0.004354823088039423,Non-Switch
12236.0,0.004354910422979314,Non-Switch
12237.0,0.004354917476955228,Non-Switch
12238.0,0.004355021942979482,Non-Switch
12239.0,0.004354774717918867,Non-Switch
1224.0,0.004354355846111004,Non-Switch
12240.0,0.004354945356955271,Non-Switch
12241.0,0.004354949723702265,Non-Switch
12242.0,0.004354589635027021,Non-Switch
12243.0,0.004354754899605584,Non-Switch
12244.0,0.004354702162738034,Non-Switch
12245.0,0.004354865411894908,Non-Switch
12246.0,0.004354687718882591,Non-Switch
12247.0,0.004354694101051275,Non-Switch
12248.0,0.004354728363220002,Non-Switch
12249.0,0.004354518087557033,Non-Switch
1225.0,0.004354343081773636,Non-Switch
12250.0,0.004354497261532905,Non-Switch
12251.0,0.004354708880810334,Non-Switch
12252.0,0.004354711903942868,Non-Switch
12253.0,0.004354716942497093,Non-Switch
12254.0,0.004354602063460775,Non-Switch
12255.0,0.0043544623275569485,Non-Switch
12256.0,0.004354483489484692,Non-Switch
12257.0,0.004354512041291963,Non-Switch
12258.0,0.004354541264906466,Non-Switch
12259.0,0.004354581573340261,Non-Switch
1226.0,0.004354340730448331,Non-Switch
12260.0,0.004355089795509706,Non-Switch
12261.0,0.004355775038884237,Non-Switch
12262.0,0.00464626515691443,Non-Switch
12263.0,0.004919541894195668,Non-Switch
12264.0,0.005078130052508076,Non-Switch
12265.0,0.005090499703129215,Non-Switch
12266.0,0.005201170203055817,Non-Switch
12267.0,0.004887089910050147,Non-Switch
12268.0,0.004758570499735074,Non-Switch
12269.0,0.005396387642869468,Non-Switch
1227.0,0.004354343753580865,Non-Switch
12270.0,0.004354921507798607,Non-Switch
12271.0,0.004355041089485536,Non-Switch
12272.0,0.004355039074063846,Non-Switch
12273.0,0.004355158319847159,Non-Switch
12274.0,0.004355169068762838,Non-Switch
12275.0,0.004354971221533623,Non-Switch
12276.0,0.004355026309726477,Non-Switch
12277.0,0.00435505284611206,Non-Switch
12278.0,0.004355111965148294,Non-Switch
12279.0,0.004355435104425891,Non-Switch
1228.0,0.0043543534947856994,Non-Switch
12280.0,0.0043553007429799045,Non-Switch
12281.0,0.0043554969106910455,Non-Switch
12282.0,0.0043644282519093875,Non-Switch
12283.0,0.004844884964444076,Non-Switch
12284.0,0.008838377205671348,Non-Switch
12285.0,0.005824299288818574,Non-Switch
12286.0,0.005950881878889751,Non-Switch
12287.0,0.006624842922801762,Non-Switch
12288.0,0.008512167097225624,Non-Switch
12289.0,0.007176149433516013,Non-Switch
1229.0,0.004354358869243539,Non-Switch
12290.0,0.007068319670461182,Non-Switch
12291.0,0.005352550541598275,Non-Switch
12292.0,0.005328812233128598,Non-Switch
12293.0,0.004354447211894275,Non-Switch
12294.0,0.004354459640328029,Non-Switch
12295.0,0.00435444754779789,Non-Switch
12296.0,0.0043544310885207565,Non-Switch
12297.0,0.004354436798882211,Non-Switch
12298.0,0.004354468709725633,Non-Switch
12299.0,0.004354476099605162,Non-Switch
123.0,0.004363921709258018,Non-Switch
1230.0,0.004354339050930256,Non-Switch
12300.0,0.004354499276954595,Non-Switch
12301.0,0.004354549326593225,Non-Switch
12302.0,0.004354593665870401,Non-Switch
12303.0,0.004354542944424541,Non-Switch
12304.0,0.004354568809002893,Non-Switch
12305.0,0.0043548237598466525,Non-Switch
12306.0,0.004354752884183894,Non-Switch
12307.0,0.0043549211718949925,Non-Switch
12308.0,0.0043547978952683,Non-Switch
12309.0,0.0043547065294850295,Non-Switch
1231.0,0.004354339722737486,Non-Switch
12310.0,0.0043548929559913355,Non-Switch
12311.0,0.004354805621051444,Non-Switch
12312.0,0.004354761281774268,Non-Switch
12313.0,0.004354690742015126,Non-Switch
12314.0,0.0043545597396052885,Non-Switch
12315.0,0.00435489799454556,Non-Switch
12316.0,0.004354917812858843,Non-Switch
12317.0,0.004354953082738414,Non-Switch
12318.0,0.0043547774051477875,Non-Switch
12319.0,0.004354767663942953,Non-Switch
1232.0,0.0043543484562314745,Non-Switch
12320.0,0.0043549211718949925,Non-Switch
12321.0,0.004354929233581752,Non-Switch
12322.0,0.004354853991171999,Non-Switch
12323.0,0.0043551092779193735,Non-Switch
12324.0,0.004355172091895372,Non-Switch
12325.0,0.004355009178642114,Non-Switch
12326.0,0.0043547485174369,Non-Switch
12327.0,0.004354972901051697,Non-Switch
12328.0,0.0043550599000879734,Non-Switch
12329.0,0.0043550481434614504,Non-Switch
1233.0,0.004354336363701336,Non-Switch
12330.0,0.004355477764184992,Non-Switch
12331.0,0.004355208033582174,Non-Switch
12332.0,0.004355622874546657,Non-Switch
12333.0,0.004355134134786881,Non-Switch
12334.0,0.004355063259124123,Non-Switch
12335.0,0.004355139173341106,Non-Switch
12336.0,0.004354989696232446,Non-Switch
12337.0,0.00435525035743766,Non-Switch
12338.0,0.004355256403702729,Non-Switch
12339.0,0.0043553931164740205,Non-Switch
1234.0,0.004354336363701336,Non-Switch
12340.0,0.004355220126112313,Non-Switch
12341.0,0.004355638997920176,Non-Switch
12342.0,0.004355268496232868,Non-Switch
12343.0,0.004355531172859772,Non-Switch
12344.0,0.004355533860088691,Non-Switch
12345.0,0.0043556225386430425,Non-Switch
12346.0,0.004355622202739428,Non-Switch
12347.0,0.004355410919365614,Non-Switch
12348.0,0.004355720286594998,Non-Switch
12349.0,0.004355522103462167,Non-Switch
1235.0,0.00435434408948448,Non-Switch
12350.0,0.004355446189245185,Non-Switch
12351.0,0.004354930577196212,Non-Switch
12352.0,0.004355015560810798,Non-Switch
12353.0,0.0043548351805695615,Non-Switch
12354.0,0.004354549326593225,Non-Switch
12355.0,0.004354565114063128,Non-Switch
12356.0,0.004354487184424456,Non-Switch
12357.0,0.004354444524665355,Non-Switch
12358.0,0.004354429744906297,Non-Switch
12359.0,0.004354426721773762,Non-Switch
1236.0,0.0043543632359905335,Non-Switch
12360.0,0.004354437806593056,Non-Switch
12361.0,0.004354510361773888,Non-Switch
12362.0,0.0043544011930990245,Non-Switch
12363.0,0.004354369618159218,Non-Switch
12364.0,0.00435439682635203,Non-Switch
12365.0,0.004354408247074939,Non-Switch
12366.0,0.0043543961545448005,Non-Switch
12367.0,0.004354358533339924,Non-Switch
12368.0,0.004354368610448373,Non-Switch
12369.0,0.00435435080755678,Non-Switch
1237.0,0.004354359205147154,Non-Switch
12370.0,0.004354357525629079,Non-Switch
12371.0,0.004354339722737486,Non-Switch
12372.0,0.00435434610490617,Non-Switch
12373.0,0.00435434610490617,Non-Switch
12374.0,0.00435434610490617,Non-Switch
12375.0,0.004354335020086877,Non-Switch
12376.0,0.004354335020086877,Non-Switch
12377.0,0.004354336027797721,Non-Switch
12378.0,0.004354333340568802,Non-Switch
12379.0,0.004354333340568802,Non-Switch
1238.0,0.004354343753580865,Non-Switch
12380.0,0.004354334348279646,Non-Switch
12381.0,0.004354336363701336,Non-Switch
12382.0,0.004354337035508566,Non-Switch
12383.0,0.004354336363701336,Non-Switch
12384.0,0.004354338043219411,Non-Switch
12385.0,0.004354340730448331,Non-Switch
12386.0,0.004354339722737486,Non-Switch
12387.0,0.004354345769002555,Non-Switch
12388.0,0.0043543417381591756,Non-Switch
12389.0,0.004354344425388095,Non-Switch
1239.0,0.004354344425388095,Non-Switch
12390.0,0.0043543434176772505,Non-Switch
12391.0,0.004354341066351946,Non-Switch
12392.0,0.004354339050930256,Non-Switch
12393.0,0.004354339722737486,Non-Switch
12394.0,0.004354340730448331,Non-Switch
12395.0,0.004354338715026641,Non-Switch
12396.0,0.004354338043219411,Non-Switch
12397.0,0.004354338043219411,Non-Switch
12398.0,0.004354337035508566,Non-Switch
12399.0,0.004354343753580865,Non-Switch
124.0,0.004380997705428451,Non-Switch
1240.0,0.004354371297677293,Non-Switch
12400.0,0.00435434610490617,Non-Switch
12401.0,0.00435434946394232,Non-Switch
12402.0,0.004354342745870021,Non-Switch
12403.0,0.004354368610448373,Non-Switch
12404.0,0.004354380367074897,Non-Switch
12405.0,0.0043543847338218915,Non-Switch
12406.0,0.004354408247074939,Non-Switch
12407.0,0.004354422355026768,Non-Switch
12408.0,0.004354441165629205,Non-Switch
12409.0,0.0043544028726170995,Non-Switch
1241.0,0.004354349128038705,Non-Switch
12410.0,0.004354375664424287,Non-Switch
12411.0,0.004354434783460521,Non-Switch
12412.0,0.004354886909726266,Non-Switch
12413.0,0.004355930226354352,Non-Switch
12414.0,0.004354915797437154,Non-Switch
12415.0,0.004354643379605416,Non-Switch
12416.0,0.004354565449966743,Non-Switch
12417.0,0.004354542608520926,Non-Switch
12418.0,0.004354560747316134,Non-Switch
12419.0,0.004354482481773846,Non-Switch
1242.0,0.004354349128038705,Non-Switch
12420.0,0.004354514392617268,Non-Switch
12421.0,0.004354488192135301,Non-Switch
12422.0,0.004354475763701547,Non-Switch
12423.0,0.004354440493821976,Non-Switch
12424.0,0.0043544243704484575,Non-Switch
12425.0,0.004354433439846061,Non-Switch
12426.0,0.004354431760327987,Non-Switch
12427.0,0.004354436462978596,Non-Switch
12428.0,0.004354441501532821,Non-Switch
12429.0,0.004354476099605162,Non-Switch
1243.0,0.0043543518152676245,Non-Switch
12430.0,0.004354571496231812,Non-Switch
12431.0,0.004354476771412392,Non-Switch
12432.0,0.004354409254785784,Non-Switch
12433.0,0.004354405895749635,Non-Switch
12434.0,0.004354413957436394,Non-Switch
12435.0,0.004354403208520714,Non-Switch
12436.0,0.004354404888038789,Non-Switch
12437.0,0.004354453258159345,Non-Switch
12438.0,0.004354405895749635,Non-Switch
12439.0,0.004354441165629205,Non-Switch
1244.0,0.004354374320809828,Non-Switch
12440.0,0.004354441501532821,Non-Switch
12441.0,0.004354452586352114,Non-Switch
12442.0,0.004354439486111131,Non-Switch
12443.0,0.004354483489484692,Non-Switch
12444.0,0.004354453258159345,Non-Switch
12445.0,0.004354745830207981,Non-Switch
12446.0,0.004354822416232192,Non-Switch
12447.0,0.0043548402191237855,Non-Switch
12448.0,0.0043551620147869235,Non-Switch
12449.0,0.004355057548762669,Non-Switch
1245.0,0.004354368610448373,Non-Switch
12450.0,0.004355770000330013,Non-Switch
12451.0,0.004355257747317189,Non-Switch
12452.0,0.004354882207075657,Non-Switch
12453.0,0.004355037394545771,Non-Switch
12454.0,0.004355068297678348,Non-Switch
12455.0,0.004355067625871118,Non-Switch
12456.0,0.004355064266834969,Non-Switch
12457.0,0.004355121370449513,Non-Switch
12458.0,0.004355703155510635,Non-Switch
12459.0,0.00435579485719752,Non-Switch
1246.0,0.004354344425388095,Non-Switch
12460.0,0.004354827118882802,Non-Switch
12461.0,0.004354928561774522,Non-Switch
12462.0,0.004355394124184866,Non-Switch
12463.0,0.004355131447557962,Non-Switch
12464.0,0.004355208705389404,Non-Switch
12465.0,0.004355375313582427,Non-Switch
12466.0,0.004355137829726646,Non-Switch
12467.0,0.004355060907798819,Non-Switch
12468.0,0.0043549460287625,Non-Switch
12469.0,0.004354788825870696,Non-Switch
1247.0,0.004354344425388095,Non-Switch
12470.0,0.004354832493340641,Non-Switch
12471.0,0.004354831485629797,Non-Switch
12472.0,0.004354782107798397,Non-Switch
12473.0,0.004354865411894908,Non-Switch
12474.0,0.004354977603702307,Non-Switch
12475.0,0.00435555065526944,Non-Switch
12476.0,0.0043551603352688486,Non-Switch
12477.0,0.004355021942979482,Non-Switch
12478.0,0.004355200643702645,Non-Switch
12479.0,0.004354960472617944,Non-Switch
1248.0,0.0043543534947856994,Non-Switch
12480.0,0.004355436783943966,Non-Switch
12481.0,0.0043554821309319865,Non-Switch
12482.0,0.0043555829020164765,Non-Switch
12483.0,0.0043554465251488,Non-Switch
12484.0,0.004355001116955355,Non-Switch
12485.0,0.004355100544425385,Non-Switch
12486.0,0.00435514757093148,Non-Switch
12487.0,0.004355081062015717,Non-Switch
12488.0,0.004355199300088185,Non-Switch
12489.0,0.004355024630208403,Non-Switch
1249.0,0.004354365587315838,Non-Switch
12490.0,0.00435515160177486,Non-Switch
12491.0,0.004354897658641945,Non-Switch
12492.0,0.0043557972085228255,Non-Switch
12493.0,0.00435555065526944,Non-Switch
12494.0,0.004355205346353254,Non-Switch
12495.0,0.004354815026352664,Non-Switch
12496.0,0.004355173099606218,Non-Switch
12497.0,0.004354921843702223,Non-Switch
12498.0,0.00435475053285859,Non-Switch
12499.0,0.004355129432136272,Non-Switch
125.0,0.004803153642935107,Non-Switch
1250.0,0.004354343753580865,Non-Switch
12500.0,0.0043547659844248784,Non-Switch
12501.0,0.00435470249864165,Non-Switch
12502.0,0.004354499276954595,Non-Switch
12503.0,0.004354465350689484,Non-Switch
12504.0,0.00435445157864127,Non-Switch
12505.0,0.004354488528038916,Non-Switch
12506.0,0.004354515400328113,Non-Switch
12507.0,0.004354512377195578,Non-Switch
12508.0,0.0043544425092436655,Non-Switch
12509.0,0.004354431424424371,Non-Switch
1251.0,0.004354343081773636,Non-Switch
12510.0,0.004354429744906297,Non-Switch
12511.0,0.004354429744906297,Non-Switch
12512.0,0.004354467030207558,Non-Switch
12513.0,0.004354464678882253,Non-Switch
12514.0,0.004354443516954511,Non-Switch
12515.0,0.004354429744906297,Non-Switch
12516.0,0.004354432432135217,Non-Switch
12517.0,0.004354398505870105,Non-Switch
12518.0,0.004354472404665397,Non-Switch
12519.0,0.0043547693434610275,Non-Switch
1252.0,0.0043543501357495495,Non-Switch
12520.0,0.0043546934292440454,Non-Switch
12521.0,0.004354548654785995,Non-Switch
12522.0,0.004354544623942616,Non-Switch
12523.0,0.004354533875026936,Non-Switch
12524.0,0.004354760274063424,Non-Switch
12525.0,0.0043545399212920055,Non-Switch
12526.0,0.004354544623942616,Non-Switch
12527.0,0.004354512713099194,Non-Switch
12528.0,0.004354480130448542,Non-Switch
12529.0,0.004354585604183641,Non-Switch
1253.0,0.004354342409966405,Non-Switch
12530.0,0.004355502956956115,Non-Switch
12531.0,0.004357114622500723,Non-Switch
12532.0,0.00435509819310008,Non-Switch
12533.0,0.004354501292376285,Non-Switch
12534.0,0.004355005819605964,Non-Switch
12535.0,0.0043545960171957054,Non-Switch
12536.0,0.004354368610448373,Non-Switch
12537.0,0.004354492558882295,Non-Switch
12538.0,0.00435460374297885,Non-Switch
12539.0,0.004354456617195494,Non-Switch
1254.0,0.004354337371412181,Non-Switch
12540.0,0.00435444687599066,Non-Switch
12541.0,0.004354436462978596,Non-Switch
12542.0,0.004354368946351988,Non-Switch
12543.0,0.004354484833099151,Non-Switch
12544.0,0.0043544707251473224,Non-Switch
12545.0,0.004354510025870274,Non-Switch
12546.0,0.0043546964523765806,Non-Switch
12547.0,0.004354489535749761,Non-Switch
12548.0,0.004354459976231644,Non-Switch
12549.0,0.004354443181050895,Non-Switch
1255.0,0.004354341066351946,Non-Switch
12550.0,0.004354463671171409,Non-Switch
12551.0,0.0043544441887617405,Non-Switch
12552.0,0.004354354166592929,Non-Switch
12553.0,0.004354392459605036,Non-Switch
12554.0,0.004354417316472543,Non-Switch
12555.0,0.004354366930930298,Non-Switch
12556.0,0.004354358197436309,Non-Switch
12557.0,0.004354349128038705,Non-Switch
12558.0,0.004354422019123153,Non-Switch
12559.0,0.004354418995990618,Non-Switch
1256.0,0.004354337371412181,Non-Switch
12560.0,0.004354519095267878,Non-Switch
12561.0,0.00435474314297906,Non-Switch
12562.0,0.004354534210930551,Non-Switch
12563.0,0.004354782779605626,Non-Switch
12564.0,0.004354720973340473,Non-Switch
12565.0,0.004354734409485072,Non-Switch
12566.0,0.004354580229725802,Non-Switch
12567.0,0.004354542272617311,Non-Switch
12568.0,0.0043545416008100805,Non-Switch
12569.0,0.004354439822014746,Non-Switch
1257.0,0.004354358533339924,Non-Switch
12570.0,0.004354416308761698,Non-Switch
12571.0,0.004354403544424329,Non-Switch
12572.0,0.004354394475026726,Non-Switch
12573.0,0.004354405223942404,Non-Switch
12574.0,0.004354421347315922,Non-Switch
12575.0,0.00435454563165346,Non-Switch
12576.0,0.0043545432803281554,Non-Switch
12577.0,0.004354510025870274,Non-Switch
12578.0,0.0043545812374366465,Non-Switch
12579.0,0.004354563434545053,Non-Switch
1258.0,0.004354374992617057,Non-Switch
12580.0,0.004354700147316344,Non-Switch
12581.0,0.004354562426834209,Non-Switch
12582.0,0.004354680664906677,Non-Switch
12583.0,0.004354569144906508,Non-Switch
12584.0,0.004354695444665735,Non-Switch
12585.0,0.004354761953581499,Non-Switch
12586.0,0.0043548136827382036,Non-Switch
12587.0,0.004354900345870865,Non-Switch
12588.0,0.004354860373340684,Non-Switch
12589.0,0.00435479923888276,Non-Switch
1259.0,0.004354340730448331,Non-Switch
12590.0,0.004354826782979188,Non-Switch
12591.0,0.004354823423943038,Non-Switch
12592.0,0.004354839547316556,Non-Switch
12593.0,0.004354789497677926,Non-Switch
12594.0,0.0043547461661115954,Non-Switch
12595.0,0.004354804277436984,Non-Switch
12596.0,0.004354837867798481,Non-Switch
12597.0,0.004354757250930889,Non-Switch
12598.0,0.004354844249967165,Non-Switch
12599.0,0.00435489799454556,Non-Switch
126.0,0.004457254208194514,Non-Switch
1260.0,0.004354347112617015,Non-Switch
12600.0,0.004355020599365023,Non-Switch
12601.0,0.004354971221533623,Non-Switch
12602.0,0.004354966182979398,Non-Switch
12603.0,0.004355039074063846,Non-Switch
12604.0,0.004362421899617193,Non-Switch
12605.0,0.0044382877464790495,Non-Switch
12606.0,0.004499871307536148,Non-Switch
12607.0,0.004536391756266143,Non-Switch
12608.0,0.004590257931769389,Non-Switch
12609.0,0.004521366787568695,Non-Switch
1261.0,0.004354349128038705,Non-Switch
12610.0,0.009833363349828459,Non-Switch
12611.0,0.004843315622754953,Non-Switch
12612.0,0.00451025811911814,Non-Switch
12613.0,0.004440917871784237,Non-Switch
12614.0,0.005084149109384659,Non-Switch
12615.0,0.004891023341381404,Non-Switch
12616.0,0.004936523501450296,Non-Switch
12617.0,0.008351508429030565,Non-Switch
12618.0,0.006580308149722283,Non-Switch
12619.0,0.004385382255314608,Non-Switch
1262.0,0.00435434610490617,Non-Switch
12620.0,0.004357720592622123,Non-Switch
12621.0,0.0043562513502102595,Non-Switch
12622.0,0.004358831425876817,Non-Switch
12623.0,0.004355617164185203,Non-Switch
12624.0,0.004355595666353846,Non-Switch
12625.0,0.00435654560177697,Non-Switch
12626.0,0.004358044739610566,Non-Switch
12627.0,0.004356559709728799,Non-Switch
12628.0,0.004358003423465925,Non-Switch
12629.0,0.004356274863463307,Non-Switch
1263.0,0.004354343753580865,Non-Switch
12630.0,0.004355491536233206,Non-Switch
12631.0,0.004356469015752758,Non-Switch
12632.0,0.004355603728040605,Non-Switch
12633.0,0.0043552033309315645,Non-Switch
12634.0,0.004357475382983198,Non-Switch
12635.0,0.00435594634972787,Non-Switch
12636.0,0.004355099872618155,Non-Switch
12637.0,0.004354824095750267,Non-Switch
12638.0,0.0043556124615345936,Non-Switch
12639.0,0.004355343402739006,Non-Switch
1264.0,0.00435434610490617,Non-Switch
12640.0,0.004355290665871456,Non-Switch
12641.0,0.004355250021534045,Non-Switch
12642.0,0.0043556272412936525,Non-Switch
12643.0,0.004355613805149054,Non-Switch
12644.0,0.004356119004185963,Non-Switch
12645.0,0.004355558381052584,Non-Switch
12646.0,0.004356024279366542,Non-Switch
12647.0,0.004356068954547333,Non-Switch
12648.0,0.004356469687559988,Non-Switch
12649.0,0.00435765139647744,Non-Switch
1265.0,0.004354351143460395,Non-Switch
12650.0,0.004381440426392977,Non-Switch
12651.0,0.004358524074069122,Non-Switch
12652.0,0.00435715157189837,Non-Switch
12653.0,0.0043581686880444885,Non-Switch
12654.0,0.004359370551178838,Non-Switch
12655.0,0.0043581226692492375,Non-Switch
12656.0,0.004358729982985097,Non-Switch
12657.0,0.004358612080816244,Non-Switch
12658.0,0.004357269138163608,Non-Switch
12659.0,0.0043559937121375805,Non-Switch
1266.0,0.004354352487074855,Non-Switch
12660.0,0.004356658465391599,Non-Switch
12661.0,0.004355443502016266,Non-Switch
12662.0,0.004355634631173181,Non-Switch
12663.0,0.004355607758883984,Non-Switch
12664.0,0.004355478771895837,Non-Switch
12665.0,0.004358014172381603,Non-Switch
12666.0,0.004355671580570828,Non-Switch
12667.0,0.004367893769504996,Non-Switch
12668.0,0.0043583171574423036,Non-Switch
12669.0,0.004359033975756641,Non-Switch
1267.0,0.004354341066351946,Non-Switch
12670.0,0.004360318471180273,Non-Switch
12671.0,0.004624296724592011,Non-Switch
12672.0,0.004377082076988788,Non-Switch
12673.0,0.004373745210477711,Non-Switch
12674.0,0.0043773333328927825,Non-Switch
12675.0,0.004383846503986982,Non-Switch
12676.0,0.004386495103990992,Non-Switch
12677.0,0.004398583603286404,Non-Switch
12678.0,0.004399541264492672,Non-Switch
12679.0,0.004411936107884934,Non-Switch
1268.0,0.0043543534947856994,Non-Switch
12680.0,0.004418464058738191,Non-Switch
12681.0,0.004534790167829983,Non-Switch
12682.0,0.004397824125212964,Non-Switch
12683.0,0.004418581289099814,Non-Switch
12684.0,0.004385810196520075,Non-Switch
12685.0,0.00437099852661813,Non-Switch
12686.0,0.004363018464437374,Non-Switch
12687.0,0.004359539174793551,Non-Switch
12688.0,0.004356980932861967,Non-Switch
12689.0,0.004356517721776928,Non-Switch
1269.0,0.004354336363701336,Non-Switch
12690.0,0.0043564213174394325,Non-Switch
12691.0,0.004356584902499921,Non-Switch
12692.0,0.00435810251503234,Non-Switch
12693.0,0.0043579510225019895,Non-Switch
12694.0,0.0043588965911781205,Non-Switch
12695.0,0.004360426632144292,Non-Switch
12696.0,0.004358670192141633,Non-Switch
12697.0,0.004360128349734202,Non-Switch
12698.0,0.0043579708408152725,Non-Switch
12699.0,0.0043615848278086965,Non-Switch
127.0,0.004481849070882355,Non-Switch
1270.0,0.004354339050930256,Non-Switch
12700.0,0.004358340670695351,Non-Switch
12701.0,0.0043570763294886175,Non-Switch
12702.0,0.004357208675512914,Non-Switch
12703.0,0.0043561834976800365,Non-Switch
12704.0,0.004355756228281799,Non-Switch
12705.0,0.004355594994546615,Non-Switch
12706.0,0.004354872465870823,Non-Switch
12707.0,0.00436835194203581,Non-Switch
12708.0,0.004357576489971302,Non-Switch
12709.0,0.00436445411648774,Non-Switch
1271.0,0.004354338043219411,Non-Switch
12710.0,0.004357639975754531,Non-Switch
12711.0,0.004357973192140578,Non-Switch
12712.0,0.00435699806394633,Non-Switch
12713.0,0.004356956747801689,Non-Switch
12714.0,0.004357315828766088,Non-Switch
12715.0,0.004357585559368906,Non-Switch
12716.0,0.004356886208042547,Non-Switch
12717.0,0.004360172017204148,Non-Switch
12718.0,0.004357689689489546,Non-Switch
12719.0,0.00435669373527117,Non-Switch
1272.0,0.004354340730448331,Non-Switch
12720.0,0.004357577161778532,Non-Switch
12721.0,0.004357085734789837,Non-Switch
12722.0,0.004357131417681472,Non-Switch
12723.0,0.00435875047310561,Non-Switch
12724.0,0.00435845084708106,Non-Switch
12725.0,0.004355844906836151,Non-Switch
12726.0,0.004356702132861544,Non-Switch
12727.0,0.004357677932863022,Non-Switch
12728.0,0.0043598522369626995,Non-Switch
12729.0,0.004358881475515447,Non-Switch
1273.0,0.004354337371412181,Non-Switch
12730.0,0.004355786123703531,Non-Switch
12731.0,0.00435504881526868,Non-Switch
12732.0,0.004355570473582723,Non-Switch
12733.0,0.004362039641303361,Non-Switch
12734.0,0.004356611438885504,Non-Switch
12735.0,0.004355065610449428,Non-Switch
12736.0,0.004354974916473387,Non-Switch
12737.0,0.00435704878539219,Non-Switch
12738.0,0.004355275214305167,Non-Switch
12739.0,0.004355439807076501,Non-Switch
1274.0,0.004354335691894106,Non-Switch
12740.0,0.004356442143463561,Non-Switch
12741.0,0.0043560457771979,Non-Switch
12742.0,0.004388766820139009,Non-Switch
12743.0,0.004377488184459282,Non-Switch
12744.0,0.00451296214321862,Non-Switch
12745.0,0.004367368416251189,Non-Switch
12746.0,0.0043661312832372675,Non-Switch
12747.0,0.004365617686609984,Non-Switch
12748.0,0.004382680246635818,Non-Switch
12749.0,0.00449980244729508,Non-Switch
1275.0,0.004354335020086877,Non-Switch
12750.0,0.0048064965557112534,Non-Switch
12751.0,0.0045506333977334895,Non-Switch
12752.0,0.004613272703852428,Non-Switch
12753.0,0.004483309579800229,Non-Switch
12754.0,0.004459854102174353,Non-Switch
12755.0,0.004498342610184437,Non-Switch
12756.0,0.005451212823193443,Non-Switch
12757.0,0.004573983401624265,Non-Switch
12758.0,0.0047112725835188815,Non-Switch
12759.0,0.00465716791644901,Non-Switch
1276.0,0.004354339722737486,Non-Switch
12760.0,0.004576890311508185,Non-Switch
12761.0,0.004518056121539586,Non-Switch
12762.0,0.00440146599220643,Non-Switch
12763.0,0.004403984261607833,Non-Switch
12764.0,0.004387241817727062,Non-Switch
12765.0,0.0043836852702517975,Non-Switch
12766.0,0.0043828072182022755,Non-Switch
12767.0,0.004380552633138621,Non-Switch
12768.0,0.0043789836273531125,Non-Switch
12769.0,0.004382247602779741,Non-Switch
1277.0,0.004354335691894106,Non-Switch
12770.0,0.004372343148788841,Non-Switch
12771.0,0.0043746830533706975,Non-Switch
12772.0,0.004368665004204959,Non-Switch
12773.0,0.00436745575119108,Non-Switch
12774.0,0.004363416846124723,Non-Switch
12775.0,0.004362683232629637,Non-Switch
12776.0,0.004358997026358996,Non-Switch
12777.0,0.004361181743470737,Non-Switch
12778.0,0.004358912378648024,Non-Switch
12779.0,0.004356762931415853,Non-Switch
1278.0,0.00435434543309894,Non-Switch
12780.0,0.0043560928037039955,Non-Switch
12781.0,0.004355638326112946,Non-Switch
12782.0,0.004355081733822947,Non-Switch
12783.0,0.004354833165147872,Non-Switch
12784.0,0.004354901017678095,Non-Switch
12785.0,0.004354718286111553,Non-Switch
12786.0,0.004354562426834209,Non-Switch
12787.0,0.004354751540569434,Non-Switch
12788.0,0.0043545463034606905,Non-Switch
12789.0,0.0043545510061113,Non-Switch
1279.0,0.004354335691894106,Non-Switch
12790.0,0.004354535890448626,Non-Switch
12791.0,0.004354804277436984,Non-Switch
12792.0,0.00435484861671416,Non-Switch
12793.0,0.004354484833099151,Non-Switch
12794.0,0.004354526821051022,Non-Switch
12795.0,0.0043545432803281554,Non-Switch
12796.0,0.00435449625382206,Non-Switch
12797.0,0.00435445359406296,Non-Switch
12798.0,0.004354431424424371,Non-Switch
12799.0,0.004354482817677461,Non-Switch
128.0,0.004879270073893729,Non-Switch
1280.0,0.004354335691894106,Non-Switch
12800.0,0.004354491551171451,Non-Switch
12801.0,0.004354415636954468,Non-Switch
12802.0,0.004354431424424371,Non-Switch
12803.0,0.004354413957436394,Non-Switch
12804.0,0.0043544509068340394,Non-Switch
12805.0,0.0043544986051473646,Non-Switch
12806.0,0.004354529508279942,Non-Switch
12807.0,0.004354505323219664,Non-Switch
12808.0,0.004354560747316134,Non-Switch
12809.0,0.0043544492273159645,Non-Switch
1281.0,0.004354356853821849,Non-Switch
12810.0,0.004354405223942404,Non-Switch
12811.0,0.004354383390207431,Non-Switch
12812.0,0.004354396490448415,Non-Switch
12813.0,0.004354426721773762,Non-Switch
12814.0,0.004354383390207431,Non-Switch
12815.0,0.004354372977195368,Non-Switch
12816.0,0.004354420675508693,Non-Switch
12817.0,0.0043545795579185715,Non-Switch
12818.0,0.0043549557699673344,Non-Switch
12819.0,0.0043545036437015894,Non-Switch
1282.0,0.004354339050930256,Non-Switch
12820.0,0.004354418324183388,Non-Switch
12821.0,0.004354753220087509,Non-Switch
12822.0,0.0043545365622558565,Non-Switch
12823.0,0.00435449558201483,Non-Switch
12824.0,0.004354459976231644,Non-Switch
12825.0,0.004354487520328071,Non-Switch
12826.0,0.004354483153581077,Non-Switch
12827.0,0.004354505323219664,Non-Switch
12828.0,0.00435454495984623,Non-Switch
12829.0,0.004354567801292048,Non-Switch
1283.0,0.004354340730448331,Non-Switch
12830.0,0.0043545859400872565,Non-Switch
12831.0,0.0043548418986418605,Non-Switch
12832.0,0.004354962488039633,Non-Switch
12833.0,0.004355227515991842,Non-Switch
12834.0,0.004355551998883899,Non-Switch
12835.0,0.00435574144852274,Non-Switch
12836.0,0.004355512362257333,Non-Switch
12837.0,0.004355460969004243,Non-Switch
12838.0,0.004355134470690496,Non-Switch
12839.0,0.004354978611413152,Non-Switch
1284.0,0.004354340394544715,Non-Switch
12840.0,0.0043547411275573706,Non-Switch
12841.0,0.004354730714545307,Non-Switch
12842.0,0.004355027317437322,Non-Switch
12843.0,0.004354859701533454,Non-Switch
12844.0,0.004354544288039001,Non-Switch
12845.0,0.004354776733340557,Non-Switch
12846.0,0.004354466358400328,Non-Switch
12847.0,0.004354456617195494,Non-Switch
12848.0,0.004354416308761698,Non-Switch
12849.0,0.004354430416713527,Non-Switch
1285.0,0.004354338043219411,Non-Switch
12850.0,0.004354418995990618,Non-Switch
12851.0,0.004354403544424329,Non-Switch
12852.0,0.004354423026833997,Non-Switch
12853.0,0.004354427393580992,Non-Switch
12854.0,0.004354425042255687,Non-Switch
12855.0,0.004354458296713569,Non-Switch
12856.0,0.004354494574303985,Non-Switch
12857.0,0.004354511705388349,Non-Switch
12858.0,0.004354436462978596,Non-Switch
12859.0,0.0043544787868340816,Non-Switch
1286.0,0.004354340730448331,Non-Switch
12860.0,0.004354476771412392,Non-Switch
12861.0,0.004354466694303943,Non-Switch
12862.0,0.004354464678882253,Non-Switch
12863.0,0.004354527828761867,Non-Switch
12864.0,0.004354443852858126,Non-Switch
12865.0,0.004354392459605036,Non-Switch
12866.0,0.00435439884177372,Non-Switch
12867.0,0.00435439548273757,Non-Switch
12868.0,0.004354385741532736,Non-Switch
12869.0,0.004354374992617057,Non-Switch
1287.0,0.004354337371412181,Non-Switch
12870.0,0.004354408582978554,Non-Switch
12871.0,0.004354415636954468,Non-Switch
12872.0,0.004356894941536535,Non-Switch
12873.0,0.004357807927562014,Non-Switch
12874.0,0.0043576258678027025,Non-Switch
12875.0,0.004357335647079371,Non-Switch
12876.0,0.004385347321338651,Non-Switch
12877.0,0.004366638833599481,Non-Switch
12878.0,0.004367269660588389,Non-Switch
12879.0,0.00438171116470664,Non-Switch
1288.0,0.004354390444183346,Non-Switch
12880.0,0.004363685233113082,Non-Switch
12881.0,0.004359961741541179,Non-Switch
12882.0,0.0043581821241890865,Non-Switch
12883.0,0.004356331295270622,Non-Switch
12884.0,0.004355237593100291,Non-Switch
12885.0,0.0043551173396061335,Non-Switch
12886.0,0.0043554424943054205,Non-Switch
12887.0,0.0043552214697267725,Non-Switch
12888.0,0.00435559734587192,Non-Switch
12889.0,0.004356373619126107,Non-Switch
1289.0,0.004354372977195368,Non-Switch
12890.0,0.0043630782552808375,Non-Switch
12891.0,0.004365277752151638,Non-Switch
12892.0,0.004358984933828857,Non-Switch
12893.0,0.004357730333826957,Non-Switch
12894.0,0.004358461260093124,Non-Switch
12895.0,0.004357167695271888,Non-Switch
12896.0,0.004355230875027992,Non-Switch
12897.0,0.0043552627858714135,Non-Switch
12898.0,0.004355557037438124,Non-Switch
12899.0,0.004354864404184064,Non-Switch
129.0,0.004818245120548319,Non-Switch
1290.0,0.004354344761291711,Non-Switch
12900.0,0.004354827118882802,Non-Switch
12901.0,0.0043549161333407685,Non-Switch
12902.0,0.004354692757436816,Non-Switch
12903.0,0.0043544838253883065,Non-Switch
12904.0,0.004354522118400412,Non-Switch
12905.0,0.00435445359406296,Non-Switch
12906.0,0.0043544522504485,Non-Switch
12907.0,0.0043544142933400086,Non-Switch
12908.0,0.004354426385870147,Non-Switch
12909.0,0.004354408918882169,Non-Switch
1291.0,0.004354384397918277,Non-Switch
12910.0,0.004354385069725506,Non-Switch
12911.0,0.004354388764665271,Non-Switch
12912.0,0.004354388092858041,Non-Switch
12913.0,0.004354382382496587,Non-Switch
12914.0,0.004354378351653207,Non-Switch
12915.0,0.004354378351653207,Non-Switch
12916.0,0.004354489199846146,Non-Switch
12917.0,0.004354423026833997,Non-Switch
12918.0,0.004354411942014704,Non-Switch
12919.0,0.004354522118400412,Non-Switch
1292.0,0.004354385741532736,Non-Switch
12920.0,0.004354477443219622,Non-Switch
12921.0,0.004354428065388222,Non-Switch
12922.0,0.004354417652376158,Non-Switch
12923.0,0.004354390780086961,Non-Switch
12924.0,0.0043544243704484575,Non-Switch
12925.0,0.004354412277918319,Non-Switch
12926.0,0.00435439884177372,Non-Switch
12927.0,0.004354389100568886,Non-Switch
12928.0,0.004354402536713485,Non-Switch
12929.0,0.004354443852858126,Non-Switch
1293.0,0.00435439548273757,Non-Switch
12930.0,0.004354374320809828,Non-Switch
12931.0,0.004354377679845977,Non-Switch
12932.0,0.004354382718400202,Non-Switch
12933.0,0.00435439548273757,Non-Switch
12934.0,0.00435445359406296,Non-Switch
12935.0,0.004354438142496671,Non-Switch
12936.0,0.004354508346352199,Non-Switch
12937.0,0.004354397162255645,Non-Switch
12938.0,0.00435440018538818,Non-Switch
12939.0,0.0043544425092436655,Non-Switch
1294.0,0.004354415301050853,Non-Switch
12940.0,0.004354416980568928,Non-Switch
12941.0,0.00435445157864127,Non-Switch
12942.0,0.004354479122737697,Non-Switch
12943.0,0.004354427729484607,Non-Switch
12944.0,0.004354428737195452,Non-Switch
12945.0,0.004354423698641228,Non-Switch
12946.0,0.004354410598400244,Non-Switch
12947.0,0.004354512713099194,Non-Switch
12948.0,0.004354488528038916,Non-Switch
12949.0,0.004354503307797975,Non-Switch
1295.0,0.004354483153581077,Non-Switch
12950.0,0.00435444754779789,Non-Switch
12951.0,0.004354402536713485,Non-Switch
12952.0,0.004354401864906255,Non-Switch
12953.0,0.004354413621532778,Non-Switch
12954.0,0.0043544062316532494,Non-Switch
12955.0,0.004354409926593014,Non-Switch
12956.0,0.00435439682635203,Non-Switch
12957.0,0.004354451914544885,Non-Switch
12958.0,0.004354382382496587,Non-Switch
12959.0,0.004354371969484522,Non-Switch
1296.0,0.004354365587315838,Non-Switch
12960.0,0.004354372641291753,Non-Switch
12961.0,0.0043544011930990245,Non-Switch
12962.0,0.0043543897723761155,Non-Switch
12963.0,0.004354390444183346,Non-Switch
12964.0,0.004354393131412265,Non-Switch
12965.0,0.004354403544424329,Non-Switch
12966.0,0.004354378351653207,Non-Switch
12967.0,0.004354380702978512,Non-Switch
12968.0,0.004354392459605036,Non-Switch
12969.0,0.0043544771073160075,Non-Switch
1297.0,0.004354347784424245,Non-Switch
12970.0,0.004354380031171281,Non-Switch
12971.0,0.004354380702978512,Non-Switch
12972.0,0.004354398505870105,Non-Switch
12973.0,0.0043544310885207565,Non-Switch
12974.0,0.004354434447556906,Non-Switch
12975.0,0.004354379023460437,Non-Switch
12976.0,0.004354412277918319,Non-Switch
12977.0,0.004354422019123153,Non-Switch
12978.0,0.004354405223942404,Non-Switch
12979.0,0.004354382382496587,Non-Switch
1298.0,0.004354338715026641,Non-Switch
12980.0,0.004354364243701378,Non-Switch
12981.0,0.004354357525629079,Non-Switch
12982.0,0.004354349128038705,Non-Switch
12983.0,0.004354354166592929,Non-Switch
12984.0,0.004354344425388095,Non-Switch
12985.0,0.004354354166592929,Non-Switch
12986.0,0.004434093653942579,Non-Switch
12987.0,0.004358335632141126,Non-Switch
12988.0,0.004358075978646758,Non-Switch
12989.0,0.00436354784853456,Non-Switch
1299.0,0.0043543484562314745,Non-Switch
12990.0,0.004357734028766722,Non-Switch
12991.0,0.004356572474066168,Non-Switch
12992.0,0.004356439792138256,Non-Switch
12993.0,0.004355397483221015,Non-Switch
12994.0,0.004370803030714221,Non-Switch
12995.0,0.004354413285629163,Non-Switch
12996.0,0.0043544374706894415,Non-Switch
12997.0,0.004354431760327987,Non-Switch
12998.0,0.00435445157864127,Non-Switch
12999.0,0.00435445157864127,Non-Switch
13.0,0.004355008506834884,Non-Switch
130.0,0.0045583121543716215,Non-Switch
1300.0,0.004354334348279646,Non-Switch
13000.0,0.004354376000327902,Non-Switch
13001.0,0.00435449558201483,Non-Switch
13002.0,0.00435449558201483,Non-Switch
13003.0,0.004354542272617311,Non-Switch
13004.0,0.0043547297068344615,Non-Switch
13005.0,0.004354521446593183,Non-Switch
13006.0,0.004354582581051107,Non-Switch
13007.0,0.004354577878400497,Non-Switch
13008.0,0.00435570147599256,Non-Switch
13009.0,0.004355286970931691,Non-Switch
1301.0,0.004354339050930256,Non-Switch
13010.0,0.004356418294306898,Non-Switch
13011.0,0.004356394109246621,Non-Switch
13012.0,0.004359145495756811,Non-Switch
13013.0,0.004359002400816834,Non-Switch
13014.0,0.004360265734312724,Non-Switch
13015.0,0.0043622646967253886,Non-Switch
13016.0,0.004366016068297333,Non-Switch
13017.0,0.004362835061063602,Non-Switch
13018.0,0.004363400722751205,Non-Switch
13019.0,0.004366111800827599,Non-Switch
1302.0,0.004354334348279646,Non-Switch
13020.0,0.004376413628795004,Non-Switch
13021.0,0.0043822133406110145,Non-Switch
13022.0,0.00438376051266155,Non-Switch
13023.0,0.004391302220624776,Non-Switch
13024.0,0.00437540289481757,Non-Switch
13025.0,0.004377429401326662,Non-Switch
13026.0,0.004380516355548204,Non-Switch
13027.0,0.00440767281920378,Non-Switch
13028.0,0.004401445166182302,Non-Switch
13029.0,0.0044038334408847135,Non-Switch
1303.0,0.004354334348279646,Non-Switch
13030.0,0.004407053412937781,Non-Switch
13031.0,0.004392931017253748,Non-Switch
13032.0,0.004389952559899841,Non-Switch
13033.0,0.004389338528091682,Non-Switch
13034.0,0.004392723764723314,Non-Switch
13035.0,0.004398899016780857,Non-Switch
13036.0,0.00439315976761554,Non-Switch
13037.0,0.004380068931933069,Non-Switch
13038.0,0.004394922589786884,Non-Switch
13039.0,0.00441867500620839,Non-Switch
1304.0,0.004354332668761571,Non-Switch
13040.0,0.004393336452917012,Non-Switch
13041.0,0.004403195224016277,Non-Switch
13042.0,0.00439065997291296,Non-Switch
13043.0,0.004389581050501688,Non-Switch
13044.0,0.0043754489136128205,Non-Switch
13045.0,0.004357882162260922,Non-Switch
13046.0,0.004355933585390502,Non-Switch
13047.0,0.004354700147316344,Non-Switch
13048.0,0.004354573847557118,Non-Switch
13049.0,0.004354512377195578,Non-Switch
1305.0,0.004354335020086877,Non-Switch
13050.0,0.004354591650448711,Non-Switch
13051.0,0.004354510025870274,Non-Switch
13052.0,0.0043544572890027245,Non-Switch
13053.0,0.00435445359406296,Non-Switch
13054.0,0.004354443852858126,Non-Switch
13055.0,0.0043544640070750235,Non-Switch
13056.0,0.004354431424424371,Non-Switch
13057.0,0.004354427393580992,Non-Switch
13058.0,0.004354455945388264,Non-Switch
13059.0,0.0043544441887617405,Non-Switch
1306.0,0.004354334348279646,Non-Switch
13060.0,0.004354445868279815,Non-Switch
13061.0,0.004354413957436394,Non-Switch
13062.0,0.004354439150207516,Non-Switch
13063.0,0.004354402536713485,Non-Switch
13064.0,0.004354379695267667,Non-Switch
13065.0,0.00435440220080987,Non-Switch
13066.0,0.004354398505870105,Non-Switch
13067.0,0.004354432432135217,Non-Switch
13068.0,0.004354454265870189,Non-Switch
13069.0,0.004354474084183472,Non-Switch
1307.0,0.004354334348279646,Non-Switch
13070.0,0.004354531523701632,Non-Switch
13071.0,0.004354411606111088,Non-Switch
13072.0,0.004354492894785911,Non-Switch
13073.0,0.004354407239364094,Non-Switch
13074.0,0.004354382046592971,Non-Switch
13075.0,0.004354374992617057,Non-Switch
13076.0,0.004354399177677335,Non-Switch
13077.0,0.004354386077436352,Non-Switch
13078.0,0.0043544028726170995,Non-Switch
13079.0,0.004354403880327945,Non-Switch
1308.0,0.004354332668761571,Non-Switch
13080.0,0.004354392123701421,Non-Switch
13081.0,0.004354399177677335,Non-Switch
13082.0,0.004354412277918319,Non-Switch
13083.0,0.004354440493821976,Non-Switch
13084.0,0.004354488192135301,Non-Switch
13085.0,0.004354476099605162,Non-Switch
13086.0,0.004354514056713653,Non-Switch
13087.0,0.004354461319846104,Non-Switch
13088.0,0.0043546074379186145,Non-Switch
13089.0,0.004354508346352199,Non-Switch
1309.0,0.004354332668761571,Non-Switch
13090.0,0.0043544935665931405,Non-Switch
13091.0,0.004354462999364178,Non-Switch
13092.0,0.004354570152617353,Non-Switch
13093.0,0.0043544539299665746,Non-Switch
13094.0,0.004354444524665355,Non-Switch
13095.0,0.004354586611894486,Non-Switch
13096.0,0.004354487184424456,Non-Switch
13097.0,0.004354493230689526,Non-Switch
13098.0,0.004354464678882253,Non-Switch
13099.0,0.00435440220080987,Non-Switch
131.0,0.004539887169283483,Non-Switch
1310.0,0.004354332668761571,Non-Switch
13100.0,0.004354412277918319,Non-Switch
13101.0,0.004354440493821976,Non-Switch
13102.0,0.004355422340088523,Non-Switch
13103.0,0.004354835852376791,Non-Switch
13104.0,0.004354813010930974,Non-Switch
13105.0,0.0043549309130998266,Non-Switch
13106.0,0.004354475091894318,Non-Switch
13107.0,0.004354516408038958,Non-Switch
13108.0,0.00435444754779789,Non-Switch
13109.0,0.004354443516954511,Non-Switch
1311.0,0.004354332668761571,Non-Switch
13110.0,0.004354454265870189,Non-Switch
13111.0,0.004354387421050811,Non-Switch
13112.0,0.004354387421050811,Non-Switch
13113.0,0.004354380702978512,Non-Switch
13114.0,0.004354459304424414,Non-Switch
13115.0,0.004354408247074939,Non-Switch
13116.0,0.004354454265870189,Non-Switch
13117.0,0.0043546074379186145,Non-Switch
13118.0,0.004354430080809912,Non-Switch
13119.0,0.004354447883701505,Non-Switch
1312.0,0.004354335020086877,Non-Switch
13120.0,0.0043544935665931405,Non-Switch
13121.0,0.0043544159728580835,Non-Switch
13122.0,0.004354464342978638,Non-Switch
13123.0,0.004354444524665355,Non-Switch
13124.0,0.004355284619606386,Non-Switch
13125.0,0.0043551569762326995,Non-Switch
13126.0,0.004354764640810418,Non-Switch
13127.0,0.004354983314063762,Non-Switch
13128.0,0.004355083413341021,Non-Switch
13129.0,0.004355016568521644,Non-Switch
1313.0,0.004354334348279646,Non-Switch
13130.0,0.004356462297680459,Non-Switch
13131.0,0.004356755205632709,Non-Switch
13132.0,0.004355924180089283,Non-Switch
13133.0,0.004357091781054906,Non-Switch
13134.0,0.0043559963993665,Non-Switch
13135.0,0.0043609378774462715,Non-Switch
13136.0,0.004356126394065492,Non-Switch
13137.0,0.004358426662020782,Non-Switch
13138.0,0.0043578072557547845,Non-Switch
13139.0,0.004359739373348071,Non-Switch
1314.0,0.004354332668761571,Non-Switch
13140.0,0.004360283537204317,Non-Switch
13141.0,0.004357625195995473,Non-Switch
13142.0,0.004357838830694591,Non-Switch
13143.0,0.004356524103945612,Non-Switch
13144.0,0.004358123005152852,Non-Switch
13145.0,0.0043755792442154275,Non-Switch
13146.0,0.004356441471656331,Non-Switch
13147.0,0.00435734908322397,Non-Switch
13148.0,0.004359361481781234,Non-Switch
13149.0,0.004359357115034239,Non-Switch
1315.0,0.004354334348279646,Non-Switch
13150.0,0.004365861552634449,Non-Switch
13151.0,0.004365504822995355,Non-Switch
13152.0,0.004401808949797311,Non-Switch
13153.0,0.00443317999610987,Non-Switch
13154.0,0.004555334032921329,Non-Switch
13155.0,0.004472969122917103,Non-Switch
13156.0,0.0044022012852195916,Non-Switch
13157.0,0.004380421630728784,Non-Switch
13158.0,0.004379595307835966,Non-Switch
13159.0,0.004375700841324046,Non-Switch
1316.0,0.004354332668761571,Non-Switch
13160.0,0.004370120810472223,Non-Switch
13161.0,0.004388932084717573,Non-Switch
13162.0,0.0044096721175200596,Non-Switch
13163.0,0.004399032034612383,Non-Switch
13164.0,0.004383628166637253,Non-Switch
13165.0,0.004410637168605859,Non-Switch
13166.0,0.004430224044298166,Non-Switch
13167.0,0.004384600271698966,Non-Switch
13168.0,0.004630724912071623,Non-Switch
13169.0,0.004367237749744966,Non-Switch
1317.0,0.004354332668761571,Non-Switch
13170.0,0.004365695616248656,Non-Switch
13171.0,0.004372005229752185,Non-Switch
13172.0,0.004371507420594805,Non-Switch
13173.0,0.0043904711950813495,Non-Switch
13174.0,0.004368189700589781,Non-Switch
13175.0,0.00437480095553955,Non-Switch
13176.0,0.004435290814426319,Non-Switch
13177.0,0.004440066020216682,Non-Switch
13178.0,0.004392109732915156,Non-Switch
13179.0,0.0048252487109203684,Non-Switch
1318.0,0.004354332668761571,Non-Switch
13180.0,0.004466908078088649,Non-Switch
13181.0,0.0043997192934086046,Non-Switch
13182.0,0.004412208189813057,Non-Switch
13183.0,0.004546060070015722,Non-Switch
13184.0,0.008477638221028767,Non-Switch
13185.0,0.022560420791749105,Non-Switch
13186.0,0.0380154777905713,Non-Switch
13187.0,0.07502029415888946,Non-Switch
13188.0,0.12405951321723616,Non-Switch
13189.0,0.22071980389274615,Non-Switch
1319.0,0.004354333340568802,Non-Switch
13190.0,0.3807971062343964,Non-Switch
13191.0,0.6266920960235736,Non-Switch
13192.0,0.934698018232576,Non-Switch
13193.0,0.947500320771478,Non-Switch
13194.0,0.9909798566753828,Non-Switch
13195.0,0.06597043808350032,Non-Switch
13196.0,0.0485673201622105,Non-Switch
13197.0,0.2943072030981408,Non-Switch
13198.0,0.10121763744289222,Non-Switch
13199.0,0.07211813529570012,Non-Switch
132.0,0.004644214129441445,Non-Switch
1320.0,0.004354332668761571,Non-Switch
13200.0,0.014618525323338735,Non-Switch
13201.0,0.012899991371821039,Non-Switch
13202.0,0.018111844989350864,Non-Switch
13203.0,0.004476898859308595,Non-Switch
13204.0,0.005636427725160624,Non-Switch
13205.0,0.021352113682449724,Non-Switch
13206.0,0.004557366921599106,Non-Switch
13207.0,0.005467648922977365,Non-Switch
13208.0,0.005071060625027493,Non-Switch
13209.0,0.0050080639174622296,Non-Switch
1321.0,0.004354332668761571,Non-Switch
13210.0,0.00486045140976885,Non-Switch
13211.0,0.004504448666097296,Non-Switch
13212.0,0.004423385046697449,Non-Switch
13213.0,0.0044278102409210165,Non-Switch
13214.0,0.00439306840183227,Non-Switch
13215.0,0.004382826028804713,Non-Switch
13216.0,0.004454704027949689,Non-Switch
13217.0,0.004368919283241488,Non-Switch
13218.0,0.004370787915051547,Non-Switch
13219.0,0.004372780159391913,Non-Switch
1322.0,0.004354332668761571,Non-Switch
13220.0,0.004366628420587417,Non-Switch
13221.0,0.00437745560180863,Non-Switch
13222.0,0.004364577057210817,Non-Switch
13223.0,0.004363938504438766,Non-Switch
13224.0,0.004381133746392513,Non-Switch
13225.0,0.004373097588308056,Non-Switch
13226.0,0.004377383046627797,Non-Switch
13227.0,0.004363447749257301,Non-Switch
13228.0,0.004367473889986288,Non-Switch
13229.0,0.004362407791665365,Non-Switch
1323.0,0.004354332668761571,Non-Switch
13230.0,0.004497683231388257,Non-Switch
13231.0,0.00437075969914789,Non-Switch
13232.0,0.004371100977220695,Non-Switch
13233.0,0.004371193014811196,Non-Switch
13234.0,0.00436904793432602,Non-Switch
13235.0,0.004372766723247314,Non-Switch
13236.0,0.004374624942045308,Non-Switch
13237.0,0.0043723149328851844,Non-Switch
13238.0,0.004369557836013539,Non-Switch
13239.0,0.004358579834069207,Non-Switch
1324.0,0.004354332668761571,Non-Switch
13240.0,0.004373101619151436,Non-Switch
13241.0,0.0043768744885547385,Non-Switch
13242.0,0.004372964570476529,Non-Switch
13243.0,0.004383789064468822,Non-Switch
13244.0,0.004383486415311737,Non-Switch
13245.0,0.004390249834599087,Non-Switch
13246.0,0.004412900823067117,Non-Switch
13247.0,0.004400547631723112,Non-Switch
13248.0,0.004645657171371341,Non-Switch
13249.0,0.004375502994094831,Non-Switch
1325.0,0.004354332668761571,Non-Switch
13250.0,0.004364337893836961,Non-Switch
13251.0,0.0043656082813087645,Non-Switch
13252.0,0.004422917804769031,Non-Switch
13253.0,0.00437435722686418,Non-Switch
13254.0,0.0044138541175263914,Non-Switch
13255.0,0.004380007797475145,Non-Switch
13256.0,0.004378097513616831,Non-Switch
13257.0,0.004358006110694844,Non-Switch
13258.0,0.004357329936717917,Non-Switch
13259.0,0.004355678298643127,Non-Switch
1326.0,0.004354332668761571,Non-Switch
13260.0,0.004356874115512407,Non-Switch
13261.0,0.004356303751174195,Non-Switch
13262.0,0.0043555036287633445,Non-Switch
13263.0,0.004355885215269946,Non-Switch
13264.0,0.004355167725148378,Non-Switch
13265.0,0.004355180489485746,Non-Switch
13266.0,0.004355168396955608,Non-Switch
13267.0,0.004355224828762922,Non-Switch
13268.0,0.0043548039415333695,Non-Switch
13269.0,0.004354858022015379,Non-Switch
1327.0,0.004354332668761571,Non-Switch
13270.0,0.004354858693822609,Non-Switch
13271.0,0.004354963159846864,Non-Switch
13272.0,0.004355225500570152,Non-Switch
13273.0,0.004355934929004961,Non-Switch
13274.0,0.004355578199365867,Non-Switch
13275.0,0.004355783772378227,Non-Switch
13276.0,0.004355451227799409,Non-Switch
13277.0,0.0043549460287625,Non-Switch
13278.0,0.004354880191653967,Non-Switch
13279.0,0.004354808308280364,Non-Switch
1328.0,0.004354332668761571,Non-Switch
13280.0,0.004355032020087931,Non-Switch
13281.0,0.0043551999718954145,Non-Switch
13282.0,0.004354966182979398,Non-Switch
13283.0,0.004355068297678348,Non-Switch
13284.0,0.004355760259125179,Non-Switch
13285.0,0.004355930226354352,Non-Switch
13286.0,0.004355384047076416,Non-Switch
13287.0,0.004354591986352326,Non-Switch
13288.0,0.00435494938779865,Non-Switch
13289.0,0.004355039409967461,Non-Switch
1329.0,0.004354332668761571,Non-Switch
13290.0,0.00435474515840075,Non-Switch
13291.0,0.004354702162738034,Non-Switch
13292.0,0.004354788825870696,Non-Switch
13293.0,0.004354700147316344,Non-Switch
13294.0,0.004354524469725718,Non-Switch
13295.0,0.004354602063460775,Non-Switch
13296.0,0.004354764640810418,Non-Switch
13297.0,0.004354906392135934,Non-Switch
13298.0,0.0043548351805695615,Non-Switch
13299.0,0.004354817713581583,Non-Switch
133.0,0.004881233094619593,Non-Switch
1330.0,0.004354332668761571,Non-Switch
13300.0,0.004354844921774396,Non-Switch
13301.0,0.0043562513502102595,Non-Switch
13302.0,0.004355721966113072,Non-Switch
13303.0,0.004355808965149349,Non-Switch
13304.0,0.004355938959848341,Non-Switch
13305.0,0.00435694868611493,Non-Switch
13306.0,0.004356835150693072,Non-Switch
13307.0,0.004356602033584285,Non-Switch
13308.0,0.004360776643711087,Non-Switch
13309.0,0.004358817653828603,Non-Switch
1331.0,0.004354332668761571,Non-Switch
13310.0,0.004358525417683582,Non-Switch
13311.0,0.004357638632140071,Non-Switch
13312.0,0.004355684680811812,Non-Switch
13313.0,0.004355533860088691,Non-Switch
13314.0,0.004355237593100291,Non-Switch
13315.0,0.004354905720328704,Non-Switch
13316.0,0.0043548466012924706,Non-Switch
13317.0,0.004354846265388855,Non-Switch
13318.0,0.004354908407557624,Non-Switch
13319.0,0.00435485063213585,Non-Switch
1332.0,0.004354332668761571,Non-Switch
13320.0,0.0043550464639433755,Non-Switch
13321.0,0.004355015896714413,Non-Switch
13322.0,0.004355266816714793,Non-Switch
13323.0,0.0043559557550290895,Non-Switch
13324.0,0.004355654785390079,Non-Switch
13325.0,0.004355841547800001,Non-Switch
13326.0,0.004355844906836151,Non-Switch
13327.0,0.0043558946205711655,Non-Switch
13328.0,0.00435554595261883,Non-Switch
13329.0,0.004355375313582427,Non-Switch
1333.0,0.004354332668761571,Non-Switch
13330.0,0.004355083749244637,Non-Switch
13331.0,0.00435499809382282,Non-Switch
13332.0,0.004354841226834631,Non-Switch
13333.0,0.004355186535750817,Non-Switch
13334.0,0.004467774709415262,Non-Switch
13335.0,0.004364835367090727,Non-Switch
13336.0,0.006566510572833923,Non-Switch
13337.0,0.008058110057501993,Non-Switch
13338.0,0.004392887013880188,Non-Switch
13339.0,0.004381108217717775,Non-Switch
1334.0,0.004354332668761571,Non-Switch
13340.0,0.004400972213892429,Non-Switch
13341.0,0.004383454504468315,Non-Switch
13342.0,0.004410147757038852,Non-Switch
13343.0,0.004398984336299058,Non-Switch
13344.0,0.004398885580636258,Non-Switch
13345.0,0.0043616822398570365,Non-Switch
13346.0,0.0043577380596101015,Non-Switch
13347.0,0.004356564412379409,Non-Switch
13348.0,0.004355908392619379,Non-Switch
13349.0,0.0043558650610530485,Non-Switch
1335.0,0.004354332668761571,Non-Switch
13350.0,0.004355720286594998,Non-Switch
13351.0,0.004355801911173435,Non-Switch
13352.0,0.004355776382498697,Non-Switch
13353.0,0.004355715583944388,Non-Switch
13354.0,0.0043556621752696085,Non-Switch
13355.0,0.004355669565149138,Non-Switch
13356.0,0.004355873122739808,Non-Switch
13357.0,0.0043560679468364885,Non-Switch
13358.0,0.004356186184908956,Non-Switch
13359.0,0.004356810293825564,Non-Switch
1336.0,0.004354332668761571,Non-Switch
13360.0,0.004356603041295129,Non-Switch
13361.0,0.004355930226354352,Non-Switch
13362.0,0.0043561240427401875,Non-Switch
13363.0,0.004356122363222113,Non-Switch
13364.0,0.004355761602739639,Non-Switch
13365.0,0.004360377590216507,Non-Switch
13366.0,0.004356173420571588,Non-Switch
13367.0,0.004356282253342837,Non-Switch
13368.0,0.0043561324403305615,Non-Switch
13369.0,0.004355753205149264,Non-Switch
1337.0,0.004354332668761571,Non-Switch
13370.0,0.004355708529968474,Non-Switch
13371.0,0.004355684009004581,Non-Switch
13372.0,0.004355641013341866,Non-Switch
13373.0,0.004355719278884153,Non-Switch
13374.0,0.0043563007280416595,Non-Switch
13375.0,0.004357334975272142,Non-Switch
13376.0,0.004358435395514771,Non-Switch
13377.0,0.004357548945874875,Non-Switch
13378.0,0.004355805270209585,Non-Switch
13379.0,0.004355537219124841,Non-Switch
1338.0,0.004354332668761571,Non-Switch
13380.0,0.004355399498642705,Non-Switch
13381.0,0.004355191238401426,Non-Switch
13382.0,0.004356068618643718,Non-Switch
13383.0,0.004356578520331237,Non-Switch
13384.0,0.004355676619125053,Non-Switch
13385.0,0.004355433424907816,Non-Switch
13386.0,0.004355053853822904,Non-Switch
13387.0,0.004355011194063804,Non-Switch
13388.0,0.004354982306352916,Non-Switch
13389.0,0.004354873473581667,Non-Switch
1339.0,0.004354332668761571,Non-Switch
13390.0,0.004354997757919205,Non-Switch
13391.0,0.004354877504425047,Non-Switch
13392.0,0.004354837195991251,Non-Switch
13393.0,0.004354714927075403,Non-Switch
13394.0,0.00435475187647305,Non-Switch
13395.0,0.004354754899605584,Non-Switch
13396.0,0.004354809651894824,Non-Switch
13397.0,0.00435479923888276,Non-Switch
13398.0,0.004354817713581583,Non-Switch
13399.0,0.004354832157437026,Non-Switch
134.0,0.004661385858142144,Non-Switch
1340.0,0.004354332668761571,Non-Switch
13400.0,0.004354776061533327,Non-Switch
13401.0,0.004354837867798481,Non-Switch
13402.0,0.004354591650448711,Non-Switch
13403.0,0.004354833165147872,Non-Switch
13404.0,0.004354837195991251,Non-Switch
13405.0,0.004354794200328535,Non-Switch
13406.0,0.004354888925147956,Non-Switch
13407.0,0.004355186535750817,Non-Switch
13408.0,0.0043557018118961744,Non-Switch
13409.0,0.004355179817678517,Non-Switch
1341.0,0.004354332668761571,Non-Switch
13410.0,0.0043552611063533385,Non-Switch
13411.0,0.0043555546861128195,Non-Switch
13412.0,0.004355684680811812,Non-Switch
13413.0,0.004355667885631063,Non-Switch
13414.0,0.004355569129968263,Non-Switch
13415.0,0.0043556225386430425,Non-Switch
13416.0,0.004355226508280997,Non-Switch
13417.0,0.004355532180570616,Non-Switch
13418.0,0.004355467687076543,Non-Switch
13419.0,0.004355443837919881,Non-Switch
1342.0,0.004354332668761571,Non-Switch
13420.0,0.0043553699391245876,Non-Switch
13421.0,0.004354982306352916,Non-Switch
13422.0,0.004354861045147914,Non-Switch
13423.0,0.004354735417195916,Non-Switch
13424.0,0.004354879519846737,Non-Switch
13425.0,0.004354913110208233,Non-Switch
13426.0,0.004354760274063424,Non-Switch
13427.0,0.004354782107798397,Non-Switch
13428.0,0.0043547330658706114,Non-Switch
13429.0,0.004354782779605626,Non-Switch
1343.0,0.004354332668761571,Non-Switch
13430.0,0.004354580565629417,Non-Switch
13431.0,0.004354714591171789,Non-Switch
13432.0,0.0043545547010510645,Non-Switch
13433.0,0.004354580565629417,Non-Switch
13434.0,0.004354591650448711,Non-Switch
13435.0,0.004354515400328113,Non-Switch
13436.0,0.004354569480810123,Non-Switch
13437.0,0.00435454831888238,Non-Switch
13438.0,0.0043545547010510645,Non-Switch
13439.0,0.004354698131894655,Non-Switch
1344.0,0.004354332668761571,Non-Switch
13440.0,0.004354523797918487,Non-Switch
13441.0,0.004354540929002851,Non-Switch
13442.0,0.004354571832135428,Non-Switch
13443.0,0.004354727355509157,Non-Switch
13444.0,0.004354851975750309,Non-Switch
13445.0,0.004354781100087551,Non-Switch
13446.0,0.0043545661217739735,Non-Switch
13447.0,0.004354666556954848,Non-Switch
13448.0,0.004354569816713737,Non-Switch
13449.0,0.004354542608520926,Non-Switch
1345.0,0.004354333340568802,Non-Switch
13450.0,0.004354468373822018,Non-Switch
13451.0,0.0043544572890027245,Non-Switch
13452.0,0.004354454265870189,Non-Switch
13453.0,0.004354521446593183,Non-Switch
13454.0,0.004354512377195578,Non-Switch
13455.0,0.004354499948761825,Non-Switch
13456.0,0.004354573847557118,Non-Switch
13457.0,0.0043548106596056685,Non-Switch
13458.0,0.0043546238971957476,Non-Switch
13459.0,0.004354754899605584,Non-Switch
1346.0,0.004354335691894106,Non-Switch
13460.0,0.004354810995509284,Non-Switch
13461.0,0.0043549473723769605,Non-Switch
13462.0,0.004354806964665904,Non-Switch
13463.0,0.004354828462497262,Non-Switch
13464.0,0.004354755571412814,Non-Switch
13465.0,0.004354481809966617,Non-Switch
13466.0,0.004354512713099194,Non-Switch
13467.0,0.004354505659123279,Non-Switch
13468.0,0.004354583588761951,Non-Switch
13469.0,0.004354740119846526,Non-Switch
1347.0,0.004354332668761571,Non-Switch
13470.0,0.004354915797437154,Non-Switch
13471.0,0.004354634982015041,Non-Switch
13472.0,0.0043546322947861215,Non-Switch
13473.0,0.004354631287075277,Non-Switch
13474.0,0.004354984321774606,Non-Switch
13475.0,0.0043552328904496816,Non-Switch
13476.0,0.004355161678883309,Non-Switch
13477.0,0.004355177802256827,Non-Switch
13478.0,0.004355314850931733,Non-Switch
13479.0,0.0043552742065943225,Non-Switch
1348.0,0.004354334348279646,Non-Switch
13480.0,0.004355337020570321,Non-Switch
13481.0,0.004356959435030609,Non-Switch
13482.0,0.004357090437440446,Non-Switch
13483.0,0.004359327555516122,Non-Switch
13484.0,0.004356724302500133,Non-Switch
13485.0,0.004360982216723447,Non-Switch
13486.0,0.00436154989383274,Non-Switch
13487.0,0.0043585267612980426,Non-Switch
13488.0,0.0043587249444308725,Non-Switch
13489.0,0.004362002020098485,Non-Switch
1349.0,0.004354332668761571,Non-Switch
13490.0,0.00435774343406794,Non-Switch
13491.0,0.004356499918885335,Non-Switch
13492.0,0.004355957770450779,Non-Switch
13493.0,0.00435555065526944,Non-Switch
13494.0,0.00435605047984851,Non-Switch
13495.0,0.004355607758883984,Non-Switch
13496.0,0.004355426706835517,Non-Switch
13497.0,0.00435509483406393,Non-Switch
13498.0,0.004355117003702518,Non-Switch
13499.0,0.004358171375273408,Non-Switch
135.0,0.004490956089691325,Non-Switch
1350.0,0.004354332668761571,Non-Switch
13500.0,0.004356916775271508,Non-Switch
13501.0,0.004364697982512205,Non-Switch
13502.0,0.004356978581536662,Non-Switch
13503.0,0.004364332519379122,Non-Switch
13504.0,0.004383581140131158,Non-Switch
13505.0,0.00440866575028962,Non-Switch
13506.0,0.004385670460616249,Non-Switch
13507.0,0.004391180623516159,Non-Switch
13508.0,0.004404976520886444,Non-Switch
13509.0,0.004384780316036588,Non-Switch
1351.0,0.004354332668761571,Non-Switch
13510.0,0.004817981100306955,Non-Switch
13511.0,0.004441551050098448,Non-Switch
13512.0,0.004512607093097601,Non-Switch
13513.0,0.006134585550493198,Non-Switch
13514.0,0.004655756449458921,Non-Switch
13515.0,0.004522191766847052,Non-Switch
13516.0,0.004638707997384916,Non-Switch
13517.0,0.004413289799453248,Non-Switch
13518.0,0.004577066325002427,Non-Switch
13519.0,0.004409127953663814,Non-Switch
1352.0,0.004354332668761571,Non-Switch
13520.0,0.004384193828324856,Non-Switch
13521.0,0.004394989098702648,Non-Switch
13522.0,0.004364514579138434,Non-Switch
13523.0,0.004375644409516731,Non-Switch
13524.0,0.005966418764696408,Non-Switch
13525.0,0.00731413124866469,Non-Switch
13526.0,0.004377742799399426,Non-Switch
13527.0,0.004376923866386139,Non-Switch
13528.0,0.0048187778636816555,Non-Switch
13529.0,0.0053514954683436654,Non-Switch
1353.0,0.004354332668761571,Non-Switch
13530.0,0.005776484081035333,Non-Switch
13531.0,0.004511090152372412,Non-Switch
13532.0,0.004406507569563461,Non-Switch
13533.0,0.0043854709338689585,Non-Switch
13534.0,0.00437765445674869,Non-Switch
13535.0,0.004391854446167781,Non-Switch
13536.0,0.004385330862061518,Non-Switch
13537.0,0.004375719651926483,Non-Switch
13538.0,0.004367899143962835,Non-Switch
13539.0,0.0044367943190069085,Non-Switch
1354.0,0.004354334348279646,Non-Switch
13540.0,0.004595455704307379,Non-Switch
13541.0,0.004364481660584167,Non-Switch
13542.0,0.004360736335277292,Non-Switch
13543.0,0.004382169001333839,Non-Switch
13544.0,0.004491470694029453,Non-Switch
13545.0,0.004372168478909058,Non-Switch
13546.0,0.004370494335292066,Non-Switch
13547.0,0.004374977304937408,Non-Switch
13548.0,0.0043768187285546534,Non-Switch
13549.0,0.004362286866363976,Non-Switch
1355.0,0.004354332668761571,Non-Switch
13550.0,0.004361529067808612,Non-Switch
13551.0,0.004366338535767701,Non-Switch
13552.0,0.00436109743166338,Non-Switch
13553.0,0.004358971833587873,Non-Switch
13554.0,0.00436489582974142,Non-Switch
13555.0,0.004360201576722265,Non-Switch
13556.0,0.004360472315035928,Non-Switch
13557.0,0.004363975117932798,Non-Switch
13558.0,0.004368367393602099,Non-Switch
13559.0,0.0043640752172100575,Non-Switch
1356.0,0.004354334348279646,Non-Switch
13560.0,0.004362489416243801,Non-Switch
13561.0,0.004980324996938302,Non-Switch
13562.0,0.008575694532502535,Non-Switch
13563.0,0.04913601841849325,Non-Switch
13564.0,0.2004328163882947,Non-Switch
13565.0,0.015112921699990914,Non-Switch
13566.0,0.5006630374886565,Non-Switch
13567.0,0.49154060473460326,Non-Switch
13568.0,0.016335042509552172,Non-Switch
13569.0,0.288108819374057,Non-Switch
1357.0,0.004354333340568802,Non-Switch
13570.0,0.07166904022417678,Non-Switch
13571.0,0.059760671257712575,Non-Switch
13572.0,0.00965928466040826,Non-Switch
13573.0,0.008036500706143973,Non-Switch
13574.0,0.019662304864469498,Non-Switch
13575.0,0.007410125783749795,Non-Switch
13576.0,0.006977250154178715,Non-Switch
13577.0,0.007565457692418718,Non-Switch
13578.0,0.005703461994177783,Non-Switch
13579.0,0.004883637156791907,Non-Switch
1358.0,0.004354334012376031,Non-Switch
13580.0,0.0043588257155153624,Non-Switch
13581.0,0.004357638632140071,Non-Switch
13582.0,0.004357869733827168,Non-Switch
13583.0,0.0043565005906925644,Non-Switch
13584.0,0.004357060206115099,Non-Switch
13585.0,0.004355907720812149,Non-Switch
13586.0,0.0043565697868372475,Non-Switch
13587.0,0.004356213057198154,Non-Switch
13588.0,0.004356271504427158,Non-Switch
13589.0,0.004358258038406069,Non-Switch
1359.0,0.004354333340568802,Non-Switch
13590.0,0.004356913752138974,Non-Switch
13591.0,0.004358211347803589,Non-Switch
13592.0,0.00435955462635984,Non-Switch
13593.0,0.004359797820577075,Non-Switch
13594.0,0.004361722548290833,Non-Switch
13595.0,0.00436175412323064,Non-Switch
13596.0,0.004361646969977466,Non-Switch
13597.0,0.00436115688660323,Non-Switch
13598.0,0.004363136702509841,Non-Switch
13599.0,0.004432367781168881,Non-Switch
136.0,0.004947678188696101,Non-Switch
1360.0,0.004354332668761571,Non-Switch
13600.0,0.004512027659361783,Non-Switch
13601.0,0.004710854719421864,Non-Switch
13602.0,0.007355089320052006,Non-Switch
13603.0,0.009727383072077633,Non-Switch
13604.0,0.011114555497310481,Non-Switch
13605.0,0.02187397756950494,Non-Switch
13606.0,0.0539060056102938,Non-Switch
13607.0,0.07726658105963996,Non-Switch
13608.0,0.08738981310581093,Non-Switch
13609.0,0.11700334452414277,Non-Switch
1361.0,0.004354332668761571,Non-Switch
13610.0,0.00972341067592704,Non-Switch
13611.0,0.01526061717587719,Non-Switch
13612.0,0.05955109964872056,Non-Switch
13613.0,0.026763426866546612,Non-Switch
13614.0,0.026207834225705388,Non-Switch
13615.0,0.009606600193822465,Non-Switch
13616.0,0.009866541221685923,Non-Switch
13617.0,0.010798520581169322,Non-Switch
13618.0,0.004667995433573838,Non-Switch
13619.0,0.004388510189777175,Non-Switch
1362.0,0.004354333340568802,Non-Switch
13620.0,0.004362278132869987,Non-Switch
13621.0,0.004360103492866695,Non-Switch
13622.0,0.00437490374204573,Non-Switch
13623.0,0.004355866404667509,Non-Switch
13624.0,0.004355878497197647,Non-Switch
13625.0,0.0043555761839441775,Non-Switch
13626.0,0.0043554959029802,Non-Switch
13627.0,0.004355168396955608,Non-Switch
13628.0,0.004355433089004201,Non-Switch
13629.0,0.004355586932859856,Non-Switch
1363.0,0.004354333340568802,Non-Switch
13630.0,0.004355063259124123,Non-Switch
13631.0,0.004354958121292639,Non-Switch
13632.0,0.004354962823943248,Non-Switch
13633.0,0.00435495140322034,Non-Switch
13634.0,0.004355062251413279,Non-Switch
13635.0,0.004355064938642198,Non-Switch
13636.0,0.004355119690931438,Non-Switch
13637.0,0.004355493215751281,Non-Switch
13638.0,0.004354973572858928,Non-Switch
13639.0,0.004354837867798481,Non-Switch
1364.0,0.004354333340568802,Non-Switch
13640.0,0.004355177802256827,Non-Switch
13641.0,0.004354976931895077,Non-Switch
13642.0,0.004354888925147956,Non-Switch
13643.0,0.004354888589244341,Non-Switch
13644.0,0.004354773374304407,Non-Switch
13645.0,0.004354983985870991,Non-Switch
13646.0,0.004355132791172421,Non-Switch
13647.0,0.004355003132377045,Non-Switch
13648.0,0.004355088115991631,Non-Switch
13649.0,0.00435495341864203,Non-Switch
1365.0,0.004354333340568802,Non-Switch
13650.0,0.0043547428070754455,Non-Switch
13651.0,0.004354767328039338,Non-Switch
13652.0,0.00435459299406317,Non-Switch
13653.0,0.004354575527075192,Non-Switch
13654.0,0.004354502635990745,Non-Switch
13655.0,0.004354503307797975,Non-Switch
13656.0,0.0043545184234606476,Non-Switch
13657.0,0.004354514728520884,Non-Switch
13658.0,0.004354479794544927,Non-Switch
13659.0,0.004354516072135343,Non-Switch
1366.0,0.004354337371412181,Non-Switch
13660.0,0.004354507338641354,Non-Switch
13661.0,0.004354474420087087,Non-Switch
13662.0,0.004354504315508819,Non-Switch
13663.0,0.004354582581051107,Non-Switch
13664.0,0.0043545943376776305,Non-Switch
13665.0,0.004354731050448922,Non-Switch
13666.0,0.00435479587984661,Non-Switch
13667.0,0.0043545859400872565,Non-Switch
13668.0,0.004354979619123997,Non-Switch
13669.0,0.00435524498297982,Non-Switch
1367.0,0.004354333340568802,Non-Switch
13670.0,0.0043555365473176115,Non-Switch
13671.0,0.0043564441588852506,Non-Switch
13672.0,0.004356321889969403,Non-Switch
13673.0,0.0043559624731013885,Non-Switch
13674.0,0.004355683001293737,Non-Switch
13675.0,0.004355818370450568,Non-Switch
13676.0,0.004355404201293315,Non-Switch
13677.0,0.0043634380080524665,Non-Switch
13678.0,0.004355617164185203,Non-Switch
13679.0,0.004357055503464489,Non-Switch
1368.0,0.004354332668761571,Non-Switch
13680.0,0.0043551307757507315,Non-Switch
13681.0,0.004355788475028836,Non-Switch
13682.0,0.004375383076504287,Non-Switch
13683.0,0.004385406104471271,Non-Switch
13684.0,0.004355811316474654,Non-Switch
13685.0,0.004370915894328849,Non-Switch
13686.0,0.004372780495295527,Non-Switch
13687.0,0.0043570333338259016,Non-Switch
13688.0,0.004356940288524556,Non-Switch
13689.0,0.00435804910635756,Non-Switch
1369.0,0.004354332668761571,Non-Switch
13690.0,0.004357382673585467,Non-Switch
13691.0,0.004358578826358362,Non-Switch
13692.0,0.004356022263944852,Non-Switch
13693.0,0.00435799972852616,Non-Switch
13694.0,0.00435724764033225,Non-Switch
13695.0,0.004356673916957887,Non-Switch
13696.0,0.004356174428282432,Non-Switch
13697.0,0.004367439627817562,Non-Switch
13698.0,0.004365744658176441,Non-Switch
13699.0,0.004360028250456942,Non-Switch
137.0,0.004525985462274483,Non-Switch
1370.0,0.004354332668761571,Non-Switch
13700.0,0.004359995331902676,Non-Switch
13701.0,0.004361505890459179,Non-Switch
13702.0,0.004362528381063138,Non-Switch
13703.0,0.0043635552384140896,Non-Switch
13704.0,0.004363742672631241,Non-Switch
13705.0,0.004361118593591123,Non-Switch
13706.0,0.0043616244644352625,Non-Switch
13707.0,0.004358022234068362,Non-Switch
13708.0,0.004357918103947723,Non-Switch
13709.0,0.004358695384912755,Non-Switch
1371.0,0.004354332668761571,Non-Switch
13710.0,0.004367729848540892,Non-Switch
13711.0,0.004368229001312732,Non-Switch
13712.0,0.004375224865901638,Non-Switch
13713.0,0.004377184191687737,Non-Switch
13714.0,0.004367951209023155,Non-Switch
13715.0,0.004361790736724671,Non-Switch
13716.0,0.0043671709049255885,Non-Switch
13717.0,0.0043574888191277965,Non-Switch
13718.0,0.0043640470013064005,Non-Switch
13719.0,0.004358072619610608,Non-Switch
1372.0,0.004354332668761571,Non-Switch
13720.0,0.0043588018663587,Non-Switch
13721.0,0.0043574854600916466,Non-Switch
13722.0,0.004357556335754405,Non-Switch
13723.0,0.00435895335888905,Non-Switch
13724.0,0.0043656539642004,Non-Switch
13725.0,0.004368434238421477,Non-Switch
13726.0,0.004380438425909532,Non-Switch
13727.0,0.004384766543988374,Non-Switch
13728.0,0.004368326077457458,Non-Switch
13729.0,0.004358806233105694,Non-Switch
1373.0,0.004354332668761571,Non-Switch
13730.0,0.004518970451179524,Non-Switch
13731.0,0.009460036041311397,Non-Switch
13732.0,0.009799052810981328,Non-Switch
13733.0,0.01099590157616697,Non-Switch
13734.0,0.022056588210745288,Non-Switch
13735.0,0.022050731395314733,Non-Switch
13736.0,0.022673964275294514,Non-Switch
13737.0,0.024301406540891156,Non-Switch
13738.0,0.02183189153377857,Non-Switch
13739.0,0.010231322470431008,Non-Switch
1374.0,0.004354332668761571,Non-Switch
13740.0,0.01011265780037182,Non-Switch
13741.0,0.010027863635424156,Non-Switch
13742.0,0.004365776904923477,Non-Switch
13743.0,0.004379297025425876,Non-Switch
13744.0,0.004364030206125652,Non-Switch
13745.0,0.0043615304114230724,Non-Switch
13746.0,0.004380239906873087,Non-Switch
13747.0,0.004368704640831525,Non-Switch
13748.0,0.004369627703965453,Non-Switch
13749.0,0.004375607460119085,Non-Switch
1375.0,0.004354332668761571,Non-Switch
13750.0,0.004367763774806004,Non-Switch
13751.0,0.004371582998908172,Non-Switch
13752.0,0.004366431245165432,Non-Switch
13753.0,0.004364336886126117,Non-Switch
13754.0,0.004364782630223177,Non-Switch
13755.0,0.004365394646609646,Non-Switch
13756.0,0.004366973393599988,Non-Switch
13757.0,0.004362384950219547,Non-Switch
13758.0,0.0043623852861231615,Non-Switch
13759.0,0.004362673155521188,Non-Switch
1376.0,0.004354332668761571,Non-Switch
13760.0,0.004364620724680763,Non-Switch
13761.0,0.004393635407134333,Non-Switch
13762.0,0.004444368609620787,Non-Switch
13763.0,0.004372537972885521,Non-Switch
13764.0,0.004381869375309289,Non-Switch
13765.0,0.0044154976939144224,Non-Switch
13766.0,0.004374580266864518,Non-Switch
13767.0,0.00436655485769574,Non-Switch
13768.0,0.004370856775292615,Non-Switch
13769.0,0.004365490043236296,Non-Switch
1377.0,0.004354332668761571,Non-Switch
13770.0,0.0043592959805763155,Non-Switch
13771.0,0.00435785092322473,Non-Switch
13772.0,0.004359493491901916,Non-Switch
13773.0,0.004361267734796169,Non-Switch
13774.0,0.004360280178168167,Non-Switch
13775.0,0.004355384382980032,Non-Switch
13776.0,0.004355112301051909,Non-Switch
13777.0,0.004355051166593985,Non-Switch
13778.0,0.004355284619606386,Non-Switch
13779.0,0.004356141509728166,Non-Switch
1378.0,0.004354332668761571,Non-Switch
13780.0,0.004355183176714667,Non-Switch
13781.0,0.004355253044666579,Non-Switch
13782.0,0.004354915797437154,Non-Switch
13783.0,0.004355074343943418,Non-Switch
13784.0,0.0043556406774382505,Non-Switch
13785.0,0.004355129432136272,Non-Switch
13786.0,0.004355298055750985,Non-Switch
13787.0,0.004355147235027865,Non-Switch
13788.0,0.004355580214787557,Non-Switch
13789.0,0.004355417301534298,Non-Switch
1379.0,0.004354332668761571,Non-Switch
13790.0,0.00435514958635317,Non-Switch
13791.0,0.00435525371647381,Non-Switch
13792.0,0.004354997757919205,Non-Switch
13793.0,0.004354968198401088,Non-Switch
13794.0,0.0043549473723769605,Non-Switch
13795.0,0.004354808308280364,Non-Switch
13796.0,0.004354672939123533,Non-Switch
13797.0,0.004354618858641523,Non-Switch
13798.0,0.0043548748171961275,Non-Switch
13799.0,0.004354592322255941,Non-Switch
138.0,0.004403676237992909,Non-Switch
1380.0,0.004354332668761571,Non-Switch
13800.0,0.004354848952617775,Non-Switch
13801.0,0.004354800246593605,Non-Switch
13802.0,0.004354584932376411,Non-Switch
13803.0,0.0043546850316536715,Non-Switch
13804.0,0.004354607102014999,Non-Switch
13805.0,0.004354613148280068,Non-Switch
13806.0,0.004354578886111342,Non-Switch
13807.0,0.004354613484183684,Non-Switch
13808.0,0.004354620202255983,Non-Switch
13809.0,0.004354635653822271,Non-Switch
1381.0,0.004354332668761571,Non-Switch
13810.0,0.00435464640273795,Non-Switch
13811.0,0.004354697460087425,Non-Switch
13812.0,0.004354652784906634,Non-Switch
13813.0,0.004354628599846357,Non-Switch
13814.0,0.004354698803701885,Non-Switch
13815.0,0.004354586275990871,Non-Switch
13816.0,0.00435459500948486,Non-Switch
13817.0,0.004354716606593478,Non-Switch
13818.0,0.004354628263942742,Non-Switch
13819.0,0.004354542272617311,Non-Switch
1382.0,0.004354332668761571,Non-Switch
13820.0,0.004354834508762331,Non-Switch
13821.0,0.004354569144906508,Non-Switch
13822.0,0.0043548304779189514,Non-Switch
13823.0,0.004354566793581203,Non-Switch
13824.0,0.004354553693340219,Non-Switch
13825.0,0.004354595345388475,Non-Switch
13826.0,0.004354710560328409,Non-Switch
13827.0,0.0043545416008100805,Non-Switch
13828.0,0.00435454697526792,Non-Switch
13829.0,0.004354532867316092,Non-Switch
1383.0,0.004354332668761571,Non-Switch
13830.0,0.0043545597396052885,Non-Switch
13831.0,0.004354822416232192,Non-Switch
13832.0,0.004354832157437026,Non-Switch
13833.0,0.004354647410448795,Non-Switch
13834.0,0.004354688054786206,Non-Switch
13835.0,0.004354650769484944,Non-Switch
13836.0,0.00435490404081063,Non-Switch
13837.0,0.004354627928039127,Non-Switch
13838.0,0.004354654464424709,Non-Switch
13839.0,0.004354811667316514,Non-Switch
1384.0,0.004354332668761571,Non-Switch
13840.0,0.004354719629726013,Non-Switch
13841.0,0.00435464573093072,Non-Switch
13842.0,0.004411115495353571,Non-Switch
13843.0,0.006305047901594668,Non-Switch
13844.0,0.00666477917539235,Non-Switch
13845.0,0.005806083235778945,Non-Switch
13846.0,0.0061452612391840605,Non-Switch
13847.0,0.005493067085425489,Non-Switch
13848.0,0.006100664659839428,Non-Switch
13849.0,0.00607423576341387,Non-Switch
1385.0,0.004354332668761571,Non-Switch
13850.0,0.00501700869482517,Non-Switch
13851.0,0.004354480802255771,Non-Switch
13852.0,0.004354515400328113,Non-Switch
13853.0,0.004354506330930509,Non-Switch
13854.0,0.004354663197918699,Non-Switch
13855.0,0.004354663869725928,Non-Switch
13856.0,0.004354703506352494,Non-Switch
13857.0,0.004354592322255941,Non-Switch
13858.0,0.004354678985388602,Non-Switch
13859.0,0.0043550051477987345,Non-Switch
1386.0,0.004354332668761571,Non-Switch
13860.0,0.004355042769003611,Non-Switch
13861.0,0.004355277901534087,Non-Switch
13862.0,0.004367361026371659,Non-Switch
13863.0,0.0043555432653899105,Non-Switch
13864.0,0.004510636010684977,Non-Switch
13865.0,0.004454071857346322,Non-Switch
13866.0,0.0043745792591536724,Non-Switch
13867.0,0.004394475502075364,Non-Switch
13868.0,0.0043744999859005405,Non-Switch
13869.0,0.004386186408568838,Non-Switch
1387.0,0.004354332668761571,Non-Switch
13870.0,0.004405647656309147,Non-Switch
13871.0,0.004392325047132349,Non-Switch
13872.0,0.004394664951714205,Non-Switch
13873.0,0.004397628965212668,Non-Switch
13874.0,0.004377264808555329,Non-Switch
13875.0,0.0043960045353306915,Non-Switch
13876.0,0.005284858909206627,Non-Switch
13877.0,0.0051667605726422716,Non-Switch
13878.0,0.005331211256746688,Non-Switch
13879.0,0.005825317076771922,Non-Switch
1388.0,0.004354332668761571,Non-Switch
13880.0,0.005737616001940339,Non-Switch
13881.0,0.005651535326147353,Non-Switch
13882.0,0.005816785124951775,Non-Switch
13883.0,0.005397025187930674,Non-Switch
13884.0,0.004360816952144884,Non-Switch
13885.0,0.00435674512852426,Non-Switch
13886.0,0.004356477749246747,Non-Switch
13887.0,0.004358382994550837,Non-Switch
13888.0,0.004400061915095871,Non-Switch
13889.0,0.004525475560586964,Non-Switch
1389.0,0.004354332668761571,Non-Switch
13890.0,0.010627691423320308,Non-Switch
13891.0,0.024410650458164995,Non-Switch
13892.0,0.05040435822185943,Non-Switch
13893.0,0.11606860806778772,Non-Switch
13894.0,0.24112539493279891,Non-Switch
13895.0,0.44317160206666895,Non-Switch
13896.0,0.16250442899978296,Non-Switch
13897.0,0.7435355181802452,Non-Switch
13898.0,0.6925350089714591,Non-Switch
13899.0,0.020583931674539632,Non-Switch
139.0,0.004519794086843422,Non-Switch
1390.0,0.004354332668761571,Non-Switch
13900.0,0.13050191882506287,Non-Switch
13901.0,0.015416162047438002,Non-Switch
13902.0,0.009079215394951663,Non-Switch
13903.0,0.007053254393329937,Non-Switch
13904.0,0.005808091939396444,Non-Switch
13905.0,0.0062220649289389035,Non-Switch
13906.0,0.00544358613161563,Non-Switch
13907.0,0.004355567114546573,Non-Switch
13908.0,0.004355610782016519,Non-Switch
13909.0,0.00435519896418457,Non-Switch
1391.0,0.004354332668761571,Non-Switch
13910.0,0.004355424019606598,Non-Switch
13911.0,0.004355174443220677,Non-Switch
13912.0,0.004355371282739048,Non-Switch
13913.0,0.004355158319847159,Non-Switch
13914.0,0.00435530040707629,Non-Switch
13915.0,0.004355341723220931,Non-Switch
13916.0,0.004355324928040183,Non-Switch
13917.0,0.004355394124184866,Non-Switch
13918.0,0.004355289322256996,Non-Switch
13919.0,0.0043553319820160965,Non-Switch
1392.0,0.004354332668761571,Non-Switch
13920.0,0.004355358518401679,Non-Switch
13921.0,0.004355027317437322,Non-Switch
13922.0,0.004354993391172211,Non-Switch
13923.0,0.004355075015750647,Non-Switch
13924.0,0.004354994398883055,Non-Switch
13925.0,0.004354972565148082,Non-Switch
13926.0,0.004354877840328662,Non-Switch
13927.0,0.004354982306352916,Non-Switch
13928.0,0.004354882878882887,Non-Switch
13929.0,0.004354849624425005,Non-Switch
1393.0,0.004354332668761571,Non-Switch
13930.0,0.004354806964665904,Non-Switch
13931.0,0.004354825103461113,Non-Switch
13932.0,0.004354665549244003,Non-Switch
13933.0,0.004354796215750225,Non-Switch
13934.0,0.004354787482256236,Non-Switch
13935.0,0.004354603071171619,Non-Switch
13936.0,0.004354774717918867,Non-Switch
13937.0,0.004354761281774268,Non-Switch
13938.0,0.004354725004183852,Non-Switch
13939.0,0.0043548153622562785,Non-Switch
1394.0,0.004354332668761571,Non-Switch
13940.0,0.004354580229725802,Non-Switch
13941.0,0.004354563098641438,Non-Switch
13942.0,0.004354549326593225,Non-Switch
13943.0,0.004354626920328282,Non-Switch
13944.0,0.0043547774051477875,Non-Switch
13945.0,0.00435494871599142,Non-Switch
13946.0,0.0043549460287625,Non-Switch
13947.0,0.004354778412858632,Non-Switch
13948.0,0.004354831485629797,Non-Switch
13949.0,0.004354933264425131,Non-Switch
1395.0,0.004354332668761571,Non-Switch
13950.0,0.004354829134304492,Non-Switch
13951.0,0.004354618186834293,Non-Switch
13952.0,0.004354662190207853,Non-Switch
13953.0,0.004354776733340557,Non-Switch
13954.0,0.004354911094786544,Non-Switch
13955.0,0.004354978947316767,Non-Switch
13956.0,0.004354904376714245,Non-Switch
13957.0,0.004354824095750267,Non-Switch
13958.0,0.004354729035027232,Non-Switch
13959.0,0.004357042739127121,Non-Switch
1396.0,0.004354332668761571,Non-Switch
13960.0,0.004357390399368611,Non-Switch
13961.0,0.004358165329008339,Non-Switch
13962.0,0.004359117951660383,Non-Switch
13963.0,0.004362646955039221,Non-Switch
13964.0,0.004360200233107805,Non-Switch
13965.0,0.004357273840814218,Non-Switch
13966.0,0.004357238235031031,Non-Switch
13967.0,0.004356908713584749,Non-Switch
13968.0,0.004356517385873313,Non-Switch
13969.0,0.0043577874374415015,Non-Switch
1397.0,0.004354332668761571,Non-Switch
13970.0,0.004359105859130245,Non-Switch
13971.0,0.004361778308290917,Non-Switch
13972.0,0.004361071567085028,Non-Switch
13973.0,0.0043598817964808165,Non-Switch
13974.0,0.004359172368046007,Non-Switch
13975.0,0.004361181743470737,Non-Switch
13976.0,0.0043613456644348405,Non-Switch
13977.0,0.004358702102985054,Non-Switch
13978.0,0.004357645350212371,Non-Switch
13979.0,0.004356613454307194,Non-Switch
1398.0,0.004354332668761571,Non-Switch
13980.0,0.004355619851414123,Non-Switch
13981.0,0.0043571408229826905,Non-Switch
13982.0,0.004357920119369413,Non-Switch
13983.0,0.004357437089971091,Non-Switch
13984.0,0.00435634943406583,Non-Switch
13985.0,0.004355763618161329,Non-Switch
13986.0,0.004355416965630683,Non-Switch
13987.0,0.004355275214305167,Non-Switch
13988.0,0.004355266816714793,Non-Switch
13989.0,0.0043556917347877255,Non-Switch
1399.0,0.004354332668761571,Non-Switch
13990.0,0.0043549258745456025,Non-Switch
13991.0,0.0043545150644244985,Non-Switch
13992.0,0.0043545234620148724,Non-Switch
13993.0,0.004354723996473008,Non-Switch
13994.0,0.0043547693434610275,Non-Switch
13995.0,0.0043547774051477875,Non-Switch
13996.0,0.00435459769671378,Non-Switch
13997.0,0.004354958793099869,Non-Switch
13998.0,0.004354566793581203,Non-Switch
13999.0,0.004354413285629163,Non-Switch
14.0,0.004354489199846146,Non-Switch
140.0,0.004729191697762881,Non-Switch
1400.0,0.004356006140571334,Non-Switch
14000.0,0.004354427729484607,Non-Switch
14001.0,0.004354474084183472,Non-Switch
14002.0,0.004354594673581245,Non-Switch
14003.0,0.004354407239364094,Non-Switch
14004.0,0.004354540929002851,Non-Switch
14005.0,0.004354404888038789,Non-Switch
14006.0,0.004354786138641776,Non-Switch
14007.0,0.004354407239364094,Non-Switch
14008.0,0.004354450570930425,Non-Switch
14009.0,0.0043547643049068035,Non-Switch
1401.0,0.004354560747316134,Non-Switch
14010.0,0.004355339371895626,Non-Switch
14011.0,0.004354598032617395,Non-Switch
14012.0,0.0043551307757507315,Non-Switch
14013.0,0.004354492894785911,Non-Switch
14014.0,0.004354447211894275,Non-Switch
14015.0,0.004354441501532821,Non-Switch
14016.0,0.0043545597396052885,Non-Switch
14017.0,0.004354766656232108,Non-Switch
14018.0,0.004354842570449091,Non-Switch
14019.0,0.0043546702518946125,Non-Switch
1402.0,0.00435469510876212,Non-Switch
14020.0,0.004354728699123617,Non-Switch
14021.0,0.004354893627798565,Non-Switch
14022.0,0.004354917141051613,Non-Switch
14023.0,0.0043551569762326995,Non-Switch
14024.0,0.004354903704907014,Non-Switch
14025.0,0.004355011194063804,Non-Switch
14026.0,0.004355381359847497,Non-Switch
14027.0,0.004355188215268891,Non-Switch
14028.0,0.004355490864425976,Non-Switch
14029.0,0.004355320897196803,Non-Switch
1403.0,0.00435474918924413,Non-Switch
14030.0,0.004355472053823538,Non-Switch
14031.0,0.0043552873068353065,Non-Switch
14032.0,0.0043551851921363564,Non-Switch
14033.0,0.004355484146353676,Non-Switch
14034.0,0.004356117660571503,Non-Switch
14035.0,0.004356124378643802,Non-Switch
14036.0,0.00435565142635393,Non-Switch
14037.0,0.004355364228763133,Non-Switch
14038.0,0.0043553450822570805,Non-Switch
14039.0,0.004355161678883309,Non-Switch
1404.0,0.004354367938641143,Non-Switch
14040.0,0.004355534531895922,Non-Switch
14041.0,0.004355328958883562,Non-Switch
14042.0,0.004356098178161835,Non-Switch
14043.0,0.0043561109424992035,Non-Switch
14044.0,0.004356652083222915,Non-Switch
14045.0,0.004355784444185456,Non-Switch
14046.0,0.004356044433583441,Non-Switch
14047.0,0.004356298376716355,Non-Switch
14048.0,0.0043564078812948345,Non-Switch
14049.0,0.004356369588282728,Non-Switch
1405.0,0.0043545365622558565,Non-Switch
14050.0,0.004356027638402692,Non-Switch
14051.0,0.004355489520811516,Non-Switch
14052.0,0.004355001788762585,Non-Switch
14053.0,0.00435505418972652,Non-Switch
14054.0,0.004355128424425427,Non-Switch
14055.0,0.004355126073100122,Non-Switch
14056.0,0.004355513369968179,Non-Switch
14057.0,0.004355744135751661,Non-Switch
14058.0,0.004354935615750437,Non-Switch
14059.0,0.0043550481434614504,Non-Switch
1406.0,0.0043544011930990245,Non-Switch
14060.0,0.004354836524184021,Non-Switch
14061.0,0.004354825439364727,Non-Switch
14062.0,0.004354825775268342,Non-Switch
14063.0,0.004354488863942531,Non-Switch
14064.0,0.004354413957436394,Non-Switch
14065.0,0.004354377679845977,Non-Switch
14066.0,0.004354354166592929,Non-Switch
14067.0,0.004354343753580865,Non-Switch
14068.0,0.004354343081773636,Non-Switch
14069.0,0.004354354166592929,Non-Switch
1407.0,0.004354422019123153,Non-Switch
14070.0,0.00435434610490617,Non-Switch
14071.0,0.00435434207406279,Non-Switch
14072.0,0.00435434207406279,Non-Switch
14073.0,0.004354343753580865,Non-Switch
14074.0,0.004354579222014957,Non-Switch
14075.0,0.004354362228279688,Non-Switch
14076.0,0.004354376000327902,Non-Switch
14077.0,0.004354425378159302,Non-Switch
14078.0,0.004354379695267667,Non-Switch
14079.0,0.0043548600374370685,Non-Switch
1408.0,0.004354400521291795,Non-Switch
14080.0,0.004356133783945022,Non-Switch
14081.0,0.0043575533126218695,Non-Switch
14082.0,0.004354531859605246,Non-Switch
14083.0,0.004359331586359502,Non-Switch
14084.0,0.0043735577762605594,Non-Switch
14085.0,0.004354441837436436,Non-Switch
14086.0,0.004354481138159387,Non-Switch
14087.0,0.004354855334786459,Non-Switch
14088.0,0.00435475254828028,Non-Switch
14089.0,0.004354514056713653,Non-Switch
1409.0,0.004354332668761571,Non-Switch
14090.0,0.00435450095647267,Non-Switch
14091.0,0.004354542272617311,Non-Switch
14092.0,0.004354424706352072,Non-Switch
14093.0,0.004354344425388095,Non-Switch
14094.0,0.004354357525629079,Non-Switch
14095.0,0.00435435483840016,Non-Switch
14096.0,0.00435434610490617,Non-Switch
14097.0,0.004354339722737486,Non-Switch
14098.0,0.004354343753580865,Non-Switch
14099.0,0.004354347112617015,Non-Switch
141.0,0.006122880653126077,Non-Switch
1410.0,0.004354332668761571,Non-Switch
14100.0,0.004354342745870021,Non-Switch
14101.0,0.004354342745870021,Non-Switch
14102.0,0.004354339722737486,Non-Switch
14103.0,0.004354342745870021,Non-Switch
14104.0,0.004354337371412181,Non-Switch
14105.0,0.0043543501357495495,Non-Switch
14106.0,0.004354340730448331,Non-Switch
14107.0,0.00435434610490617,Non-Switch
14108.0,0.004354341066351946,Non-Switch
14109.0,0.0043543518152676245,Non-Switch
1411.0,0.004354332668761571,Non-Switch
14110.0,0.004354366259123068,Non-Switch
14111.0,0.004354410598400244,Non-Switch
14112.0,0.004354409254785784,Non-Switch
14113.0,0.0043544159728580835,Non-Switch
14114.0,0.004354371969484522,Non-Switch
14115.0,0.004354379023460437,Non-Switch
14116.0,0.004354377679845977,Non-Switch
14117.0,0.004354360548761614,Non-Switch
14118.0,0.004354351143460395,Non-Switch
14119.0,0.004354366930930298,Non-Switch
1412.0,0.004354332668761571,Non-Switch
14120.0,0.004354367938641143,Non-Switch
14121.0,0.004354368610448373,Non-Switch
14122.0,0.004354370625870063,Non-Switch
14123.0,0.004354371969484522,Non-Switch
14124.0,0.0043543615564724586,Non-Switch
14125.0,0.004354374992617057,Non-Switch
14126.0,0.004354359876954384,Non-Switch
14127.0,0.004354360548761614,Non-Switch
14128.0,0.0043543914518941905,Non-Switch
14129.0,0.004354727691412772,Non-Switch
1413.0,0.004354335020086877,Non-Switch
14130.0,0.004354506330930509,Non-Switch
14131.0,0.004354412949725548,Non-Switch
14132.0,0.004354844249967165,Non-Switch
14133.0,0.004354511705388349,Non-Switch
14134.0,0.0043545016282799,Non-Switch
14135.0,0.004354568137195663,Non-Switch
14136.0,0.004354718957918783,Non-Switch
14137.0,0.004354707537195874,Non-Switch
14138.0,0.004354765648521264,Non-Switch
14139.0,0.0043545365622558565,Non-Switch
1414.0,0.004354332668761571,Non-Switch
14140.0,0.0043544509068340394,Non-Switch
14141.0,0.004354809651894824,Non-Switch
14142.0,0.004354455945388264,Non-Switch
14143.0,0.004354466358400328,Non-Switch
14144.0,0.004354457960809954,Non-Switch
14145.0,0.0043545201029787225,Non-Switch
14146.0,0.004354571496231812,Non-Switch
14147.0,0.0043548136827382036,Non-Switch
14148.0,0.0043545795579185715,Non-Switch
14149.0,0.004354565785870358,Non-Switch
1415.0,0.004354332668761571,Non-Switch
14150.0,0.004354529172376327,Non-Switch
14151.0,0.004354461319846104,Non-Switch
14152.0,0.004354556716472754,Non-Switch
14153.0,0.004354738104424836,Non-Switch
14154.0,0.004354494574303985,Non-Switch
14155.0,0.004354572168039043,Non-Switch
14156.0,0.004354487520328071,Non-Switch
14157.0,0.0043545264851474075,Non-Switch
14158.0,0.0043544374706894415,Non-Switch
14159.0,0.004354450570930425,Non-Switch
1416.0,0.004354332668761571,Non-Switch
14160.0,0.004354428401291837,Non-Switch
14161.0,0.004354408247074939,Non-Switch
14162.0,0.004354484497195536,Non-Switch
14163.0,0.004354481809966617,Non-Switch
14164.0,0.004354439486111131,Non-Switch
14165.0,0.00435439951358095,Non-Switch
14166.0,0.004354424034544843,Non-Switch
14167.0,0.004354415636954468,Non-Switch
14168.0,0.004354376672135132,Non-Switch
14169.0,0.004354392459605036,Non-Switch
1417.0,0.004354332668761571,Non-Switch
14170.0,0.0043544243704484575,Non-Switch
14171.0,0.004354427393580992,Non-Switch
14172.0,0.004354377679845977,Non-Switch
14173.0,0.004354365587315838,Non-Switch
14174.0,0.004354363907797763,Non-Switch
14175.0,0.00435434879213509,Non-Switch
14176.0,0.00435434946394232,Non-Switch
14177.0,0.004354365587315838,Non-Switch
14178.0,0.00435435080755678,Non-Switch
14179.0,0.004354365587315838,Non-Switch
1418.0,0.004354332668761571,Non-Switch
14180.0,0.004354365923219453,Non-Switch
14181.0,0.004354355510207389,Non-Switch
14182.0,0.004354355174303774,Non-Switch
14183.0,0.004354358197436309,Non-Switch
14184.0,0.004354344425388095,Non-Switch
14185.0,0.0043543501357495495,Non-Switch
14186.0,0.004354343753580865,Non-Switch
14187.0,0.004354365251412223,Non-Switch
14188.0,0.00435435483840016,Non-Switch
14189.0,0.004354361892376073,Non-Switch
1419.0,0.004354332668761571,Non-Switch
14190.0,0.0043543534947856994,Non-Switch
14191.0,0.004354352487074855,Non-Switch
14192.0,0.004354359541050769,Non-Switch
14193.0,0.004354367938641143,Non-Switch
14194.0,0.004354354166592929,Non-Switch
14195.0,0.00435434543309894,Non-Switch
14196.0,0.004354343753580865,Non-Switch
14197.0,0.004354341066351946,Non-Switch
14198.0,0.00435434207406279,Non-Switch
14199.0,0.004354341066351946,Non-Switch
142.0,0.01212226701401698,Non-Switch
1420.0,0.004354332668761571,Non-Switch
14200.0,0.004354340394544715,Non-Switch
14201.0,0.004354341066351946,Non-Switch
14202.0,0.004354341402255561,Non-Switch
14203.0,0.004354339722737486,Non-Switch
14204.0,0.004354343753580865,Non-Switch
14205.0,0.00435434946394232,Non-Switch
14206.0,0.0043543434176772505,Non-Switch
14207.0,0.0043543501357495495,Non-Switch
14208.0,0.004354347784424245,Non-Switch
14209.0,0.004354357525629079,Non-Switch
1421.0,0.004354332668761571,Non-Switch
14210.0,0.004354360884665229,Non-Switch
14211.0,0.00435435483840016,Non-Switch
14212.0,0.00435434744852063,Non-Switch
14213.0,0.00435434543309894,Non-Switch
14214.0,0.00435434946394232,Non-Switch
14215.0,0.0043543417381591756,Non-Switch
14216.0,0.004354374992617057,Non-Switch
14217.0,0.004354349799845935,Non-Switch
14218.0,0.004354360548761614,Non-Switch
14219.0,0.004354357525629079,Non-Switch
1422.0,0.004354332668761571,Non-Switch
14220.0,0.004354513049002809,Non-Switch
14221.0,0.004354364243701378,Non-Switch
14222.0,0.004354372977195368,Non-Switch
14223.0,0.0043545184234606476,Non-Switch
14224.0,0.004355258083220804,Non-Switch
14225.0,0.0043544969256292905,Non-Switch
14226.0,0.004354469381532863,Non-Switch
14227.0,0.004354804949244214,Non-Switch
14228.0,0.0043544509068340394,Non-Switch
14229.0,0.004354938302979356,Non-Switch
1423.0,0.004354332668761571,Non-Switch
14230.0,0.00435554595261883,Non-Switch
14231.0,0.004356973207078823,Non-Switch
14232.0,0.0043585946138282655,Non-Switch
14233.0,0.004356797529488195,Non-Switch
14234.0,0.004357281902500977,Non-Switch
14235.0,0.004356954732379999,Non-Switch
14236.0,0.00435694465527155,Non-Switch
14237.0,0.004361967086122529,Non-Switch
14238.0,0.0043586654894910235,Non-Switch
14239.0,0.004358321188285683,Non-Switch
1424.0,0.004354332668761571,Non-Switch
14240.0,0.00435505284611206,Non-Switch
14241.0,0.004354828798400877,Non-Switch
14242.0,0.004354588963219791,Non-Switch
14243.0,0.004354576870689652,Non-Switch
14244.0,0.004354831821533412,Non-Switch
14245.0,0.0043709286586662175,Non-Switch
14246.0,0.004359193194070136,Non-Switch
14247.0,0.004357793819610186,Non-Switch
14248.0,0.004394871532437409,Non-Switch
14249.0,0.004360057474071444,Non-Switch
1425.0,0.004354332668761571,Non-Switch
14250.0,0.004362992935762636,Non-Switch
14251.0,0.004376036744939012,Non-Switch
14252.0,0.004392598136771317,Non-Switch
14253.0,0.004455254909878233,Non-Switch
14254.0,0.004630688970384822,Non-Switch
14255.0,0.0052569480060318365,Non-Switch
14256.0,0.004971611321262458,Non-Switch
14257.0,0.004491507979330714,Non-Switch
14258.0,0.004410714762340916,Non-Switch
14259.0,0.004386070521821674,Non-Switch
1426.0,0.004354332668761571,Non-Switch
14260.0,0.004403669855824225,Non-Switch
14261.0,0.00438761164760714,Non-Switch
14262.0,0.0044007820924463585,Non-Switch
14263.0,0.0043698494003513305,Non-Switch
14264.0,0.004364415823475634,Non-Switch
14265.0,0.004360459550698559,Non-Switch
14266.0,0.004356538547801056,Non-Switch
14267.0,0.004359670849010618,Non-Switch
14268.0,0.004357601010935195,Non-Switch
14269.0,0.004355977588764062,Non-Switch
1427.0,0.004354332668761571,Non-Switch
14270.0,0.004355325599847412,Non-Switch
14271.0,0.004355313507317274,Non-Switch
14272.0,0.004355065274545813,Non-Switch
14273.0,0.004355478771895837,Non-Switch
14274.0,0.004363147451425521,Non-Switch
14275.0,0.004359217379130413,Non-Switch
14276.0,0.004377477771447218,Non-Switch
14277.0,0.004368938765651156,Non-Switch
14278.0,0.004376593337229011,Non-Switch
14279.0,0.004360344671662241,Non-Switch
1428.0,0.004354332668761571,Non-Switch
14280.0,0.004455705692529518,Non-Switch
14281.0,0.004415697892468942,Non-Switch
14282.0,0.005586798301952949,Non-Switch
14283.0,0.005682338359447005,Non-Switch
14284.0,0.005009426006620918,Non-Switch
14285.0,0.004484970287272623,Non-Switch
14286.0,0.004398192275574967,Non-Switch
14287.0,0.004363410799859654,Non-Switch
14288.0,0.0044082546042649015,Non-Switch
14289.0,0.00436194894732732,Non-Switch
1429.0,0.004354332668761571,Non-Switch
14290.0,0.0043572247988864325,Non-Switch
14291.0,0.004356518729487773,Non-Switch
14292.0,0.004355715919848003,Non-Switch
14293.0,0.0043555365473176115,Non-Switch
14294.0,0.004367823901553083,Non-Switch
14295.0,0.004355611789727364,Non-Switch
14296.0,0.004355542257679066,Non-Switch
14297.0,0.004354887581533496,Non-Switch
14298.0,0.004363470926606733,Non-Switch
14299.0,0.004355718607076923,Non-Switch
143.0,0.005979518333872868,Non-Switch
1430.0,0.004354332668761571,Non-Switch
14300.0,0.0043556470596069355,Non-Switch
14301.0,0.004366859858178129,Non-Switch
14302.0,0.004356348426354985,Non-Switch
14303.0,0.004356457259126235,Non-Switch
14304.0,0.004355999422499035,Non-Switch
14305.0,0.004356488498162426,Non-Switch
14306.0,0.004357692376718466,Non-Switch
14307.0,0.00435560204852253,Non-Switch
14308.0,0.004356468679849143,Non-Switch
14309.0,0.004356217088041533,Non-Switch
1431.0,0.004354332668761571,Non-Switch
14310.0,0.004355013881292723,Non-Switch
14311.0,0.0043548633964732185,Non-Switch
14312.0,0.004354852311653924,Non-Switch
14313.0,0.0043547938644249206,Non-Switch
14314.0,0.0043547710229791025,Non-Switch
14315.0,0.004354787818159851,Non-Switch
14316.0,0.0043549211718949925,Non-Switch
14317.0,0.004354714255268174,Non-Switch
14318.0,0.004354837867798481,Non-Switch
14319.0,0.004354929905388982,Non-Switch
1432.0,0.004354332668761571,Non-Switch
14320.0,0.004354862724665989,Non-Switch
14321.0,0.004354773038400792,Non-Switch
14322.0,0.004354714591171789,Non-Switch
14323.0,0.00435474515840075,Non-Switch
14324.0,0.0043549309130998266,Non-Switch
14325.0,0.004355103903461535,Non-Switch
14326.0,0.004354934608039591,Non-Switch
14327.0,0.004355277229726857,Non-Switch
14328.0,0.004354773710208023,Non-Switch
14329.0,0.004354931249003441,Non-Switch
1433.0,0.004354332668761571,Non-Switch
14330.0,0.004354723996473008,Non-Switch
14331.0,0.004354741799364601,Non-Switch
14332.0,0.004377236928555287,Non-Switch
14333.0,0.004373784847104277,Non-Switch
14334.0,0.00435634809045137,Non-Switch
14335.0,0.004385473957001494,Non-Switch
14336.0,0.004404378276548189,Non-Switch
14337.0,0.004371640438426331,Non-Switch
14338.0,0.004365447383477196,Non-Switch
14339.0,0.004359456206600654,Non-Switch
1434.0,0.004354332668761571,Non-Switch
14340.0,0.004371579975775638,Non-Switch
14341.0,0.004360631869253037,Non-Switch
14342.0,0.004359191850455676,Non-Switch
14343.0,0.004360588537686706,Non-Switch
14344.0,0.004376995413856126,Non-Switch
14345.0,0.004359611058167154,Non-Switch
14346.0,0.004381289269766242,Non-Switch
14347.0,0.004371119116015903,Non-Switch
14348.0,0.004372544690957821,Non-Switch
14349.0,0.004371558142040665,Non-Switch
1435.0,0.004354332668761571,Non-Switch
14350.0,0.004396908451958566,Non-Switch
14351.0,0.004378902002774676,Non-Switch
14352.0,0.004362386629737622,Non-Switch
14353.0,0.004367274027335383,Non-Switch
14354.0,0.004363703707811905,Non-Switch
14355.0,0.004359026249973497,Non-Switch
14356.0,0.004355902682257925,Non-Switch
14357.0,0.004356811637440024,Non-Switch
14358.0,0.004357620829248478,Non-Switch
14359.0,0.004356331295270622,Non-Switch
1436.0,0.004354332668761571,Non-Switch
14360.0,0.004355924851896512,Non-Switch
14361.0,0.0043559591140652386,Non-Switch
14362.0,0.004355910072137454,Non-Switch
14363.0,0.004356295353583821,Non-Switch
14364.0,0.004356333310692312,Non-Switch
14365.0,0.004356423332861122,Non-Switch
14366.0,0.004358032982984042,Non-Switch
14367.0,0.004358726288045333,Non-Switch
14368.0,0.004374390145418447,Non-Switch
14369.0,0.004358154244189044,Non-Switch
1437.0,0.004354332668761571,Non-Switch
14370.0,0.005047640417281189,Non-Switch
14371.0,0.004369901129508035,Non-Switch
14372.0,0.004365144398416496,Non-Switch
14373.0,0.004372237003246512,Non-Switch
14374.0,0.004373344477465056,Non-Switch
14375.0,0.004365479294320618,Non-Switch
14376.0,0.00438715649820886,Non-Switch
14377.0,0.0043991186977450445,Non-Switch
14378.0,0.004395656203281971,Non-Switch
14379.0,0.00435475053285859,Non-Switch
1438.0,0.004354332668761571,Non-Switch
14380.0,0.004354480130448542,Non-Switch
14381.0,0.004354475091894318,Non-Switch
14382.0,0.004354517079846188,Non-Switch
14383.0,0.004354545967557075,Non-Switch
14384.0,0.004354506330930509,Non-Switch
14385.0,0.004354507002737739,Non-Switch
14386.0,0.004354694772858506,Non-Switch
14387.0,0.004354528500569097,Non-Switch
14388.0,0.004354723996473008,Non-Switch
14389.0,0.004354947708280575,Non-Switch
1439.0,0.004354332668761571,Non-Switch
14390.0,0.004365323435043273,Non-Switch
14391.0,0.004359591575757486,Non-Switch
14392.0,0.004456894791326499,Non-Switch
14393.0,0.009295424459375411,Non-Switch
14394.0,0.018365910391181326,Non-Switch
14395.0,0.040266230865786394,Non-Switch
14396.0,0.08657647490313367,Non-Switch
14397.0,0.1638833214009069,Non-Switch
14398.0,0.3255289120379437,Non-Switch
14399.0,0.5847789351080647,Non-Switch
144.0,0.008876227496812994,Non-Switch
1440.0,0.004354332668761571,Non-Switch
14400.0,0.8393458490973599,Non-Switch
14401.0,0.8096830553984715,Non-Switch
14402.0,0.8466738578679733,Non-Switch
14403.0,0.8241429267263893,Non-Switch
14404.0,0.8119493567802162,Non-Switch
14405.0,0.8081365874019132,Non-Switch
14406.0,0.8557953017217841,Non-Switch
14407.0,0.8597042094019195,Non-Switch
14408.0,0.854872786782556,Non-Switch
14409.0,0.8867673133503656,Non-Switch
1441.0,0.004354332668761571,Non-Switch
14410.0,0.8710619436648993,Non-Switch
14411.0,0.8670452888539985,Non-Switch
14412.0,0.8673527078424157,Non-Switch
14413.0,0.8559064025142414,Non-Switch
14414.0,0.8326694825908657,Non-Switch
14415.0,0.8373759598143773,Non-Switch
14416.0,0.8317154088352042,Non-Switch
14417.0,0.835358087371804,Non-Switch
14418.0,0.8480622738083888,Non-Switch
14419.0,0.848056942346212,Non-Switch
1442.0,0.004354332668761571,Non-Switch
14420.0,0.8456420479541219,Non-Switch
14421.0,0.8477195123852193,Non-Switch
14422.0,0.8149606010141731,Non-Switch
14423.0,0.829797802278084,Non-Switch
14424.0,0.8441537960848806,Non-Switch
14425.0,0.7623824949490224,Non-Switch
14426.0,0.8068983983070264,Non-Switch
14427.0,0.7890634534472514,Non-Switch
14428.0,0.8198287419294958,Non-Switch
14429.0,0.7746929271064569,Non-Switch
1443.0,0.004354332668761571,Non-Switch
14430.0,0.7970749212723937,Non-Switch
14431.0,0.8131880618230556,Non-Switch
14432.0,0.8087626902423792,Non-Switch
14433.0,0.7898901740499489,Non-Switch
14434.0,0.7869212375481043,Non-Switch
14435.0,0.8027519825860495,Non-Switch
14436.0,0.773359459622992,Non-Switch
14437.0,0.7691457986855278,Non-Switch
14438.0,0.7629251002124946,Non-Switch
14439.0,0.7830438886844022,Non-Switch
1444.0,0.004354332668761571,Non-Switch
14440.0,0.7432179522154271,Non-Switch
14441.0,0.7246012602161552,Non-Switch
14442.0,0.7209504125036394,Non-Switch
14443.0,0.7553144379551882,Non-Switch
14444.0,0.7253850711474624,Non-Switch
14445.0,0.7642403375349679,Non-Switch
14446.0,0.7278111444118587,Non-Switch
14447.0,0.7146430347745715,Non-Switch
14448.0,0.6720434481038063,Non-Switch
14449.0,0.7605630044942193,Non-Switch
1445.0,0.004354332668761571,Non-Switch
14450.0,0.78829176729283,Non-Switch
14451.0,0.7953891473286364,Non-Switch
14452.0,0.7901491799221483,Non-Switch
14453.0,0.799463760292878,Non-Switch
14454.0,0.7721467239604329,Non-Switch
14455.0,0.7836091956577883,Non-Switch
14456.0,0.834583305529667,Non-Switch
14457.0,0.8667180918607319,Non-Switch
14458.0,0.8537026168260855,Non-Switch
14459.0,0.8549885311065867,Non-Switch
1446.0,0.004354332668761571,Non-Switch
14460.0,0.8378189011316745,Non-Switch
14461.0,0.8477612181780534,Non-Switch
14462.0,0.8008693744983798,Non-Switch
14463.0,0.7985387516052124,Non-Switch
14464.0,0.8377990371354999,Non-Switch
14465.0,0.8304756718964597,Non-Switch
14466.0,0.8239276044475091,Non-Switch
14467.0,0.8046446516587947,Non-Switch
14468.0,0.8053527902237223,Non-Switch
14469.0,0.8442969716417239,Non-Switch
1447.0,0.004354332668761571,Non-Switch
14470.0,0.8380038684726774,Non-Switch
14471.0,0.852208947503342,Non-Switch
14472.0,0.8385983265053847,Non-Switch
14473.0,0.8370448932114664,Non-Switch
14474.0,0.8406693415870746,Non-Switch
14475.0,0.8525228158411666,Non-Switch
14476.0,0.8599416314514355,Non-Switch
14477.0,0.8499612202478904,Non-Switch
14478.0,0.8378153754873318,Non-Switch
14479.0,0.8460605677349966,Non-Switch
1448.0,0.004354332668761571,Non-Switch
14480.0,0.8435767942912359,Non-Switch
14481.0,0.8539232705671425,Non-Switch
14482.0,0.8752143787786564,Non-Switch
14483.0,0.8616640376998266,Non-Switch
14484.0,0.8531786716802319,Non-Switch
14485.0,0.8609412806095756,Non-Switch
14486.0,0.8461542982797168,Non-Switch
14487.0,0.8588990726219052,Non-Switch
14488.0,0.8444500362009918,Non-Switch
14489.0,0.8448398348791724,Non-Switch
1449.0,0.004354332668761571,Non-Switch
14490.0,0.8463636011658168,Non-Switch
14491.0,0.8519665379569509,Non-Switch
14492.0,0.8610788667302659,Non-Switch
14493.0,0.8601130981543458,Non-Switch
14494.0,0.8399307620929444,Non-Switch
14495.0,0.8588792086257305,Non-Switch
14496.0,0.8512458446585103,Non-Switch
14497.0,0.8712868109809024,Non-Switch
14498.0,0.8560109679659661,Non-Switch
14499.0,0.8396549019209604,Non-Switch
145.0,0.004473902934966709,Non-Switch
1450.0,0.004354333340568802,Non-Switch
14500.0,0.8656490477029687,Non-Switch
14501.0,0.8418451009796982,Non-Switch
14502.0,0.8805202155404249,Non-Switch
14503.0,0.8885170648402438,Non-Switch
14504.0,0.8781978478144989,Non-Switch
14505.0,0.8722887819048292,Non-Switch
14506.0,0.857143731695874,Non-Switch
14507.0,0.8640582081824878,Non-Switch
14508.0,0.8703533751433445,Non-Switch
14509.0,0.8599485967487955,Non-Switch
1451.0,0.004354332668761571,Non-Switch
14510.0,0.8478614840635065,Non-Switch
14511.0,0.8363849957801058,Non-Switch
14512.0,0.8586246743024536,Non-Switch
14513.0,0.8758839932297907,Non-Switch
14514.0,0.8507396137256955,Non-Switch
14515.0,0.8637116631409992,Non-Switch
14516.0,0.8741764634806993,Non-Switch
14517.0,0.8640263054007526,Non-Switch
14518.0,0.8597049833238484,Non-Switch
14519.0,0.8392780019415945,Non-Switch
1452.0,0.004354332668761571,Non-Switch
14520.0,0.8299201679341728,Non-Switch
14521.0,0.7994082098966494,Non-Switch
14522.0,0.8402325916452086,Non-Switch
14523.0,0.8395460369029643,Non-Switch
14524.0,0.8090464616163029,Non-Switch
14525.0,0.8027116526544222,Non-Switch
14526.0,0.7190868944902156,Non-Switch
14527.0,0.7907184424965042,Non-Switch
14528.0,0.7662082490174656,Non-Switch
14529.0,0.8366489891491802,Non-Switch
1453.0,0.004354333340568802,Non-Switch
14530.0,0.8290967150018417,Non-Switch
14531.0,0.789915713473602,Non-Switch
14532.0,0.8049130305854661,Non-Switch
14533.0,0.8694321500739979,Non-Switch
14534.0,0.86591441693325,Non-Switch
14535.0,0.8588764569033167,Non-Switch
14536.0,0.8491608989821005,Non-Switch
14537.0,0.8625113962206277,Non-Switch
14538.0,0.8845922487649036,Non-Switch
14539.0,0.004913437517800883,Non-Switch
1454.0,0.004354333340568802,Non-Switch
14540.0,0.6629526601575119,Non-Switch
14541.0,0.0051876003688184034,Non-Switch
14542.0,0.005232843898525461,Non-Switch
14543.0,0.23265993590504158,Non-Switch
14544.0,0.23494201669500292,Non-Switch
14545.0,0.23139601390601944,Non-Switch
14546.0,0.2331787000735379,Non-Switch
14547.0,0.21821113596027308,Non-Switch
14548.0,0.39787760620049895,Non-Switch
14549.0,0.3955840455685925,Non-Switch
1455.0,0.004354332668761571,Non-Switch
14550.0,0.6599982561896651,Non-Switch
14551.0,0.918512902942528,Non-Switch
14552.0,0.931550219773834,Non-Switch
14553.0,0.9073757364292796,Non-Switch
14554.0,0.917590817959927,Non-Switch
14555.0,0.9186351826072915,Non-Switch
14556.0,0.9118463394471329,Non-Switch
14557.0,0.8959097390875816,Non-Switch
14558.0,0.9339886757890924,Non-Switch
14559.0,0.90391845519031,Non-Switch
1456.0,0.004354332668761571,Non-Switch
14560.0,0.9069018382348272,Non-Switch
14561.0,0.8971898059579535,Non-Switch
14562.0,0.9081863766541215,Non-Switch
14563.0,0.89857443828005,Non-Switch
14564.0,0.9318697635391372,Non-Switch
14565.0,0.9014941877437479,Non-Switch
14566.0,0.8919085627152584,Non-Switch
14567.0,0.9170465788612717,Non-Switch
14568.0,0.9110794688069357,Non-Switch
14569.0,0.9230883293860821,Non-Switch
1457.0,0.004354332668761571,Non-Switch
14570.0,0.9205358488733018,Non-Switch
14571.0,0.8911215701049102,Non-Switch
14572.0,0.9116138189031664,Non-Switch
14573.0,0.9026510290447766,Non-Switch
14574.0,0.9050150165722113,Non-Switch
14575.0,0.8918253231122408,Non-Switch
14576.0,0.9063324036778204,Non-Switch
14577.0,0.8821206860893542,Non-Switch
14578.0,0.9114311733279501,Non-Switch
14579.0,0.9098401618248183,Non-Switch
1458.0,0.004354333340568802,Non-Switch
14580.0,0.9200892959203365,Non-Switch
14581.0,0.8887260237610421,Non-Switch
14582.0,0.9071900811576733,Non-Switch
14583.0,0.9205582926092394,Non-Switch
14584.0,0.8906560130690245,Non-Switch
14585.0,0.8762874645287149,Non-Switch
14586.0,0.9006025436903496,Non-Switch
14587.0,0.8956507332153822,Non-Switch
14588.0,0.9099731044139352,Non-Switch
14589.0,0.9035319241824958,Non-Switch
1459.0,0.004354332668761571,Non-Switch
14590.0,0.9099686328650128,Non-Switch
14591.0,0.8922438428931154,Non-Switch
14592.0,0.90253012524122,Non-Switch
14593.0,0.9096240656240091,Non-Switch
14594.0,0.9171485645732333,Non-Switch
14595.0,0.914146005463145,Non-Switch
14596.0,0.8896297925913261,Non-Switch
14597.0,0.9076055912421578,Non-Switch
14598.0,0.9120306188575324,Non-Switch
14599.0,0.9097921786652275,Non-Switch
146.0,0.006311647735821529,Non-Switch
1460.0,0.004354332668761571,Non-Switch
14600.0,0.9102280686938393,Non-Switch
14601.0,0.9139588023476808,Non-Switch
14602.0,0.9204081517550361,Non-Switch
14603.0,0.9260237292710085,Non-Switch
14604.0,0.9174173734565318,Non-Switch
14605.0,0.9368000761827467,Non-Switch
14606.0,0.9327219375741623,Non-Switch
14607.0,0.9384821524995104,Non-Switch
14608.0,0.9421081487189764,Non-Switch
14609.0,0.9431482997913947,Non-Switch
1461.0,0.004354334348279646,Non-Switch
14610.0,0.9424004332341178,Non-Switch
14611.0,0.947157645339634,Non-Switch
14612.0,0.9537273826025933,Non-Switch
14613.0,0.9476486558078473,Non-Switch
14614.0,0.9461429476995433,Non-Switch
14615.0,0.9471530018080606,Non-Switch
14616.0,0.9518333376686411,Non-Switch
14617.0,0.9465888987132306,Non-Switch
14618.0,0.94688178516765,Non-Switch
14619.0,0.947974906896534,Non-Switch
1462.0,0.004354332668761571,Non-Switch
14620.0,0.9345819299432436,Non-Switch
14621.0,0.9239264008437366,Non-Switch
14622.0,0.9254871434003166,Non-Switch
14623.0,0.9455668918104784,Non-Switch
14624.0,0.9272441181615311,Non-Switch
14625.0,0.9169169039425211,Non-Switch
14626.0,0.9276821579732786,Non-Switch
14627.0,0.9371312287769831,Non-Switch
14628.0,0.9364542190718617,Non-Switch
14629.0,0.9423900282837406,Non-Switch
1463.0,0.004354332668761571,Non-Switch
14630.0,0.9387370307880891,Non-Switch
14631.0,0.004533591327828168,Non-Switch
14632.0,0.708864890657871,Non-Switch
14633.0,0.7192735816577271,Non-Switch
14634.0,0.7147371092845933,Non-Switch
14635.0,0.7517722832780177,Non-Switch
14636.0,0.7152100615744661,Non-Switch
14637.0,0.6908291990488763,Non-Switch
14638.0,0.6852947113527857,Non-Switch
14639.0,0.66043229740478,Non-Switch
1464.0,0.004354332668761571,Non-Switch
14640.0,0.8566161749143523,Non-Switch
14641.0,0.8193604331711963,Non-Switch
14642.0,0.804314616951789,Non-Switch
14643.0,0.8805317383780328,Non-Switch
14644.0,0.9032329323439708,Non-Switch
14645.0,0.7433471971775505,Non-Switch
14646.0,0.8315706854345032,Non-Switch
14647.0,0.004470312461226333,Non-Switch
14648.0,0.5378535978071355,Non-Switch
14649.0,0.00450380709019271,Non-Switch
1465.0,0.004354332668761571,Non-Switch
14650.0,0.39862156015246875,Non-Switch
14651.0,0.31866155879766633,Non-Switch
14652.0,0.33710226954944283,Non-Switch
14653.0,0.32312674436201744,Non-Switch
14654.0,0.004686452665409013,Non-Switch
14655.0,0.00447859618027502,Non-Switch
14656.0,0.004414656255358931,Non-Switch
14657.0,0.004487062966793864,Non-Switch
14658.0,0.06887925052549491,Non-Switch
14659.0,0.0043952289338837335,Non-Switch
1466.0,0.004354333340568802,Non-Switch
14660.0,0.004368104716975195,Non-Switch
14661.0,0.016727345685085916,Non-Switch
14662.0,0.016782165155048438,Non-Switch
14663.0,0.04068044839316055,Non-Switch
14664.0,0.0810868531810869,Non-Switch
14665.0,0.10062434029307825,Non-Switch
14666.0,0.004446304086250223,Non-Switch
14667.0,0.10615066956216855,Non-Switch
14668.0,0.19326223623671482,Non-Switch
14669.0,0.004447392749866329,Non-Switch
1467.0,0.004354332668761571,Non-Switch
14670.0,0.263619027336977,Non-Switch
14671.0,0.2972816860404758,Non-Switch
14672.0,0.20666819788014532,Non-Switch
14673.0,0.2188215023881852,Non-Switch
14674.0,0.27921260829938244,Non-Switch
14675.0,0.6124106137002632,Non-Switch
14676.0,0.5625219293336424,Non-Switch
14677.0,0.3795338506681463,Non-Switch
14678.0,0.5143315736442918,Non-Switch
14679.0,0.5241967134760961,Non-Switch
1468.0,0.004354332668761571,Non-Switch
14680.0,0.6250137603294661,Non-Switch
14681.0,0.6429068353252327,Non-Switch
14682.0,0.5949867933673758,Non-Switch
14683.0,0.4685605409002911,Non-Switch
14684.0,0.6324130559088622,Non-Switch
14685.0,0.710333665491902,Non-Switch
14686.0,0.649518923315967,Non-Switch
14687.0,0.59996388529202,Non-Switch
14688.0,0.6498319747362,Non-Switch
14689.0,0.7847795375969097,Non-Switch
1469.0,0.004354332668761571,Non-Switch
14690.0,0.7355725494626464,Non-Switch
14691.0,0.6474890980791587,Non-Switch
14692.0,0.7919754636916605,Non-Switch
14693.0,0.7917849069145045,Non-Switch
14694.0,0.6459717381462589,Non-Switch
14695.0,0.7171089220226424,Non-Switch
14696.0,0.7480580599586591,Non-Switch
14697.0,0.7870426572996134,Non-Switch
14698.0,0.733129707889791,Non-Switch
14699.0,0.5251849687836165,Non-Switch
147.0,0.00483749273358951,Non-Switch
1470.0,0.004354332668761571,Non-Switch
14700.0,0.5641801430575989,Non-Switch
14701.0,0.600242626173406,Non-Switch
14702.0,0.7599283885125356,Non-Switch
14703.0,0.603287879976571,Non-Switch
14704.0,0.6486421127662056,Non-Switch
14705.0,0.5842190455881807,Non-Switch
14706.0,0.6220283134931386,Non-Switch
14707.0,0.6656978042349213,Non-Switch
14708.0,0.7199578146341848,Non-Switch
14709.0,0.6411247081013296,Non-Switch
1471.0,0.004354332668761571,Non-Switch
14710.0,0.7382090435003732,Non-Switch
14711.0,0.7403339751431086,Non-Switch
14712.0,0.7353583450709967,Non-Switch
14713.0,0.6332470857742214,Non-Switch
14714.0,0.9047375225650441,Non-Switch
14715.0,0.8130625144879258,Non-Switch
14716.0,0.8587742132173788,Non-Switch
14717.0,0.8175712976542706,Non-Switch
14718.0,0.8001780042419113,Non-Switch
14719.0,0.8239437708166902,Non-Switch
1472.0,0.004354332668761571,Non-Switch
14720.0,0.7162652181331721,Non-Switch
14721.0,0.5286434539011422,Non-Switch
14722.0,0.7122204871545179,Non-Switch
14723.0,0.5997998138430969,Non-Switch
14724.0,0.6580642252893874,Non-Switch
14725.0,0.7003234582940949,Non-Switch
14726.0,0.6226838253669023,Non-Switch
14727.0,0.6589758193302857,Non-Switch
14728.0,0.6848690112962376,Non-Switch
14729.0,0.655656769146947,Non-Switch
1473.0,0.004354332668761571,Non-Switch
14730.0,0.6869212372733208,Non-Switch
14731.0,0.599949524740673,Non-Switch
14732.0,0.6782051565275936,Non-Switch
14733.0,0.0052774757477496645,Non-Switch
14734.0,0.004439171844793641,Non-Switch
14735.0,0.32314596342325136,Non-Switch
14736.0,0.2783588219270054,Non-Switch
14737.0,0.2290455055188461,Non-Switch
14738.0,0.19051711365713675,Non-Switch
14739.0,0.19045769365126364,Non-Switch
1474.0,0.004354332668761571,Non-Switch
14740.0,0.142973122514307,Non-Switch
14741.0,0.18145668064871953,Non-Switch
14742.0,0.328009116841699,Non-Switch
14743.0,0.5094659264774066,Non-Switch
14744.0,0.47838969336240234,Non-Switch
14745.0,0.5013182053971184,Non-Switch
14746.0,0.5401748476458308,Non-Switch
14747.0,0.4981906148998528,Non-Switch
14748.0,0.6163623450604634,Non-Switch
14749.0,0.629520866664965,Non-Switch
1475.0,0.004354332668761571,Non-Switch
14750.0,0.5954310245545544,Non-Switch
14751.0,0.5212330654407654,Non-Switch
14752.0,0.5038468663127542,Non-Switch
14753.0,0.8713875068229826,Non-Switch
14754.0,0.7160122746494156,Non-Switch
14755.0,0.9238601875231545,Non-Switch
14756.0,0.8986894946734773,Non-Switch
14757.0,0.8824796138817049,Non-Switch
14758.0,0.8900013611085152,Non-Switch
14759.0,0.9070699512760456,Non-Switch
1476.0,0.004354332668761571,Non-Switch
14760.0,0.9450004669498617,Non-Switch
14761.0,0.9754680534634625,Non-Switch
14762.0,0.9867886394738561,Non-Switch
14763.0,0.9604976516364585,Non-Switch
14764.0,0.9652572714990868,Non-Switch
14765.0,0.9615381466741786,Non-Switch
14766.0,0.9681717754919333,Non-Switch
14767.0,0.9735084831395318,Non-Switch
14768.0,0.9659555210615898,Non-Switch
14769.0,0.9781226916708555,Non-Switch
1477.0,0.004354332668761571,Non-Switch
14770.0,0.006368483299281078,Non-Switch
14771.0,0.004878529070519113,Non-Switch
14772.0,0.004442900039016154,Non-Switch
14773.0,0.004388643879415932,Non-Switch
14774.0,0.004382616089045359,Non-Switch
14775.0,0.004370815459147974,Non-Switch
14776.0,0.004369025764687433,Non-Switch
14777.0,0.009954708530735079,Non-Switch
14778.0,0.00983743718887077,Non-Switch
14779.0,0.021830995342933836,Non-Switch
1478.0,0.004354332668761571,Non-Switch
14780.0,0.04774327066505919,Non-Switch
14781.0,0.09432757174378527,Non-Switch
14782.0,0.17202868846866148,Non-Switch
14783.0,0.30953669678866963,Non-Switch
14784.0,0.5320374025289315,Non-Switch
14785.0,0.7885216221057081,Non-Switch
14786.0,0.7293124669625656,Non-Switch
14787.0,0.6535270219899875,Non-Switch
14788.0,0.8791275000337379,Non-Switch
14789.0,0.8404097337755972,Non-Switch
1479.0,0.004354332668761571,Non-Switch
14790.0,0.8125434708476218,Non-Switch
14791.0,0.7574189036624709,Non-Switch
14792.0,0.5579814583638761,Non-Switch
14793.0,0.5909404285535383,Non-Switch
14794.0,0.5144709655828161,Non-Switch
14795.0,0.4741635206870878,Non-Switch
14796.0,0.5426344575271452,Non-Switch
14797.0,0.6526555429024029,Non-Switch
14798.0,0.9358243326130766,Non-Switch
14799.0,0.9413989782581437,Non-Switch
148.0,0.0050718395855106,Non-Switch
1480.0,0.004354332668761571,Non-Switch
14800.0,0.9349088689625339,Non-Switch
14801.0,0.844283642986282,Non-Switch
14802.0,0.3618984486790349,Non-Switch
14803.0,0.5008132213385225,Non-Switch
14804.0,0.5869974683085322,Non-Switch
14805.0,0.4544227500817766,Non-Switch
14806.0,0.3013900505999493,Non-Switch
14807.0,0.30209509347716135,Non-Switch
14808.0,0.21052877843538823,Non-Switch
14809.0,0.24495278283642527,Non-Switch
1481.0,0.004354332668761571,Non-Switch
14810.0,0.2434934240525289,Non-Switch
14811.0,0.20285209633798182,Non-Switch
14812.0,0.27510168549797737,Non-Switch
14813.0,0.24854997196187179,Non-Switch
14814.0,0.27180419763949065,Non-Switch
14815.0,0.25666450039054356,Non-Switch
14816.0,0.1982801095474449,Non-Switch
14817.0,0.20930531535498156,Non-Switch
14818.0,0.20724868232247,Non-Switch
14819.0,0.2080782191410754,Non-Switch
1482.0,0.004354332668761571,Non-Switch
14820.0,0.19799130768098352,Non-Switch
14821.0,0.10398292498828396,Non-Switch
14822.0,0.21878990057608916,Non-Switch
14823.0,0.23260920102303706,Non-Switch
14824.0,0.23557833100536393,Non-Switch
14825.0,0.13712532542400704,Non-Switch
14826.0,0.14937396206520331,Non-Switch
14827.0,0.1902366099535795,Non-Switch
14828.0,0.23066766737961544,Non-Switch
14829.0,0.24560519902247335,Non-Switch
1483.0,0.004354332668761571,Non-Switch
14830.0,0.24476005477830215,Non-Switch
14831.0,0.1892551264629368,Non-Switch
14832.0,0.29286990108921757,Non-Switch
14833.0,0.4219317446851121,Non-Switch
14834.0,0.47982329774433197,Non-Switch
14835.0,0.4379677080211994,Non-Switch
14836.0,0.4503951313768832,Non-Switch
14837.0,0.4695496561210658,Non-Switch
14838.0,0.5224295917384807,Non-Switch
14839.0,0.5834960305239535,Non-Switch
1484.0,0.004354332668761571,Non-Switch
14840.0,0.6273696216766476,Non-Switch
14841.0,0.6555046934879216,Non-Switch
14842.0,0.6577968352629584,Non-Switch
14843.0,0.6247530346307582,Non-Switch
14844.0,0.6417799190054542,Non-Switch
14845.0,0.6204775889259714,Non-Switch
14846.0,0.6016690932753248,Non-Switch
14847.0,0.64679867372727,Non-Switch
14848.0,0.6165498921412292,Non-Switch
14849.0,0.3878418595790388,Non-Switch
1485.0,0.004354332668761571,Non-Switch
14850.0,0.32503327953598843,Non-Switch
14851.0,0.004425720920435926,Non-Switch
14852.0,0.004955726439310696,Non-Switch
14853.0,0.03432839548330194,Non-Switch
14854.0,0.047911507318807896,Non-Switch
14855.0,0.22865497591439937,Non-Switch
14856.0,0.027081111069437256,Non-Switch
14857.0,0.026883126791547127,Non-Switch
14858.0,0.026122219112322747,Non-Switch
14859.0,0.021244495538672324,Non-Switch
1486.0,0.004354332668761571,Non-Switch
14860.0,0.04865633193294768,Non-Switch
14861.0,0.10112455183311272,Non-Switch
14862.0,0.09769143415658933,Non-Switch
14863.0,0.09763541080807078,Non-Switch
14864.0,0.20607963025323006,Non-Switch
14865.0,0.40530721372210954,Non-Switch
14866.0,0.6434868468152676,Non-Switch
14867.0,0.9057196294927963,Non-Switch
14868.0,0.909758986013611,Non-Switch
14869.0,0.9070043398947414,Non-Switch
1487.0,0.004354332668761571,Non-Switch
14870.0,0.9051515707969964,Non-Switch
14871.0,0.918431985105297,Non-Switch
14872.0,0.8606601749667404,Non-Switch
14873.0,0.8609650142153947,Non-Switch
14874.0,0.882656240064141,Non-Switch
14875.0,0.8836024886091882,Non-Switch
14876.0,0.8757686788623873,Non-Switch
14877.0,0.7945469482873612,Non-Switch
14878.0,0.8229609759583347,Non-Switch
14879.0,0.8499128071316726,Non-Switch
1488.0,0.004354332668761571,Non-Switch
14880.0,0.8456496151907599,Non-Switch
14881.0,0.7988322399989098,Non-Switch
14882.0,0.8730311450172785,Non-Switch
14883.0,0.9267448525260763,Non-Switch
14884.0,0.961558354635655,Non-Switch
14885.0,0.9720301202727151,Non-Switch
14886.0,0.9762596896053841,Non-Switch
14887.0,0.9718154859244382,Non-Switch
14888.0,0.9733696931402854,Non-Switch
14889.0,0.9733518929359212,Non-Switch
1489.0,0.004354332668761571,Non-Switch
14890.0,0.9744141437789753,Non-Switch
14891.0,0.9655549734677303,Non-Switch
14892.0,0.9650577716240859,Non-Switch
14893.0,0.9679187030211888,Non-Switch
14894.0,0.9606532959354894,Non-Switch
14895.0,0.9617990443555374,Non-Switch
14896.0,0.9649720382726308,Non-Switch
14897.0,0.9587509098429704,Non-Switch
14898.0,0.9691814856351489,Non-Switch
14899.0,0.9648452010676195,Non-Switch
149.0,0.004958059961723868,Non-Switch
1490.0,0.004354332668761571,Non-Switch
14900.0,0.9653188412880956,Non-Switch
14901.0,0.9594512231972838,Non-Switch
14902.0,0.9585466804450709,Non-Switch
14903.0,0.9610959792788103,Non-Switch
14904.0,0.9629810811149175,Non-Switch
14905.0,0.9615503574423898,Non-Switch
14906.0,0.9625021094322646,Non-Switch
14907.0,0.9493546377130809,Non-Switch
14908.0,0.9508443514348546,Non-Switch
14909.0,0.9475612026298835,Non-Switch
1491.0,0.004354332668761571,Non-Switch
14910.0,0.9389871795537691,Non-Switch
14911.0,0.9386867258627117,Non-Switch
14912.0,0.9353071807819321,Non-Switch
14913.0,0.9351023494447545,Non-Switch
14914.0,0.9477356790291839,Non-Switch
14915.0,0.9331553338543367,Non-Switch
14916.0,0.9361039764033795,Non-Switch
14917.0,0.9356663665482591,Non-Switch
14918.0,0.9371056033620045,Non-Switch
14919.0,0.9174640667462411,Non-Switch
1492.0,0.004354332668761571,Non-Switch
14920.0,0.9110277020290259,Non-Switch
14921.0,0.9255270433753168,Non-Switch
14922.0,0.9228019782723955,Non-Switch
14923.0,0.9505876673284418,Non-Switch
14924.0,0.9426050925886446,Non-Switch
14925.0,0.9513159278635204,Non-Switch
14926.0,0.9569915273246439,Non-Switch
14927.0,0.9292184789934361,Non-Switch
14928.0,0.9363802665319906,Non-Switch
14929.0,0.9105908660958344,Non-Switch
1493.0,0.004354332668761571,Non-Switch
14930.0,0.9221173153393107,Non-Switch
14931.0,0.9305188398166098,Non-Switch
14932.0,0.9358756694343592,Non-Switch
14933.0,0.942615755512998,Non-Switch
14934.0,0.946276234253962,Non-Switch
14935.0,0.9296321832600866,Non-Switch
14936.0,0.9305884927902093,Non-Switch
14937.0,0.9415205699923037,Non-Switch
14938.0,0.9375580897164245,Non-Switch
14939.0,0.9316308796370887,Non-Switch
1494.0,0.004354332668761571,Non-Switch
14940.0,0.9242770734688459,Non-Switch
14941.0,0.9383200588510722,Non-Switch
14942.0,0.9400024791331376,Non-Switch
14943.0,0.9372895388071023,Non-Switch
14944.0,0.9383658922275272,Non-Switch
14945.0,0.916782929457499,Non-Switch
14946.0,0.9274928050746787,Non-Switch
14947.0,0.9271793666934812,Non-Switch
14948.0,0.9282273429765138,Non-Switch
14949.0,0.9331232590899508,Non-Switch
1495.0,0.004354332668761571,Non-Switch
14950.0,0.9306928862592829,Non-Switch
14951.0,0.9430262781006076,Non-Switch
14952.0,0.9393143765470355,Non-Switch
14953.0,0.9257875970913739,Non-Switch
14954.0,0.9411447879001684,Non-Switch
14955.0,0.9430782168611681,Non-Switch
14956.0,0.9357757475142078,Non-Switch
14957.0,0.9395527445011314,Non-Switch
14958.0,0.9307995155028179,Non-Switch
14959.0,0.9358227847692188,Non-Switch
1496.0,0.004354332668761571,Non-Switch
14960.0,0.942917155108635,Non-Switch
14961.0,0.9165026837279181,Non-Switch
14962.0,0.912477429784474,Non-Switch
14963.0,0.9181225023250694,Non-Switch
14964.0,0.9038637647073356,Non-Switch
14965.0,0.9000540050254228,Non-Switch
14966.0,0.924155309752035,Non-Switch
14967.0,0.933390606120717,Non-Switch
14968.0,0.9143675191174563,Non-Switch
14969.0,0.942445320705993,Non-Switch
1497.0,0.004354332668761571,Non-Switch
14970.0,0.9272836741712295,Non-Switch
14971.0,0.9221301280468001,Non-Switch
14972.0,0.016117065248499242,Non-Switch
14973.0,0.022435727995415728,Non-Switch
14974.0,0.4568505431726814,Non-Switch
14975.0,0.4574126254713638,Non-Switch
14976.0,0.4531527441964802,Non-Switch
14977.0,0.45616265556489294,Non-Switch
14978.0,0.44265191349142424,Non-Switch
14979.0,0.4360958918448713,Non-Switch
1498.0,0.004354332668761571,Non-Switch
14980.0,0.016126302597910817,Non-Switch
14981.0,0.4043494423394546,Non-Switch
14982.0,0.6857241090363274,Non-Switch
14983.0,0.6811745229860654,Non-Switch
14984.0,0.02278124114099911,Non-Switch
14985.0,0.02414678338884981,Non-Switch
14986.0,0.010633104174171876,Non-Switch
14987.0,0.007790064347216626,Non-Switch
14988.0,0.007552220402760121,Non-Switch
14989.0,0.004365612983959374,Non-Switch
1499.0,0.004354332668761571,Non-Switch
14990.0,0.011544957532660948,Non-Switch
14991.0,0.012008257296253997,Non-Switch
14992.0,0.012030600261107104,Non-Switch
14993.0,0.014908961024983302,Non-Switch
14994.0,0.0277817630145945,Non-Switch
14995.0,0.004361387316483096,Non-Switch
14996.0,0.03495244796810224,Non-Switch
14997.0,0.058177162497724616,Non-Switch
14998.0,0.07863161810845376,Non-Switch
14999.0,0.07721523348944173,Non-Switch
15.0,0.004354586947798101,Non-Switch
150.0,0.0051358164598243345,Non-Switch
1500.0,0.004354334348279646,Non-Switch
15000.0,0.05898386861942798,Non-Switch
15001.0,0.06315183591634112,Non-Switch
15002.0,0.06622033962411966,Non-Switch
15003.0,0.06908050247375144,Non-Switch
15004.0,0.0912293365352388,Non-Switch
15005.0,0.11764263628414685,Non-Switch
15006.0,0.10504123097928393,Non-Switch
15007.0,0.09730110878154051,Non-Switch
15008.0,0.10172444881715356,Non-Switch
15009.0,0.12790351894450214,Non-Switch
1501.0,0.004354333340568802,Non-Switch
15010.0,0.10561686766063744,Non-Switch
15011.0,0.11285153284749505,Non-Switch
15012.0,0.15959954528646902,Non-Switch
15013.0,0.1386042364855234,Non-Switch
15014.0,0.14556105295099647,Non-Switch
15015.0,0.09951068813524748,Non-Switch
15016.0,0.18405480105747263,Non-Switch
15017.0,0.1923422795394183,Non-Switch
15018.0,0.2122364156736364,Non-Switch
15019.0,0.22832165203919588,Non-Switch
1502.0,0.004354333340568802,Non-Switch
15020.0,0.11767360391021785,Non-Switch
15021.0,0.11462208348921199,Non-Switch
15022.0,0.11129807805574538,Non-Switch
15023.0,0.13219553947726576,Non-Switch
15024.0,0.13868993759023146,Non-Switch
15025.0,0.12518445173652978,Non-Switch
15026.0,0.14743903900492425,Non-Switch
15027.0,0.15089750262461854,Non-Switch
15028.0,0.17891446535041253,Non-Switch
15029.0,0.14150593851979637,Non-Switch
1503.0,0.004354333340568802,Non-Switch
15030.0,0.07131739482219857,Non-Switch
15031.0,0.07686552826674357,Non-Switch
15032.0,0.2327522475928922,Non-Switch
15033.0,0.11675566800906896,Non-Switch
15034.0,0.10161572353506122,Non-Switch
15035.0,0.09374935532266883,Non-Switch
15036.0,0.18077046987177692,Non-Switch
15037.0,0.11382655623981472,Non-Switch
15038.0,0.14330170611769608,Non-Switch
15039.0,0.10144077418347104,Non-Switch
1504.0,0.004354333340568802,Non-Switch
15040.0,0.13253710777079497,Non-Switch
15041.0,0.1810154161622683,Non-Switch
15042.0,0.11339382639241254,Non-Switch
15043.0,0.18295993800424862,Non-Switch
15044.0,0.15235061628850546,Non-Switch
15045.0,0.004365212586850334,Non-Switch
15046.0,0.14454377557114295,Non-Switch
15047.0,0.0043673741266126425,Non-Switch
15048.0,0.004375313880359604,Non-Switch
15049.0,0.00437465819650319,Non-Switch
1505.0,0.004354333340568802,Non-Switch
15050.0,0.0043687288258918025,Non-Switch
15051.0,0.02001701505103066,Non-Switch
15052.0,0.021008519218315033,Non-Switch
15053.0,0.019517296617502955,Non-Switch
15054.0,0.042042459622210725,Non-Switch
15055.0,0.03764103393843809,Non-Switch
15056.0,0.0047584784621445735,Non-Switch
15057.0,0.04576442753531604,Non-Switch
15058.0,0.004417240697772483,Non-Switch
15059.0,0.004414276684274019,Non-Switch
1506.0,0.004354333340568802,Non-Switch
15060.0,0.06434665313646344,Non-Switch
15061.0,0.004387392302546567,Non-Switch
15062.0,0.004360495156481746,Non-Switch
15063.0,0.025941575522651646,Non-Switch
15064.0,0.025939772392046503,Non-Switch
15065.0,0.05566526451609003,Non-Switch
15066.0,0.03976364650261579,Non-Switch
15067.0,0.09282910840464897,Non-Switch
15068.0,0.13230983269767976,Non-Switch
15069.0,0.16510483892757566,Non-Switch
1507.0,0.004354332668761571,Non-Switch
15070.0,0.2807947411981635,Non-Switch
15071.0,0.44380630403967813,Non-Switch
15072.0,0.3902272159508432,Non-Switch
15073.0,0.4598659579859218,Non-Switch
15074.0,0.43018351526917237,Non-Switch
15075.0,0.4264118927400882,Non-Switch
15076.0,0.36977714589771105,Non-Switch
15077.0,0.004474735304124596,Non-Switch
15078.0,0.3300002244842318,Non-Switch
15079.0,0.35789161837706457,Non-Switch
1508.0,0.004354332668761571,Non-Switch
15080.0,0.004686614570951426,Non-Switch
15081.0,0.301017450186855,Non-Switch
15082.0,0.21013167049454598,Non-Switch
15083.0,0.20964921616321308,Non-Switch
15084.0,0.2177933901013273,Non-Switch
15085.0,0.004489379358122672,Non-Switch
15086.0,0.005124328556192483,Non-Switch
15087.0,0.004501160169706774,Non-Switch
15088.0,0.08523720300520227,Non-Switch
15089.0,0.004971481662467081,Non-Switch
1509.0,0.004354332668761571,Non-Switch
15090.0,0.09703859876282979,Non-Switch
15091.0,0.09671469093776106,Non-Switch
15092.0,0.09747226376589604,Non-Switch
15093.0,0.0956404120580622,Non-Switch
15094.0,0.00503271823508992,Non-Switch
15095.0,0.0043835482215768915,Non-Switch
15096.0,0.00438075350350037,Non-Switch
15097.0,0.004871249367375561,Non-Switch
15098.0,0.08791223728009591,Non-Switch
15099.0,0.004381016180127274,Non-Switch
151.0,0.004762248308415341,Non-Switch
1510.0,0.004354332668761571,Non-Switch
15100.0,0.004384491103024102,Non-Switch
15101.0,0.004365373148778288,Non-Switch
15102.0,0.008993023870965738,Non-Switch
15103.0,0.01747392102886691,Non-Switch
15104.0,0.03686762527027912,Non-Switch
15105.0,0.06721034700489574,Non-Switch
15106.0,0.12482912483093155,Non-Switch
15107.0,0.13404833007284214,Non-Switch
15108.0,0.20600593568733536,Non-Switch
15109.0,0.3655936249198105,Non-Switch
1511.0,0.004354332668761571,Non-Switch
15110.0,0.5648462748600532,Non-Switch
15111.0,0.6728531424240685,Non-Switch
15112.0,0.4879997829229771,Non-Switch
15113.0,0.5425874202721342,Non-Switch
15114.0,0.5411644358188954,Non-Switch
15115.0,0.5631007369451212,Non-Switch
15116.0,0.5191412404583211,Non-Switch
15117.0,0.4216428138316626,Non-Switch
15118.0,0.5552828785891878,Non-Switch
15119.0,0.5495679810923421,Non-Switch
1512.0,0.004354333340568802,Non-Switch
15120.0,0.4345442213731243,Non-Switch
15121.0,0.5330758337748411,Non-Switch
15122.0,0.5141880971178096,Non-Switch
15123.0,0.37303690506216475,Non-Switch
15124.0,0.37908243920529416,Non-Switch
15125.0,0.37409747907437296,Non-Switch
15126.0,0.4277834973763819,Non-Switch
15127.0,0.42111074250555575,Non-Switch
15128.0,0.38640765325783105,Non-Switch
15129.0,0.5925421459766864,Non-Switch
1513.0,0.004354333340568802,Non-Switch
15130.0,0.5156677498545077,Non-Switch
15131.0,0.457319281887608,Non-Switch
15132.0,0.41647989465276103,Non-Switch
15133.0,0.4621845420935287,Non-Switch
15134.0,0.4765041615696679,Non-Switch
15135.0,0.4428017103803258,Non-Switch
15136.0,0.35264932920478986,Non-Switch
15137.0,0.3787333574197054,Non-Switch
15138.0,0.4195630276347786,Non-Switch
15139.0,0.5625339681192028,Non-Switch
1514.0,0.004354333340568802,Non-Switch
15140.0,0.4180033169741038,Non-Switch
15141.0,0.5087717615028616,Non-Switch
15142.0,0.4980310149998521,Non-Switch
15143.0,0.4767258472066301,Non-Switch
15144.0,0.4728804871159885,Non-Switch
15145.0,0.5401939807157392,Non-Switch
15146.0,0.4768426234265659,Non-Switch
15147.0,0.5295462768268465,Non-Switch
15148.0,0.49844054868721915,Non-Switch
15149.0,0.46104511403589993,Non-Switch
1515.0,0.004354333340568802,Non-Switch
15150.0,0.5980386255069363,Non-Switch
15151.0,0.6209208312129075,Non-Switch
15152.0,0.6202163902749736,Non-Switch
15153.0,0.6555162593211922,Non-Switch
15154.0,0.5526700751616173,Non-Switch
15155.0,0.6389401414744075,Non-Switch
15156.0,0.6046237552171478,Non-Switch
15157.0,0.6816448095448497,Non-Switch
15158.0,0.6801709182269555,Non-Switch
15159.0,0.689384802755605,Non-Switch
1516.0,0.004354333340568802,Non-Switch
15160.0,0.635267795930534,Non-Switch
15161.0,0.5864605814682011,Non-Switch
15162.0,0.5753126660392739,Non-Switch
15163.0,0.24541429828001562,Non-Switch
15164.0,0.2140136198941586,Non-Switch
15165.0,0.6125446741766107,Non-Switch
15166.0,0.6046835191883226,Non-Switch
15167.0,0.5088709524967467,Non-Switch
15168.0,0.13405022188200164,Non-Switch
15169.0,0.553446103877973,Non-Switch
1517.0,0.004354333340568802,Non-Switch
15170.0,0.5337015926500055,Non-Switch
15171.0,0.535143538190502,Non-Switch
15172.0,0.1940043628730192,Non-Switch
15173.0,0.19137582303289474,Non-Switch
15174.0,0.18082937392969745,Non-Switch
15175.0,0.17257822678274654,Non-Switch
15176.0,0.15462435591989993,Non-Switch
15177.0,0.5887231852229523,Non-Switch
15178.0,0.5778591701549368,Non-Switch
15179.0,0.1838185613886812,Non-Switch
1518.0,0.004354333340568802,Non-Switch
15180.0,0.6026131060459107,Non-Switch
15181.0,0.2313732906982742,Non-Switch
15182.0,0.23729839399013697,Non-Switch
15183.0,0.2540559535335819,Non-Switch
15184.0,0.5675909029895101,Non-Switch
15185.0,0.5891258825999476,Non-Switch
15186.0,0.19039685478852092,Non-Switch
15187.0,0.6491051760536538,Non-Switch
15188.0,0.20573353666620003,Non-Switch
15189.0,0.2130708969934541,Non-Switch
1519.0,0.004354333340568802,Non-Switch
15190.0,0.18018279440486304,Non-Switch
15191.0,0.1794348203584293,Non-Switch
15192.0,0.597863547168358,Non-Switch
15193.0,0.5622270650787381,Non-Switch
15194.0,0.5624809544670744,Non-Switch
15195.0,0.5390274223949368,Non-Switch
15196.0,0.5574723897173222,Non-Switch
15197.0,0.540669039793085,Non-Switch
15198.0,0.5636484586924565,Non-Switch
15199.0,0.5316481627943663,Non-Switch
152.0,0.0046104887346915865,Non-Switch
1520.0,0.004354333340568802,Non-Switch
15200.0,0.59799451195699,Non-Switch
15201.0,0.5818634422149755,Non-Switch
15202.0,0.6246401280204666,Non-Switch
15203.0,0.5782640603107305,Non-Switch
15204.0,0.5647040882034524,Non-Switch
15205.0,0.5885020585296055,Non-Switch
15206.0,0.5950690870658136,Non-Switch
15207.0,0.5657704236344645,Non-Switch
15208.0,0.5891578283773453,Non-Switch
15209.0,0.5818949580357462,Non-Switch
1521.0,0.004354333340568802,Non-Switch
15210.0,0.5962447604671118,Non-Switch
15211.0,0.5995746025617921,Non-Switch
15212.0,0.6271908457110758,Non-Switch
15213.0,0.6354548700590099,Non-Switch
15214.0,0.6293657813095495,Non-Switch
15215.0,0.6089042314144723,Non-Switch
15216.0,0.6433593646753155,Non-Switch
15217.0,0.6501792077082921,Non-Switch
15218.0,0.6935449770886509,Non-Switch
15219.0,0.6665736258844401,Non-Switch
1522.0,0.004354333340568802,Non-Switch
15220.0,0.7007486424026905,Non-Switch
15221.0,0.6293629006001475,Non-Switch
15222.0,0.6773839393697236,Non-Switch
15223.0,0.6671407386756603,Non-Switch
15224.0,0.6196671636794431,Non-Switch
15225.0,0.6340679589667896,Non-Switch
15226.0,0.6262273129096169,Non-Switch
15227.0,0.5875984186863095,Non-Switch
15228.0,0.00461254849565856,Non-Switch
15229.0,0.36705560643913254,Non-Switch
1523.0,0.004354333340568802,Non-Switch
15230.0,0.3554914929951173,Non-Switch
15231.0,0.32307959961784966,Non-Switch
15232.0,0.32257710930769123,Non-Switch
15233.0,0.337867570847951,Non-Switch
15234.0,0.11634542489326709,Non-Switch
15235.0,0.2213385759727192,Non-Switch
15236.0,0.22970265122779288,Non-Switch
15237.0,0.4019508862991964,Non-Switch
15238.0,0.440488543726221,Non-Switch
15239.0,0.3329623031778733,Non-Switch
1524.0,0.004354333340568802,Non-Switch
15240.0,0.31282902516763045,Non-Switch
15241.0,0.21656147837319703,Non-Switch
15242.0,0.31437809440178316,Non-Switch
15243.0,0.3103312996313185,Non-Switch
15244.0,0.2659349027178329,Non-Switch
15245.0,0.2483795156570354,Non-Switch
15246.0,0.2725601688791895,Non-Switch
15247.0,0.315522810925926,Non-Switch
15248.0,0.3384931147448017,Non-Switch
15249.0,0.31446817031517255,Non-Switch
1525.0,0.004354333340568802,Non-Switch
15250.0,0.2701225082836914,Non-Switch
15251.0,0.37877704101302456,Non-Switch
15252.0,0.2932405237018269,Non-Switch
15253.0,0.2550707371649979,Non-Switch
15254.0,0.29705957044688647,Non-Switch
15255.0,0.3316854179865424,Non-Switch
15256.0,0.24742922551969293,Non-Switch
15257.0,0.23371670480109946,Non-Switch
15258.0,0.2166142340513492,Non-Switch
15259.0,0.2720591619193948,Non-Switch
1526.0,0.004354333340568802,Non-Switch
15260.0,0.3489024936752614,Non-Switch
15261.0,0.29619264889954977,Non-Switch
15262.0,0.2513400680046505,Non-Switch
15263.0,0.28760426527208827,Non-Switch
15264.0,0.2713800454268003,Non-Switch
15265.0,0.23663611029949566,Non-Switch
15266.0,0.20146256251033576,Non-Switch
15267.0,0.1924475974152404,Non-Switch
15268.0,0.2464649617919679,Non-Switch
15269.0,0.34616592723256373,Non-Switch
1527.0,0.004354334348279646,Non-Switch
15270.0,0.35483782993485047,Non-Switch
15271.0,0.4601161927429272,Non-Switch
15272.0,0.4232353731786522,Non-Switch
15273.0,0.3744565358537118,Non-Switch
15274.0,0.483934156052243,Non-Switch
15275.0,0.4394934521083288,Non-Switch
15276.0,0.5349275279810183,Non-Switch
15277.0,0.5900556208105119,Non-Switch
15278.0,0.5371572830494546,Non-Switch
15279.0,0.5674033559087442,Non-Switch
1528.0,0.004354334348279646,Non-Switch
15280.0,0.5680271369834237,Non-Switch
15281.0,0.6327410268240575,Non-Switch
15282.0,0.5761641521436957,Non-Switch
15283.0,0.5888953828521286,Non-Switch
15284.0,0.5640772114410575,Non-Switch
15285.0,0.4739241638327495,Non-Switch
15286.0,0.6096673614320133,Non-Switch
15287.0,0.5729545259219685,Non-Switch
15288.0,0.6361810238066155,Non-Switch
15289.0,0.5556321753530902,Non-Switch
1529.0,0.004354335691894106,Non-Switch
15290.0,0.5623810325469231,Non-Switch
15291.0,0.5403548704856214,Non-Switch
15292.0,0.672977055924015,Non-Switch
15293.0,0.6316872031308957,Non-Switch
15294.0,0.6299715901972137,Non-Switch
15295.0,0.6370169454811341,Non-Switch
15296.0,0.646554415367382,Non-Switch
15297.0,0.6715333475613472,Non-Switch
15298.0,0.3901325395015432,Non-Switch
15299.0,0.39033315726377465,Non-Switch
153.0,0.004781144566275278,Non-Switch
1530.0,0.004354336363701336,Non-Switch
15300.0,0.4031042879472078,Non-Switch
15301.0,0.3769667086343799,Non-Switch
15302.0,0.004475570024607788,Non-Switch
15303.0,0.2797255680534121,Non-Switch
15304.0,0.23380871551931107,Non-Switch
15305.0,0.23489371106794182,Non-Switch
15306.0,0.2445039726111674,Non-Switch
15307.0,0.23161941936949024,Non-Switch
15308.0,0.26819898982294765,Non-Switch
15309.0,0.16006788629151547,Non-Switch
1531.0,0.004354335691894106,Non-Switch
15310.0,0.2947411153262676,Non-Switch
15311.0,0.4539414136376743,Non-Switch
15312.0,0.4527550773120227,Non-Switch
15313.0,0.480418099742341,Non-Switch
15314.0,0.46163669135920526,Non-Switch
15315.0,0.4711413125591384,Non-Switch
15316.0,0.43745472676933833,Non-Switch
15317.0,0.4173817716738856,Non-Switch
15318.0,0.5041714835662578,Non-Switch
15319.0,0.34654721276952655,Non-Switch
1532.0,0.004354335691894106,Non-Switch
15320.0,0.43531629448851017,Non-Switch
15321.0,0.4726524811166072,Non-Switch
15322.0,0.4859133323983722,Non-Switch
15323.0,0.4498666716864445,Non-Switch
15324.0,0.3428454796901868,Non-Switch
15325.0,0.45604661027122323,Non-Switch
15326.0,0.2918945874761746,Non-Switch
15327.0,0.3364641709190791,Non-Switch
15328.0,0.5016772621764573,Non-Switch
15329.0,0.3267964241748026,Non-Switch
1533.0,0.004354334348279646,Non-Switch
15330.0,0.2892722820071439,Non-Switch
15331.0,0.3254600759819359,Non-Switch
15332.0,0.315248090139004,Non-Switch
15333.0,0.32054074873015015,Non-Switch
15334.0,0.35068315904663216,Non-Switch
15335.0,0.2886654842192372,Non-Switch
15336.0,0.28871101662605314,Non-Switch
15337.0,0.288053548449636,Non-Switch
15338.0,0.2862767956835723,Non-Switch
15339.0,0.3249738810279467,Non-Switch
1534.0,0.004354333340568802,Non-Switch
15340.0,0.4643982597797721,Non-Switch
15341.0,0.45277992880507234,Non-Switch
15342.0,0.5181801154139744,Non-Switch
15343.0,0.45718870405994044,Non-Switch
15344.0,0.46154201490990526,Non-Switch
15345.0,0.505786787618824,Non-Switch
15346.0,0.5055336291567539,Non-Switch
15347.0,0.5319310312593729,Non-Switch
15348.0,0.3629066109783927,Non-Switch
15349.0,0.5055223642931225,Non-Switch
1535.0,0.004354332668761571,Non-Switch
15350.0,0.3006207292069772,Non-Switch
15351.0,0.3134688651223342,Non-Switch
15352.0,0.4784693213297518,Non-Switch
15353.0,0.36924546153256865,Non-Switch
15354.0,0.3192113658346434,Non-Switch
15355.0,0.372525084693197,Non-Switch
15356.0,0.37596822035913313,Non-Switch
15357.0,0.4632472658888728,Non-Switch
15358.0,0.4413823805584177,Non-Switch
15359.0,0.49802099701043934,Non-Switch
1536.0,0.004354333340568802,Non-Switch
15360.0,0.5530201888431112,Non-Switch
15361.0,0.26215001602680094,Non-Switch
15362.0,0.5040163982108423,Non-Switch
15363.0,0.5144606466237643,Non-Switch
15364.0,0.4944796162551978,Non-Switch
15365.0,0.490024061719295,Non-Switch
15366.0,0.48072624965702443,Non-Switch
15367.0,0.45659837361085387,Non-Switch
15368.0,0.4829845108498413,Non-Switch
15369.0,0.4568244018097503,Non-Switch
1537.0,0.004354332668761571,Non-Switch
15370.0,0.4766478100788011,Non-Switch
15371.0,0.442448844976418,Non-Switch
15372.0,0.4419003493071538,Non-Switch
15373.0,0.4469951633563136,Non-Switch
15374.0,0.47307740725122643,Non-Switch
15375.0,0.512335113041751,Non-Switch
15376.0,0.4468200850177353,Non-Switch
15377.0,0.48540882129206614,Non-Switch
15378.0,0.5259369199288514,Non-Switch
15379.0,0.45074984559428777,Non-Switch
1538.0,0.004354332668761571,Non-Switch
15380.0,0.43779155479105314,Non-Switch
15381.0,0.46284263370705525,Non-Switch
15382.0,0.4260367555828937,Non-Switch
15383.0,0.4379560132009407,Non-Switch
15384.0,0.4375904210808691,Non-Switch
15385.0,0.4762436938449362,Non-Switch
15386.0,0.4364743826637576,Non-Switch
15387.0,0.4901083332182178,Non-Switch
15388.0,0.45593026400791453,Non-Switch
15389.0,0.41875286036222664,Non-Switch
1539.0,0.004354332668761571,Non-Switch
15390.0,0.4483368430113571,Non-Switch
15391.0,0.42893814589861207,Non-Switch
15392.0,0.477166251779827,Non-Switch
15393.0,0.49713412547560254,Non-Switch
15394.0,0.48327477456883494,Non-Switch
15395.0,0.45648774577068635,Non-Switch
15396.0,0.43823720483510137,Non-Switch
15397.0,0.47674940882979827,Non-Switch
15398.0,0.47419181183315473,Non-Switch
15399.0,0.42423145369678683,Non-Switch
154.0,0.004532880219875284,Non-Switch
1540.0,0.004354332668761571,Non-Switch
15400.0,0.509835646181099,Non-Switch
15401.0,0.4711589407808518,Non-Switch
15402.0,0.44831642007156713,Non-Switch
15403.0,0.521804649780908,Non-Switch
15404.0,0.48497903664756,Non-Switch
15405.0,0.41184608009923895,Non-Switch
15406.0,0.35335258776199924,Non-Switch
15407.0,0.3515132333110215,Non-Switch
15408.0,0.33836842732292616,Non-Switch
15409.0,0.38951705658976793,Non-Switch
1541.0,0.004354332668761571,Non-Switch
15410.0,0.36272104169811176,Non-Switch
15411.0,0.32627355392051693,Non-Switch
15412.0,0.40708431045347493,Non-Switch
15413.0,0.0046027589207039785,Non-Switch
15414.0,0.10613987765082691,Non-Switch
15415.0,0.19852561478155156,Non-Switch
15416.0,0.013968578700667903,Non-Switch
15417.0,0.004669933933335809,Non-Switch
15418.0,0.0043751318206002926,Non-Switch
15419.0,0.004742527407180662,Non-Switch
1542.0,0.004354332668761571,Non-Switch
15420.0,0.004365533710706242,Non-Switch
15421.0,0.004419851676571617,Non-Switch
15422.0,0.004400534195578514,Non-Switch
15423.0,0.004977453692837569,Non-Switch
15424.0,0.005029558053880316,Non-Switch
15425.0,0.004582859990553368,Non-Switch
15426.0,0.004359909676480859,Non-Switch
15427.0,0.004355960457679699,Non-Switch
15428.0,0.010030150467234848,Non-Switch
15429.0,0.004364000646607536,Non-Switch
1543.0,0.004354332668761571,Non-Switch
15430.0,0.007983737638112276,Non-Switch
15431.0,0.01650021706594684,Non-Switch
15432.0,0.004426985261642659,Non-Switch
15433.0,0.040304239031627075,Non-Switch
15434.0,0.004658418821511145,Non-Switch
15435.0,0.004531122772161779,Non-Switch
15436.0,0.004470533149901366,Non-Switch
15437.0,0.004466769685799283,Non-Switch
15438.0,0.004478488691118231,Non-Switch
15439.0,0.004364067491426913,Non-Switch
1544.0,0.004354332668761571,Non-Switch
15440.0,0.004399241638468122,Non-Switch
15441.0,0.010020207720231841,Non-Switch
15442.0,0.010018858059506907,Non-Switch
15443.0,0.02170551653214144,Non-Switch
15444.0,0.0043783699314485685,Non-Switch
15445.0,0.004370093266375796,Non-Switch
15446.0,0.004369605534326865,Non-Switch
15447.0,0.004400389085216848,Non-Switch
15448.0,0.004408259306915511,Non-Switch
15449.0,0.004578289014160905,Non-Switch
1545.0,0.004354332668761571,Non-Switch
15450.0,0.004360487766602216,Non-Switch
15451.0,0.004370667325653774,Non-Switch
15452.0,0.004354393803219495,Non-Switch
15453.0,0.004355046128039761,Non-Switch
15454.0,0.004354445532376201,Non-Switch
15455.0,0.004354425042255687,Non-Switch
15456.0,0.004354427729484607,Non-Switch
15457.0,0.004354372977195368,Non-Switch
15458.0,0.004380453205668591,Non-Switch
15459.0,0.008563584535375765,Non-Switch
1546.0,0.004354332668761571,Non-Switch
15460.0,0.012661824959894166,Non-Switch
15461.0,0.019001883423469555,Non-Switch
15462.0,0.05665026290215973,Non-Switch
15463.0,0.13666586302331138,Non-Switch
15464.0,0.22093658802415872,Non-Switch
15465.0,0.5440199927581587,Non-Switch
15466.0,0.6577356094392512,Non-Switch
15467.0,0.7327763695335934,Non-Switch
15468.0,0.9462555963358585,Non-Switch
15469.0,0.680856398077632,Non-Switch
1547.0,0.004354333340568802,Non-Switch
15470.0,0.7432518327976471,Non-Switch
15471.0,0.9600412096810687,Non-Switch
15472.0,0.805474725923184,Non-Switch
15473.0,0.7626372872462757,Non-Switch
15474.0,0.9378650787482147,Non-Switch
15475.0,0.8254985799718154,Non-Switch
15476.0,0.7607236362901252,Non-Switch
15477.0,0.6516639339331907,Non-Switch
15478.0,0.7363297890743953,Non-Switch
15479.0,0.6678778563172583,Non-Switch
1548.0,0.004354332668761571,Non-Switch
15480.0,0.713918987814439,Non-Switch
15481.0,0.7046271521492858,Non-Switch
15482.0,0.6938885984250749,Non-Switch
15483.0,0.7942403892121982,Non-Switch
15484.0,0.695888197710994,Non-Switch
15485.0,0.7579629707784754,Non-Switch
15486.0,0.6512849701620145,Non-Switch
15487.0,0.6483107881893184,Non-Switch
15488.0,0.6679230877544351,Non-Switch
15489.0,0.8031643109914931,Non-Switch
1549.0,0.004354332668761571,Non-Switch
15490.0,0.7762010429718729,Non-Switch
15491.0,0.725374236240458,Non-Switch
15492.0,0.7465986151834373,Non-Switch
15493.0,0.8027623875364267,Non-Switch
15494.0,0.6710063497234409,Non-Switch
15495.0,0.44960143144315134,Non-Switch
15496.0,0.506753631086312,Non-Switch
15497.0,0.6222831057903919,Non-Switch
15498.0,0.8543172828202691,Non-Switch
15499.0,0.8438203217248577,Non-Switch
155.0,0.004595990462862406,Non-Switch
1550.0,0.004354332668761571,Non-Switch
15500.0,0.7689059688788996,Non-Switch
15501.0,0.9462091610201255,Non-Switch
15502.0,0.9044521173559373,Non-Switch
15503.0,0.8326011194871478,Non-Switch
15504.0,0.9133936673569456,Non-Switch
15505.0,0.8366087452088783,Non-Switch
15506.0,0.8933433279800814,Non-Switch
15507.0,0.8998106495744519,Non-Switch
15508.0,0.9079225552676979,Non-Switch
15509.0,0.769292929843341,Non-Switch
1551.0,0.004354332668761571,Non-Switch
15510.0,0.7648347955676752,Non-Switch
15511.0,0.8586513316133373,Non-Switch
15512.0,0.9083805450669457,Non-Switch
15513.0,0.9189459552574005,Non-Switch
15514.0,0.9614880997227775,Non-Switch
15515.0,0.9694634511912384,Non-Switch
15516.0,0.913732989127098,Non-Switch
15517.0,0.9211585120607506,Non-Switch
15518.0,0.9366747868215932,Non-Switch
15519.0,0.9531755762672999,Non-Switch
1552.0,0.004354332668761571,Non-Switch
15520.0,0.9266389112131448,Non-Switch
15521.0,0.954862898054915,Non-Switch
15522.0,0.961205360244759,Non-Switch
15523.0,0.9607592372484209,Non-Switch
15524.0,0.9414710389888552,Non-Switch
15525.0,0.9611824865521943,Non-Switch
15526.0,0.9552127967580953,Non-Switch
15527.0,0.9297272036746883,Non-Switch
15528.0,0.9105654126635068,Non-Switch
15529.0,0.9098331105361329,Non-Switch
1553.0,0.004354333340568802,Non-Switch
15530.0,0.8823695449851527,Non-Switch
15531.0,0.8593304051102691,Non-Switch
15532.0,0.6765406224412179,Non-Switch
15533.0,0.7098911971268947,Non-Switch
15534.0,0.6010840942884149,Non-Switch
15535.0,0.4862943599613587,Non-Switch
15536.0,0.6535041912930855,Non-Switch
15537.0,0.4462944200453731,Non-Switch
15538.0,0.42927033038875356,Non-Switch
15539.0,0.3824572977588378,Non-Switch
1554.0,0.004354332668761571,Non-Switch
15540.0,0.3591454363953485,Non-Switch
15541.0,0.34426863612607655,Non-Switch
15542.0,0.19449801757448953,Non-Switch
15543.0,0.155448915990546,Non-Switch
15544.0,0.2895360389000734,Non-Switch
15545.0,0.3406791432242562,Non-Switch
15546.0,0.5110558200933079,Non-Switch
15547.0,0.5091135770214514,Non-Switch
15548.0,0.5988938092383517,Non-Switch
15549.0,0.6916202332515198,Non-Switch
1555.0,0.004354332668761571,Non-Switch
15550.0,0.5851658100811805,Non-Switch
15551.0,0.6254222191252653,Non-Switch
15552.0,0.005093539966748275,Non-Switch
15553.0,0.5227404073842525,Non-Switch
15554.0,0.4701008605170811,Non-Switch
15555.0,0.44034003670720095,Non-Switch
15556.0,0.004918572812266491,Non-Switch
15557.0,0.004504515175013059,Non-Switch
15558.0,0.005240805486007395,Non-Switch
15559.0,0.08785085022265356,Non-Switch
1556.0,0.004354332668761571,Non-Switch
15560.0,0.08279559218319217,Non-Switch
15561.0,0.17115784356710198,Non-Switch
15562.0,0.1836347979262343,Non-Switch
15563.0,0.16570117802052678,Non-Switch
15564.0,0.18273259843763937,Non-Switch
15565.0,0.309581713247533,Non-Switch
15566.0,0.5552853723376253,Non-Switch
15567.0,0.8097656070708857,Non-Switch
15568.0,0.7126901717740243,Non-Switch
15569.0,0.7045960662851425,Non-Switch
1557.0,0.004354332668761571,Non-Switch
15570.0,0.7056702269267688,Non-Switch
15571.0,0.00472099296232878,Non-Switch
15572.0,0.5248040272119554,Non-Switch
15573.0,0.005026950434117332,Non-Switch
15574.0,0.256554173520015,Non-Switch
15575.0,0.21471298734389221,Non-Switch
15576.0,0.004746265678511624,Non-Switch
15577.0,0.10263712849853544,Non-Switch
15578.0,0.07254551755755204,Non-Switch
15579.0,0.05848899391602809,Non-Switch
1558.0,0.004354332668761571,Non-Switch
15580.0,0.0891023518496087,Non-Switch
15581.0,0.07064285199322543,Non-Switch
15582.0,0.08294098739112316,Non-Switch
15583.0,0.004474194163400886,Non-Switch
15584.0,0.004467110627968473,Non-Switch
15585.0,0.0043987653271421,Non-Switch
15586.0,0.00442212977488832,Non-Switch
15587.0,0.004665881256221239,Non-Switch
15588.0,0.004387856521342451,Non-Switch
15589.0,0.012731395973011551,Non-Switch
1559.0,0.004354332668761571,Non-Switch
15590.0,0.011002228656658479,Non-Switch
15591.0,0.011239179769306403,Non-Switch
15592.0,0.004389854476044271,Non-Switch
15593.0,0.0044123092968011614,Non-Switch
15594.0,0.004496214996687239,Non-Switch
15595.0,0.0044403918467231995,Non-Switch
15596.0,0.004421452593200547,Non-Switch
15597.0,0.004408930778241829,Non-Switch
15598.0,0.0172545504396191,Non-Switch
15599.0,0.004390928023997704,Non-Switch
156.0,0.0045158505784037165,Non-Switch
1560.0,0.004354332668761571,Non-Switch
15600.0,0.004385914998447944,Non-Switch
15601.0,0.004376355181566,Non-Switch
15602.0,0.004512405550928621,Non-Switch
15603.0,0.004566470581371926,Non-Switch
15604.0,0.004400493551241102,Non-Switch
15605.0,0.004451656038547483,Non-Switch
15606.0,0.004719441759434865,Non-Switch
15607.0,0.004354804613340599,Non-Switch
15608.0,0.004354396490448415,Non-Switch
15609.0,0.004354435455267752,Non-Switch
1561.0,0.004354332668761571,Non-Switch
15610.0,0.004476159535452054,Non-Switch
15611.0,0.010100610953124664,Non-Switch
15612.0,0.02228906978989247,Non-Switch
15613.0,0.04011539939375079,Non-Switch
15614.0,0.09905667543480103,Non-Switch
15615.0,0.17605255580198292,Non-Switch
15616.0,0.30296721749968664,Non-Switch
15617.0,0.5303868420329384,Non-Switch
15618.0,0.7882427522373341,Non-Switch
15619.0,0.8462383977959886,Non-Switch
1562.0,0.004354332668761571,Non-Switch
15620.0,0.8929977288431725,Non-Switch
15621.0,0.9078425833350467,Non-Switch
15622.0,0.7818355385794401,Non-Switch
15623.0,0.9398056449892251,Non-Switch
15624.0,0.9530000679720945,Non-Switch
15625.0,0.9652886583328693,Non-Switch
15626.0,0.9681274899593362,Non-Switch
15627.0,0.9419560300642883,Non-Switch
15628.0,0.9581097585205539,Non-Switch
15629.0,0.9779518269072233,Non-Switch
1563.0,0.004354332668761571,Non-Switch
15630.0,0.9452914615951216,Non-Switch
15631.0,0.9518374652522619,Non-Switch
15632.0,0.9547947929251732,Non-Switch
15633.0,0.9280234575439159,Non-Switch
15634.0,0.919048284934664,Non-Switch
15635.0,0.9616442599697609,Non-Switch
15636.0,0.9553149544527079,Non-Switch
15637.0,0.9331156918533128,Non-Switch
15638.0,0.9595538108485234,Non-Switch
15639.0,0.9629583794050036,Non-Switch
1564.0,0.004354332668761571,Non-Switch
15640.0,0.9480555667597886,Non-Switch
15641.0,0.9407960070842186,Non-Switch
15642.0,0.9588218526864514,Non-Switch
15643.0,0.9476404866319312,Non-Switch
15644.0,0.9158647140845425,Non-Switch
15645.0,0.9600876449968017,Non-Switch
15646.0,0.9791336916839525,Non-Switch
15647.0,0.9503017461713824,Non-Switch
15648.0,0.9568278858323479,Non-Switch
15649.0,0.9768186332206882,Non-Switch
1565.0,0.004354332668761571,Non-Switch
15650.0,0.966261134232173,Non-Switch
15651.0,0.9647832873133089,Non-Switch
15652.0,0.960678749367817,Non-Switch
15653.0,0.9564569192544369,Non-Switch
15654.0,0.93005844226025,Non-Switch
15655.0,0.986348707852949,Non-Switch
15656.0,0.9684212363270098,Non-Switch
15657.0,0.9527899051727401,Non-Switch
15658.0,0.9802395401290004,Non-Switch
15659.0,0.9598231356797746,Non-Switch
1566.0,0.004354332668761571,Non-Switch
15660.0,0.9611087059949741,Non-Switch
15661.0,0.9848070553706149,Non-Switch
15662.0,0.9771552032684268,Non-Switch
15663.0,0.9135254060675065,Non-Switch
15664.0,0.969990578016133,Non-Switch
15665.0,0.920448395695338,Non-Switch
15666.0,0.9738947561733696,Non-Switch
15667.0,0.9845845098203984,Non-Switch
15668.0,0.9548941988973719,Non-Switch
15669.0,0.9670965399587391,Non-Switch
1567.0,0.004354332668761571,Non-Switch
15670.0,0.959815224477835,Non-Switch
15671.0,0.9602757940168455,Non-Switch
15672.0,0.9755542167715449,Non-Switch
15673.0,0.8701786407700679,Non-Switch
15674.0,0.9933322353738843,Non-Switch
15675.0,0.9733487112568802,Non-Switch
15676.0,0.9627482166056492,Non-Switch
15677.0,0.0044896262472796725,Non-Switch
15678.0,0.6719740960998459,Non-Switch
15679.0,0.7004119003723012,Non-Switch
1568.0,0.004354332668761571,Non-Switch
15680.0,0.004616689515423866,Non-Switch
15681.0,0.005273348835936187,Non-Switch
15682.0,0.0048364752815397765,Non-Switch
15683.0,0.004743940889592442,Non-Switch
15684.0,0.004411242802823643,Non-Switch
15685.0,0.004365559911188209,Non-Switch
15686.0,0.004910379787193844,Non-Switch
15687.0,0.004550505082552572,Non-Switch
15688.0,0.0043544425092436655,Non-Switch
15689.0,0.004354476099605162,Non-Switch
1569.0,0.004354332668761571,Non-Switch
15690.0,0.004354423362737612,Non-Switch
15691.0,0.004354429073099067,Non-Switch
15692.0,0.004354424706352072,Non-Switch
15693.0,0.00435454831888238,Non-Switch
15694.0,0.004354496589725675,Non-Switch
15695.0,0.0043544606480388735,Non-Switch
15696.0,0.004354469381532863,Non-Switch
15697.0,0.0043544539299665746,Non-Switch
15698.0,0.004354844921774396,Non-Switch
15699.0,0.004354463671171409,Non-Switch
157.0,0.00474329629055532,Non-Switch
1570.0,0.004354332668761571,Non-Switch
15700.0,0.004354729035027232,Non-Switch
15701.0,0.0043545745193643475,Non-Switch
15702.0,0.004354514728520884,Non-Switch
15703.0,0.004354454937677419,Non-Switch
15704.0,0.004354484833099151,Non-Switch
15705.0,0.004354456281291879,Non-Switch
15706.0,0.0043544357911713665,Non-Switch
15707.0,0.004354406567556864,Non-Switch
15708.0,0.004354399177677335,Non-Switch
15709.0,0.004354398505870105,Non-Switch
1571.0,0.004354332668761571,Non-Switch
15710.0,0.004354536898159471,Non-Switch
15711.0,0.004490521430413558,Non-Switch
15712.0,0.03435356406936414,Non-Switch
15713.0,0.004549163819418011,Non-Switch
15714.0,0.07486556351769133,Non-Switch
15715.0,0.011162793271841349,Non-Switch
15716.0,0.011776993031807454,Non-Switch
15717.0,0.011089485666911076,Non-Switch
15718.0,0.011368108310224506,Non-Switch
15719.0,0.009992651531274457,Non-Switch
1572.0,0.004354332668761571,Non-Switch
15720.0,0.012165638888781444,Non-Switch
15721.0,0.006965322888618487,Non-Switch
15722.0,0.006377535901704422,Non-Switch
15723.0,0.004356134455752251,Non-Switch
15724.0,0.004356405194065914,Non-Switch
15725.0,0.004355555357920049,Non-Switch
15726.0,0.004356352121294749,Non-Switch
15727.0,0.004355607758883984,Non-Switch
15728.0,0.0043548304779189514,Non-Switch
15729.0,0.004354688726593436,Non-Switch
1573.0,0.004354332668761571,Non-Switch
15730.0,0.0043547710229791025,Non-Switch
15731.0,0.004354712239846484,Non-Switch
15732.0,0.004354791513099616,Non-Switch
15733.0,0.0043548039415333695,Non-Switch
15734.0,0.00435454899068961,Non-Switch
15735.0,0.004354531859605246,Non-Switch
15736.0,0.004354467366111173,Non-Switch
15737.0,0.004354468373822018,Non-Switch
15738.0,0.004354495917918445,Non-Switch
15739.0,0.0043544935665931405,Non-Switch
1574.0,0.004354332668761571,Non-Switch
15740.0,0.0043545332032197065,Non-Switch
15741.0,0.004354567129484818,Non-Switch
15742.0,0.004354735753099531,Non-Switch
15743.0,0.004354454265870189,Non-Switch
15744.0,0.004354842570449091,Non-Switch
15745.0,0.0043551455555097904,Non-Switch
15746.0,0.004354485504906381,Non-Switch
15747.0,0.007759923044038459,Non-Switch
15748.0,0.004591203164541904,Non-Switch
15749.0,0.004884182328358998,Non-Switch
1575.0,0.004354332668761571,Non-Switch
15750.0,0.004469219766766847,Non-Switch
15751.0,0.004388906220139221,Non-Switch
15752.0,0.004809098465112783,Non-Switch
15753.0,0.004741245263082336,Non-Switch
15754.0,0.0044360284587647856,Non-Switch
15755.0,0.004364423213355163,Non-Switch
15756.0,0.004354469717436478,Non-Switch
15757.0,0.004354436127074981,Non-Switch
15758.0,0.004354870786352748,Non-Switch
15759.0,0.004354582916954721,Non-Switch
1576.0,0.004354332668761571,Non-Switch
15760.0,0.0043545399212920055,Non-Switch
15761.0,0.004354463335267794,Non-Switch
15762.0,0.004354526821051022,Non-Switch
15763.0,0.0043545002846654395,Non-Switch
15764.0,0.004354563434545053,Non-Switch
15765.0,0.004354444524665355,Non-Switch
15766.0,0.004354964167557708,Non-Switch
15767.0,0.0044556321296378406,Non-Switch
15768.0,0.004366934764684267,Non-Switch
15769.0,0.009236749487720306,Non-Switch
1577.0,0.004354332668761571,Non-Switch
15770.0,0.014320894566261585,Non-Switch
15771.0,0.024543730095956853,Non-Switch
15772.0,0.04825523076993073,Non-Switch
15773.0,0.04998354354748733,Non-Switch
15774.0,0.05497080394636385,Non-Switch
15775.0,0.08476048322038407,Non-Switch
15776.0,0.07860270352527744,Non-Switch
15777.0,0.09545811044814762,Non-Switch
15778.0,0.0981914522161416,Non-Switch
15779.0,0.09354090160090743,Non-Switch
1578.0,0.004354332668761571,Non-Switch
15780.0,0.09370637040886881,Non-Switch
15781.0,0.07936007749847238,Non-Switch
15782.0,0.06445397031060184,Non-Switch
15783.0,0.07546732006414462,Non-Switch
15784.0,0.07768696040292707,Non-Switch
15785.0,0.09113631541895338,Non-Switch
15786.0,0.1481810259053248,Non-Switch
15787.0,0.004368878638904078,Non-Switch
15788.0,0.005235013499974529,Non-Switch
15789.0,0.004504641474772287,Non-Switch
1579.0,0.004354332668761571,Non-Switch
15790.0,0.0051135494091882104,Non-Switch
15791.0,0.004411427549811875,Non-Switch
15792.0,0.004476027189427757,Non-Switch
15793.0,0.005132448690180681,Non-Switch
15794.0,0.004413320030778595,Non-Switch
15795.0,0.004367415106853669,Non-Switch
15796.0,0.007339383810630636,Non-Switch
15797.0,0.004521458825159195,Non-Switch
15798.0,0.01302293478212767,Non-Switch
15799.0,0.004652881786322039,Non-Switch
158.0,0.004789263356649016,Non-Switch
1580.0,0.004354332668761571,Non-Switch
15800.0,0.0043806470220544265,Non-Switch
15801.0,0.01974571241929458,Non-Switch
15802.0,0.02894164894598924,Non-Switch
15803.0,0.07157420791559946,Non-Switch
15804.0,0.04785072220064357,Non-Switch
15805.0,0.05767827844877649,Non-Switch
15806.0,0.1536016395887129,Non-Switch
15807.0,0.13817250628727934,Non-Switch
15808.0,0.25132207431980397,Non-Switch
15809.0,0.43725045437577603,Non-Switch
1581.0,0.004354332668761571,Non-Switch
15810.0,0.32460128061485244,Non-Switch
15811.0,0.38274231600698017,Non-Switch
15812.0,0.005014294593616242,Non-Switch
15813.0,0.005167941609752493,Non-Switch
15814.0,0.00469638264807465,Non-Switch
15815.0,0.005021321025434109,Non-Switch
15816.0,0.0046667680417647505,Non-Switch
15817.0,0.0048707596199049396,Non-Switch
15818.0,0.019205441014139207,Non-Switch
15819.0,0.004412047291981487,Non-Switch
1582.0,0.004354332668761571,Non-Switch
15820.0,0.004360724242747153,Non-Switch
15821.0,0.0044484320356510355,Non-Switch
15822.0,0.004421032377778225,Non-Switch
15823.0,0.00986026049589328,Non-Switch
15824.0,0.004375000818190456,Non-Switch
15825.0,0.021666229245334966,Non-Switch
15826.0,0.004451796446258539,Non-Switch
15827.0,0.004384220700614054,Non-Switch
15828.0,0.004383116249528044,Non-Switch
15829.0,0.020112472140331822,Non-Switch
1583.0,0.004354332668761571,Non-Switch
15830.0,0.004390949521829062,Non-Switch
15831.0,0.00442197693874351,Non-Switch
15832.0,0.018429474104048653,Non-Switch
15833.0,0.039284008387190775,Non-Switch
15834.0,0.004555616863765131,Non-Switch
15835.0,0.0044234683507939606,Non-Switch
15836.0,0.004410384233183789,Non-Switch
15837.0,0.004436143673704719,Non-Switch
15838.0,0.004379070626389389,Non-Switch
15839.0,0.004393306221591666,Non-Switch
1584.0,0.004354332668761571,Non-Switch
15840.0,0.004403145510281262,Non-Switch
15841.0,0.004424471358988251,Non-Switch
15842.0,0.004354367938641143,Non-Switch
15843.0,0.004354387421050811,Non-Switch
15844.0,0.004354368610448373,Non-Switch
15845.0,0.004430247893454828,Non-Switch
15846.0,0.009682403562611939,Non-Switch
15847.0,0.01908586873251238,Non-Switch
15848.0,0.0358846261825257,Non-Switch
15849.0,0.0043900852418277524,Non-Switch
1585.0,0.004354332668761571,Non-Switch
15850.0,0.004367243460106421,Non-Switch
15851.0,0.004376214102047715,Non-Switch
15852.0,0.0743739242379108,Non-Switch
15853.0,0.00438906039989849,Non-Switch
15854.0,0.00438171452374279,Non-Switch
15855.0,0.004364757437452054,Non-Switch
15856.0,0.004362403760821984,Non-Switch
15857.0,0.0043722175208368436,Non-Switch
15858.0,0.004370184632159067,Non-Switch
15859.0,0.004359456542504269,Non-Switch
1586.0,0.004354332668761571,Non-Switch
15860.0,0.004363265017690758,Non-Switch
15861.0,0.00436694719311802,Non-Switch
15862.0,0.006498691632972202,Non-Switch
15863.0,0.008698329583290627,Non-Switch
15864.0,0.017290688294131645,Non-Switch
15865.0,0.015846218102065053,Non-Switch
15866.0,0.023645754931223735,Non-Switch
15867.0,0.2172843859482675,Non-Switch
15868.0,0.5473082150513302,Non-Switch
15869.0,0.5789653195696237,Non-Switch
1587.0,0.004354332668761571,Non-Switch
15870.0,0.6572923241566524,Non-Switch
15871.0,0.8285239267831431,Non-Switch
15872.0,0.8742554035174454,Non-Switch
15873.0,0.932076830650776,Non-Switch
15874.0,0.960917117321913,Non-Switch
15875.0,0.9442421954422076,Non-Switch
15876.0,0.9779445176445616,Non-Switch
15877.0,0.006120348611676461,Non-Switch
15878.0,0.705137553661384,Non-Switch
15879.0,0.008686556161586053,Non-Switch
1588.0,0.004354332668761571,Non-Switch
15880.0,0.16580494805249113,Non-Switch
15881.0,0.14366852361415508,Non-Switch
15882.0,0.1066278891715658,Non-Switch
15883.0,0.01729483871919817,Non-Switch
15884.0,0.02499004388554828,Non-Switch
15885.0,0.0127647216424596,Non-Switch
15886.0,0.014035951560528948,Non-Switch
15887.0,0.00544398384149575,Non-Switch
15888.0,0.008970242215991487,Non-Switch
15889.0,0.009191596651989289,Non-Switch
1589.0,0.004354332668761571,Non-Switch
15890.0,0.008561483122360535,Non-Switch
15891.0,0.008414348605511253,Non-Switch
15892.0,0.007371473354775609,Non-Switch
15893.0,0.008328672357670687,Non-Switch
15894.0,0.007822010124614392,Non-Switch
15895.0,0.008649492556710658,Non-Switch
15896.0,0.006349971651060278,Non-Switch
15897.0,0.004355256403702729,Non-Switch
15898.0,0.004356467672138298,Non-Switch
15899.0,0.004355281932377467,Non-Switch
159.0,0.004580827773682821,Non-Switch
1590.0,0.004354332668761571,Non-Switch
15900.0,0.004354873473581667,Non-Switch
15901.0,0.004354785130930931,Non-Switch
15902.0,0.004355047135750605,Non-Switch
15903.0,0.004354448555508735,Non-Switch
15904.0,0.0043543864133399664,Non-Switch
15905.0,0.004354375328520672,Non-Switch
15906.0,0.004354358197436309,Non-Switch
15907.0,0.004354362228279688,Non-Switch
15908.0,0.0043544226909303825,Non-Switch
15909.0,0.004354387085147196,Non-Switch
1591.0,0.004354332668761571,Non-Switch
15910.0,0.004354392795508651,Non-Switch
15911.0,0.004354353158882085,Non-Switch
15912.0,0.004354340394544715,Non-Switch
15913.0,0.004354341402255561,Non-Switch
15914.0,0.004354337371412181,Non-Switch
15915.0,0.004354335020086877,Non-Switch
15916.0,0.004354334348279646,Non-Switch
15917.0,0.004354340394544715,Non-Switch
15918.0,0.004354339722737486,Non-Switch
15919.0,0.004354338715026641,Non-Switch
1592.0,0.004354332668761571,Non-Switch
15920.0,0.004354353158882085,Non-Switch
15921.0,0.0043543467767134005,Non-Switch
15922.0,0.004354339722737486,Non-Switch
15923.0,0.004354356853821849,Non-Switch
15924.0,0.0043544028726170995,Non-Switch
15925.0,0.004354362900086919,Non-Switch
15926.0,0.004354352487074855,Non-Switch
15927.0,0.0043543565179182345,Non-Switch
15928.0,0.0043543484562314745,Non-Switch
15929.0,0.004354392123701421,Non-Switch
1593.0,0.004354332668761571,Non-Switch
15930.0,0.0043543961545448005,Non-Switch
15931.0,0.004354410262496629,Non-Switch
15932.0,0.004354527828761867,Non-Switch
15933.0,0.004354396490448415,Non-Switch
15934.0,0.004354516408038958,Non-Switch
15935.0,0.004354420339605078,Non-Switch
15936.0,0.0043543615564724586,Non-Switch
15937.0,0.004354357525629079,Non-Switch
15938.0,0.004354384397918277,Non-Switch
15939.0,0.004354349128038705,Non-Switch
1594.0,0.004354332668761571,Non-Switch
15940.0,0.004354358869243539,Non-Switch
15941.0,0.0043543484562314745,Non-Switch
15942.0,0.004354343753580865,Non-Switch
15943.0,0.004354335691894106,Non-Switch
15944.0,0.004354339050930256,Non-Switch
15945.0,0.004354342409966405,Non-Switch
15946.0,0.004354347112617015,Non-Switch
15947.0,0.00435434610490617,Non-Switch
15948.0,0.004354351143460395,Non-Switch
15949.0,0.004354347784424245,Non-Switch
1595.0,0.004354332668761571,Non-Switch
15950.0,0.004354358533339924,Non-Switch
15951.0,0.004354367938641143,Non-Switch
15952.0,0.004354371297677293,Non-Switch
15953.0,0.004354366930930298,Non-Switch
15954.0,0.004354413285629163,Non-Switch
15955.0,0.0043543649155086085,Non-Switch
15956.0,0.004354368610448373,Non-Switch
15957.0,0.004354376672135132,Non-Switch
15958.0,0.0043543914518941905,Non-Switch
15959.0,0.004354380031171281,Non-Switch
1596.0,0.004354332668761571,Non-Switch
15960.0,0.00435440085719541,Non-Switch
15961.0,0.004354356853821849,Non-Switch
15962.0,0.00435434610490617,Non-Switch
15963.0,0.0043543649155086085,Non-Switch
15964.0,0.004354365587315838,Non-Switch
15965.0,0.0043543649155086085,Non-Switch
15966.0,0.004354352151171239,Non-Switch
15967.0,0.004354347784424245,Non-Switch
15968.0,0.004354355846111004,Non-Switch
15969.0,0.004354394475026726,Non-Switch
1597.0,0.004354332668761571,Non-Switch
15970.0,0.004354426721773762,Non-Switch
15971.0,0.004354439486111131,Non-Switch
15972.0,0.004354425042255687,Non-Switch
15973.0,0.004354467030207558,Non-Switch
15974.0,0.004354521446593183,Non-Switch
15975.0,0.004354479458641312,Non-Switch
15976.0,0.004354420675508693,Non-Switch
15977.0,0.004354419667797848,Non-Switch
15978.0,0.0043544226909303825,Non-Switch
15979.0,0.004354401864906255,Non-Switch
1598.0,0.004354332668761571,Non-Switch
15980.0,0.0043543914518941905,Non-Switch
15981.0,0.004354377679845977,Non-Switch
15982.0,0.004354400521291795,Non-Switch
15983.0,0.004354379359364052,Non-Switch
15984.0,0.004354384397918277,Non-Switch
15985.0,0.004354379359364052,Non-Switch
15986.0,0.004354406567556864,Non-Switch
15987.0,0.004354382718400202,Non-Switch
15988.0,0.004354387421050811,Non-Switch
15989.0,0.004354378351653207,Non-Switch
1599.0,0.004354332668761571,Non-Switch
15990.0,0.004354372977195368,Non-Switch
15991.0,0.004354372977195368,Non-Switch
15992.0,0.004354406567556864,Non-Switch
15993.0,0.004354401864906255,Non-Switch
15994.0,0.004354381038882127,Non-Switch
15995.0,0.004354401864906255,Non-Switch
15996.0,0.0043543847338218915,Non-Switch
15997.0,0.004354373649002597,Non-Switch
15998.0,0.004354372977195368,Non-Switch
15999.0,0.004354387421050811,Non-Switch
16.0,0.0043544572890027245,Non-Switch
160.0,0.004757963857806444,Non-Switch
1600.0,0.004354332668761571,Non-Switch
16000.0,0.004354374320809828,Non-Switch
16001.0,0.0043543649155086085,Non-Switch
16002.0,0.004354358869243539,Non-Switch
16003.0,0.004354358533339924,Non-Switch
16004.0,0.004354358533339924,Non-Switch
16005.0,0.004354355846111004,Non-Switch
16006.0,0.004354354166592929,Non-Switch
16007.0,0.004354363907797763,Non-Switch
16008.0,0.004354369618159218,Non-Switch
16009.0,0.004354356853821849,Non-Switch
1601.0,0.004354332668761571,Non-Switch
16010.0,0.004354358533339924,Non-Switch
16011.0,0.004354379359364052,Non-Switch
16012.0,0.004354384397918277,Non-Switch
16013.0,0.004354390780086961,Non-Switch
16014.0,0.0043543914518941905,Non-Switch
16015.0,0.004354420675508693,Non-Switch
16016.0,0.004354383390207431,Non-Switch
16017.0,0.004354372977195368,Non-Switch
16018.0,0.004354379359364052,Non-Switch
16019.0,0.004354413957436394,Non-Switch
1602.0,0.004354332668761571,Non-Switch
16020.0,0.004354454265870189,Non-Switch
16021.0,0.004354389100568886,Non-Switch
16022.0,0.004354405223942404,Non-Switch
16023.0,0.00435440085719541,Non-Switch
16024.0,0.004354405223942404,Non-Switch
16025.0,0.004354411606111088,Non-Switch
16026.0,0.0043543897723761155,Non-Switch
16027.0,0.004354402536713485,Non-Switch
16028.0,0.004354397162255645,Non-Switch
16029.0,0.004354396490448415,Non-Switch
1603.0,0.004354332668761571,Non-Switch
16030.0,0.004354403544424329,Non-Switch
16031.0,0.004354392459605036,Non-Switch
16032.0,0.004354379359364052,Non-Switch
16033.0,0.004354384397918277,Non-Switch
16034.0,0.004354397834062875,Non-Switch
16035.0,0.004354376672135132,Non-Switch
16036.0,0.004354377679845977,Non-Switch
16037.0,0.004354410598400244,Non-Switch
16038.0,0.004354390780086961,Non-Switch
16039.0,0.004354406567556864,Non-Switch
1604.0,0.004354332668761571,Non-Switch
16040.0,0.004354401864906255,Non-Switch
16041.0,0.00435439548273757,Non-Switch
16042.0,0.004354376000327902,Non-Switch
16043.0,0.004354371297677293,Non-Switch
16044.0,0.004354411606111088,Non-Switch
16045.0,0.004354366930930298,Non-Switch
16046.0,0.004354376000327902,Non-Switch
16047.0,0.004354357525629079,Non-Switch
16048.0,0.004354381710689356,Non-Switch
16049.0,0.004354396490448415,Non-Switch
1605.0,0.004354332668761571,Non-Switch
16050.0,0.004354358533339924,Non-Switch
16051.0,0.004354358869243539,Non-Switch
16052.0,0.00435444889141235,Non-Switch
16053.0,0.004354443852858126,Non-Switch
16054.0,0.004354479458641312,Non-Switch
16055.0,0.004354488192135301,Non-Switch
16056.0,0.004354385741532736,Non-Switch
16057.0,0.004354454937677419,Non-Switch
16058.0,0.004354427393580992,Non-Switch
16059.0,0.004354430752617142,Non-Switch
1606.0,0.004354332668761571,Non-Switch
16060.0,0.00435449625382206,Non-Switch
16061.0,0.004354493902496755,Non-Switch
16062.0,0.004354482817677461,Non-Switch
16063.0,0.0043544787868340816,Non-Switch
16064.0,0.00435449558201483,Non-Switch
16065.0,0.0043544969256292905,Non-Switch
16066.0,0.0043545133849064235,Non-Switch
16067.0,0.004354522118400412,Non-Switch
16068.0,0.004354451914544885,Non-Switch
16069.0,0.004354520438882338,Non-Switch
1607.0,0.004354332668761571,Non-Switch
16070.0,0.004354567129484818,Non-Switch
16071.0,0.004354588963219791,Non-Switch
16072.0,0.0043544606480388735,Non-Switch
16073.0,0.00435449625382206,Non-Switch
16074.0,0.0043545876196053315,Non-Switch
16075.0,0.004354539249484776,Non-Switch
16076.0,0.004354549326593225,Non-Switch
16077.0,0.004354565114063128,Non-Switch
16078.0,0.004354504651412435,Non-Switch
16079.0,0.004354538241773931,Non-Switch
1608.0,0.004354332668761571,Non-Switch
16080.0,0.00435450095647267,Non-Switch
16081.0,0.004354459976231644,Non-Switch
16082.0,0.004354491551171451,Non-Switch
16083.0,0.004354528500569097,Non-Switch
16084.0,0.0043545036437015894,Non-Switch
16085.0,0.004354425042255687,Non-Switch
16086.0,0.0043544441887617405,Non-Switch
16087.0,0.004354408582978554,Non-Switch
16088.0,0.004354485840809996,Non-Switch
16089.0,0.004354537569966701,Non-Switch
1609.0,0.004354332668761571,Non-Switch
16090.0,0.004354562426834209,Non-Switch
16091.0,0.004354475091894318,Non-Switch
16092.0,0.004354490879364221,Non-Switch
16093.0,0.004354476099605162,Non-Switch
16094.0,0.004354491551171451,Non-Switch
16095.0,0.004354433103942446,Non-Switch
16096.0,0.004354434783460521,Non-Switch
16097.0,0.004354397834062875,Non-Switch
16098.0,0.004354432432135217,Non-Switch
16099.0,0.004354411606111088,Non-Switch
161.0,0.004480031160518157,Non-Switch
1610.0,0.004354332668761571,Non-Switch
16100.0,0.004354439150207516,Non-Switch
16101.0,0.004354433103942446,Non-Switch
16102.0,0.004354447883701505,Non-Switch
16103.0,0.004354406567556864,Non-Switch
16104.0,0.004354418660087003,Non-Switch
16105.0,0.004354397834062875,Non-Switch
16106.0,0.0043543847338218915,Non-Switch
16107.0,0.004354422355026768,Non-Switch
16108.0,0.004354397162255645,Non-Switch
16109.0,0.004354374992617057,Non-Switch
1611.0,0.004354332668761571,Non-Switch
16110.0,0.004354406567556864,Non-Switch
16111.0,0.0043543914518941905,Non-Switch
16112.0,0.004354390780086961,Non-Switch
16113.0,0.004354366930930298,Non-Switch
16114.0,0.004354368610448373,Non-Switch
16115.0,0.0043543484562314745,Non-Switch
16116.0,0.004354342409966405,Non-Switch
16117.0,0.004354340730448331,Non-Switch
16118.0,0.004354339050930256,Non-Switch
16119.0,0.004354338043219411,Non-Switch
1612.0,0.004354332668761571,Non-Switch
16120.0,0.004354337371412181,Non-Switch
16121.0,0.004354338043219411,Non-Switch
16122.0,0.004354337371412181,Non-Switch
16123.0,0.004354339050930256,Non-Switch
16124.0,0.004354339050930256,Non-Switch
16125.0,0.004354338043219411,Non-Switch
16126.0,0.004354339050930256,Non-Switch
16127.0,0.004354339050930256,Non-Switch
16128.0,0.004354337371412181,Non-Switch
16129.0,0.004354338043219411,Non-Switch
1613.0,0.004354332668761571,Non-Switch
16130.0,0.004354339722737486,Non-Switch
16131.0,0.004354339722737486,Non-Switch
16132.0,0.004354343081773636,Non-Switch
16133.0,0.004354341066351946,Non-Switch
16134.0,0.00435434543309894,Non-Switch
16135.0,0.004354343753580865,Non-Switch
16136.0,0.004354339722737486,Non-Switch
16137.0,0.004354339050930256,Non-Switch
16138.0,0.00435434543309894,Non-Switch
16139.0,0.004354343081773636,Non-Switch
1614.0,0.004354332668761571,Non-Switch
16140.0,0.004354347112617015,Non-Switch
16141.0,0.004354342409966405,Non-Switch
16142.0,0.004354339050930256,Non-Switch
16143.0,0.004354344425388095,Non-Switch
16144.0,0.004354338043219411,Non-Switch
16145.0,0.004354339050930256,Non-Switch
16146.0,0.004354343753580865,Non-Switch
16147.0,0.00435434610490617,Non-Switch
16148.0,0.004354357525629079,Non-Switch
16149.0,0.004354349128038705,Non-Switch
1615.0,0.004354332668761571,Non-Switch
16150.0,0.004354347112617015,Non-Switch
16151.0,0.0043543484562314745,Non-Switch
16152.0,0.004354341066351946,Non-Switch
16153.0,0.004354343081773636,Non-Switch
16154.0,0.004354341066351946,Non-Switch
16155.0,0.004354339050930256,Non-Switch
16156.0,0.004354339050930256,Non-Switch
16157.0,0.004354339050930256,Non-Switch
16158.0,0.004354337371412181,Non-Switch
16159.0,0.004354335691894106,Non-Switch
1616.0,0.004354332668761571,Non-Switch
16160.0,0.004354337371412181,Non-Switch
16161.0,0.004354335691894106,Non-Switch
16162.0,0.004354335691894106,Non-Switch
16163.0,0.004354335691894106,Non-Switch
16164.0,0.004354334348279646,Non-Switch
16165.0,0.004354334348279646,Non-Switch
16166.0,0.004354335691894106,Non-Switch
16167.0,0.004354334348279646,Non-Switch
16168.0,0.004354335691894106,Non-Switch
16169.0,0.004354334012376031,Non-Switch
1617.0,0.004354332668761571,Non-Switch
16170.0,0.004354334012376031,Non-Switch
16171.0,0.004354332668761571,Non-Switch
16172.0,0.004354332668761571,Non-Switch
16173.0,0.004354332668761571,Non-Switch
16174.0,0.004354332668761571,Non-Switch
16175.0,0.004354333340568802,Non-Switch
16176.0,0.004354333340568802,Non-Switch
16177.0,0.004354332668761571,Non-Switch
16178.0,0.004354333340568802,Non-Switch
16179.0,0.004354333340568802,Non-Switch
1618.0,0.004354332668761571,Non-Switch
16180.0,0.004354333340568802,Non-Switch
16181.0,0.004354333340568802,Non-Switch
16182.0,0.004354333340568802,Non-Switch
16183.0,0.004354334348279646,Non-Switch
16184.0,0.004354333340568802,Non-Switch
16185.0,0.004354334348279646,Non-Switch
16186.0,0.004354335020086877,Non-Switch
16187.0,0.004354334348279646,Non-Switch
16188.0,0.004354335691894106,Non-Switch
16189.0,0.00435434408948448,Non-Switch
1619.0,0.004354333340568802,Non-Switch
16190.0,0.004354344425388095,Non-Switch
16191.0,0.004354338043219411,Non-Switch
16192.0,0.004354338043219411,Non-Switch
16193.0,0.004354336363701336,Non-Switch
16194.0,0.004354334348279646,Non-Switch
16195.0,0.004354335020086877,Non-Switch
16196.0,0.004354335020086877,Non-Switch
16197.0,0.004354336027797721,Non-Switch
16198.0,0.004354336027797721,Non-Switch
16199.0,0.004354334348279646,Non-Switch
162.0,0.0045817773732023314,Non-Switch
1620.0,0.004354334348279646,Non-Switch
16200.0,0.004354334348279646,Non-Switch
16201.0,0.004354334348279646,Non-Switch
16202.0,0.004354337371412181,Non-Switch
16203.0,0.004354339722737486,Non-Switch
16204.0,0.004354339386833871,Non-Switch
16205.0,0.00435434879213509,Non-Switch
16206.0,0.004354369618159218,Non-Switch
16207.0,0.004354376672135132,Non-Switch
16208.0,0.004354474420087087,Non-Switch
16209.0,0.004354521110689568,Non-Switch
1621.0,0.004354335691894106,Non-Switch
16210.0,0.004354525477436562,Non-Switch
16211.0,0.004354529172376327,Non-Switch
16212.0,0.004354426049966532,Non-Switch
16213.0,0.0043545019641835145,Non-Switch
16214.0,0.004354667900569308,Non-Switch
16215.0,0.004354892284184106,Non-Switch
16216.0,0.004355781756956537,Non-Switch
16217.0,0.004355283947799157,Non-Switch
16218.0,0.004355097185389235,Non-Switch
16219.0,0.004357343036958901,Non-Switch
1622.0,0.004354335691894106,Non-Switch
16220.0,0.004357380994067392,Non-Switch
16221.0,0.004357140487079076,Non-Switch
16222.0,0.004358478391177487,Non-Switch
16223.0,0.004357899965152515,Non-Switch
16224.0,0.004358468314069038,Non-Switch
16225.0,0.004358331937201362,Non-Switch
16226.0,0.004359128028768832,Non-Switch
16227.0,0.004357582200332757,Non-Switch
16228.0,0.004357877123706697,Non-Switch
16229.0,0.0043587958200936305,Non-Switch
1623.0,0.004354334348279646,Non-Switch
16230.0,0.004357355465392654,Non-Switch
16231.0,0.004359132059612212,Non-Switch
16232.0,0.004359270451901578,Non-Switch
16233.0,0.0043582926364784105,Non-Switch
16234.0,0.004358372245635158,Non-Switch
16235.0,0.004357983269249027,Non-Switch
16236.0,0.004358166000815568,Non-Switch
16237.0,0.004357334303464911,Non-Switch
16238.0,0.004357787101537886,Non-Switch
16239.0,0.0043561505791257695,Non-Switch
1624.0,0.004354337371412181,Non-Switch
16240.0,0.004358065229731078,Non-Switch
16241.0,0.004358408859129189,Non-Switch
16242.0,0.004357891231658526,Non-Switch
16243.0,0.004356832463464151,Non-Switch
16244.0,0.004355920149245903,Non-Switch
16245.0,0.0043549258745456025,Non-Switch
16246.0,0.004355001788762585,Non-Switch
16247.0,0.004354505323219664,Non-Switch
16248.0,0.004354523126111258,Non-Switch
16249.0,0.004354441837436436,Non-Switch
1625.0,0.004354340730448331,Non-Switch
16250.0,0.004354393131412265,Non-Switch
16251.0,0.0043545348827377815,Non-Switch
16252.0,0.004354511369484734,Non-Switch
16253.0,0.004354563098641438,Non-Switch
16254.0,0.00435469712418381,Non-Switch
16255.0,0.004354737768521221,Non-Switch
16256.0,0.004354538241773931,Non-Switch
16257.0,0.004354505323219664,Non-Switch
16258.0,0.004354555708761909,Non-Switch
16259.0,0.004354527492858252,Non-Switch
1626.0,0.004354347112617015,Non-Switch
16260.0,0.0043545332032197065,Non-Switch
16261.0,0.004354572503942658,Non-Switch
16262.0,0.004354538913581161,Non-Switch
16263.0,0.004354577878400497,Non-Switch
16264.0,0.004354594673581245,Non-Switch
16265.0,0.004354541936713695,Non-Switch
16266.0,0.004354560747316134,Non-Switch
16267.0,0.0043548566784009195,Non-Switch
16268.0,0.004354466358400328,Non-Switch
16269.0,0.004354616171412603,Non-Switch
1627.0,0.004354343081773636,Non-Switch
16270.0,0.00435474515840075,Non-Switch
16271.0,0.004354623225388518,Non-Switch
16272.0,0.0043544935665931405,Non-Switch
16273.0,0.004354447211894275,Non-Switch
16274.0,0.004354430752617142,Non-Switch
16275.0,0.004354426049966532,Non-Switch
16276.0,0.0043544606480388735,Non-Switch
16277.0,0.004354484833099151,Non-Switch
16278.0,0.004354438142496671,Non-Switch
16279.0,0.004354453258159345,Non-Switch
1628.0,0.004354339722737486,Non-Switch
16280.0,0.004354439150207516,Non-Switch
16281.0,0.004354544623942616,Non-Switch
16282.0,0.004354454601773804,Non-Switch
16283.0,0.0043544952461112155,Non-Switch
16284.0,0.004354481474063002,Non-Switch
16285.0,0.004354659502978934,Non-Switch
16286.0,0.004354562090930594,Non-Switch
16287.0,0.004354766656232108,Non-Switch
16288.0,0.004354652449003019,Non-Switch
16289.0,0.00435465312081025,Non-Switch
1629.0,0.004354339050930256,Non-Switch
16290.0,0.004354589299123406,Non-Switch
16291.0,0.004354589299123406,Non-Switch
16292.0,0.0043545547010510645,Non-Switch
16293.0,0.004354537569966701,Non-Switch
16294.0,0.004354626248521052,Non-Switch
16295.0,0.0043545150644244985,Non-Switch
16296.0,0.004354591650448711,Non-Switch
16297.0,0.004354625912617437,Non-Switch
16298.0,0.004354604414786079,Non-Switch
16299.0,0.004354693093340431,Non-Switch
163.0,0.004653526721262774,Non-Switch
1630.0,0.004354342409966405,Non-Switch
16300.0,0.004354576870689652,Non-Switch
16301.0,0.004354525477436562,Non-Switch
16302.0,0.004354584596472796,Non-Switch
16303.0,0.004354582245147492,Non-Switch
16304.0,0.004354637669243961,Non-Switch
16305.0,0.0043545201029787225,Non-Switch
16306.0,0.00435449759743652,Non-Switch
16307.0,0.00435454495984623,Non-Switch
16308.0,0.004354507002737739,Non-Switch
16309.0,0.004354493902496755,Non-Switch
1631.0,0.004354339050930256,Non-Switch
16310.0,0.0043544374706894415,Non-Switch
16311.0,0.00435445157864127,Non-Switch
16312.0,0.0043544243704484575,Non-Switch
16313.0,0.004354408918882169,Non-Switch
16314.0,0.004354425714062918,Non-Switch
16315.0,0.004354410934303859,Non-Switch
16316.0,0.004354426721773762,Non-Switch
16317.0,0.004354401529002639,Non-Switch
16318.0,0.004354385405629121,Non-Switch
16319.0,0.004354451914544885,Non-Switch
1632.0,0.004354343081773636,Non-Switch
16320.0,0.004354485840809996,Non-Switch
16321.0,0.0043543961545448005,Non-Switch
16322.0,0.004354380702978512,Non-Switch
16323.0,0.004354388764665271,Non-Switch
16324.0,0.004354367266833913,Non-Switch
16325.0,0.004354359876954384,Non-Switch
16326.0,0.004354352487074855,Non-Switch
16327.0,0.004354359876954384,Non-Switch
16328.0,0.00435435080755678,Non-Switch
16329.0,0.00435434543309894,Non-Switch
1633.0,0.00435434610490617,Non-Switch
16330.0,0.004354343753580865,Non-Switch
16331.0,0.004354362228279688,Non-Switch
16332.0,0.004354359876954384,Non-Switch
16333.0,0.004354345769002555,Non-Switch
16334.0,0.00435435080755678,Non-Switch
16335.0,0.004354368610448373,Non-Switch
16336.0,0.0043543565179182345,Non-Switch
16337.0,0.004354356853821849,Non-Switch
16338.0,0.004354365587315838,Non-Switch
16339.0,0.004354352487074855,Non-Switch
1634.0,0.004354339722737486,Non-Switch
16340.0,0.004354342745870021,Non-Switch
16341.0,0.00435434744852063,Non-Switch
16342.0,0.00435434543309894,Non-Switch
16343.0,0.0043543484562314745,Non-Switch
16344.0,0.004354341402255561,Non-Switch
16345.0,0.004354341402255561,Non-Switch
16346.0,0.004354338043219411,Non-Switch
16347.0,0.0043543518152676245,Non-Switch
16348.0,0.004354341402255561,Non-Switch
16349.0,0.00435434408948448,Non-Switch
1635.0,0.004354339050930256,Non-Switch
16350.0,0.0043543501357495495,Non-Switch
16351.0,0.004354352487074855,Non-Switch
16352.0,0.0043543484562314745,Non-Switch
16353.0,0.00435435147936401,Non-Switch
16354.0,0.004354355174303774,Non-Switch
16355.0,0.004354358197436309,Non-Switch
16356.0,0.004354370289966448,Non-Switch
16357.0,0.004354372305388138,Non-Switch
16358.0,0.004354379359364052,Non-Switch
16359.0,0.004354365251412223,Non-Switch
1636.0,0.004354339722737486,Non-Switch
16360.0,0.004354374992617057,Non-Switch
16361.0,0.004354385741532736,Non-Switch
16362.0,0.004354405559846019,Non-Switch
16363.0,0.004354388428761656,Non-Switch
16364.0,0.0043544045521351745,Non-Switch
16365.0,0.004354387085147196,Non-Switch
16366.0,0.0043543897723761155,Non-Switch
16367.0,0.004354380031171281,Non-Switch
16368.0,0.004354387421050811,Non-Switch
16369.0,0.004354382382496587,Non-Switch
1637.0,0.004354337371412181,Non-Switch
16370.0,0.004354366259123068,Non-Switch
16371.0,0.0043543716335809075,Non-Switch
16372.0,0.004354366259123068,Non-Switch
16373.0,0.004354364579604994,Non-Switch
16374.0,0.004354387421050811,Non-Switch
16375.0,0.004354401864906255,Non-Switch
16376.0,0.004354420339605078,Non-Switch
16377.0,0.004354403208520714,Non-Switch
16378.0,0.004354384397918277,Non-Switch
16379.0,0.0043543914518941905,Non-Switch
1638.0,0.004354339050930256,Non-Switch
16380.0,0.004354378351653207,Non-Switch
16381.0,0.004354377343942362,Non-Switch
16382.0,0.004354370625870063,Non-Switch
16383.0,0.004354365923219453,Non-Switch
16384.0,0.004354365923219453,Non-Switch
16385.0,0.004354373984906212,Non-Switch
16386.0,0.004354373984906212,Non-Switch
16387.0,0.004354373313098982,Non-Switch
16388.0,0.004354387085147196,Non-Switch
16389.0,0.004354410598400244,Non-Switch
1639.0,0.004354335691894106,Non-Switch
16390.0,0.004354384062014662,Non-Switch
16391.0,0.004354394139123111,Non-Switch
16392.0,0.004354396490448415,Non-Switch
16393.0,0.00435439346731588,Non-Switch
16394.0,0.004354388764665271,Non-Switch
16395.0,0.004354392459605036,Non-Switch
16396.0,0.004354398505870105,Non-Switch
16397.0,0.004354403544424329,Non-Switch
16398.0,0.004354392123701421,Non-Switch
16399.0,0.004354397834062875,Non-Switch
164.0,0.004538884161089194,Non-Switch
1640.0,0.004354334348279646,Non-Switch
16400.0,0.004354463335267794,Non-Switch
16401.0,0.004354423362737612,Non-Switch
16402.0,0.004354375664424287,Non-Switch
16403.0,0.004354371297677293,Non-Switch
16404.0,0.004354425042255687,Non-Switch
16405.0,0.0043543565179182345,Non-Switch
16406.0,0.004354354502496545,Non-Switch
16407.0,0.0043552792451485465,Non-Switch
16408.0,0.004354358197436309,Non-Switch
16409.0,0.004354737768521221,Non-Switch
1641.0,0.004354333340568802,Non-Switch
16410.0,0.004354563098641438,Non-Switch
16411.0,0.004354413957436394,Non-Switch
16412.0,0.004354425042255687,Non-Switch
16413.0,0.004354563770448668,Non-Switch
16414.0,0.0043544640070750235,Non-Switch
16415.0,0.004354403208520714,Non-Switch
16416.0,0.004354422019123153,Non-Switch
16417.0,0.004354412949725548,Non-Switch
16418.0,0.0043544243704484575,Non-Switch
16419.0,0.004354438814303901,Non-Switch
1642.0,0.004354337371412181,Non-Switch
16420.0,0.004354902361292555,Non-Switch
16421.0,0.0043548549988828445,Non-Switch
16422.0,0.004354776733340557,Non-Switch
16423.0,0.004354776061533327,Non-Switch
16424.0,0.004354766992135723,Non-Switch
16425.0,0.004355461976715089,Non-Switch
16426.0,0.004355774031173393,Non-Switch
16427.0,0.00435524968563043,Non-Switch
16428.0,0.004355416293823453,Non-Switch
16429.0,0.00435655097623481,Non-Switch
1643.0,0.004354334348279646,Non-Switch
16430.0,0.004354353830689314,Non-Switch
16431.0,0.004354434783460521,Non-Switch
16432.0,0.0043544952461112155,Non-Switch
16433.0,0.0043543897723761155,Non-Switch
16434.0,0.0043544011930990245,Non-Switch
16435.0,0.004354394475026726,Non-Switch
16436.0,0.004354403880327945,Non-Switch
16437.0,0.004354411606111088,Non-Switch
16438.0,0.004354384062014662,Non-Switch
16439.0,0.004354388764665271,Non-Switch
1644.0,0.004354339050930256,Non-Switch
16440.0,0.004354372641291753,Non-Switch
16441.0,0.0043543501357495495,Non-Switch
16442.0,0.004354353158882085,Non-Switch
16443.0,0.004354392795508651,Non-Switch
16444.0,0.004354358197436309,Non-Switch
16445.0,0.004354356853821849,Non-Switch
16446.0,0.004354354166592929,Non-Switch
16447.0,0.004354342745870021,Non-Switch
16448.0,0.00435434543309894,Non-Switch
16449.0,0.0043543366996049515,Non-Switch
1645.0,0.004354342409966405,Non-Switch
16450.0,0.004354336027797721,Non-Switch
16451.0,0.004354335020086877,Non-Switch
16452.0,0.004354336027797721,Non-Switch
16453.0,0.004354333340568802,Non-Switch
16454.0,0.004354333340568802,Non-Switch
16455.0,0.004354333340568802,Non-Switch
16456.0,0.004354333340568802,Non-Switch
16457.0,0.004354332668761571,Non-Switch
16458.0,0.004354334348279646,Non-Switch
16459.0,0.004354334348279646,Non-Switch
1646.0,0.004354343753580865,Non-Switch
16460.0,0.004354335691894106,Non-Switch
16461.0,0.004354333340568802,Non-Switch
16462.0,0.004354334348279646,Non-Switch
16463.0,0.004354333340568802,Non-Switch
16464.0,0.004354332668761571,Non-Switch
16465.0,0.004354332668761571,Non-Switch
16466.0,0.004354337371412181,Non-Switch
16467.0,0.0043543534947856994,Non-Switch
16468.0,0.00435434543309894,Non-Switch
16469.0,0.004354341402255561,Non-Switch
1647.0,0.004354355174303774,Non-Switch
16470.0,0.004354341402255561,Non-Switch
16471.0,0.004354464678882253,Non-Switch
16472.0,0.004354349128038705,Non-Switch
16473.0,0.004354464678882253,Non-Switch
16474.0,0.004354477779123237,Non-Switch
16475.0,0.004354379359364052,Non-Switch
16476.0,0.004354385741532736,Non-Switch
16477.0,0.004354374656713443,Non-Switch
16478.0,0.00435439346731588,Non-Switch
16479.0,0.004354401864906255,Non-Switch
1648.0,0.004354343081773636,Non-Switch
16480.0,0.0043544112702074735,Non-Switch
16481.0,0.004354422019123153,Non-Switch
16482.0,0.004354426721773762,Non-Switch
16483.0,0.004354514728520884,Non-Switch
16484.0,0.00435450498731605,Non-Switch
16485.0,0.004354894971413025,Non-Switch
16486.0,0.004354873473581667,Non-Switch
16487.0,0.0043547229887621625,Non-Switch
16488.0,0.004354541264906466,Non-Switch
16489.0,0.004354505995026894,Non-Switch
1649.0,0.004354338043219411,Non-Switch
16490.0,0.004354466694303943,Non-Switch
16491.0,0.004354499276954595,Non-Switch
16492.0,0.004354509354063044,Non-Switch
16493.0,0.004354518087557033,Non-Switch
16494.0,0.0043543961545448005,Non-Switch
16495.0,0.004354422019123153,Non-Switch
16496.0,0.004354399177677335,Non-Switch
16497.0,0.004354458968520799,Non-Switch
16498.0,0.004354385069725506,Non-Switch
16499.0,0.004354371297677293,Non-Switch
165.0,0.004433013052013232,Non-Switch
1650.0,0.004354397162255645,Non-Switch
16500.0,0.004354382718400202,Non-Switch
16501.0,0.004354370289966448,Non-Switch
16502.0,0.004354358533339924,Non-Switch
16503.0,0.00435434610490617,Non-Switch
16504.0,0.004354360548761614,Non-Switch
16505.0,0.004354371297677293,Non-Switch
16506.0,0.004354344425388095,Non-Switch
16507.0,0.004354340394544715,Non-Switch
16508.0,0.004354338043219411,Non-Switch
16509.0,0.004354337371412181,Non-Switch
1651.0,0.004354363571894148,Non-Switch
16510.0,0.004354349128038705,Non-Switch
16511.0,0.004354339722737486,Non-Switch
16512.0,0.004354337371412181,Non-Switch
16513.0,0.004354340730448331,Non-Switch
16514.0,0.004354338043219411,Non-Switch
16515.0,0.004354339722737486,Non-Switch
16516.0,0.00435440018538818,Non-Switch
16517.0,0.00435435282297847,Non-Switch
16518.0,0.004354370961773678,Non-Switch
16519.0,0.004354349128038705,Non-Switch
1652.0,0.004354362228279688,Non-Switch
16520.0,0.004354360548761614,Non-Switch
16521.0,0.004354349799845935,Non-Switch
16522.0,0.00435435080755678,Non-Switch
16523.0,0.004354355846111004,Non-Switch
16524.0,0.004354364579604994,Non-Switch
16525.0,0.004354358869243539,Non-Switch
16526.0,0.004354355174303774,Non-Switch
16527.0,0.004354362900086919,Non-Switch
16528.0,0.004354354166592929,Non-Switch
16529.0,0.004354373649002597,Non-Switch
1653.0,0.0043543649155086085,Non-Switch
16530.0,0.004354370289966448,Non-Switch
16531.0,0.004354370289966448,Non-Switch
16532.0,0.004354363907797763,Non-Switch
16533.0,0.0043543649155086085,Non-Switch
16534.0,0.004354362228279688,Non-Switch
16535.0,0.004354358869243539,Non-Switch
16536.0,0.004354355174303774,Non-Switch
16537.0,0.004354356853821849,Non-Switch
16538.0,0.004354357525629079,Non-Switch
16539.0,0.004354359541050769,Non-Switch
1654.0,0.004354359541050769,Non-Switch
16540.0,0.0043543615564724586,Non-Switch
16541.0,0.0043543615564724586,Non-Switch
16542.0,0.0043543632359905335,Non-Switch
16543.0,0.004354363907797763,Non-Switch
16544.0,0.004354369282255603,Non-Switch
16545.0,0.004354360548761614,Non-Switch
16546.0,0.004354358869243539,Non-Switch
16547.0,0.0043543518152676245,Non-Switch
16548.0,0.004354365251412223,Non-Switch
16549.0,0.004354368610448373,Non-Switch
1655.0,0.004354365251412223,Non-Switch
16550.0,0.004354352487074855,Non-Switch
16551.0,0.0043543518152676245,Non-Switch
16552.0,0.004354347112617015,Non-Switch
16553.0,0.00435434207406279,Non-Switch
16554.0,0.004354342409966405,Non-Switch
16555.0,0.004354340730448331,Non-Switch
16556.0,0.004354342409966405,Non-Switch
16557.0,0.004354336027797721,Non-Switch
16558.0,0.004354339722737486,Non-Switch
16559.0,0.004354340730448331,Non-Switch
1656.0,0.004354342745870021,Non-Switch
16560.0,0.004354342745870021,Non-Switch
16561.0,0.004354343081773636,Non-Switch
16562.0,0.0043543450971953255,Non-Switch
16563.0,0.00435434610490617,Non-Switch
16564.0,0.0043543467767134005,Non-Switch
16565.0,0.00435434610490617,Non-Switch
16566.0,0.004354344425388095,Non-Switch
16567.0,0.0043543450971953255,Non-Switch
16568.0,0.004354344425388095,Non-Switch
16569.0,0.004354339050930256,Non-Switch
1657.0,0.00435434543309894,Non-Switch
16570.0,0.004354338043219411,Non-Switch
16571.0,0.004354338043219411,Non-Switch
16572.0,0.004354336363701336,Non-Switch
16573.0,0.004354335020086877,Non-Switch
16574.0,0.004354335020086877,Non-Switch
16575.0,0.004354340394544715,Non-Switch
16576.0,0.004354340394544715,Non-Switch
16577.0,0.004354336363701336,Non-Switch
16578.0,0.004354338043219411,Non-Switch
16579.0,0.004354335020086877,Non-Switch
1658.0,0.004354343753580865,Non-Switch
16580.0,0.004354335691894106,Non-Switch
16581.0,0.004354336363701336,Non-Switch
16582.0,0.004354335020086877,Non-Switch
16583.0,0.004354338043219411,Non-Switch
16584.0,0.0043543417381591756,Non-Switch
16585.0,0.004354341402255561,Non-Switch
16586.0,0.004354344761291711,Non-Switch
16587.0,0.004354347784424245,Non-Switch
16588.0,0.004354347112617015,Non-Switch
16589.0,0.004354352487074855,Non-Switch
1659.0,0.004354335020086877,Non-Switch
16590.0,0.0043543565179182345,Non-Switch
16591.0,0.004354359205147154,Non-Switch
16592.0,0.0043543565179182345,Non-Switch
16593.0,0.004354347112617015,Non-Switch
16594.0,0.004354354502496545,Non-Switch
16595.0,0.004354353830689314,Non-Switch
16596.0,0.0043543501357495495,Non-Switch
16597.0,0.004354371969484522,Non-Switch
16598.0,0.00435435483840016,Non-Switch
16599.0,0.00435434879213509,Non-Switch
166.0,0.004399634645697633,Non-Switch
1660.0,0.004354340730448331,Non-Switch
16600.0,0.00435434610490617,Non-Switch
16601.0,0.004354343753580865,Non-Switch
16602.0,0.004354342745870021,Non-Switch
16603.0,0.004354341066351946,Non-Switch
16604.0,0.004354339722737486,Non-Switch
16605.0,0.004354336363701336,Non-Switch
16606.0,0.004354338043219411,Non-Switch
16607.0,0.004354334348279646,Non-Switch
16608.0,0.004354335691894106,Non-Switch
16609.0,0.004354338043219411,Non-Switch
1661.0,0.004354338043219411,Non-Switch
16610.0,0.004354339050930256,Non-Switch
16611.0,0.004354339722737486,Non-Switch
16612.0,0.004354338043219411,Non-Switch
16613.0,0.00435434207406279,Non-Switch
16614.0,0.00435434543309894,Non-Switch
16615.0,0.0043543484562314745,Non-Switch
16616.0,0.004354347112617015,Non-Switch
16617.0,0.004354342745870021,Non-Switch
16618.0,0.004354338715026641,Non-Switch
16619.0,0.004354339722737486,Non-Switch
1662.0,0.004354339050930256,Non-Switch
16620.0,0.004354340394544715,Non-Switch
16621.0,0.0043543467767134005,Non-Switch
16622.0,0.00435434543309894,Non-Switch
16623.0,0.00435434610490617,Non-Switch
16624.0,0.00435434207406279,Non-Switch
16625.0,0.004354340394544715,Non-Switch
16626.0,0.004354344425388095,Non-Switch
16627.0,0.004354342745870021,Non-Switch
16628.0,0.004354358869243539,Non-Switch
16629.0,0.0043543467767134005,Non-Switch
1663.0,0.004354340730448331,Non-Switch
16630.0,0.00435435483840016,Non-Switch
16631.0,0.0043543632359905335,Non-Switch
16632.0,0.0043543467767134005,Non-Switch
16633.0,0.0043543366996049515,Non-Switch
16634.0,0.004354343081773636,Non-Switch
16635.0,0.004354341402255561,Non-Switch
16636.0,0.004354338043219411,Non-Switch
16637.0,0.004354334348279646,Non-Switch
16638.0,0.004354334348279646,Non-Switch
16639.0,0.004354335691894106,Non-Switch
1664.0,0.00435434610490617,Non-Switch
16640.0,0.004354333340568802,Non-Switch
16641.0,0.004354333340568802,Non-Switch
16642.0,0.004354332668761571,Non-Switch
16643.0,0.004354332668761571,Non-Switch
16644.0,0.004354332668761571,Non-Switch
16645.0,0.004354332668761571,Non-Switch
16646.0,0.004354332668761571,Non-Switch
16647.0,0.004354332668761571,Non-Switch
16648.0,0.004354332668761571,Non-Switch
16649.0,0.004354332668761571,Non-Switch
1665.0,0.0043543467767134005,Non-Switch
16650.0,0.004354332668761571,Non-Switch
16651.0,0.004354332668761571,Non-Switch
16652.0,0.004354332668761571,Non-Switch
16653.0,0.004354332668761571,Non-Switch
16654.0,0.004354332668761571,Non-Switch
16655.0,0.004354332668761571,Non-Switch
16656.0,0.004354332668761571,Non-Switch
16657.0,0.004354332668761571,Non-Switch
16658.0,0.004354332668761571,Non-Switch
16659.0,0.004354332668761571,Non-Switch
1666.0,0.0043543534947856994,Non-Switch
16660.0,0.004354332668761571,Non-Switch
16661.0,0.004354332668761571,Non-Switch
16662.0,0.004354332668761571,Non-Switch
16663.0,0.004354332668761571,Non-Switch
16664.0,0.004354332668761571,Non-Switch
16665.0,0.004354332668761571,Non-Switch
16666.0,0.004354333340568802,Non-Switch
16667.0,0.004354332668761571,Non-Switch
16668.0,0.004354332668761571,Non-Switch
16669.0,0.004354335020086877,Non-Switch
1667.0,0.0043544522504485,Non-Switch
16670.0,0.004354337371412181,Non-Switch
16671.0,0.004354349799845935,Non-Switch
16672.0,0.004354356853821849,Non-Switch
16673.0,0.004354391787797805,Non-Switch
16674.0,0.004354432096231602,Non-Switch
16675.0,0.004354418995990618,Non-Switch
16676.0,0.004354384062014662,Non-Switch
16677.0,0.004354366930930298,Non-Switch
16678.0,0.004354356853821849,Non-Switch
16679.0,0.004354338715026641,Non-Switch
1668.0,0.004354466022496713,Non-Switch
16680.0,0.004354343081773636,Non-Switch
16681.0,0.004354347784424245,Non-Switch
16682.0,0.004354373649002597,Non-Switch
16683.0,0.004354355174303774,Non-Switch
16684.0,0.004354357525629079,Non-Switch
16685.0,0.004354359541050769,Non-Switch
16686.0,0.004354371969484522,Non-Switch
16687.0,0.004354366930930298,Non-Switch
16688.0,0.004354395146833955,Non-Switch
16689.0,0.004354394475026726,Non-Switch
1669.0,0.0043544441887617405,Non-Switch
16690.0,0.004354452586352114,Non-Switch
16691.0,0.004354467366111173,Non-Switch
16692.0,0.004354433775749677,Non-Switch
16693.0,0.004354433775749677,Non-Switch
16694.0,0.004354427729484607,Non-Switch
16695.0,0.004354441165629205,Non-Switch
16696.0,0.004354416980568928,Non-Switch
16697.0,0.0043543897723761155,Non-Switch
16698.0,0.004354429073099067,Non-Switch
16699.0,0.004354418995990618,Non-Switch
167.0,0.004392073455324739,Non-Switch
1670.0,0.004354479794544927,Non-Switch
16700.0,0.004354492558882295,Non-Switch
16701.0,0.004354422355026768,Non-Switch
16702.0,0.004354479458641312,Non-Switch
16703.0,0.004354502635990745,Non-Switch
16704.0,0.004354517079846188,Non-Switch
16705.0,0.004355473061534383,Non-Switch
16706.0,0.004354920500087763,Non-Switch
16707.0,0.004354812003220129,Non-Switch
16708.0,0.004354742471171831,Non-Switch
16709.0,0.004354431424424371,Non-Switch
1671.0,0.0043544425092436655,Non-Switch
16710.0,0.0043544771073160075,Non-Switch
16711.0,0.004354445196472585,Non-Switch
16712.0,0.00435444620418343,Non-Switch
16713.0,0.004354534546834167,Non-Switch
16714.0,0.004354556716472754,Non-Switch
16715.0,0.004354700819123575,Non-Switch
16716.0,0.004354522790207643,Non-Switch
16717.0,0.004354499276954595,Non-Switch
16718.0,0.0043547512046658195,Non-Switch
16719.0,0.0043544572890027245,Non-Switch
1672.0,0.00435440421623156,Non-Switch
16720.0,0.004354579222014957,Non-Switch
16721.0,0.004354485840809996,Non-Switch
16722.0,0.004354831149726182,Non-Switch
16723.0,0.004355444845630725,Non-Switch
16724.0,0.0043550713208108825,Non-Switch
16725.0,0.00435484794490693,Non-Switch
16726.0,0.00435505083069037,Non-Switch
16727.0,0.004354806292858674,Non-Switch
16728.0,0.004354792856714075,Non-Switch
16729.0,0.004358827730937052,Non-Switch
1673.0,0.004354377679845977,Non-Switch
16730.0,0.004358990308286696,Non-Switch
16731.0,0.004355166381533918,Non-Switch
16732.0,0.004354804277436984,Non-Switch
16733.0,0.004354723660569392,Non-Switch
16734.0,0.004354753220087509,Non-Switch
16735.0,0.004354783787316472,Non-Switch
16736.0,0.004354760609967039,Non-Switch
16737.0,0.004354655472135554,Non-Switch
16738.0,0.004355330974305252,Non-Switch
16739.0,0.004356744120813416,Non-Switch
1674.0,0.0043543830543038165,Non-Switch
16740.0,0.00440657038353946,Non-Switch
16741.0,0.0050320921107516224,Non-Switch
16742.0,0.004480122862205042,Non-Switch
16743.0,0.0043682518427585505,Non-Switch
16744.0,0.005727736404816946,Non-Switch
16745.0,0.004427229799474355,Non-Switch
16746.0,0.004365839382995861,Non-Switch
16747.0,0.004407277796552579,Non-Switch
16748.0,0.004411244146438103,Non-Switch
16749.0,0.0044373821503331,Non-Switch
1675.0,0.00435440085719541,Non-Switch
16750.0,0.004516625172139829,Non-Switch
16751.0,0.004463870837602122,Non-Switch
16752.0,0.004502504455973871,Non-Switch
16753.0,0.004620868828201279,Non-Switch
16754.0,0.004606347379022665,Non-Switch
16755.0,0.012158840199614523,Non-Switch
16756.0,0.0044428523407028285,Non-Switch
16757.0,0.006120685187098658,Non-Switch
16758.0,0.0059670469044563945,Non-Switch
16759.0,0.004604287282152076,Non-Switch
1676.0,0.004354407911171324,Non-Switch
16760.0,0.004853961080120469,Non-Switch
16761.0,0.0045558761813558855,Non-Switch
16762.0,0.004818307934524317,Non-Switch
16763.0,0.005516559176545395,Non-Switch
16764.0,0.004375200344937746,Non-Switch
16765.0,0.004396387129548138,Non-Switch
16766.0,0.0043740394620444215,Non-Switch
16767.0,0.0043735937179473616,Non-Switch
16768.0,0.004365275400826333,Non-Switch
16769.0,0.004370947805172271,Non-Switch
1677.0,0.004354439486111131,Non-Switch
16770.0,0.004487652813541745,Non-Switch
16771.0,0.004369037185410342,Non-Switch
16772.0,0.0043880600789331205,Non-Switch
16773.0,0.004416352568614512,Non-Switch
16774.0,0.004423597673685723,Non-Switch
16775.0,0.0044523036607171385,Non-Switch
16776.0,0.004469835813996696,Non-Switch
16777.0,0.004670368256709961,Non-Switch
16778.0,0.0044276258298364,Non-Switch
16779.0,0.0043848521994101905,Non-Switch
1678.0,0.004354468709725633,Non-Switch
16780.0,0.00451661173599523,Non-Switch
16781.0,0.005846855216563569,Non-Switch
16782.0,0.012048806237038284,Non-Switch
16783.0,0.031259332831908085,Non-Switch
16784.0,0.06634493030575409,Non-Switch
16785.0,0.13664047408447777,Non-Switch
16786.0,0.14248771223116238,Non-Switch
16787.0,0.12425056444451338,Non-Switch
16788.0,0.20749388658693765,Non-Switch
16789.0,0.16597920947347786,Non-Switch
1679.0,0.00435449558201483,Non-Switch
16790.0,0.07652621724550693,Non-Switch
16791.0,0.024607207817498748,Non-Switch
16792.0,0.022435150241197986,Non-Switch
16793.0,0.009992771112961384,Non-Switch
16794.0,0.004369624680832918,Non-Switch
16795.0,0.004380427005186623,Non-Switch
16796.0,0.004809047071859693,Non-Switch
16797.0,0.011261384341870144,Non-Switch
16798.0,0.026487676870948374,Non-Switch
16799.0,0.0622459764219575,Non-Switch
168.0,0.0043759803131316975,Non-Switch
1680.0,0.0043544623275569485,Non-Switch
16800.0,0.13780015309924568,Non-Switch
16801.0,0.2804470782694443,Non-Switch
16802.0,0.521803445902352,Non-Switch
16803.0,0.8353332358787543,Non-Switch
16804.0,0.9988310366699208,Non-Switch
16805.0,0.9996842426008512,Non-Switch
16806.0,0.9302381641304017,Non-Switch
16807.0,0.4039478628496899,Non-Switch
16808.0,0.16580195985393237,Non-Switch
16809.0,0.17890374868148065,Non-Switch
1681.0,0.004354397834062875,Non-Switch
16810.0,0.09518170208146405,Non-Switch
16811.0,0.034151557009781175,Non-Switch
16812.0,0.018117559381648673,Non-Switch
16813.0,0.010135558365225771,Non-Switch
16814.0,0.004457862865544833,Non-Switch
16815.0,0.004375186908793147,Non-Switch
16816.0,0.004390179630743558,Non-Switch
16817.0,0.004377070656265879,Non-Switch
16818.0,0.004392531627855553,Non-Switch
16819.0,0.004485160408718694,Non-Switch
1682.0,0.004354410934303859,Non-Switch
16820.0,0.00482829233357558,Non-Switch
16821.0,0.0044105961883648325,Non-Switch
16822.0,0.0043956169025590195,Non-Switch
16823.0,0.004390373111225779,Non-Switch
16824.0,0.00438306116133519,Non-Switch
16825.0,0.004429296614417243,Non-Switch
16826.0,0.004459524916631687,Non-Switch
16827.0,0.004587154518270714,Non-Switch
16828.0,0.0050999412819386905,Non-Switch
16829.0,0.004480282080518537,Non-Switch
1683.0,0.004354435455267752,Non-Switch
16830.0,0.004679428920820065,Non-Switch
16831.0,0.005445162191377052,Non-Switch
16832.0,0.004581861013202458,Non-Switch
16833.0,0.006228914003648068,Non-Switch
16834.0,0.005834666617990898,Non-Switch
16835.0,0.0054727143494910585,Non-Switch
16836.0,0.004529280340833689,Non-Switch
16837.0,0.005450636748493775,Non-Switch
16838.0,0.004509184907068323,Non-Switch
16839.0,0.008743745767455777,Non-Switch
1684.0,0.004354383390207431,Non-Switch
16840.0,0.005736786991818602,Non-Switch
16841.0,0.004711649467374874,Non-Switch
16842.0,0.004781542276155398,Non-Switch
16843.0,0.00471099647074738,Non-Switch
16844.0,0.010207565351358893,Non-Switch
16845.0,0.010139994308365017,Non-Switch
16846.0,0.011048600822511823,Non-Switch
16847.0,0.018911964712971963,Non-Switch
16848.0,0.020139212755312066,Non-Switch
16849.0,0.028261086724235905,Non-Switch
1685.0,0.004354387085147196,Non-Switch
16850.0,0.017921218344242956,Non-Switch
16851.0,0.0272351215332849,Non-Switch
16852.0,0.014451321909109667,Non-Switch
16853.0,0.015709176145231055,Non-Switch
16854.0,0.020691837351811446,Non-Switch
16855.0,0.00916788454400158,Non-Switch
16856.0,0.008673597000120648,Non-Switch
16857.0,0.008051593527371644,Non-Switch
16858.0,0.008820931715524451,Non-Switch
16859.0,0.0072211658923793534,Non-Switch
1686.0,0.004354435455267752,Non-Switch
16860.0,0.004358259382020529,Non-Switch
16861.0,0.004356720943463983,Non-Switch
16862.0,0.004357111263464573,Non-Switch
16863.0,0.00435624731936688,Non-Switch
16864.0,0.004357128730452552,Non-Switch
16865.0,0.004355429729968052,Non-Switch
16866.0,0.004354831485629797,Non-Switch
16867.0,0.004355068297678348,Non-Switch
16868.0,0.004355169740570068,Non-Switch
16869.0,0.004355016568521644,Non-Switch
1687.0,0.004354431760327987,Non-Switch
16870.0,0.004354655472135554,Non-Switch
16871.0,0.0043548435781599355,Non-Switch
16872.0,0.0043545019641835145,Non-Switch
16873.0,0.00435464237189457,Non-Switch
16874.0,0.004354543952135385,Non-Switch
16875.0,0.0043545217824967975,Non-Switch
16876.0,0.004354544288039001,Non-Switch
16877.0,0.004354453258159345,Non-Switch
16878.0,0.004354481474063002,Non-Switch
16879.0,0.004354444524665355,Non-Switch
1688.0,0.004354481138159387,Non-Switch
16880.0,0.004354633638400582,Non-Switch
16881.0,0.0043546339743041965,Non-Switch
16882.0,0.004354522454304028,Non-Switch
16883.0,0.004354408918882169,Non-Switch
16884.0,0.004354478115026852,Non-Switch
16885.0,0.004354438142496671,Non-Switch
16886.0,0.004354369282255603,Non-Switch
16887.0,0.0043544142933400086,Non-Switch
16888.0,0.004354481474063002,Non-Switch
16889.0,0.004354411942014704,Non-Switch
1689.0,0.004354400521291795,Non-Switch
16890.0,0.004354807972376749,Non-Switch
16891.0,0.004354458632617184,Non-Switch
16892.0,0.004354370289966448,Non-Switch
16893.0,0.0043543649155086085,Non-Switch
16894.0,0.0043543830543038165,Non-Switch
16895.0,0.00435439816996649,Non-Switch
16896.0,0.004354382382496587,Non-Switch
16897.0,0.004354368610448373,Non-Switch
16898.0,0.004354362564183304,Non-Switch
16899.0,0.004354355846111004,Non-Switch
169.0,0.004386139382062742,Non-Switch
1690.0,0.004354466358400328,Non-Switch
16900.0,0.004354352151171239,Non-Switch
16901.0,0.00435435080755678,Non-Switch
16902.0,0.004354360548761614,Non-Switch
16903.0,0.004354354166592929,Non-Switch
16904.0,0.00435435483840016,Non-Switch
16905.0,0.004354370625870063,Non-Switch
16906.0,0.00435439951358095,Non-Switch
16907.0,0.004354385069725506,Non-Switch
16908.0,0.004354417316472543,Non-Switch
16909.0,0.004354484833099151,Non-Switch
1691.0,0.004354482481773846,Non-Switch
16910.0,0.004354431424424371,Non-Switch
16911.0,0.004354435455267752,Non-Switch
16912.0,0.00435444284514728,Non-Switch
16913.0,0.004354426049966532,Non-Switch
16914.0,0.004354406903460479,Non-Switch
16915.0,0.004354397162255645,Non-Switch
16916.0,0.004354479794544927,Non-Switch
16917.0,0.004354491887075066,Non-Switch
16918.0,0.004354423026833997,Non-Switch
16919.0,0.004354407239364094,Non-Switch
1692.0,0.004354743478882675,Non-Switch
16920.0,0.004354409926593014,Non-Switch
16921.0,0.004354431760327987,Non-Switch
16922.0,0.0043544243704484575,Non-Switch
16923.0,0.004354547311171535,Non-Switch
16924.0,0.0043545002846654395,Non-Switch
16925.0,0.004354522454304028,Non-Switch
16926.0,0.0043545184234606476,Non-Switch
16927.0,0.00435459769671378,Non-Switch
16928.0,0.004354566457677588,Non-Switch
16929.0,0.004354489199846146,Non-Switch
1693.0,0.00435479587984661,Non-Switch
16930.0,0.004354493230689526,Non-Switch
16931.0,0.004354510025870274,Non-Switch
16932.0,0.004354480130448542,Non-Switch
16933.0,0.004354473412376243,Non-Switch
16934.0,0.004354529844183557,Non-Switch
16935.0,0.004354567465388433,Non-Switch
16936.0,0.004354705521774184,Non-Switch
16937.0,0.004354527156954637,Non-Switch
16938.0,0.004354714927075403,Non-Switch
16939.0,0.004354890268762416,Non-Switch
1694.0,0.004354793528521306,Non-Switch
16940.0,0.004354838539605711,Non-Switch
16941.0,0.004355276222016012,Non-Switch
16942.0,0.004354792184906846,Non-Switch
16943.0,0.004354855334786459,Non-Switch
16944.0,0.0043554656716548535,Non-Switch
16945.0,0.004356862022982268,Non-Switch
16946.0,0.004356553663463729,Non-Switch
16947.0,0.0043586537328645,Non-Switch
16948.0,0.004359610050456309,Non-Switch
16949.0,0.004359176398889387,Non-Switch
1695.0,0.004354789497677926,Non-Switch
16950.0,0.0043604115164816186,Non-Switch
16951.0,0.004357987971899636,Non-Switch
16952.0,0.004358007454309304,Non-Switch
16953.0,0.0043562117135836935,Non-Switch
16954.0,0.004356857320331659,Non-Switch
16955.0,0.004355656129004539,Non-Switch
16956.0,0.004356659809006059,Non-Switch
16957.0,0.004356370931897188,Non-Switch
16958.0,0.004356083062499161,Non-Switch
16959.0,0.004356293002258515,Non-Switch
1696.0,0.004354556716472754,Non-Switch
16960.0,0.004356109598884744,Non-Switch
16961.0,0.004355279581052162,Non-Switch
16962.0,0.004355590963703236,Non-Switch
16963.0,0.0043554374557511965,Non-Switch
16964.0,0.0043576903612967755,Non-Switch
16965.0,0.004355419652859603,Non-Switch
16966.0,0.004354868435027443,Non-Switch
16967.0,0.0043559376162338815,Non-Switch
16968.0,0.004356366901053808,Non-Switch
16969.0,0.0043627201820272835,Non-Switch
1697.0,0.004354839883220171,Non-Switch
16970.0,0.004357068939609088,Non-Switch
16971.0,0.00435895537431074,Non-Switch
16972.0,0.004356121019607652,Non-Switch
16973.0,0.004357277871657597,Non-Switch
16974.0,0.004356256724668099,Non-Switch
16975.0,0.00435570147599256,Non-Switch
16976.0,0.004355421668281293,Non-Switch
16977.0,0.004354981634545687,Non-Switch
16978.0,0.00435579620081198,Non-Switch
16979.0,0.004355266480811178,Non-Switch
1698.0,0.004354932256714287,Non-Switch
16980.0,0.004357281230693746,Non-Switch
16981.0,0.004355791834064986,Non-Switch
16982.0,0.00435615192274023,Non-Switch
16983.0,0.004355801911173435,Non-Switch
16984.0,0.004355283611895542,Non-Switch
16985.0,0.004358224448044573,Non-Switch
16986.0,0.00435649420852388,Non-Switch
16987.0,0.0043605798041927175,Non-Switch
16988.0,0.004367279065889607,Non-Switch
16989.0,0.004379228836992038,Non-Switch
1699.0,0.004354743478882675,Non-Switch
16990.0,0.004393756332435721,Non-Switch
16991.0,0.004368213549746444,Non-Switch
16992.0,0.004376965854338009,Non-Switch
16993.0,0.004368426512638333,Non-Switch
16994.0,0.004370130887580672,Non-Switch
16995.0,0.004372398572885311,Non-Switch
16996.0,0.0043728090471028,Non-Switch
16997.0,0.004367342887576451,Non-Switch
16998.0,0.004366262285647104,Non-Switch
16999.0,0.0043585005608160745,Non-Switch
17.0,0.004354586275990871,Non-Switch
170.0,0.004380039372414952,Non-Switch
1700.0,0.004354689398400666,Non-Switch
17000.0,0.004359424967564462,Non-Switch
17001.0,0.00435899669045538,Non-Switch
17002.0,0.004359117951660383,Non-Switch
17003.0,0.004360060833107594,Non-Switch
17004.0,0.004360458207084099,Non-Switch
17005.0,0.004357578841296607,Non-Switch
17006.0,0.004356408553102064,Non-Switch
17007.0,0.0043579772229839575,Non-Switch
17008.0,0.004359434372865682,Non-Switch
17009.0,0.00436305071118441,Non-Switch
1701.0,0.004354732394063382,Non-Switch
17010.0,0.004362116899134803,Non-Switch
17011.0,0.00436130031744682,Non-Switch
17012.0,0.004363907265402574,Non-Switch
17013.0,0.004361201897687635,Non-Switch
17014.0,0.004363601593112955,Non-Switch
17015.0,0.004363133679377307,Non-Switch
17016.0,0.004359895904432645,Non-Switch
17017.0,0.004368007976734084,Non-Switch
17018.0,0.004371759012402414,Non-Switch
17019.0,0.004360832067807557,Non-Switch
1702.0,0.0043547659844248784,Non-Switch
17020.0,0.004361366490458969,Non-Switch
17021.0,0.004359710485637184,Non-Switch
17022.0,0.004359984918890612,Non-Switch
17023.0,0.0043605139670841835,Non-Switch
17024.0,0.004360667810939838,Non-Switch
17025.0,0.004360182766119827,Non-Switch
17026.0,0.004358625181057228,Non-Switch
17027.0,0.004361212982506929,Non-Switch
17028.0,0.004371565196016579,Non-Switch
17029.0,0.004376398513132331,Non-Switch
1703.0,0.004355060907798819,Non-Switch
17030.0,0.004364613334801234,Non-Switch
17031.0,0.004367368416251189,Non-Switch
17032.0,0.004368241429746486,Non-Switch
17033.0,0.004375681358914378,Non-Switch
17034.0,0.004363816571426533,Non-Switch
17035.0,0.004366417137213603,Non-Switch
17036.0,0.004365917984441764,Non-Switch
17037.0,0.0043581539082854295,Non-Switch
17038.0,0.00435514286828087,Non-Switch
17039.0,0.004354894971413025,Non-Switch
1704.0,0.004355378672618577,Non-Switch
17040.0,0.004359233502503931,Non-Switch
17041.0,0.004358586552141506,Non-Switch
17042.0,0.004354710896232024,Non-Switch
17043.0,0.004354774717918867,Non-Switch
17044.0,0.004354789497677926,Non-Switch
17045.0,0.004354821072617733,Non-Switch
17046.0,0.00435484592948524,Non-Switch
17047.0,0.004354748181533285,Non-Switch
17048.0,0.004354705521774184,Non-Switch
17049.0,0.004354598032617395,Non-Switch
1705.0,0.004355859686595209,Non-Switch
17050.0,0.004354565785870358,Non-Switch
17051.0,0.00435455033430407,Non-Switch
17052.0,0.004354600048039085,Non-Switch
17053.0,0.004354700819123575,Non-Switch
17054.0,0.004354559067798059,Non-Switch
17055.0,0.004354707537195874,Non-Switch
17056.0,0.0043546900702078955,Non-Switch
17057.0,0.004354798902979145,Non-Switch
17058.0,0.004354725675991082,Non-Switch
17059.0,0.0043547098885211785,Non-Switch
1706.0,0.004356432066355112,Non-Switch
17060.0,0.004354560747316134,Non-Switch
17061.0,0.004354527828761867,Non-Switch
17062.0,0.004354702834545265,Non-Switch
17063.0,0.004354592322255941,Non-Switch
17064.0,0.004354723996473008,Non-Switch
17065.0,0.004354792184906846,Non-Switch
17066.0,0.004354578550207727,Non-Switch
17067.0,0.004354729370930847,Non-Switch
17068.0,0.0043546124764728385,Non-Switch
17069.0,0.004354602735268004,Non-Switch
1707.0,0.0043569641376812185,Non-Switch
17070.0,0.004354618858641523,Non-Switch
17071.0,0.0043547297068344615,Non-Switch
17072.0,0.004355509339124799,Non-Switch
17073.0,0.004364176996005393,Non-Switch
17074.0,0.004360626830698812,Non-Switch
17075.0,0.0043751815343353075,Non-Switch
17076.0,0.005445563932100553,Non-Switch
17077.0,0.0045662747495644005,Non-Switch
17078.0,0.004611666412765659,Non-Switch
17079.0,0.004558660150516727,Non-Switch
1708.0,0.004356821378644858,Non-Switch
17080.0,0.004471353090625499,Non-Switch
17081.0,0.004583340668626385,Non-Switch
17082.0,0.0063270321213869905,Non-Switch
17083.0,0.01014498382066173,Non-Switch
17084.0,0.010386993641751047,Non-Switch
17085.0,0.009368330323582183,Non-Switch
17086.0,0.0067878126078677915,Non-Switch
17087.0,0.009766447318883768,Non-Switch
17088.0,0.015309581174023616,Non-Switch
17089.0,0.030540101385999815,Non-Switch
1709.0,0.004356425348282812,Non-Switch
17090.0,0.060244232727360396,Non-Switch
17091.0,0.10155095056918002,Non-Switch
17092.0,0.10295774715540644,Non-Switch
17093.0,0.08158222770906585,Non-Switch
17094.0,0.15458899198731627,Non-Switch
17095.0,0.16012803722365473,Non-Switch
17096.0,0.10661807541155095,Non-Switch
17097.0,0.08417044299202081,Non-Switch
17098.0,0.08433224104527784,Non-Switch
17099.0,0.04541821033575568,Non-Switch
171.0,0.00437324941674202,Non-Switch
1710.0,0.004358459580575049,Non-Switch
17100.0,0.10635662953549245,Non-Switch
17101.0,0.06629685040592226,Non-Switch
17102.0,0.03985210201696659,Non-Switch
17103.0,0.04528833656206507,Non-Switch
17104.0,0.02762199919362971,Non-Switch
17105.0,0.013580571060562348,Non-Switch
17106.0,0.007575669162313697,Non-Switch
17107.0,0.004362513265400464,Non-Switch
17108.0,0.004365089646127257,Non-Switch
17109.0,0.004360379605638197,Non-Switch
1711.0,0.004361296622507055,Non-Switch
17110.0,0.004387177996040218,Non-Switch
17111.0,0.004399670587384435,Non-Switch
17112.0,0.004500832327778567,Non-Switch
17113.0,0.004491898971138535,Non-Switch
17114.0,0.0044518051797525285,Non-Switch
17115.0,0.0044790315113600165,Non-Switch
17116.0,0.004733794920902381,Non-Switch
17117.0,0.00454717594182464,Non-Switch
17118.0,0.004450438052039615,Non-Switch
17119.0,0.004489977266557313,Non-Switch
1712.0,0.004357804232622249,Non-Switch
17120.0,0.00452611646468432,Non-Switch
17121.0,0.004466074701219917,Non-Switch
17122.0,0.004373835904453752,Non-Switch
17123.0,0.004369828238423587,Non-Switch
17124.0,0.004361813242266874,Non-Switch
17125.0,0.004358718898165803,Non-Switch
17126.0,0.004361003714554805,Non-Switch
17127.0,0.004358102179128725,Non-Switch
17128.0,0.004357948671176685,Non-Switch
17129.0,0.004356608415752969,Non-Switch
1713.0,0.004357948671176685,Non-Switch
17130.0,0.004356005468764104,Non-Switch
17131.0,0.004355519752136863,Non-Switch
17132.0,0.004355017912136103,Non-Switch
17133.0,0.004354624569002977,Non-Switch
17134.0,0.004354549998400454,Non-Switch
17135.0,0.0043544522504485,Non-Switch
17136.0,0.00435444821960512,Non-Switch
17137.0,0.0043543864133399664,Non-Switch
17138.0,0.004354385405629121,Non-Switch
17139.0,0.004354367938641143,Non-Switch
1714.0,0.004357113950693494,Non-Switch
17140.0,0.004354368610448373,Non-Switch
17141.0,0.0043543716335809075,Non-Switch
17142.0,0.004354381710689356,Non-Switch
17143.0,0.004354380031171281,Non-Switch
17144.0,0.004354379359364052,Non-Switch
17145.0,0.004354378015749592,Non-Switch
17146.0,0.004354376000327902,Non-Switch
17147.0,0.004354413957436394,Non-Switch
17148.0,0.004354383390207431,Non-Switch
17149.0,0.004354433103942446,Non-Switch
1715.0,0.004358834113105736,Non-Switch
17150.0,0.0043543864133399664,Non-Switch
17151.0,0.0043544045521351745,Non-Switch
17152.0,0.004354388092858041,Non-Switch
17153.0,0.00435439346731588,Non-Switch
17154.0,0.004354368610448373,Non-Switch
17155.0,0.004354394139123111,Non-Switch
17156.0,0.00435440085719541,Non-Switch
17157.0,0.004354419667797848,Non-Switch
17158.0,0.00435440085719541,Non-Switch
17159.0,0.004354418995990618,Non-Switch
1716.0,0.004358241915032551,Non-Switch
17160.0,0.004354438142496671,Non-Switch
17161.0,0.004354558395990829,Non-Switch
17162.0,0.004354479458641312,Non-Switch
17163.0,0.004354585268280026,Non-Switch
17164.0,0.004354738104424836,Non-Switch
17165.0,0.004354538241773931,Non-Switch
17166.0,0.004354512377195578,Non-Switch
17167.0,0.004354471732858168,Non-Switch
17168.0,0.004354555372858294,Non-Switch
17169.0,0.004354455945388264,Non-Switch
1717.0,0.004356903339126909,Non-Switch
17170.0,0.004354448555508735,Non-Switch
17171.0,0.004354479122737697,Non-Switch
17172.0,0.004354536226352241,Non-Switch
17173.0,0.004354537569966701,Non-Switch
17174.0,0.004354573175749887,Non-Switch
17175.0,0.004354590642737866,Non-Switch
17176.0,0.004354456617195494,Non-Switch
17177.0,0.004354447883701505,Non-Switch
17178.0,0.004354437134785826,Non-Switch
17179.0,0.004354428065388222,Non-Switch
1718.0,0.004356440463945486,Non-Switch
17180.0,0.004354427729484607,Non-Switch
17181.0,0.004354454937677419,Non-Switch
17182.0,0.004354415636954468,Non-Switch
17183.0,0.00435444284514728,Non-Switch
17184.0,0.004354445532376201,Non-Switch
17185.0,0.004354447211894275,Non-Switch
17186.0,0.00435445359406296,Non-Switch
17187.0,0.004354397834062875,Non-Switch
17188.0,0.004354424706352072,Non-Switch
17189.0,0.004354410598400244,Non-Switch
1719.0,0.004357098499127205,Non-Switch
17190.0,0.0043544243704484575,Non-Switch
17191.0,0.004354459976231644,Non-Switch
17192.0,0.004354443181050895,Non-Switch
17193.0,0.004354480802255771,Non-Switch
17194.0,0.0043544969256292905,Non-Switch
17195.0,0.004354621881774058,Non-Switch
17196.0,0.004354530851894402,Non-Switch
17197.0,0.004354580901533032,Non-Switch
17198.0,0.004354778748762247,Non-Switch
17199.0,0.004354557052376369,Non-Switch
172.0,0.004364163223957179,Non-Switch
1720.0,0.004356159312619759,Non-Switch
17200.0,0.004354556716472754,Non-Switch
17201.0,0.004354783115509241,Non-Switch
17202.0,0.004354563434545053,Non-Switch
17203.0,0.004354459640328029,Non-Switch
17204.0,0.0043544374706894415,Non-Switch
17205.0,0.00435449625382206,Non-Switch
17206.0,0.004354522118400412,Non-Switch
17207.0,0.004354525141532947,Non-Switch
17208.0,0.004354868099123828,Non-Switch
17209.0,0.004354649425870485,Non-Switch
1721.0,0.004355954411414629,Non-Switch
17210.0,0.004354606094304154,Non-Switch
17211.0,0.004354644051412645,Non-Switch
17212.0,0.0043548136827382036,Non-Switch
17213.0,0.004354648754063255,Non-Switch
17214.0,0.004354660174786164,Non-Switch
17215.0,0.004354567801292048,Non-Switch
17216.0,0.004354562426834209,Non-Switch
17217.0,0.004354508346352199,Non-Switch
17218.0,0.0043545597396052885,Non-Switch
17219.0,0.004354780092376707,Non-Switch
1722.0,0.00435655030442758,Non-Switch
17220.0,0.004354635653822271,Non-Switch
17221.0,0.0043545926581595555,Non-Switch
17222.0,0.004354580901533032,Non-Switch
17223.0,0.004354576870689652,Non-Switch
17224.0,0.004354573175749887,Non-Switch
17225.0,0.004354568809002893,Non-Switch
17226.0,0.004354616507316218,Non-Switch
17227.0,0.004354616507316218,Non-Switch
17228.0,0.00435474986105136,Non-Switch
17229.0,0.004354573175749887,Non-Switch
1723.0,0.004359805210456605,Non-Switch
17230.0,0.004354583588761951,Non-Switch
17231.0,0.004354577878400497,Non-Switch
17232.0,0.00435454764707515,Non-Switch
17233.0,0.004354560411412519,Non-Switch
17234.0,0.004354507002737739,Non-Switch
17235.0,0.004354537569966701,Non-Switch
17236.0,0.004354524805629333,Non-Switch
17237.0,0.004354510361773888,Non-Switch
17238.0,0.004354509018159429,Non-Switch
17239.0,0.004354481474063002,Non-Switch
1724.0,0.004356285276475372,Non-Switch
17240.0,0.004354458968520799,Non-Switch
17241.0,0.004354483489484692,Non-Switch
17242.0,0.0043544556094846495,Non-Switch
17243.0,0.00435444956321958,Non-Switch
17244.0,0.0043544210114123075,Non-Switch
17245.0,0.00435445359406296,Non-Switch
17246.0,0.004354432432135217,Non-Switch
17247.0,0.004354424034544843,Non-Switch
17248.0,0.004354431760327987,Non-Switch
17249.0,0.0043544226909303825,Non-Switch
1725.0,0.004380207996029665,Non-Switch
17250.0,0.00435444821960512,Non-Switch
17251.0,0.004354419331894233,Non-Switch
17252.0,0.004354429073099067,Non-Switch
17253.0,0.004354415301050853,Non-Switch
17254.0,0.00435440018538818,Non-Switch
17255.0,0.004354392459605036,Non-Switch
17256.0,0.00435444754779789,Non-Switch
17257.0,0.004354508010448584,Non-Switch
17258.0,0.00435449423840037,Non-Switch
17259.0,0.0043544935665931405,Non-Switch
1726.0,0.004366087279863706,Non-Switch
17260.0,0.004354421683219538,Non-Switch
17261.0,0.0043544606480388735,Non-Switch
17262.0,0.0043544556094846495,Non-Switch
17263.0,0.004354470389243708,Non-Switch
17264.0,0.004354484833099151,Non-Switch
17265.0,0.004354509354063044,Non-Switch
17266.0,0.004354467702014788,Non-Switch
17267.0,0.004354475091894318,Non-Switch
17268.0,0.004354434783460521,Non-Switch
17269.0,0.0043544441887617405,Non-Switch
1727.0,0.004436615282380132,Non-Switch
17270.0,0.004354475091894318,Non-Switch
17271.0,0.004354459976231644,Non-Switch
17272.0,0.004354454265870189,Non-Switch
17273.0,0.004354457624906339,Non-Switch
17274.0,0.004354433103942446,Non-Switch
17275.0,0.004354494574303985,Non-Switch
17276.0,0.004354455945388264,Non-Switch
17277.0,0.004354484833099151,Non-Switch
17278.0,0.0043544556094846495,Non-Switch
17279.0,0.004354445196472585,Non-Switch
1728.0,0.004383145137238932,Non-Switch
17280.0,0.004354451242737654,Non-Switch
17281.0,0.004354427057677377,Non-Switch
17282.0,0.004354485504906381,Non-Switch
17283.0,0.004354475091894318,Non-Switch
17284.0,0.004354486512617226,Non-Switch
17285.0,0.004354448555508735,Non-Switch
17286.0,0.004354458632617184,Non-Switch
17287.0,0.004354487856231686,Non-Switch
17288.0,0.004354594001774016,Non-Switch
17289.0,0.004354569816713737,Non-Switch
1729.0,0.00437895977819645,Non-Switch
17290.0,0.00435454966249684,Non-Switch
17291.0,0.004354558731894444,Non-Switch
17292.0,0.00435460239936439,Non-Switch
17293.0,0.004354580229725802,Non-Switch
17294.0,0.004354555372858294,Non-Switch
17295.0,0.004354558395990829,Non-Switch
17296.0,0.004354514728520884,Non-Switch
17297.0,0.004354475091894318,Non-Switch
17298.0,0.004354475091894318,Non-Switch
17299.0,0.004354499276954595,Non-Switch
173.0,0.004363087996485672,Non-Switch
1730.0,0.004361046710217521,Non-Switch
17300.0,0.004354489199846146,Non-Switch
17301.0,0.004354508010448584,Non-Switch
17302.0,0.004354476099605162,Non-Switch
17303.0,0.004354470389243708,Non-Switch
17304.0,0.004354422019123153,Non-Switch
17305.0,0.004354433775749677,Non-Switch
17306.0,0.004354427393580992,Non-Switch
17307.0,0.004354425714062918,Non-Switch
17308.0,0.004354467030207558,Non-Switch
17309.0,0.004354428065388222,Non-Switch
1731.0,0.004360475674072078,Non-Switch
17310.0,0.004354505995026894,Non-Switch
17311.0,0.004354499948761825,Non-Switch
17312.0,0.004354492894785911,Non-Switch
17313.0,0.004354586275990871,Non-Switch
17314.0,0.004354578550207727,Non-Switch
17315.0,0.004354705857677799,Non-Switch
17316.0,0.004354737768521221,Non-Switch
17317.0,0.004354774046111638,Non-Switch
17318.0,0.004354808980087594,Non-Switch
17319.0,0.004354832157437026,Non-Switch
1732.0,0.004359376933347522,Non-Switch
17320.0,0.004354831485629797,Non-Switch
17321.0,0.0043548170417743535,Non-Switch
17322.0,0.004354909751172084,Non-Switch
17323.0,0.0043548996740636345,Non-Switch
17324.0,0.0043548418986418605,Non-Switch
17325.0,0.0043549705497263926,Non-Switch
17326.0,0.0043548996740636345,Non-Switch
17327.0,0.004354815026352664,Non-Switch
17328.0,0.004354808644183979,Non-Switch
17329.0,0.004354966854786628,Non-Switch
1733.0,0.004359055809491614,Non-Switch
17330.0,0.004355487505389826,Non-Switch
17331.0,0.004354832493340641,Non-Switch
17332.0,0.004354672267316302,Non-Switch
17333.0,0.004355033699606006,Non-Switch
17334.0,0.004354792184906846,Non-Switch
17335.0,0.00435519627695565,Non-Switch
17336.0,0.004354638005147576,Non-Switch
17337.0,0.004354915125629923,Non-Switch
17338.0,0.004354884558400962,Non-Switch
17339.0,0.004355009178642114,Non-Switch
1734.0,0.004362018479375619,Non-Switch
17340.0,0.004356708515030229,Non-Switch
17341.0,0.004356193238884871,Non-Switch
17342.0,0.004355173099606218,Non-Switch
17343.0,0.004355230875027992,Non-Switch
17344.0,0.004355225500570152,Non-Switch
17345.0,0.004354980962738457,Non-Switch
17346.0,0.004354972565148082,Non-Switch
17347.0,0.004354675290448837,Non-Switch
17348.0,0.004354774382015252,Non-Switch
17349.0,0.004354696788280195,Non-Switch
1735.0,0.004359832082745802,Non-Switch
17350.0,0.004354982978160147,Non-Switch
17351.0,0.004355312835510043,Non-Switch
17352.0,0.004355943998402566,Non-Switch
17353.0,0.004355332989726942,Non-Switch
17354.0,0.0043571737415369575,Non-Switch
17355.0,0.004356357495752589,Non-Switch
17356.0,0.004355762946354098,Non-Switch
17357.0,0.004355161678883309,Non-Switch
17358.0,0.004354919156473303,Non-Switch
17359.0,0.0043548304779189514,Non-Switch
1736.0,0.004359977864914697,Non-Switch
17360.0,0.004355082405630177,Non-Switch
17361.0,0.004354844585870781,Non-Switch
17362.0,0.0043550135453891085,Non-Switch
17363.0,0.004354894971413025,Non-Switch
17364.0,0.00435469846779827,Non-Switch
17365.0,0.004354708544906719,Non-Switch
17366.0,0.004354761617677884,Non-Switch
17367.0,0.004354706193581415,Non-Switch
17368.0,0.0043547031704488795,Non-Switch
17369.0,0.004354689398400666,Non-Switch
1737.0,0.0043595650393719034,Non-Switch
17370.0,0.0043546453950271055,Non-Switch
17371.0,0.0043546883906898206,Non-Switch
17372.0,0.004354622217677673,Non-Switch
17373.0,0.004354584260569182,Non-Switch
17374.0,0.004354586611894486,Non-Switch
17375.0,0.004354603407075234,Non-Switch
17376.0,0.004354613148280068,Non-Switch
17377.0,0.00435459702490655,Non-Switch
17378.0,0.004354592322255941,Non-Switch
17379.0,0.004354605086593309,Non-Switch
1738.0,0.004359834098167491,Non-Switch
17380.0,0.004354595345388475,Non-Switch
17381.0,0.004354573847557118,Non-Switch
17382.0,0.004354557388279984,Non-Switch
17383.0,0.004354576534786037,Non-Switch
17384.0,0.004354572168039043,Non-Switch
17385.0,0.004354592322255941,Non-Switch
17386.0,0.004354625240810208,Non-Switch
17387.0,0.004354575191171577,Non-Switch
17388.0,0.004354583924665567,Non-Switch
17389.0,0.004354619530448753,Non-Switch
1739.0,0.0043614675974470735,Non-Switch
17390.0,0.004354541264906466,Non-Switch
17391.0,0.004354530851894402,Non-Switch
17392.0,0.004354548654785995,Non-Switch
17393.0,0.0043545463034606905,Non-Switch
17394.0,0.004354520438882338,Non-Switch
17395.0,0.004354584260569182,Non-Switch
17396.0,0.004355205346353254,Non-Switch
17397.0,0.004354785466834547,Non-Switch
17398.0,0.004354764640810418,Non-Switch
17399.0,0.004355859686595209,Non-Switch
174.0,0.004361603638411135,Non-Switch
1740.0,0.0043606886369639665,Non-Switch
17400.0,0.004356261427318708,Non-Switch
17401.0,0.004355446189245185,Non-Switch
17402.0,0.004355005819605964,Non-Switch
17403.0,0.004354826447075572,Non-Switch
17404.0,0.004355189894786966,Non-Switch
17405.0,0.004355153281292935,Non-Switch
17406.0,0.004354967526593858,Non-Switch
17407.0,0.0043548731376780525,Non-Switch
17408.0,0.004354568137195663,Non-Switch
17409.0,0.004354584596472796,Non-Switch
1741.0,0.004361395378169855,Non-Switch
17410.0,0.004354944349244425,Non-Switch
17411.0,0.0043597548249143595,Non-Switch
17412.0,0.004357190536717706,Non-Switch
17413.0,0.004357294666838345,Non-Switch
17414.0,0.004355677626835897,Non-Switch
17415.0,0.0043550894596060905,Non-Switch
17416.0,0.004354606430207769,Non-Switch
17417.0,0.004354570488520968,Non-Switch
17418.0,0.004354553357436604,Non-Switch
17419.0,0.0043545348827377815,Non-Switch
1742.0,0.0043569607786450686,Non-Switch
17420.0,0.0043546040788824646,Non-Switch
17421.0,0.004354542944424541,Non-Switch
17422.0,0.004354602063460775,Non-Switch
17423.0,0.00435454966249684,Non-Switch
17424.0,0.004354582916954721,Non-Switch
17425.0,0.004354522118400412,Non-Switch
17426.0,0.004354581573340261,Non-Switch
17427.0,0.004354586611894486,Non-Switch
17428.0,0.004354608445629459,Non-Switch
17429.0,0.004354583924665567,Non-Switch
1743.0,0.004356907034066674,Non-Switch
17430.0,0.004354541264906466,Non-Switch
17431.0,0.0043545416008100805,Non-Switch
17432.0,0.004354548654785995,Non-Switch
17433.0,0.004354616171412603,Non-Switch
17434.0,0.004354606094304154,Non-Switch
17435.0,0.004354563434545053,Non-Switch
17436.0,0.004354563434545053,Non-Switch
17437.0,0.004354612140569224,Non-Switch
17438.0,0.00435484592948524,Non-Switch
17439.0,0.004354860709244299,Non-Switch
1744.0,0.004355866404667509,Non-Switch
17440.0,0.004354929233581752,Non-Switch
17441.0,0.0043548418986418605,Non-Switch
17442.0,0.004354767663942953,Non-Switch
17443.0,0.004354743814786291,Non-Switch
17444.0,0.004354621545870443,Non-Switch
17445.0,0.00435459836852101,Non-Switch
17446.0,0.004354579222014957,Non-Switch
17447.0,0.004354584260569182,Non-Switch
17448.0,0.00435460239936439,Non-Switch
17449.0,0.004354712575750099,Non-Switch
1745.0,0.004355385390690876,Non-Switch
17450.0,0.004354718957918783,Non-Switch
17451.0,0.0043547512046658195,Non-Switch
17452.0,0.004354797559364685,Non-Switch
17453.0,0.004354979619123997,Non-Switch
17454.0,0.00435485130394308,Non-Switch
17455.0,0.0043549557699673344,Non-Switch
17456.0,0.004354868435027443,Non-Switch
17457.0,0.004354871794063592,Non-Switch
17458.0,0.004354862052858758,Non-Switch
17459.0,0.004354855670690074,Non-Switch
1746.0,0.004355190902497811,Non-Switch
17460.0,0.004354793528521306,Non-Switch
17461.0,0.004354788489967081,Non-Switch
17462.0,0.00435474918924413,Non-Switch
17463.0,0.00435474515840075,Non-Switch
17464.0,0.004354740791653756,Non-Switch
17465.0,0.004354831149726182,Non-Switch
17466.0,0.004354794200328535,Non-Switch
17467.0,0.00435474986105136,Non-Switch
17468.0,0.004354735417195916,Non-Switch
17469.0,0.004354904376714245,Non-Switch
1747.0,0.004355018919846948,Non-Switch
17470.0,0.00435474986105136,Non-Switch
17471.0,0.0043545876196053315,Non-Switch
17472.0,0.004354709552617564,Non-Switch
17473.0,0.004354741799364601,Non-Switch
17474.0,0.004354575862978808,Non-Switch
17475.0,0.0043547297068344615,Non-Switch
17476.0,0.004354770687075488,Non-Switch
17477.0,0.004354604414786079,Non-Switch
17478.0,0.004354745830207981,Non-Switch
17479.0,0.0043547757256297125,Non-Switch
1748.0,0.004355967847559228,Non-Switch
17480.0,0.004354873473581667,Non-Switch
17481.0,0.004354801590208065,Non-Switch
17482.0,0.004354805621051444,Non-Switch
17483.0,0.004354969542015548,Non-Switch
17484.0,0.004354858022015379,Non-Switch
17485.0,0.004354787818159851,Non-Switch
17486.0,0.004354933264425131,Non-Switch
17487.0,0.004354786474545391,Non-Switch
17488.0,0.004354744150689906,Non-Switch
17489.0,0.0043546074379186145,Non-Switch
1749.0,0.004355651762257545,Non-Switch
17490.0,0.0043544952461112155,Non-Switch
17491.0,0.004354571496231812,Non-Switch
17492.0,0.004354544623942616,Non-Switch
17493.0,0.0043544754277979325,Non-Switch
17494.0,0.004354475091894318,Non-Switch
17495.0,0.004354485504906381,Non-Switch
17496.0,0.004354492894785911,Non-Switch
17497.0,0.004354461319846104,Non-Switch
17498.0,0.004354466022496713,Non-Switch
17499.0,0.004354477779123237,Non-Switch
175.0,0.004361361787808359,Non-Switch
1750.0,0.004355143540088101,Non-Switch
17500.0,0.004354589299123406,Non-Switch
17501.0,0.004354473412376243,Non-Switch
17502.0,0.004354810995509284,Non-Switch
17503.0,0.004354721981051317,Non-Switch
17504.0,0.00435505083069037,Non-Switch
17505.0,0.004355355831172759,Non-Switch
17506.0,0.004356114973342583,Non-Switch
17507.0,0.004359073612383207,Non-Switch
17508.0,0.004369699587339055,Non-Switch
17509.0,0.0043962554553310705,Non-Switch
1751.0,0.0043551240576784325,Non-Switch
17510.0,0.004425364190796832,Non-Switch
17511.0,0.004406040327635043,Non-Switch
17512.0,0.004403445136305812,Non-Switch
17513.0,0.004419185579703139,Non-Switch
17514.0,0.004418441889099603,Non-Switch
17515.0,0.004472950984121894,Non-Switch
17516.0,0.004533283304213244,Non-Switch
17517.0,0.004663567888024966,Non-Switch
17518.0,0.00461275339686369,Non-Switch
17519.0,0.004597098272984565,Non-Switch
1752.0,0.0043552328904496816,Non-Switch
17520.0,0.004672463623460121,Non-Switch
17521.0,0.00473730175464263,Non-Switch
17522.0,0.004603320215644587,Non-Switch
17523.0,0.004628913047972494,Non-Switch
17524.0,0.00468257902492122,Non-Switch
17525.0,0.004602474074438487,Non-Switch
17526.0,0.004571767445476332,Non-Switch
17527.0,0.004462734139769076,Non-Switch
17528.0,0.0044273728944143305,Non-Switch
17529.0,0.004411406723787746,Non-Switch
1753.0,0.0043554572740644795,Non-Switch
17530.0,0.0043857927295320965,Non-Switch
17531.0,0.004367297204684816,Non-Switch
17532.0,0.004368610587819334,Non-Switch
17533.0,0.0043873983488116365,Non-Switch
17534.0,0.004367965988782214,Non-Switch
17535.0,0.004361916364676669,Non-Switch
17536.0,0.004359622478890063,Non-Switch
17537.0,0.004357715218164283,Non-Switch
17538.0,0.004357907690935659,Non-Switch
17539.0,0.004357169374789963,Non-Switch
1754.0,0.004355240280329211,Non-Switch
17540.0,0.004355710545390164,Non-Switch
17541.0,0.004355189222979736,Non-Switch
17542.0,0.004354787146352621,Non-Switch
17543.0,0.004354610125147534,Non-Switch
17544.0,0.00435450095647267,Non-Switch
17545.0,0.004354479122737697,Non-Switch
17546.0,0.004354458296713569,Non-Switch
17547.0,0.004354474420087087,Non-Switch
17548.0,0.004354502300087129,Non-Switch
17549.0,0.004354514392617268,Non-Switch
1755.0,0.004355264465389488,Non-Switch
17550.0,0.004354557052376369,Non-Switch
17551.0,0.004354491215267836,Non-Switch
17552.0,0.004354523126111258,Non-Switch
17553.0,0.004354485504906381,Non-Switch
17554.0,0.004354487184424456,Non-Switch
17555.0,0.00435449222297868,Non-Switch
17556.0,0.004354468037918403,Non-Switch
17557.0,0.004354564106352284,Non-Switch
17558.0,0.004354714255268174,Non-Switch
17559.0,0.004354518759364263,Non-Switch
1756.0,0.004355060907798819,Non-Switch
17560.0,0.004354552685629375,Non-Switch
17561.0,0.004354577542496882,Non-Switch
17562.0,0.00435459635309932,Non-Switch
17563.0,0.00435474515840075,Non-Switch
17564.0,0.004354543952135385,Non-Switch
17565.0,0.004354537905870316,Non-Switch
17566.0,0.004354613148280068,Non-Switch
17567.0,0.004354537234063086,Non-Switch
17568.0,0.004354804613340599,Non-Switch
17569.0,0.004354488863942531,Non-Switch
1757.0,0.004355035715027696,Non-Switch
17570.0,0.0043546040788824646,Non-Switch
17571.0,0.004354712911653714,Non-Switch
17572.0,0.004354512377195578,Non-Switch
17573.0,0.004354535890448626,Non-Switch
17574.0,0.00435454764707515,Non-Switch
17575.0,0.0043545943376776305,Non-Switch
17576.0,0.004354409926593014,Non-Switch
17577.0,0.004354492894785911,Non-Switch
17578.0,0.0043544028726170995,Non-Switch
17579.0,0.0043544210114123075,Non-Switch
1758.0,0.004354890940569646,Non-Switch
17580.0,0.004354362900086919,Non-Switch
17581.0,0.0043545795579185715,Non-Switch
17582.0,0.004354399177677335,Non-Switch
17583.0,0.0043543649155086085,Non-Switch
17584.0,0.004354594673581245,Non-Switch
17585.0,0.004354387421050811,Non-Switch
17586.0,0.004354422355026768,Non-Switch
17587.0,0.00435489329189495,Non-Switch
17588.0,0.004354515736231728,Non-Switch
17589.0,0.004354994398883055,Non-Switch
1759.0,0.004355277229726857,Non-Switch
17590.0,0.004354376672135132,Non-Switch
17591.0,0.00435439951358095,Non-Switch
17592.0,0.004354371969484522,Non-Switch
17593.0,0.004354341402255561,Non-Switch
17594.0,0.004354335691894106,Non-Switch
17595.0,0.004354336363701336,Non-Switch
17596.0,0.004354339050930256,Non-Switch
17597.0,0.004354337371412181,Non-Switch
17598.0,0.004354333340568802,Non-Switch
17599.0,0.004354332668761571,Non-Switch
176.0,0.00436455354395777,Non-Switch
1760.0,0.004355172427798987,Non-Switch
17600.0,0.004354333340568802,Non-Switch
17601.0,0.004354332668761571,Non-Switch
17602.0,0.004354332668761571,Non-Switch
17603.0,0.004354332668761571,Non-Switch
17604.0,0.004354332668761571,Non-Switch
17605.0,0.004354332668761571,Non-Switch
17606.0,0.004354332668761571,Non-Switch
17607.0,0.004354332668761571,Non-Switch
17608.0,0.004354333340568802,Non-Switch
17609.0,0.004354332668761571,Non-Switch
1761.0,0.004356410232620139,Non-Switch
17610.0,0.004354333340568802,Non-Switch
17611.0,0.004354332668761571,Non-Switch
17612.0,0.004354332668761571,Non-Switch
17613.0,0.004354332668761571,Non-Switch
17614.0,0.004354332668761571,Non-Switch
17615.0,0.004354332668761571,Non-Switch
17616.0,0.004354332668761571,Non-Switch
17617.0,0.004354332668761571,Non-Switch
17618.0,0.004354332668761571,Non-Switch
17619.0,0.004354332668761571,Non-Switch
1762.0,0.0043562842687645265,Non-Switch
17620.0,0.004354332668761571,Non-Switch
17621.0,0.004354332668761571,Non-Switch
17622.0,0.004354332668761571,Non-Switch
17623.0,0.004354332668761571,Non-Switch
17624.0,0.004354332668761571,Non-Switch
17625.0,0.004354332668761571,Non-Switch
17626.0,0.004354332668761571,Non-Switch
17627.0,0.004354332668761571,Non-Switch
17628.0,0.004354332668761571,Non-Switch
17629.0,0.004354332668761571,Non-Switch
1763.0,0.004356267473583779,Non-Switch
17630.0,0.004354332668761571,Non-Switch
17631.0,0.004354332668761571,Non-Switch
17632.0,0.004354332668761571,Non-Switch
17633.0,0.004354332668761571,Non-Switch
17634.0,0.004354332668761571,Non-Switch
17635.0,0.004354332668761571,Non-Switch
17636.0,0.004354332668761571,Non-Switch
17637.0,0.004354332668761571,Non-Switch
17638.0,0.004354332668761571,Non-Switch
17639.0,0.004354332668761571,Non-Switch
1764.0,0.004356073321294327,Non-Switch
17640.0,0.004354332668761571,Non-Switch
17641.0,0.004354332668761571,Non-Switch
17642.0,0.004354332668761571,Non-Switch
17643.0,0.004354332668761571,Non-Switch
17644.0,0.004354332668761571,Non-Switch
17645.0,0.004354332668761571,Non-Switch
17646.0,0.004354332668761571,Non-Switch
17647.0,0.004354332668761571,Non-Switch
17648.0,0.004354332668761571,Non-Switch
17649.0,0.004354332668761571,Non-Switch
1765.0,0.004356425348282812,Non-Switch
17650.0,0.004354332668761571,Non-Switch
17651.0,0.004354332668761571,Non-Switch
17652.0,0.004354332668761571,Non-Switch
17653.0,0.004354332668761571,Non-Switch
17654.0,0.004354332668761571,Non-Switch
17655.0,0.004354333340568802,Non-Switch
17656.0,0.004354332668761571,Non-Switch
17657.0,0.004354333340568802,Non-Switch
17658.0,0.004354333340568802,Non-Switch
17659.0,0.004354333340568802,Non-Switch
1766.0,0.004355657808522614,Non-Switch
17660.0,0.004354334348279646,Non-Switch
17661.0,0.004354334348279646,Non-Switch
17662.0,0.004354336363701336,Non-Switch
17663.0,0.004354339050930256,Non-Switch
17664.0,0.004354332668761571,Non-Switch
17665.0,0.004354335691894106,Non-Switch
17666.0,0.004354338043219411,Non-Switch
17667.0,0.004354335691894106,Non-Switch
17668.0,0.004354336363701336,Non-Switch
17669.0,0.004354333340568802,Non-Switch
1767.0,0.004355748502498655,Non-Switch
17670.0,0.004354333340568802,Non-Switch
17671.0,0.004354334348279646,Non-Switch
17672.0,0.004354334348279646,Non-Switch
17673.0,0.004354334348279646,Non-Switch
17674.0,0.004354335691894106,Non-Switch
17675.0,0.004354335691894106,Non-Switch
17676.0,0.004354335691894106,Non-Switch
17677.0,0.004354338043219411,Non-Switch
17678.0,0.004354338043219411,Non-Switch
17679.0,0.004354334348279646,Non-Switch
1768.0,0.004355957770450779,Non-Switch
17680.0,0.004354338043219411,Non-Switch
17681.0,0.004354338043219411,Non-Switch
17682.0,0.004354337371412181,Non-Switch
17683.0,0.004354339050930256,Non-Switch
17684.0,0.00435434610490617,Non-Switch
17685.0,0.0043543534947856994,Non-Switch
17686.0,0.004354337371412181,Non-Switch
17687.0,0.004354342409966405,Non-Switch
17688.0,0.004354337371412181,Non-Switch
17689.0,0.004354335691894106,Non-Switch
1769.0,0.0043563370056320765,Non-Switch
17690.0,0.004354335020086877,Non-Switch
17691.0,0.004354334348279646,Non-Switch
17692.0,0.004354333340568802,Non-Switch
17693.0,0.004354333340568802,Non-Switch
17694.0,0.004354333340568802,Non-Switch
17695.0,0.004354333340568802,Non-Switch
17696.0,0.004354334348279646,Non-Switch
17697.0,0.004354334348279646,Non-Switch
17698.0,0.004354334348279646,Non-Switch
17699.0,0.004354334348279646,Non-Switch
177.0,0.004373547027344881,Non-Switch
1770.0,0.004355878497197647,Non-Switch
17700.0,0.004354334348279646,Non-Switch
17701.0,0.004354334348279646,Non-Switch
17702.0,0.004354334348279646,Non-Switch
17703.0,0.004354334348279646,Non-Switch
17704.0,0.004354334348279646,Non-Switch
17705.0,0.004354335691894106,Non-Switch
17706.0,0.004354335020086877,Non-Switch
17707.0,0.004354335020086877,Non-Switch
17708.0,0.004354334348279646,Non-Switch
17709.0,0.004354332668761571,Non-Switch
1771.0,0.004355737417679361,Non-Switch
17710.0,0.004354336363701336,Non-Switch
17711.0,0.004354334348279646,Non-Switch
17712.0,0.004354335020086877,Non-Switch
17713.0,0.004354337371412181,Non-Switch
17714.0,0.004354367938641143,Non-Switch
17715.0,0.004354347112617015,Non-Switch
17716.0,0.004354355510207389,Non-Switch
17717.0,0.004354393803219495,Non-Switch
17718.0,0.0043543632359905335,Non-Switch
17719.0,0.004354385741532736,Non-Switch
1772.0,0.004356177451414967,Non-Switch
17720.0,0.004354409926593014,Non-Switch
17721.0,0.004354426721773762,Non-Switch
17722.0,0.004355122042256743,Non-Switch
17723.0,0.0043545133849064235,Non-Switch
17724.0,0.0043546917497259705,Non-Switch
17725.0,0.004354464678882253,Non-Switch
17726.0,0.004354563434545053,Non-Switch
17727.0,0.004354539249484776,Non-Switch
17728.0,0.004354591650448711,Non-Switch
17729.0,0.004354696788280195,Non-Switch
1773.0,0.0043556272412936525,Non-Switch
17730.0,0.0043545463034606905,Non-Switch
17731.0,0.0043544986051473646,Non-Switch
17732.0,0.004354757922738119,Non-Switch
17733.0,0.004354469717436478,Non-Switch
17734.0,0.004354557388279984,Non-Switch
17735.0,0.004354426721773762,Non-Switch
17736.0,0.004355384047076416,Non-Switch
17737.0,0.00435524767020874,Non-Switch
17738.0,0.004354903369003399,Non-Switch
17739.0,0.004355041425389151,Non-Switch
1774.0,0.004355694757920261,Non-Switch
17740.0,0.004354896986834715,Non-Switch
17741.0,0.00435495207502757,Non-Switch
17742.0,0.004354694772858506,Non-Switch
17743.0,0.0043545812374366465,Non-Switch
17744.0,0.004354733737677841,Non-Switch
17745.0,0.0043544341116532916,Non-Switch
17746.0,0.00435440085719541,Non-Switch
17747.0,0.004354362228279688,Non-Switch
17748.0,0.004354377679845977,Non-Switch
17749.0,0.004354351143460395,Non-Switch
1775.0,0.004356433409969571,Non-Switch
17750.0,0.0043543484562314745,Non-Switch
17751.0,0.004354363907797763,Non-Switch
17752.0,0.004354365587315838,Non-Switch
17753.0,0.004354365587315838,Non-Switch
17754.0,0.004354422355026768,Non-Switch
17755.0,0.004354464678882253,Non-Switch
17756.0,0.004354419667797848,Non-Switch
17757.0,0.004354483153581077,Non-Switch
17758.0,0.004354689398400666,Non-Switch
17759.0,0.004354710560328409,Non-Switch
1776.0,0.004356977573825817,Non-Switch
17760.0,0.004354532531412477,Non-Switch
17761.0,0.004354422355026768,Non-Switch
17762.0,0.004354468037918403,Non-Switch
17763.0,0.004354362228279688,Non-Switch
17764.0,0.004354366930930298,Non-Switch
17765.0,0.0043543484562314745,Non-Switch
17766.0,0.004354351143460395,Non-Switch
17767.0,0.00435434543309894,Non-Switch
17768.0,0.004354352487074855,Non-Switch
17769.0,0.004354340730448331,Non-Switch
1777.0,0.004356967496717368,Non-Switch
17770.0,0.004354332668761571,Non-Switch
17771.0,0.004354332668761571,Non-Switch
17772.0,0.004354332668761571,Non-Switch
17773.0,0.004354332668761571,Non-Switch
17774.0,0.004354333340568802,Non-Switch
17775.0,0.004354333340568802,Non-Switch
17776.0,0.004354332668761571,Non-Switch
17777.0,0.004354332668761571,Non-Switch
17778.0,0.004354332668761571,Non-Switch
17779.0,0.004354332668761571,Non-Switch
1778.0,0.004358835792623811,Non-Switch
17780.0,0.004354332668761571,Non-Switch
17781.0,0.004354332668761571,Non-Switch
17782.0,0.004354332668761571,Non-Switch
17783.0,0.004354336363701336,Non-Switch
17784.0,0.004354335020086877,Non-Switch
17785.0,0.004354337371412181,Non-Switch
17786.0,0.004354339050930256,Non-Switch
17787.0,0.004354337371412181,Non-Switch
17788.0,0.004354337371412181,Non-Switch
17789.0,0.004354335691894106,Non-Switch
1779.0,0.0043595583212996045,Non-Switch
17790.0,0.004354337371412181,Non-Switch
17791.0,0.004354338043219411,Non-Switch
17792.0,0.004354337371412181,Non-Switch
17793.0,0.004354337371412181,Non-Switch
17794.0,0.004354337371412181,Non-Switch
17795.0,0.004354335691894106,Non-Switch
17796.0,0.004354339050930256,Non-Switch
17797.0,0.004354336363701336,Non-Switch
17798.0,0.004354337371412181,Non-Switch
17799.0,0.004354335691894106,Non-Switch
178.0,0.004359938228288131,Non-Switch
1780.0,0.004366384218659337,Non-Switch
17800.0,0.004354338043219411,Non-Switch
17801.0,0.004354334348279646,Non-Switch
17802.0,0.004354334348279646,Non-Switch
17803.0,0.004354341066351946,Non-Switch
17804.0,0.004354379359364052,Non-Switch
17805.0,0.004354349128038705,Non-Switch
17806.0,0.0043543484562314745,Non-Switch
17807.0,0.0043543914518941905,Non-Switch
17808.0,0.004354426049966532,Non-Switch
17809.0,0.00435444284514728,Non-Switch
1781.0,0.0043646247555241425,Non-Switch
17810.0,0.004354426721773762,Non-Switch
17811.0,0.004354396490448415,Non-Switch
17812.0,0.004354397834062875,Non-Switch
17813.0,0.004354366930930298,Non-Switch
17814.0,0.0043543649155086085,Non-Switch
17815.0,0.004354369618159218,Non-Switch
17816.0,0.004354358533339924,Non-Switch
17817.0,0.0043543501357495495,Non-Switch
17818.0,0.004354343753580865,Non-Switch
17819.0,0.004354349128038705,Non-Switch
1782.0,0.004370794969027461,Non-Switch
17820.0,0.004354343081773636,Non-Switch
17821.0,0.004354340730448331,Non-Switch
17822.0,0.004354335691894106,Non-Switch
17823.0,0.004354336363701336,Non-Switch
17824.0,0.004354335691894106,Non-Switch
17825.0,0.004354334348279646,Non-Switch
17826.0,0.004354335691894106,Non-Switch
17827.0,0.004354334348279646,Non-Switch
17828.0,0.004354334348279646,Non-Switch
17829.0,0.004354337371412181,Non-Switch
1783.0,0.004370197060592821,Non-Switch
17830.0,0.004354337371412181,Non-Switch
17831.0,0.004354338043219411,Non-Switch
17832.0,0.004354334348279646,Non-Switch
17833.0,0.004354339050930256,Non-Switch
17834.0,0.004354341066351946,Non-Switch
17835.0,0.004354340730448331,Non-Switch
17836.0,0.004354342409966405,Non-Switch
17837.0,0.004354343753580865,Non-Switch
17838.0,0.00435434543309894,Non-Switch
17839.0,0.004354339050930256,Non-Switch
1784.0,0.004373992099634711,Non-Switch
17840.0,0.004354339050930256,Non-Switch
17841.0,0.004354338043219411,Non-Switch
17842.0,0.004354339050930256,Non-Switch
17843.0,0.004354338043219411,Non-Switch
17844.0,0.004354333340568802,Non-Switch
17845.0,0.004354333340568802,Non-Switch
17846.0,0.004354335691894106,Non-Switch
17847.0,0.004354334348279646,Non-Switch
17848.0,0.004354333340568802,Non-Switch
17849.0,0.004354333340568802,Non-Switch
1785.0,0.004362644603713915,Non-Switch
17850.0,0.004354334348279646,Non-Switch
17851.0,0.004354337371412181,Non-Switch
17852.0,0.004354334348279646,Non-Switch
17853.0,0.004354336363701336,Non-Switch
17854.0,0.004354339722737486,Non-Switch
17855.0,0.004354338043219411,Non-Switch
17856.0,0.004354334348279646,Non-Switch
17857.0,0.004354338043219411,Non-Switch
17858.0,0.004354339050930256,Non-Switch
17859.0,0.004354338043219411,Non-Switch
1786.0,0.004359335281299267,Non-Switch
17860.0,0.004354334348279646,Non-Switch
17861.0,0.004354335691894106,Non-Switch
17862.0,0.004354338043219411,Non-Switch
17863.0,0.004354334348279646,Non-Switch
17864.0,0.004354333340568802,Non-Switch
17865.0,0.004354333340568802,Non-Switch
17866.0,0.004354332668761571,Non-Switch
17867.0,0.004354332668761571,Non-Switch
17868.0,0.004354332668761571,Non-Switch
17869.0,0.004354332668761571,Non-Switch
1787.0,0.004363387286606606,Non-Switch
17870.0,0.004354332668761571,Non-Switch
17871.0,0.004354332668761571,Non-Switch
17872.0,0.004354332668761571,Non-Switch
17873.0,0.004354332668761571,Non-Switch
17874.0,0.004354332668761571,Non-Switch
17875.0,0.004354332668761571,Non-Switch
17876.0,0.004354332668761571,Non-Switch
17877.0,0.004354332668761571,Non-Switch
17878.0,0.004354332668761571,Non-Switch
17879.0,0.004354332668761571,Non-Switch
1788.0,0.0043618538866042845,Non-Switch
17880.0,0.004354332668761571,Non-Switch
17881.0,0.004354332668761571,Non-Switch
17882.0,0.004354332668761571,Non-Switch
17883.0,0.004354332668761571,Non-Switch
17884.0,0.004354332668761571,Non-Switch
17885.0,0.004354332668761571,Non-Switch
17886.0,0.004354332668761571,Non-Switch
17887.0,0.004354332668761571,Non-Switch
17888.0,0.004354332668761571,Non-Switch
17889.0,0.004354332668761571,Non-Switch
1789.0,0.004361386644675867,Non-Switch
17890.0,0.004354332668761571,Non-Switch
17891.0,0.004354332668761571,Non-Switch
17892.0,0.004354332668761571,Non-Switch
17893.0,0.004354332668761571,Non-Switch
17894.0,0.004354332668761571,Non-Switch
17895.0,0.004354332668761571,Non-Switch
17896.0,0.004354332668761571,Non-Switch
17897.0,0.004354332668761571,Non-Switch
17898.0,0.004354332668761571,Non-Switch
17899.0,0.004354332668761571,Non-Switch
179.0,0.004360884804675107,Non-Switch
1790.0,0.0043654876919109915,Non-Switch
17900.0,0.004354332668761571,Non-Switch
17901.0,0.004354334348279646,Non-Switch
17902.0,0.004354334348279646,Non-Switch
17903.0,0.004354334348279646,Non-Switch
17904.0,0.004354332668761571,Non-Switch
17905.0,0.004354332668761571,Non-Switch
17906.0,0.004354332668761571,Non-Switch
17907.0,0.004354334348279646,Non-Switch
17908.0,0.004354334348279646,Non-Switch
17909.0,0.004354335691894106,Non-Switch
1791.0,0.0043599493131074255,Non-Switch
17910.0,0.004354347784424245,Non-Switch
17911.0,0.004354381038882127,Non-Switch
17912.0,0.004354356853821849,Non-Switch
17913.0,0.004354336363701336,Non-Switch
17914.0,0.004354339722737486,Non-Switch
17915.0,0.004354332668761571,Non-Switch
17916.0,0.004354334348279646,Non-Switch
17917.0,0.004354333340568802,Non-Switch
17918.0,0.004354333340568802,Non-Switch
17919.0,0.004354332668761571,Non-Switch
1792.0,0.0043593866745523565,Non-Switch
17920.0,0.004354332668761571,Non-Switch
17921.0,0.004354332668761571,Non-Switch
17922.0,0.004354332668761571,Non-Switch
17923.0,0.004354332668761571,Non-Switch
17924.0,0.004354332668761571,Non-Switch
17925.0,0.004354332668761571,Non-Switch
17926.0,0.004354332668761571,Non-Switch
17927.0,0.004354332668761571,Non-Switch
17928.0,0.004354332668761571,Non-Switch
17929.0,0.004354332668761571,Non-Switch
1793.0,0.0043585284408161175,Non-Switch
17930.0,0.004354332668761571,Non-Switch
17931.0,0.004354332668761571,Non-Switch
17932.0,0.004354332668761571,Non-Switch
17933.0,0.004354332668761571,Non-Switch
17934.0,0.004354332668761571,Non-Switch
17935.0,0.004354332668761571,Non-Switch
17936.0,0.004354332668761571,Non-Switch
17937.0,0.004354332668761571,Non-Switch
17938.0,0.004354332668761571,Non-Switch
17939.0,0.004354332668761571,Non-Switch
1794.0,0.004359021883226503,Non-Switch
17940.0,0.004354332668761571,Non-Switch
17941.0,0.004354332668761571,Non-Switch
17942.0,0.004354332668761571,Non-Switch
17943.0,0.004354332668761571,Non-Switch
17944.0,0.004354332668761571,Non-Switch
17945.0,0.004354332668761571,Non-Switch
17946.0,0.004354332668761571,Non-Switch
17947.0,0.004354332668761571,Non-Switch
17948.0,0.004354332668761571,Non-Switch
17949.0,0.004354332668761571,Non-Switch
1795.0,0.004359166657684553,Non-Switch
17950.0,0.004354332668761571,Non-Switch
17951.0,0.004354332668761571,Non-Switch
17952.0,0.004354332668761571,Non-Switch
17953.0,0.004354332668761571,Non-Switch
17954.0,0.004354332668761571,Non-Switch
17955.0,0.004354332668761571,Non-Switch
17956.0,0.004354332668761571,Non-Switch
17957.0,0.004354332668761571,Non-Switch
17958.0,0.004354332668761571,Non-Switch
17959.0,0.004354332668761571,Non-Switch
1796.0,0.004359572765155048,Non-Switch
17960.0,0.004354332668761571,Non-Switch
17961.0,0.004354332668761571,Non-Switch
17962.0,0.004354332668761571,Non-Switch
17963.0,0.004354332668761571,Non-Switch
17964.0,0.004354332668761571,Non-Switch
17965.0,0.004354332668761571,Non-Switch
17966.0,0.004354332668761571,Non-Switch
17967.0,0.004354332668761571,Non-Switch
17968.0,0.004354332668761571,Non-Switch
17969.0,0.004354332668761571,Non-Switch
1797.0,0.004359702423950425,Non-Switch
17970.0,0.004354332668761571,Non-Switch
17971.0,0.004354332668761571,Non-Switch
17972.0,0.004354332668761571,Non-Switch
17973.0,0.004354332668761571,Non-Switch
17974.0,0.004354332668761571,Non-Switch
17975.0,0.004354333340568802,Non-Switch
17976.0,0.004354334348279646,Non-Switch
17977.0,0.004354335020086877,Non-Switch
17978.0,0.004354335020086877,Non-Switch
17979.0,0.004354332668761571,Non-Switch
1798.0,0.004358395758888205,Non-Switch
17980.0,0.004354334348279646,Non-Switch
17981.0,0.004354333340568802,Non-Switch
17982.0,0.004354337371412181,Non-Switch
17983.0,0.004354339722737486,Non-Switch
17984.0,0.004354347112617015,Non-Switch
17985.0,0.004354389100568886,Non-Switch
17986.0,0.004354401864906255,Non-Switch
17987.0,0.00435445023502681,Non-Switch
17988.0,0.00435494804418419,Non-Switch
17989.0,0.0043545876196053315,Non-Switch
1799.0,0.004358600660093335,Non-Switch
17990.0,0.004354713583460943,Non-Switch
17991.0,0.004354557052376369,Non-Switch
17992.0,0.004354439150207516,Non-Switch
17993.0,0.0043549228514130674,Non-Switch
17994.0,0.004354376000327902,Non-Switch
17995.0,0.004354454265870189,Non-Switch
17996.0,0.004354384397918277,Non-Switch
17997.0,0.004354376000327902,Non-Switch
17998.0,0.004354371297677293,Non-Switch
17999.0,0.004354370625870063,Non-Switch
18.0,0.004354456953099109,Non-Switch
180.0,0.004497232784640587,Non-Switch
1800.0,0.004358684635997077,Non-Switch
18000.0,0.004354362228279688,Non-Switch
18001.0,0.004354358869243539,Non-Switch
18002.0,0.004354355174303774,Non-Switch
18003.0,0.004354376672135132,Non-Switch
18004.0,0.004354381038882127,Non-Switch
18005.0,0.004354371297677293,Non-Switch
18006.0,0.004354401864906255,Non-Switch
18007.0,0.004354406567556864,Non-Switch
18008.0,0.004354358533339924,Non-Switch
18009.0,0.004354379359364052,Non-Switch
1801.0,0.004356981940572812,Non-Switch
18010.0,0.004354400521291795,Non-Switch
18011.0,0.004354369618159218,Non-Switch
18012.0,0.004354337371412181,Non-Switch
18013.0,0.004354393803219495,Non-Switch
18014.0,0.004354355174303774,Non-Switch
18015.0,0.004354413285629163,Non-Switch
18016.0,0.004354343081773636,Non-Switch
18017.0,0.004354339722737486,Non-Switch
18018.0,0.004354339722737486,Non-Switch
18019.0,0.004354341402255561,Non-Switch
1802.0,0.004358538182020951,Non-Switch
18020.0,0.00435434610490617,Non-Switch
18021.0,0.00435434408948448,Non-Switch
18022.0,0.004354340394544715,Non-Switch
18023.0,0.004354339722737486,Non-Switch
18024.0,0.00435434610490617,Non-Switch
18025.0,0.004354337371412181,Non-Switch
18026.0,0.004354336027797721,Non-Switch
18027.0,0.004354335020086877,Non-Switch
18028.0,0.004354335020086877,Non-Switch
18029.0,0.004354335691894106,Non-Switch
1803.0,0.0043579328837067815,Non-Switch
18030.0,0.0043543366996049515,Non-Switch
18031.0,0.004354338715026641,Non-Switch
18032.0,0.004354337371412181,Non-Switch
18033.0,0.004354338043219411,Non-Switch
18034.0,0.004354339722737486,Non-Switch
18035.0,0.004354338043219411,Non-Switch
18036.0,0.004354339722737486,Non-Switch
18037.0,0.00435434543309894,Non-Switch
18038.0,0.004354339722737486,Non-Switch
18039.0,0.004354343753580865,Non-Switch
1804.0,0.004356941632139016,Non-Switch
18040.0,0.004354347112617015,Non-Switch
18041.0,0.00435434543309894,Non-Switch
18042.0,0.004354352151171239,Non-Switch
18043.0,0.004354359205147154,Non-Switch
18044.0,0.0043543484562314745,Non-Switch
18045.0,0.004354356853821849,Non-Switch
18046.0,0.004354361220568844,Non-Switch
18047.0,0.0043543665950266834,Non-Switch
18048.0,0.004354407575267709,Non-Switch
18049.0,0.004354387756954426,Non-Switch
1805.0,0.004356164687077598,Non-Switch
18050.0,0.0043543830543038165,Non-Switch
18051.0,0.004354380367074897,Non-Switch
18052.0,0.004354374992617057,Non-Switch
18053.0,0.004354362900086919,Non-Switch
18054.0,0.004354355174303774,Non-Switch
18055.0,0.004354370289966448,Non-Switch
18056.0,0.004354403880327945,Non-Switch
18057.0,0.004354415636954468,Non-Switch
18058.0,0.004354757922738119,Non-Switch
18059.0,0.004354884894304576,Non-Switch
1806.0,0.004356765282741158,Non-Switch
18060.0,0.004371911176739994,Non-Switch
18061.0,0.0043586144321415485,Non-Switch
18062.0,0.004355818706354183,Non-Switch
18063.0,0.00435564605189609,Non-Switch
18064.0,0.0043562100340656185,Non-Switch
18065.0,0.0043559624731013885,Non-Switch
18066.0,0.004356820370934013,Non-Switch
18067.0,0.0043597514658782095,Non-Switch
18068.0,0.004357877795513927,Non-Switch
18069.0,0.0043569312191269515,Non-Switch
1807.0,0.00435664637286146,Non-Switch
18070.0,0.0043593668562390735,Non-Switch
18071.0,0.004359503569010365,Non-Switch
18072.0,0.0043584343878039266,Non-Switch
18073.0,0.0043581471902131306,Non-Switch
18074.0,0.004360461566120249,Non-Switch
18075.0,0.004361064849012729,Non-Switch
18076.0,0.004370984082762687,Non-Switch
18077.0,0.004366245826369971,Non-Switch
18078.0,0.004377080397470713,Non-Switch
18079.0,0.004381069252898439,Non-Switch
1808.0,0.004359402126118645,Non-Switch
18080.0,0.004410104089568907,Non-Switch
18081.0,0.0043704698143281736,Non-Switch
18082.0,0.004388544451945902,Non-Switch
18083.0,0.004385493775314777,Non-Switch
18084.0,0.004382687636515347,Non-Switch
18085.0,0.004390795342069792,Non-Switch
18086.0,0.004409709402821321,Non-Switch
18087.0,0.004401133447627614,Non-Switch
18088.0,0.0043874050668839355,Non-Switch
18089.0,0.004360901599855855,Non-Switch
1809.0,0.004365273721308258,Non-Switch
18090.0,0.004367129252877333,Non-Switch
18091.0,0.0043645602620300695,Non-Switch
18092.0,0.004372325009993633,Non-Switch
18093.0,0.004363240832630481,Non-Switch
18094.0,0.004387068827365354,Non-Switch
18095.0,0.004426748785497723,Non-Switch
18096.0,0.004359771620095108,Non-Switch
18097.0,0.004358698072141675,Non-Switch
18098.0,0.004358687323225996,Non-Switch
18099.0,0.004355469366594618,Non-Switch
181.0,0.009937232809262836,Non-Switch
1810.0,0.004363888118896522,Non-Switch
18100.0,0.004357075321777772,Non-Switch
18101.0,0.004355381359847497,Non-Switch
18102.0,0.004355443502016266,Non-Switch
18103.0,0.004355933249486886,Non-Switch
18104.0,0.004354631622978892,Non-Switch
18105.0,0.004354479794544927,Non-Switch
18106.0,0.004354438478400286,Non-Switch
18107.0,0.0043544112702074735,Non-Switch
18108.0,0.004354547311171535,Non-Switch
18109.0,0.004354537234063086,Non-Switch
1811.0,0.004361328197446862,Non-Switch
18110.0,0.004354563434545053,Non-Switch
18111.0,0.00435454899068961,Non-Switch
18112.0,0.0043545943376776305,Non-Switch
18113.0,0.0043544935665931405,Non-Switch
18114.0,0.004354507338641354,Non-Switch
18115.0,0.004354511369484734,Non-Switch
18116.0,0.004354716606593478,Non-Switch
18117.0,0.004354579222014957,Non-Switch
18118.0,0.0043546010557499295,Non-Switch
18119.0,0.00435473978394291,Non-Switch
1812.0,0.004364604601307245,Non-Switch
18120.0,0.004354923859123913,Non-Switch
18121.0,0.004354978275509537,Non-Switch
18122.0,0.0043551354784013415,Non-Switch
18123.0,0.00435504209719638,Non-Switch
18124.0,0.004355025302015632,Non-Switch
18125.0,0.004355034035509621,Non-Switch
18126.0,0.004355047807557835,Non-Switch
18127.0,0.004355162350690538,Non-Switch
18128.0,0.00435514622731702,Non-Switch
18129.0,0.004355064266834969,Non-Switch
1813.0,0.0043616573829895295,Non-Switch
18130.0,0.00435535112852215,Non-Switch
18131.0,0.004356485810933506,Non-Switch
18132.0,0.00435724159406718,Non-Switch
18133.0,0.004359702423950425,Non-Switch
18134.0,0.0043651890735972865,Non-Switch
18135.0,0.004369009641313914,Non-Switch
18136.0,0.0043670110148048644,Non-Switch
18137.0,0.004369536338182182,Non-Switch
18138.0,0.004365406067332555,Non-Switch
18139.0,0.004369153072157505,Non-Switch
1814.0,0.004362816922268394,Non-Switch
18140.0,0.004364363422511699,Non-Switch
18141.0,0.00436124690877204,Non-Switch
18142.0,0.004359341663467951,Non-Switch
18143.0,0.004359361481781234,Non-Switch
18144.0,0.004358324547321832,Non-Switch
18145.0,0.0043584001256352,Non-Switch
18146.0,0.0043562775506922275,Non-Switch
18147.0,0.004356037379607526,Non-Switch
18148.0,0.004356138486595631,Non-Switch
18149.0,0.00435554931165498,Non-Switch
1815.0,0.004361420906844593,Non-Switch
1816.0,0.004362420220099118,Non-Switch
1817.0,0.004366191745887961,Non-Switch
1818.0,0.004383210974347465,Non-Switch
1819.0,0.004397046844247932,Non-Switch
182.0,0.022409182204532162,Non-Switch
1820.0,0.007726945370735516,Non-Switch
1821.0,0.012548215639240223,Non-Switch
1822.0,0.019017813316505722,Non-Switch
1823.0,0.03064897984014057,Non-Switch
1824.0,0.03866941226095901,Non-Switch
1825.0,0.05818045704038021,Non-Switch
1826.0,0.14122369349189914,Non-Switch
1827.0,0.17622512964320808,Non-Switch
1828.0,0.1544934448758463,Non-Switch
1829.0,0.14226958448528995,Non-Switch
183.0,0.025237174893151377,Non-Switch
1830.0,0.09892552791460246,Non-Switch
1831.0,0.25638649043542383,Non-Switch
1832.0,0.08551094564079746,Non-Switch
1833.0,0.44948018367429304,Non-Switch
1834.0,0.7693515759272852,Non-Switch
1835.0,0.2761210266696412,Non-Switch
1836.0,0.4424065802399685,Non-Switch
1837.0,0.34728015983184113,Non-Switch
1838.0,0.24577739665164972,Non-Switch
1839.0,0.40505396926871406,Non-Switch
184.0,0.025469969534467705,Non-Switch
1840.0,0.2384706707340806,Non-Switch
1841.0,0.21923507766784753,Non-Switch
1842.0,0.2971504632778674,Non-Switch
1843.0,0.12077688036021772,Non-Switch
1844.0,0.011412451618243453,Non-Switch
1845.0,0.04202994788436045,Non-Switch
1846.0,0.004596392875393135,Non-Switch
1847.0,0.00477301166794971,Non-Switch
1848.0,0.004559888214133044,Non-Switch
1849.0,0.004864300865196365,Non-Switch
185.0,0.01699252009127055,Non-Switch
1850.0,0.005001888329501072,Non-Switch
1851.0,0.004650878457162379,Non-Switch
1852.0,0.004657026501027109,Non-Switch
1853.0,0.006374890324832947,Non-Switch
1854.0,0.004355678298643127,Non-Switch
1855.0,0.004355670236956368,Non-Switch
1856.0,0.004355738761293821,Non-Switch
1857.0,0.004355467015269313,Non-Switch
1858.0,0.004354983314063762,Non-Switch
1859.0,0.004354912438401004,Non-Switch
186.0,0.021948177334436565,Non-Switch
1860.0,0.004363787347812032,Non-Switch
1861.0,0.006062653806769828,Non-Switch
1862.0,0.008228573080410693,Non-Switch
1863.0,0.004428019172969526,Non-Switch
1864.0,0.004385078598446678,Non-Switch
1865.0,0.006606182805183147,Non-Switch
1866.0,0.0074761724961389525,Non-Switch
1867.0,0.006801076098008355,Non-Switch
1868.0,0.007668940190888654,Non-Switch
1869.0,0.010469838893924676,Non-Switch
187.0,0.022248479197059925,Non-Switch
1870.0,0.01897792274680677,Non-Switch
1871.0,0.02858909257340724,Non-Switch
1872.0,0.05094472771087037,Non-Switch
1873.0,0.3153639419521915,Non-Switch
1874.0,0.1721298250162845,Non-Switch
1875.0,0.45916676251883903,Non-Switch
1876.0,0.21690402481805302,Non-Switch
1877.0,0.29734968368106063,Non-Switch
1878.0,0.5915843745940313,Non-Switch
1879.0,0.5048813849533568,Non-Switch
188.0,0.021804299067230765,Non-Switch
1880.0,0.6416118919555612,Non-Switch
1881.0,0.4950423434888209,Non-Switch
1882.0,0.005605438265354666,Non-Switch
1883.0,0.0071022801977415175,Non-Switch
1884.0,0.005372013468856659,Non-Switch
1885.0,0.0046819817882938096,Non-Switch
1886.0,0.004635583421958498,Non-Switch
1887.0,0.004851936253129451,Non-Switch
1888.0,0.004768831683365068,Non-Switch
1889.0,0.0046111242643311024,Non-Switch
189.0,0.025388154162777565,Non-Switch
1890.0,0.004354604414786079,Non-Switch
1891.0,0.004354637333340346,Non-Switch
1892.0,0.00435474650201521,Non-Switch
1893.0,0.004354861045147914,Non-Switch
1894.0,0.004355099872618155,Non-Switch
1895.0,0.00435584759406507,Non-Switch
1896.0,0.004356454571897314,Non-Switch
1897.0,0.004356789467801436,Non-Switch
1898.0,0.004358262069249449,Non-Switch
1899.0,0.004359672528528692,Non-Switch
19.0,0.004354489871653376,Non-Switch
190.0,0.028891682611455752,Non-Switch
1900.0,0.004364567651909598,Non-Switch
1901.0,0.00437435588324972,Non-Switch
1902.0,0.004392076142553659,Non-Switch
1903.0,0.004387588806161322,Non-Switch
1904.0,0.004427763886222152,Non-Switch
1905.0,0.0046350332118371826,Non-Switch
1906.0,0.00613205955530865,Non-Switch
1907.0,0.006041231889628959,Non-Switch
1908.0,0.005411858019760361,Non-Switch
1909.0,0.00804042338855955,Non-Switch
191.0,0.026638629268285367,Non-Switch
1910.0,0.009408257170871553,Non-Switch
1911.0,0.008477449443197156,Non-Switch
1912.0,0.008846682758455007,Non-Switch
1913.0,0.00968908938816423,Non-Switch
1914.0,0.007256700463999421,Non-Switch
1915.0,0.007030943675223868,Non-Switch
1916.0,0.005859778100438557,Non-Switch
1917.0,0.0054437984227002885,Non-Switch
1918.0,0.006045989628431344,Non-Switch
1919.0,0.005326152548305293,Non-Switch
192.0,0.047137381160527354,Non-Switch
1920.0,0.005574860623380658,Non-Switch
1921.0,0.008000423986089349,Non-Switch
1922.0,0.006681552858309313,Non-Switch
1923.0,0.010290264821363627,Non-Switch
1924.0,0.009532398413469152,Non-Switch
1925.0,0.018648858129441063,Non-Switch
1926.0,0.015039971496506967,Non-Switch
1927.0,0.02261958551087483,Non-Switch
1928.0,0.013372846921452653,Non-Switch
1929.0,0.01746008717438813,Non-Switch
193.0,0.010293150905223418,Non-Switch
1930.0,0.011228369719169554,Non-Switch
1931.0,0.010380784799332009,Non-Switch
1932.0,0.01859835300550917,Non-Switch
1933.0,0.021883765800845063,Non-Switch
1934.0,0.03548106889227612,Non-Switch
1935.0,0.030437951753074066,Non-Switch
1936.0,0.04945684667921998,Non-Switch
1937.0,0.03374124940048523,Non-Switch
1938.0,0.04158270700079172,Non-Switch
1939.0,0.05404751508520686,Non-Switch
194.0,0.014454910703331969,Non-Switch
1940.0,0.04293344530452362,Non-Switch
1941.0,0.044453304360318815,Non-Switch
1942.0,0.06435327446852165,Non-Switch
1943.0,0.0311244930591738,Non-Switch
1944.0,0.043080439413661846,Non-Switch
1945.0,0.04665825361859709,Non-Switch
1946.0,0.04748585025792244,Non-Switch
1947.0,0.054957437669717106,Non-Switch
1948.0,0.036193192617691695,Non-Switch
1949.0,0.03121003293014669,Non-Switch
195.0,0.00692347735988043,Non-Switch
1950.0,0.06771790542879677,Non-Switch
1951.0,0.04243876139437703,Non-Switch
1952.0,0.037645338879167496,Non-Switch
1953.0,0.02474481812324927,Non-Switch
1954.0,0.020885665830177213,Non-Switch
1955.0,0.013176269407902001,Non-Switch
1956.0,0.01209655560771299,Non-Switch
1957.0,0.011960639599796357,Non-Switch
1958.0,0.011976161034036724,Non-Switch
1959.0,0.009974935974621128,Non-Switch
196.0,0.0075310174947762105,Non-Switch
1960.0,0.010624315591989895,Non-Switch
1961.0,0.007523849983440057,Non-Switch
1962.0,0.005556392642629804,Non-Switch
1963.0,0.006517979890350804,Non-Switch
1964.0,0.007237576799392153,Non-Switch
1965.0,0.005953411233110448,Non-Switch
1966.0,0.005221410075375618,Non-Switch
1967.0,0.004720861288111713,Non-Switch
1968.0,0.004832995991895955,Non-Switch
1969.0,0.004479533351360776,Non-Switch
197.0,0.009316371408804716,Non-Switch
1970.0,0.0044189252544015395,Non-Switch
1971.0,0.0044103338476415435,Non-Switch
1972.0,0.0043785348601235174,Non-Switch
1973.0,0.004380376283740764,Non-Switch
1974.0,0.00436929683890471,Non-Switch
1975.0,0.0043706367584248115,Non-Switch
1976.0,0.004373286030236052,Non-Switch
1977.0,0.004360804523711129,Non-Switch
1978.0,0.004359768932866188,Non-Switch
1979.0,0.004359769604673418,Non-Switch
198.0,0.0066578044727311865,Non-Switch
1980.0,0.004361210631181624,Non-Switch
1981.0,0.004460610557115258,Non-Switch
1982.0,0.00458043812548946,Non-Switch
1983.0,0.004409188080410893,Non-Switch
1984.0,0.004449886834207455,Non-Switch
1985.0,0.004432245848156649,Non-Switch
1986.0,0.004367221962275063,Non-Switch
1987.0,0.004417201732953147,Non-Switch
1988.0,0.004406047717514572,Non-Switch
1989.0,0.004371393213365716,Non-Switch
199.0,0.005645048355535122,Non-Switch
1990.0,0.004366823580587713,Non-Switch
1991.0,0.004364280118415187,Non-Switch
1992.0,0.004358829746358742,Non-Switch
1993.0,0.0043587991791297805,Non-Switch
1994.0,0.004357284589729896,Non-Switch
1995.0,0.0043575472663568,Non-Switch
1996.0,0.00435685127406659,Non-Switch
1997.0,0.004356774016235148,Non-Switch
1998.0,0.004365681844200442,Non-Switch
1999.0,0.004362033595038292,Non-Switch
2.0,0.5270662870014048,Non-Switch
20.0,0.004354481138159387,Non-Switch
200.0,0.010100437626859343,Non-Switch
2000.0,0.004361756810459559,Non-Switch
2001.0,0.004395919551716104,Non-Switch
2002.0,0.004372790572403976,Non-Switch
2003.0,0.0043799574119329,Non-Switch
2004.0,0.0045538762112323754,Non-Switch
2005.0,0.0044426148568470466,Non-Switch
2006.0,0.004386547840858541,Non-Switch
2007.0,0.004373016635536849,Non-Switch
2008.0,0.004371089892401402,Non-Switch
2009.0,0.004356603041295129,Non-Switch
201.0,0.010201554692072684,Non-Switch
2010.0,0.00439741801774247,Non-Switch
2011.0,0.004398146592683332,Non-Switch
2012.0,0.004364189760342761,Non-Switch
2013.0,0.00435694331165709,Non-Switch
2014.0,0.004356507308764864,Non-Switch
2015.0,0.004357317508284163,Non-Switch
2016.0,0.004366779241310537,Non-Switch
2017.0,0.004362444069255781,Non-Switch
2018.0,0.004377536890483452,Non-Switch
2019.0,0.004369177929025012,Non-Switch
202.0,0.020943732816289227,Non-Switch
2020.0,0.0043585764750330575,Non-Switch
2021.0,0.004363563971908079,Non-Switch
2022.0,0.004379917103499104,Non-Switch
2023.0,0.004393423787856904,Non-Switch
2024.0,0.004412381180174764,Non-Switch
2025.0,0.004433349963339043,Non-Switch
2026.0,0.00437805754108665,Non-Switch
2027.0,0.004362327174797773,Non-Switch
2028.0,0.004367089616250767,Non-Switch
2029.0,0.004367234054805202,Non-Switch
203.0,0.04321166755072801,Non-Switch
2030.0,0.004387132984955812,Non-Switch
2031.0,0.004365211579139489,Non-Switch
2032.0,0.004382921761334979,Non-Switch
2033.0,0.004371035811919392,Non-Switch
2034.0,0.00436874763649424,Non-Switch
2035.0,0.004378466671689679,Non-Switch
2036.0,0.00439891278882907,Non-Switch
2037.0,0.0043711483396304054,Non-Switch
2038.0,0.0044122794013794295,Non-Switch
2039.0,0.0043878598803786,Non-Switch
204.0,0.08825111834470539,Non-Switch
2040.0,0.004458957239522394,Non-Switch
2041.0,0.004435698937318503,Non-Switch
2042.0,0.004500977438140233,Non-Switch
2043.0,0.004384417540132424,Non-Switch
2044.0,0.0044345746679192105,Non-Switch
2045.0,0.004453766856863932,Non-Switch
2046.0,0.004414511816804496,Non-Switch
2047.0,0.004377371625904888,Non-Switch
2048.0,0.004388993219175497,Non-Switch
2049.0,0.0043651890735972865,Non-Switch
205.0,0.16737724569342596,Non-Switch
2050.0,0.004374249737707391,Non-Switch
2051.0,0.004367814496251864,Non-Switch
2052.0,0.004365538413356852,Non-Switch
2053.0,0.004361636892869016,Non-Switch
2054.0,0.004360042358408771,Non-Switch
2055.0,0.004362126976243252,Non-Switch
2056.0,0.00435894865623844,Non-Switch
2057.0,0.004357699094790765,Non-Switch
2058.0,0.004356887551657006,Non-Switch
2059.0,0.0043568405251509104,Non-Switch
206.0,0.0049994281714250575,Non-Switch
2060.0,0.004357249991657555,Non-Switch
2061.0,0.004355999422499035,Non-Switch
2062.0,0.004355375985389657,Non-Switch
2063.0,0.004355710545390164,Non-Switch
2064.0,0.004355569129968263,Non-Switch
2065.0,0.004355224828762922,Non-Switch
2066.0,0.004355115324184444,Non-Switch
2067.0,0.004355161678883309,Non-Switch
2068.0,0.004355238264907521,Non-Switch
2069.0,0.00435494938779865,Non-Switch
207.0,0.011487106868476971,Non-Switch
2070.0,0.004354903704907014,Non-Switch
2071.0,0.004354913782015464,Non-Switch
2072.0,0.004354880191653967,Non-Switch
2073.0,0.004355037394545771,Non-Switch
2074.0,0.004355101888039845,Non-Switch
2075.0,0.004355161678883309,Non-Switch
2076.0,0.004355342730931776,Non-Switch
2077.0,0.004355307461052204,Non-Switch
2078.0,0.004355931905872427,Non-Switch
2079.0,0.00435600177382434,Non-Switch
208.0,0.006378837864116032,Non-Switch
2080.0,0.004356248998884955,Non-Switch
2081.0,0.004356333310692312,Non-Switch
2082.0,0.004356962794066758,Non-Switch
2083.0,0.004357686330453396,Non-Switch
2084.0,0.00435935644322701,Non-Switch
2085.0,0.004360999683711425,Non-Switch
2086.0,0.00435924962587745,Non-Switch
2087.0,0.004359490132865766,Non-Switch
2088.0,0.004372208787342855,Non-Switch
2089.0,0.004369820512640443,Non-Switch
209.0,0.005838385742815806,Non-Switch
2090.0,0.004367140001793011,Non-Switch
2091.0,0.004375004177226605,Non-Switch
2092.0,0.004400180824975569,Non-Switch
2093.0,0.004384490095313257,Non-Switch
2094.0,0.004604562051309119,Non-Switch
2095.0,0.004589684544298641,Non-Switch
2096.0,0.004615669712048828,Non-Switch
2097.0,0.004417125818736165,Non-Switch
2098.0,0.004400708193651066,Non-Switch
2099.0,0.004367566599384019,Non-Switch
21.0,0.004354449899123195,Non-Switch
210.0,0.008374772441595908,Non-Switch
2100.0,0.0043665686297439535,Non-Switch
2101.0,0.0043692561945673,Non-Switch
2102.0,0.00436245548997869,Non-Switch
2103.0,0.004361035961301841,Non-Switch
2104.0,0.0043768812066270375,Non-Switch
2105.0,0.004384609677000185,Non-Switch
2106.0,0.004454916319034347,Non-Switch
2107.0,0.004456420831325782,Non-Switch
2108.0,0.004390992181588162,Non-Switch
2109.0,0.004363479996004337,Non-Switch
211.0,0.005877066387693649,Non-Switch
2110.0,0.004356965481295679,Non-Switch
2111.0,0.0043617383357607365,Non-Switch
2112.0,0.004357448174790385,Non-Switch
2113.0,0.004354977603702307,Non-Switch
2114.0,0.004357409209971049,Non-Switch
2115.0,0.004357058862500639,Non-Switch
2116.0,0.004356530486114297,Non-Switch
2117.0,0.004356344731415221,Non-Switch
2118.0,0.004356555678885419,Non-Switch
2119.0,0.004356468343945528,Non-Switch
212.0,0.005198034542810105,Non-Switch
2120.0,0.004356321889969403,Non-Switch
2121.0,0.004356491185391346,Non-Switch
2122.0,0.004357615790694254,Non-Switch
2123.0,0.004357230845151502,Non-Switch
2124.0,0.0043560877651497715,Non-Switch
2125.0,0.0043556440364744,Non-Switch
2126.0,0.00435515496081101,Non-Switch
2127.0,0.004355126744907352,Non-Switch
2128.0,0.004355053517919289,Non-Switch
2129.0,0.004355095169967545,Non-Switch
213.0,0.004983488873087671,Non-Switch
2130.0,0.0043552490138232,Non-Switch
2131.0,0.004354911766593774,Non-Switch
2132.0,0.004356384032138171,Non-Switch
2133.0,0.004354972565148082,Non-Switch
2134.0,0.004354972565148082,Non-Switch
2135.0,0.004354973572858928,Non-Switch
2136.0,0.004354937295268511,Non-Switch
2137.0,0.004356813316958099,Non-Switch
2138.0,0.00435524498297982,Non-Switch
2139.0,0.004355161678883309,Non-Switch
214.0,0.004356432066355112,Non-Switch
2140.0,0.004354974916473387,Non-Switch
2141.0,0.004354927218160062,Non-Switch
2142.0,0.004354754227798355,Non-Switch
2143.0,0.004355464663944008,Non-Switch
2144.0,0.004354811667316514,Non-Switch
2145.0,0.004354659167075319,Non-Switch
2146.0,0.0043547411275573706,Non-Switch
2147.0,0.004354935279846821,Non-Switch
2148.0,0.004354839211412941,Non-Switch
2149.0,0.00435509617767839,Non-Switch
215.0,0.004358327570454367,Non-Switch
2150.0,0.004355316866353424,Non-Switch
2151.0,0.004355215759365318,Non-Switch
2152.0,0.004355082405630177,Non-Switch
2153.0,0.004354923523220297,Non-Switch
2154.0,0.004354833165147872,Non-Switch
2155.0,0.004354940654304661,Non-Switch
2156.0,0.004354908407557624,Non-Switch
2157.0,0.004354882542979272,Non-Switch
2158.0,0.004354862052858758,Non-Switch
2159.0,0.00435459904032824,Non-Switch
216.0,0.0044130005864407625,Non-Switch
2160.0,0.004354603407075234,Non-Switch
2161.0,0.004354936623461281,Non-Switch
2162.0,0.004354582581051107,Non-Switch
2163.0,0.004354609789243919,Non-Switch
2164.0,0.004354985665389066,Non-Switch
2165.0,0.004355306453341359,Non-Switch
2166.0,0.004355502285148884,Non-Switch
2167.0,0.004355829455269862,Non-Switch
2168.0,0.004355412262980074,Non-Switch
2169.0,0.0043546003839427,Non-Switch
217.0,0.009410339773284343,Non-Switch
2170.0,0.004354510697677504,Non-Switch
2171.0,0.004354871458159978,Non-Switch
2172.0,0.004354862052858758,Non-Switch
2173.0,0.004354727355509157,Non-Switch
2174.0,0.004354572168039043,Non-Switch
2175.0,0.004354766992135723,Non-Switch
2176.0,0.004354714255268174,Non-Switch
2177.0,0.0043544935665931405,Non-Switch
2178.0,0.004354469381532863,Non-Switch
2179.0,0.004354522118400412,Non-Switch
218.0,0.024651939430096595,Non-Switch
2180.0,0.004354427729484607,Non-Switch
2181.0,0.004354452586352114,Non-Switch
2182.0,0.004354588963219791,Non-Switch
2183.0,0.004354455945388264,Non-Switch
2184.0,0.004354459640328029,Non-Switch
2185.0,0.004354475091894318,Non-Switch
2186.0,0.004354508346352199,Non-Switch
2187.0,0.004354499948761825,Non-Switch
2188.0,0.00435449625382206,Non-Switch
2189.0,0.004354518087557033,Non-Switch
219.0,0.0530059344070033,Non-Switch
2190.0,0.004354517079846188,Non-Switch
2191.0,0.004354585604183641,Non-Switch
2192.0,0.004354595345388475,Non-Switch
2193.0,0.004354529172376327,Non-Switch
2194.0,0.004355105247075994,Non-Switch
2195.0,0.004354932256714287,Non-Switch
2196.0,0.0043548929559913355,Non-Switch
2197.0,0.0043547774051477875,Non-Switch
2198.0,0.0043545745193643475,Non-Switch
2199.0,0.004354541264906466,Non-Switch
22.0,0.004354457624906339,Non-Switch
220.0,0.055961821725213745,Non-Switch
2200.0,0.00435504679984699,Non-Switch
2201.0,0.004354993055268596,Non-Switch
2202.0,0.004354795208039381,Non-Switch
2203.0,0.004354982306352916,Non-Switch
2204.0,0.0043552826041846964,Non-Switch
2205.0,0.004354909415268469,Non-Switch
2206.0,0.004355001116955355,Non-Switch
2207.0,0.00435544988418495,Non-Switch
2208.0,0.004355563419606808,Non-Switch
2209.0,0.004355665870209373,Non-Switch
221.0,0.20883195460631304,Non-Switch
2210.0,0.004355575512136947,Non-Switch
2211.0,0.00435514824273871,Non-Switch
2212.0,0.004355077031172337,Non-Switch
2213.0,0.0043547757256297125,Non-Switch
2214.0,0.0043547841232200865,Non-Switch
2215.0,0.004354553357436604,Non-Switch
2216.0,0.00435474650201521,Non-Switch
2217.0,0.0043545530215329895,Non-Switch
2218.0,0.004354517415749803,Non-Switch
2219.0,0.004354420675508693,Non-Switch
222.0,0.225849401433043,Non-Switch
2220.0,0.004354434783460521,Non-Switch
2221.0,0.004354416308761698,Non-Switch
2222.0,0.004354585268280026,Non-Switch
2223.0,0.004354548654785995,Non-Switch
2224.0,0.004356748823464025,Non-Switch
2225.0,0.004355867748281968,Non-Switch
2226.0,0.004355920149245903,Non-Switch
2227.0,0.004354735417195916,Non-Switch
2228.0,0.004354549326593225,Non-Switch
2229.0,0.004354440157918361,Non-Switch
223.0,0.007343156680033939,Non-Switch
2230.0,0.00435439884177372,Non-Switch
2231.0,0.004354378351653207,Non-Switch
2232.0,0.004354382046592971,Non-Switch
2233.0,0.00435439816996649,Non-Switch
2234.0,0.004354413285629163,Non-Switch
2235.0,0.004354426049966532,Non-Switch
2236.0,0.004354402536713485,Non-Switch
2237.0,0.004354393803219495,Non-Switch
2238.0,0.004354536226352241,Non-Switch
2239.0,0.00435445023502681,Non-Switch
224.0,0.22813292257770532,Non-Switch
2240.0,0.004354584596472796,Non-Switch
2241.0,0.004354444524665355,Non-Switch
2242.0,0.004354369282255603,Non-Switch
2243.0,0.004354395818641185,Non-Switch
2244.0,0.004354361892376073,Non-Switch
2245.0,0.004354357525629079,Non-Switch
2246.0,0.0043543534947856994,Non-Switch
2247.0,0.004354351143460395,Non-Switch
2248.0,0.0043543534947856994,Non-Switch
2249.0,0.004354355510207389,Non-Switch
225.0,0.31879379195834845,Non-Switch
2250.0,0.004354365587315838,Non-Switch
2251.0,0.004354347784424245,Non-Switch
2252.0,0.004354355510207389,Non-Switch
2253.0,0.004354367938641143,Non-Switch
2254.0,0.004354365923219453,Non-Switch
2255.0,0.004354384397918277,Non-Switch
2256.0,0.0043543632359905335,Non-Switch
2257.0,0.004354380367074897,Non-Switch
2258.0,0.004354383390207431,Non-Switch
2259.0,0.004354376672135132,Non-Switch
226.0,0.11957813978587259,Non-Switch
2260.0,0.004354353158882085,Non-Switch
2261.0,0.004354372977195368,Non-Switch
2262.0,0.004354355846111004,Non-Switch
2263.0,0.0043543632359905335,Non-Switch
2264.0,0.004354357525629079,Non-Switch
2265.0,0.004354379023460437,Non-Switch
2266.0,0.004354406567556864,Non-Switch
2267.0,0.004354454937677419,Non-Switch
2268.0,0.004354684695750057,Non-Switch
2269.0,0.004354870450449133,Non-Switch
227.0,0.20494770493874515,Non-Switch
2270.0,0.0043545365622558565,Non-Switch
2271.0,0.004354470389243708,Non-Switch
2272.0,0.004354392459605036,Non-Switch
2273.0,0.0043544045521351745,Non-Switch
2274.0,0.004354371969484522,Non-Switch
2275.0,0.0043543484562314745,Non-Switch
2276.0,0.0043543665950266834,Non-Switch
2277.0,0.004354352151171239,Non-Switch
2278.0,0.004354355174303774,Non-Switch
2279.0,0.004354359876954384,Non-Switch
228.0,0.19168240360588906,Non-Switch
2280.0,0.004354347784424245,Non-Switch
2281.0,0.00435434946394232,Non-Switch
2282.0,0.004354340394544715,Non-Switch
2283.0,0.004354340394544715,Non-Switch
2284.0,0.004354341402255561,Non-Switch
2285.0,0.004354384062014662,Non-Switch
2286.0,0.004354360548761614,Non-Switch
2287.0,0.004354367266833913,Non-Switch
2288.0,0.004354372641291753,Non-Switch
2289.0,0.004354362228279688,Non-Switch
229.0,0.22021026229390236,Non-Switch
2290.0,0.00435439548273757,Non-Switch
2291.0,0.004354378351653207,Non-Switch
2292.0,0.004354488863942531,Non-Switch
2293.0,0.004354392795508651,Non-Switch
2294.0,0.004354381038882127,Non-Switch
2295.0,0.004354387421050811,Non-Switch
2296.0,0.0043543615564724586,Non-Switch
2297.0,0.004354387421050811,Non-Switch
2298.0,0.004354354166592929,Non-Switch
2299.0,0.0043543534947856994,Non-Switch
23.0,0.004354469381532863,Non-Switch
230.0,0.2848916689113546,Non-Switch
2300.0,0.004354352487074855,Non-Switch
2301.0,0.004354347784424245,Non-Switch
2302.0,0.0043543501357495495,Non-Switch
2303.0,0.0043543501357495495,Non-Switch
2304.0,0.004354344425388095,Non-Switch
2305.0,0.004354343753580865,Non-Switch
2306.0,0.00435434610490617,Non-Switch
2307.0,0.004354341066351946,Non-Switch
2308.0,0.004354342409966405,Non-Switch
2309.0,0.004354336363701336,Non-Switch
231.0,0.5255890420218187,Non-Switch
2310.0,0.004354336363701336,Non-Switch
2311.0,0.004354335691894106,Non-Switch
2312.0,0.004354336027797721,Non-Switch
2313.0,0.004354336363701336,Non-Switch
2314.0,0.004354339722737486,Non-Switch
2315.0,0.004354342745870021,Non-Switch
2316.0,0.00435434610490617,Non-Switch
2317.0,0.004354337371412181,Non-Switch
2318.0,0.004354335691894106,Non-Switch
2319.0,0.004354339722737486,Non-Switch
232.0,0.8297058775511977,Non-Switch
2320.0,0.004354336363701336,Non-Switch
2321.0,0.004354336363701336,Non-Switch
2322.0,0.0043543417381591756,Non-Switch
2323.0,0.00435434610490617,Non-Switch
2324.0,0.004354340730448331,Non-Switch
2325.0,0.004354338043219411,Non-Switch
2326.0,0.004354338043219411,Non-Switch
2327.0,0.0043543467767134005,Non-Switch
2328.0,0.004354349128038705,Non-Switch
2329.0,0.004354355510207389,Non-Switch
233.0,0.7629336133537123,Non-Switch
2330.0,0.004354336027797721,Non-Switch
2331.0,0.004354344425388095,Non-Switch
2332.0,0.004354353158882085,Non-Switch
2333.0,0.00435434610490617,Non-Switch
2334.0,0.0043543484562314745,Non-Switch
2335.0,0.00435434543309894,Non-Switch
2336.0,0.004354343753580865,Non-Switch
2337.0,0.0043543467767134005,Non-Switch
2338.0,0.004354336363701336,Non-Switch
2339.0,0.004354335691894106,Non-Switch
234.0,0.8340448278498156,Non-Switch
2340.0,0.004354335691894106,Non-Switch
2341.0,0.004354334348279646,Non-Switch
2342.0,0.004354333340568802,Non-Switch
2343.0,0.004354333340568802,Non-Switch
2344.0,0.004354333340568802,Non-Switch
2345.0,0.004354333340568802,Non-Switch
2346.0,0.004354333340568802,Non-Switch
2347.0,0.004354334012376031,Non-Switch
2348.0,0.004354332668761571,Non-Switch
2349.0,0.004354332668761571,Non-Switch
235.0,0.8048364123145068,Non-Switch
2350.0,0.004354332668761571,Non-Switch
2351.0,0.004354332668761571,Non-Switch
2352.0,0.004354332668761571,Non-Switch
2353.0,0.004354332668761571,Non-Switch
2354.0,0.004354332668761571,Non-Switch
2355.0,0.004354332668761571,Non-Switch
2356.0,0.004354332668761571,Non-Switch
2357.0,0.004354332668761571,Non-Switch
2358.0,0.004354332668761571,Non-Switch
2359.0,0.004354332668761571,Non-Switch
236.0,0.8088108453846208,Non-Switch
2360.0,0.004354332668761571,Non-Switch
2361.0,0.004354332668761571,Non-Switch
2362.0,0.004354332668761571,Non-Switch
2363.0,0.004354332668761571,Non-Switch
2364.0,0.004354335020086877,Non-Switch
2365.0,0.004354343081773636,Non-Switch
2366.0,0.004354369282255603,Non-Switch
2367.0,0.004354352151171239,Non-Switch
2368.0,0.004354355846111004,Non-Switch
2369.0,0.0043543632359905335,Non-Switch
237.0,0.8148402991498946,Non-Switch
2370.0,0.004354419667797848,Non-Switch
2371.0,0.004354380367074897,Non-Switch
2372.0,0.004354371297677293,Non-Switch
2373.0,0.004354357189725464,Non-Switch
2374.0,0.004354338043219411,Non-Switch
2375.0,0.00435434543309894,Non-Switch
2376.0,0.0043543615564724586,Non-Switch
2377.0,0.004354392459605036,Non-Switch
2378.0,0.004354371297677293,Non-Switch
2379.0,0.004354351143460395,Non-Switch
238.0,0.7173966060018732,Non-Switch
2380.0,0.004354343753580865,Non-Switch
2381.0,0.004354353158882085,Non-Switch
2382.0,0.0043543615564724586,Non-Switch
2383.0,0.004354342409966405,Non-Switch
2384.0,0.004354333340568802,Non-Switch
2385.0,0.004354334348279646,Non-Switch
2386.0,0.004354334348279646,Non-Switch
2387.0,0.004354335020086877,Non-Switch
2388.0,0.004354341402255561,Non-Switch
2389.0,0.004354338715026641,Non-Switch
239.0,0.5913620010264657,Non-Switch
2390.0,0.004354343753580865,Non-Switch
2391.0,0.004354333340568802,Non-Switch
2392.0,0.004354332668761571,Non-Switch
2393.0,0.004354332668761571,Non-Switch
2394.0,0.004354333340568802,Non-Switch
2395.0,0.004354333340568802,Non-Switch
2396.0,0.004354332668761571,Non-Switch
2397.0,0.004354333340568802,Non-Switch
2398.0,0.004354333340568802,Non-Switch
2399.0,0.004354332668761571,Non-Switch
24.0,0.004354864404184064,Non-Switch
240.0,0.7273289050588394,Non-Switch
2400.0,0.004354332668761571,Non-Switch
2401.0,0.004354332668761571,Non-Switch
2402.0,0.004354332668761571,Non-Switch
2403.0,0.004354332668761571,Non-Switch
2404.0,0.004354332668761571,Non-Switch
2405.0,0.004354332668761571,Non-Switch
2406.0,0.004354332668761571,Non-Switch
2407.0,0.004354332668761571,Non-Switch
2408.0,0.004354333340568802,Non-Switch
2409.0,0.004354332668761571,Non-Switch
241.0,0.6938064767092879,Non-Switch
2410.0,0.004354339386833871,Non-Switch
2411.0,0.004354339722737486,Non-Switch
2412.0,0.004354359541050769,Non-Switch
2413.0,0.004354357525629079,Non-Switch
2414.0,0.004354354166592929,Non-Switch
2415.0,0.00435434946394232,Non-Switch
2416.0,0.004354344425388095,Non-Switch
2417.0,0.004354361220568844,Non-Switch
2418.0,0.004354340394544715,Non-Switch
2419.0,0.0043543534947856994,Non-Switch
242.0,0.369900715432356,Non-Switch
2420.0,0.0043543484562314745,Non-Switch
2421.0,0.004354339722737486,Non-Switch
2422.0,0.0043543518152676245,Non-Switch
2423.0,0.004354344425388095,Non-Switch
2424.0,0.004354342745870021,Non-Switch
2425.0,0.0043543434176772505,Non-Switch
2426.0,0.004354355510207389,Non-Switch
2427.0,0.004354337371412181,Non-Switch
2428.0,0.004354339722737486,Non-Switch
2429.0,0.0043543518152676245,Non-Switch
243.0,0.4646785485050158,Non-Switch
2430.0,0.004354385741532736,Non-Switch
2431.0,0.004354392123701421,Non-Switch
2432.0,0.0043544095906893985,Non-Switch
2433.0,0.004354373649002597,Non-Switch
2434.0,0.004354353830689314,Non-Switch
2435.0,0.0043543665950266834,Non-Switch
2436.0,0.0043543813747857416,Non-Switch
2437.0,0.0043544112702074735,Non-Switch
2438.0,0.004354410262496629,Non-Switch
2439.0,0.004354385405629121,Non-Switch
244.0,0.05579947547725709,Non-Switch
2440.0,0.004354382046592971,Non-Switch
2441.0,0.004354381710689356,Non-Switch
2442.0,0.004354358197436309,Non-Switch
2443.0,0.0043543632359905335,Non-Switch
2444.0,0.004354371969484522,Non-Switch
2445.0,0.004354365587315838,Non-Switch
2446.0,0.004354370961773678,Non-Switch
2447.0,0.0043544011930990245,Non-Switch
2448.0,0.0043543914518941905,Non-Switch
2449.0,0.004354405559846019,Non-Switch
245.0,0.03403151580670785,Non-Switch
2450.0,0.004354411942014704,Non-Switch
2451.0,0.004354410598400244,Non-Switch
2452.0,0.004354497261532905,Non-Switch
2453.0,0.004354750868762205,Non-Switch
2454.0,0.004354509018159429,Non-Switch
2455.0,0.004354796215750225,Non-Switch
2456.0,0.004354991039846906,Non-Switch
2457.0,0.004354483489484692,Non-Switch
2458.0,0.004354429744906297,Non-Switch
2459.0,0.004354510697677504,Non-Switch
246.0,0.004970459507766738,Non-Switch
2460.0,0.004354464678882253,Non-Switch
2461.0,0.004354448555508735,Non-Switch
2462.0,0.004354473412376243,Non-Switch
2463.0,0.004354471061050938,Non-Switch
2464.0,0.004354476435508777,Non-Switch
2465.0,0.004354527828761867,Non-Switch
2466.0,0.004354514392617268,Non-Switch
2467.0,0.0043545510061113,Non-Switch
2468.0,0.0043545217824967975,Non-Switch
2469.0,0.004354814354545433,Non-Switch
247.0,0.01182404909742087,Non-Switch
2470.0,0.004354810995509284,Non-Switch
2471.0,0.004355627913100882,Non-Switch
2472.0,0.004355537890932071,Non-Switch
2473.0,0.004355998078884575,Non-Switch
2474.0,0.0043557018118961744,Non-Switch
2475.0,0.004356952381054695,Non-Switch
2476.0,0.004356840189247296,Non-Switch
2477.0,0.004356103216716059,Non-Switch
2478.0,0.004366589791671697,Non-Switch
2479.0,0.004366913938660139,Non-Switch
248.0,0.005775385004407163,Non-Switch
2480.0,0.004363127969015852,Non-Switch
2481.0,0.004377699467833096,Non-Switch
2482.0,0.004385544832664252,Non-Switch
2483.0,0.004475635525812706,Non-Switch
2484.0,0.004365653628296785,Non-Switch
2485.0,0.0044311256096007355,Non-Switch
2486.0,0.00438285961916621,Non-Switch
2487.0,0.004382249954105046,Non-Switch
2488.0,0.007201328096686666,Non-Switch
2489.0,0.017191151991330336,Non-Switch
249.0,0.005094614858316168,Non-Switch
2490.0,0.0403470465883184,Non-Switch
2491.0,0.05611443483002313,Non-Switch
2492.0,0.05319588387042343,Non-Switch
2493.0,0.05512592154852642,Non-Switch
2494.0,0.05566583958307885,Non-Switch
2495.0,0.05549501781510937,Non-Switch
2496.0,0.05558715752030911,Non-Switch
2497.0,0.024174058762385084,Non-Switch
2498.0,0.009931171092627152,Non-Switch
2499.0,0.004417248087652013,Non-Switch
25.0,0.004354853991171999,Non-Switch
250.0,0.07783107648989225,Non-Switch
2500.0,0.0044077148071556506,Non-Switch
2501.0,0.00439835821196076,Non-Switch
2502.0,0.004402128058231529,Non-Switch
2503.0,0.004398584946900863,Non-Switch
2504.0,0.004464511069892248,Non-Switch
2505.0,0.004514208009726531,Non-Switch
2506.0,0.00506498412863275,Non-Switch
2507.0,0.0048667008965253,Non-Switch
2508.0,0.005251598405059881,Non-Switch
2509.0,0.00474915008285334,Non-Switch
251.0,0.006270226117445559,Non-Switch
2510.0,0.004743199550314211,Non-Switch
2511.0,0.0047946492352113875,Non-Switch
2512.0,0.0044851059923330695,Non-Switch
2513.0,0.011161467124369462,Non-Switch
2514.0,0.006027036602860478,Non-Switch
2515.0,0.004859318742779183,Non-Switch
2516.0,0.004786801519054927,Non-Switch
2517.0,0.004590587453215671,Non-Switch
2518.0,0.004414373088611515,Non-Switch
2519.0,0.0043746434167441315,Non-Switch
252.0,0.006737693101285881,Non-Switch
2520.0,0.005902155028695491,Non-Switch
2521.0,0.004410859872702581,Non-Switch
2522.0,0.004373230606139583,Non-Switch
2523.0,0.004357639303947301,Non-Switch
2524.0,0.0043568764668377126,Non-Switch
2525.0,0.004355799895751745,Non-Switch
2526.0,0.004354938638882971,Non-Switch
2527.0,0.004354947708280575,Non-Switch
2528.0,0.004354572168039043,Non-Switch
2529.0,0.004354614827798143,Non-Switch
253.0,0.005148619090205165,Non-Switch
2530.0,0.004354573511653502,Non-Switch
2531.0,0.0043545728398462725,Non-Switch
2532.0,0.004354480130448542,Non-Switch
2533.0,0.004354505659123279,Non-Switch
2534.0,0.004354466694303943,Non-Switch
2535.0,0.004354437134785826,Non-Switch
2536.0,0.004354428401291837,Non-Switch
2537.0,0.004354458968520799,Non-Switch
2538.0,0.0043545019641835145,Non-Switch
2539.0,0.0043544935665931405,Non-Switch
254.0,0.015629732253062575,Non-Switch
2540.0,0.004354486176713611,Non-Switch
2541.0,0.0043544492273159645,Non-Switch
2542.0,0.004354477443219622,Non-Switch
2543.0,0.004354488528038916,Non-Switch
2544.0,0.004354524469725718,Non-Switch
2545.0,0.004354515400328113,Non-Switch
2546.0,0.004354586947798101,Non-Switch
2547.0,0.00435459971213547,Non-Switch
2548.0,0.004354717614304323,Non-Switch
2549.0,0.004354785130930931,Non-Switch
255.0,0.0051959808281082,Non-Switch
2550.0,0.004354788154063466,Non-Switch
2551.0,0.0043548466012924706,Non-Switch
2552.0,0.004354772030689948,Non-Switch
2553.0,0.0043547955439429955,Non-Switch
2554.0,0.004354859701533454,Non-Switch
2555.0,0.004354901689485324,Non-Switch
2556.0,0.004354804949244214,Non-Switch
2557.0,0.0043548351805695615,Non-Switch
2558.0,0.004354778076955017,Non-Switch
2559.0,0.004354605086593309,Non-Switch
256.0,0.007644225074706654,Non-Switch
2560.0,0.004354605422496925,Non-Switch
2561.0,0.0043545960171957054,Non-Switch
2562.0,0.004354598032617395,Non-Switch
2563.0,0.004354726683701927,Non-Switch
2564.0,0.004354809651894824,Non-Switch
2565.0,0.004354734409485072,Non-Switch
2566.0,0.004354796215750225,Non-Switch
2567.0,0.00435484996032862,Non-Switch
2568.0,0.004354784459123701,Non-Switch
2569.0,0.004354804949244214,Non-Switch
257.0,0.004453414829875447,Non-Switch
2570.0,0.0043547807641839366,Non-Switch
2571.0,0.004354740119846526,Non-Switch
2572.0,0.0043548022620152945,Non-Switch
2573.0,0.0043547938644249206,Non-Switch
2574.0,0.004354909079364854,Non-Switch
2575.0,0.004354901017678095,Non-Switch
2576.0,0.004354918820569688,Non-Switch
2577.0,0.00435510020852177,Non-Switch
2578.0,0.004354973572858928,Non-Switch
2579.0,0.00435504209719638,Non-Switch
258.0,0.006876692704387907,Non-Switch
2580.0,0.004355292009485916,Non-Switch
2581.0,0.004355123721774818,Non-Switch
2582.0,0.0043551767945459825,Non-Switch
2583.0,0.00435504747165422,Non-Switch
2584.0,0.004355027989244552,Non-Switch
2585.0,0.004355410247558384,Non-Switch
2586.0,0.004355255395991884,Non-Switch
2587.0,0.004355233562256911,Non-Switch
2588.0,0.004355328958883562,Non-Switch
2589.0,0.004355425027317442,Non-Switch
259.0,0.004427207629835767,Non-Switch
2590.0,0.0043550730003289575,Non-Switch
2591.0,0.004354915125629923,Non-Switch
2592.0,0.00435564873912501,Non-Switch
2593.0,0.0043554754128596876,Non-Switch
2594.0,0.004354725675991082,Non-Switch
2595.0,0.0043549030330997844,Non-Switch
2596.0,0.004354782779605626,Non-Switch
2597.0,0.0043547626253887285,Non-Switch
2598.0,0.004354555036954679,Non-Switch
2599.0,0.004354545295749845,Non-Switch
26.0,0.004356975894307742,Non-Switch
260.0,0.004981058274529774,Non-Switch
2600.0,0.00435455234972576,Non-Switch
2601.0,0.004355031012377087,Non-Switch
2602.0,0.004354737768521221,Non-Switch
2603.0,0.004354570488520968,Non-Switch
2604.0,0.004355584917438166,Non-Switch
2605.0,0.004354809315991209,Non-Switch
2606.0,0.004354743478882675,Non-Switch
2607.0,0.00435489933816002,Non-Switch
2608.0,0.0043547048499669545,Non-Switch
2609.0,0.00435494938779865,Non-Switch
261.0,0.005568262132768257,Non-Switch
2610.0,0.004354791513099616,Non-Switch
2611.0,0.004354861381051529,Non-Switch
2612.0,0.0043547485174369,Non-Switch
2613.0,0.004354612140569224,Non-Switch
2614.0,0.004354600048039085,Non-Switch
2615.0,0.004354753220087509,Non-Switch
2616.0,0.004354643043701801,Non-Switch
2617.0,0.004354587283701716,Non-Switch
2618.0,0.004354508346352199,Non-Switch
2619.0,0.0043548418986418605,Non-Switch
262.0,0.004911865152979225,Non-Switch
2620.0,0.004355012873581879,Non-Switch
2621.0,0.004354580229725802,Non-Switch
2622.0,0.004354791513099616,Non-Switch
2623.0,0.004354883886593731,Non-Switch
2624.0,0.004354508010448584,Non-Switch
2625.0,0.004354475763701547,Non-Switch
2626.0,0.0043545133849064235,Non-Switch
2627.0,0.004354530851894402,Non-Switch
2628.0,0.004354499948761825,Non-Switch
2629.0,0.004354562090930594,Non-Switch
263.0,0.004354682680328367,Non-Switch
2630.0,0.004354499276954595,Non-Switch
2631.0,0.004354573511653502,Non-Switch
2632.0,0.004357257045633469,Non-Switch
2633.0,0.004844878246371777,Non-Switch
2634.0,0.004387429251944213,Non-Switch
2635.0,0.00458574607441316,Non-Switch
2636.0,0.004655084978132603,Non-Switch
2637.0,0.004948646934721664,Non-Switch
2638.0,0.005773759230910726,Non-Switch
2639.0,0.008479609975248619,Non-Switch
264.0,0.004354672939123533,Non-Switch
2640.0,0.013034061253469818,Non-Switch
2641.0,0.004533336376984409,Non-Switch
2642.0,0.005293019351628621,Non-Switch
2643.0,0.0053485778095440665,Non-Switch
2644.0,0.005215667467174153,Non-Switch
2645.0,0.0054719733461164426,Non-Switch
2646.0,0.006152522803532404,Non-Switch
2647.0,0.0053604298326945425,Non-Switch
2648.0,0.0045664907355888245,Non-Switch
2649.0,0.004354555036954679,Non-Switch
265.0,0.00435455033430407,Non-Switch
2650.0,0.004354758594545349,Non-Switch
2651.0,0.004354569816713737,Non-Switch
2652.0,0.0043545960171957054,Non-Switch
2653.0,0.004354562090930594,Non-Switch
2654.0,0.004354532531412477,Non-Switch
2655.0,0.004354516072135343,Non-Switch
2656.0,0.0043544623275569485,Non-Switch
2657.0,0.004354458296713569,Non-Switch
2658.0,0.004354562426834209,Non-Switch
2659.0,0.004354493902496755,Non-Switch
266.0,0.004354482817677461,Non-Switch
2660.0,0.004354520438882338,Non-Switch
2661.0,0.0043549359516540515,Non-Switch
2662.0,0.004354730042738077,Non-Switch
2663.0,0.004354480802255771,Non-Switch
2664.0,0.004354505659123279,Non-Switch
2665.0,0.004354472068761783,Non-Switch
2666.0,0.004354704178159724,Non-Switch
2667.0,0.004354470053340093,Non-Switch
2668.0,0.004354473076472628,Non-Switch
2669.0,0.004354482817677461,Non-Switch
267.0,0.0043545547010510645,Non-Switch
2670.0,0.004354478115026852,Non-Switch
2671.0,0.004354529508279942,Non-Switch
2672.0,0.004354582581051107,Non-Switch
2673.0,0.004354592322255941,Non-Switch
2674.0,0.004354584596472796,Non-Switch
2675.0,0.004354486176713611,Non-Switch
2676.0,0.004354491551171451,Non-Switch
2677.0,0.00435450498731605,Non-Switch
2678.0,0.004354478450930467,Non-Switch
2679.0,0.004354487856231686,Non-Switch
268.0,0.004354968198401088,Non-Switch
2680.0,0.0043544935665931405,Non-Switch
2681.0,0.004354408247074939,Non-Switch
2682.0,0.004354427393580992,Non-Switch
2683.0,0.004354463671171409,Non-Switch
2684.0,0.004354425042255687,Non-Switch
2685.0,0.004354472404665397,Non-Switch
2686.0,0.004354504315508819,Non-Switch
2687.0,0.004354525813340177,Non-Switch
2688.0,0.004354590642737866,Non-Switch
2689.0,0.00435460374297885,Non-Switch
269.0,0.004354573511653502,Non-Switch
2690.0,0.004354625240810208,Non-Switch
2691.0,0.00435469578056935,Non-Switch
2692.0,0.004354629271653587,Non-Switch
2693.0,0.004354555708761909,Non-Switch
2694.0,0.00435459299406317,Non-Switch
2695.0,0.004354621545870443,Non-Switch
2696.0,0.004354574183460733,Non-Switch
2697.0,0.004354602735268004,Non-Switch
2698.0,0.004354563098641438,Non-Switch
2699.0,0.004354531859605246,Non-Switch
27.0,0.004357684315031706,Non-Switch
270.0,0.00435450095647267,Non-Switch
2700.0,0.004354605422496925,Non-Switch
2701.0,0.004354580229725802,Non-Switch
2702.0,0.004354533875026936,Non-Switch
2703.0,0.004354525141532947,Non-Switch
2704.0,0.0043544905434606054,Non-Switch
2705.0,0.004354586611894486,Non-Switch
2706.0,0.004354565449966743,Non-Switch
2707.0,0.004354531523701632,Non-Switch
2708.0,0.004354582581051107,Non-Switch
2709.0,0.004354709552617564,Non-Switch
271.0,0.004354582245147492,Non-Switch
2710.0,0.004354559067798059,Non-Switch
2711.0,0.0043545876196053315,Non-Switch
2712.0,0.004354818385388813,Non-Switch
2713.0,0.004354700147316344,Non-Switch
2714.0,0.004354698131894655,Non-Switch
2715.0,0.0043547693434610275,Non-Switch
2716.0,0.004354709552617564,Non-Switch
2717.0,0.004354755235509199,Non-Switch
2718.0,0.0043545399212920055,Non-Switch
2719.0,0.004354535890448626,Non-Switch
272.0,0.00435519762057011,Non-Switch
2720.0,0.004354496589725675,Non-Switch
2721.0,0.004354467366111173,Non-Switch
2722.0,0.004354447211894275,Non-Switch
2723.0,0.004354390108279731,Non-Switch
2724.0,0.004354400521291795,Non-Switch
2725.0,0.004354365587315838,Non-Switch
2726.0,0.004354372641291753,Non-Switch
2727.0,0.004354372641291753,Non-Switch
2728.0,0.004354381038882127,Non-Switch
2729.0,0.004354372305388138,Non-Switch
273.0,0.004355018583943333,Non-Switch
2730.0,0.004354375328520672,Non-Switch
2731.0,0.004354387421050811,Non-Switch
2732.0,0.004354380702978512,Non-Switch
2733.0,0.004354381710689356,Non-Switch
2734.0,0.004354380702978512,Non-Switch
2735.0,0.004354397834062875,Non-Switch
2736.0,0.004354387085147196,Non-Switch
2737.0,0.004354382718400202,Non-Switch
2738.0,0.004354368610448373,Non-Switch
2739.0,0.004354379023460437,Non-Switch
274.0,0.004357197926597235,Non-Switch
2740.0,0.004354374992617057,Non-Switch
2741.0,0.004354368610448373,Non-Switch
2742.0,0.004354371969484522,Non-Switch
2743.0,0.004354363907797763,Non-Switch
2744.0,0.00435435282297847,Non-Switch
2745.0,0.004354358197436309,Non-Switch
2746.0,0.004354370289966448,Non-Switch
2747.0,0.004354366930930298,Non-Switch
2748.0,0.004354367938641143,Non-Switch
2749.0,0.004354367602737528,Non-Switch
275.0,0.0043647483680544505,Non-Switch
2750.0,0.004354376672135132,Non-Switch
2751.0,0.004354388092858041,Non-Switch
2752.0,0.004354385405629121,Non-Switch
2753.0,0.004354374992617057,Non-Switch
2754.0,0.0043543615564724586,Non-Switch
2755.0,0.0043543961545448005,Non-Switch
2756.0,0.004354397834062875,Non-Switch
2757.0,0.004354382382496587,Non-Switch
2758.0,0.004354374656713443,Non-Switch
2759.0,0.004354368610448373,Non-Switch
276.0,0.004359042373347016,Non-Switch
2760.0,0.004354359205147154,Non-Switch
2761.0,0.004354365587315838,Non-Switch
2762.0,0.004354412277918319,Non-Switch
2763.0,0.004354367266833913,Non-Switch
2764.0,0.00435444284514728,Non-Switch
2765.0,0.004354415301050853,Non-Switch
2766.0,0.004354428401291837,Non-Switch
2767.0,0.004354434783460521,Non-Switch
2768.0,0.004354444524665355,Non-Switch
2769.0,0.0043544226909303825,Non-Switch
277.0,0.004355676283221437,Non-Switch
2770.0,0.00435444821960512,Non-Switch
2771.0,0.004354430752617142,Non-Switch
2772.0,0.004354420003701463,Non-Switch
2773.0,0.004354411606111088,Non-Switch
2774.0,0.00435439481093034,Non-Switch
2775.0,0.004354380702978512,Non-Switch
2776.0,0.004354369618159218,Non-Switch
2777.0,0.0043543632359905335,Non-Switch
2778.0,0.0043543649155086085,Non-Switch
2779.0,0.004354359541050769,Non-Switch
278.0,0.00435595038057125,Non-Switch
2780.0,0.004354374992617057,Non-Switch
2781.0,0.004354355510207389,Non-Switch
2782.0,0.004354353830689314,Non-Switch
2783.0,0.004354376672135132,Non-Switch
2784.0,0.004354371969484522,Non-Switch
2785.0,0.0043543649155086085,Non-Switch
2786.0,0.004354371969484522,Non-Switch
2787.0,0.004354369618159218,Non-Switch
2788.0,0.00435435483840016,Non-Switch
2789.0,0.004354357189725464,Non-Switch
279.0,0.004355080390208487,Non-Switch
2790.0,0.00435435080755678,Non-Switch
2791.0,0.004354362228279688,Non-Switch
2792.0,0.004354355510207389,Non-Switch
2793.0,0.004354370961773678,Non-Switch
2794.0,0.004354366259123068,Non-Switch
2795.0,0.004354362564183304,Non-Switch
2796.0,0.004354412949725548,Non-Switch
2797.0,0.0043543961545448005,Non-Switch
2798.0,0.004354438142496671,Non-Switch
2799.0,0.004354410598400244,Non-Switch
28.0,0.004356407209487604,Non-Switch
280.0,0.00435455436514745,Non-Switch
2800.0,0.004354392459605036,Non-Switch
2801.0,0.004354444524665355,Non-Switch
2802.0,0.004354433103942446,Non-Switch
2803.0,0.004354424034544843,Non-Switch
2804.0,0.004354418660087003,Non-Switch
2805.0,0.0043544028726170995,Non-Switch
2806.0,0.0043544159728580835,Non-Switch
2807.0,0.004354399849484564,Non-Switch
2808.0,0.004354440157918361,Non-Switch
2809.0,0.0043543961545448005,Non-Switch
281.0,0.0043544771073160075,Non-Switch
2810.0,0.004354409926593014,Non-Switch
2811.0,0.004354408918882169,Non-Switch
2812.0,0.004354391115990576,Non-Switch
2813.0,0.004354405895749635,Non-Switch
2814.0,0.004354395818641185,Non-Switch
2815.0,0.004354387085147196,Non-Switch
2816.0,0.0043543847338218915,Non-Switch
2817.0,0.004354385741532736,Non-Switch
2818.0,0.004354390444183346,Non-Switch
2819.0,0.004354388764665271,Non-Switch
282.0,0.004354465350689484,Non-Switch
2820.0,0.0043543961545448005,Non-Switch
2821.0,0.004354422019123153,Non-Switch
2822.0,0.004354407239364094,Non-Switch
2823.0,0.0043544011930990245,Non-Switch
2824.0,0.004354413285629163,Non-Switch
2825.0,0.004354403544424329,Non-Switch
2826.0,0.004354403208520714,Non-Switch
2827.0,0.004354385741532736,Non-Switch
2828.0,0.004354370625870063,Non-Switch
2829.0,0.004354426721773762,Non-Switch
283.0,0.004354884558400962,Non-Switch
2830.0,0.00435439951358095,Non-Switch
2831.0,0.004354391115990576,Non-Switch
2832.0,0.00435440421623156,Non-Switch
2833.0,0.004354487856231686,Non-Switch
2834.0,0.004354469381532863,Non-Switch
2835.0,0.004354505659123279,Non-Switch
2836.0,0.004354538577677546,Non-Switch
2837.0,0.004354517751653418,Non-Switch
2838.0,0.004354458632617184,Non-Switch
2839.0,0.004354538241773931,Non-Switch
284.0,0.004355629256715342,Non-Switch
2840.0,0.004354549998400454,Non-Switch
2841.0,0.004354530180087171,Non-Switch
2842.0,0.004354572503942658,Non-Switch
2843.0,0.004354514728520884,Non-Switch
2844.0,0.004354537234063086,Non-Switch
2845.0,0.004354575191171577,Non-Switch
2846.0,0.00435450095647267,Non-Switch
2847.0,0.004354531523701632,Non-Switch
2848.0,0.004354489535749761,Non-Switch
2849.0,0.004354457960809954,Non-Switch
285.0,0.0043555795429803265,Non-Switch
2850.0,0.004354481138159387,Non-Switch
2851.0,0.004354471732858168,Non-Switch
2852.0,0.004354428065388222,Non-Switch
2853.0,0.004354413957436394,Non-Switch
2854.0,0.004354513720810038,Non-Switch
2855.0,0.004354468709725633,Non-Switch
2856.0,0.004354442173340051,Non-Switch
2857.0,0.004354449899123195,Non-Switch
2858.0,0.004354426049966532,Non-Switch
2859.0,0.004354458968520799,Non-Switch
286.0,0.004354810323702054,Non-Switch
2860.0,0.004354528164665482,Non-Switch
2861.0,0.0043544935665931405,Non-Switch
2862.0,0.004354520438882338,Non-Switch
2863.0,0.00435444956321958,Non-Switch
2864.0,0.004354444524665355,Non-Switch
2865.0,0.004354432768038831,Non-Switch
2866.0,0.004354421683219538,Non-Switch
2867.0,0.004354458296713569,Non-Switch
2868.0,0.004354442173340051,Non-Switch
2869.0,0.004354420003701463,Non-Switch
287.0,0.004356308789728419,Non-Switch
2870.0,0.004354441165629205,Non-Switch
2871.0,0.004354423698641228,Non-Switch
2872.0,0.004354529508279942,Non-Switch
2873.0,0.004354580901533032,Non-Switch
2874.0,0.004354515400328113,Non-Switch
2875.0,0.004354526149243792,Non-Switch
2876.0,0.0043544905434606054,Non-Switch
2877.0,0.0043544935665931405,Non-Switch
2878.0,0.004354489535749761,Non-Switch
2879.0,0.004354477779123237,Non-Switch
288.0,0.004357595636477356,Non-Switch
2880.0,0.004354456953099109,Non-Switch
2881.0,0.004354433103942446,Non-Switch
2882.0,0.004354488192135301,Non-Switch
2883.0,0.004354405223942404,Non-Switch
2884.0,0.004354426721773762,Non-Switch
2885.0,0.004354417652376158,Non-Switch
2886.0,0.004354442173340051,Non-Switch
2887.0,0.004354387085147196,Non-Switch
2888.0,0.0043543830543038165,Non-Switch
2889.0,0.004354426721773762,Non-Switch
289.0,0.004359173039853238,Non-Switch
2890.0,0.00435439481093034,Non-Switch
2891.0,0.004354389436472501,Non-Switch
2892.0,0.004354430416713527,Non-Switch
2893.0,0.004354420339605078,Non-Switch
2894.0,0.004354391115990576,Non-Switch
2895.0,0.004354417652376158,Non-Switch
2896.0,0.0043543897723761155,Non-Switch
2897.0,0.004354399177677335,Non-Switch
2898.0,0.004354398505870105,Non-Switch
2899.0,0.004354404888038789,Non-Switch
29.0,0.004355528485630852,Non-Switch
290.0,0.0043584757039485675,Non-Switch
2900.0,0.00435439816996649,Non-Switch
2901.0,0.00435439749815926,Non-Switch
2902.0,0.004354397834062875,Non-Switch
2903.0,0.004354392795508651,Non-Switch
2904.0,0.00435439951358095,Non-Switch
2905.0,0.004354377679845977,Non-Switch
2906.0,0.004354376672135132,Non-Switch
2907.0,0.004354363907797763,Non-Switch
2908.0,0.004354364579604994,Non-Switch
2909.0,0.00435434946394232,Non-Switch
291.0,0.004362628480340397,Non-Switch
2910.0,0.004354360548761614,Non-Switch
2911.0,0.004354358197436309,Non-Switch
2912.0,0.004354355846111004,Non-Switch
2913.0,0.004354368610448373,Non-Switch
2914.0,0.004354372641291753,Non-Switch
2915.0,0.004354370961773678,Non-Switch
2916.0,0.004354372305388138,Non-Switch
2917.0,0.004354392459605036,Non-Switch
2918.0,0.00435439749815926,Non-Switch
2919.0,0.004354390780086961,Non-Switch
292.0,0.004357896606116365,Non-Switch
2920.0,0.00435439548273757,Non-Switch
2921.0,0.004354392795508651,Non-Switch
2922.0,0.004354416308761698,Non-Switch
2923.0,0.0043543961545448005,Non-Switch
2924.0,0.00435439548273757,Non-Switch
2925.0,0.004354376672135132,Non-Switch
2926.0,0.004354378351653207,Non-Switch
2927.0,0.004354376000327902,Non-Switch
2928.0,0.004354376000327902,Non-Switch
2929.0,0.004354376672135132,Non-Switch
293.0,0.004355729020088987,Non-Switch
2930.0,0.004354375328520672,Non-Switch
2931.0,0.004354370625870063,Non-Switch
2932.0,0.004354374992617057,Non-Switch
2933.0,0.004354385405629121,Non-Switch
2934.0,0.00435439884177372,Non-Switch
2935.0,0.004354362900086919,Non-Switch
2936.0,0.004354353830689314,Non-Switch
2937.0,0.004354372641291753,Non-Switch
2938.0,0.004354421683219538,Non-Switch
2939.0,0.004354432768038831,Non-Switch
294.0,0.0043543450971953255,Non-Switch
2940.0,0.00435439749815926,Non-Switch
2941.0,0.004354438814303901,Non-Switch
2942.0,0.004354405559846019,Non-Switch
2943.0,0.004354563770448668,Non-Switch
2944.0,0.004354571832135428,Non-Switch
2945.0,0.004354557724183599,Non-Switch
2946.0,0.004354554029243835,Non-Switch
2947.0,0.004354560747316134,Non-Switch
2948.0,0.004354517415749803,Non-Switch
2949.0,0.004354533539123321,Non-Switch
295.0,0.004354391115990576,Non-Switch
2950.0,0.004354512041291963,Non-Switch
2951.0,0.004354621881774058,Non-Switch
2952.0,0.004354616171412603,Non-Switch
2953.0,0.004354692757436816,Non-Switch
2954.0,0.004354579222014957,Non-Switch
2955.0,0.00435454966249684,Non-Switch
2956.0,0.004354612812376453,Non-Switch
2957.0,0.0043546107969547635,Non-Switch
2958.0,0.004354684359846441,Non-Switch
2959.0,0.0043546867111717465,Non-Switch
296.0,0.004354382718400202,Non-Switch
2960.0,0.004354730042738077,Non-Switch
2961.0,0.004354685703460901,Non-Switch
2962.0,0.004354633302496967,Non-Switch
2963.0,0.004354627592135512,Non-Switch
2964.0,0.004354618858641523,Non-Switch
2965.0,0.004354582916954721,Non-Switch
2966.0,0.004354722316954933,Non-Switch
2967.0,0.004354675290448837,Non-Switch
2968.0,0.004354547982978765,Non-Switch
2969.0,0.004354532867316092,Non-Switch
297.0,0.004354386077436352,Non-Switch
2970.0,0.004354554029243835,Non-Switch
2971.0,0.0043546568157500146,Non-Switch
2972.0,0.0043545547010510645,Non-Switch
2973.0,0.004354573511653502,Non-Switch
2974.0,0.004354591314545095,Non-Switch
2975.0,0.004354468037918403,Non-Switch
2976.0,0.004354477443219622,Non-Switch
2977.0,0.004354567465388433,Non-Switch
2978.0,0.004354482481773846,Non-Switch
2979.0,0.0043546719314126875,Non-Switch
298.0,0.004354397834062875,Non-Switch
2980.0,0.004354637333340346,Non-Switch
2981.0,0.004354609789243919,Non-Switch
2982.0,0.004354559067798059,Non-Switch
2983.0,0.004354586611894486,Non-Switch
2984.0,0.0043545661217739735,Non-Switch
2985.0,0.0043546040788824646,Non-Switch
2986.0,0.004354560747316134,Non-Switch
2987.0,0.0043545510061113,Non-Switch
2988.0,0.004354531523701632,Non-Switch
2989.0,0.0043545365622558565,Non-Switch
299.0,0.004354408582978554,Non-Switch
2990.0,0.004354596689002935,Non-Switch
2991.0,0.004354610461051149,Non-Switch
2992.0,0.004354558731894444,Non-Switch
2993.0,0.004354791513099616,Non-Switch
2994.0,0.004354530851894402,Non-Switch
2995.0,0.0043545530215329895,Non-Switch
2996.0,0.00435455436514745,Non-Switch
2997.0,0.004354505995026894,Non-Switch
2998.0,0.004354514728520884,Non-Switch
2999.0,0.004354502300087129,Non-Switch
3.0,0.2753615297855997,Non-Switch
30.0,0.004355284619606386,Non-Switch
300.0,0.00435440085719541,Non-Switch
3000.0,0.004354488863942531,Non-Switch
3001.0,0.004354491215267836,Non-Switch
3002.0,0.0043544572890027245,Non-Switch
3003.0,0.0043544969256292905,Non-Switch
3004.0,0.004354494574303985,Non-Switch
3005.0,0.004354471061050938,Non-Switch
3006.0,0.004354473412376243,Non-Switch
3007.0,0.004354471732858168,Non-Switch
3008.0,0.0043544821458702315,Non-Switch
3009.0,0.004354478115026852,Non-Switch
301.0,0.004354389100568886,Non-Switch
3010.0,0.004354479122737697,Non-Switch
3011.0,0.004354511369484734,Non-Switch
3012.0,0.004354580229725802,Non-Switch
3013.0,0.004354545967557075,Non-Switch
3014.0,0.004354735081292301,Non-Switch
3015.0,0.004354698803701885,Non-Switch
3016.0,0.004354578214304112,Non-Switch
3017.0,0.004354539249484776,Non-Switch
3018.0,0.004354591314545095,Non-Switch
3019.0,0.0043545332032197065,Non-Switch
302.0,0.004354376672135132,Non-Switch
3020.0,0.004354519095267878,Non-Switch
3021.0,0.0043544441887617405,Non-Switch
3022.0,0.004354430752617142,Non-Switch
3023.0,0.004354759602256194,Non-Switch
3024.0,0.0043545234620148724,Non-Switch
3025.0,0.004354621209966827,Non-Switch
3026.0,0.004354520438882338,Non-Switch
3027.0,0.004354552013822144,Non-Switch
3028.0,0.004354488528038916,Non-Switch
3029.0,0.004354534210930551,Non-Switch
303.0,0.004354382718400202,Non-Switch
3030.0,0.004354491887075066,Non-Switch
3031.0,0.004354443852858126,Non-Switch
3032.0,0.004354408918882169,Non-Switch
3033.0,0.004354391115990576,Non-Switch
3034.0,0.004354390780086961,Non-Switch
3035.0,0.004354383726111046,Non-Switch
3036.0,0.00435439481093034,Non-Switch
3037.0,0.004354393803219495,Non-Switch
3038.0,0.004354385741532736,Non-Switch
3039.0,0.004354397834062875,Non-Switch
304.0,0.004354380031171281,Non-Switch
3040.0,0.004354388764665271,Non-Switch
3041.0,0.004354377343942362,Non-Switch
3042.0,0.004354390108279731,Non-Switch
3043.0,0.004354415301050853,Non-Switch
3044.0,0.004354499948761825,Non-Switch
3045.0,0.004354491887075066,Non-Switch
3046.0,0.00435444486056897,Non-Switch
3047.0,0.004354453258159345,Non-Switch
3048.0,0.004354420339605078,Non-Switch
3049.0,0.004354435119364136,Non-Switch
305.0,0.004354414629243623,Non-Switch
3050.0,0.0043544522504485,Non-Switch
3051.0,0.0043544821458702315,Non-Switch
3052.0,0.004354425042255687,Non-Switch
3053.0,0.004354480802255771,Non-Switch
3054.0,0.0043544243704484575,Non-Switch
3055.0,0.004354445868279815,Non-Switch
3056.0,0.004354459304424414,Non-Switch
3057.0,0.004354484497195536,Non-Switch
3058.0,0.00435450095647267,Non-Switch
3059.0,0.0043544492273159645,Non-Switch
306.0,0.004354430080809912,Non-Switch
3060.0,0.004354472740569012,Non-Switch
3061.0,0.004354625240810208,Non-Switch
3062.0,0.004354436462978596,Non-Switch
3063.0,0.004354427729484607,Non-Switch
3064.0,0.004354431424424371,Non-Switch
3065.0,0.004354412277918319,Non-Switch
3066.0,0.004354410598400244,Non-Switch
3067.0,0.004354490207556991,Non-Switch
3068.0,0.004354480130448542,Non-Switch
3069.0,0.004354471396954553,Non-Switch
307.0,0.0043543914518941905,Non-Switch
3070.0,0.004354461655749719,Non-Switch
3071.0,0.004354717950207938,Non-Switch
3072.0,0.004354566457677588,Non-Switch
3073.0,0.004354527828761867,Non-Switch
3074.0,0.004354506330930509,Non-Switch
3075.0,0.004354459976231644,Non-Switch
3076.0,0.004354445868279815,Non-Switch
3077.0,0.00435454361623177,Non-Switch
3078.0,0.004354525813340177,Non-Switch
3079.0,0.0043545348827377815,Non-Switch
308.0,0.004354372977195368,Non-Switch
3080.0,0.004354488863942531,Non-Switch
3081.0,0.004354573175749887,Non-Switch
3082.0,0.004354444524665355,Non-Switch
3083.0,0.004355118011413363,Non-Switch
3084.0,0.004354544623942616,Non-Switch
3085.0,0.004354570152617353,Non-Switch
3086.0,0.004354468373822018,Non-Switch
3087.0,0.004354566793581203,Non-Switch
3088.0,0.004354521110689568,Non-Switch
3089.0,0.0043545036437015894,Non-Switch
309.0,0.004354372977195368,Non-Switch
3090.0,0.004354525141532947,Non-Switch
3091.0,0.004354542944424541,Non-Switch
3092.0,0.004354566457677588,Non-Switch
3093.0,0.0043546255767138225,Non-Switch
3094.0,0.0043553518003293795,Non-Switch
3095.0,0.0043555829020164765,Non-Switch
3096.0,0.004357519050453143,Non-Switch
3097.0,0.004357808263465629,Non-Switch
3098.0,0.004560398787627793,Non-Switch
3099.0,0.007392182484445518,Non-Switch
31.0,0.0043561834976800365,Non-Switch
310.0,0.004354379359364052,Non-Switch
3100.0,0.006532988063867503,Non-Switch
3101.0,0.00674440714274183,Non-Switch
3102.0,0.006656084646222559,Non-Switch
3103.0,0.007498534943401728,Non-Switch
3104.0,0.006882297592107236,Non-Switch
3105.0,0.0067326424545312465,Non-Switch
3106.0,0.006593431903959022,Non-Switch
3107.0,0.004539666480608451,Non-Switch
3108.0,0.0043683905709515315,Non-Switch
3109.0,0.004372326017704478,Non-Switch
311.0,0.004354366259123068,Non-Switch
3110.0,0.0043733810909590875,Non-Switch
3111.0,0.004374998130961536,Non-Switch
3112.0,0.004370479219629393,Non-Switch
3113.0,0.004377712232170465,Non-Switch
3114.0,0.004382268092900254,Non-Switch
3115.0,0.004385553230254626,Non-Switch
3116.0,0.0043718413087880815,Non-Switch
3117.0,0.004372386816258787,Non-Switch
3118.0,0.004371362982040369,Non-Switch
3119.0,0.0043680603776980196,Non-Switch
312.0,0.004354355846111004,Non-Switch
3120.0,0.0043642512307043,Non-Switch
3121.0,0.004364296913595935,Non-Switch
3122.0,0.0043680291386618275,Non-Switch
3123.0,0.004370196724689206,Non-Switch
3124.0,0.004380165672174179,Non-Switch
3125.0,0.00436184817624283,Non-Switch
3126.0,0.00436410578443902,Non-Switch
3127.0,0.004369074470711603,Non-Switch
3128.0,0.0043638703160049285,Non-Switch
3129.0,0.004377935272170802,Non-Switch
313.0,0.0043543632359905335,Non-Switch
3130.0,0.004376633309759193,Non-Switch
3131.0,0.004381844854345397,Non-Switch
3132.0,0.004362139740580621,Non-Switch
3133.0,0.004359699736721505,Non-Switch
3134.0,0.004360647992626555,Non-Switch
3135.0,0.004362625121304247,Non-Switch
3136.0,0.004364005349258145,Non-Switch
3137.0,0.004365180340103297,Non-Switch
3138.0,0.004369223276013033,Non-Switch
3139.0,0.004366557544924659,Non-Switch
314.0,0.0043543632359905335,Non-Switch
3140.0,0.004369232681314252,Non-Switch
3141.0,0.004376566464939814,Non-Switch
3142.0,0.004364831000343732,Non-Switch
3143.0,0.004366462148298009,Non-Switch
3144.0,0.004359330914552272,Non-Switch
3145.0,0.004358415913105104,Non-Switch
3146.0,0.004357539876477271,Non-Switch
3147.0,0.0043588586340696294,Non-Switch
3148.0,0.0043578932470802155,Non-Switch
3149.0,0.0043573040721395645,Non-Switch
315.0,0.004354352487074855,Non-Switch
3150.0,0.004361354733832445,Non-Switch
3151.0,0.004361807196001805,Non-Switch
3152.0,0.0043609889347957466,Non-Switch
3153.0,0.004358456557442514,Non-Switch
3154.0,0.004357965130453819,Non-Switch
3155.0,0.004358968810455338,Non-Switch
3156.0,0.0043590319603349515,Non-Switch
3157.0,0.0043591226543109925,Non-Switch
3158.0,0.004357289964187736,Non-Switch
3159.0,0.004357126043223632,Non-Switch
316.0,0.004354355174303774,Non-Switch
3160.0,0.004356483459608202,Non-Switch
3161.0,0.00435564873912501,Non-Switch
3162.0,0.004354939982497431,Non-Switch
3163.0,0.004355231882738836,Non-Switch
3164.0,0.004355232218642452,Non-Switch
3165.0,0.00435539580370294,Non-Switch
3166.0,0.00435535650297999,Non-Switch
3167.0,0.004355939631655571,Non-Switch
3168.0,0.004355885887077176,Non-Switch
3169.0,0.0043552490138232,Non-Switch
317.0,0.004354371297677293,Non-Switch
3170.0,0.004355409239847539,Non-Switch
3171.0,0.004355480115510297,Non-Switch
3172.0,0.004363324808534223,Non-Switch
3173.0,0.004356098178161835,Non-Switch
3174.0,0.004358699415756135,Non-Switch
3175.0,0.004369639460591977,Non-Switch
3176.0,0.004356652419126529,Non-Switch
3177.0,0.004357429028284332,Non-Switch
3178.0,0.004356707171415769,Non-Switch
3179.0,0.004355472053823538,Non-Switch
318.0,0.004354378351653207,Non-Switch
3180.0,0.004356326592620012,Non-Switch
3181.0,0.004356257396475329,Non-Switch
3182.0,0.004355642021052711,Non-Switch
3183.0,0.004362863276967259,Non-Switch
3184.0,0.0043569789174402775,Non-Switch
3185.0,0.004370744247581601,Non-Switch
3186.0,0.004381919089044304,Non-Switch
3187.0,0.004355437791654811,Non-Switch
3188.0,0.004370443949749821,Non-Switch
3189.0,0.004360949298169181,Non-Switch
319.0,0.004354387421050811,Non-Switch
3190.0,0.0043584212875629426,Non-Switch
3191.0,0.004361236831663591,Non-Switch
3192.0,0.004502357330190515,Non-Switch
3193.0,0.004603471708174938,Non-Switch
3194.0,0.00438976042303208,Non-Switch
3195.0,0.004382400774828166,Non-Switch
3196.0,0.00439166163749279,Non-Switch
3197.0,0.0045513085639995714,Non-Switch
3198.0,0.004394418062557205,Non-Switch
3199.0,0.004381972833622698,Non-Switch
32.0,0.004355565435028498,Non-Switch
320.0,0.004354392459605036,Non-Switch
3200.0,0.004397191954609597,Non-Switch
3201.0,0.004366491707816126,Non-Switch
3202.0,0.00436585483456215,Non-Switch
3203.0,0.004380184482776618,Non-Switch
3204.0,0.004363930106848392,Non-Switch
3205.0,0.004358991651901156,Non-Switch
3206.0,0.004361177040820128,Non-Switch
3207.0,0.004362464223472679,Non-Switch
3208.0,0.004448002079023878,Non-Switch
3209.0,0.004413987807165148,Non-Switch
321.0,0.00435439951358095,Non-Switch
3210.0,0.0043867151208587946,Non-Switch
3211.0,0.004416540002831663,Non-Switch
3212.0,0.004367645200829921,Non-Switch
3213.0,0.00438475949001246,Non-Switch
3214.0,0.00440631476088847,Non-Switch
3215.0,0.004368051980107645,Non-Switch
3216.0,0.004426197903569178,Non-Switch
3217.0,0.004486400900768765,Non-Switch
3218.0,0.0043717042601131755,Non-Switch
3219.0,0.0043652864856456265,Non-Switch
322.0,0.004354407575267709,Non-Switch
3220.0,0.004367768813360228,Non-Switch
3221.0,0.00438776448375195,Non-Switch
3222.0,0.004379394101570602,Non-Switch
3223.0,0.0043893737979712535,Non-Switch
3224.0,0.004376346783975626,Non-Switch
3225.0,0.004364584447090347,Non-Switch
3226.0,0.004370154064930105,Non-Switch
3227.0,0.0043562809097283765,Non-Switch
3228.0,0.0043570662523801686,Non-Switch
3229.0,0.0043571703825008076,Non-Switch
323.0,0.004354426049966532,Non-Switch
3230.0,0.0043547955439429955,Non-Switch
3231.0,0.004356326592620012,Non-Switch
3232.0,0.004356295017680205,Non-Switch
3233.0,0.004356119675993193,Non-Switch
3234.0,0.0043557216302094574,Non-Switch
3235.0,0.004356141173824551,Non-Switch
3236.0,0.004359005759852984,Non-Switch
3237.0,0.004356090116475076,Non-Switch
3238.0,0.004356123035029342,Non-Switch
3239.0,0.004356177115511352,Non-Switch
324.0,0.004354403544424329,Non-Switch
3240.0,0.004356380337198407,Non-Switch
3241.0,0.004356607072138509,Non-Switch
3242.0,0.004355841547800001,Non-Switch
3243.0,0.0043562956894874355,Non-Switch
3244.0,0.004356229180571672,Non-Switch
3245.0,0.004356776703464067,Non-Switch
3246.0,0.004355783772378227,Non-Switch
3247.0,0.004355958778161624,Non-Switch
3248.0,0.004355699124667255,Non-Switch
3249.0,0.004355081733822947,Non-Switch
325.0,0.004354440493821976,Non-Switch
3250.0,0.004356821042741243,Non-Switch
3251.0,0.004356646708765075,Non-Switch
3252.0,0.004356770657198998,Non-Switch
3253.0,0.004361458528049469,Non-Switch
3254.0,0.004356397804186385,Non-Switch
3255.0,0.004365794036007841,Non-Switch
3256.0,0.004357572123224308,Non-Switch
3257.0,0.004356687353102486,Non-Switch
3258.0,0.004356863030693114,Non-Switch
3259.0,0.004356022935752083,Non-Switch
326.0,0.004354416308761698,Non-Switch
3260.0,0.004355690391173266,Non-Switch
3261.0,0.004358017867321368,Non-Switch
3262.0,0.004355528821534467,Non-Switch
3263.0,0.004356010171414714,Non-Switch
3264.0,0.0043633127160040835,Non-Switch
3265.0,0.004399041439913602,Non-Switch
3266.0,0.004364171957451168,Non-Switch
3267.0,0.004364118884680003,Non-Switch
3268.0,0.004364079583957052,Non-Switch
3269.0,0.004370099648544481,Non-Switch
327.0,0.004354382718400202,Non-Switch
3270.0,0.004362654680822364,Non-Switch
3271.0,0.004367931390709872,Non-Switch
3272.0,0.004367938108782172,Non-Switch
3273.0,0.004365524305405022,Non-Switch
3274.0,0.004365539756971311,Non-Switch
3275.0,0.004363975789740028,Non-Switch
3276.0,0.004362884102991387,Non-Switch
3277.0,0.004371546385414141,Non-Switch
3278.0,0.004388082920378938,Non-Switch
3279.0,0.004512993382254812,Non-Switch
328.0,0.004354369618159218,Non-Switch
3280.0,0.004756178865996513,Non-Switch
3281.0,0.0049666258398091264,Non-Switch
3282.0,0.00442307534356445,Non-Switch
3283.0,0.00448789533595175,Non-Switch
3284.0,0.0044725475638803195,Non-Switch
3285.0,0.004373565166140089,Non-Switch
3286.0,0.004365244497693756,Non-Switch
3287.0,0.004367515877938159,Non-Switch
3288.0,0.004369790617218711,Non-Switch
3289.0,0.004359386338648742,Non-Switch
329.0,0.004354368610448373,Non-Switch
3290.0,0.00436325426877508,Non-Switch
3291.0,0.0043701268567372924,Non-Switch
3292.0,0.0043621572075686,Non-Switch
3293.0,0.0043597991641915355,Non-Switch
3294.0,0.004361953985881545,Non-Switch
3295.0,0.004359276498166647,Non-Switch
3296.0,0.004358599316478875,Non-Switch
3297.0,0.0043575318147905115,Non-Switch
3298.0,0.004356928531898032,Non-Switch
3299.0,0.004356541906837205,Non-Switch
33.0,0.004355679306353972,Non-Switch
330.0,0.004354374320809828,Non-Switch
3300.0,0.004355971878402608,Non-Switch
3301.0,0.00435645154876478,Non-Switch
3302.0,0.00435845084708106,Non-Switch
3303.0,0.004357582200332757,Non-Switch
3304.0,0.004357320195513083,Non-Switch
3305.0,0.004357948671176685,Non-Switch
3306.0,0.004357590262019516,Non-Switch
3307.0,0.0043600665434690485,Non-Switch
3308.0,0.0043590420374434,Non-Switch
3309.0,0.004363805150703625,Non-Switch
331.0,0.004354343753580865,Non-Switch
3310.0,0.00436190158491761,Non-Switch
3311.0,0.004359161619130329,Non-Switch
3312.0,0.004361127998892342,Non-Switch
3313.0,0.004387019785437569,Non-Switch
3314.0,0.0046543661443965755,Non-Switch
3315.0,0.0044862594853468645,Non-Switch
3316.0,0.004627244950620571,Non-Switch
3317.0,0.0044904959017388205,Non-Switch
3318.0,0.004420873495368345,Non-Switch
3319.0,0.004453633167225176,Non-Switch
332.0,0.004354347112617015,Non-Switch
3320.0,0.004399845929071447,Non-Switch
3321.0,0.004368147712637911,Non-Switch
3322.0,0.004546563589534557,Non-Switch
3323.0,0.004635346945813561,Non-Switch
3324.0,0.004405385315585858,Non-Switch
3325.0,0.004386834366642107,Non-Switch
3326.0,0.004531759645415756,Non-Switch
3327.0,0.004505033810194567,Non-Switch
3328.0,0.00449790996632836,Non-Switch
3329.0,0.004372230956981442,Non-Switch
333.0,0.004354352487074855,Non-Switch
3330.0,0.0043834162114562095,Non-Switch
3331.0,0.004371897068788166,Non-Switch
3332.0,0.0043585334793703415,Non-Switch
3333.0,0.0043571324253923165,Non-Switch
3334.0,0.004355800903462589,Non-Switch
3335.0,0.004355191910208655,Non-Switch
3336.0,0.00435485466297923,Non-Switch
3337.0,0.004360990950217436,Non-Switch
3338.0,0.004355668221534678,Non-Switch
3339.0,0.004355215423461703,Non-Switch
334.0,0.004354356853821849,Non-Switch
3340.0,0.004355509339124799,Non-Switch
3341.0,0.004354739112135681,Non-Switch
3342.0,0.004354558731894444,Non-Switch
3343.0,0.004354810323702054,Non-Switch
3344.0,0.004354842906352706,Non-Switch
3345.0,0.004354997757919205,Non-Switch
3346.0,0.004354711903942868,Non-Switch
3347.0,0.004355708865872089,Non-Switch
3348.0,0.004355126073100122,Non-Switch
3349.0,0.004355289994064226,Non-Switch
335.0,0.004354336363701336,Non-Switch
3350.0,0.004354906392135934,Non-Switch
3351.0,0.0043544952461112155,Non-Switch
3352.0,0.004354423026833997,Non-Switch
3353.0,0.0043545795579185715,Non-Switch
3354.0,0.004354412277918319,Non-Switch
3355.0,0.004354718286111553,Non-Switch
3356.0,0.004354503979605204,Non-Switch
3357.0,0.004355173099606218,Non-Switch
3358.0,0.004354935615750437,Non-Switch
3359.0,0.004355451227799409,Non-Switch
336.0,0.004354335020086877,Non-Switch
3360.0,0.004355512362257333,Non-Switch
3361.0,0.0043555795429803265,Non-Switch
3362.0,0.004355158991654389,Non-Switch
3363.0,0.004366708029744164,Non-Switch
3364.0,0.004357581864429142,Non-Switch
3365.0,0.0043550051477987345,Non-Switch
3366.0,0.0043547297068344615,Non-Switch
3367.0,0.004354712575750099,Non-Switch
3368.0,0.004355079718401257,Non-Switch
3369.0,0.00435484996032862,Non-Switch
337.0,0.004354335691894106,Non-Switch
3370.0,0.004354560747316134,Non-Switch
3371.0,0.0043545002846654395,Non-Switch
3372.0,0.004354697460087425,Non-Switch
3373.0,0.00435450498731605,Non-Switch
3374.0,0.004356385039849016,Non-Switch
3375.0,0.0043552362494858315,Non-Switch
3376.0,0.004354862724665989,Non-Switch
3377.0,0.0043559342571977315,Non-Switch
3378.0,0.004354887581533496,Non-Switch
3379.0,0.004355683673100966,Non-Switch
338.0,0.004354336363701336,Non-Switch
3380.0,0.0043584609241895085,Non-Switch
3381.0,0.004355280588763007,Non-Switch
3382.0,0.00435544316611265,Non-Switch
3383.0,0.004355557037438124,Non-Switch
3384.0,0.0043577776962366675,Non-Switch
3385.0,0.004355921492860362,Non-Switch
3386.0,0.004355737753582976,Non-Switch
3387.0,0.004355976245149602,Non-Switch
3388.0,0.004356358503463434,Non-Switch
3389.0,0.004357119996958563,Non-Switch
339.0,0.004354355846111004,Non-Switch
3390.0,0.004356100193583525,Non-Switch
3391.0,0.004357123355994713,Non-Switch
3392.0,0.004360790079855686,Non-Switch
3393.0,0.0043569359217775615,Non-Switch
3394.0,0.004357211362741834,Non-Switch
3395.0,0.00438605742158069,Non-Switch
3396.0,0.004433933092014624,Non-Switch
3397.0,0.004425620821158665,Non-Switch
3398.0,0.0044769999662966995,Non-Switch
3399.0,0.004518946937926476,Non-Switch
34.0,0.004364438664921451,Non-Switch
340.0,0.0043543534947856994,Non-Switch
3400.0,0.004415627688613415,Non-Switch
3401.0,0.004379131089040083,Non-Switch
3402.0,0.004358980902985477,Non-Switch
3403.0,0.004363322121305303,Non-Switch
3404.0,0.0043901890360447775,Non-Switch
3405.0,0.0043848636201330995,Non-Switch
3406.0,0.004366690562756187,Non-Switch
3407.0,0.004488998443423301,Non-Switch
3408.0,0.004429649649116573,Non-Switch
3409.0,0.00435955328274538,Non-Switch
341.0,0.004354359876954384,Non-Switch
3410.0,0.00435944646539582,Non-Switch
3411.0,0.004357763588284839,Non-Switch
3412.0,0.004420011902595956,Non-Switch
3413.0,0.004357373268284248,Non-Switch
3414.0,0.004359089063949496,Non-Switch
3415.0,0.0043591770706966175,Non-Switch
3416.0,0.004358069260574458,Non-Switch
3417.0,0.004357588246597826,Non-Switch
3418.0,0.004357372596477018,Non-Switch
3419.0,0.004358559008045079,Non-Switch
342.0,0.004354356853821849,Non-Switch
3420.0,0.004358084040333517,Non-Switch
3421.0,0.004355920149245903,Non-Switch
3422.0,0.004355294696714835,Non-Switch
3423.0,0.004355255395991884,Non-Switch
3424.0,0.00435524162394367,Non-Switch
3425.0,0.004355742456233586,Non-Switch
3426.0,0.004355643364667171,Non-Switch
3427.0,0.004355840204185541,Non-Switch
3428.0,0.004355710545390164,Non-Switch
3429.0,0.004355443837919881,Non-Switch
343.0,0.0043543649155086085,Non-Switch
3430.0,0.004356777375271298,Non-Switch
3431.0,0.004356961786355914,Non-Switch
3432.0,0.0043559806118965965,Non-Switch
3433.0,0.004356940624428171,Non-Switch
3434.0,0.004356367908764653,Non-Switch
3435.0,0.004355776718402312,Non-Switch
3436.0,0.004355989009486971,Non-Switch
3437.0,0.004355374641775198,Non-Switch
3438.0,0.0043564905135841155,Non-Switch
3439.0,0.004355751861534805,Non-Switch
344.0,0.0043543632359905335,Non-Switch
3440.0,0.004379134448076232,Non-Switch
3441.0,0.004368939773362002,Non-Switch
3442.0,0.0043665242904667775,Non-Switch
3443.0,0.004357668527561803,Non-Switch
3444.0,0.004357535845633891,Non-Switch
3445.0,0.0043722967940899755,Non-Switch
3446.0,0.004359836785396412,Non-Switch
3447.0,0.004373378067826552,Non-Switch
3448.0,0.004383833067842383,Non-Switch
3449.0,0.004368986128060867,Non-Switch
345.0,0.004354370625870063,Non-Switch
3450.0,0.0043739272702370225,Non-Switch
3451.0,0.004363613013835864,Non-Switch
3452.0,0.004366016404200948,Non-Switch
3453.0,0.004364485691427547,Non-Switch
3454.0,0.004364458147331119,Non-Switch
3455.0,0.00436370471552275,Non-Switch
3456.0,0.004366738261069512,Non-Switch
3457.0,0.0043653227632360425,Non-Switch
3458.0,0.00436539968516387,Non-Switch
3459.0,0.004364616022030154,Non-Switch
346.0,0.004354365587315838,Non-Switch
3460.0,0.004363528366124893,Non-Switch
3461.0,0.0043625172962438435,Non-Switch
3462.0,0.004363563300100849,Non-Switch
3463.0,0.004365426221549453,Non-Switch
3464.0,0.004364893478416116,Non-Switch
3465.0,0.004362874025882937,Non-Switch
3466.0,0.0043665108543221795,Non-Switch
3467.0,0.004367356659624665,Non-Switch
3468.0,0.004367971699143668,Non-Switch
3469.0,0.004367286455769137,Non-Switch
347.0,0.004354360548761614,Non-Switch
3470.0,0.004368078180589613,Non-Switch
3471.0,0.004364992569982531,Non-Switch
3472.0,0.004363286515522116,Non-Switch
3473.0,0.004367081554564007,Non-Switch
3474.0,0.004368116137698104,Non-Switch
3475.0,0.004364338565644191,Non-Switch
3476.0,0.004361464238410924,Non-Switch
3477.0,0.0043594011184078,Non-Switch
3478.0,0.00435965002298649,Non-Switch
3479.0,0.004359668161781698,Non-Switch
348.0,0.0043543484562314745,Non-Switch
3480.0,0.004359832754553032,Non-Switch
3481.0,0.004357290635994966,Non-Switch
3482.0,0.004356284940571756,Non-Switch
3483.0,0.004355908728522994,Non-Switch
3484.0,0.004358032311176812,Non-Switch
3485.0,0.004355477764184992,Non-Switch
3486.0,0.004355517064907943,Non-Switch
3487.0,0.00435524498297982,Non-Switch
3488.0,0.004355162350690538,Non-Switch
3489.0,0.00435514622731702,Non-Switch
349.0,0.004354356853821849,Non-Switch
3490.0,0.004355632615751491,Non-Switch
3491.0,0.0043552594268352635,Non-Switch
3492.0,0.004355273870690708,Non-Switch
3493.0,0.004355863717438588,Non-Switch
3494.0,0.004356456251415389,Non-Switch
3495.0,0.004358012828767144,Non-Switch
3496.0,0.004359530105395947,Non-Switch
3497.0,0.0043591260133471425,Non-Switch
3498.0,0.004360467276481704,Non-Switch
3499.0,0.0043613060278082745,Non-Switch
35.0,0.004358076650453987,Non-Switch
350.0,0.004354415636954468,Non-Switch
3500.0,0.004366300242755595,Non-Switch
3501.0,0.004362103462990205,Non-Switch
3502.0,0.004363923052872478,Non-Switch
3503.0,0.004363911296245954,Non-Switch
3504.0,0.004363709418173359,Non-Switch
3505.0,0.004364975438898168,Non-Switch
3506.0,0.004359824356962657,Non-Switch
3507.0,0.004363384935281302,Non-Switch
3508.0,0.004364174644680088,Non-Switch
3509.0,0.004364015426366594,Non-Switch
351.0,0.004354366930930298,Non-Switch
3510.0,0.004370284731436327,Non-Switch
3511.0,0.004368857812879949,Non-Switch
3512.0,0.004361561314555649,Non-Switch
3513.0,0.004357923814309178,Non-Switch
3514.0,0.004360161940095699,Non-Switch
3515.0,0.004369538353603872,Non-Switch
3516.0,0.0043590138215397435,Non-Switch
3517.0,0.0043584048282858095,Non-Switch
3518.0,0.004373148981561146,Non-Switch
3519.0,0.0043738644562610245,Non-Switch
352.0,0.0043543534947856994,Non-Switch
3520.0,0.00436665159793685,Non-Switch
3521.0,0.0043596359150346615,Non-Switch
3522.0,0.004360934518410122,Non-Switch
3523.0,0.004359368199853533,Non-Switch
3524.0,0.00435724831213948,Non-Switch
3525.0,0.0043583964306954355,Non-Switch
3526.0,0.004356193238884871,Non-Switch
3527.0,0.004356182154065576,Non-Switch
3528.0,0.004355891933342245,Non-Switch
3529.0,0.0043564723747889075,Non-Switch
353.0,0.00435434543309894,Non-Switch
3530.0,0.004359786399854166,Non-Switch
3531.0,0.0043568123092472535,Non-Switch
3532.0,0.004362016128050313,Non-Switch
3533.0,0.004373259493850469,Non-Switch
3534.0,0.004360878758410037,Non-Switch
3535.0,0.0043554243555102125,Non-Switch
3536.0,0.004357512332380843,Non-Switch
3537.0,0.004355914774788063,Non-Switch
3538.0,0.004355702147799789,Non-Switch
3539.0,0.0043570581906934094,Non-Switch
354.0,0.004354344425388095,Non-Switch
3540.0,0.004360360795035759,Non-Switch
3541.0,0.004357410553585509,Non-Switch
3542.0,0.0043589016297323445,Non-Switch
3543.0,0.0043572926514166554,Non-Switch
3544.0,0.0043595781396128875,Non-Switch
3545.0,0.0043601276779269725,Non-Switch
3546.0,0.00570799669297983,Non-Switch
3547.0,0.0048923609095762,Non-Switch
3548.0,0.004501743298382356,Non-Switch
3549.0,0.013786870968344586,Non-Switch
355.0,0.004354337371412181,Non-Switch
3550.0,0.005433709557624772,Non-Switch
3551.0,0.005062754736340218,Non-Switch
3552.0,0.005181451653146442,Non-Switch
3553.0,0.030168153969533037,Non-Switch
3554.0,0.06485847350543116,Non-Switch
3555.0,0.006458408056043739,Non-Switch
3556.0,0.006235854444140505,Non-Switch
3557.0,0.0074033277663901045,Non-Switch
3558.0,0.008842144028809581,Non-Switch
3559.0,0.009598742736461172,Non-Switch
356.0,0.004354335691894106,Non-Switch
3560.0,0.011205527601544607,Non-Switch
3561.0,0.02794853244135303,Non-Switch
3562.0,0.007848130661521412,Non-Switch
3563.0,0.005629635082258773,Non-Switch
3564.0,0.006120961299870159,Non-Switch
3565.0,0.0047809228698894,Non-Switch
3566.0,0.005257084718803128,Non-Switch
3567.0,0.005978536151702706,Non-Switch
3568.0,0.006831305407933644,Non-Switch
3569.0,0.006175904382362988,Non-Switch
357.0,0.004354335691894106,Non-Switch
3570.0,0.004376172114095843,Non-Switch
3571.0,0.004369269630711899,Non-Switch
3572.0,0.004374486885659557,Non-Switch
3573.0,0.004383701393625316,Non-Switch
3574.0,0.00437115203457017,Non-Switch
3575.0,0.004366459125165474,Non-Switch
3576.0,0.004364039611426871,Non-Switch
3577.0,0.004366546124201751,Non-Switch
3578.0,0.004389724145441664,Non-Switch
3579.0,0.004370776158425023,Non-Switch
358.0,0.004354335020086877,Non-Switch
3580.0,0.004376284641806857,Non-Switch
3581.0,0.004365981806128607,Non-Switch
3582.0,0.004361374216242113,Non-Switch
3583.0,0.004364139038896902,Non-Switch
3584.0,0.0043615337704592215,Non-Switch
3585.0,0.004394084846171158,Non-Switch
3586.0,0.004399433439432269,Non-Switch
3587.0,0.004357266786838303,Non-Switch
3588.0,0.004373095236982751,Non-Switch
3589.0,0.004356829104428002,Non-Switch
359.0,0.004354335020086877,Non-Switch
3590.0,0.004388523625921774,Non-Switch
3591.0,0.0043552658090039486,Non-Switch
3592.0,0.004357112271175419,Non-Switch
3593.0,0.004358118638405858,Non-Switch
3594.0,0.004355663182980454,Non-Switch
3595.0,0.004355772351655318,Non-Switch
3596.0,0.004355707522257629,Non-Switch
3597.0,0.004356159984426989,Non-Switch
3598.0,0.004356112286113664,Non-Switch
3599.0,0.00435665107551207,Non-Switch
36.0,0.004357809271176474,Non-Switch
360.0,0.004354334348279646,Non-Switch
3600.0,0.004355381695751111,Non-Switch
3601.0,0.00435604712081236,Non-Switch
3602.0,0.004354996750208361,Non-Switch
3603.0,0.0043594179135885485,Non-Switch
3604.0,0.004377688047110187,Non-Switch
3605.0,0.004358774994069502,Non-Switch
3606.0,0.004355386734305336,Non-Switch
3607.0,0.004355022614786713,Non-Switch
3608.0,0.004354703506352494,Non-Switch
3609.0,0.004354985665389066,Non-Switch
361.0,0.004354335691894106,Non-Switch
3610.0,0.004354543952135385,Non-Switch
3611.0,0.004354537905870316,Non-Switch
3612.0,0.004354562090930594,Non-Switch
3613.0,0.004354620202255983,Non-Switch
3614.0,0.004354929905388982,Non-Switch
3615.0,0.004355488177197056,Non-Switch
3616.0,0.004354965175268554,Non-Switch
3617.0,0.004355979940089367,Non-Switch
3618.0,0.004356642006114466,Non-Switch
3619.0,0.00435473978394291,Non-Switch
362.0,0.004354336363701336,Non-Switch
3620.0,0.004355638326112946,Non-Switch
3621.0,0.00435594299069172,Non-Switch
3622.0,0.004355528485630852,Non-Switch
3623.0,0.004355410247558384,Non-Switch
3624.0,0.004355198628280955,Non-Switch
3625.0,0.004355029332859012,Non-Switch
3626.0,0.004355312835510043,Non-Switch
3627.0,0.004354814354545433,Non-Switch
3628.0,0.00435460374297885,Non-Switch
3629.0,0.004354482481773846,Non-Switch
363.0,0.004354337371412181,Non-Switch
3630.0,0.004354447883701505,Non-Switch
3631.0,0.004354513049002809,Non-Switch
3632.0,0.004354526149243792,Non-Switch
3633.0,0.004354624233099362,Non-Switch
3634.0,0.004354503979605204,Non-Switch
3635.0,0.004354587283701716,Non-Switch
3636.0,0.004354584932376411,Non-Switch
3637.0,0.0043544838253883065,Non-Switch
3638.0,0.004354581573340261,Non-Switch
3639.0,0.004354607773822229,Non-Switch
364.0,0.004354340730448331,Non-Switch
3640.0,0.004354630951171661,Non-Switch
3641.0,0.0043546470745451805,Non-Switch
3642.0,0.004354619530448753,Non-Switch
3643.0,0.004354631958882507,Non-Switch
3644.0,0.0043546010557499295,Non-Switch
3645.0,0.0043545993762318545,Non-Switch
3646.0,0.004354522790207643,Non-Switch
3647.0,0.004354622889484902,Non-Switch
3648.0,0.0043545661217739735,Non-Switch
3649.0,0.004354457624906339,Non-Switch
365.0,0.004354339722737486,Non-Switch
3650.0,0.004354459304424414,Non-Switch
3651.0,0.004354448555508735,Non-Switch
3652.0,0.004354521446593183,Non-Switch
3653.0,0.004354467030207558,Non-Switch
3654.0,0.004354461655749719,Non-Switch
3655.0,0.004354390444183346,Non-Switch
3656.0,0.004354456617195494,Non-Switch
3657.0,0.004354431424424371,Non-Switch
3658.0,0.004354438814303901,Non-Switch
3659.0,0.004354403208520714,Non-Switch
366.0,0.004354340730448331,Non-Switch
3660.0,0.004354502300087129,Non-Switch
3661.0,0.004354883550690116,Non-Switch
3662.0,0.004354616507316218,Non-Switch
3663.0,0.0043545812374366465,Non-Switch
3664.0,0.004354547311171535,Non-Switch
3665.0,0.004354397834062875,Non-Switch
3666.0,0.004354421347315922,Non-Switch
3667.0,0.00435435282297847,Non-Switch
3668.0,0.0043543417381591756,Non-Switch
3669.0,0.004354335691894106,Non-Switch
367.0,0.004354340730448331,Non-Switch
3670.0,0.004354339722737486,Non-Switch
3671.0,0.004354335691894106,Non-Switch
3672.0,0.004354341066351946,Non-Switch
3673.0,0.004354335020086877,Non-Switch
3674.0,0.004354335691894106,Non-Switch
3675.0,0.004354333340568802,Non-Switch
3676.0,0.004354332668761571,Non-Switch
3677.0,0.004354332668761571,Non-Switch
3678.0,0.004354332668761571,Non-Switch
3679.0,0.004354332668761571,Non-Switch
368.0,0.004354337371412181,Non-Switch
3680.0,0.004354332668761571,Non-Switch
3681.0,0.004354332668761571,Non-Switch
3682.0,0.004354332668761571,Non-Switch
3683.0,0.004354332668761571,Non-Switch
3684.0,0.004354332668761571,Non-Switch
3685.0,0.004354332668761571,Non-Switch
3686.0,0.004354332668761571,Non-Switch
3687.0,0.004354332668761571,Non-Switch
3688.0,0.004354332668761571,Non-Switch
3689.0,0.004354332668761571,Non-Switch
369.0,0.004354344425388095,Non-Switch
3690.0,0.004354332668761571,Non-Switch
3691.0,0.004354332668761571,Non-Switch
3692.0,0.004354332668761571,Non-Switch
3693.0,0.004354332668761571,Non-Switch
3694.0,0.004354332668761571,Non-Switch
3695.0,0.004354332668761571,Non-Switch
3696.0,0.004354332668761571,Non-Switch
3697.0,0.004354332668761571,Non-Switch
3698.0,0.004354332668761571,Non-Switch
3699.0,0.004354332668761571,Non-Switch
37.0,0.004358024921297283,Non-Switch
370.0,0.004354339050930256,Non-Switch
3700.0,0.004354332668761571,Non-Switch
3701.0,0.004354332668761571,Non-Switch
3702.0,0.004354332668761571,Non-Switch
3703.0,0.004354332668761571,Non-Switch
3704.0,0.004354332668761571,Non-Switch
3705.0,0.004354332668761571,Non-Switch
3706.0,0.004354332668761571,Non-Switch
3707.0,0.004354332668761571,Non-Switch
3708.0,0.004354332668761571,Non-Switch
3709.0,0.004354332668761571,Non-Switch
371.0,0.004354340730448331,Non-Switch
3710.0,0.004354332668761571,Non-Switch
3711.0,0.004354332668761571,Non-Switch
3712.0,0.004354332668761571,Non-Switch
3713.0,0.004354332668761571,Non-Switch
3714.0,0.004354332668761571,Non-Switch
3715.0,0.004354332668761571,Non-Switch
3716.0,0.004354332668761571,Non-Switch
3717.0,0.004354332668761571,Non-Switch
3718.0,0.004354332668761571,Non-Switch
3719.0,0.004354332668761571,Non-Switch
372.0,0.004354343753580865,Non-Switch
3720.0,0.004354332668761571,Non-Switch
3721.0,0.004354332668761571,Non-Switch
3722.0,0.004354332668761571,Non-Switch
3723.0,0.004354332668761571,Non-Switch
3724.0,0.004354332668761571,Non-Switch
3725.0,0.004354332668761571,Non-Switch
3726.0,0.004354332668761571,Non-Switch
3727.0,0.004354332668761571,Non-Switch
3728.0,0.004354332668761571,Non-Switch
3729.0,0.004354332668761571,Non-Switch
373.0,0.004354347784424245,Non-Switch
3730.0,0.004354332668761571,Non-Switch
3731.0,0.004354332668761571,Non-Switch
3732.0,0.004354332668761571,Non-Switch
3733.0,0.004354332668761571,Non-Switch
3734.0,0.004354332668761571,Non-Switch
3735.0,0.004354332668761571,Non-Switch
3736.0,0.004354332668761571,Non-Switch
3737.0,0.004354332668761571,Non-Switch
3738.0,0.004354332668761571,Non-Switch
3739.0,0.004354332668761571,Non-Switch
374.0,0.004354352151171239,Non-Switch
3740.0,0.004354332668761571,Non-Switch
3741.0,0.004354332668761571,Non-Switch
3742.0,0.004354332668761571,Non-Switch
3743.0,0.004354332668761571,Non-Switch
3744.0,0.004354332668761571,Non-Switch
3745.0,0.004354332668761571,Non-Switch
3746.0,0.004354332668761571,Non-Switch
3747.0,0.004354332668761571,Non-Switch
3748.0,0.004354332668761571,Non-Switch
3749.0,0.004354332668761571,Non-Switch
375.0,0.0043543534947856994,Non-Switch
3750.0,0.004354332668761571,Non-Switch
3751.0,0.004354332668761571,Non-Switch
3752.0,0.004354332668761571,Non-Switch
3753.0,0.004354332668761571,Non-Switch
3754.0,0.004354332668761571,Non-Switch
3755.0,0.004354332668761571,Non-Switch
3756.0,0.004354332668761571,Non-Switch
3757.0,0.004354332668761571,Non-Switch
3758.0,0.004354332668761571,Non-Switch
3759.0,0.004354332668761571,Non-Switch
376.0,0.00435434610490617,Non-Switch
3760.0,0.004354332668761571,Non-Switch
3761.0,0.004354332668761571,Non-Switch
3762.0,0.004354332668761571,Non-Switch
3763.0,0.004354332668761571,Non-Switch
3764.0,0.004354332668761571,Non-Switch
3765.0,0.004354332668761571,Non-Switch
3766.0,0.004354332668761571,Non-Switch
3767.0,0.004354332668761571,Non-Switch
3768.0,0.004354332668761571,Non-Switch
3769.0,0.004354332668761571,Non-Switch
377.0,0.004354343081773636,Non-Switch
3770.0,0.004354332668761571,Non-Switch
3771.0,0.004354332668761571,Non-Switch
3772.0,0.004354332668761571,Non-Switch
3773.0,0.004354332668761571,Non-Switch
3774.0,0.004354332668761571,Non-Switch
3775.0,0.004354332668761571,Non-Switch
3776.0,0.004354332668761571,Non-Switch
3777.0,0.004354332668761571,Non-Switch
3778.0,0.004354332668761571,Non-Switch
3779.0,0.004354332668761571,Non-Switch
378.0,0.00435434543309894,Non-Switch
3780.0,0.004354332668761571,Non-Switch
3781.0,0.004354332668761571,Non-Switch
3782.0,0.004354332668761571,Non-Switch
3783.0,0.004354332668761571,Non-Switch
3784.0,0.004354332668761571,Non-Switch
3785.0,0.004354332668761571,Non-Switch
3786.0,0.004354332668761571,Non-Switch
3787.0,0.004354332668761571,Non-Switch
3788.0,0.004354332668761571,Non-Switch
3789.0,0.004354332668761571,Non-Switch
379.0,0.004354347112617015,Non-Switch
3790.0,0.004354332668761571,Non-Switch
3791.0,0.004354332668761571,Non-Switch
3792.0,0.004354332668761571,Non-Switch
3793.0,0.004354332668761571,Non-Switch
3794.0,0.004354332668761571,Non-Switch
3795.0,0.004354332668761571,Non-Switch
3796.0,0.004354332668761571,Non-Switch
3797.0,0.004354332668761571,Non-Switch
3798.0,0.004354332668761571,Non-Switch
3799.0,0.004354332668761571,Non-Switch
38.0,0.004363145436003831,Non-Switch
380.0,0.004354343081773636,Non-Switch
3800.0,0.004354332668761571,Non-Switch
3801.0,0.004354334348279646,Non-Switch
3802.0,0.004354334348279646,Non-Switch
3803.0,0.004354334348279646,Non-Switch
3804.0,0.004354334348279646,Non-Switch
3805.0,0.004354382046592971,Non-Switch
3806.0,0.004354339050930256,Non-Switch
3807.0,0.004354338043219411,Non-Switch
3808.0,0.004354338043219411,Non-Switch
3809.0,0.004354339722737486,Non-Switch
381.0,0.004354340730448331,Non-Switch
3810.0,0.004354354166592929,Non-Switch
3811.0,0.0043543534947856994,Non-Switch
3812.0,0.0043544243704484575,Non-Switch
3813.0,0.004354370289966448,Non-Switch
3814.0,0.004354345769002555,Non-Switch
3815.0,0.004354360212857998,Non-Switch
3816.0,0.004354403208520714,Non-Switch
3817.0,0.004354452586352114,Non-Switch
3818.0,0.004354427393580992,Non-Switch
3819.0,0.004354455945388264,Non-Switch
382.0,0.00435434543309894,Non-Switch
3820.0,0.004354461319846104,Non-Switch
3821.0,0.004354483153581077,Non-Switch
3822.0,0.004354476099605162,Non-Switch
3823.0,0.004354542272617311,Non-Switch
3824.0,0.004354884894304576,Non-Switch
3825.0,0.004354876832617817,Non-Switch
3826.0,0.0043557676490047085,Non-Switch
3827.0,0.004354798231171915,Non-Switch
3828.0,0.004354767999846568,Non-Switch
3829.0,0.004354717278400708,Non-Switch
383.0,0.004354343081773636,Non-Switch
3830.0,0.004355847929968685,Non-Switch
3831.0,0.004354988352617986,Non-Switch
3832.0,0.004355216095268934,Non-Switch
3833.0,0.004355735066354056,Non-Switch
3834.0,0.00435504679984699,Non-Switch
3835.0,0.004355590291896006,Non-Switch
3836.0,0.004355092482738626,Non-Switch
3837.0,0.0043561505791257695,Non-Switch
3838.0,0.004355611789727364,Non-Switch
3839.0,0.004355689047558806,Non-Switch
384.0,0.004354341066351946,Non-Switch
3840.0,0.004355187879365276,Non-Switch
3841.0,0.004354952746834799,Non-Switch
3842.0,0.004355457609968094,Non-Switch
3843.0,0.004355270511654558,Non-Switch
3844.0,0.004355397483221015,Non-Switch
3845.0,0.004354761953581499,Non-Switch
3846.0,0.004354456281291879,Non-Switch
3847.0,0.0043544509068340394,Non-Switch
3848.0,0.004354597360810165,Non-Switch
3849.0,0.004354418995990618,Non-Switch
385.0,0.004354341066351946,Non-Switch
3850.0,0.004354392123701421,Non-Switch
3851.0,0.004358818325635833,Non-Switch
3852.0,0.004356505965150404,Non-Switch
3853.0,0.004356508652379324,Non-Switch
3854.0,0.004355749174305885,Non-Switch
3855.0,0.004356174428282432,Non-Switch
3856.0,0.004355567450450188,Non-Switch
3857.0,0.004354857350208149,Non-Switch
3858.0,0.004354588963219791,Non-Switch
3859.0,0.004354463335267794,Non-Switch
386.0,0.004354354166592929,Non-Switch
3860.0,0.004354343081773636,Non-Switch
3861.0,0.004354338715026641,Non-Switch
3862.0,0.004354340730448331,Non-Switch
3863.0,0.004354338043219411,Non-Switch
3864.0,0.004354347784424245,Non-Switch
3865.0,0.00435434408948448,Non-Switch
3866.0,0.00435435483840016,Non-Switch
3867.0,0.004354409926593014,Non-Switch
3868.0,0.004354582581051107,Non-Switch
3869.0,0.004354584932376411,Non-Switch
387.0,0.004354356853821849,Non-Switch
3870.0,0.004354542272617311,Non-Switch
3871.0,0.004354848952617775,Non-Switch
3872.0,0.004354855334786459,Non-Switch
3873.0,0.004354860373340684,Non-Switch
3874.0,0.004354521110689568,Non-Switch
3875.0,0.004354578550207727,Non-Switch
3876.0,0.004354873473581667,Non-Switch
3877.0,0.004354648754063255,Non-Switch
3878.0,0.00435525371647381,Non-Switch
3879.0,0.004354907399846779,Non-Switch
388.0,0.004354355846111004,Non-Switch
3880.0,0.004354839547316556,Non-Switch
3881.0,0.0043549655111721685,Non-Switch
3882.0,0.004355087444184401,Non-Switch
3883.0,0.0043551751150279075,Non-Switch
3884.0,0.004354709552617564,Non-Switch
3885.0,0.004354909751172084,Non-Switch
3886.0,0.00435550127743804,Non-Switch
3887.0,0.004354962823943248,Non-Switch
3888.0,0.004362033259134677,Non-Switch
3889.0,0.004356280237921147,Non-Switch
389.0,0.0043543484562314745,Non-Switch
3890.0,0.004358387697201446,Non-Switch
3891.0,0.004360864650458209,Non-Switch
3892.0,0.0043611689791333685,Non-Switch
3893.0,0.0043594773685283975,Non-Switch
3894.0,0.004360192843228276,Non-Switch
3895.0,0.004364104104920945,Non-Switch
3896.0,0.004358268115514518,Non-Switch
3897.0,0.004354376672135132,Non-Switch
3898.0,0.004354456617195494,Non-Switch
3899.0,0.004354355846111004,Non-Switch
39.0,0.004360638251421721,Non-Switch
390.0,0.0043543615564724586,Non-Switch
3900.0,0.004354343081773636,Non-Switch
3901.0,0.004354343081773636,Non-Switch
3902.0,0.004354341066351946,Non-Switch
3903.0,0.004354339050930256,Non-Switch
3904.0,0.004354342409966405,Non-Switch
3905.0,0.004354349128038705,Non-Switch
3906.0,0.004354362228279688,Non-Switch
3907.0,0.00435439884177372,Non-Switch
3908.0,0.004354352151171239,Non-Switch
3909.0,0.004354547982978765,Non-Switch
391.0,0.0043543534947856994,Non-Switch
3910.0,0.004355221805630387,Non-Switch
3911.0,0.0043546124764728385,Non-Switch
3912.0,0.004354753220087509,Non-Switch
3913.0,0.004354786810449006,Non-Switch
3914.0,0.004354941997919121,Non-Switch
3915.0,0.004356004125149644,Non-Switch
3916.0,0.00435555267069113,Non-Switch
3917.0,0.004355874466354268,Non-Switch
3918.0,0.004358483093828097,Non-Switch
3919.0,0.004356127065872722,Non-Switch
392.0,0.00435434543309894,Non-Switch
3920.0,0.004358209668285514,Non-Switch
3921.0,0.004357566076959239,Non-Switch
3922.0,0.004356518393584158,Non-Switch
3923.0,0.004356888559367851,Non-Switch
3924.0,0.0043608075468436645,Non-Switch
3925.0,0.004369074806615218,Non-Switch
3926.0,0.0043660654461287335,Non-Switch
3927.0,0.004373478838911042,Non-Switch
3928.0,0.004372687114090567,Non-Switch
3929.0,0.004375274243733038,Non-Switch
393.0,0.004354343753580865,Non-Switch
3930.0,0.004409354688603917,Non-Switch
3931.0,0.004398929919913434,Non-Switch
3932.0,0.004370437231677521,Non-Switch
3933.0,0.004409083950290254,Non-Switch
3934.0,0.004389644872188532,Non-Switch
3935.0,0.004423847250071643,Non-Switch
3936.0,0.004393747934845347,Non-Switch
3937.0,0.00439346745532685,Non-Switch
3938.0,0.004586969771282482,Non-Switch
3939.0,0.004400690054855857,Non-Switch
394.0,0.004354338043219411,Non-Switch
3940.0,0.004921645658536203,Non-Switch
3941.0,0.004449206629387148,Non-Switch
3942.0,0.004465440851098475,Non-Switch
3943.0,0.004410603242340746,Non-Switch
3944.0,0.0044024730312441,Non-Switch
3945.0,0.004597535619491251,Non-Switch
3946.0,0.004390778546889043,Non-Switch
3947.0,0.004372569547825328,Non-Switch
3948.0,0.004524961628056066,Non-Switch
3949.0,0.0047716774587910635,Non-Switch
395.0,0.004354337371412181,Non-Switch
3950.0,0.004427396407667378,Non-Switch
3951.0,0.0045853087279064736,Non-Switch
3952.0,0.004375836210480877,Non-Switch
3953.0,0.004398369632683669,Non-Switch
3954.0,0.004422579549828759,Non-Switch
3955.0,0.004401723294375494,Non-Switch
3956.0,0.004383714157962685,Non-Switch
3957.0,0.004393749614363422,Non-Switch
3958.0,0.004378924844220493,Non-Switch
3959.0,0.004361437702025342,Non-Switch
396.0,0.004354335691894106,Non-Switch
3960.0,0.004363539115040571,Non-Switch
3961.0,0.004359261046600359,Non-Switch
3962.0,0.0043686529116748205,Non-Switch
3963.0,0.004363211609015979,Non-Switch
3964.0,0.004368720764205043,Non-Switch
3965.0,0.004374785839876877,Non-Switch
3966.0,0.0043704714938462485,Non-Switch
3967.0,0.004363430954076552,Non-Switch
3968.0,0.0043636079752816396,Non-Switch
3969.0,0.004369358645169865,Non-Switch
397.0,0.004354334348279646,Non-Switch
3970.0,0.0043618918437127755,Non-Switch
3971.0,0.004359604340094855,Non-Switch
3972.0,0.004363183729015937,Non-Switch
3973.0,0.004359078986841047,Non-Switch
3974.0,0.004357603698164115,Non-Switch
3975.0,0.004357575818164073,Non-Switch
3976.0,0.004356355816234514,Non-Switch
3977.0,0.004355476756474147,Non-Switch
3978.0,0.004355709201775704,Non-Switch
3979.0,0.0043586523892500395,Non-Switch
398.0,0.004354334348279646,Non-Switch
3980.0,0.004356170061535438,Non-Switch
3981.0,0.004357059534307869,Non-Switch
3982.0,0.004355286970931691,Non-Switch
3983.0,0.0043552674885220235,Non-Switch
3984.0,0.004356797529488195,Non-Switch
3985.0,0.004355118683220593,Non-Switch
3986.0,0.004358472344912418,Non-Switch
3987.0,0.004355678970450357,Non-Switch
3988.0,0.004355014553099954,Non-Switch
3989.0,0.0043559970711737304,Non-Switch
399.0,0.004354333340568802,Non-Switch
3990.0,0.004355359862016139,Non-Switch
3991.0,0.004355060235991589,Non-Switch
3992.0,0.004355284283702771,Non-Switch
3993.0,0.0043553319820160965,Non-Switch
3994.0,0.004355112972859138,Non-Switch
3995.0,0.004355126744907352,Non-Switch
3996.0,0.004356374290933338,Non-Switch
3997.0,0.00435544518153434,Non-Switch
3998.0,0.004355243975268976,Non-Switch
3999.0,0.00436205240564073,Non-Switch
4.0,0.12998024170041758,Non-Switch
40.0,0.004361857581544049,Non-Switch
400.0,0.004354332668761571,Non-Switch
4000.0,0.004355535539606766,Non-Switch
4001.0,0.004356291322740441,Non-Switch
4002.0,0.004356969176235443,Non-Switch
4003.0,0.0043570037743077845,Non-Switch
4004.0,0.004356209698162004,Non-Switch
4005.0,0.004355441822498191,Non-Switch
4006.0,0.004355558716956199,Non-Switch
4007.0,0.004355623882257503,Non-Switch
4008.0,0.0043552147516544735,Non-Switch
4009.0,0.004355313507317274,Non-Switch
401.0,0.004354332668761571,Non-Switch
4010.0,0.004354923187316682,Non-Switch
4011.0,0.004354937295268511,Non-Switch
4012.0,0.00435484592948524,Non-Switch
4013.0,0.0043549393106902005,Non-Switch
4014.0,0.004354884222497347,Non-Switch
4015.0,0.004354869442738288,Non-Switch
4016.0,0.004354678985388602,Non-Switch
4017.0,0.004355273870690708,Non-Switch
4018.0,0.004354740119846526,Non-Switch
4019.0,0.004354962823943248,Non-Switch
402.0,0.004354332668761571,Non-Switch
4020.0,0.004354719965629627,Non-Switch
4021.0,0.00435515294538932,Non-Switch
4022.0,0.004354869442738288,Non-Switch
4023.0,0.004355580214787557,Non-Switch
4024.0,0.0043556406774382505,Non-Switch
4025.0,0.004356068618643718,Non-Switch
4026.0,0.004354728363220002,Non-Switch
4027.0,0.004355010522256573,Non-Switch
4028.0,0.004354675290448837,Non-Switch
4029.0,0.004357141830693536,Non-Switch
403.0,0.004354332668761571,Non-Switch
4030.0,0.004357326913585383,Non-Switch
4031.0,0.0043555217675585525,Non-Switch
4032.0,0.00436625120082781,Non-Switch
4033.0,0.004355378000811347,Non-Switch
4034.0,0.004355046128039761,Non-Switch
4035.0,0.004355538898642916,Non-Switch
4036.0,0.004355380688040267,Non-Switch
4037.0,0.004355281260570236,Non-Switch
4038.0,0.004354958121292639,Non-Switch
4039.0,0.00435505284611206,Non-Switch
404.0,0.004354332668761571,Non-Switch
4040.0,0.004355466007558468,Non-Switch
4041.0,0.00435444486056897,Non-Switch
4042.0,0.004354992383461365,Non-Switch
4043.0,0.004356157969005299,Non-Switch
4044.0,0.004355424691413827,Non-Switch
4045.0,0.004355924851896512,Non-Switch
4046.0,0.004354601391653544,Non-Switch
4047.0,0.004355582230209247,Non-Switch
4048.0,0.004355523782980242,Non-Switch
4049.0,0.004354984321774606,Non-Switch
405.0,0.004354332668761571,Non-Switch
4050.0,0.004354857350208149,Non-Switch
4051.0,0.004355237593100291,Non-Switch
4052.0,0.0043549655111721685,Non-Switch
4053.0,0.004354753555991124,Non-Switch
4054.0,0.004354768335750183,Non-Switch
4055.0,0.004354957449485409,Non-Switch
4056.0,0.004354484497195536,Non-Switch
4057.0,0.004354541264906466,Non-Switch
4058.0,0.004354577542496882,Non-Switch
4059.0,0.004354588963219791,Non-Switch
406.0,0.004354332668761571,Non-Switch
4060.0,0.0043545876196053315,Non-Switch
4061.0,0.0043544952461112155,Non-Switch
4062.0,0.004354536226352241,Non-Switch
4063.0,0.004354786810449006,Non-Switch
4064.0,0.004354522790207643,Non-Switch
4065.0,0.0043548304779189514,Non-Switch
4066.0,0.0043545416008100805,Non-Switch
4067.0,0.004354499948761825,Non-Switch
4068.0,0.004354475091894318,Non-Switch
4069.0,0.004354511033581119,Non-Switch
407.0,0.004354334348279646,Non-Switch
4070.0,0.004354709216713949,Non-Switch
4071.0,0.004354524805629333,Non-Switch
4072.0,0.004354598704424625,Non-Switch
4073.0,0.0043544905434606054,Non-Switch
4074.0,0.004354586275990871,Non-Switch
4075.0,0.0043548466012924706,Non-Switch
4076.0,0.004356897628765455,Non-Switch
4077.0,0.004354589635027021,Non-Switch
4078.0,0.004355882863944642,Non-Switch
4079.0,0.004355985986354436,Non-Switch
408.0,0.004354332668761571,Non-Switch
4080.0,0.004355416293823453,Non-Switch
4081.0,0.004355433424907816,Non-Switch
4082.0,0.004362583133352377,Non-Switch
4083.0,0.004355017240328873,Non-Switch
4084.0,0.004355169740570068,Non-Switch
4085.0,0.004354855670690074,Non-Switch
4086.0,0.004354825103461113,Non-Switch
4087.0,0.004354902361292555,Non-Switch
4088.0,0.004355332317919711,Non-Switch
4089.0,0.004354639684665651,Non-Switch
409.0,0.004354332668761571,Non-Switch
4090.0,0.004354783451412857,Non-Switch
4091.0,0.004354644723219875,Non-Switch
4092.0,0.004354585604183641,Non-Switch
4093.0,0.004355110621533834,Non-Switch
4094.0,0.0043545463034606905,Non-Switch
4095.0,0.0043544905434606054,Non-Switch
4096.0,0.0043544986051473646,Non-Switch
4097.0,0.00435455436514745,Non-Switch
4098.0,0.004355216767076163,Non-Switch
4099.0,0.004358344701538731,Non-Switch
41.0,0.004359119631178458,Non-Switch
410.0,0.004354335691894106,Non-Switch
4100.0,0.004360680575277207,Non-Switch
4101.0,0.004357226814308122,Non-Switch
4102.0,0.004355798552137285,Non-Switch
4103.0,0.004355866740571123,Non-Switch
4104.0,0.004356425348282812,Non-Switch
4105.0,0.004355360533823369,Non-Switch
4106.0,0.004355154624907394,Non-Switch
4107.0,0.004355749174305885,Non-Switch
4108.0,0.004355732043221522,Non-Switch
4109.0,0.004357092452862136,Non-Switch
411.0,0.0043543484562314745,Non-Switch
4110.0,0.004356625210933718,Non-Switch
4111.0,0.004355555693823664,Non-Switch
4112.0,0.00435509886490731,Non-Switch
4113.0,0.004355979268282137,Non-Switch
4114.0,0.0043549127743046185,Non-Switch
4115.0,0.004355655793100924,Non-Switch
4116.0,0.004355263793582259,Non-Switch
4117.0,0.004354614827798143,Non-Switch
4118.0,0.004354608109725844,Non-Switch
4119.0,0.004354532531412477,Non-Switch
412.0,0.004354339050930256,Non-Switch
4120.0,0.004354485504906381,Non-Switch
4121.0,0.004354420339605078,Non-Switch
4122.0,0.004354448555508735,Non-Switch
4123.0,0.004354878512135892,Non-Switch
4124.0,0.004356224477921063,Non-Switch
4125.0,0.0043564062017767595,Non-Switch
4126.0,0.004354821072617733,Non-Switch
4127.0,0.004354868435027443,Non-Switch
4128.0,0.004355531172859772,Non-Switch
4129.0,0.00435564873912501,Non-Switch
413.0,0.004354340730448331,Non-Switch
4130.0,0.004356126058161877,Non-Switch
4131.0,0.0043573453882842055,Non-Switch
4132.0,0.00435715157189837,Non-Switch
4133.0,0.00435654761719866,Non-Switch
4134.0,0.004356600689969825,Non-Switch
4135.0,0.004356410232620139,Non-Switch
4136.0,0.0043567478157531805,Non-Switch
4137.0,0.004356007148282179,Non-Switch
4138.0,0.004357386704428846,Non-Switch
4139.0,0.004357165679850198,Non-Switch
414.0,0.004354343081773636,Non-Switch
4140.0,0.004357071626838007,Non-Switch
4141.0,0.004357234204187652,Non-Switch
4142.0,0.004356959435030609,Non-Switch
4143.0,0.004357660465875044,Non-Switch
4144.0,0.004356821714548473,Non-Switch
4145.0,0.004376295726626151,Non-Switch
4146.0,0.00739226981938541,Non-Switch
4147.0,0.009575905321486835,Non-Switch
4148.0,0.01444529042379933,Non-Switch
4149.0,0.01494900342311622,Non-Switch
415.0,0.00435434543309894,Non-Switch
4150.0,0.023499397695339482,Non-Switch
4151.0,0.03132509201080283,Non-Switch
4152.0,0.06015324853059613,Non-Switch
4153.0,0.09407403706966645,Non-Switch
4154.0,0.05377969510215075,Non-Switch
4155.0,0.09772932408435756,Non-Switch
4156.0,0.06335019103182217,Non-Switch
4157.0,0.020583691167551318,Non-Switch
4158.0,0.030914964445844503,Non-Switch
4159.0,0.05589911792560073,Non-Switch
416.0,0.004354343753580865,Non-Switch
4160.0,0.07364067083149937,Non-Switch
4161.0,0.0528618720646165,Non-Switch
4162.0,0.06488071301197085,Non-Switch
4163.0,0.05150522454449011,Non-Switch
4164.0,0.044221581923341455,Non-Switch
4165.0,0.03299640328851408,Non-Switch
4166.0,0.038378073650397415,Non-Switch
4167.0,0.06502380795194655,Non-Switch
4168.0,0.06625016249067084,Non-Switch
4169.0,0.0617065528375263,Non-Switch
417.0,0.004354347112617015,Non-Switch
4170.0,0.1352524236071954,Non-Switch
4171.0,0.1277174337162686,Non-Switch
4172.0,0.03223666455386979,Non-Switch
4173.0,0.12069978913696847,Non-Switch
4174.0,0.18723761948349654,Non-Switch
4175.0,0.24919234866067572,Non-Switch
4176.0,0.31313842195653263,Non-Switch
4177.0,0.42417620427019714,Non-Switch
4178.0,0.3448404784401954,Non-Switch
4179.0,0.27100015724887566,Non-Switch
418.0,0.004354342409966405,Non-Switch
4180.0,0.21203409958272768,Non-Switch
4181.0,0.017691468333292684,Non-Switch
4182.0,0.3818968062996759,Non-Switch
4183.0,0.005623302963213041,Non-Switch
4184.0,0.008208081616283282,Non-Switch
4185.0,0.006882071864877979,Non-Switch
4186.0,0.00614996523340805,Non-Switch
4187.0,0.00548760361312806,Non-Switch
4188.0,0.005170341976985043,Non-Switch
4189.0,0.00462515025567764,Non-Switch
419.0,0.004354339722737486,Non-Switch
4190.0,0.005400691239984418,Non-Switch
4191.0,0.004355257075509959,Non-Switch
4192.0,0.004355589620088776,Non-Switch
4193.0,0.004355286635028076,Non-Switch
4194.0,0.00435524162394367,Non-Switch
4195.0,0.004355020935268638,Non-Switch
4196.0,0.004355329630690792,Non-Switch
4197.0,0.004358360824912249,Non-Switch
4198.0,0.004356063244185878,Non-Switch
4199.0,0.0043561902157523355,Non-Switch
42.0,0.0043580302957551215,Non-Switch
420.0,0.004354339050930256,Non-Switch
4200.0,0.004356221118884913,Non-Switch
4201.0,0.004357425669248183,Non-Switch
4202.0,0.004358702102985054,Non-Switch
4203.0,0.004369368722278314,Non-Switch
4204.0,0.004381553961814835,Non-Switch
4205.0,0.004358278528526582,Non-Switch
4206.0,0.004359602324673165,Non-Switch
4207.0,0.00436395429190867,Non-Switch
4208.0,0.0043863637656775395,Non-Switch
4209.0,0.008493056868762955,Non-Switch
421.0,0.004354337371412181,Non-Switch
4210.0,0.006052584088200364,Non-Switch
4211.0,0.004946674508694581,Non-Switch
4212.0,0.006596807735289434,Non-Switch
4213.0,0.009082709464354544,Non-Switch
4214.0,0.019380409176331836,Non-Switch
4215.0,0.03897320080310573,Non-Switch
4216.0,0.09009991571810706,Non-Switch
4217.0,0.06958367534005547,Non-Switch
4218.0,0.009267885065598773,Non-Switch
4219.0,0.009930653801060103,Non-Switch
422.0,0.004354337371412181,Non-Switch
4220.0,0.010384559684157002,Non-Switch
4221.0,0.006929144725672144,Non-Switch
4222.0,0.0074588989886429195,Non-Switch
4223.0,0.004973206191626319,Non-Switch
4224.0,0.0044381822727439495,Non-Switch
4225.0,0.004369183639386467,Non-Switch
4226.0,0.00435764938105575,Non-Switch
4227.0,0.004357610080332799,Non-Switch
4228.0,0.004356863702500343,Non-Switch
4229.0,0.004356514698644394,Non-Switch
423.0,0.004354339050930256,Non-Switch
4230.0,0.004356362198403198,Non-Switch
4231.0,0.004359336960817342,Non-Switch
4232.0,0.004356808950211104,Non-Switch
4233.0,0.00436480379215092,Non-Switch
4234.0,0.004359716531902254,Non-Switch
4235.0,0.004365884729983882,Non-Switch
4236.0,0.004359879445155512,Non-Switch
4237.0,0.0043586738870813975,Non-Switch
4238.0,0.004358295323707331,Non-Switch
4239.0,0.004358559008045079,Non-Switch
424.0,0.004354337371412181,Non-Switch
4240.0,0.004359304714070304,Non-Switch
4241.0,0.004358565726117378,Non-Switch
4242.0,0.00435874509864777,Non-Switch
4243.0,0.004358705462021204,Non-Switch
4244.0,0.004357719584911278,Non-Switch
4245.0,0.00435754928177849,Non-Switch
4246.0,0.004357272497199758,Non-Switch
4247.0,0.004356557694307109,Non-Switch
4248.0,0.004357091781054906,Non-Switch
4249.0,0.004357536517441122,Non-Switch
425.0,0.004354341066351946,Non-Switch
4250.0,0.004370328398906272,Non-Switch
4251.0,0.0043714288191489025,Non-Switch
4252.0,0.0043739057724056654,Non-Switch
4253.0,0.004388666049054519,Non-Switch
4254.0,0.004378037050966137,Non-Switch
4255.0,0.0043710277502326325,Non-Switch
4256.0,0.004365455109260339,Non-Switch
4257.0,0.0043657386119113715,Non-Switch
4258.0,0.0043656791569715225,Non-Switch
4259.0,0.00436785413287843,Non-Switch
426.0,0.004354342745870021,Non-Switch
4260.0,0.004490973220775688,Non-Switch
4261.0,0.010743229502531388,Non-Switch
4262.0,0.02535438106971438,Non-Switch
4263.0,0.05829099351476444,Non-Switch
4264.0,0.1297443352480122,Non-Switch
4265.0,0.27172416121334536,Non-Switch
4266.0,0.5187858383103131,Non-Switch
4267.0,0.7010707659077566,Non-Switch
4268.0,0.828322191133681,Non-Switch
4269.0,0.8343985101713149,Non-Switch
427.0,0.004354341066351946,Non-Switch
4270.0,0.8392613196244608,Non-Switch
4271.0,0.7470056121267041,Non-Switch
4272.0,0.40455096301060306,Non-Switch
4273.0,0.19036690830943942,Non-Switch
4274.0,0.09301307609649379,Non-Switch
4275.0,0.044586760210159435,Non-Switch
4276.0,0.056466762788146954,Non-Switch
4277.0,0.02516329222123228,Non-Switch
4278.0,0.011041702034067643,Non-Switch
4279.0,0.004804520098840791,Non-Switch
428.0,0.004354344425388095,Non-Switch
4280.0,0.004891447923550721,Non-Switch
4281.0,0.004654148478854077,Non-Switch
4282.0,0.004547966994837886,Non-Switch
4283.0,0.00448124478027903,Non-Switch
4284.0,0.004444725003356266,Non-Switch
4285.0,0.00441706737150716,Non-Switch
4286.0,0.004437199754670173,Non-Switch
4287.0,0.004450461565292663,Non-Switch
4288.0,0.004531837910958043,Non-Switch
4289.0,0.004487140896432536,Non-Switch
429.0,0.004354342745870021,Non-Switch
4290.0,0.004790559608699172,Non-Switch
4291.0,0.0048431802535981215,Non-Switch
4292.0,0.0048422414029942904,Non-Switch
4293.0,0.004586151845980039,Non-Switch
4294.0,0.004582147538986024,Non-Switch
4295.0,0.0045033845234450825,Non-Switch
4296.0,0.004490033026557397,Non-Switch
4297.0,0.00449480218608269,Non-Switch
4298.0,0.004454463520961373,Non-Switch
4299.0,0.0044390106110584575,Non-Switch
43.0,0.004357201285633385,Non-Switch
430.0,0.004354341402255561,Non-Switch
4300.0,0.004369879967580292,Non-Switch
4301.0,0.004358575803225828,Non-Switch
4302.0,0.004359299339612465,Non-Switch
4303.0,0.004356937937199251,Non-Switch
4304.0,0.004355873122739808,Non-Switch
4305.0,0.004356026294788232,Non-Switch
4306.0,0.004355721294305843,Non-Switch
4307.0,0.004354924195027528,Non-Switch
4308.0,0.004354937295268511,Non-Switch
4309.0,0.0043548996740636345,Non-Switch
431.0,0.00435434207406279,Non-Switch
4310.0,0.004354805621051444,Non-Switch
4311.0,0.0043546766340632976,Non-Switch
4312.0,0.0043545711603281976,Non-Switch
4313.0,0.004354648082256025,Non-Switch
4314.0,0.004354800918400834,Non-Switch
4315.0,0.004356150915029385,Non-Switch
4316.0,0.004355318881775113,Non-Switch
4317.0,0.004355611117920133,Non-Switch
4318.0,0.004355205346353254,Non-Switch
4319.0,0.004354938638882971,Non-Switch
432.0,0.00435434408948448,Non-Switch
4320.0,0.004355332989726942,Non-Switch
4321.0,0.004355113980569984,Non-Switch
4322.0,0.004355055533340979,Non-Switch
4323.0,0.00435539916273909,Non-Switch
4324.0,0.004355311155991969,Non-Switch
4325.0,0.004356005804667719,Non-Switch
4326.0,0.004355933585390502,Non-Switch
4327.0,0.00435544988418495,Non-Switch
4328.0,0.004355607758883984,Non-Switch
4329.0,0.00435494468514804,Non-Switch
433.0,0.00435434207406279,Non-Switch
4330.0,0.0043550975212928505,Non-Switch
4331.0,0.004355060235991589,Non-Switch
4332.0,0.004354769679364643,Non-Switch
4333.0,0.00435474717382244,Non-Switch
4334.0,0.004354682008521136,Non-Switch
4335.0,0.00435469510876212,Non-Switch
4336.0,0.004354776061533327,Non-Switch
4337.0,0.004354982978160147,Non-Switch
4338.0,0.004354941662015506,Non-Switch
4339.0,0.004355570809486338,Non-Switch
434.0,0.004354341402255561,Non-Switch
4340.0,0.004355055533340979,Non-Switch
4341.0,0.004355213408040013,Non-Switch
4342.0,0.0043547774051477875,Non-Switch
4343.0,0.004354664877436774,Non-Switch
4344.0,0.0043547659844248784,Non-Switch
4345.0,0.004354630279364432,Non-Switch
4346.0,0.004354537234063086,Non-Switch
4347.0,0.004354774717918867,Non-Switch
4348.0,0.00435449894105098,Non-Switch
4349.0,0.004354940654304661,Non-Switch
435.0,0.004354339722737486,Non-Switch
4350.0,0.004355065610449428,Non-Switch
4351.0,0.0043559443343061804,Non-Switch
4352.0,0.004358279536237427,Non-Switch
4353.0,0.004512290671892302,Non-Switch
4354.0,0.010497869378786395,Non-Switch
4355.0,0.010503369464577854,Non-Switch
4356.0,0.010556652511405518,Non-Switch
4357.0,0.010637980151046729,Non-Switch
4358.0,0.010576816133604724,Non-Switch
4359.0,0.01072450220418978,Non-Switch
436.0,0.00435434610490617,Non-Switch
4360.0,0.012245187582877792,Non-Switch
4361.0,0.01181675864536164,Non-Switch
4362.0,0.005115438531118782,Non-Switch
4363.0,0.008298510228468392,Non-Switch
4364.0,0.007525688048021153,Non-Switch
4365.0,0.0065299232792845495,Non-Switch
4366.0,0.0062629967998442514,Non-Switch
4367.0,0.006008994547893402,Non-Switch
4368.0,0.006570195435490104,Non-Switch
4369.0,0.006712014613536158,Non-Switch
437.0,0.004354344425388095,Non-Switch
4370.0,0.006427348392382253,Non-Switch
4371.0,0.0071728260031495355,Non-Switch
4372.0,0.007059264380808917,Non-Switch
4373.0,0.007271796644263242,Non-Switch
4374.0,0.007398854873853212,Non-Switch
4375.0,0.009803494800385644,Non-Switch
4376.0,0.012503505524473732,Non-Switch
4377.0,0.010048353084129878,Non-Switch
4378.0,0.006378489867970927,Non-Switch
4379.0,0.007529075971881705,Non-Switch
438.0,0.004354343753580865,Non-Switch
4380.0,0.006665506742622367,Non-Switch
4381.0,0.006343731905508661,Non-Switch
4382.0,0.006421003173095538,Non-Switch
4383.0,0.006741668856472624,Non-Switch
4384.0,0.005835699185703304,Non-Switch
4385.0,0.004526797677215472,Non-Switch
4386.0,0.0044106160066781155,Non-Switch
4387.0,0.004372133880836717,Non-Switch
4388.0,0.004372990435054881,Non-Switch
4389.0,0.004393572257254719,Non-Switch
439.0,0.004354344425388095,Non-Switch
4390.0,0.004363643916968441,Non-Switch
4391.0,0.0043780165608456245,Non-Switch
4392.0,0.0043819261430202185,Non-Switch
4393.0,0.004385969414833569,Non-Switch
4394.0,0.004375088489033962,Non-Switch
4395.0,0.004372175868788588,Non-Switch
4396.0,0.004377400513615776,Non-Switch
4397.0,0.004359713844673333,Non-Switch
4398.0,0.0043701711960144685,Non-Switch
4399.0,0.004395636049065073,Non-Switch
44.0,0.004356956075994459,Non-Switch
440.0,0.0043543417381591756,Non-Switch
4400.0,0.0043817329984416125,Non-Switch
4401.0,0.004390311304960625,Non-Switch
4402.0,0.004375904398914715,Non-Switch
4403.0,0.004363555910221319,Non-Switch
4404.0,0.004362932473111942,Non-Switch
4405.0,0.004373419719874809,Non-Switch
4406.0,0.004413306258730381,Non-Switch
4407.0,0.004365570660103888,Non-Switch
4408.0,0.004360870024916048,Non-Switch
4409.0,0.004384670139650879,Non-Switch
441.0,0.004354352151171239,Non-Switch
4410.0,0.004358195560333685,Non-Switch
4411.0,0.0043606160817831335,Non-Switch
4412.0,0.004363043321304881,Non-Switch
4413.0,0.004361086682747701,Non-Switch
4414.0,0.0043642566051621395,Non-Switch
4415.0,0.004359725265396242,Non-Switch
4416.0,0.004358518699611283,Non-Switch
4417.0,0.004358264756478368,Non-Switch
4418.0,0.004368832284205212,Non-Switch
4419.0,0.004358283567080807,Non-Switch
442.0,0.004354358869243539,Non-Switch
4420.0,0.004367475233600748,Non-Switch
4421.0,0.0043686794480604025,Non-Switch
4422.0,0.004366015396490104,Non-Switch
4423.0,0.004375468396022489,Non-Switch
4424.0,0.0043642401458850065,Non-Switch
4425.0,0.004363142412871296,Non-Switch
4426.0,0.004367197777214785,Non-Switch
4427.0,0.004365171606609308,Non-Switch
4428.0,0.004360108867324534,Non-Switch
4429.0,0.00442217579368357,Non-Switch
443.0,0.004354344425388095,Non-Switch
4430.0,0.00563406094828957,Non-Switch
4431.0,0.0043955063902696954,Non-Switch
4432.0,0.004427647999474988,Non-Switch
4433.0,0.004452712119512938,Non-Switch
4434.0,0.004464419032301747,Non-Switch
4435.0,0.00448500253401966,Non-Switch
4436.0,0.004459128550366026,Non-Switch
4437.0,0.004453481002887596,Non-Switch
4438.0,0.004436240749849444,Non-Switch
4439.0,0.004407020494383515,Non-Switch
444.0,0.004354370961773678,Non-Switch
4440.0,0.004375324293371668,Non-Switch
4441.0,0.004444279595162821,Non-Switch
4442.0,0.004391800029782156,Non-Switch
4443.0,0.004374390817225677,Non-Switch
4444.0,0.004357071626838007,Non-Switch
4445.0,0.0043563998196080745,Non-Switch
4446.0,0.004357654755513589,Non-Switch
4447.0,0.004356634952138551,Non-Switch
4448.0,0.004355799223944515,Non-Switch
4449.0,0.004355286970931691,Non-Switch
445.0,0.004354353158882085,Non-Switch
4450.0,0.00435984417527594,Non-Switch
4451.0,0.00435725435840455,Non-Switch
4452.0,0.004358610065394554,Non-Switch
4453.0,0.004359798492384305,Non-Switch
4454.0,0.0043576225087665526,Non-Switch
4455.0,0.004355155968521854,Non-Switch
4456.0,0.0043547411275573706,Non-Switch
4457.0,0.004354897658641945,Non-Switch
4458.0,0.004354556044665525,Non-Switch
4459.0,0.004354452922255729,Non-Switch
446.0,0.00435435483840016,Non-Switch
4460.0,0.004354790169485156,Non-Switch
4461.0,0.004354693093340431,Non-Switch
4462.0,0.004354707537195874,Non-Switch
4463.0,0.0043545002846654395,Non-Switch
4464.0,0.004354438478400286,Non-Switch
4465.0,0.004354426721773762,Non-Switch
4466.0,0.004354440157918361,Non-Switch
4467.0,0.004354443516954511,Non-Switch
4468.0,0.004354458968520799,Non-Switch
4469.0,0.004354523126111258,Non-Switch
447.0,0.004354341066351946,Non-Switch
4470.0,0.004354454601773804,Non-Switch
4471.0,0.004354459640328029,Non-Switch
4472.0,0.004354438814303901,Non-Switch
4473.0,0.004354435455267752,Non-Switch
4474.0,0.004354448555508735,Non-Switch
4475.0,0.004354442173340051,Non-Switch
4476.0,0.004354421347315922,Non-Switch
4477.0,0.004354411606111088,Non-Switch
4478.0,0.004354413285629163,Non-Switch
4479.0,0.004354403544424329,Non-Switch
448.0,0.004354341066351946,Non-Switch
4480.0,0.004354470053340093,Non-Switch
4481.0,0.004354425042255687,Non-Switch
4482.0,0.004354454265870189,Non-Switch
4483.0,0.004354427393580992,Non-Switch
4484.0,0.00435439682635203,Non-Switch
4485.0,0.004354405895749635,Non-Switch
4486.0,0.004354416980568928,Non-Switch
4487.0,0.004354411606111088,Non-Switch
4488.0,0.004354414629243623,Non-Switch
4489.0,0.004354409926593014,Non-Switch
449.0,0.004354335691894106,Non-Switch
4490.0,0.004354438142496671,Non-Switch
4491.0,0.004354439822014746,Non-Switch
4492.0,0.0043544522504485,Non-Switch
4493.0,0.004354429073099067,Non-Switch
4494.0,0.004354452586352114,Non-Switch
4495.0,0.0043544509068340394,Non-Switch
4496.0,0.004354415301050853,Non-Switch
4497.0,0.004354438814303901,Non-Switch
4498.0,0.004354453258159345,Non-Switch
4499.0,0.004354445868279815,Non-Switch
45.0,0.0043588173179249885,Non-Switch
450.0,0.004354334348279646,Non-Switch
4500.0,0.004354423698641228,Non-Switch
4501.0,0.004354456953099109,Non-Switch
4502.0,0.004354467030207558,Non-Switch
4503.0,0.004354456617195494,Non-Switch
4504.0,0.00435445157864127,Non-Switch
4505.0,0.004354436798882211,Non-Switch
4506.0,0.004354426721773762,Non-Switch
4507.0,0.004354404888038789,Non-Switch
4508.0,0.004354410598400244,Non-Switch
4509.0,0.004354411942014704,Non-Switch
451.0,0.0043543366996049515,Non-Switch
4510.0,0.004354417316472543,Non-Switch
4511.0,0.004354405559846019,Non-Switch
4512.0,0.0043544062316532494,Non-Switch
4513.0,0.004354416980568928,Non-Switch
4514.0,0.004354455273581035,Non-Switch
4515.0,0.004354457960809954,Non-Switch
4516.0,0.004354440493821976,Non-Switch
4517.0,0.004354466358400328,Non-Switch
4518.0,0.004354450570930425,Non-Switch
4519.0,0.004354425042255687,Non-Switch
452.0,0.00435434946394232,Non-Switch
4520.0,0.004354438478400286,Non-Switch
4521.0,0.004354435455267752,Non-Switch
4522.0,0.004354453258159345,Non-Switch
4523.0,0.004354421347315922,Non-Switch
4524.0,0.004354472404665397,Non-Switch
4525.0,0.004354462999364178,Non-Switch
4526.0,0.004354427393580992,Non-Switch
4527.0,0.00435439548273757,Non-Switch
4528.0,0.004354403544424329,Non-Switch
4529.0,0.004354387421050811,Non-Switch
453.0,0.0043543501357495495,Non-Switch
4530.0,0.00435440220080987,Non-Switch
4531.0,0.004354395146833955,Non-Switch
4532.0,0.004354392795508651,Non-Switch
4533.0,0.004354407239364094,Non-Switch
4534.0,0.004354408918882169,Non-Switch
4535.0,0.004354426385870147,Non-Switch
4536.0,0.004354409254785784,Non-Switch
4537.0,0.004354426049966532,Non-Switch
4538.0,0.004354387085147196,Non-Switch
4539.0,0.0043543847338218915,Non-Switch
454.0,0.004354341066351946,Non-Switch
4540.0,0.004354395146833955,Non-Switch
4541.0,0.004354385405629121,Non-Switch
4542.0,0.004354380367074897,Non-Switch
4543.0,0.00435524968563043,Non-Switch
4544.0,0.004355197284666495,Non-Switch
4545.0,0.004354558060087214,Non-Switch
4546.0,0.004354450570930425,Non-Switch
4547.0,0.004354423026833997,Non-Switch
4548.0,0.004354402536713485,Non-Switch
4549.0,0.004354405223942404,Non-Switch
455.0,0.004354339386833871,Non-Switch
4550.0,0.004354408247074939,Non-Switch
4551.0,0.004354437806593056,Non-Switch
4552.0,0.004354377343942362,Non-Switch
4553.0,0.004354363907797763,Non-Switch
4554.0,0.0043543699540628325,Non-Switch
4555.0,0.004354355846111004,Non-Switch
4556.0,0.0043543501357495495,Non-Switch
4557.0,0.00435434879213509,Non-Switch
4558.0,0.004354347112617015,Non-Switch
4559.0,0.0043543417381591756,Non-Switch
456.0,0.004354343753580865,Non-Switch
4560.0,0.004354347112617015,Non-Switch
4561.0,0.004354341402255561,Non-Switch
4562.0,0.0043543417381591756,Non-Switch
4563.0,0.004354343753580865,Non-Switch
4564.0,0.004354344425388095,Non-Switch
4565.0,0.004354344425388095,Non-Switch
4566.0,0.00435434610490617,Non-Switch
4567.0,0.0043543484562314745,Non-Switch
4568.0,0.004354339050930256,Non-Switch
4569.0,0.004354355846111004,Non-Switch
457.0,0.004354344425388095,Non-Switch
4570.0,0.0043543518152676245,Non-Switch
4571.0,0.004354347112617015,Non-Switch
4572.0,0.004354359205147154,Non-Switch
4573.0,0.0043543565179182345,Non-Switch
4574.0,0.004354354166592929,Non-Switch
4575.0,0.004354349799845935,Non-Switch
4576.0,0.00435434543309894,Non-Switch
4577.0,0.004354365587315838,Non-Switch
4578.0,0.004354377343942362,Non-Switch
4579.0,0.004354374992617057,Non-Switch
458.0,0.004354338715026641,Non-Switch
4580.0,0.004354375664424287,Non-Switch
4581.0,0.004354368610448373,Non-Switch
4582.0,0.004354372641291753,Non-Switch
4583.0,0.004354373649002597,Non-Switch
4584.0,0.004354374992617057,Non-Switch
4585.0,0.004354380702978512,Non-Switch
4586.0,0.004354372641291753,Non-Switch
4587.0,0.0043543632359905335,Non-Switch
4588.0,0.004354360212857998,Non-Switch
4589.0,0.004354363907797763,Non-Switch
459.0,0.00435434207406279,Non-Switch
4590.0,0.004354377679845977,Non-Switch
4591.0,0.004354376672135132,Non-Switch
4592.0,0.004354380031171281,Non-Switch
4593.0,0.004354366259123068,Non-Switch
4594.0,0.004354381710689356,Non-Switch
4595.0,0.004354377679845977,Non-Switch
4596.0,0.0043543665950266834,Non-Switch
4597.0,0.004354364579604994,Non-Switch
4598.0,0.004354360548761614,Non-Switch
4599.0,0.004354368610448373,Non-Switch
46.0,0.00435785092322473,Non-Switch
460.0,0.004354346440809785,Non-Switch
4600.0,0.004354368610448373,Non-Switch
4601.0,0.00435439951358095,Non-Switch
4602.0,0.004354389100568886,Non-Switch
4603.0,0.004354389100568886,Non-Switch
4604.0,0.004354384397918277,Non-Switch
4605.0,0.0043544243704484575,Non-Switch
4606.0,0.004354402536713485,Non-Switch
4607.0,0.004354385069725506,Non-Switch
4608.0,0.004354376672135132,Non-Switch
4609.0,0.0043543699540628325,Non-Switch
461.0,0.004354337371412181,Non-Switch
4610.0,0.004354379023460437,Non-Switch
4611.0,0.004354369618159218,Non-Switch
4612.0,0.004354371297677293,Non-Switch
4613.0,0.004354389436472501,Non-Switch
4614.0,0.004354362228279688,Non-Switch
4615.0,0.004354369618159218,Non-Switch
4616.0,0.004354360548761614,Non-Switch
4617.0,0.004354377679845977,Non-Switch
4618.0,0.004354387421050811,Non-Switch
4619.0,0.0043543864133399664,Non-Switch
462.0,0.004354344425388095,Non-Switch
4620.0,0.0043543961545448005,Non-Switch
4621.0,0.0043543864133399664,Non-Switch
4622.0,0.004354397162255645,Non-Switch
4623.0,0.004354409926593014,Non-Switch
4624.0,0.004354424034544843,Non-Switch
4625.0,0.004354427729484607,Non-Switch
4626.0,0.00435440018538818,Non-Switch
4627.0,0.004354401529002639,Non-Switch
4628.0,0.004354455945388264,Non-Switch
4629.0,0.004354442173340051,Non-Switch
463.0,0.0043543565179182345,Non-Switch
4630.0,0.004354417988279773,Non-Switch
4631.0,0.0043544062316532494,Non-Switch
4632.0,0.004354418995990618,Non-Switch
4633.0,0.004354417316472543,Non-Switch
4634.0,0.004354436462978596,Non-Switch
4635.0,0.0043544425092436655,Non-Switch
4636.0,0.00435444956321958,Non-Switch
4637.0,0.0043544310885207565,Non-Switch
4638.0,0.004354475763701547,Non-Switch
4639.0,0.004354497933340135,Non-Switch
464.0,0.00435435080755678,Non-Switch
4640.0,0.004354501292376285,Non-Switch
4641.0,0.004354466358400328,Non-Switch
4642.0,0.004354434447556906,Non-Switch
4643.0,0.004354440493821976,Non-Switch
4644.0,0.004354429744906297,Non-Switch
4645.0,0.004354397834062875,Non-Switch
4646.0,0.004354393131412265,Non-Switch
4647.0,0.004354402536713485,Non-Switch
4648.0,0.004354394475026726,Non-Switch
4649.0,0.004354398505870105,Non-Switch
465.0,0.00435434879213509,Non-Switch
4650.0,0.0043543914518941905,Non-Switch
4651.0,0.004354405223942404,Non-Switch
4652.0,0.0043544011930990245,Non-Switch
4653.0,0.004354374320809828,Non-Switch
4654.0,0.004354383390207431,Non-Switch
4655.0,0.004354375664424287,Non-Switch
4656.0,0.004354376672135132,Non-Switch
4657.0,0.004354369282255603,Non-Switch
4658.0,0.004354369282255603,Non-Switch
4659.0,0.004354361220568844,Non-Switch
466.0,0.004354380367074897,Non-Switch
4660.0,0.004354359205147154,Non-Switch
4661.0,0.004354354166592929,Non-Switch
4662.0,0.004354354166592929,Non-Switch
4663.0,0.004354359876954384,Non-Switch
4664.0,0.004354355846111004,Non-Switch
4665.0,0.004354343753580865,Non-Switch
4666.0,0.0043543484562314745,Non-Switch
4667.0,0.004354354166592929,Non-Switch
4668.0,0.004354343753580865,Non-Switch
4669.0,0.00435434543309894,Non-Switch
467.0,0.004354439150207516,Non-Switch
4670.0,0.00435434543309894,Non-Switch
4671.0,0.004354342409966405,Non-Switch
4672.0,0.00435434543309894,Non-Switch
4673.0,0.004354340730448331,Non-Switch
4674.0,0.004354343081773636,Non-Switch
4675.0,0.004354344425388095,Non-Switch
4676.0,0.004354339722737486,Non-Switch
4677.0,0.004354343081773636,Non-Switch
4678.0,0.004354343081773636,Non-Switch
4679.0,0.004354343081773636,Non-Switch
468.0,0.0043543632359905335,Non-Switch
4680.0,0.004354342409966405,Non-Switch
4681.0,0.004354343753580865,Non-Switch
4682.0,0.004354342409966405,Non-Switch
4683.0,0.00435434543309894,Non-Switch
4684.0,0.004354342409966405,Non-Switch
4685.0,0.00435434610490617,Non-Switch
4686.0,0.00435434543309894,Non-Switch
4687.0,0.004354341066351946,Non-Switch
4688.0,0.004354340730448331,Non-Switch
4689.0,0.0043543501357495495,Non-Switch
469.0,0.004354384062014662,Non-Switch
4690.0,0.004354347112617015,Non-Switch
4691.0,0.00435434543309894,Non-Switch
4692.0,0.004354352487074855,Non-Switch
4693.0,0.00435434543309894,Non-Switch
4694.0,0.00435434610490617,Non-Switch
4695.0,0.004354347112617015,Non-Switch
4696.0,0.00435434610490617,Non-Switch
4697.0,0.004354347112617015,Non-Switch
4698.0,0.004354347112617015,Non-Switch
4699.0,0.00435434610490617,Non-Switch
47.0,0.004356995040813796,Non-Switch
470.0,0.004354365587315838,Non-Switch
4700.0,0.004354363907797763,Non-Switch
4701.0,0.0043543467767134005,Non-Switch
4702.0,0.004354347784424245,Non-Switch
4703.0,0.004354347784424245,Non-Switch
4704.0,0.004354349128038705,Non-Switch
4705.0,0.004354351143460395,Non-Switch
4706.0,0.004354375328520672,Non-Switch
4707.0,0.00435435282297847,Non-Switch
4708.0,0.004354355846111004,Non-Switch
4709.0,0.004354358533339924,Non-Switch
471.0,0.004354354166592929,Non-Switch
4710.0,0.0043543665950266834,Non-Switch
4711.0,0.004354357525629079,Non-Switch
4712.0,0.004354355846111004,Non-Switch
4713.0,0.004354356853821849,Non-Switch
4714.0,0.0043543565179182345,Non-Switch
4715.0,0.004354356853821849,Non-Switch
4716.0,0.00435434946394232,Non-Switch
4717.0,0.004354352151171239,Non-Switch
4718.0,0.0043543501357495495,Non-Switch
4719.0,0.004354347112617015,Non-Switch
472.0,0.00435435483840016,Non-Switch
4720.0,0.00435434610490617,Non-Switch
4721.0,0.004354341402255561,Non-Switch
4722.0,0.004354343753580865,Non-Switch
4723.0,0.00435434610490617,Non-Switch
4724.0,0.0043543518152676245,Non-Switch
4725.0,0.004354343753580865,Non-Switch
4726.0,0.0043543467767134005,Non-Switch
4727.0,0.004354344425388095,Non-Switch
4728.0,0.004354344425388095,Non-Switch
4729.0,0.004354343753580865,Non-Switch
473.0,0.00435434610490617,Non-Switch
4730.0,0.00435434543309894,Non-Switch
4731.0,0.004354343753580865,Non-Switch
4732.0,0.00435434543309894,Non-Switch
4733.0,0.004354340394544715,Non-Switch
4734.0,0.004354341066351946,Non-Switch
4735.0,0.004354339722737486,Non-Switch
4736.0,0.004354354166592929,Non-Switch
4737.0,0.004354347784424245,Non-Switch
4738.0,0.004354339722737486,Non-Switch
4739.0,0.004354340730448331,Non-Switch
474.0,0.0043543450971953255,Non-Switch
4740.0,0.004354349128038705,Non-Switch
4741.0,0.004354339722737486,Non-Switch
4742.0,0.004354341402255561,Non-Switch
4743.0,0.0043543450971953255,Non-Switch
4744.0,0.0043543518152676245,Non-Switch
4745.0,0.004354344425388095,Non-Switch
4746.0,0.004354338043219411,Non-Switch
4747.0,0.004354339050930256,Non-Switch
4748.0,0.004354339722737486,Non-Switch
4749.0,0.004354339722737486,Non-Switch
475.0,0.0043543484562314745,Non-Switch
4750.0,0.004354338043219411,Non-Switch
4751.0,0.004354339722737486,Non-Switch
4752.0,0.004354337035508566,Non-Switch
4753.0,0.004354337371412181,Non-Switch
4754.0,0.00435435282297847,Non-Switch
4755.0,0.004354337035508566,Non-Switch
4756.0,0.004354336363701336,Non-Switch
4757.0,0.004354336363701336,Non-Switch
4758.0,0.004354338715026641,Non-Switch
4759.0,0.004354338715026641,Non-Switch
476.0,0.004354351143460395,Non-Switch
4760.0,0.0043543484562314745,Non-Switch
4761.0,0.004354347112617015,Non-Switch
4762.0,0.004354335020086877,Non-Switch
4763.0,0.004354335020086877,Non-Switch
4764.0,0.004354335020086877,Non-Switch
4765.0,0.004354340394544715,Non-Switch
4766.0,0.004354336363701336,Non-Switch
4767.0,0.004354335020086877,Non-Switch
4768.0,0.00435434543309894,Non-Switch
4769.0,0.004354337035508566,Non-Switch
477.0,0.004354356853821849,Non-Switch
4770.0,0.0043543434176772505,Non-Switch
4771.0,0.004354339050930256,Non-Switch
4772.0,0.004354335020086877,Non-Switch
4773.0,0.004354335020086877,Non-Switch
4774.0,0.004354335020086877,Non-Switch
4775.0,0.004354335020086877,Non-Switch
4776.0,0.004354333340568802,Non-Switch
4777.0,0.004354333340568802,Non-Switch
4778.0,0.004354333340568802,Non-Switch
4779.0,0.004354334012376031,Non-Switch
478.0,0.00435434879213509,Non-Switch
4780.0,0.004354334012376031,Non-Switch
4781.0,0.004354334012376031,Non-Switch
4782.0,0.004354333340568802,Non-Switch
4783.0,0.004354332668761571,Non-Switch
4784.0,0.004354333340568802,Non-Switch
4785.0,0.004354333340568802,Non-Switch
4786.0,0.004354334012376031,Non-Switch
4787.0,0.004354334012376031,Non-Switch
4788.0,0.004354334012376031,Non-Switch
4789.0,0.004354334012376031,Non-Switch
479.0,0.004354347112617015,Non-Switch
4790.0,0.004354333340568802,Non-Switch
4791.0,0.004354334348279646,Non-Switch
4792.0,0.004354334348279646,Non-Switch
4793.0,0.004354335020086877,Non-Switch
4794.0,0.004354337035508566,Non-Switch
4795.0,0.004354336363701336,Non-Switch
4796.0,0.004354335691894106,Non-Switch
4797.0,0.004354337371412181,Non-Switch
4798.0,0.004354335691894106,Non-Switch
4799.0,0.004354337371412181,Non-Switch
48.0,0.004356857992138889,Non-Switch
480.0,0.00435434610490617,Non-Switch
4800.0,0.004354335691894106,Non-Switch
4801.0,0.004354334348279646,Non-Switch
4802.0,0.004354333340568802,Non-Switch
4803.0,0.004354333340568802,Non-Switch
4804.0,0.004354333340568802,Non-Switch
4805.0,0.004354332668761571,Non-Switch
4806.0,0.004354334348279646,Non-Switch
4807.0,0.004354332668761571,Non-Switch
4808.0,0.004354332668761571,Non-Switch
4809.0,0.004354332668761571,Non-Switch
481.0,0.004354343753580865,Non-Switch
4810.0,0.004354332668761571,Non-Switch
4811.0,0.004354332668761571,Non-Switch
4812.0,0.004354332668761571,Non-Switch
4813.0,0.004354332668761571,Non-Switch
4814.0,0.004354332668761571,Non-Switch
4815.0,0.004354332668761571,Non-Switch
4816.0,0.004354332668761571,Non-Switch
4817.0,0.004354332668761571,Non-Switch
4818.0,0.004354332668761571,Non-Switch
4819.0,0.004354332668761571,Non-Switch
482.0,0.004354338043219411,Non-Switch
4820.0,0.004354333340568802,Non-Switch
4821.0,0.004354332668761571,Non-Switch
4822.0,0.004354332668761571,Non-Switch
4823.0,0.004354332668761571,Non-Switch
4824.0,0.004354332668761571,Non-Switch
4825.0,0.004354332668761571,Non-Switch
4826.0,0.004354332668761571,Non-Switch
4827.0,0.004354332668761571,Non-Switch
4828.0,0.004354332668761571,Non-Switch
4829.0,0.004354332668761571,Non-Switch
483.0,0.0043543518152676245,Non-Switch
4830.0,0.004354332668761571,Non-Switch
4831.0,0.004354332668761571,Non-Switch
4832.0,0.004354332668761571,Non-Switch
4833.0,0.004354332668761571,Non-Switch
4834.0,0.004354332668761571,Non-Switch
4835.0,0.004354332668761571,Non-Switch
4836.0,0.004354332668761571,Non-Switch
4837.0,0.004354332668761571,Non-Switch
4838.0,0.004354332668761571,Non-Switch
4839.0,0.004354332668761571,Non-Switch
484.0,0.004354352151171239,Non-Switch
4840.0,0.004354332668761571,Non-Switch
4841.0,0.004354332668761571,Non-Switch
4842.0,0.004354332668761571,Non-Switch
4843.0,0.004354332668761571,Non-Switch
4844.0,0.004354332668761571,Non-Switch
4845.0,0.004354332668761571,Non-Switch
4846.0,0.004354333340568802,Non-Switch
4847.0,0.004354334348279646,Non-Switch
4848.0,0.004354335691894106,Non-Switch
4849.0,0.004354335020086877,Non-Switch
485.0,0.004354360548761614,Non-Switch
4850.0,0.004354333340568802,Non-Switch
4851.0,0.004354333340568802,Non-Switch
4852.0,0.004354333340568802,Non-Switch
4853.0,0.004354335020086877,Non-Switch
4854.0,0.004354335020086877,Non-Switch
4855.0,0.004354335020086877,Non-Switch
4856.0,0.004354338043219411,Non-Switch
4857.0,0.004354338715026641,Non-Switch
4858.0,0.004354344425388095,Non-Switch
4859.0,0.004354344425388095,Non-Switch
486.0,0.004354363907797763,Non-Switch
4860.0,0.0043543417381591756,Non-Switch
4861.0,0.004354340394544715,Non-Switch
4862.0,0.004354339722737486,Non-Switch
4863.0,0.004354337371412181,Non-Switch
4864.0,0.004354334348279646,Non-Switch
4865.0,0.004354335020086877,Non-Switch
4866.0,0.004354335020086877,Non-Switch
4867.0,0.004354333340568802,Non-Switch
4868.0,0.004354333340568802,Non-Switch
4869.0,0.004354333340568802,Non-Switch
487.0,0.004354373649002597,Non-Switch
4870.0,0.004354332668761571,Non-Switch
4871.0,0.004354335020086877,Non-Switch
4872.0,0.004354334012376031,Non-Switch
4873.0,0.004354333340568802,Non-Switch
4874.0,0.004354335020086877,Non-Switch
4875.0,0.004354344761291711,Non-Switch
4876.0,0.004354347112617015,Non-Switch
4877.0,0.004354340730448331,Non-Switch
4878.0,0.004354339722737486,Non-Switch
4879.0,0.004354337035508566,Non-Switch
488.0,0.004354377679845977,Non-Switch
4880.0,0.0043543632359905335,Non-Switch
4881.0,0.004354532531412477,Non-Switch
4882.0,0.004354958121292639,Non-Switch
4883.0,0.004354458296713569,Non-Switch
4884.0,0.004354534546834167,Non-Switch
4885.0,0.004354477779123237,Non-Switch
4886.0,0.004354416308761698,Non-Switch
4887.0,0.004354335020086877,Non-Switch
4888.0,0.004354334012376031,Non-Switch
4889.0,0.004354334012376031,Non-Switch
489.0,0.0043543914518941905,Non-Switch
4890.0,0.004354334012376031,Non-Switch
4891.0,0.004354334012376031,Non-Switch
4892.0,0.004354334012376031,Non-Switch
4893.0,0.004354334012376031,Non-Switch
4894.0,0.004354335020086877,Non-Switch
4895.0,0.004354335020086877,Non-Switch
4896.0,0.004354335020086877,Non-Switch
4897.0,0.004354335020086877,Non-Switch
4898.0,0.004354334012376031,Non-Switch
4899.0,0.004354334012376031,Non-Switch
49.0,0.004356888223464236,Non-Switch
490.0,0.0043544341116532916,Non-Switch
4900.0,0.004354335020086877,Non-Switch
4901.0,0.004354334012376031,Non-Switch
4902.0,0.004354334012376031,Non-Switch
4903.0,0.004354335020086877,Non-Switch
4904.0,0.004354334012376031,Non-Switch
4905.0,0.004354335020086877,Non-Switch
4906.0,0.004354335020086877,Non-Switch
4907.0,0.004354336027797721,Non-Switch
4908.0,0.004354335020086877,Non-Switch
4909.0,0.004354334012376031,Non-Switch
491.0,0.004354430080809912,Non-Switch
4910.0,0.004354335020086877,Non-Switch
4911.0,0.004354335691894106,Non-Switch
4912.0,0.004354336363701336,Non-Switch
4913.0,0.004354337035508566,Non-Switch
4914.0,0.004354337035508566,Non-Switch
4915.0,0.004354337035508566,Non-Switch
4916.0,0.004354338043219411,Non-Switch
4917.0,0.004354338715026641,Non-Switch
4918.0,0.004354338043219411,Non-Switch
4919.0,0.004354340730448331,Non-Switch
492.0,0.004354418324183388,Non-Switch
4920.0,0.004354339722737486,Non-Switch
4921.0,0.004354339722737486,Non-Switch
4922.0,0.004354339722737486,Non-Switch
4923.0,0.004354338715026641,Non-Switch
4924.0,0.004354338715026641,Non-Switch
4925.0,0.004354336363701336,Non-Switch
4926.0,0.004354339050930256,Non-Switch
4927.0,0.004354338043219411,Non-Switch
4928.0,0.004354336363701336,Non-Switch
4929.0,0.004354336363701336,Non-Switch
493.0,0.004354367938641143,Non-Switch
4930.0,0.004354339722737486,Non-Switch
4931.0,0.004354337035508566,Non-Switch
4932.0,0.004354336363701336,Non-Switch
4933.0,0.004354336363701336,Non-Switch
4934.0,0.004354337035508566,Non-Switch
4935.0,0.004354338715026641,Non-Switch
4936.0,0.004354335691894106,Non-Switch
4937.0,0.004354337371412181,Non-Switch
4938.0,0.004354336027797721,Non-Switch
4939.0,0.004354335020086877,Non-Switch
494.0,0.004354366930930298,Non-Switch
4940.0,0.004354334012376031,Non-Switch
4941.0,0.004354335020086877,Non-Switch
4942.0,0.004354336363701336,Non-Switch
4943.0,0.004354335020086877,Non-Switch
4944.0,0.004354336363701336,Non-Switch
4945.0,0.004354335020086877,Non-Switch
4946.0,0.004354341402255561,Non-Switch
4947.0,0.004354339722737486,Non-Switch
4948.0,0.004354338043219411,Non-Switch
4949.0,0.004354339050930256,Non-Switch
495.0,0.004354371969484522,Non-Switch
4950.0,0.004354343753580865,Non-Switch
4951.0,0.00435434543309894,Non-Switch
4952.0,0.004354340730448331,Non-Switch
4953.0,0.004354340730448331,Non-Switch
4954.0,0.004354340730448331,Non-Switch
4955.0,0.004354342409966405,Non-Switch
4956.0,0.004354343753580865,Non-Switch
4957.0,0.00435434543309894,Non-Switch
4958.0,0.004354347112617015,Non-Switch
4959.0,0.004354352151171239,Non-Switch
496.0,0.004354357525629079,Non-Switch
4960.0,0.0043543534947856994,Non-Switch
4961.0,0.004354341066351946,Non-Switch
4962.0,0.004354344425388095,Non-Switch
4963.0,0.004354344425388095,Non-Switch
4964.0,0.0043543417381591756,Non-Switch
4965.0,0.004354341402255561,Non-Switch
4966.0,0.004354338043219411,Non-Switch
4967.0,0.004354339722737486,Non-Switch
4968.0,0.004354343753580865,Non-Switch
4969.0,0.004354341066351946,Non-Switch
497.0,0.00435434879213509,Non-Switch
4970.0,0.004354339722737486,Non-Switch
4971.0,0.004354340730448331,Non-Switch
4972.0,0.004354339050930256,Non-Switch
4973.0,0.004354339050930256,Non-Switch
4974.0,0.00435434543309894,Non-Switch
4975.0,0.00435434610490617,Non-Switch
4976.0,0.004354340730448331,Non-Switch
4977.0,0.004354343081773636,Non-Switch
4978.0,0.004354347112617015,Non-Switch
4979.0,0.00435434543309894,Non-Switch
498.0,0.004354367266833913,Non-Switch
4980.0,0.004354347112617015,Non-Switch
4981.0,0.00435434543309894,Non-Switch
4982.0,0.004354347112617015,Non-Switch
4983.0,0.004354344425388095,Non-Switch
4984.0,0.004354342409966405,Non-Switch
4985.0,0.004354339722737486,Non-Switch
4986.0,0.004354340730448331,Non-Switch
4987.0,0.004354336363701336,Non-Switch
4988.0,0.004354339722737486,Non-Switch
4989.0,0.004354339050930256,Non-Switch
499.0,0.004354354166592929,Non-Switch
4990.0,0.004354338043219411,Non-Switch
4991.0,0.004354335691894106,Non-Switch
4992.0,0.004354334348279646,Non-Switch
4993.0,0.004354335691894106,Non-Switch
4994.0,0.004354335691894106,Non-Switch
4995.0,0.004354335020086877,Non-Switch
4996.0,0.004354335691894106,Non-Switch
4997.0,0.004354336363701336,Non-Switch
4998.0,0.004354339050930256,Non-Switch
4999.0,0.004354339722737486,Non-Switch
5.0,0.05796774674800995,Non-Switch
50.0,0.004356676604186808,Non-Switch
500.0,0.004354358533339924,Non-Switch
5000.0,0.004354342409966405,Non-Switch
5001.0,0.004354339722737486,Non-Switch
5002.0,0.004354344425388095,Non-Switch
5003.0,0.004354344425388095,Non-Switch
5004.0,0.004354342409966405,Non-Switch
5005.0,0.004354358869243539,Non-Switch
5006.0,0.004354352151171239,Non-Switch
5007.0,0.004354354166592929,Non-Switch
5008.0,0.0043543484562314745,Non-Switch
5009.0,0.004354340730448331,Non-Switch
501.0,0.004354355174303774,Non-Switch
5010.0,0.004354338043219411,Non-Switch
5011.0,0.004354343753580865,Non-Switch
5012.0,0.004354337371412181,Non-Switch
5013.0,0.004354339722737486,Non-Switch
5014.0,0.004354334348279646,Non-Switch
5015.0,0.004354334348279646,Non-Switch
5016.0,0.004354335691894106,Non-Switch
5017.0,0.004354334348279646,Non-Switch
5018.0,0.004354333340568802,Non-Switch
5019.0,0.004354333340568802,Non-Switch
502.0,0.004354344761291711,Non-Switch
5020.0,0.004354332668761571,Non-Switch
5021.0,0.004354333340568802,Non-Switch
5022.0,0.004354332668761571,Non-Switch
5023.0,0.004354333340568802,Non-Switch
5024.0,0.004354332668761571,Non-Switch
5025.0,0.004354332668761571,Non-Switch
5026.0,0.004354332668761571,Non-Switch
5027.0,0.004354333340568802,Non-Switch
5028.0,0.004354334348279646,Non-Switch
5029.0,0.004354333340568802,Non-Switch
503.0,0.004354342409966405,Non-Switch
5030.0,0.004354333340568802,Non-Switch
5031.0,0.004354337371412181,Non-Switch
5032.0,0.004354338043219411,Non-Switch
5033.0,0.004354339050930256,Non-Switch
5034.0,0.004354358533339924,Non-Switch
5035.0,0.004354349128038705,Non-Switch
5036.0,0.0043543615564724586,Non-Switch
5037.0,0.004354351143460395,Non-Switch
5038.0,0.004354351143460395,Non-Switch
5039.0,0.0043543534947856994,Non-Switch
504.0,0.004354339722737486,Non-Switch
5040.0,0.0043543615564724586,Non-Switch
5041.0,0.0043543864133399664,Non-Switch
5042.0,0.004354382718400202,Non-Switch
5043.0,0.004354363907797763,Non-Switch
5044.0,0.004354358869243539,Non-Switch
5045.0,0.004354371969484522,Non-Switch
5046.0,0.004354360548761614,Non-Switch
5047.0,0.004354359876954384,Non-Switch
5048.0,0.004354379359364052,Non-Switch
5049.0,0.0043544045521351745,Non-Switch
505.0,0.00435434543309894,Non-Switch
5050.0,0.004354369618159218,Non-Switch
5051.0,0.004354394475026726,Non-Switch
5052.0,0.0043543632359905335,Non-Switch
5053.0,0.004354362228279688,Non-Switch
5054.0,0.0043543615564724586,Non-Switch
5055.0,0.004354352487074855,Non-Switch
5056.0,0.004354366259123068,Non-Switch
5057.0,0.0043543534947856994,Non-Switch
5058.0,0.004354410598400244,Non-Switch
5059.0,0.004354358533339924,Non-Switch
506.0,0.0043543467767134005,Non-Switch
5060.0,0.004354355174303774,Non-Switch
5061.0,0.004354373649002597,Non-Switch
5062.0,0.004354381038882127,Non-Switch
5063.0,0.004354371297677293,Non-Switch
5064.0,0.0043543632359905335,Non-Switch
5065.0,0.004354376000327902,Non-Switch
5066.0,0.004354372977195368,Non-Switch
5067.0,0.004354355174303774,Non-Switch
5068.0,0.004354354166592929,Non-Switch
5069.0,0.0043543501357495495,Non-Switch
507.0,0.004354347112617015,Non-Switch
5070.0,0.0043543501357495495,Non-Switch
5071.0,0.004354347784424245,Non-Switch
5072.0,0.004354358869243539,Non-Switch
5073.0,0.00435434610490617,Non-Switch
5074.0,0.004354351143460395,Non-Switch
5075.0,0.0043543484562314745,Non-Switch
5076.0,0.00435434610490617,Non-Switch
5077.0,0.004354343081773636,Non-Switch
5078.0,0.00435434543309894,Non-Switch
5079.0,0.004354342409966405,Non-Switch
508.0,0.00435435080755678,Non-Switch
5080.0,0.00435434543309894,Non-Switch
5081.0,0.0043543484562314745,Non-Switch
5082.0,0.00435434610490617,Non-Switch
5083.0,0.00435434610490617,Non-Switch
5084.0,0.0043543484562314745,Non-Switch
5085.0,0.00435434610490617,Non-Switch
5086.0,0.00435434543309894,Non-Switch
5087.0,0.004354343753580865,Non-Switch
5088.0,0.004354339722737486,Non-Switch
5089.0,0.004354342409966405,Non-Switch
509.0,0.004354349128038705,Non-Switch
5090.0,0.00435434610490617,Non-Switch
5091.0,0.0043543501357495495,Non-Switch
5092.0,0.00435434543309894,Non-Switch
5093.0,0.0043543501357495495,Non-Switch
5094.0,0.004354347784424245,Non-Switch
5095.0,0.004354351143460395,Non-Switch
5096.0,0.00435434543309894,Non-Switch
5097.0,0.004354354166592929,Non-Switch
5098.0,0.004354357525629079,Non-Switch
5099.0,0.004354392459605036,Non-Switch
51.0,0.004356521416716693,Non-Switch
510.0,0.004354372977195368,Non-Switch
5100.0,0.004354384397918277,Non-Switch
5101.0,0.004354377679845977,Non-Switch
5102.0,0.004354367938641143,Non-Switch
5103.0,0.004354366259123068,Non-Switch
5104.0,0.004354360548761614,Non-Switch
5105.0,0.0043543632359905335,Non-Switch
5106.0,0.004354359876954384,Non-Switch
5107.0,0.004354357525629079,Non-Switch
5108.0,0.0043543615564724586,Non-Switch
5109.0,0.004354394475026726,Non-Switch
511.0,0.004354374992617057,Non-Switch
5110.0,0.004354494574303985,Non-Switch
5111.0,0.004354423362737612,Non-Switch
5112.0,0.0043544492273159645,Non-Switch
5113.0,0.004354507674544969,Non-Switch
5114.0,0.0043544572890027245,Non-Switch
5115.0,0.004354466694303943,Non-Switch
5116.0,0.004354479458641312,Non-Switch
5117.0,0.004354488863942531,Non-Switch
5118.0,0.004354471061050938,Non-Switch
5119.0,0.004354556044665525,Non-Switch
512.0,0.004354365587315838,Non-Switch
5120.0,0.004354414629243623,Non-Switch
5121.0,0.0043544341116532916,Non-Switch
5122.0,0.004354441165629205,Non-Switch
5123.0,0.004354434783460521,Non-Switch
5124.0,0.004354439150207516,Non-Switch
5125.0,0.004354477779123237,Non-Switch
5126.0,0.00435440085719541,Non-Switch
5127.0,0.004354414629243623,Non-Switch
5128.0,0.0043544640070750235,Non-Switch
5129.0,0.004354451914544885,Non-Switch
513.0,0.004354366930930298,Non-Switch
5130.0,0.004354426721773762,Non-Switch
5131.0,0.004354439486111131,Non-Switch
5132.0,0.004354458296713569,Non-Switch
5133.0,0.0043544357911713665,Non-Switch
5134.0,0.004354416308761698,Non-Switch
5135.0,0.004354425042255687,Non-Switch
5136.0,0.004354381038882127,Non-Switch
5137.0,0.004354380031171281,Non-Switch
5138.0,0.004354408582978554,Non-Switch
5139.0,0.004354372977195368,Non-Switch
514.0,0.004354356853821849,Non-Switch
5140.0,0.0043543897723761155,Non-Switch
5141.0,0.004354366259123068,Non-Switch
5142.0,0.004354381038882127,Non-Switch
5143.0,0.004354369618159218,Non-Switch
5144.0,0.004354381710689356,Non-Switch
5145.0,0.0043544045521351745,Non-Switch
5146.0,0.004354389100568886,Non-Switch
5147.0,0.004354372977195368,Non-Switch
5148.0,0.00435439548273757,Non-Switch
5149.0,0.0043543632359905335,Non-Switch
515.0,0.004354359876954384,Non-Switch
5150.0,0.004354360548761614,Non-Switch
5151.0,0.004354379359364052,Non-Switch
5152.0,0.004354376000327902,Non-Switch
5153.0,0.004354371297677293,Non-Switch
5154.0,0.004354358533339924,Non-Switch
5155.0,0.004354359876954384,Non-Switch
5156.0,0.004354385741532736,Non-Switch
5157.0,0.004354374992617057,Non-Switch
5158.0,0.004354360548761614,Non-Switch
5159.0,0.0043543615564724586,Non-Switch
516.0,0.004354359876954384,Non-Switch
5160.0,0.004354389100568886,Non-Switch
5161.0,0.004354384397918277,Non-Switch
5162.0,0.004354381710689356,Non-Switch
5163.0,0.004354469717436478,Non-Switch
5164.0,0.004354468037918403,Non-Switch
5165.0,0.004354372977195368,Non-Switch
5166.0,0.0043544357911713665,Non-Switch
5167.0,0.004354428401291837,Non-Switch
5168.0,0.004354387421050811,Non-Switch
5169.0,0.004354366259123068,Non-Switch
517.0,0.004354358533339924,Non-Switch
5170.0,0.004354379359364052,Non-Switch
5171.0,0.004354379359364052,Non-Switch
5172.0,0.004354402536713485,Non-Switch
5173.0,0.004354382718400202,Non-Switch
5174.0,0.004354371297677293,Non-Switch
5175.0,0.004354389100568886,Non-Switch
5176.0,0.004354382718400202,Non-Switch
5177.0,0.004354367938641143,Non-Switch
5178.0,0.004354370625870063,Non-Switch
5179.0,0.004354378351653207,Non-Switch
518.0,0.0043543649155086085,Non-Switch
5180.0,0.004354372977195368,Non-Switch
5181.0,0.004354359876954384,Non-Switch
5182.0,0.004354359876954384,Non-Switch
5183.0,0.004354356853821849,Non-Switch
5184.0,0.0043543484562314745,Non-Switch
5185.0,0.004354363907797763,Non-Switch
5186.0,0.004354377679845977,Non-Switch
5187.0,0.004354374992617057,Non-Switch
5188.0,0.004354356853821849,Non-Switch
5189.0,0.004354373649002597,Non-Switch
519.0,0.004354393803219495,Non-Switch
5190.0,0.004354358869243539,Non-Switch
5191.0,0.004354360548761614,Non-Switch
5192.0,0.004354365587315838,Non-Switch
5193.0,0.004354367938641143,Non-Switch
5194.0,0.004354356853821849,Non-Switch
5195.0,0.004354362228279688,Non-Switch
5196.0,0.004354358533339924,Non-Switch
5197.0,0.004354369618159218,Non-Switch
5198.0,0.004354367938641143,Non-Switch
5199.0,0.004354359876954384,Non-Switch
52.0,0.004356366901053808,Non-Switch
520.0,0.004354393803219495,Non-Switch
5200.0,0.0043543615564724586,Non-Switch
5201.0,0.004354370625870063,Non-Switch
5202.0,0.004354371297677293,Non-Switch
5203.0,0.004354356853821849,Non-Switch
5204.0,0.0043543615564724586,Non-Switch
5205.0,0.004354366930930298,Non-Switch
5206.0,0.004354372977195368,Non-Switch
5207.0,0.004354359876954384,Non-Switch
5208.0,0.004354359876954384,Non-Switch
5209.0,0.004354380031171281,Non-Switch
521.0,0.004354410262496629,Non-Switch
5210.0,0.0043543615564724586,Non-Switch
5211.0,0.004354376000327902,Non-Switch
5212.0,0.004354374320809828,Non-Switch
5213.0,0.004354385741532736,Non-Switch
5214.0,0.004354389100568886,Non-Switch
5215.0,0.004354371969484522,Non-Switch
5216.0,0.004354371297677293,Non-Switch
5217.0,0.004354363907797763,Non-Switch
5218.0,0.004354359876954384,Non-Switch
5219.0,0.004354362228279688,Non-Switch
522.0,0.004354430752617142,Non-Switch
5220.0,0.0043543632359905335,Non-Switch
5221.0,0.0043543632359905335,Non-Switch
5222.0,0.004354359876954384,Non-Switch
5223.0,0.004354359876954384,Non-Switch
5224.0,0.004354379359364052,Non-Switch
5225.0,0.004354367938641143,Non-Switch
5226.0,0.004354370625870063,Non-Switch
5227.0,0.004354367938641143,Non-Switch
5228.0,0.004354363907797763,Non-Switch
5229.0,0.004354379359364052,Non-Switch
523.0,0.004354427393580992,Non-Switch
5230.0,0.004354367938641143,Non-Switch
5231.0,0.004354379359364052,Non-Switch
5232.0,0.004354365587315838,Non-Switch
5233.0,0.004354362228279688,Non-Switch
5234.0,0.0043543649155086085,Non-Switch
5235.0,0.004354366259123068,Non-Switch
5236.0,0.004354358533339924,Non-Switch
5237.0,0.004354383390207431,Non-Switch
5238.0,0.004354384397918277,Non-Switch
5239.0,0.004354406567556864,Non-Switch
524.0,0.0043543897723761155,Non-Switch
5240.0,0.004354471061050938,Non-Switch
5241.0,0.004354574855267962,Non-Switch
5242.0,0.004354532195508861,Non-Switch
5243.0,0.004354740119846526,Non-Switch
5244.0,0.00435449759743652,Non-Switch
5245.0,0.004354465350689484,Non-Switch
5246.0,0.004354412613821934,Non-Switch
5247.0,0.004354465350689484,Non-Switch
5248.0,0.004354476771412392,Non-Switch
5249.0,0.0043547360890031465,Non-Switch
525.0,0.0043543847338218915,Non-Switch
5250.0,0.004354810323702054,Non-Switch
5251.0,0.004355415622016223,Non-Switch
5252.0,0.004356816340090633,Non-Switch
5253.0,0.0043564112403309836,Non-Switch
5254.0,0.00435714619744053,Non-Switch
5255.0,0.004357106560813964,Non-Switch
5256.0,0.004356249670692185,Non-Switch
5257.0,0.004355968519366458,Non-Switch
5258.0,0.004355832814306012,Non-Switch
5259.0,0.004355877153583187,Non-Switch
526.0,0.004354374320809828,Non-Switch
5260.0,0.004356212385390924,Non-Switch
5261.0,0.0043561324403305615,Non-Switch
5262.0,0.004356303079366965,Non-Switch
5263.0,0.00435634540322245,Non-Switch
5264.0,0.004356202308282475,Non-Switch
5265.0,0.004356290315029596,Non-Switch
5266.0,0.004356184841294497,Non-Switch
5267.0,0.004356645029247001,Non-Switch
5268.0,0.004357309446597404,Non-Switch
5269.0,0.004358589911177656,Non-Switch
527.0,0.004354376000327902,Non-Switch
5270.0,0.004356885536235316,Non-Switch
5271.0,0.004359936884673671,Non-Switch
5272.0,0.004355618507799663,Non-Switch
5273.0,0.0043562926663549,Non-Switch
5274.0,0.004356839853343681,Non-Switch
5275.0,0.004356930211416107,Non-Switch
5276.0,0.004356495216234726,Non-Switch
5277.0,0.0043563749627405675,Non-Switch
5278.0,0.004356366229246578,Non-Switch
5279.0,0.004355858342980749,Non-Switch
528.0,0.004354363907797763,Non-Switch
5280.0,0.004355965832137538,Non-Switch
5281.0,0.0043560662673184135,Non-Switch
5282.0,0.004355760259125179,Non-Switch
5283.0,0.004356246311656035,Non-Switch
5284.0,0.004356603377198744,Non-Switch
5285.0,0.004358182795996317,Non-Switch
5286.0,0.004356992353584875,Non-Switch
5287.0,0.0043645636210662185,Non-Switch
5288.0,0.004358966123226418,Non-Switch
5289.0,0.004360361466842989,Non-Switch
529.0,0.004354357525629079,Non-Switch
5290.0,0.004363428938654862,Non-Switch
5291.0,0.004361332228290242,Non-Switch
5292.0,0.004358999041780685,Non-Switch
5293.0,0.004356469687559988,Non-Switch
5294.0,0.004355804934305969,Non-Switch
5295.0,0.004355380688040267,Non-Switch
5296.0,0.00435544450972711,Non-Switch
5297.0,0.004355199300088185,Non-Switch
5298.0,0.004355451227799409,Non-Switch
5299.0,0.00435575421286011,Non-Switch
53.0,0.00435839542298459,Non-Switch
530.0,0.004354352151171239,Non-Switch
5300.0,0.0043551966128592655,Non-Switch
5301.0,0.004354929233581752,Non-Switch
5302.0,0.004355105247075994,Non-Switch
5303.0,0.004355480115510297,Non-Switch
5304.0,0.004355209713100249,Non-Switch
5305.0,0.004355472725630767,Non-Switch
5306.0,0.004354793192617691,Non-Switch
5307.0,0.004354992383461365,Non-Switch
5308.0,0.004355009178642114,Non-Switch
5309.0,0.0043544623275569485,Non-Switch
531.0,0.0043543484562314745,Non-Switch
5310.0,0.0043548466012924706,Non-Switch
5311.0,0.004354586275990871,Non-Switch
5312.0,0.004354943677437196,Non-Switch
5313.0,0.004354541936713695,Non-Switch
5314.0,0.004354564106352284,Non-Switch
5315.0,0.004354952746834799,Non-Switch
5316.0,0.00435495140322034,Non-Switch
5317.0,0.004354824095750267,Non-Switch
5318.0,0.004354467366111173,Non-Switch
5319.0,0.004354798231171915,Non-Switch
532.0,0.0043543501357495495,Non-Switch
5320.0,0.00435475187647305,Non-Switch
5321.0,0.0043547031704488795,Non-Switch
5322.0,0.004354685367557286,Non-Switch
5323.0,0.004354464678882253,Non-Switch
5324.0,0.004354580229725802,Non-Switch
5325.0,0.004354688726593436,Non-Switch
5326.0,0.004354786138641776,Non-Switch
5327.0,0.004354829134304492,Non-Switch
5328.0,0.004354726011894698,Non-Switch
5329.0,0.004354816705870738,Non-Switch
533.0,0.004354352151171239,Non-Switch
5330.0,0.0043548418986418605,Non-Switch
5331.0,0.004354801590208065,Non-Switch
5332.0,0.0043545711603281976,Non-Switch
5333.0,0.004354590642737866,Non-Switch
5334.0,0.004354479458641312,Non-Switch
5335.0,0.004354878176232277,Non-Switch
5336.0,0.004354856342497304,Non-Switch
5337.0,0.004354472740569012,Non-Switch
5338.0,0.004355011194063804,Non-Switch
5339.0,0.004354441165629205,Non-Switch
534.0,0.00435435282297847,Non-Switch
5340.0,0.004354438142496671,Non-Switch
5341.0,0.004354494574303985,Non-Switch
5342.0,0.004355565435028498,Non-Switch
5343.0,0.0043546833521355965,Non-Switch
5344.0,0.004354583924665567,Non-Switch
5345.0,0.004354434783460521,Non-Switch
5346.0,0.004354578550207727,Non-Switch
5347.0,0.004354519095267878,Non-Switch
5348.0,0.0043544838253883065,Non-Switch
5349.0,0.004354454265870189,Non-Switch
535.0,0.00435434946394232,Non-Switch
5350.0,0.004354405223942404,Non-Switch
5351.0,0.004354717614304323,Non-Switch
5352.0,0.004354445196472585,Non-Switch
5353.0,0.004355027317437322,Non-Switch
5354.0,0.00435525170105212,Non-Switch
5355.0,0.004355235577678601,Non-Switch
5356.0,0.004355277565630472,Non-Switch
5357.0,0.00435524498297982,Non-Switch
5358.0,0.004355418981052373,Non-Switch
5359.0,0.004356122363222113,Non-Switch
536.0,0.004354358869243539,Non-Switch
5360.0,0.004355756228281799,Non-Switch
5361.0,0.004355799223944515,Non-Switch
5362.0,0.004356215072619843,Non-Switch
5363.0,0.004355860358402439,Non-Switch
5364.0,0.004358570764671603,Non-Switch
5365.0,0.004386138038448282,Non-Switch
5366.0,0.004395861440390715,Non-Switch
5367.0,0.004357014523223464,Non-Switch
5368.0,0.004357504270694084,Non-Switch
5369.0,0.0043566208441867225,Non-Switch
537.0,0.004354351143460395,Non-Switch
5370.0,0.0043558815203301815,Non-Switch
5371.0,0.00435794296081523,Non-Switch
5372.0,0.00435589965912539,Non-Switch
5373.0,0.004355636310691256,Non-Switch
5374.0,0.0043562711685235424,Non-Switch
5375.0,0.00435489799454556,Non-Switch
5376.0,0.004354939982497431,Non-Switch
5377.0,0.004354985665389066,Non-Switch
5378.0,0.00435524968563043,Non-Switch
5379.0,0.00435575421286011,Non-Switch
538.0,0.004354362564183304,Non-Switch
5380.0,0.004359530777203177,Non-Switch
5381.0,0.004358820341057523,Non-Switch
5382.0,0.004356311812860954,Non-Switch
5383.0,0.004355187207558046,Non-Switch
5384.0,0.004355414950208993,Non-Switch
5385.0,0.004355159663461619,Non-Switch
5386.0,0.004354735081292301,Non-Switch
5387.0,0.004354439150207516,Non-Switch
5388.0,0.004354381710689356,Non-Switch
5389.0,0.004354376672135132,Non-Switch
539.0,0.004354357525629079,Non-Switch
5390.0,0.004354377679845977,Non-Switch
5391.0,0.004354380031171281,Non-Switch
5392.0,0.004354374320809828,Non-Switch
5393.0,0.004354368610448373,Non-Switch
5394.0,0.0043543649155086085,Non-Switch
5395.0,0.004354365587315838,Non-Switch
5396.0,0.004354376000327902,Non-Switch
5397.0,0.004354370625870063,Non-Switch
5398.0,0.004354376672135132,Non-Switch
5399.0,0.004354374992617057,Non-Switch
54.0,0.0043567330359941215,Non-Switch
540.0,0.004354373313098982,Non-Switch
5400.0,0.004354372977195368,Non-Switch
5401.0,0.004354378351653207,Non-Switch
5402.0,0.00435439548273757,Non-Switch
5403.0,0.0043543615564724586,Non-Switch
5404.0,0.0043543534947856994,Non-Switch
5405.0,0.004354362228279688,Non-Switch
5406.0,0.004354371297677293,Non-Switch
5407.0,0.004354442173340051,Non-Switch
5408.0,0.004354466694303943,Non-Switch
5409.0,0.004354535890448626,Non-Switch
541.0,0.00435435080755678,Non-Switch
5410.0,0.004354694436954891,Non-Switch
5411.0,0.004354736424906761,Non-Switch
5412.0,0.004354738776232066,Non-Switch
5413.0,0.004354738104424836,Non-Switch
5414.0,0.004354686375268131,Non-Switch
5415.0,0.004354686375268131,Non-Switch
5416.0,0.0043547330658706114,Non-Switch
5417.0,0.004354712911653714,Non-Switch
5418.0,0.004354688054786206,Non-Switch
5419.0,0.00435469846779827,Non-Switch
542.0,0.0043543501357495495,Non-Switch
5420.0,0.004354833165147872,Non-Switch
5421.0,0.004354696116472965,Non-Switch
5422.0,0.0043545348827377815,Non-Switch
5423.0,0.004354696116472965,Non-Switch
5424.0,0.004354776733340557,Non-Switch
5425.0,0.004354571496231812,Non-Switch
5426.0,0.00435449625382206,Non-Switch
5427.0,0.004354520438882338,Non-Switch
5428.0,0.004354466694303943,Non-Switch
5429.0,0.0043544374706894415,Non-Switch
543.0,0.0043543518152676245,Non-Switch
5430.0,0.004354484833099151,Non-Switch
5431.0,0.004354414629243623,Non-Switch
5432.0,0.004354407575267709,Non-Switch
5433.0,0.004354417316472543,Non-Switch
5434.0,0.004354411606111088,Non-Switch
5435.0,0.004354414629243623,Non-Switch
5436.0,0.004354413957436394,Non-Switch
5437.0,0.0043545432803281554,Non-Switch
5438.0,0.004354425042255687,Non-Switch
5439.0,0.004354431424424371,Non-Switch
544.0,0.004354347784424245,Non-Switch
5440.0,0.004354681336713907,Non-Switch
5441.0,0.004354566457677588,Non-Switch
5442.0,0.004354458296713569,Non-Switch
5443.0,0.004354560075508904,Non-Switch
5444.0,0.004354727355509157,Non-Switch
5445.0,0.004355201315509875,Non-Switch
5446.0,0.004354505323219664,Non-Switch
5447.0,0.004354534546834167,Non-Switch
5448.0,0.004354531187798017,Non-Switch
5449.0,0.004354485840809996,Non-Switch
545.0,0.004354341066351946,Non-Switch
5450.0,0.0043544441887617405,Non-Switch
5451.0,0.004354426049966532,Non-Switch
5452.0,0.004354432432135217,Non-Switch
5453.0,0.004354416308761698,Non-Switch
5454.0,0.004354413957436394,Non-Switch
5455.0,0.004354393803219495,Non-Switch
5456.0,0.004354447211894275,Non-Switch
5457.0,0.0043544226909303825,Non-Switch
5458.0,0.004354414629243623,Non-Switch
5459.0,0.004354402536713485,Non-Switch
546.0,0.004354341066351946,Non-Switch
5460.0,0.0043543864133399664,Non-Switch
5461.0,0.004354374320809828,Non-Switch
5462.0,0.0043544243704484575,Non-Switch
5463.0,0.004354455945388264,Non-Switch
5464.0,0.0043543897723761155,Non-Switch
5465.0,0.004354367938641143,Non-Switch
5466.0,0.0043544374706894415,Non-Switch
5467.0,0.004354366259123068,Non-Switch
5468.0,0.004354393803219495,Non-Switch
5469.0,0.004354372977195368,Non-Switch
547.0,0.004354340730448331,Non-Switch
5470.0,0.004354367938641143,Non-Switch
5471.0,0.0043544294090026815,Non-Switch
5472.0,0.004354365587315838,Non-Switch
5473.0,0.004354360548761614,Non-Switch
5474.0,0.004354377679845977,Non-Switch
5475.0,0.004354406567556864,Non-Switch
5476.0,0.0043544243704484575,Non-Switch
5477.0,0.004354381038882127,Non-Switch
5478.0,0.004354387421050811,Non-Switch
5479.0,0.004354419667797848,Non-Switch
548.0,0.004354343081773636,Non-Switch
5480.0,0.004354405895749635,Non-Switch
5481.0,0.004354355846111004,Non-Switch
5482.0,0.0043543615564724586,Non-Switch
5483.0,0.004354355174303774,Non-Switch
5484.0,0.004354351143460395,Non-Switch
5485.0,0.00435434543309894,Non-Switch
5486.0,0.00435434543309894,Non-Switch
5487.0,0.004354368610448373,Non-Switch
5488.0,0.004354388092858041,Non-Switch
5489.0,0.0043544986051473646,Non-Switch
549.0,0.00435434610490617,Non-Switch
5490.0,0.004354408582978554,Non-Switch
5491.0,0.004354414629243623,Non-Switch
5492.0,0.004354438142496671,Non-Switch
5493.0,0.004354439822014746,Non-Switch
5494.0,0.004354430752617142,Non-Switch
5495.0,0.004354369618159218,Non-Switch
5496.0,0.004354425042255687,Non-Switch
5497.0,0.004354776061533327,Non-Switch
5498.0,0.004354576870689652,Non-Switch
5499.0,0.004354547982978765,Non-Switch
55.0,0.004357002430693324,Non-Switch
550.0,0.004354354166592929,Non-Switch
5500.0,0.004355071656714497,Non-Switch
5501.0,0.004354477779123237,Non-Switch
5502.0,0.004356091460089535,Non-Switch
5503.0,0.004354581909243877,Non-Switch
5504.0,0.004356210369969234,Non-Switch
5505.0,0.004354688726593436,Non-Switch
5506.0,0.004354714927075403,Non-Switch
5507.0,0.004354542944424541,Non-Switch
5508.0,0.004355183176714667,Non-Switch
5509.0,0.004355540242257376,Non-Switch
551.0,0.004354366259123068,Non-Switch
5510.0,0.004354555372858294,Non-Switch
5511.0,0.004356192902981256,Non-Switch
5512.0,0.0043545728398462725,Non-Switch
5513.0,0.0043552725270762475,Non-Switch
5514.0,0.0043558220653903326,Non-Switch
5515.0,0.004355449548281335,Non-Switch
5516.0,0.004354766992135723,Non-Switch
5517.0,0.004354757922738119,Non-Switch
5518.0,0.004354710896232024,Non-Switch
5519.0,0.004355632615751491,Non-Switch
552.0,0.004354371969484522,Non-Switch
5520.0,0.0043556950938238755,Non-Switch
5521.0,0.0043555251265947025,Non-Switch
5522.0,0.004354804949244214,Non-Switch
5523.0,0.004355282940088311,Non-Switch
5524.0,0.0043551502581604,Non-Switch
5525.0,0.0043554969106910455,Non-Switch
5526.0,0.00435575085382396,Non-Switch
5527.0,0.004354875489003357,Non-Switch
5528.0,0.004354967862497473,Non-Switch
5529.0,0.004354825775268342,Non-Switch
553.0,0.004354358869243539,Non-Switch
5530.0,0.004354696788280195,Non-Switch
5531.0,0.004355185863943586,Non-Switch
5532.0,0.004355081062015717,Non-Switch
5533.0,0.004354926546352832,Non-Switch
5534.0,0.004355063259124123,Non-Switch
5535.0,0.0043549258745456025,Non-Switch
5536.0,0.004355014553099954,Non-Switch
5537.0,0.004355022614786713,Non-Switch
5538.0,0.004355019591654178,Non-Switch
5539.0,0.004354979619123997,Non-Switch
554.0,0.004354354166592929,Non-Switch
5540.0,0.0043550481434614504,Non-Switch
5541.0,0.004355003804184274,Non-Switch
5542.0,0.0043549258745456025,Non-Switch
5543.0,0.004354960136714329,Non-Switch
5544.0,0.00435524968563043,Non-Switch
5545.0,0.004355735738161286,Non-Switch
5546.0,0.00435515294538932,Non-Switch
5547.0,0.004355908056715764,Non-Switch
5548.0,0.004355609102498444,Non-Switch
5549.0,0.004355814675510803,Non-Switch
555.0,0.0043543632359905335,Non-Switch
5550.0,0.004355471382016308,Non-Switch
5551.0,0.004355128760329042,Non-Switch
5552.0,0.0043555795429803265,Non-Switch
5553.0,0.004355274542497937,Non-Switch
5554.0,0.004355586932859856,Non-Switch
5555.0,0.0043559376162338815,Non-Switch
5556.0,0.00435545189960664,Non-Switch
5557.0,0.004355478435992222,Non-Switch
5558.0,0.004355924851896512,Non-Switch
5559.0,0.004355892605149476,Non-Switch
556.0,0.004354358533339924,Non-Switch
5560.0,0.004355974565631527,Non-Switch
5561.0,0.00435565680081177,Non-Switch
5562.0,0.004355756228281799,Non-Switch
5563.0,0.00435645154876478,Non-Switch
5564.0,0.004355664190691298,Non-Switch
5565.0,0.004355689719366036,Non-Switch
5566.0,0.004356579863945697,Non-Switch
5567.0,0.004355613133341823,Non-Switch
5568.0,0.0043562100340656185,Non-Switch
5569.0,0.004356169389728208,Non-Switch
557.0,0.0043543632359905335,Non-Switch
5570.0,0.004356445166596095,Non-Switch
5571.0,0.004356318530933253,Non-Switch
5572.0,0.004355702147799789,Non-Switch
5573.0,0.004355955419125475,Non-Switch
5574.0,0.0043557726875589325,Non-Switch
5575.0,0.0043564609540659984,Non-Switch
5576.0,0.004356355480330899,Non-Switch
5577.0,0.004356143189246241,Non-Switch
5578.0,0.004355191238401426,Non-Switch
5579.0,0.004356894269729306,Non-Switch
558.0,0.004354374992617057,Non-Switch
5580.0,0.0043571011863561245,Non-Switch
5581.0,0.004356369924186343,Non-Switch
5582.0,0.0043565697868372475,Non-Switch
5583.0,0.004361741358893271,Non-Switch
5584.0,0.004361196523229796,Non-Switch
5585.0,0.004359001729009605,Non-Switch
5586.0,0.004355756228281799,Non-Switch
5587.0,0.004355804598402354,Non-Switch
5588.0,0.004355636982498486,Non-Switch
5589.0,0.0043558617020168985,Non-Switch
559.0,0.004354367938641143,Non-Switch
5590.0,0.004356276207077767,Non-Switch
5591.0,0.004356220447077683,Non-Switch
5592.0,0.004358134425875761,Non-Switch
5593.0,0.004359061519853069,Non-Switch
5594.0,0.00435845017527383,Non-Switch
5595.0,0.004359365848528228,Non-Switch
5596.0,0.0043591374340700515,Non-Switch
5597.0,0.004359519020576653,Non-Switch
5598.0,0.004358919768527553,Non-Switch
5599.0,0.004357488147320566,Non-Switch
56.0,0.004357124699609172,Non-Switch
560.0,0.0043543615564724586,Non-Switch
5600.0,0.004357603026356884,Non-Switch
5601.0,0.004357161313103204,Non-Switch
5602.0,0.004358258710213299,Non-Switch
5603.0,0.004357705812863064,Non-Switch
5604.0,0.00435705281623557,Non-Switch
5605.0,0.004356988322741496,Non-Switch
5606.0,0.004356817347801478,Non-Switch
5607.0,0.004356575833102318,Non-Switch
5608.0,0.004357351434549275,Non-Switch
5609.0,0.004356860679367809,Non-Switch
561.0,0.004354377679845977,Non-Switch
5610.0,0.004356813652861714,Non-Switch
5611.0,0.004356808950211104,Non-Switch
5612.0,0.004356778047078527,Non-Switch
5613.0,0.004355931569968812,Non-Switch
5614.0,0.004355661167558764,Non-Switch
5615.0,0.004355108606112144,Non-Switch
5616.0,0.00435524834201597,Non-Switch
5617.0,0.004355032691895162,Non-Switch
5618.0,0.004355085092859096,Non-Switch
5619.0,0.004354963495750479,Non-Switch
562.0,0.004354392459605036,Non-Switch
5620.0,0.004354712911653714,Non-Switch
5621.0,0.004354829806111722,Non-Switch
5622.0,0.00435455436514745,Non-Switch
5623.0,0.0043545167439425735,Non-Switch
5624.0,0.004354929233581752,Non-Switch
5625.0,0.004354430752617142,Non-Switch
5626.0,0.004354958793099869,Non-Switch
5627.0,0.0043544243704484575,Non-Switch
5628.0,0.004354402536713485,Non-Switch
5629.0,0.004354387421050811,Non-Switch
563.0,0.004354372977195368,Non-Switch
5630.0,0.004354356853821849,Non-Switch
5631.0,0.00435434610490617,Non-Switch
5632.0,0.004354421347315922,Non-Switch
5633.0,0.004354864740087679,Non-Switch
5634.0,0.00435514689912425,Non-Switch
5635.0,0.004354393803219495,Non-Switch
5636.0,0.004354484161291921,Non-Switch
5637.0,0.004354397162255645,Non-Switch
5638.0,0.004354409926593014,Non-Switch
5639.0,0.00435439548273757,Non-Switch
564.0,0.004354377679845977,Non-Switch
5640.0,0.004354413285629163,Non-Switch
5641.0,0.004354398505870105,Non-Switch
5642.0,0.004354340394544715,Non-Switch
5643.0,0.004354336363701336,Non-Switch
5644.0,0.004354333340568802,Non-Switch
5645.0,0.004354334012376031,Non-Switch
5646.0,0.004354332668761571,Non-Switch
5647.0,0.004354332668761571,Non-Switch
5648.0,0.004354332668761571,Non-Switch
5649.0,0.004354332668761571,Non-Switch
565.0,0.004354418660087003,Non-Switch
5650.0,0.004354332668761571,Non-Switch
5651.0,0.004354332668761571,Non-Switch
5652.0,0.004354332668761571,Non-Switch
5653.0,0.004354332668761571,Non-Switch
5654.0,0.004354332668761571,Non-Switch
5655.0,0.004354332668761571,Non-Switch
5656.0,0.004354333340568802,Non-Switch
5657.0,0.004354333340568802,Non-Switch
5658.0,0.004354333340568802,Non-Switch
5659.0,0.004354334348279646,Non-Switch
566.0,0.0043544357911713665,Non-Switch
5660.0,0.004354334348279646,Non-Switch
5661.0,0.004354334348279646,Non-Switch
5662.0,0.004354334348279646,Non-Switch
5663.0,0.004354333340568802,Non-Switch
5664.0,0.004354333340568802,Non-Switch
5665.0,0.004354333340568802,Non-Switch
5666.0,0.004354332668761571,Non-Switch
5667.0,0.004354332668761571,Non-Switch
5668.0,0.004354332668761571,Non-Switch
5669.0,0.004354332668761571,Non-Switch
567.0,0.004354413285629163,Non-Switch
5670.0,0.004354333340568802,Non-Switch
5671.0,0.004354333340568802,Non-Switch
5672.0,0.004354333340568802,Non-Switch
5673.0,0.004354332668761571,Non-Switch
5674.0,0.004354333340568802,Non-Switch
5675.0,0.004354334348279646,Non-Switch
5676.0,0.004354335020086877,Non-Switch
5677.0,0.004354445868279815,Non-Switch
5678.0,0.004354586611894486,Non-Switch
5679.0,0.004354467702014788,Non-Switch
568.0,0.004354574855267962,Non-Switch
5680.0,0.004354416980568928,Non-Switch
5681.0,0.004354456617195494,Non-Switch
5682.0,0.00435439884177372,Non-Switch
5683.0,0.004354361220568844,Non-Switch
5684.0,0.004354372305388138,Non-Switch
5685.0,0.004354387421050811,Non-Switch
5686.0,0.004354377679845977,Non-Switch
5687.0,0.004354378351653207,Non-Switch
5688.0,0.004354356853821849,Non-Switch
5689.0,0.004354352487074855,Non-Switch
569.0,0.004354929233581752,Non-Switch
5690.0,0.004354355846111004,Non-Switch
5691.0,0.00435434543309894,Non-Switch
5692.0,0.004354343753580865,Non-Switch
5693.0,0.004354339050930256,Non-Switch
5694.0,0.004354335020086877,Non-Switch
5695.0,0.004354334348279646,Non-Switch
5696.0,0.004354333340568802,Non-Switch
5697.0,0.004354333340568802,Non-Switch
5698.0,0.004354332668761571,Non-Switch
5699.0,0.004354333340568802,Non-Switch
57.0,0.004356589941054146,Non-Switch
570.0,0.004354905720328704,Non-Switch
5700.0,0.004354333340568802,Non-Switch
5701.0,0.004354339722737486,Non-Switch
5702.0,0.004354339722737486,Non-Switch
5703.0,0.004354335691894106,Non-Switch
5704.0,0.004354337035508566,Non-Switch
5705.0,0.004354337371412181,Non-Switch
5706.0,0.0043543467767134005,Non-Switch
5707.0,0.0043543484562314745,Non-Switch
5708.0,0.0043543417381591756,Non-Switch
5709.0,0.004354365587315838,Non-Switch
571.0,0.004354905048521474,Non-Switch
5710.0,0.004354343081773636,Non-Switch
5711.0,0.00435435282297847,Non-Switch
5712.0,0.004354347112617015,Non-Switch
5713.0,0.0043543450971953255,Non-Switch
5714.0,0.004354343753580865,Non-Switch
5715.0,0.004354344425388095,Non-Switch
5716.0,0.004354347112617015,Non-Switch
5717.0,0.004354337371412181,Non-Switch
5718.0,0.004354347112617015,Non-Switch
5719.0,0.004354343081773636,Non-Switch
572.0,0.004355191910208655,Non-Switch
5720.0,0.004354362900086919,Non-Switch
5721.0,0.0043543565179182345,Non-Switch
5722.0,0.004354366259123068,Non-Switch
5723.0,0.004354374320809828,Non-Switch
5724.0,0.004354376672135132,Non-Switch
5725.0,0.004354378351653207,Non-Switch
5726.0,0.00435439884177372,Non-Switch
5727.0,0.004354413285629163,Non-Switch
5728.0,0.004354422019123153,Non-Switch
5729.0,0.004354420675508693,Non-Switch
573.0,0.0043566242032228725,Non-Switch
5730.0,0.004354418995990618,Non-Switch
5731.0,0.0043543716335809075,Non-Switch
5732.0,0.004354350471653165,Non-Switch
5733.0,0.004354357525629079,Non-Switch
5734.0,0.004354352151171239,Non-Switch
5735.0,0.0043543534947856994,Non-Switch
5736.0,0.00435435080755678,Non-Switch
5737.0,0.00435434879213509,Non-Switch
5738.0,0.00435435147936401,Non-Switch
5739.0,0.004354344425388095,Non-Switch
574.0,0.004355080390208487,Non-Switch
5740.0,0.00435434610490617,Non-Switch
5741.0,0.00435434207406279,Non-Switch
5742.0,0.00435434207406279,Non-Switch
5743.0,0.004354342745870021,Non-Switch
5744.0,0.004354343753580865,Non-Switch
5745.0,0.00435434812032786,Non-Switch
5746.0,0.0043543565179182345,Non-Switch
5747.0,0.004354359541050769,Non-Switch
5748.0,0.004354359876954384,Non-Switch
5749.0,0.004354359541050769,Non-Switch
575.0,0.004354844585870781,Non-Switch
5750.0,0.004354359876954384,Non-Switch
5751.0,0.004354350471653165,Non-Switch
5752.0,0.004354355510207389,Non-Switch
5753.0,0.004354358197436309,Non-Switch
5754.0,0.004354365251412223,Non-Switch
5755.0,0.004354365923219453,Non-Switch
5756.0,0.004354368610448373,Non-Switch
5757.0,0.004354371297677293,Non-Switch
5758.0,0.004354387421050811,Non-Switch
5759.0,0.004354374320809828,Non-Switch
576.0,0.004354592322255941,Non-Switch
5760.0,0.004354380367074897,Non-Switch
5761.0,0.004354381710689356,Non-Switch
5762.0,0.004354376000327902,Non-Switch
5763.0,0.004354390780086961,Non-Switch
5764.0,0.004354387421050811,Non-Switch
5765.0,0.004354386077436352,Non-Switch
5766.0,0.004354381038882127,Non-Switch
5767.0,0.004354387421050811,Non-Switch
5768.0,0.004354451914544885,Non-Switch
5769.0,0.004354439150207516,Non-Switch
577.0,0.004354734745388686,Non-Switch
5770.0,0.00435440018538818,Non-Switch
5771.0,0.004354420339605078,Non-Switch
5772.0,0.00435440421623156,Non-Switch
5773.0,0.004354421347315922,Non-Switch
5774.0,0.0043544243704484575,Non-Switch
5775.0,0.004354420003701463,Non-Switch
5776.0,0.004354468709725633,Non-Switch
5777.0,0.004354507674544969,Non-Switch
5778.0,0.00435455033430407,Non-Switch
5779.0,0.004354537905870316,Non-Switch
578.0,0.004354738104424836,Non-Switch
5780.0,0.004354515400328113,Non-Switch
5781.0,0.004354433775749677,Non-Switch
5782.0,0.004354415301050853,Non-Switch
5783.0,0.004354426721773762,Non-Switch
5784.0,0.00435439548273757,Non-Switch
5785.0,0.00435439951358095,Non-Switch
5786.0,0.004354406903460479,Non-Switch
5787.0,0.004354400521291795,Non-Switch
5788.0,0.004354393131412265,Non-Switch
5789.0,0.004354387421050811,Non-Switch
579.0,0.004354533539123321,Non-Switch
5790.0,0.00435439951358095,Non-Switch
5791.0,0.004354381710689356,Non-Switch
5792.0,0.004354374656713443,Non-Switch
5793.0,0.004354380702978512,Non-Switch
5794.0,0.004354380031171281,Non-Switch
5795.0,0.0043543864133399664,Non-Switch
5796.0,0.004354369618159218,Non-Switch
5797.0,0.004354376672135132,Non-Switch
5798.0,0.004354380367074897,Non-Switch
5799.0,0.004354361220568844,Non-Switch
58.0,0.004357692376718466,Non-Switch
580.0,0.004354569480810123,Non-Switch
5800.0,0.004354354166592929,Non-Switch
5801.0,0.004354360548761614,Non-Switch
5802.0,0.004354355174303774,Non-Switch
5803.0,0.004354363571894148,Non-Switch
5804.0,0.004354369282255603,Non-Switch
5805.0,0.004354385069725506,Non-Switch
5806.0,0.004354376672135132,Non-Switch
5807.0,0.004354384397918277,Non-Switch
5808.0,0.004354385069725506,Non-Switch
5809.0,0.004354377343942362,Non-Switch
581.0,0.004354806964665904,Non-Switch
5810.0,0.00435439548273757,Non-Switch
5811.0,0.004354393131412265,Non-Switch
5812.0,0.004354409254785784,Non-Switch
5813.0,0.004354376672135132,Non-Switch
5814.0,0.004354380031171281,Non-Switch
5815.0,0.004354372641291753,Non-Switch
5816.0,0.004354378351653207,Non-Switch
5817.0,0.004354371969484522,Non-Switch
5818.0,0.004354375664424287,Non-Switch
5819.0,0.004354394475026726,Non-Switch
582.0,0.004355086772377171,Non-Switch
5820.0,0.00435440421623156,Non-Switch
5821.0,0.00435439951358095,Non-Switch
5822.0,0.004354390780086961,Non-Switch
5823.0,0.0043544112702074735,Non-Switch
5824.0,0.004354410934303859,Non-Switch
5825.0,0.00435444956321958,Non-Switch
5826.0,0.004354576870689652,Non-Switch
5827.0,0.004354461991653334,Non-Switch
5828.0,0.004354416980568928,Non-Switch
5829.0,0.004354441165629205,Non-Switch
583.0,0.004355012201774648,Non-Switch
5830.0,0.004354458296713569,Non-Switch
5831.0,0.004354437806593056,Non-Switch
5832.0,0.004354466358400328,Non-Switch
5833.0,0.004354532867316092,Non-Switch
5834.0,0.0043545661217739735,Non-Switch
5835.0,0.0043547559073164295,Non-Switch
5836.0,0.0043549228514130674,Non-Switch
5837.0,0.004355262114064184,Non-Switch
5838.0,0.0043552826041846964,Non-Switch
5839.0,0.004355005483702349,Non-Switch
584.0,0.004355480787317526,Non-Switch
5840.0,0.0043556406774382505,Non-Switch
5841.0,0.004355382031654726,Non-Switch
5842.0,0.00435544854057049,Non-Switch
5843.0,0.004355211728521938,Non-Switch
5844.0,0.004355167725148378,Non-Switch
5845.0,0.004355197284666495,Non-Switch
5846.0,0.004355235241774986,Non-Switch
5847.0,0.004354929569485367,Non-Switch
5848.0,0.004355090467316936,Non-Switch
5849.0,0.004354951067316724,Non-Switch
585.0,0.004357539540573656,Non-Switch
5850.0,0.004355014553099954,Non-Switch
5851.0,0.0043548466012924706,Non-Switch
5852.0,0.004354837195991251,Non-Switch
5853.0,0.0043548996740636345,Non-Switch
5854.0,0.004354553357436604,Non-Switch
5855.0,0.00435450498731605,Non-Switch
5856.0,0.004354464678882253,Non-Switch
5857.0,0.004354407575267709,Non-Switch
5858.0,0.004354414965147238,Non-Switch
5859.0,0.0043543914518941905,Non-Switch
586.0,0.00435884586973226,Non-Switch
5860.0,0.00435440421623156,Non-Switch
5861.0,0.004354407239364094,Non-Switch
5862.0,0.004354394475026726,Non-Switch
5863.0,0.004354402536713485,Non-Switch
5864.0,0.004354386077436352,Non-Switch
5865.0,0.004354394139123111,Non-Switch
5866.0,0.004354391115990576,Non-Switch
5867.0,0.004354376000327902,Non-Switch
5868.0,0.004354420003701463,Non-Switch
5869.0,0.004354411942014704,Non-Switch
587.0,0.0043564871545479665,Non-Switch
5870.0,0.004354419331894233,Non-Switch
5871.0,0.00435439884177372,Non-Switch
5872.0,0.004354382718400202,Non-Switch
5873.0,0.004354397162255645,Non-Switch
5874.0,0.00435439816996649,Non-Switch
5875.0,0.004354390780086961,Non-Switch
5876.0,0.004354371297677293,Non-Switch
5877.0,0.004354358533339924,Non-Switch
5878.0,0.0043543665950266834,Non-Switch
5879.0,0.004354520438882338,Non-Switch
588.0,0.004356385711656246,Non-Switch
5880.0,0.004354508010448584,Non-Switch
5881.0,0.004354436127074981,Non-Switch
5882.0,0.004354480802255771,Non-Switch
5883.0,0.004354465350689484,Non-Switch
5884.0,0.004354579222014957,Non-Switch
5885.0,0.004354815698159893,Non-Switch
5886.0,0.0043545332032197065,Non-Switch
5887.0,0.004354504315508819,Non-Switch
5888.0,0.004354478450930467,Non-Switch
5889.0,0.0043544539299665746,Non-Switch
589.0,0.004356281581535607,Non-Switch
5890.0,0.004354572168039043,Non-Switch
5891.0,0.004354509689966659,Non-Switch
5892.0,0.004354528500569097,Non-Switch
5893.0,0.004354437134785826,Non-Switch
5894.0,0.004354545967557075,Non-Switch
5895.0,0.00435439682635203,Non-Switch
5896.0,0.004354425042255687,Non-Switch
5897.0,0.004354412949725548,Non-Switch
5898.0,0.00435445023502681,Non-Switch
5899.0,0.004354397162255645,Non-Switch
59.0,0.004356765282741158,Non-Switch
590.0,0.0043557149121371585,Non-Switch
5900.0,0.004354368610448373,Non-Switch
5901.0,0.004354595345388475,Non-Switch
5902.0,0.004355281260570236,Non-Switch
5903.0,0.004354918484666073,Non-Switch
5904.0,0.004354832157437026,Non-Switch
5905.0,0.00435475053285859,Non-Switch
5906.0,0.004354603407075234,Non-Switch
5907.0,0.0043547643049068035,Non-Switch
5908.0,0.004354486512617226,Non-Switch
5909.0,0.004355626233582807,Non-Switch
591.0,0.004356217088041533,Non-Switch
5910.0,0.00435554729623329,Non-Switch
5911.0,0.004355191238401426,Non-Switch
5912.0,0.004355568122257418,Non-Switch
5913.0,0.0043548748171961275,Non-Switch
5914.0,0.00435494670056973,Non-Switch
5915.0,0.004358364183948398,Non-Switch
5916.0,0.004362186095279486,Non-Switch
5917.0,0.00435850291214138,Non-Switch
5918.0,0.004374934981081922,Non-Switch
5919.0,0.004364768522271348,Non-Switch
592.0,0.004355829119366247,Non-Switch
5920.0,0.004363786004197572,Non-Switch
5921.0,0.004357789788766806,Non-Switch
5922.0,0.004362980843232497,Non-Switch
5923.0,0.00436694517769633,Non-Switch
5924.0,0.004360081323228107,Non-Switch
5925.0,0.004357979238405647,Non-Switch
5926.0,0.0043566537627409896,Non-Switch
5927.0,0.004356811637440024,Non-Switch
5928.0,0.004356366901053808,Non-Switch
5929.0,0.0043567330359941215,Non-Switch
593.0,0.004355804598402354,Non-Switch
5930.0,0.004356585910210767,Non-Switch
5931.0,0.0043572496557539395,Non-Switch
5932.0,0.00435744985430846,Non-Switch
5933.0,0.004356456251415389,Non-Switch
5934.0,0.004356508652379324,Non-Switch
5935.0,0.0043561371429811716,Non-Switch
5936.0,0.004356643013825311,Non-Switch
5937.0,0.004360731632626682,Non-Switch
5938.0,0.004360021532384643,Non-Switch
5939.0,0.004416653538253522,Non-Switch
594.0,0.004356799544909885,Non-Switch
5940.0,0.0043616923169654855,Non-Switch
5941.0,0.004368612939144639,Non-Switch
5942.0,0.004394131872677253,Non-Switch
5943.0,0.0044277921021258085,Non-Switch
5944.0,0.004400035378710288,Non-Switch
5945.0,0.0044691677017065275,Non-Switch
5946.0,0.004564916019441862,Non-Switch
5947.0,0.0043974418668991325,Non-Switch
5948.0,0.00439706162400699,Non-Switch
5949.0,0.004626769311101779,Non-Switch
595.0,0.0043560249511737726,Non-Switch
5950.0,0.0051582682574486905,Non-Switch
5951.0,0.0044743842848469564,Non-Switch
5952.0,0.004595002234427175,Non-Switch
5953.0,0.004850260429994383,Non-Switch
5954.0,0.005895541758324033,Non-Switch
5955.0,0.005033640962320233,Non-Switch
5956.0,0.005971750898680385,Non-Switch
5957.0,0.004947983860985721,Non-Switch
5958.0,0.004546854482065117,Non-Switch
5959.0,0.00445093418167892,Non-Switch
596.0,0.0043560068123785645,Non-Switch
5960.0,0.004542339937479968,Non-Switch
5961.0,0.004661792301516253,Non-Switch
5962.0,0.008812258684186019,Non-Switch
5963.0,0.01693320623093978,Non-Switch
5964.0,0.031022813691309003,Non-Switch
5965.0,0.058088446322168606,Non-Switch
5966.0,0.10296087508986901,Non-Switch
5967.0,0.14236244436784018,Non-Switch
5968.0,0.011338106742950164,Non-Switch
5969.0,0.05106024093321394,Non-Switch
597.0,0.00435555267069113,Non-Switch
5970.0,0.007743317312928979,Non-Switch
5971.0,0.00681553137417482,Non-Switch
5972.0,0.005677594728596448,Non-Switch
5973.0,0.004989417235988214,Non-Switch
5974.0,0.00517026942180421,Non-Switch
5975.0,0.008840287825433276,Non-Switch
5976.0,0.008961261496941743,Non-Switch
5977.0,0.012608551990174952,Non-Switch
5978.0,0.022877460059699012,Non-Switch
5979.0,0.033178441549994525,Non-Switch
598.0,0.004355097185389235,Non-Switch
5980.0,0.037443622040307864,Non-Switch
5981.0,0.06341582391095768,Non-Switch
5982.0,0.08508070416737494,Non-Switch
5983.0,0.09952745644370661,Non-Switch
5984.0,0.005301500246099293,Non-Switch
5985.0,0.005179105702299517,Non-Switch
5986.0,0.07616484944929713,Non-Switch
5987.0,0.06581564832326596,Non-Switch
5988.0,0.08695753471286725,Non-Switch
5989.0,0.09132293809297089,Non-Switch
599.0,0.004354915125629923,Non-Switch
5990.0,0.005570000433975709,Non-Switch
5991.0,0.04337782697652176,Non-Switch
5992.0,0.08439513832537307,Non-Switch
5993.0,0.06228692979069421,Non-Switch
5994.0,0.19716293174527147,Non-Switch
5995.0,0.20183911852439987,Non-Switch
5996.0,0.11717697175910445,Non-Switch
5997.0,0.11605446249475425,Non-Switch
5998.0,0.09778722849311992,Non-Switch
5999.0,0.1128024425495894,Non-Switch
6.0,0.024975476417574416,Non-Switch
60.0,0.0043573799863565466,Non-Switch
600.0,0.0043551505940640145,Non-Switch
6000.0,0.15339074586309237,Non-Switch
6001.0,0.11413502862196852,Non-Switch
6002.0,0.12189951861155607,Non-Switch
6003.0,0.10865154453077441,Non-Switch
6004.0,0.27310139828145474,Non-Switch
6005.0,0.4140082029902235,Non-Switch
6006.0,0.021696769602007716,Non-Switch
6007.0,0.0187985636525593,Non-Switch
6008.0,0.012875932611302683,Non-Switch
6009.0,0.019252663687945648,Non-Switch
601.0,0.004355785115992686,Non-Switch
6010.0,0.015340300231419525,Non-Switch
6011.0,0.006223862685086203,Non-Switch
6012.0,0.009354242525970492,Non-Switch
6013.0,0.011271777871524434,Non-Switch
6014.0,0.011773976617345056,Non-Switch
6015.0,0.024233661499824727,Non-Switch
6016.0,0.013784456493160208,Non-Switch
6017.0,0.044203179779699134,Non-Switch
6018.0,0.014807825820974752,Non-Switch
6019.0,0.011701725093380237,Non-Switch
602.0,0.004355222141534003,Non-Switch
6020.0,0.10917422130457784,Non-Switch
6021.0,0.2078994001798408,Non-Switch
6022.0,0.014038411718604963,Non-Switch
6023.0,0.11894425473045499,Non-Switch
6024.0,0.12199269021266099,Non-Switch
6025.0,0.2414928358663673,Non-Switch
6026.0,0.2362615535837478,Non-Switch
6027.0,0.03443813116346809,Non-Switch
6028.0,0.046349367403189644,Non-Switch
6029.0,0.05298750001661394,Non-Switch
603.0,0.004354666221051233,Non-Switch
6030.0,0.021582137790749814,Non-Switch
6031.0,0.011478437867981917,Non-Switch
6032.0,0.011191621191884998,Non-Switch
6033.0,0.0074397195640355665,Non-Switch
6034.0,0.0057494337629220875,Non-Switch
6035.0,0.004356672237439812,Non-Switch
6036.0,0.004356361526595969,Non-Switch
6037.0,0.00435535247213661,Non-Switch
6038.0,0.0043556651984021436,Non-Switch
6039.0,0.004354895643220255,Non-Switch
604.0,0.004354588963219791,Non-Switch
6040.0,0.004354932256714287,Non-Switch
6041.0,0.004354755235509199,Non-Switch
6042.0,0.004354989024425216,Non-Switch
6043.0,0.004355095169967545,Non-Switch
6044.0,0.00435510356755792,Non-Switch
6045.0,0.004355056876955439,Non-Switch
6046.0,0.0043551704123772975,Non-Switch
6047.0,0.004355207025871329,Non-Switch
6048.0,0.004562804529318182,Non-Switch
6049.0,0.008821356297693768,Non-Switch
605.0,0.0043548466012924706,Non-Switch
6050.0,0.01479303934384393,Non-Switch
6051.0,0.02293281697544548,Non-Switch
6052.0,0.04197530845873555,Non-Switch
6053.0,0.07403260854390004,Non-Switch
6054.0,0.046049526400326016,Non-Switch
6055.0,0.3074777204925401,Non-Switch
6056.0,0.4961001227829526,Non-Switch
6057.0,0.005358622671246023,Non-Switch
6058.0,0.0066865074366300676,Non-Switch
6059.0,0.10150032317633229,Non-Switch
606.0,0.0043546208740632125,Non-Switch
6060.0,0.047095250785523804,Non-Switch
6061.0,0.005424120181224711,Non-Switch
6062.0,0.004752980391774803,Non-Switch
6063.0,0.021328769724824018,Non-Switch
6064.0,0.025185238819819728,Non-Switch
6065.0,0.016811191258224917,Non-Switch
6066.0,0.008103200415160626,Non-Switch
6067.0,0.0332291952426015,Non-Switch
6068.0,0.029774515241226183,Non-Switch
6069.0,0.0548594344310145,Non-Switch
607.0,0.004354781771894782,Non-Switch
6070.0,0.13122605177652075,Non-Switch
6071.0,0.272419143105482,Non-Switch
6072.0,0.27946720711615347,Non-Switch
6073.0,0.20467917552725423,Non-Switch
6074.0,0.24426216500405432,Non-Switch
6075.0,0.6471958676594376,Non-Switch
6076.0,0.6832000486566021,Non-Switch
6077.0,0.02188251623939739,Non-Switch
6078.0,0.36615200959149935,Non-Switch
6079.0,0.24375887927413567,Non-Switch
608.0,0.0043546272562318975,Non-Switch
6080.0,0.050238540074138485,Non-Switch
6081.0,0.2548418282566995,Non-Switch
6082.0,0.1266964157137588,Non-Switch
6083.0,0.06752539234898722,Non-Switch
6084.0,0.019358419582081676,Non-Switch
6085.0,0.015341475894071909,Non-Switch
6086.0,0.011672379209962312,Non-Switch
6087.0,0.022427483577089992,Non-Switch
6088.0,0.02257464698165016,Non-Switch
6089.0,0.037188399786427455,Non-Switch
609.0,0.004355153953100164,Non-Switch
6090.0,0.010932767819926801,Non-Switch
6091.0,0.00846379832028492,Non-Switch
6092.0,0.041141254408316084,Non-Switch
6093.0,0.09774957504149664,Non-Switch
6094.0,0.16574260434155336,Non-Switch
6095.0,0.3083757064061889,Non-Switch
6096.0,0.2761074185423917,Non-Switch
6097.0,0.00794220114069999,Non-Switch
6098.0,0.012190374830987573,Non-Switch
6099.0,0.10805554940312502,Non-Switch
61.0,0.004356890238885926,Non-Switch
610.0,0.00435449894105098,Non-Switch
6100.0,0.16807791376195672,Non-Switch
6101.0,0.1547213756328179,Non-Switch
6102.0,0.14190516399702735,Non-Switch
6103.0,0.2061577963680472,Non-Switch
6104.0,0.018111494305976836,Non-Switch
6105.0,0.089527277984228,Non-Switch
6106.0,0.1453371852841515,Non-Switch
6107.0,0.2837709009713444,Non-Switch
6108.0,0.3400565875259641,Non-Switch
6109.0,0.3977033447795122,Non-Switch
611.0,0.0043545264851474075,Non-Switch
6110.0,0.35649883837688345,Non-Switch
6111.0,0.3592204638267874,Non-Switch
6112.0,0.3222008542632661,Non-Switch
6113.0,0.5960539887116422,Non-Switch
6114.0,0.5286626299667133,Non-Switch
6115.0,0.6317559531955781,Non-Switch
6116.0,0.715045087216626,Non-Switch
6117.0,0.7092945463153889,Non-Switch
6118.0,0.7059823324424221,Non-Switch
6119.0,0.6920796419076372,Non-Switch
612.0,0.004354842234545475,Non-Switch
6120.0,0.6974768014570137,Non-Switch
6121.0,0.02044432207047283,Non-Switch
6122.0,0.4270773366119392,Non-Switch
6123.0,0.3944550224613409,Non-Switch
6124.0,0.4170840267095794,Non-Switch
6125.0,0.4491640365663445,Non-Switch
6126.0,0.01090256202325456,Non-Switch
6127.0,0.22700073928924408,Non-Switch
6128.0,0.1544133117094599,Non-Switch
6129.0,0.2413207887220104,Non-Switch
613.0,0.0043550662822566585,Non-Switch
6130.0,0.282939020889121,Non-Switch
6131.0,0.005932736365609264,Non-Switch
6132.0,0.00541142033735006,Non-Switch
6133.0,0.06667737814432974,Non-Switch
6134.0,0.07315885606064937,Non-Switch
6135.0,0.005323499245650674,Non-Switch
6136.0,0.005217119242598037,Non-Switch
6137.0,0.005614876149224378,Non-Switch
6138.0,0.005341441537244106,Non-Switch
6139.0,0.0044965011865671905,Non-Switch
614.0,0.004355059564184359,Non-Switch
6140.0,0.004409562612941581,Non-Switch
6141.0,0.004428025891041825,Non-Switch
6142.0,0.004382322845189494,Non-Switch
6143.0,0.004372491618186656,Non-Switch
6144.0,0.004361686942507647,Non-Switch
6145.0,0.004363301967088405,Non-Switch
6146.0,0.004373270914573378,Non-Switch
6147.0,0.004376155990722325,Non-Switch
6148.0,0.004360135067806502,Non-Switch
6149.0,0.004373199367103391,Non-Switch
615.0,0.004355018583943333,Non-Switch
6150.0,0.004372335758909312,Non-Switch
6151.0,0.004383264718925859,Non-Switch
6152.0,0.004361168643229754,Non-Switch
6153.0,0.004361860268772969,Non-Switch
6154.0,0.004359502897203135,Non-Switch
6155.0,0.004361190141061111,Non-Switch
6156.0,0.004359020875515658,Non-Switch
6157.0,0.0043588734138286876,Non-Switch
6158.0,0.004369481921796557,Non-Switch
6159.0,0.004359103171901324,Non-Switch
616.0,0.004354775053822482,Non-Switch
6160.0,0.0043581532364782,Non-Switch
6161.0,0.0043596721926250775,Non-Switch
6162.0,0.004361548214314666,Non-Switch
6163.0,0.004357225470693662,Non-Switch
6164.0,0.004357203636958689,Non-Switch
6165.0,0.004361559299133959,Non-Switch
6166.0,0.004356742441295341,Non-Switch
6167.0,0.0043571703825008076,Non-Switch
6168.0,0.004358037685634651,Non-Switch
6169.0,0.004357738731417331,Non-Switch
617.0,0.00435545525864279,Non-Switch
6170.0,0.004357043075030736,Non-Switch
6171.0,0.0043575449150314955,Non-Switch
6172.0,0.004359407500576484,Non-Switch
6173.0,0.004367761087577084,Non-Switch
6174.0,0.004368966309747584,Non-Switch
6175.0,0.004369548094808706,Non-Switch
6176.0,0.004363375865883697,Non-Switch
6177.0,0.004360092743951016,Non-Switch
6178.0,0.00436010382877031,Non-Switch
6179.0,0.004360534793108312,Non-Switch
618.0,0.004355965160330309,Non-Switch
6180.0,0.00437255812710242,Non-Switch
6181.0,0.00437790873578522,Non-Switch
6182.0,0.0043792016287992255,Non-Switch
6183.0,0.004359807897685524,Non-Switch
6184.0,0.004362534091424591,Non-Switch
6185.0,0.004359773299613182,Non-Switch
6186.0,0.004362043000339511,Non-Switch
6187.0,0.004358231166116872,Non-Switch
6188.0,0.00435854758732217,Non-Switch
6189.0,0.0043573403497299806,Non-Switch
619.0,0.004356010171414714,Non-Switch
6190.0,0.004356909049488364,Non-Switch
6191.0,0.0043573107902118635,Non-Switch
6192.0,0.004355912423462759,Non-Switch
6193.0,0.004355212736232784,Non-Switch
6194.0,0.004355138165630261,Non-Switch
6195.0,0.004355167053341148,Non-Switch
6196.0,0.004354821744424963,Non-Switch
6197.0,0.00435454563165346,Non-Switch
6198.0,0.00435459299406317,Non-Switch
6199.0,0.004354799574786375,Non-Switch
62.0,0.004357414248525274,Non-Switch
620.0,0.0043548633964732185,Non-Switch
6200.0,0.004355118683220593,Non-Switch
6201.0,0.004355128760329042,Non-Switch
6202.0,0.004355223821052077,Non-Switch
6203.0,0.0043563353261140015,Non-Switch
6204.0,0.004356329951656162,Non-Switch
6205.0,0.004355423683702983,Non-Switch
6206.0,0.004355248006112355,Non-Switch
6207.0,0.004355220797919543,Non-Switch
6208.0,0.0043574475029831555,Non-Switch
6209.0,0.004355958106354394,Non-Switch
621.0,0.004355314179124503,Non-Switch
6210.0,0.0043586060345511745,Non-Switch
6211.0,0.004378910064461435,Non-Switch
6212.0,0.004370666989750159,Non-Switch
6213.0,0.004364563956969834,Non-Switch
6214.0,0.004364983164681312,Non-Switch
6215.0,0.004360477689493767,Non-Switch
6216.0,0.004361460207567544,Non-Switch
6217.0,0.004363237473594331,Non-Switch
6218.0,0.004369998541556375,Non-Switch
6219.0,0.004363654665884119,Non-Switch
622.0,0.004359235517925621,Non-Switch
6220.0,0.004362606646605424,Non-Switch
6221.0,0.004365714426851094,Non-Switch
6222.0,0.004366119526610744,Non-Switch
6223.0,0.00436715007890146,Non-Switch
6224.0,0.004400386397987928,Non-Switch
6225.0,0.004424942631760048,Non-Switch
6226.0,0.0044307346177929145,Non-Switch
6227.0,0.004450998003365764,Non-Switch
6228.0,0.0044009520596755315,Non-Switch
6229.0,0.004418491602834618,Non-Switch
623.0,0.004361334915519162,Non-Switch
6230.0,0.004434170239966791,Non-Switch
6231.0,0.004446636294925425,Non-Switch
6232.0,0.004494891200540656,Non-Switch
6233.0,0.004474850183160914,Non-Switch
6234.0,0.004450071917099302,Non-Switch
6235.0,0.0045186990410586315,Non-Switch
6236.0,0.004722915338717233,Non-Switch
6237.0,0.0047011759926602215,Non-Switch
6238.0,0.005376130303561688,Non-Switch
6239.0,0.004622972256638198,Non-Switch
624.0,0.004365675462031758,Non-Switch
6240.0,0.004551579302313234,Non-Switch
6241.0,0.0046109969568610305,Non-Switch
6242.0,0.004760141856845887,Non-Switch
6243.0,0.004637185682201887,Non-Switch
6244.0,0.004497893171147611,Non-Switch
6245.0,0.0045480986690549525,Non-Switch
6246.0,0.004551962904241527,Non-Switch
6247.0,0.0045475229302589,Non-Switch
6248.0,0.0044086358548678884,Non-Switch
6249.0,0.004465772052062832,Non-Switch
625.0,0.004378026637954073,Non-Switch
6250.0,0.004400790825940347,Non-Switch
6251.0,0.004473369520026142,Non-Switch
6252.0,0.004439144972504444,Non-Switch
6253.0,0.004410067476074875,Non-Switch
6254.0,0.004390231023996648,Non-Switch
6255.0,0.004373864792164639,Non-Switch
6256.0,0.004382901271214466,Non-Switch
6257.0,0.0043710458890278405,Non-Switch
6258.0,0.004377096856747846,Non-Switch
6259.0,0.004379240593618562,Non-Switch
626.0,0.0044127597435488315,Non-Switch
6260.0,0.0044150768066848695,Non-Switch
6261.0,0.004445899658297803,Non-Switch
6262.0,0.00445918766940226,Non-Switch
6263.0,0.004409733923785214,Non-Switch
6264.0,0.004422781091997739,Non-Switch
6265.0,0.0044707535026727845,Non-Switch
6266.0,0.004417401259700437,Non-Switch
6267.0,0.004395501351715471,Non-Switch
6268.0,0.004427034303570445,Non-Switch
6269.0,0.004429995629839988,Non-Switch
627.0,0.004374806665901005,Non-Switch
6270.0,0.004461763714225438,Non-Switch
6271.0,0.004410311006195726,Non-Switch
6272.0,0.00438256133675612,Non-Switch
6273.0,0.004408875354145359,Non-Switch
6274.0,0.004391891395565427,Non-Switch
6275.0,0.0043862152962797244,Non-Switch
6276.0,0.0043720509126438205,Non-Switch
6277.0,0.004380696399885827,Non-Switch
6278.0,0.004364669766608548,Non-Switch
6279.0,0.004364831672150962,Non-Switch
628.0,0.004384297286638267,Non-Switch
6280.0,0.004361377575278262,Non-Switch
6281.0,0.004370061355532374,Non-Switch
6282.0,0.004368574310228918,Non-Switch
6283.0,0.00436640336516539,Non-Switch
6284.0,0.004361383957446946,Non-Switch
6285.0,0.0043816802615740625,Non-Switch
6286.0,0.004361522013832698,Non-Switch
6287.0,0.004369193044687686,Non-Switch
6288.0,0.004389282432187983,Non-Switch
6289.0,0.00442627986405123,Non-Switch
629.0,0.004392100999421166,Non-Switch
6290.0,0.0044047444114885025,Non-Switch
6291.0,0.004386166254351939,Non-Switch
6292.0,0.0044613750737429216,Non-Switch
6293.0,0.00443178532430053,Non-Switch
6294.0,0.004388412777728835,Non-Switch
6295.0,0.004408458833662801,Non-Switch
6296.0,0.00436885176661488,Non-Switch
6297.0,0.004440874876121521,Non-Switch
6298.0,0.004361101798410375,Non-Switch
6299.0,0.004499996935488146,Non-Switch
63.0,0.004357582200332757,Non-Switch
630.0,0.004401708514616436,Non-Switch
6300.0,0.004363723190221573,Non-Switch
6301.0,0.004553338093641199,Non-Switch
6302.0,0.004509461691647055,Non-Switch
6303.0,0.004360081323228107,Non-Switch
6304.0,0.004361642267326856,Non-Switch
6305.0,0.00446569210700247,Non-Switch
6306.0,0.004364582431668657,Non-Switch
6307.0,0.00436274369528033,Non-Switch
6308.0,0.0043602795063609374,Non-Switch
6309.0,0.004864586719172702,Non-Switch
631.0,0.004391458415805735,Non-Switch
6310.0,0.004557690396780319,Non-Switch
6311.0,0.004983527166099778,Non-Switch
6312.0,0.005117337394254187,Non-Switch
6313.0,0.005434226513288206,Non-Switch
6314.0,0.004980948098144066,Non-Switch
6315.0,0.004608126996374758,Non-Switch
6316.0,0.004604317513477423,Non-Switch
6317.0,0.00443578324912586,Non-Switch
6318.0,0.0044548037913233335,Non-Switch
6319.0,0.004549974354840925,Non-Switch
632.0,0.0043831669709739045,Non-Switch
6320.0,0.004397932957984213,Non-Switch
6321.0,0.0043930885560491675,Non-Switch
6322.0,0.0044265411970636735,Non-Switch
6323.0,0.004584270449832612,Non-Switch
6324.0,0.0045694184714968715,Non-Switch
6325.0,0.0044916675335478235,Non-Switch
6326.0,0.004475151152799925,Non-Switch
6327.0,0.004524262276729705,Non-Switch
6328.0,0.004657855847052462,Non-Switch
6329.0,0.004651033980536109,Non-Switch
633.0,0.0043830581382026555,Non-Switch
6330.0,0.004730466116078063,Non-Switch
6331.0,0.004736992723316861,Non-Switch
6332.0,0.004824529877184341,Non-Switch
6333.0,0.00713846776598908,Non-Switch
6334.0,0.0045775396131959144,Non-Switch
6335.0,0.004752558496834405,Non-Switch
6336.0,0.004759605082869171,Non-Switch
6337.0,0.0044608141147059275,Non-Switch
6338.0,0.004571865865235517,Non-Switch
6339.0,0.004682043594558964,Non-Switch
634.0,0.00437166126445046,Non-Switch
6340.0,0.005161495619381288,Non-Switch
6341.0,0.0055962405525696556,Non-Switch
6342.0,0.004674227117438695,Non-Switch
6343.0,0.004441022673712106,Non-Switch
6344.0,0.004757960498770295,Non-Switch
6345.0,0.004383871360854489,Non-Switch
6346.0,0.004691406907826152,Non-Switch
6347.0,0.004536217422289975,Non-Switch
6348.0,0.0044176380717489885,Non-Switch
6349.0,0.004904843087908352,Non-Switch
635.0,0.004364421197933473,Non-Switch
6350.0,0.004419446240908353,Non-Switch
6351.0,0.006003236488125647,Non-Switch
6352.0,0.004473163611110168,Non-Switch
6353.0,0.0046209101443459195,Non-Switch
6354.0,0.00449580586608421,Non-Switch
6355.0,0.0043645454822710105,Non-Switch
6356.0,0.004365502135766435,Non-Switch
6357.0,0.004373918536743034,Non-Switch
6358.0,0.004375020300600123,Non-Switch
6359.0,0.0043819855979600674,Non-Switch
636.0,0.004365905891911625,Non-Switch
6360.0,0.004377236592651672,Non-Switch
6361.0,0.00437254804999397,Non-Switch
6362.0,0.004386840748810792,Non-Switch
6363.0,0.00435975280949267,Non-Switch
6364.0,0.004358152564670969,Non-Switch
6365.0,0.004357912729489884,Non-Switch
6366.0,0.004366800067334665,Non-Switch
6367.0,0.004368033505408822,Non-Switch
6368.0,0.0043636922870889956,Non-Switch
6369.0,0.004396731766657093,Non-Switch
637.0,0.004362156535761369,Non-Switch
6370.0,0.004382501545912656,Non-Switch
6371.0,0.004374218162767584,Non-Switch
6372.0,0.004360668146843453,Non-Switch
6373.0,0.004356823058162933,Non-Switch
6374.0,0.004356073657197942,Non-Switch
6375.0,0.004355584917438166,Non-Switch
6376.0,0.004355035379124081,Non-Switch
6377.0,0.004355507323703109,Non-Switch
6378.0,0.004354916469244383,Non-Switch
6379.0,0.004354761281774268,Non-Switch
638.0,0.0043763827256624276,Non-Switch
6380.0,0.004355083413341021,Non-Switch
6381.0,0.004356673916957887,Non-Switch
6382.0,0.004359357115034239,Non-Switch
6383.0,0.004356472710692522,Non-Switch
6384.0,0.004356026966595462,Non-Switch
6385.0,0.004356578520331237,Non-Switch
6386.0,0.004355092482738626,Non-Switch
6387.0,0.004354499276954595,Non-Switch
6388.0,0.004354538913581161,Non-Switch
6389.0,0.004354567129484818,Non-Switch
639.0,0.004397131156055289,Non-Switch
6390.0,0.004354776397436942,Non-Switch
6391.0,0.004354638676954806,Non-Switch
6392.0,0.004354602735268004,Non-Switch
6393.0,0.004354550670207685,Non-Switch
6394.0,0.004354507002737739,Non-Switch
6395.0,0.004354465686593098,Non-Switch
6396.0,0.004354448555508735,Non-Switch
6397.0,0.0043544572890027245,Non-Switch
6398.0,0.004354467702014788,Non-Switch
6399.0,0.004354447883701505,Non-Switch
64.0,0.004358232173827717,Non-Switch
640.0,0.004401429714616014,Non-Switch
6400.0,0.004354427729484607,Non-Switch
6401.0,0.004354410262496629,Non-Switch
6402.0,0.004354427393580992,Non-Switch
6403.0,0.004354388428761656,Non-Switch
6404.0,0.00435440085719541,Non-Switch
6405.0,0.0043544045521351745,Non-Switch
6406.0,0.004354387085147196,Non-Switch
6407.0,0.004354395146833955,Non-Switch
6408.0,0.004354398505870105,Non-Switch
6409.0,0.004354382382496587,Non-Switch
641.0,0.004408607303060617,Non-Switch
6410.0,0.004354368610448373,Non-Switch
6411.0,0.004354362564183304,Non-Switch
6412.0,0.004354370961773678,Non-Switch
6413.0,0.004354376000327902,Non-Switch
6414.0,0.004354372641291753,Non-Switch
6415.0,0.004354377343942362,Non-Switch
6416.0,0.004354374992617057,Non-Switch
6417.0,0.0043543716335809075,Non-Switch
6418.0,0.004354407239364094,Non-Switch
6419.0,0.00435444889141235,Non-Switch
642.0,0.004412021427403135,Non-Switch
6420.0,0.004354459976231644,Non-Switch
6421.0,0.004354474420087087,Non-Switch
6422.0,0.004354520438882338,Non-Switch
6423.0,0.004354526149243792,Non-Switch
6424.0,0.004354535890448626,Non-Switch
6425.0,0.0043545016282799,Non-Switch
6426.0,0.004354432768038831,Non-Switch
6427.0,0.004354462999364178,Non-Switch
6428.0,0.004354429073099067,Non-Switch
6429.0,0.004354393131412265,Non-Switch
643.0,0.004416068394156251,Non-Switch
6430.0,0.004354385405629121,Non-Switch
6431.0,0.004354369618159218,Non-Switch
6432.0,0.004354370289966448,Non-Switch
6433.0,0.004354385741532736,Non-Switch
6434.0,0.0043544623275569485,Non-Switch
6435.0,0.004354443516954511,Non-Switch
6436.0,0.004354394475026726,Non-Switch
6437.0,0.004354431760327987,Non-Switch
6438.0,0.00435439346731588,Non-Switch
6439.0,0.004354395146833955,Non-Switch
644.0,0.004449746762400014,Non-Switch
6440.0,0.0043544011930990245,Non-Switch
6441.0,0.004354380702978512,Non-Switch
6442.0,0.004354392123701421,Non-Switch
6443.0,0.004354380367074897,Non-Switch
6444.0,0.004354365251412223,Non-Switch
6445.0,0.004354359541050769,Non-Switch
6446.0,0.004354359541050769,Non-Switch
6447.0,0.004354357525629079,Non-Switch
6448.0,0.004354354166592929,Non-Switch
6449.0,0.0043543534947856994,Non-Switch
645.0,0.004368568599867464,Non-Switch
6450.0,0.004354353830689314,Non-Switch
6451.0,0.00435435282297847,Non-Switch
6452.0,0.0043543534947856994,Non-Switch
6453.0,0.0043543518152676245,Non-Switch
6454.0,0.0043543565179182345,Non-Switch
6455.0,0.004354355174303774,Non-Switch
6456.0,0.004354358869243539,Non-Switch
6457.0,0.004354363571894148,Non-Switch
6458.0,0.0043543716335809075,Non-Switch
6459.0,0.004354363571894148,Non-Switch
646.0,0.00437165588999262,Non-Switch
6460.0,0.004354376672135132,Non-Switch
6461.0,0.004354383390207431,Non-Switch
6462.0,0.004354411942014704,Non-Switch
6463.0,0.004354373313098982,Non-Switch
6464.0,0.004354384397918277,Non-Switch
6465.0,0.004354378015749592,Non-Switch
6466.0,0.004354374656713443,Non-Switch
6467.0,0.004354371969484522,Non-Switch
6468.0,0.004354385405629121,Non-Switch
6469.0,0.004354394139123111,Non-Switch
647.0,0.004379222454823354,Non-Switch
6470.0,0.00435440220080987,Non-Switch
6471.0,0.004354428737195452,Non-Switch
6472.0,0.004354440493821976,Non-Switch
6473.0,0.004354484833099151,Non-Switch
6474.0,0.004354417988279773,Non-Switch
6475.0,0.0043544243704484575,Non-Switch
6476.0,0.004355136822015801,Non-Switch
6477.0,0.004354818385388813,Non-Switch
6478.0,0.004354756579123659,Non-Switch
6479.0,0.0043546107969547635,Non-Switch
648.0,0.004383608012420355,Non-Switch
6480.0,0.004354582581051107,Non-Switch
6481.0,0.004354519095267878,Non-Switch
6482.0,0.004354514392617268,Non-Switch
6483.0,0.004354570488520968,Non-Switch
6484.0,0.004354585604183641,Non-Switch
6485.0,0.0043544838253883065,Non-Switch
6486.0,0.004354410598400244,Non-Switch
6487.0,0.004354425042255687,Non-Switch
6488.0,0.004354433103942446,Non-Switch
6489.0,0.004354423698641228,Non-Switch
649.0,0.004370935040834902,Non-Switch
6490.0,0.004354427729484607,Non-Switch
6491.0,0.004354428737195452,Non-Switch
6492.0,0.004354430752617142,Non-Switch
6493.0,0.004354416308761698,Non-Switch
6494.0,0.004354418324183388,Non-Switch
6495.0,0.004354425378159302,Non-Switch
6496.0,0.004354421347315922,Non-Switch
6497.0,0.004354418324183388,Non-Switch
6498.0,0.004354416308761698,Non-Switch
6499.0,0.0043544310885207565,Non-Switch
65.0,0.004358064557923849,Non-Switch
650.0,0.004362818937690084,Non-Switch
6500.0,0.004354429744906297,Non-Switch
6501.0,0.00435444620418343,Non-Switch
6502.0,0.004354415636954468,Non-Switch
6503.0,0.004354444524665355,Non-Switch
6504.0,0.004354430752617142,Non-Switch
6505.0,0.004354409926593014,Non-Switch
6506.0,0.004354423026833997,Non-Switch
6507.0,0.004354437134785826,Non-Switch
6508.0,0.004354423026833997,Non-Switch
6509.0,0.004354418660087003,Non-Switch
651.0,0.004365936795044201,Non-Switch
6510.0,0.0043544062316532494,Non-Switch
6511.0,0.004354421683219538,Non-Switch
6512.0,0.004354441165629205,Non-Switch
6513.0,0.0043544522504485,Non-Switch
6514.0,0.004354440493821976,Non-Switch
6515.0,0.004354422355026768,Non-Switch
6516.0,0.004354420339605078,Non-Switch
6517.0,0.00435440220080987,Non-Switch
6518.0,0.004354412277918319,Non-Switch
6519.0,0.0043543914518941905,Non-Switch
652.0,0.004365569988296659,Non-Switch
6520.0,0.004354379023460437,Non-Switch
6521.0,0.004354380031171281,Non-Switch
6522.0,0.004354372305388138,Non-Switch
6523.0,0.004354378351653207,Non-Switch
6524.0,0.004354519767075108,Non-Switch
6525.0,0.004354564778159513,Non-Switch
6526.0,0.0043545002846654395,Non-Switch
6527.0,0.004354547982978765,Non-Switch
6528.0,0.0043545463034606905,Non-Switch
6529.0,0.004354471396954553,Non-Switch
653.0,0.0043591555728652595,Non-Switch
6530.0,0.004354702834545265,Non-Switch
6531.0,0.004354521446593183,Non-Switch
6532.0,0.004354497261532905,Non-Switch
6533.0,0.0043544310885207565,Non-Switch
6534.0,0.004354575191171577,Non-Switch
6535.0,0.004354529508279942,Non-Switch
6536.0,0.004354477779123237,Non-Switch
6537.0,0.004354479794544927,Non-Switch
6538.0,0.0043544357911713665,Non-Switch
6539.0,0.0043545066668341246,Non-Switch
654.0,0.004362635534316312,Non-Switch
6540.0,0.004354540593099236,Non-Switch
6541.0,0.004354475763701547,Non-Switch
6542.0,0.004354496589725675,Non-Switch
6543.0,0.004354573511653502,Non-Switch
6544.0,0.004354491215267836,Non-Switch
6545.0,0.00435450498731605,Non-Switch
6546.0,0.004354594001774016,Non-Switch
6547.0,0.004354606430207769,Non-Switch
6548.0,0.004354517079846188,Non-Switch
6549.0,0.004354615163701758,Non-Switch
655.0,0.004360867673590743,Non-Switch
6550.0,0.00435459836852101,Non-Switch
6551.0,0.0043545399212920055,Non-Switch
6552.0,0.0043545416008100805,Non-Switch
6553.0,0.004354489535749761,Non-Switch
6554.0,0.004354480802255771,Non-Switch
6555.0,0.004354484161291921,Non-Switch
6556.0,0.004354615499605374,Non-Switch
6557.0,0.00435445023502681,Non-Switch
6558.0,0.004354519431171493,Non-Switch
6559.0,0.004354452922255729,Non-Switch
656.0,0.004361201225880405,Non-Switch
6560.0,0.004354426721773762,Non-Switch
6561.0,0.0043544539299665746,Non-Switch
6562.0,0.004354469045629248,Non-Switch
6563.0,0.004355285291413617,Non-Switch
6564.0,0.0043545066668341246,Non-Switch
6565.0,0.004354554029243835,Non-Switch
6566.0,0.004357038708283741,Non-Switch
6567.0,0.004357738731417331,Non-Switch
6568.0,0.0043544737482798575,Non-Switch
6569.0,0.004354481474063002,Non-Switch
657.0,0.004360567039855348,Non-Switch
6570.0,0.004355955083221859,Non-Switch
6571.0,0.00435454899068961,Non-Switch
6572.0,0.004354543952135385,Non-Switch
6573.0,0.00435504948707591,Non-Switch
6574.0,0.004355155968521854,Non-Switch
6575.0,0.004355177802256827,Non-Switch
6576.0,0.004354931584907057,Non-Switch
6577.0,0.0043544952461112155,Non-Switch
6578.0,0.004354504651412435,Non-Switch
6579.0,0.0044075633146253,Non-Switch
658.0,0.004362511921786004,Non-Switch
6580.0,0.010208078612082562,Non-Switch
6581.0,0.023211187019240454,Non-Switch
6582.0,0.05360755121755276,Non-Switch
6583.0,0.11768065519890322,Non-Switch
6584.0,0.25253640082188356,Non-Switch
6585.0,0.010315649057546639,Non-Switch
6586.0,0.03089759419810736,Non-Switch
6587.0,0.011836228962499553,Non-Switch
6588.0,0.011780620790849091,Non-Switch
6589.0,0.01127782413659383,Non-Switch
659.0,0.004405381620646093,Non-Switch
6590.0,0.00587605867684875,Non-Switch
6591.0,0.005277062922206871,Non-Switch
6592.0,0.004946393693272469,Non-Switch
6593.0,0.004354519767075108,Non-Switch
6594.0,0.004354516408038958,Non-Switch
6595.0,0.004354526821051022,Non-Switch
6596.0,0.004354500620569054,Non-Switch
6597.0,0.004354505323219664,Non-Switch
6598.0,0.004354582245147492,Non-Switch
6599.0,0.004354674282737992,Non-Switch
66.0,0.0043582842388880366,Non-Switch
660.0,0.004417513451507836,Non-Switch
6600.0,0.004354609789243919,Non-Switch
6601.0,0.004354619530448753,Non-Switch
6602.0,0.004354615835508988,Non-Switch
6603.0,0.004354827790690032,Non-Switch
6604.0,0.004354682008521136,Non-Switch
6605.0,0.004354613148280068,Non-Switch
6606.0,0.0043546702518946125,Non-Switch
6607.0,0.004354586611894486,Non-Switch
6608.0,0.0043548963150274855,Non-Switch
6609.0,0.004355184520329127,Non-Switch
661.0,0.004421784801875749,Non-Switch
6610.0,0.004355038738160231,Non-Switch
6611.0,0.004354790169485156,Non-Switch
6612.0,0.004354968870208318,Non-Switch
6613.0,0.004354896986834715,Non-Switch
6614.0,0.004354864740087679,Non-Switch
6615.0,0.004355273198883477,Non-Switch
6616.0,0.00435474515840075,Non-Switch
6617.0,0.004354758594545349,Non-Switch
6618.0,0.004354807300569519,Non-Switch
6619.0,0.004354733737677841,Non-Switch
662.0,0.00444573237829755,Non-Switch
6620.0,0.0043600846822642566,Non-Switch
6621.0,0.004361895874556155,Non-Switch
6622.0,0.004364094699619726,Non-Switch
6623.0,0.004361657718893144,Non-Switch
6624.0,0.004357019225874073,Non-Switch
6625.0,0.004355942318884491,Non-Switch
6626.0,0.0043555251265947025,Non-Switch
6627.0,0.00435494132611189,Non-Switch
6628.0,0.004354783451412857,Non-Switch
6629.0,0.004354774717918867,Non-Switch
663.0,0.004403859305463066,Non-Switch
6630.0,0.004354588291412561,Non-Switch
6631.0,0.004354712239846484,Non-Switch
6632.0,0.00435459635309932,Non-Switch
6633.0,0.0043546074379186145,Non-Switch
6634.0,0.004354547311171535,Non-Switch
6635.0,0.004354772366593563,Non-Switch
6636.0,0.004354584260569182,Non-Switch
6637.0,0.004354552013822144,Non-Switch
6638.0,0.004354594001774016,Non-Switch
6639.0,0.004354707537195874,Non-Switch
664.0,0.0044416807088938255,Non-Switch
6640.0,0.004354604414786079,Non-Switch
6641.0,0.004354703506352494,Non-Switch
6642.0,0.00435490404081063,Non-Switch
6643.0,0.004354792184906846,Non-Switch
6644.0,0.004354480130448542,Non-Switch
6645.0,0.004354536226352241,Non-Switch
6646.0,0.004354529172376327,Non-Switch
6647.0,0.004354919156473303,Non-Switch
6648.0,0.004354590642737866,Non-Switch
6649.0,0.004354863060569604,Non-Switch
665.0,0.004364760460584589,Non-Switch
6650.0,0.004354571496231812,Non-Switch
6651.0,0.004354537569966701,Non-Switch
6652.0,0.00435450498731605,Non-Switch
6653.0,0.004354767999846568,Non-Switch
6654.0,0.0043545002846654395,Non-Switch
6655.0,0.004354710224424794,Non-Switch
6656.0,0.004354806292858674,Non-Switch
6657.0,0.004354782107798397,Non-Switch
6658.0,0.0043545761988824224,Non-Switch
6659.0,0.004354751540569434,Non-Switch
666.0,0.004482569920040073,Non-Switch
6660.0,0.00435474314297906,Non-Switch
6661.0,0.004354710896232024,Non-Switch
6662.0,0.004354544623942616,Non-Switch
6663.0,0.004354543952135385,Non-Switch
6664.0,0.004355676283221437,Non-Switch
6665.0,0.004354712575750099,Non-Switch
6666.0,0.004354555708761909,Non-Switch
6667.0,0.0043545234620148724,Non-Switch
6668.0,0.004354778412858632,Non-Switch
6669.0,0.004354725675991082,Non-Switch
667.0,0.004466351821702264,Non-Switch
6670.0,0.004354616843219833,Non-Switch
6671.0,0.004354588963219791,Non-Switch
6672.0,0.004354745830207981,Non-Switch
6673.0,0.004354589635027021,Non-Switch
6674.0,0.004354715934786248,Non-Switch
6675.0,0.004354737768521221,Non-Switch
6676.0,0.004354625240810208,Non-Switch
6677.0,0.004354895643220255,Non-Switch
6678.0,0.004354770015268258,Non-Switch
6679.0,0.00435584960948676,Non-Switch
668.0,0.004361932823953802,Non-Switch
6680.0,0.004354625240810208,Non-Switch
6681.0,0.004356122363222113,Non-Switch
6682.0,0.004354767663942953,Non-Switch
6683.0,0.004354805621051444,Non-Switch
6684.0,0.004354618858641523,Non-Switch
6685.0,0.004354575862978808,Non-Switch
6686.0,0.004354932256714287,Non-Switch
6687.0,0.004354888253340726,Non-Switch
6688.0,0.0043552658090039486,Non-Switch
6689.0,0.004354802933822524,Non-Switch
669.0,0.004360276819132017,Non-Switch
6690.0,0.004354979283220382,Non-Switch
6691.0,0.00435459702490655,Non-Switch
6692.0,0.004355212736232784,Non-Switch
6693.0,0.004354523126111258,Non-Switch
6694.0,0.004354775053822482,Non-Switch
6695.0,0.004354763633099574,Non-Switch
6696.0,0.0043544986051473646,Non-Switch
6697.0,0.004354752884183894,Non-Switch
6698.0,0.004354737096713991,Non-Switch
6699.0,0.004354626248521052,Non-Switch
67.0,0.004358382322743607,Non-Switch
670.0,0.00436089521768717,Non-Switch
6700.0,0.004354469717436478,Non-Switch
6701.0,0.004354705185870569,Non-Switch
6702.0,0.004354471061050938,Non-Switch
6703.0,0.0043545563805691394,Non-Switch
6704.0,0.004354584932376411,Non-Switch
6705.0,0.004354740791653756,Non-Switch
6706.0,0.00435449222297868,Non-Switch
6707.0,0.0043544905434606054,Non-Switch
6708.0,0.0043544952461112155,Non-Switch
6709.0,0.004354509018159429,Non-Switch
671.0,0.004366339543478546,Non-Switch
6710.0,0.00435474986105136,Non-Switch
6711.0,0.004354510025870274,Non-Switch
6712.0,0.004354856342497304,Non-Switch
6713.0,0.004354475763701547,Non-Switch
6714.0,0.004354445532376201,Non-Switch
6715.0,0.004354454937677419,Non-Switch
6716.0,0.004354470389243708,Non-Switch
6717.0,0.004354476435508777,Non-Switch
6718.0,0.004354580229725802,Non-Switch
6719.0,0.004354486176713611,Non-Switch
672.0,0.0043704419343281314,Non-Switch
6720.0,0.004354458632617184,Non-Switch
6721.0,0.004354408918882169,Non-Switch
6722.0,0.004354474420087087,Non-Switch
6723.0,0.004354476099605162,Non-Switch
6724.0,0.004354466022496713,Non-Switch
6725.0,0.004354449899123195,Non-Switch
6726.0,0.004354462999364178,Non-Switch
6727.0,0.004355472053823538,Non-Switch
6728.0,0.004354815026352664,Non-Switch
6729.0,0.004354524469725718,Non-Switch
673.0,0.004366491707816126,Non-Switch
6730.0,0.004354565449966743,Non-Switch
6731.0,0.004354598704424625,Non-Switch
6732.0,0.004354484833099151,Non-Switch
6733.0,0.004354492894785911,Non-Switch
6734.0,0.00435450095647267,Non-Switch
6735.0,0.004354503979605204,Non-Switch
6736.0,0.0043544539299665746,Non-Switch
6737.0,0.004354478450930467,Non-Switch
6738.0,0.004354484161291921,Non-Switch
6739.0,0.004354451914544885,Non-Switch
674.0,0.004367037551190446,Non-Switch
6740.0,0.004354796887557455,Non-Switch
6741.0,0.0043544408297255905,Non-Switch
6742.0,0.004354430416713527,Non-Switch
6743.0,0.004354431760327987,Non-Switch
6744.0,0.004354476771412392,Non-Switch
6745.0,0.004354469381532863,Non-Switch
6746.0,0.004354445532376201,Non-Switch
6747.0,0.004354434783460521,Non-Switch
6748.0,0.004354517079846188,Non-Switch
6749.0,0.004354488192135301,Non-Switch
675.0,0.0043586920258766055,Non-Switch
6750.0,0.0043545016282799,Non-Switch
6751.0,0.004354886573822651,Non-Switch
6752.0,0.004354912102497389,Non-Switch
6753.0,0.0043545348827377815,Non-Switch
6754.0,0.004355067289967503,Non-Switch
6755.0,0.004354515736231728,Non-Switch
6756.0,0.004354543952135385,Non-Switch
6757.0,0.004354544623942616,Non-Switch
6758.0,0.004355045792136145,Non-Switch
6759.0,0.004355004140087889,Non-Switch
676.0,0.004356639654789161,Non-Switch
6760.0,0.0043549540904492595,Non-Switch
6761.0,0.004354627928039127,Non-Switch
6762.0,0.004354663869725928,Non-Switch
6763.0,0.004354987680810756,Non-Switch
6764.0,0.004354588627316176,Non-Switch
6765.0,0.004354655808039169,Non-Switch
6766.0,0.004354593329966785,Non-Switch
6767.0,0.004354775389726098,Non-Switch
6768.0,0.0043545016282799,Non-Switch
6769.0,0.004354814354545433,Non-Switch
677.0,0.004356422325150278,Non-Switch
6770.0,0.004354524469725718,Non-Switch
6771.0,0.004354475763701547,Non-Switch
6772.0,0.0043544509068340394,Non-Switch
6773.0,0.004354595345388475,Non-Switch
6774.0,0.004354432096231602,Non-Switch
6775.0,0.00435449423840037,Non-Switch
6776.0,0.0043544952461112155,Non-Switch
6777.0,0.004354477443219622,Non-Switch
6778.0,0.0043546504335813295,Non-Switch
6779.0,0.004354567801292048,Non-Switch
678.0,0.004356325920812782,Non-Switch
6780.0,0.004354475091894318,Non-Switch
6781.0,0.0043544606480388735,Non-Switch
6782.0,0.004354469381532863,Non-Switch
6783.0,0.004354453258159345,Non-Switch
6784.0,0.004354470389243708,Non-Switch
6785.0,0.0043544952461112155,Non-Switch
6786.0,0.004354458968520799,Non-Switch
6787.0,0.0043544539299665746,Non-Switch
6788.0,0.0043544357911713665,Non-Switch
6789.0,0.0043544408297255905,Non-Switch
679.0,0.004366842727093766,Non-Switch
6790.0,0.004354432768038831,Non-Switch
6791.0,0.004354439822014746,Non-Switch
6792.0,0.004354436462978596,Non-Switch
6793.0,0.004354452922255729,Non-Switch
6794.0,0.004354464678882253,Non-Switch
6795.0,0.004354780092376707,Non-Switch
6796.0,0.0043548533193647695,Non-Switch
6797.0,0.004354499948761825,Non-Switch
6798.0,0.00435449423840037,Non-Switch
6799.0,0.0043545332032197065,Non-Switch
68.0,0.0043575862311761365,Non-Switch
680.0,0.004357838158887361,Non-Switch
6800.0,0.004354536226352241,Non-Switch
6801.0,0.004354525141532947,Non-Switch
6802.0,0.0043547841232200865,Non-Switch
6803.0,0.004354515736231728,Non-Switch
6804.0,0.004354978275509537,Non-Switch
6805.0,0.004354524469725718,Non-Switch
6806.0,0.0043548368600876365,Non-Switch
6807.0,0.004354925202738372,Non-Switch
6808.0,0.004354864404184064,Non-Switch
6809.0,0.004354825775268342,Non-Switch
681.0,0.004363475965160958,Non-Switch
6810.0,0.004354957449485409,Non-Switch
6811.0,0.0043548617169551435,Non-Switch
6812.0,0.004354605422496925,Non-Switch
6813.0,0.0043545960171957054,Non-Switch
6814.0,0.004354542608520926,Non-Switch
6815.0,0.004354626248521052,Non-Switch
6816.0,0.004354574183460733,Non-Switch
6817.0,0.004354552685629375,Non-Switch
6818.0,0.004354495917918445,Non-Switch
6819.0,0.004354848280810545,Non-Switch
682.0,0.004357639303947301,Non-Switch
6820.0,0.0043548304779189514,Non-Switch
6821.0,0.004354459640328029,Non-Switch
6822.0,0.004354482481773846,Non-Switch
6823.0,0.004354782779605626,Non-Switch
6824.0,0.004354576870689652,Non-Switch
6825.0,0.004354741463460985,Non-Switch
6826.0,0.004354578550207727,Non-Switch
6827.0,0.004354741799364601,Non-Switch
6828.0,0.004354702162738034,Non-Switch
6829.0,0.004354611132858378,Non-Switch
683.0,0.004360028922264172,Non-Switch
6830.0,0.004354721645147702,Non-Switch
6831.0,0.0043548472730997,Non-Switch
6832.0,0.004354788825870696,Non-Switch
6833.0,0.004355208033582174,Non-Switch
6834.0,0.004354977603702307,Non-Switch
6835.0,0.0043548466012924706,Non-Switch
6836.0,0.004355273534787093,Non-Switch
6837.0,0.004354927218160062,Non-Switch
6838.0,0.004354853991171999,Non-Switch
6839.0,0.0043548764967142025,Non-Switch
684.0,0.004358382994550837,Non-Switch
6840.0,0.004354635989725886,Non-Switch
6841.0,0.004354722316954933,Non-Switch
6842.0,0.004354851639846695,Non-Switch
6843.0,0.004354542272617311,Non-Switch
6844.0,0.0043548633964732185,Non-Switch
6845.0,0.004354744150689906,Non-Switch
6846.0,0.00435474717382244,Non-Switch
6847.0,0.004354629607557202,Non-Switch
6848.0,0.004354809651894824,Non-Switch
6849.0,0.0043549359516540515,Non-Switch
685.0,0.004359149190696575,Non-Switch
6850.0,0.004354574855267962,Non-Switch
6851.0,0.004355031012377087,Non-Switch
6852.0,0.004355072328521728,Non-Switch
6853.0,0.004355125401292893,Non-Switch
6854.0,0.004355032691895162,Non-Switch
6855.0,0.004354612812376453,Non-Switch
6856.0,0.00435475187647305,Non-Switch
6857.0,0.004354815698159893,Non-Switch
6858.0,0.004354614827798143,Non-Switch
6859.0,0.00435480326972614,Non-Switch
686.0,0.004359850557444625,Non-Switch
6860.0,0.004354709552617564,Non-Switch
6861.0,0.004354959800810714,Non-Switch
6862.0,0.004354560747316134,Non-Switch
6863.0,0.00435484592948524,Non-Switch
6864.0,0.004354484161291921,Non-Switch
6865.0,0.004354589635027021,Non-Switch
6866.0,0.004354488528038916,Non-Switch
6867.0,0.0043544606480388735,Non-Switch
6868.0,0.004354475763701547,Non-Switch
6869.0,0.004354608445629459,Non-Switch
687.0,0.004356717920331448,Non-Switch
6870.0,0.0043546010557499295,Non-Switch
6871.0,0.00435459971213547,Non-Switch
6872.0,0.004354631622978892,Non-Switch
6873.0,0.004354544623942616,Non-Switch
6874.0,0.004354508346352199,Non-Switch
6875.0,0.004354548654785995,Non-Switch
6876.0,0.004354502635990745,Non-Switch
6877.0,0.0043544905434606054,Non-Switch
6878.0,0.0043544374706894415,Non-Switch
6879.0,0.004354467702014788,Non-Switch
688.0,0.004360823670217183,Non-Switch
6880.0,0.004354549326593225,Non-Switch
6881.0,0.004354568809002893,Non-Switch
6882.0,0.00435459635309932,Non-Switch
6883.0,0.004354545295749845,Non-Switch
6884.0,0.004354619866352368,Non-Switch
6885.0,0.004354507338641354,Non-Switch
6886.0,0.0043546124764728385,Non-Switch
6887.0,0.0043544572890027245,Non-Switch
6888.0,0.004354472404665397,Non-Switch
6889.0,0.004354531187798017,Non-Switch
689.0,0.004359539174793551,Non-Switch
6890.0,0.004354501292376285,Non-Switch
6891.0,0.0043546003839427,Non-Switch
6892.0,0.0043546010557499295,Non-Switch
6893.0,0.004354626920328282,Non-Switch
6894.0,0.004354589299123406,Non-Switch
6895.0,0.004354618858641523,Non-Switch
6896.0,0.004354773374304407,Non-Switch
6897.0,0.0043548798557503515,Non-Switch
6898.0,0.004354759602256194,Non-Switch
6899.0,0.004354754563701969,Non-Switch
69.0,0.004355206689967714,Non-Switch
690.0,0.004360769925638788,Non-Switch
6900.0,0.004354798231171915,Non-Switch
6901.0,0.00435455436514745,Non-Switch
6902.0,0.004354578214304112,Non-Switch
6903.0,0.00435459904032824,Non-Switch
6904.0,0.004354525141532947,Non-Switch
6905.0,0.004354702162738034,Non-Switch
6906.0,0.00435454966249684,Non-Switch
6907.0,0.004354525477436562,Non-Switch
6908.0,0.0043544838253883065,Non-Switch
6909.0,0.004354526149243792,Non-Switch
691.0,0.0043611723381695175,Non-Switch
6910.0,0.004354770015268258,Non-Switch
6911.0,0.004354752884183894,Non-Switch
6912.0,0.004354514728520884,Non-Switch
6913.0,0.004354472740569012,Non-Switch
6914.0,0.004354419331894233,Non-Switch
6915.0,0.004354455273581035,Non-Switch
6916.0,0.00435444620418343,Non-Switch
6917.0,0.004354494910207601,Non-Switch
6918.0,0.0043544492273159645,Non-Switch
6919.0,0.004354443516954511,Non-Switch
692.0,0.004590157832492128,Non-Switch
6920.0,0.00435450095647267,Non-Switch
6921.0,0.004354423362737612,Non-Switch
6922.0,0.004354421347315922,Non-Switch
6923.0,0.004354416644665313,Non-Switch
6924.0,0.004354508682255814,Non-Switch
6925.0,0.004354437806593056,Non-Switch
6926.0,0.004354428401291837,Non-Switch
6927.0,0.004354529508279942,Non-Switch
6928.0,0.004354529172376327,Non-Switch
6929.0,0.004354525141532947,Non-Switch
693.0,0.004359362489492079,Non-Switch
6930.0,0.004354489199846146,Non-Switch
6931.0,0.004354456617195494,Non-Switch
6932.0,0.0043544539299665746,Non-Switch
6933.0,0.0043544787868340816,Non-Switch
6934.0,0.004354508010448584,Non-Switch
6935.0,0.004354474420087087,Non-Switch
6936.0,0.004354515400328113,Non-Switch
6937.0,0.004354405559846019,Non-Switch
6938.0,0.004354392795508651,Non-Switch
6939.0,0.004354428065388222,Non-Switch
694.0,0.004357791132381265,Non-Switch
6940.0,0.004354475763701547,Non-Switch
6941.0,0.004354478450930467,Non-Switch
6942.0,0.004354406567556864,Non-Switch
6943.0,0.00435450095647267,Non-Switch
6944.0,0.004354474420087087,Non-Switch
6945.0,0.004354461991653334,Non-Switch
6946.0,0.004354441837436436,Non-Switch
6947.0,0.004354411942014704,Non-Switch
6948.0,0.004354420339605078,Non-Switch
6949.0,0.004354425042255687,Non-Switch
695.0,0.00436170676082093,Non-Switch
6950.0,0.004354494910207601,Non-Switch
6951.0,0.004354518087557033,Non-Switch
6952.0,0.004354836524184021,Non-Switch
6953.0,0.0043544905434606054,Non-Switch
6954.0,0.004354782107798397,Non-Switch
6955.0,0.00435485466297923,Non-Switch
6956.0,0.004354720973340473,Non-Switch
6957.0,0.0043548566784009195,Non-Switch
6958.0,0.004354832493340641,Non-Switch
6959.0,0.004355143540088101,Non-Switch
696.0,0.004369272989748048,Non-Switch
6960.0,0.004355105247075994,Non-Switch
6961.0,0.004355169740570068,Non-Switch
6962.0,0.004356108255270284,Non-Switch
6963.0,0.004356356152138129,Non-Switch
6964.0,0.00435569677334195,Non-Switch
6965.0,0.004355839532378311,Non-Switch
6966.0,0.00435590033093262,Non-Switch
6967.0,0.004356130424908872,Non-Switch
6968.0,0.004355739433101051,Non-Switch
6969.0,0.004355422004184908,Non-Switch
697.0,0.004364282133836877,Non-Switch
6970.0,0.004355539234546531,Non-Switch
6971.0,0.004355437119847581,Non-Switch
6972.0,0.004355428386353592,Non-Switch
6973.0,0.004355215087558088,Non-Switch
6974.0,0.004355073672136187,Non-Switch
6975.0,0.004354971893340853,Non-Switch
6976.0,0.0043551126369555234,Non-Switch
6977.0,0.004355251365148504,Non-Switch
6978.0,0.004355240280329211,Non-Switch
6979.0,0.0043554465251488,Non-Switch
698.0,0.004365119541548989,Non-Switch
6980.0,0.0043552130721363986,Non-Switch
6981.0,0.004354941997919121,Non-Switch
6982.0,0.004355536883221226,Non-Switch
6983.0,0.004355095169967545,Non-Switch
6984.0,0.004355007835027654,Non-Switch
6985.0,0.00435565008273947,Non-Switch
6986.0,0.0043554424943054205,Non-Switch
6987.0,0.004355500605630809,Non-Switch
6988.0,0.004355505644185034,Non-Switch
6989.0,0.004355004475991504,Non-Switch
699.0,0.004369928337700848,Non-Switch
6990.0,0.004355039074063846,Non-Switch
6991.0,0.0043549937270758255,Non-Switch
6992.0,0.004354941662015506,Non-Switch
6993.0,0.004355028325148167,Non-Switch
6994.0,0.004356278222499457,Non-Switch
6995.0,0.004356169389728208,Non-Switch
6996.0,0.004355609438402059,Non-Switch
6997.0,0.0043559738938242975,Non-Switch
6998.0,0.0043553914369559455,Non-Switch
6999.0,0.004355787803221606,Non-Switch
7.0,0.01051603034363317,Non-Switch
70.0,0.004356135127559482,Non-Switch
700.0,0.004357942289008001,Non-Switch
7000.0,0.004355707186354014,Non-Switch
7001.0,0.004355408903943924,Non-Switch
7002.0,0.004355467351172928,Non-Switch
7003.0,0.004355230539124377,Non-Switch
7004.0,0.004355269168040098,Non-Switch
7005.0,0.004355174443220677,Non-Switch
7006.0,0.0043551603352688486,Non-Switch
7007.0,0.004354982978160147,Non-Switch
7008.0,0.004355184520329127,Non-Switch
7009.0,0.004355522103462167,Non-Switch
701.0,0.0043583013699724,Non-Switch
7010.0,0.004355654449486464,Non-Switch
7011.0,0.0043556934143058005,Non-Switch
7012.0,0.004355520759847708,Non-Switch
7013.0,0.004355154289003779,Non-Switch
7014.0,0.004354586275990871,Non-Switch
7015.0,0.004354805621051444,Non-Switch
7016.0,0.004354798902979145,Non-Switch
7017.0,0.004354791513099616,Non-Switch
7018.0,0.00435474918924413,Non-Switch
7019.0,0.0043545332032197065,Non-Switch
702.0,0.00435925768756421,Non-Switch
7020.0,0.004354506330930509,Non-Switch
7021.0,0.004354545295749845,Non-Switch
7022.0,0.0043546917497259705,Non-Switch
7023.0,0.004354555708761909,Non-Switch
7024.0,0.0043545614191233635,Non-Switch
7025.0,0.004354771694786333,Non-Switch
7026.0,0.004354802933822524,Non-Switch
7027.0,0.004354788489967081,Non-Switch
7028.0,0.004354544623942616,Non-Switch
7029.0,0.0043545960171957054,Non-Switch
703.0,0.004360599958409615,Non-Switch
7030.0,0.004354531187798017,Non-Switch
7031.0,0.004354773038400792,Non-Switch
7032.0,0.0043545993762318545,Non-Switch
7033.0,0.0043547428070754455,Non-Switch
7034.0,0.004354694772858506,Non-Switch
7035.0,0.004354813010930974,Non-Switch
7036.0,0.004354783451412857,Non-Switch
7037.0,0.0043549524109311845,Non-Switch
7038.0,0.004354933264425131,Non-Switch
7039.0,0.004354960136714329,Non-Switch
704.0,0.004356309797439264,Non-Switch
7040.0,0.00435479252081046,Non-Switch
7041.0,0.004354811331412899,Non-Switch
7042.0,0.0043547659844248784,Non-Switch
7043.0,0.004354568809002893,Non-Switch
7044.0,0.004354909751172084,Non-Switch
7045.0,0.004354742471171831,Non-Switch
7046.0,0.004355187879365276,Non-Switch
7047.0,0.004354735081292301,Non-Switch
7048.0,0.004354831149726182,Non-Switch
7049.0,0.00435484996032862,Non-Switch
705.0,0.004356158640812529,Non-Switch
7050.0,0.004355123385871203,Non-Switch
7051.0,0.004355764961775788,Non-Switch
7052.0,0.004355408232136694,Non-Switch
7053.0,0.004354577878400497,Non-Switch
7054.0,0.004354729370930847,Non-Switch
7055.0,0.004354932928521516,Non-Switch
7056.0,0.0043549211718949925,Non-Switch
7057.0,0.00435514421189533,Non-Switch
7058.0,0.004354792856714075,Non-Switch
7059.0,0.004355576855751407,Non-Switch
706.0,0.00435605115165574,Non-Switch
7060.0,0.004354872129967207,Non-Switch
7061.0,0.004354551677918529,Non-Switch
7062.0,0.004355114652377213,Non-Switch
7063.0,0.00435474986105136,Non-Switch
7064.0,0.004355108942015759,Non-Switch
7065.0,0.004354888253340726,Non-Switch
7066.0,0.0043549258745456025,Non-Switch
7067.0,0.004355081062015717,Non-Switch
7068.0,0.004354872801774438,Non-Switch
7069.0,0.004354821744424963,Non-Switch
707.0,0.00435824325864701,Non-Switch
7070.0,0.004354724332376623,Non-Switch
7071.0,0.004354809651894824,Non-Switch
7072.0,0.004354720637436858,Non-Switch
7073.0,0.0043549211718949925,Non-Switch
7074.0,0.004354759602256194,Non-Switch
7075.0,0.004354869442738288,Non-Switch
7076.0,0.004354907735750394,Non-Switch
7077.0,0.004354842570449091,Non-Switch
7078.0,0.004354978947316767,Non-Switch
7079.0,0.004354780092376707,Non-Switch
708.0,0.004355178474064057,Non-Switch
7080.0,0.004355068969485578,Non-Switch
7081.0,0.004355075015750647,Non-Switch
7082.0,0.004355189222979736,Non-Switch
7083.0,0.0043551240576784325,Non-Switch
7084.0,0.004355446861052415,Non-Switch
7085.0,0.004355260434546109,Non-Switch
7086.0,0.004355622874546657,Non-Switch
7087.0,0.004355216095268934,Non-Switch
7088.0,0.00435675587743994,Non-Switch
7089.0,0.004356200292860785,Non-Switch
709.0,0.004354998429726435,Non-Switch
7090.0,0.00435570147599256,Non-Switch
7091.0,0.004354832493340641,Non-Switch
7092.0,0.004356549296716735,Non-Switch
7093.0,0.0043548798557503515,Non-Switch
7094.0,0.004354905384425089,Non-Switch
7095.0,0.004356205331415009,Non-Switch
7096.0,0.004354920500087763,Non-Switch
7097.0,0.004355240280329211,Non-Switch
7098.0,0.004356148227800465,Non-Switch
7099.0,0.0043575976518990455,Non-Switch
71.0,0.0043554922080404354,Non-Switch
710.0,0.004362413166123204,Non-Switch
7100.0,0.004355311827799199,Non-Switch
7101.0,0.004355868755992813,Non-Switch
7102.0,0.004356513355029934,Non-Switch
7103.0,0.0043569755584041275,Non-Switch
7104.0,0.0043571488846694505,Non-Switch
7105.0,0.004356867733343723,Non-Switch
7106.0,0.004358739052382701,Non-Switch
7107.0,0.004357484116477186,Non-Switch
7108.0,0.0043584179285267935,Non-Switch
7109.0,0.004362788034557506,Non-Switch
711.0,0.004354938638882971,Non-Switch
7110.0,0.00435900206491322,Non-Switch
7111.0,0.004357368229730023,Non-Switch
7112.0,0.004357324226356462,Non-Switch
7113.0,0.0043566208441867225,Non-Switch
7114.0,0.004358286926116956,Non-Switch
7115.0,0.004358096804670885,Non-Switch
7116.0,0.004358917081298633,Non-Switch
7117.0,0.004360715845156778,Non-Switch
7118.0,0.004363804814800009,Non-Switch
7119.0,0.004359650358890105,Non-Switch
712.0,0.004354933264425131,Non-Switch
7120.0,0.004359034647563872,Non-Switch
7121.0,0.004359312103949834,Non-Switch
7122.0,0.004358190857683076,Non-Switch
7123.0,0.00436195096274901,Non-Switch
7124.0,0.004358577146840287,Non-Switch
7125.0,0.0043573124697299384,Non-Switch
7126.0,0.004369274333362508,Non-Switch
7127.0,0.0043665753478162525,Non-Switch
7128.0,0.004633736623883412,Non-Switch
7129.0,0.004381131059163593,Non-Switch
713.0,0.004354896986834715,Non-Switch
7130.0,0.004377511361808715,Non-Switch
7131.0,0.004393127184964889,Non-Switch
7132.0,0.004421336706453384,Non-Switch
7133.0,0.004442732423112285,Non-Switch
7134.0,0.004415092594154773,Non-Switch
7135.0,0.004413043582103478,Non-Switch
7136.0,0.004445101215405028,Non-Switch
7137.0,0.004427161946944131,Non-Switch
7138.0,0.004412317022584306,Non-Switch
7139.0,0.0044169481257238475,Non-Switch
714.0,0.00437695712084402,Non-Switch
7140.0,0.004420097893921388,Non-Switch
7141.0,0.004886602178001216,Non-Switch
7142.0,0.004421046485730053,Non-Switch
7143.0,0.005062584769111045,Non-Switch
7144.0,0.004434551154666163,Non-Switch
7145.0,0.004417476502110189,Non-Switch
7146.0,0.005227940713457796,Non-Switch
7147.0,0.005157290442025523,Non-Switch
7148.0,0.004457567270363662,Non-Switch
7149.0,0.004803012563416822,Non-Switch
715.0,0.004355902010450695,Non-Switch
7150.0,0.004874181134126987,Non-Switch
7151.0,0.0047622577137165605,Non-Switch
7152.0,0.004422703834166297,Non-Switch
7153.0,0.004869001500384205,Non-Switch
7154.0,0.004730479552222662,Non-Switch
7155.0,0.004671682983458939,Non-Switch
7156.0,0.00441377618788772,Non-Switch
7157.0,0.0044146065416239165,Non-Switch
7158.0,0.004580527475851041,Non-Switch
7159.0,0.004572062368850272,Non-Switch
716.0,0.004356720271656753,Non-Switch
7160.0,0.004530352209269047,Non-Switch
7161.0,0.0044652053826643836,Non-Switch
7162.0,0.004613166894213714,Non-Switch
7163.0,0.004756921884792819,Non-Switch
7164.0,0.0046626471762163425,Non-Switch
7165.0,0.004520483361061333,Non-Switch
7166.0,0.0045023727817568035,Non-Switch
7167.0,0.004391114114600395,Non-Switch
7168.0,0.004536789466146263,Non-Switch
7169.0,0.004503073476697623,Non-Switch
717.0,0.004355090467316936,Non-Switch
7170.0,0.004432923365748035,Non-Switch
7171.0,0.004402140486665282,Non-Switch
7172.0,0.004407692973420678,Non-Switch
7173.0,0.004515981916717168,Non-Switch
7174.0,0.004386984515557997,Non-Switch
7175.0,0.004487270891131528,Non-Switch
7176.0,0.004415883311264404,Non-Switch
7177.0,0.0044698129725508785,Non-Switch
7178.0,0.005495984744225088,Non-Switch
7179.0,0.005178507457961262,Non-Switch
718.0,0.004357439105392781,Non-Switch
7180.0,0.004513131774544178,Non-Switch
7181.0,0.006179649035862633,Non-Switch
7182.0,0.004583118300433277,Non-Switch
7183.0,0.0044457008033577435,Non-Switch
7184.0,0.0044556008906016485,Non-Switch
7185.0,0.004479047634733535,Non-Switch
7186.0,0.004496811561507419,Non-Switch
7187.0,0.004459022068920081,Non-Switch
7188.0,0.004644650132333671,Non-Switch
7189.0,0.004904923032968715,Non-Switch
719.0,0.004356415607077978,Non-Switch
7190.0,0.005180963249290281,Non-Switch
7191.0,0.00516827482613854,Non-Switch
7192.0,0.004605766601672388,Non-Switch
7193.0,0.0045562574319588725,Non-Switch
7194.0,0.00453082113071554,Non-Switch
7195.0,0.004466275907485282,Non-Switch
7196.0,0.004447695734927029,Non-Switch
7197.0,0.005711928108889396,Non-Switch
7198.0,0.004963735053298726,Non-Switch
7199.0,0.0046051979168522505,Non-Switch
72.0,0.004356511003704629,Non-Switch
720.0,0.0043558304629807065,Non-Switch
7200.0,0.010625316584762495,Non-Switch
7201.0,0.022783699955460663,Non-Switch
7202.0,0.04907459373984603,Non-Switch
7203.0,0.08468141957110774,Non-Switch
7204.0,0.07451981927042085,Non-Switch
7205.0,0.08452744135400712,Non-Switch
7206.0,0.07986620631658811,Non-Switch
7207.0,0.09245765812553235,Non-Switch
7208.0,0.04609494056906948,Non-Switch
7209.0,0.024535980127752346,Non-Switch
721.0,0.004355757235992644,Non-Switch
7210.0,0.01206024577054958,Non-Switch
7211.0,0.004806697426073003,Non-Switch
7212.0,0.004777487247715523,Non-Switch
7213.0,0.004542570367359835,Non-Switch
7214.0,0.004690319587824506,Non-Switch
7215.0,0.004481607892086809,Non-Switch
7216.0,0.004455649260722204,Non-Switch
7217.0,0.004443474434197746,Non-Switch
7218.0,0.004431691607191954,Non-Switch
7219.0,0.004437259209610022,Non-Switch
722.0,0.004356571130451708,Non-Switch
7220.0,0.004444273548897751,Non-Switch
7221.0,0.004415937055842798,Non-Switch
7222.0,0.004498965375486584,Non-Switch
7223.0,0.0044788712853356775,Non-Switch
7224.0,0.0048268113345371925,Non-Switch
7225.0,0.011202006659852529,Non-Switch
7226.0,0.025687355605158297,Non-Switch
7227.0,0.04432604257313817,Non-Switch
7228.0,0.04440486168458282,Non-Switch
7229.0,0.05013510325856018,Non-Switch
723.0,0.004354643043701801,Non-Switch
7230.0,0.04350967586346838,Non-Switch
7231.0,0.028003760370111347,Non-Switch
7232.0,0.049209105670652106,Non-Switch
7233.0,0.021974647882910377,Non-Switch
7234.0,0.010094314775765733,Non-Switch
7235.0,0.004604233201670066,Non-Switch
7236.0,0.004497579437171232,Non-Switch
7237.0,0.0046403240296765185,Non-Switch
7238.0,0.00459244399249559,Non-Switch
7239.0,0.004585268419472677,Non-Switch
724.0,0.0043563205463549425,Non-Switch
7240.0,0.004574313930781392,Non-Switch
7241.0,0.004577657515364768,Non-Switch
7242.0,0.004433601891050268,Non-Switch
7243.0,0.005004779787818703,Non-Switch
7244.0,0.004528362316253986,Non-Switch
7245.0,0.004767927094929964,Non-Switch
7246.0,0.004619686111572982,Non-Switch
7247.0,0.0048140745412648955,Non-Switch
7248.0,0.004671452553579072,Non-Switch
7249.0,0.0046829884914278645,Non-Switch
725.0,0.0043548798557503515,Non-Switch
7250.0,0.0046142810865045574,Non-Switch
7251.0,0.004632052739061586,Non-Switch
7252.0,0.0046770325844308945,Non-Switch
7253.0,0.0048700071958074145,Non-Switch
7254.0,0.005710040330573285,Non-Switch
7255.0,0.004648830788725544,Non-Switch
7256.0,0.005694799039947799,Non-Switch
7257.0,0.004695369898675527,Non-Switch
7258.0,0.00550631545990338,Non-Switch
7259.0,0.0061816778936970304,Non-Switch
726.0,0.004355320897196803,Non-Switch
7260.0,0.00557353380410154,Non-Switch
7261.0,0.00653802460267031,Non-Switch
7262.0,0.006317883450529765,Non-Switch
7263.0,0.005668906917498957,Non-Switch
7264.0,0.0064042704704196,Non-Switch
7265.0,0.005548810626232781,Non-Switch
7266.0,0.005758200847272711,Non-Switch
7267.0,0.005157138613591558,Non-Switch
7268.0,0.005502951049295875,Non-Switch
7269.0,0.006043569778789126,Non-Switch
727.0,0.004359714516480564,Non-Switch
7270.0,0.007899450015815983,Non-Switch
7271.0,0.0051085951667710705,Non-Switch
7272.0,0.00554741931345959,Non-Switch
7273.0,0.007947146985526754,Non-Switch
7274.0,0.0061853412585218545,Non-Switch
7275.0,0.005639696739141477,Non-Switch
7276.0,0.006527388550606013,Non-Switch
7277.0,0.006135956709049491,Non-Switch
7278.0,0.006308521816780651,Non-Switch
7279.0,0.0059652464610801745,Non-Switch
728.0,0.004358328578165212,Non-Switch
7280.0,0.0065179651105917455,Non-Switch
7281.0,0.005754532779797278,Non-Switch
7282.0,0.007427554478715943,Non-Switch
7283.0,0.005516637442087683,Non-Switch
7284.0,0.00570008750646183,Non-Switch
7285.0,0.019373939672707584,Non-Switch
7286.0,0.024348126702889605,Non-Switch
7287.0,0.03165387178190304,Non-Switch
7288.0,0.033012819569984725,Non-Switch
7289.0,0.016131419081773984,Non-Switch
729.0,0.00435905278635908,Non-Switch
7290.0,0.019892405558793798,Non-Switch
7291.0,0.01277171918656658,Non-Switch
7292.0,0.009258738410163237,Non-Switch
7293.0,0.00999961078236933,Non-Switch
7294.0,0.019402319497328867,Non-Switch
7295.0,0.03237039450106022,Non-Switch
7296.0,0.022203241041810706,Non-Switch
7297.0,0.015680108390006317,Non-Switch
7298.0,0.011275292766951443,Non-Switch
7299.0,0.011622716532296755,Non-Switch
73.0,0.004364135679860752,Non-Switch
730.0,0.00435914280852789,Non-Switch
7300.0,0.005722570207218763,Non-Switch
7301.0,0.015355241224213232,Non-Switch
7302.0,0.03143566610639194,Non-Switch
7303.0,0.07060171051846434,Non-Switch
7304.0,0.14810371970376196,Non-Switch
7305.0,0.2949583294143074,Non-Switch
7306.0,0.30388575534011353,Non-Switch
7307.0,0.36911174502152283,Non-Switch
7308.0,0.3107347494324113,Non-Switch
7309.0,0.1638935113729705,Non-Switch
731.0,0.0043617054172064695,Non-Switch
7310.0,0.08344806748827646,Non-Switch
7311.0,0.034049119843361016,Non-Switch
7312.0,0.014590502900163775,Non-Switch
7313.0,0.007960545508920535,Non-Switch
7314.0,0.006271374236001514,Non-Switch
7315.0,0.006882249221986682,Non-Switch
7316.0,0.009693224361664466,Non-Switch
7317.0,0.00951302214934343,Non-Switch
7318.0,0.004744886794172187,Non-Switch
7319.0,0.011207072086366223,Non-Switch
732.0,0.004367443994564556,Non-Switch
7320.0,0.02566221926584313,Non-Switch
7321.0,0.05756181932185317,Non-Switch
7322.0,0.13773234893914302,Non-Switch
7323.0,0.1257684403253658,Non-Switch
7324.0,0.26412725756810795,Non-Switch
7325.0,0.4953294685244364,Non-Switch
7326.0,0.7292624200111645,Non-Switch
7327.0,0.7074733360340772,Non-Switch
7328.0,0.6812427571027952,Non-Switch
7329.0,0.4872139511955222,Non-Switch
733.0,0.004386195142062827,Non-Switch
7330.0,0.326001176397213,Non-Switch
7331.0,0.18125733125853818,Non-Switch
7332.0,0.1129048152225155,Non-Switch
7333.0,0.060326558672545286,Non-Switch
7334.0,0.10262780918864182,Non-Switch
7335.0,0.02031756279510018,Non-Switch
7336.0,0.010356134176644083,Non-Switch
7337.0,0.0046946426673491245,Non-Switch
7338.0,0.004872927205932318,Non-Switch
7339.0,0.004539931508560659,Non-Switch
734.0,0.004405667810526045,Non-Switch
7340.0,0.004655963030182126,Non-Switch
7341.0,0.004524284446368293,Non-Switch
7342.0,0.004497291231869592,Non-Switch
7343.0,0.0045237950348012874,Non-Switch
7344.0,0.004435970011535781,Non-Switch
7345.0,0.004687682408543405,Non-Switch
7346.0,0.0049685035410167895,Non-Switch
7347.0,0.00462325710290369,Non-Switch
7348.0,0.004952539385811895,Non-Switch
7349.0,0.00455202336689222,Non-Switch
735.0,0.004405906637996286,Non-Switch
7350.0,0.00504522930113296,Non-Switch
7351.0,0.0046086486546888005,Non-Switch
7352.0,0.004669589632130469,Non-Switch
7353.0,0.00487875412594114,Non-Switch
7354.0,0.005582419126524632,Non-Switch
7355.0,0.006897395115985518,Non-Switch
7356.0,0.005138049547056631,Non-Switch
7357.0,0.004688300807098558,Non-Switch
7358.0,0.004540640265188238,Non-Switch
7359.0,0.004458380828919111,Non-Switch
736.0,0.004399181175817429,Non-Switch
7360.0,0.004769448066498531,Non-Switch
7361.0,0.004521128967809299,Non-Switch
7362.0,0.004631246234482051,Non-Switch
7363.0,0.00472398989438151,Non-Switch
7364.0,0.004562044379437514,Non-Switch
7365.0,0.004475675834246502,Non-Switch
7366.0,0.004593269643581178,Non-Switch
7367.0,0.00440516227558552,Non-Switch
7368.0,0.004416256500180632,Non-Switch
7369.0,0.004400968854856279,Non-Switch
737.0,0.004389791662068272,Non-Switch
7370.0,0.0043859331372431525,Non-Switch
7371.0,0.004376801261566676,Non-Switch
7372.0,0.0043678393531193715,Non-Switch
7373.0,0.004366387577695486,Non-Switch
7374.0,0.004362237824436192,Non-Switch
7375.0,0.004359923448529072,Non-Switch
7376.0,0.004358477719370257,Non-Switch
7377.0,0.004358917417202248,Non-Switch
7378.0,0.004358278192622967,Non-Switch
7379.0,0.004358321860092913,Non-Switch
738.0,0.004449508942640618,Non-Switch
7380.0,0.004358802874069544,Non-Switch
7381.0,0.00435905077093739,Non-Switch
7382.0,0.004359465275998259,Non-Switch
7383.0,0.004357924150212793,Non-Switch
7384.0,0.004358313798406154,Non-Switch
7385.0,0.00435745186973015,Non-Switch
7386.0,0.004357256373826239,Non-Switch
7387.0,0.004357217409006903,Non-Switch
7388.0,0.0043566571217771395,Non-Switch
7389.0,0.004356367236957423,Non-Switch
739.0,0.00447650282894655,Non-Switch
7390.0,0.0043655404287785415,Non-Switch
7391.0,0.004356295353583821,Non-Switch
7392.0,0.004356083398402776,Non-Switch
7393.0,0.004363658024920269,Non-Switch
7394.0,0.004366505143960725,Non-Switch
7395.0,0.004356056190209965,Non-Switch
7396.0,0.004383446778685171,Non-Switch
7397.0,0.004356717584427833,Non-Switch
7398.0,0.004356740425873651,Non-Switch
7399.0,0.0043563947810538505,Non-Switch
74.0,0.004358683292382617,Non-Switch
740.0,0.004511996084421976,Non-Switch
7400.0,0.004356410568523754,Non-Switch
7401.0,0.0043564770774395176,Non-Switch
7402.0,0.004356328608041702,Non-Switch
7403.0,0.004356430050933422,Non-Switch
7404.0,0.004357089765633216,Non-Switch
7405.0,0.0043566356239457815,Non-Switch
7406.0,0.004355999422499035,Non-Switch
7407.0,0.004356162671655908,Non-Switch
7408.0,0.004355979268282137,Non-Switch
7409.0,0.00436775268998671,Non-Switch
741.0,0.00453071364155875,Non-Switch
7410.0,0.004382672856756289,Non-Switch
7411.0,0.004356984963705347,Non-Switch
7412.0,0.004361861612387429,Non-Switch
7413.0,0.00435960064515509,Non-Switch
7414.0,0.004361772262025848,Non-Switch
7415.0,0.004365914289501999,Non-Switch
7416.0,0.004375766678432579,Non-Switch
7417.0,0.004378027309761303,Non-Switch
7418.0,0.00436880709143409,Non-Switch
7419.0,0.004384973124711579,Non-Switch
742.0,0.004463384449167651,Non-Switch
7420.0,0.004400037058228363,Non-Switch
7421.0,0.004398535233165848,Non-Switch
7422.0,0.004397855364249156,Non-Switch
7423.0,0.004414602174876922,Non-Switch
7424.0,0.004398040783044618,Non-Switch
7425.0,0.004414071447165275,Non-Switch
7426.0,0.004401017896784065,Non-Switch
7427.0,0.004392100327613936,Non-Switch
7428.0,0.004377229202772143,Non-Switch
7429.0,0.004378063587351719,Non-Switch
743.0,0.004441830186002485,Non-Switch
7430.0,0.004410490714629733,Non-Switch
7431.0,0.004417429139700479,Non-Switch
7432.0,0.0043920680808669,Non-Switch
7433.0,0.004395953142077601,Non-Switch
7434.0,0.004395978670752338,Non-Switch
7435.0,0.004415125176805425,Non-Switch
7436.0,0.004389649574839141,Non-Switch
7437.0,0.004399601055336136,Non-Switch
7438.0,0.004393827544002094,Non-Switch
7439.0,0.004379789460125417,Non-Switch
744.0,0.004465061951820793,Non-Switch
7440.0,0.004375624591203448,Non-Switch
7441.0,0.004373312566621634,Non-Switch
7442.0,0.004372415032162444,Non-Switch
7443.0,0.004371258516016115,Non-Switch
7444.0,0.00437155713432982,Non-Switch
7445.0,0.004400764289554765,Non-Switch
7446.0,0.0043925242379760235,Non-Switch
7447.0,0.004397850661598547,Non-Switch
7448.0,0.00438440981434928,Non-Switch
7449.0,0.004409469567640235,Non-Switch
745.0,0.004429391003333049,Non-Switch
7450.0,0.004403433043775673,Non-Switch
7451.0,0.004401121019193859,Non-Switch
7452.0,0.004383955336758231,Non-Switch
7453.0,0.004409588813423548,Non-Switch
7454.0,0.0043734701054170535,Non-Switch
7455.0,0.004378502277472865,Non-Switch
7456.0,0.004394315947858255,Non-Switch
7457.0,0.0043607944466026805,Non-Switch
7458.0,0.004360391026361106,Non-Switch
7459.0,0.004359958046601414,Non-Switch
746.0,0.004477875331117302,Non-Switch
7460.0,0.004363394676486136,Non-Switch
7461.0,0.004360700057686875,Non-Switch
7462.0,0.004359821669733738,Non-Switch
7463.0,0.004358529448526962,Non-Switch
7464.0,0.004363857551667559,Non-Switch
7465.0,0.004362417868773814,Non-Switch
7466.0,0.004360625487084353,Non-Switch
7467.0,0.004360419914071993,Non-Switch
7468.0,0.004376265159397189,Non-Switch
7469.0,0.004359379956480057,Non-Switch
747.0,0.004411186035112713,Non-Switch
7470.0,0.004361539144917061,Non-Switch
7471.0,0.004362536778653512,Non-Switch
7472.0,0.0043603769184092775,Non-Switch
7473.0,0.0043606046610602245,Non-Switch
7474.0,0.004359407164672869,Non-Switch
7475.0,0.004358384338165297,Non-Switch
7476.0,0.004357996033586395,Non-Switch
7477.0,0.004357578841296607,Non-Switch
7478.0,0.004358136441297451,Non-Switch
7479.0,0.004357775680814978,Non-Switch
748.0,0.004415349560420222,Non-Switch
7480.0,0.004357466649489208,Non-Switch
7481.0,0.004357677261055792,Non-Switch
7482.0,0.004358088071176896,Non-Switch
7483.0,0.00435904405286509,Non-Switch
7484.0,0.004359770276480648,Non-Switch
7485.0,0.004357687002260626,Non-Switch
7486.0,0.00436125631407326,Non-Switch
7487.0,0.004359871047565138,Non-Switch
7488.0,0.004365838711188632,Non-Switch
7489.0,0.004362635870219927,Non-Switch
749.0,0.004393980716050518,Non-Switch
7490.0,0.004364847123717251,Non-Switch
7491.0,0.0043648491391389405,Non-Switch
7492.0,0.004366805441792505,Non-Switch
7493.0,0.004365444360344661,Non-Switch
7494.0,0.004367415106853669,Non-Switch
7495.0,0.004370218558424179,Non-Switch
7496.0,0.004376527836024093,Non-Switch
7497.0,0.0043692981825191705,Non-Switch
7498.0,0.0043645387641987115,Non-Switch
7499.0,0.004365895814803175,Non-Switch
75.0,0.004357270481778068,Non-Switch
750.0,0.004404092422571853,Non-Switch
7500.0,0.004364925389259537,Non-Switch
7501.0,0.004369498716977306,Non-Switch
7502.0,0.004364673461548313,Non-Switch
7503.0,0.004367034863961527,Non-Switch
7504.0,0.004365635825405192,Non-Switch
7505.0,0.004364577729018048,Non-Switch
7506.0,0.00436916079794065,Non-Switch
7507.0,0.004363997287571386,Non-Switch
7508.0,0.004365233412874462,Non-Switch
7509.0,0.004367525283239378,Non-Switch
751.0,0.004387929076523283,Non-Switch
7510.0,0.004371236682281142,Non-Switch
7511.0,0.004367357667335509,Non-Switch
7512.0,0.00436540976227232,Non-Switch
7513.0,0.004369838651435652,Non-Switch
7514.0,0.004363096058172431,Non-Switch
7515.0,0.004364661033114559,Non-Switch
7516.0,0.004366294532394141,Non-Switch
7517.0,0.004361087690458547,Non-Switch
7518.0,0.00436324956612447,Non-Switch
7519.0,0.004363847810462725,Non-Switch
752.0,0.004380343029282882,Non-Switch
7520.0,0.004363015105401224,Non-Switch
7521.0,0.00436194894732732,Non-Switch
7522.0,0.004364108807571554,Non-Switch
7523.0,0.0043605186697347935,Non-Switch
7524.0,0.004361486072145896,Non-Switch
7525.0,0.0043649492384162,Non-Switch
7526.0,0.004360525051903478,Non-Switch
7527.0,0.004368366721794869,Non-Switch
7528.0,0.004362523006605298,Non-Switch
7529.0,0.004364531374319182,Non-Switch
753.0,0.004374220178189274,Non-Switch
7530.0,0.004362738656726106,Non-Switch
7531.0,0.0043640271829931175,Non-Switch
7532.0,0.0043632730793775176,Non-Switch
7533.0,0.004364715785403798,Non-Switch
7534.0,0.004381323196031354,Non-Switch
7535.0,0.004364931099620992,Non-Switch
7536.0,0.004364719816247178,Non-Switch
7537.0,0.004363811868775924,Non-Switch
7538.0,0.004364969056729484,Non-Switch
7539.0,0.0043685259401083625,Non-Switch
754.0,0.004385119578687704,Non-Switch
7540.0,0.004365851475526,Non-Switch
7541.0,0.004368967989265659,Non-Switch
7542.0,0.004369552797459315,Non-Switch
7543.0,0.004366255567574804,Non-Switch
7544.0,0.004365565957453279,Non-Switch
7545.0,0.004365506166609814,Non-Switch
7546.0,0.004362133358411937,Non-Switch
7547.0,0.004365560918899054,Non-Switch
7548.0,0.004356821714548473,Non-Switch
7549.0,0.004356154274065534,Non-Switch
755.0,0.004378288642773747,Non-Switch
7550.0,0.0043575465945495705,Non-Switch
7551.0,0.004356978581536662,Non-Switch
7552.0,0.0043569480143077,Non-Switch
7553.0,0.004356379665391177,Non-Switch
7554.0,0.004356622187801183,Non-Switch
7555.0,0.004367274027335383,Non-Switch
7556.0,0.004359801851420455,Non-Switch
7557.0,0.004356837166114761,Non-Switch
7558.0,0.004356464984909378,Non-Switch
7559.0,0.004356471031174448,Non-Switch
756.0,0.004373762341562074,Non-Switch
7560.0,0.004356481108282897,Non-Switch
7561.0,0.004359889186360346,Non-Switch
7562.0,0.004360034968529242,Non-Switch
7563.0,0.004383178055793198,Non-Switch
7564.0,0.004427106522847662,Non-Switch
7565.0,0.004370645491918801,Non-Switch
7566.0,0.00438226036711711,Non-Switch
7567.0,0.004381338647597642,Non-Switch
7568.0,0.004381552618200376,Non-Switch
7569.0,0.0043773286302421725,Non-Switch
757.0,0.004379497895787626,Non-Switch
7570.0,0.004379920462535254,Non-Switch
7571.0,0.00437785734253213,Non-Switch
7572.0,0.004396499993162766,Non-Switch
7573.0,0.0043981727931653,Non-Switch
7574.0,0.00448679827474527,Non-Switch
7575.0,0.004376230561324848,Non-Switch
7576.0,0.004420994084766118,Non-Switch
7577.0,0.0044259305242916646,Non-Switch
7578.0,0.004376191932409126,Non-Switch
7579.0,0.004442973601907831,Non-Switch
758.0,0.004374473113611344,Non-Switch
7580.0,0.0043735607993930945,Non-Switch
7581.0,0.004369460088061584,Non-Switch
7582.0,0.0043716283458961926,Non-Switch
7583.0,0.004367034528057912,Non-Switch
7584.0,0.004368944476012611,Non-Switch
7585.0,0.004367561224926179,Non-Switch
7586.0,0.0043641444133547405,Non-Switch
7587.0,0.004362788034557506,Non-Switch
7588.0,0.004357734028766722,Non-Switch
7589.0,0.004356119004185963,Non-Switch
759.0,0.00437480632999739,Non-Switch
7590.0,0.004355838524667466,Non-Switch
7591.0,0.004355724989245607,Non-Switch
7592.0,0.004356134455752251,Non-Switch
7593.0,0.004356187528523416,Non-Switch
7594.0,0.00435594970876402,Non-Switch
7595.0,0.004355886558884406,Non-Switch
7596.0,0.004357308774790174,Non-Switch
7597.0,0.004356270160812698,Non-Switch
7598.0,0.00435655097623481,Non-Switch
7599.0,0.004356661152620519,Non-Switch
76.0,0.004357354793585425,Non-Switch
760.0,0.004371658913125155,Non-Switch
7600.0,0.004356563740572178,Non-Switch
7601.0,0.004356905018644984,Non-Switch
7602.0,0.004357007805151164,Non-Switch
7603.0,0.004356930547319722,Non-Switch
7604.0,0.004356657457680754,Non-Switch
7605.0,0.004356484467319046,Non-Switch
7606.0,0.004356666527078358,Non-Switch
7607.0,0.0043569641376812185,Non-Switch
7608.0,0.004357557679368864,Non-Switch
7609.0,0.004357181803223717,Non-Switch
761.0,0.004371706947342095,Non-Switch
7610.0,0.0043570434109343505,Non-Switch
7611.0,0.004357298025874495,Non-Switch
7612.0,0.0043566933993675555,Non-Switch
7613.0,0.004357648373344905,Non-Switch
7614.0,0.00435625269382472,Non-Switch
7615.0,0.004357641991176221,Non-Switch
7616.0,0.0043572083396092995,Non-Switch
7617.0,0.004356479092861207,Non-Switch
7618.0,0.004356668878403663,Non-Switch
7619.0,0.004355859686595209,Non-Switch
762.0,0.0043775331955436874,Non-Switch
7620.0,0.004355227515991842,Non-Switch
7621.0,0.004354964503461323,Non-Switch
7622.0,0.004354735081292301,Non-Switch
7623.0,0.004355126073100122,Non-Switch
7624.0,0.004354521110689568,Non-Switch
7625.0,0.0043544935665931405,Non-Switch
7626.0,0.004354639684665651,Non-Switch
7627.0,0.004354512041291963,Non-Switch
7628.0,0.004355481795028372,Non-Switch
7629.0,0.00435494266972635,Non-Switch
763.0,0.004365782279381317,Non-Switch
7630.0,0.004354934608039591,Non-Switch
7631.0,0.004355031012377087,Non-Switch
7632.0,0.004354930577196212,Non-Switch
7633.0,0.004354919828280533,Non-Switch
7634.0,0.004355588948281546,Non-Switch
7635.0,0.004355338364184781,Non-Switch
7636.0,0.004355227515991842,Non-Switch
7637.0,0.00435479923888276,Non-Switch
7638.0,0.004354776061533327,Non-Switch
7639.0,0.004354605086593309,Non-Switch
764.0,0.004367804419143415,Non-Switch
7640.0,0.004354635989725886,Non-Switch
7641.0,0.004354589299123406,Non-Switch
7642.0,0.004354476771412392,Non-Switch
7643.0,0.004354448555508735,Non-Switch
7644.0,0.004354468709725633,Non-Switch
7645.0,0.004354621545870443,Non-Switch
7646.0,0.004354405223942404,Non-Switch
7647.0,0.004354428401291837,Non-Switch
7648.0,0.004354428401291837,Non-Switch
7649.0,0.0043544243704484575,Non-Switch
765.0,0.0043666858601055765,Non-Switch
7650.0,0.004354512377195578,Non-Switch
7651.0,0.004354416308761698,Non-Switch
7652.0,0.004354426049966532,Non-Switch
7653.0,0.004354860373340684,Non-Switch
7654.0,0.004354776061533327,Non-Switch
7655.0,0.004355298055750985,Non-Switch
7656.0,0.004355942318884491,Non-Switch
7657.0,0.004356274863463307,Non-Switch
7658.0,0.004360137083228192,Non-Switch
7659.0,0.004356447182017785,Non-Switch
766.0,0.00436699992998557,Non-Switch
7660.0,0.004357581528525526,Non-Switch
7661.0,0.004356667870692818,Non-Switch
7662.0,0.004358608049972864,Non-Switch
7663.0,0.004357476054790427,Non-Switch
7664.0,0.004356555007078189,Non-Switch
7665.0,0.004356583222981846,Non-Switch
7666.0,0.00435684791503044,Non-Switch
7667.0,0.0043577743372005175,Non-Switch
7668.0,0.004357878467321157,Non-Switch
7669.0,0.004357014859127079,Non-Switch
767.0,0.0043717932745711416,Non-Switch
7670.0,0.004357423653826493,Non-Switch
7671.0,0.0043570333338259016,Non-Switch
7672.0,0.004356194918402946,Non-Switch
7673.0,0.0043552826041846964,Non-Switch
7674.0,0.004355006491413194,Non-Switch
7675.0,0.004354817713581583,Non-Switch
7676.0,0.004355015224907183,Non-Switch
7677.0,0.004354991711654136,Non-Switch
7678.0,0.004356982948283657,Non-Switch
7679.0,0.004358211011899974,Non-Switch
768.0,0.0043724882591505065,Non-Switch
7680.0,0.004355211728521938,Non-Switch
7681.0,0.004355756228281799,Non-Switch
7682.0,0.0043580994918998054,Non-Switch
7683.0,0.00435745052611569,Non-Switch
7684.0,0.004360066879372663,Non-Switch
7685.0,0.004357540548284501,Non-Switch
7686.0,0.004357080360331997,Non-Switch
7687.0,0.0043562379140656615,Non-Switch
7688.0,0.004355668893341908,Non-Switch
7689.0,0.004355258755028034,Non-Switch
769.0,0.004369236040350402,Non-Switch
7690.0,0.004357027287560832,Non-Switch
7691.0,0.004356573817680628,Non-Switch
7692.0,0.004355879169004877,Non-Switch
7693.0,0.004355638662016561,Non-Switch
7694.0,0.004355193925630345,Non-Switch
7695.0,0.004355429729968052,Non-Switch
7696.0,0.004354925202738372,Non-Switch
7697.0,0.004355278573341317,Non-Switch
7698.0,0.004355275550208783,Non-Switch
7699.0,0.004355364564666749,Non-Switch
77.0,0.004358499889008845,Non-Switch
770.0,0.004373860425417645,Non-Switch
7700.0,0.004355265137196718,Non-Switch
7701.0,0.004355046128039761,Non-Switch
7702.0,0.0043550760234614926,Non-Switch
7703.0,0.004355281260570236,Non-Switch
7704.0,0.004355454586835559,Non-Switch
7705.0,0.004355658816233459,Non-Switch
7706.0,0.004356073321294327,Non-Switch
7707.0,0.00435619525430656,Non-Switch
7708.0,0.004355799223944515,Non-Switch
7709.0,0.004355566106835729,Non-Switch
771.0,0.004365806464441594,Non-Switch
7710.0,0.004355659488040689,Non-Switch
7711.0,0.004355384047076416,Non-Switch
7712.0,0.004356102209005215,Non-Switch
7713.0,0.004355674939606978,Non-Switch
7714.0,0.00435594970876402,Non-Switch
7715.0,0.004356483123704587,Non-Switch
7716.0,0.004357675581537717,Non-Switch
7717.0,0.004360681247084437,Non-Switch
7718.0,0.004358583864912587,Non-Switch
7719.0,0.004357431043706022,Non-Switch
772.0,0.0043615055545555646,Non-Switch
7720.0,0.004360116593107678,Non-Switch
7721.0,0.004358540869249871,Non-Switch
7722.0,0.004358299018647095,Non-Switch
7723.0,0.00435654828900589,Non-Switch
7724.0,0.0043571918803321655,Non-Switch
7725.0,0.004357081032139227,Non-Switch
7726.0,0.004356342715993531,Non-Switch
7727.0,0.004357005789729474,Non-Switch
7728.0,0.004356681306837417,Non-Switch
7729.0,0.004356497903463645,Non-Switch
773.0,0.004363087996485672,Non-Switch
7730.0,0.004356564076475794,Non-Switch
7731.0,0.004355878497197647,Non-Switch
7732.0,0.004355897307800085,Non-Switch
7733.0,0.004355788810932451,Non-Switch
7734.0,0.004356370595993573,Non-Switch
7735.0,0.004356305766595884,Non-Switch
7736.0,0.004356267137680163,Non-Switch
7737.0,0.004358115615273324,Non-Switch
7738.0,0.004356996720331871,Non-Switch
7739.0,0.004356360854788739,Non-Switch
774.0,0.004366990860587967,Non-Switch
7740.0,0.004355875809968727,Non-Switch
7741.0,0.004355823409004793,Non-Switch
7742.0,0.004355118011413363,Non-Switch
7743.0,0.004355009850449344,Non-Switch
7744.0,0.004355304773823284,Non-Switch
7745.0,0.004355515721293483,Non-Switch
7746.0,0.0043550400817746904,Non-Switch
7747.0,0.004355282940088311,Non-Switch
7748.0,0.0043552658090039486,Non-Switch
7749.0,0.004355281932377467,Non-Switch
775.0,0.004365584096248487,Non-Switch
7750.0,0.0043555728249080276,Non-Switch
7751.0,0.00435570281960702,Non-Switch
7752.0,0.004355317538160653,Non-Switch
7753.0,0.004355553006594745,Non-Switch
7754.0,0.004356008155993024,Non-Switch
7755.0,0.004356042418161751,Non-Switch
7756.0,0.004355689719366036,Non-Switch
7757.0,0.004355325935751027,Non-Switch
7758.0,0.004355437119847581,Non-Switch
7759.0,0.004355798552137285,Non-Switch
776.0,0.00436955380517016,Non-Switch
7760.0,0.004355829455269862,Non-Switch
7761.0,0.004355723645631147,Non-Switch
7762.0,0.004355636646594871,Non-Switch
7763.0,0.004355534531895922,Non-Switch
7764.0,0.00435525237285935,Non-Switch
7765.0,0.004355254724184654,Non-Switch
7766.0,0.004355421668281293,Non-Switch
7767.0,0.004355301414787135,Non-Switch
7768.0,0.00435524363936536,Non-Switch
7769.0,0.004355073672136187,Non-Switch
777.0,0.004370917909750539,Non-Switch
7770.0,0.004355052510208445,Non-Switch
7771.0,0.004355126073100122,Non-Switch
7772.0,0.00435524565478705,Non-Switch
7773.0,0.004354907735750394,Non-Switch
7774.0,0.004355283947799157,Non-Switch
7775.0,0.004355206689967714,Non-Switch
7776.0,0.004355040417678306,Non-Switch
7777.0,0.00435534978490769,Non-Switch
7778.0,0.004355179481774902,Non-Switch
7779.0,0.004355087780088016,Non-Switch
778.0,0.004432771537314071,Non-Switch
7780.0,0.0043550400817746904,Non-Switch
7781.0,0.004355236921293061,Non-Switch
7782.0,0.0043553155227389635,Non-Switch
7783.0,0.004355360533823369,Non-Switch
7784.0,0.004355010522256573,Non-Switch
7785.0,0.004355048479365065,Non-Switch
7786.0,0.004355046128039761,Non-Switch
7787.0,0.004354910422979314,Non-Switch
7788.0,0.004354988016714371,Non-Switch
7789.0,0.004354996414304745,Non-Switch
779.0,0.004438049254912423,Non-Switch
7790.0,0.004354970885630007,Non-Switch
7791.0,0.004354944013340811,Non-Switch
7792.0,0.004354914117919079,Non-Switch
7793.0,0.0043548633964732185,Non-Switch
7794.0,0.004354676298159682,Non-Switch
7795.0,0.004354776061533327,Non-Switch
7796.0,0.004354870786352748,Non-Switch
7797.0,0.004354693093340431,Non-Switch
7798.0,0.004354789497677926,Non-Switch
7799.0,0.0043548633964732185,Non-Switch
78.0,0.004357097827319975,Non-Switch
780.0,0.004432794378759888,Non-Switch
7800.0,0.004354789833581541,Non-Switch
7801.0,0.004354838539605711,Non-Switch
7802.0,0.004354827118882802,Non-Switch
7803.0,0.004354809651894824,Non-Switch
7804.0,0.004354658495268089,Non-Switch
7805.0,0.004354807636473134,Non-Switch
7806.0,0.004354660174786164,Non-Switch
7807.0,0.004354668236472923,Non-Switch
7808.0,0.004354666556954848,Non-Switch
7809.0,0.0043548153622562785,Non-Switch
781.0,0.004537230171689099,Non-Switch
7810.0,0.004354890940569646,Non-Switch
7811.0,0.004354838539605711,Non-Switch
7812.0,0.0043548106596056685,Non-Switch
7813.0,0.004354655808039169,Non-Switch
7814.0,0.00435464640273795,Non-Switch
7815.0,0.0043546406923764954,Non-Switch
7816.0,0.004354758594545349,Non-Switch
7817.0,0.004354765312617648,Non-Switch
7818.0,0.004354758594545349,Non-Switch
7819.0,0.004354684023942826,Non-Switch
782.0,0.004774485613012183,Non-Switch
7820.0,0.004354668908280153,Non-Switch
7821.0,0.0043546453950271055,Non-Switch
7822.0,0.0043552181106906234,Non-Switch
7823.0,0.004355115995991673,Non-Switch
7824.0,0.0043546238971957476,Non-Switch
7825.0,0.004355460633100629,Non-Switch
7826.0,0.004355278573341317,Non-Switch
7827.0,0.004355240952136441,Non-Switch
7828.0,0.004354932256714287,Non-Switch
7829.0,0.004354833165147872,Non-Switch
783.0,0.0048756510483460806,Non-Switch
7830.0,0.0043548633964732185,Non-Switch
7831.0,0.004354869442738288,Non-Switch
7832.0,0.004355505644185034,Non-Switch
7833.0,0.004355460633100629,Non-Switch
7834.0,0.0043554424943054205,Non-Switch
7835.0,0.004354864404184064,Non-Switch
7836.0,0.004354858022015379,Non-Switch
7837.0,0.004354805956955059,Non-Switch
7838.0,0.004354878176232277,Non-Switch
7839.0,0.004354902361292555,Non-Switch
784.0,0.004665142604171928,Non-Switch
7840.0,0.004354978275509537,Non-Switch
7841.0,0.004354760274063424,Non-Switch
7842.0,0.0043546322947861215,Non-Switch
7843.0,0.004354756243220044,Non-Switch
7844.0,0.004354770351171873,Non-Switch
7845.0,0.004354799574786375,Non-Switch
7846.0,0.0043547411275573706,Non-Switch
7847.0,0.004354738440328451,Non-Switch
7848.0,0.004354802933822524,Non-Switch
7849.0,0.004354800246593605,Non-Switch
785.0,0.004559170052204246,Non-Switch
7850.0,0.004354825775268342,Non-Switch
7851.0,0.004354789497677926,Non-Switch
7852.0,0.004354801590208065,Non-Switch
7853.0,0.0043548435781599355,Non-Switch
7854.0,0.00435474918924413,Non-Switch
7855.0,0.004354796887557455,Non-Switch
7856.0,0.004354808980087594,Non-Switch
7857.0,0.004354621209966827,Non-Switch
7858.0,0.004354595345388475,Non-Switch
7859.0,0.0043547757256297125,Non-Switch
786.0,0.004568874979447856,Non-Switch
7860.0,0.004354770687075488,Non-Switch
7861.0,0.004355807957438504,Non-Switch
7862.0,0.004355340043702856,Non-Switch
7863.0,0.004355601712618915,Non-Switch
7864.0,0.004355527813823622,Non-Switch
7865.0,0.004354977603702307,Non-Switch
7866.0,0.0043552396085219805,Non-Switch
7867.0,0.004354937295268511,Non-Switch
7868.0,0.004354914117919079,Non-Switch
7869.0,0.004354689734304281,Non-Switch
787.0,0.004462784861214935,Non-Switch
7870.0,0.0043547098885211785,Non-Switch
7871.0,0.004354725675991082,Non-Switch
7872.0,0.00435469779599104,Non-Switch
7873.0,0.004354705857677799,Non-Switch
7874.0,0.004354617179123448,Non-Switch
7875.0,0.004354675290448837,Non-Switch
7876.0,0.004354639348762036,Non-Switch
7877.0,0.004354674618641608,Non-Switch
7878.0,0.004354609117436689,Non-Switch
7879.0,0.004354536226352241,Non-Switch
788.0,0.004383204928082396,Non-Switch
7880.0,0.004354647410448795,Non-Switch
7881.0,0.004354568137195663,Non-Switch
7882.0,0.00435475389189474,Non-Switch
7883.0,0.00435474918924413,Non-Switch
7884.0,0.004354782107798397,Non-Switch
7885.0,0.004354716606593478,Non-Switch
7886.0,0.004354564106352284,Non-Switch
7887.0,0.004354807972376749,Non-Switch
7888.0,0.004354857014304534,Non-Switch
7889.0,0.004354776733340557,Non-Switch
789.0,0.004399636325215708,Non-Switch
7890.0,0.004355474741052457,Non-Switch
7891.0,0.004355529829245312,Non-Switch
7892.0,0.004355271855269018,Non-Switch
7893.0,0.00435539513189571,Non-Switch
7894.0,0.00435514085285918,Non-Switch
7895.0,0.004354987680810756,Non-Switch
7896.0,0.004354890268762416,Non-Switch
7897.0,0.004354753220087509,Non-Switch
7898.0,0.004354824431653882,Non-Switch
7899.0,0.004354743478882675,Non-Switch
79.0,0.004356422661053893,Non-Switch
790.0,0.004397518117019729,Non-Switch
7900.0,0.004354556716472754,Non-Switch
7901.0,0.004354712911653714,Non-Switch
7902.0,0.004354530851894402,Non-Switch
7903.0,0.004354529508279942,Non-Switch
7904.0,0.004354505995026894,Non-Switch
7905.0,0.0043545348827377815,Non-Switch
7906.0,0.004354521110689568,Non-Switch
7907.0,0.004354518759364263,Non-Switch
7908.0,0.004354558395990829,Non-Switch
7909.0,0.004354947036473345,Non-Switch
791.0,0.0044672980621856245,Non-Switch
7910.0,0.004354542944424541,Non-Switch
7911.0,0.004354719965629627,Non-Switch
7912.0,0.0043547710229791025,Non-Switch
7913.0,0.004354579893822187,Non-Switch
7914.0,0.004354694772858506,Non-Switch
7915.0,0.004354758930448964,Non-Switch
7916.0,0.004354733737677841,Non-Switch
7917.0,0.004355513034064564,Non-Switch
7918.0,0.004354888253340726,Non-Switch
7919.0,0.0043550431049072255,Non-Switch
792.0,0.00440787234595107,Non-Switch
7920.0,0.004354731050448922,Non-Switch
7921.0,0.004354698131894655,Non-Switch
7922.0,0.004354869442738288,Non-Switch
7923.0,0.004355056541051824,Non-Switch
7924.0,0.004354727019605542,Non-Switch
7925.0,0.004354767999846568,Non-Switch
7926.0,0.004354705521774184,Non-Switch
7927.0,0.004354576870689652,Non-Switch
7928.0,0.004354563770448668,Non-Switch
7929.0,0.004354530180087171,Non-Switch
793.0,0.0044072462216127725,Non-Switch
7930.0,0.00435454966249684,Non-Switch
7931.0,0.004354561755026978,Non-Switch
7932.0,0.004354575527075192,Non-Switch
7933.0,0.004354560075508904,Non-Switch
7934.0,0.004354722316954933,Non-Switch
7935.0,0.0043547659844248784,Non-Switch
7936.0,0.004354793528521306,Non-Switch
7937.0,0.004354757922738119,Non-Switch
7938.0,0.004354837195991251,Non-Switch
7939.0,0.004354724332376623,Non-Switch
794.0,0.004501793012117372,Non-Switch
7940.0,0.00435474784562967,Non-Switch
7941.0,0.004354809651894824,Non-Switch
7942.0,0.004354848280810545,Non-Switch
7943.0,0.004354520438882338,Non-Switch
7944.0,0.004354576534786037,Non-Switch
7945.0,0.004354791849003231,Non-Switch
7946.0,0.004354875489003357,Non-Switch
7947.0,0.0043548929559913355,Non-Switch
7948.0,0.004355019255750563,Non-Switch
7949.0,0.00435519762057011,Non-Switch
795.0,0.0046281317361640826,Non-Switch
7950.0,0.00435524968563043,Non-Switch
7951.0,0.004354855670690074,Non-Switch
7952.0,0.004354796887557455,Non-Switch
7953.0,0.004354913782015464,Non-Switch
7954.0,0.004354915125629923,Non-Switch
7955.0,0.004355013209485494,Non-Switch
7956.0,0.004355191910208655,Non-Switch
7957.0,0.004355468358883773,Non-Switch
7958.0,0.004355155632618239,Non-Switch
7959.0,0.004355834829727702,Non-Switch
796.0,0.008015865475269356,Non-Switch
7960.0,0.004355612797438208,Non-Switch
7961.0,0.004355560060570659,Non-Switch
7962.0,0.004355693078402186,Non-Switch
7963.0,0.004355394124184866,Non-Switch
7964.0,0.004356865717922033,Non-Switch
7965.0,0.004355270847558173,Non-Switch
7966.0,0.00435515361719655,Non-Switch
7967.0,0.004355139509244721,Non-Switch
7968.0,0.00435494804418419,Non-Switch
7969.0,0.0043548418986418605,Non-Switch
797.0,0.005542889317308153,Non-Switch
7970.0,0.004357131753585087,Non-Switch
7971.0,0.004436963614428852,Non-Switch
7972.0,0.006174755591999802,Non-Switch
7973.0,0.009792009583982712,Non-Switch
7974.0,0.013645841163793703,Non-Switch
7975.0,0.014265461064490906,Non-Switch
7976.0,0.014136859693693781,Non-Switch
7977.0,0.004555953439187328,Non-Switch
7978.0,0.004447969832276842,Non-Switch
7979.0,0.004436863179247977,Non-Switch
798.0,0.0047385002587408305,Non-Switch
7980.0,0.017750958207117695,Non-Switch
7981.0,0.027697271162900303,Non-Switch
7982.0,0.0044727588472541335,Non-Switch
7983.0,0.004457073492049661,Non-Switch
7984.0,0.004612868947707238,Non-Switch
7985.0,0.0044320201209273906,Non-Switch
7986.0,0.004421049844766202,Non-Switch
7987.0,0.01833088639305601,Non-Switch
7988.0,0.004501766139828174,Non-Switch
7989.0,0.004542583131697204,Non-Switch
799.0,0.004764148515165207,Non-Switch
7990.0,0.004469511331104638,Non-Switch
7991.0,0.004365215945886483,Non-Switch
7992.0,0.004375750555059061,Non-Switch
7993.0,0.004364849475042555,Non-Switch
7994.0,0.004360099462023315,Non-Switch
7995.0,0.004385147794591361,Non-Switch
7996.0,0.004354858693822609,Non-Switch
7997.0,0.004354847609003315,Non-Switch
7998.0,0.004354915461533538,Non-Switch
7999.0,0.004354573847557118,Non-Switch
8.0,0.004354439486111131,Non-Switch
80.0,0.004355486497678981,Non-Switch
800.0,0.0048143237817472005,Non-Switch
8000.0,0.004354826447075572,Non-Switch
8001.0,0.004355051838401214,Non-Switch
8002.0,0.004354586611894486,Non-Switch
8003.0,0.004354705521774184,Non-Switch
8004.0,0.004354795208039381,Non-Switch
8005.0,0.004354579222014957,Non-Switch
8006.0,0.0043547774051477875,Non-Switch
8007.0,0.004354718957918783,Non-Switch
8008.0,0.004354687718882591,Non-Switch
8009.0,0.004354565449966743,Non-Switch
801.0,0.004844672001552188,Non-Switch
8010.0,0.004354560747316134,Non-Switch
8011.0,0.004354516408038958,Non-Switch
8012.0,0.004354486512617226,Non-Switch
8013.0,0.004354521110689568,Non-Switch
8014.0,0.004354469381532863,Non-Switch
8015.0,0.004354473412376243,Non-Switch
8016.0,0.0043544821458702315,Non-Switch
8017.0,0.004354467702014788,Non-Switch
8018.0,0.004354509018159429,Non-Switch
8019.0,0.004354472068761783,Non-Switch
802.0,0.004866848022308656,Non-Switch
8020.0,0.004354465350689484,Non-Switch
8021.0,0.004354465350689484,Non-Switch
8022.0,0.004354428065388222,Non-Switch
8023.0,0.004354430752617142,Non-Switch
8024.0,0.004354425714062918,Non-Switch
8025.0,0.004354445868279815,Non-Switch
8026.0,0.004354405223942404,Non-Switch
8027.0,0.004354406567556864,Non-Switch
8028.0,0.004354452586352114,Non-Switch
8029.0,0.00435445157864127,Non-Switch
803.0,0.004870704531712085,Non-Switch
8030.0,0.004354452586352114,Non-Switch
8031.0,0.004354447883701505,Non-Switch
8032.0,0.004354429744906297,Non-Switch
8033.0,0.004354478450930467,Non-Switch
8034.0,0.004354511705388349,Non-Switch
8035.0,0.004354562090930594,Non-Switch
8036.0,0.004354712239846484,Non-Switch
8037.0,0.004354856342497304,Non-Switch
8038.0,0.004354583252858336,Non-Switch
8039.0,0.004354701490930805,Non-Switch
804.0,0.005166904675293092,Non-Switch
8040.0,0.004354575862978808,Non-Switch
8041.0,0.004354707201292259,Non-Switch
8042.0,0.004354568473099278,Non-Switch
8043.0,0.004354583252858336,Non-Switch
8044.0,0.0043545926581595555,Non-Switch
8045.0,0.004354497261532905,Non-Switch
8046.0,0.0043545399212920055,Non-Switch
8047.0,0.00435444754779789,Non-Switch
8048.0,0.004354417988279773,Non-Switch
8049.0,0.0043544294090026815,Non-Switch
805.0,0.00478922237640799,Non-Switch
8050.0,0.0043544374706894415,Non-Switch
8051.0,0.004354471732858168,Non-Switch
8052.0,0.00435444486056897,Non-Switch
8053.0,0.00435444889141235,Non-Switch
8054.0,0.004354377343942362,Non-Switch
8055.0,0.004354354166592929,Non-Switch
8056.0,0.004354412949725548,Non-Switch
8057.0,0.0043544838253883065,Non-Switch
8058.0,0.004354436462978596,Non-Switch
8059.0,0.0043544210114123075,Non-Switch
806.0,0.004622117046034494,Non-Switch
8060.0,0.004354471396954553,Non-Switch
8061.0,0.004354456617195494,Non-Switch
8062.0,0.004354451914544885,Non-Switch
8063.0,0.00435455033430407,Non-Switch
8064.0,0.004355188551172506,Non-Switch
8065.0,0.004355184520329127,Non-Switch
8066.0,0.004361455169013319,Non-Switch
8067.0,0.004355867748281968,Non-Switch
8068.0,0.0043558039265951245,Non-Switch
8069.0,0.004356196933824635,Non-Switch
807.0,0.005368398810056006,Non-Switch
8070.0,0.004357583543947216,Non-Switch
8071.0,0.004356429043222577,Non-Switch
8072.0,0.004355742120329971,Non-Switch
8073.0,0.004354911766593774,Non-Switch
8074.0,0.004355075351654262,Non-Switch
8075.0,0.004355118011413363,Non-Switch
8076.0,0.0043547757256297125,Non-Switch
8077.0,0.0043550118658710335,Non-Switch
8078.0,0.004354764640810418,Non-Switch
8079.0,0.004354698131894655,Non-Switch
808.0,0.004435049635630773,Non-Switch
8080.0,0.004354518087557033,Non-Switch
8081.0,0.004354499276954595,Non-Switch
8082.0,0.004354579222014957,Non-Switch
8083.0,0.004354582916954721,Non-Switch
8084.0,0.004354556044665525,Non-Switch
8085.0,0.004354802933822524,Non-Switch
8086.0,0.004354734745388686,Non-Switch
8087.0,0.004354763633099574,Non-Switch
8088.0,0.004354782107798397,Non-Switch
8089.0,0.004354760274063424,Non-Switch
809.0,0.004567875330289716,Non-Switch
8090.0,0.004354821072617733,Non-Switch
8091.0,0.00435479856707553,Non-Switch
8092.0,0.0043548153622562785,Non-Switch
8093.0,0.004354733737677841,Non-Switch
8094.0,0.004354570488520968,Non-Switch
8095.0,0.004354757250930889,Non-Switch
8096.0,0.004354575191171577,Non-Switch
8097.0,0.004354571496231812,Non-Switch
8098.0,0.004354529172376327,Non-Switch
8099.0,0.004354562090930594,Non-Switch
81.0,0.004356632936716861,Non-Switch
810.0,0.004510462012612425,Non-Switch
8100.0,0.004354768335750183,Non-Switch
8101.0,0.004354890268762416,Non-Switch
8102.0,0.004354765312617648,Non-Switch
8103.0,0.004354769007557413,Non-Switch
8104.0,0.0043548731376780525,Non-Switch
8105.0,0.004355075351654262,Non-Switch
8106.0,0.004355099200810925,Non-Switch
8107.0,0.004354538913581161,Non-Switch
8108.0,0.004354522118400412,Non-Switch
8109.0,0.0043547955439429955,Non-Switch
811.0,0.004414491662587598,Non-Switch
8110.0,0.0043547774051477875,Non-Switch
8111.0,0.004354576870689652,Non-Switch
8112.0,0.004354714927075403,Non-Switch
8113.0,0.004354712239846484,Non-Switch
8114.0,0.004354880191653967,Non-Switch
8115.0,0.004354866755509368,Non-Switch
8116.0,0.004354913782015464,Non-Switch
8117.0,0.004354986337196296,Non-Switch
8118.0,0.004355024630208403,Non-Switch
8119.0,0.004355092482738626,Non-Switch
812.0,0.004382229463984533,Non-Switch
8120.0,0.004355060235991589,Non-Switch
8121.0,0.00435514421189533,Non-Switch
8122.0,0.004355401514064394,Non-Switch
8123.0,0.004355204674546025,Non-Switch
8124.0,0.004355174107317062,Non-Switch
8125.0,0.004355387406112566,Non-Switch
8126.0,0.004355705170932324,Non-Switch
8127.0,0.004355383375269186,Non-Switch
8128.0,0.0043557743670770074,Non-Switch
8129.0,0.0043557857877999165,Non-Switch
813.0,0.004365571667814733,Non-Switch
8130.0,0.004356233547318666,Non-Switch
8131.0,0.004356108255270284,Non-Switch
8132.0,0.004357088757922371,Non-Switch
8133.0,0.004355918133824213,Non-Switch
8134.0,0.004356397804186385,Non-Switch
8135.0,0.004356632600813246,Non-Switch
8136.0,0.004355888238402481,Non-Switch
8137.0,0.004356688360813331,Non-Switch
8138.0,0.004359283216238946,Non-Switch
8139.0,0.004356319202740483,Non-Switch
814.0,0.004364778599379797,Non-Switch
8140.0,0.004355739433101051,Non-Switch
8141.0,0.004355114988280828,Non-Switch
8142.0,0.004355070984907268,Non-Switch
8143.0,0.0043548748171961275,Non-Switch
8144.0,0.004354807636473134,Non-Switch
8145.0,0.004354747509726055,Non-Switch
8146.0,0.00435459971213547,Non-Switch
8147.0,0.004354612812376453,Non-Switch
8148.0,0.0043545510061113,Non-Switch
8149.0,0.004354499948761825,Non-Switch
815.0,0.004366722809503223,Non-Switch
8150.0,0.004354494574303985,Non-Switch
8151.0,0.0043544539299665746,Non-Switch
8152.0,0.004354483153581077,Non-Switch
8153.0,0.004354485840809996,Non-Switch
8154.0,0.004354443852858126,Non-Switch
8155.0,0.004354456617195494,Non-Switch
8156.0,0.004354409926593014,Non-Switch
8157.0,0.004354395818641185,Non-Switch
8158.0,0.004354445868279815,Non-Switch
8159.0,0.00435444889141235,Non-Switch
816.0,0.0043596688335889285,Non-Switch
8160.0,0.004354448555508735,Non-Switch
8161.0,0.004354489535749761,Non-Switch
8162.0,0.00435479923888276,Non-Switch
8163.0,0.004355311827799199,Non-Switch
8164.0,0.004356887551657006,Non-Switch
8165.0,0.004355308804666664,Non-Switch
8166.0,0.004357895262501905,Non-Switch
8167.0,0.004368521237457753,Non-Switch
8168.0,0.004366623717936808,Non-Switch
8169.0,0.004392087899180183,Non-Switch
817.0,0.0043597944615409254,Non-Switch
8170.0,0.004363375194076468,Non-Switch
8171.0,0.0043637352827517115,Non-Switch
8172.0,0.00438265270253939,Non-Switch
8173.0,0.004384500844228936,Non-Switch
8174.0,0.004382550587840441,Non-Switch
8175.0,0.004385194821097457,Non-Switch
8176.0,0.004363717143956503,Non-Switch
8177.0,0.0043581209897311625,Non-Switch
8178.0,0.00435735109864566,Non-Switch
8179.0,0.0043652418104648365,Non-Switch
818.0,0.0043578354716584415,Non-Switch
8180.0,0.004358379635514687,Non-Switch
8181.0,0.004361753787327025,Non-Switch
8182.0,0.004363872667330233,Non-Switch
8183.0,0.004362705738171839,Non-Switch
8184.0,0.0043564145993671335,Non-Switch
8185.0,0.0043585465796113255,Non-Switch
8186.0,0.004358638281298211,Non-Switch
8187.0,0.004356041410450906,Non-Switch
8188.0,0.004356539555511901,Non-Switch
8189.0,0.00435869975165975,Non-Switch
819.0,0.004356602033584285,Non-Switch
8190.0,0.004358217729972273,Non-Switch
8191.0,0.004356387391174321,Non-Switch
8192.0,0.004355755556474569,Non-Switch
8193.0,0.004355193925630345,Non-Switch
8194.0,0.004355875809968727,Non-Switch
8195.0,0.004355501613341655,Non-Switch
8196.0,0.004355070984907268,Non-Switch
8197.0,0.004354815026352664,Non-Switch
8198.0,0.004354858693822609,Non-Switch
8199.0,0.00435485466297923,Non-Switch
82.0,0.004355608094787599,Non-Switch
820.0,0.0043564807723792814,Non-Switch
8200.0,0.004354689734304281,Non-Switch
8201.0,0.004355510010932029,Non-Switch
8202.0,0.004354870786352748,Non-Switch
8203.0,0.004355143540088101,Non-Switch
8204.0,0.004355879840812107,Non-Switch
8205.0,0.0043569459988860105,Non-Switch
8206.0,0.004357942289008001,Non-Switch
8207.0,0.004360213333348789,Non-Switch
8208.0,0.004358790781539406,Non-Switch
8209.0,0.004368566248542159,Non-Switch
821.0,0.004356540899126361,Non-Switch
8210.0,0.004360572414313188,Non-Switch
8211.0,0.00435675251840379,Non-Switch
8212.0,0.00435634607502968,Non-Switch
8213.0,0.004356213729005383,Non-Switch
8214.0,0.004355689047558806,Non-Switch
8215.0,0.0043577279825016526,Non-Switch
8216.0,0.00435524565478705,Non-Switch
8217.0,0.004355676955028667,Non-Switch
8218.0,0.0043589923237083855,Non-Switch
8219.0,0.004354758930448964,Non-Switch
822.0,0.004355933585390502,Non-Switch
8220.0,0.004354931920810672,Non-Switch
8221.0,0.004366610617695824,Non-Switch
8222.0,0.004356284940571756,Non-Switch
8223.0,0.004355092482738626,Non-Switch
8224.0,0.004354949051895035,Non-Switch
8225.0,0.004355244647076205,Non-Switch
8226.0,0.004354463671171409,Non-Switch
8227.0,0.004354961480328789,Non-Switch
8228.0,0.004354448555508735,Non-Switch
8229.0,0.00435469779599104,Non-Switch
823.0,0.004356712545873609,Non-Switch
8230.0,0.004354368946351988,Non-Switch
8231.0,0.004354657823460859,Non-Switch
8232.0,0.00435444486056897,Non-Switch
8233.0,0.004364959987331879,Non-Switch
8234.0,0.0043835928967576815,Non-Switch
8235.0,0.0055272627452363,Non-Switch
8236.0,0.004688646116014743,Non-Switch
8237.0,0.1288812403146572,Non-Switch
8238.0,0.004862263273867979,Non-Switch
8239.0,0.004659545106332127,Non-Switch
824.0,0.004356266465872933,Non-Switch
8240.0,0.00466477680513523,Non-Switch
8241.0,0.0047002388215744645,Non-Switch
8242.0,0.00471294101677442,Non-Switch
8243.0,0.004796600835214343,Non-Switch
8244.0,0.004769212933968055,Non-Switch
8245.0,0.004534845927830067,Non-Switch
8246.0,0.00448069960871194,Non-Switch
8247.0,0.004383603981576976,Non-Switch
8248.0,0.004373606818188345,Non-Switch
8249.0,0.004361984553110506,Non-Switch
825.0,0.004356241944909041,Non-Switch
8250.0,0.004372069723246258,Non-Switch
8251.0,0.004389856491465961,Non-Switch
8252.0,0.00437920666735345,Non-Switch
8253.0,0.0043650654610669784,Non-Switch
8254.0,0.004362538122267971,Non-Switch
8255.0,0.004361728930459517,Non-Switch
8256.0,0.004364128289981222,Non-Switch
8257.0,0.004361419227326518,Non-Switch
8258.0,0.004359514989733274,Non-Switch
8259.0,0.004363776262992738,Non-Switch
826.0,0.004356137478884786,Non-Switch
8260.0,0.004358880467804602,Non-Switch
8261.0,0.004363145436003831,Non-Switch
8262.0,0.004363371163233088,Non-Switch
8263.0,0.0043645488413071604,Non-Switch
8264.0,0.004364631473596442,Non-Switch
8265.0,0.004369286425892647,Non-Switch
8266.0,0.0043595039049139795,Non-Switch
8267.0,0.0043896361386945425,Non-Switch
8268.0,0.004377060915061045,Non-Switch
8269.0,0.004418565165726296,Non-Switch
827.0,0.004356022263944852,Non-Switch
8270.0,0.004491666861740594,Non-Switch
8271.0,0.004485907794261995,Non-Switch
8272.0,0.0044275361435712045,Non-Switch
8273.0,0.004392190349782748,Non-Switch
8274.0,0.004384670139650879,Non-Switch
8275.0,0.0043628901492564565,Non-Switch
8276.0,0.004368950186374065,Non-Switch
8277.0,0.00443957694455329,Non-Switch
8278.0,0.004447325569143336,Non-Switch
8279.0,0.004373897038911676,Non-Switch
828.0,0.004355984978643592,Non-Switch
8280.0,0.004362088683231146,Non-Switch
8281.0,0.004361595576724376,Non-Switch
8282.0,0.004376044806625771,Non-Switch
8283.0,0.004357414248525274,Non-Switch
8284.0,0.004358441441779841,Non-Switch
8285.0,0.0043585170200932085,Non-Switch
8286.0,0.004359669169492543,Non-Switch
8287.0,0.00436695391119032,Non-Switch
8288.0,0.004357067595994628,Non-Switch
8289.0,0.004363831687089207,Non-Switch
829.0,0.00435574883840227,Non-Switch
8290.0,0.004370597793605476,Non-Switch
8291.0,0.004385784667845337,Non-Switch
8292.0,0.004413900472225257,Non-Switch
8293.0,0.00437765378494146,Non-Switch
8294.0,0.004394488602316347,Non-Switch
8295.0,0.004425161305013392,Non-Switch
8296.0,0.004437778180695145,Non-Switch
8297.0,0.004447115629383982,Non-Switch
8298.0,0.00447770402027367,Non-Switch
8299.0,0.004488228552337797,Non-Switch
83.0,0.004355849273583145,Non-Switch
830.0,0.004355930226354352,Non-Switch
8300.0,0.004507846331162682,Non-Switch
8301.0,0.004368876287578773,Non-Switch
8302.0,0.00449060607812453,Non-Switch
8303.0,0.004444540256368035,Non-Switch
8304.0,0.004478066460274218,Non-Switch
8305.0,0.004382476017237918,Non-Switch
8306.0,0.004495901598614476,Non-Switch
8307.0,0.004428173016825181,Non-Switch
8308.0,0.0046764501275625425,Non-Switch
8309.0,0.004459913893017818,Non-Switch
831.0,0.004356297704909125,Non-Switch
8310.0,0.0044196807016316,Non-Switch
8311.0,0.004423079710311445,Non-Switch
8312.0,0.004394633712678013,Non-Switch
8313.0,0.00439106104182923,Non-Switch
8314.0,0.0044267061257386225,Non-Switch
8315.0,0.004430663070322927,Non-Switch
8316.0,0.004484117092090609,Non-Switch
8317.0,0.004369535666374952,Non-Switch
8318.0,0.0043841192577223345,Non-Switch
8319.0,0.0043845367859157375,Non-Switch
832.0,0.004355898651414545,Non-Switch
8320.0,0.004383031601817073,Non-Switch
8321.0,0.004409811853423886,Non-Switch
8322.0,0.004410859872702581,Non-Switch
8323.0,0.004391651560384341,Non-Switch
8324.0,0.0043806520606086505,Non-Switch
8325.0,0.004370857447099845,Non-Switch
8326.0,0.0043751566774678,Non-Switch
8327.0,0.0043906858374913125,Non-Switch
8328.0,0.004537552639159467,Non-Switch
8329.0,0.00440551598209208,Non-Switch
833.0,0.004355343066835391,Non-Switch
8330.0,0.004465215123869218,Non-Switch
8331.0,0.004539455197234637,Non-Switch
8332.0,0.004679493414314138,Non-Switch
8333.0,0.004466822086763217,Non-Switch
8334.0,0.00441637137921695,Non-Switch
8335.0,0.004421123743561495,Non-Switch
8336.0,0.0043979981232855165,Non-Switch
8337.0,0.004391288448576562,Non-Switch
8338.0,0.004387373156040514,Non-Switch
8339.0,0.00436795960661353,Non-Switch
834.0,0.004355976245149602,Non-Switch
8340.0,0.00440296613775087,Non-Switch
8341.0,0.004413317343549676,Non-Switch
8342.0,0.004400859350277801,Non-Switch
8343.0,0.0044124362683676185,Non-Switch
8344.0,0.004383503210492486,Non-Switch
8345.0,0.0043711483396304054,Non-Switch
8346.0,0.004383141106395552,Non-Switch
8347.0,0.0043617433743149605,Non-Switch
8348.0,0.004380577490006128,Non-Switch
8349.0,0.004416261874638471,Non-Switch
835.0,0.004356022935752083,Non-Switch
8350.0,0.004385175338687789,Non-Switch
8351.0,0.004408150474144262,Non-Switch
8352.0,0.004414038192707394,Non-Switch
8353.0,0.004394616245690035,Non-Switch
8354.0,0.004412482287162869,Non-Switch
8355.0,0.004392324375325119,Non-Switch
8356.0,0.004389482966646118,Non-Switch
8357.0,0.0043875387565226924,Non-Switch
8358.0,0.004373569532887083,Non-Switch
8359.0,0.004366271355044708,Non-Switch
836.0,0.0043558831998482565,Non-Switch
8360.0,0.00437740488036277,Non-Switch
8361.0,0.00436975333191745,Non-Switch
8362.0,0.0043657238321523125,Non-Switch
8363.0,0.0043674812798658175,Non-Switch
8364.0,0.004365921007574298,Non-Switch
8365.0,0.004368600510710885,Non-Switch
8366.0,0.004366624053840423,Non-Switch
8367.0,0.004364335206608042,Non-Switch
8368.0,0.004367109098660434,Non-Switch
8369.0,0.0043619576808213096,Non-Switch
837.0,0.0043561767796077375,Non-Switch
8370.0,0.004363324472630607,Non-Switch
8371.0,0.004362029900098527,Non-Switch
8372.0,0.00436389550877605,Non-Switch
8373.0,0.0043643886152828215,Non-Switch
8374.0,0.00436530428853722,Non-Switch
8375.0,0.004362884102991387,Non-Switch
8376.0,0.0043628458099792804,Non-Switch
8377.0,0.00436415717769211,Non-Switch
8378.0,0.004375514078914124,Non-Switch
8379.0,0.004371622971438353,Non-Switch
838.0,0.004356312484668183,Non-Switch
8380.0,0.0043648572008257,Non-Switch
8381.0,0.004360430662987672,Non-Switch
8382.0,0.004358995010937306,Non-Switch
8383.0,0.004361777300580072,Non-Switch
8384.0,0.004365442344922971,Non-Switch
8385.0,0.0043687916398678014,Non-Switch
8386.0,0.004362732946364652,Non-Switch
8387.0,0.004359476024913937,Non-Switch
8388.0,0.004359038006600021,Non-Switch
8389.0,0.00435914885479296,Non-Switch
839.0,0.004355952731896554,Non-Switch
8390.0,0.004363401394558435,Non-Switch
8391.0,0.004362910303473354,Non-Switch
8392.0,0.004362524686123373,Non-Switch
8393.0,0.004361381606121642,Non-Switch
8394.0,0.004360181422505367,Non-Switch
8395.0,0.004369467813844729,Non-Switch
8396.0,0.0043831142341063545,Non-Switch
8397.0,0.004416460729578531,Non-Switch
8398.0,0.0044351920587635185,Non-Switch
8399.0,0.0044222537233222425,Non-Switch
84.0,0.004355889246113326,Non-Switch
840.0,0.00435564672370332,Non-Switch
8400.0,0.004555845950030538,Non-Switch
8401.0,0.004457982783135376,Non-Switch
8402.0,0.0048102821894519246,Non-Switch
8403.0,0.004648030666314694,Non-Switch
8404.0,0.004562753471968708,Non-Switch
8405.0,0.004795577672803155,Non-Switch
8406.0,0.00576321656005139,Non-Switch
8407.0,0.005136997832838172,Non-Switch
8408.0,0.005124480384626448,Non-Switch
8409.0,0.005230950409847895,Non-Switch
841.0,0.004357955389248985,Non-Switch
8410.0,0.004576458339459338,Non-Switch
8411.0,0.004516775321055719,Non-Switch
8412.0,0.0052351082247939495,Non-Switch
8413.0,0.005611947741509101,Non-Switch
8414.0,0.0054207853301353245,Non-Switch
8415.0,0.005273092877381582,Non-Switch
8416.0,0.00537430231608904,Non-Switch
8417.0,0.005631579292382199,Non-Switch
8418.0,0.005143231868028333,Non-Switch
8419.0,0.005465810186589038,Non-Switch
842.0,0.0043558979796073155,Non-Switch
8420.0,0.005954778360823362,Non-Switch
8421.0,0.005279392077873047,Non-Switch
8422.0,0.0052139318531956216,Non-Switch
8423.0,0.005236736685519307,Non-Switch
8424.0,0.004853171706625298,Non-Switch
8425.0,0.004879546522568846,Non-Switch
8426.0,0.004903343614171143,Non-Switch
8427.0,0.005165700460833437,Non-Switch
8428.0,0.004928341225293328,Non-Switch
8429.0,0.0044862662034191635,Non-Switch
843.0,0.004355584917438166,Non-Switch
8430.0,0.004500914960067849,Non-Switch
8431.0,0.004408994935832288,Non-Switch
8432.0,0.004685345862997698,Non-Switch
8433.0,0.004493671534514713,Non-Switch
8434.0,0.004426355106460982,Non-Switch
8435.0,0.004417415703555881,Non-Switch
8436.0,0.004442809009136498,Non-Switch
8437.0,0.004373987732887717,Non-Switch
8438.0,0.004372378082764797,Non-Switch
8439.0,0.004367226664925673,Non-Switch
844.0,0.0043563071102103446,Non-Switch
8440.0,0.004368329100589993,Non-Switch
8441.0,0.004359586201299647,Non-Switch
8442.0,0.004363126961305007,Non-Switch
8443.0,0.00436354919214902,Non-Switch
8444.0,0.004385603279893255,Non-Switch
8445.0,0.004363195821546075,Non-Switch
8446.0,0.004367522931914073,Non-Switch
8447.0,0.004362911647087814,Non-Switch
8448.0,0.004368371760349093,Non-Switch
8449.0,0.004363820602269913,Non-Switch
845.0,0.004356634616234936,Non-Switch
8450.0,0.00436285118443712,Non-Switch
8451.0,0.00436775268998671,Non-Switch
8452.0,0.00436564657432087,Non-Switch
8453.0,0.004364722167572483,Non-Switch
8454.0,0.004362740336244181,Non-Switch
8455.0,0.004363117220100173,Non-Switch
8456.0,0.004434187706954769,Non-Switch
8457.0,0.005366441499691597,Non-Switch
8458.0,0.005087574318546471,Non-Switch
8459.0,0.005129087638609327,Non-Switch
846.0,0.0043555614041851185,Non-Switch
8460.0,0.0053951615946748405,Non-Switch
8461.0,0.005296044835488623,Non-Switch
8462.0,0.005263519624355039,Non-Switch
8463.0,0.005736511550854329,Non-Switch
8464.0,0.00563736288082469,Non-Switch
8465.0,0.004357014523223464,Non-Switch
8466.0,0.004358368886599008,Non-Switch
8467.0,0.004358470665394343,Non-Switch
8468.0,0.0043586490302138904,Non-Switch
8469.0,0.004357833456236752,Non-Switch
847.0,0.004355429729968052,Non-Switch
8470.0,0.004358065229731078,Non-Switch
8471.0,0.004357712530935364,Non-Switch
8472.0,0.004357897277923595,Non-Switch
8473.0,0.004358832433587661,Non-Switch
8474.0,0.0043583470528640355,Non-Switch
8475.0,0.004358518699611283,Non-Switch
8476.0,0.004359456542504269,Non-Switch
8477.0,0.004360302347806755,Non-Switch
8478.0,0.004359105187323014,Non-Switch
8479.0,0.004359687644191366,Non-Switch
848.0,0.004355835501534931,Non-Switch
8480.0,0.0043623547188942,Non-Switch
8481.0,0.004359831410938572,Non-Switch
8482.0,0.004361963055279148,Non-Switch
8483.0,0.004361716502025764,Non-Switch
8484.0,0.0043597067906974195,Non-Switch
8485.0,0.004358892896238356,Non-Switch
8486.0,0.004358058847562394,Non-Switch
8487.0,0.004358676574310318,Non-Switch
8488.0,0.004357570107802618,Non-Switch
8489.0,0.004357877123706697,Non-Switch
849.0,0.004355321569004033,Non-Switch
8490.0,0.004356302743463349,Non-Switch
8491.0,0.0043558502812939895,Non-Switch
8492.0,0.004355323584425723,Non-Switch
8493.0,0.004355928210932662,Non-Switch
8494.0,0.004355705170932324,Non-Switch
8495.0,0.004355710881293779,Non-Switch
8496.0,0.004355327615269102,Non-Switch
8497.0,0.004355928210932662,Non-Switch
8498.0,0.0043560860856316965,Non-Switch
8499.0,0.004356332638885081,Non-Switch
85.0,0.004355986658161666,Non-Switch
850.0,0.004357159633585129,Non-Switch
8500.0,0.00435644818972863,Non-Switch
8501.0,0.004356568779126403,Non-Switch
8502.0,0.004356357831656204,Non-Switch
8503.0,0.004355758243703489,Non-Switch
8504.0,0.0043558452427397655,Non-Switch
8505.0,0.004355599025389995,Non-Switch
8506.0,0.00435574749478781,Non-Switch
8507.0,0.004356345067318836,Non-Switch
8508.0,0.004355957098643549,Non-Switch
8509.0,0.004355866404667509,Non-Switch
851.0,0.00435754928177849,Non-Switch
8510.0,0.004355840875992771,Non-Switch
8511.0,0.0043557461511733505,Non-Switch
8512.0,0.004355580886594787,Non-Switch
8513.0,0.004355060907798819,Non-Switch
8514.0,0.00435514286828087,Non-Switch
8515.0,0.004355141860570026,Non-Switch
8516.0,0.004354787818159851,Non-Switch
8517.0,0.004354891612376875,Non-Switch
8518.0,0.004355408903943924,Non-Switch
8519.0,0.004355056876955439,Non-Switch
852.0,0.004359717203709483,Non-Switch
8520.0,0.004354862052858758,Non-Switch
8521.0,0.004354980290931227,Non-Switch
8522.0,0.004355779069727617,Non-Switch
8523.0,0.004355162686594153,Non-Switch
8524.0,0.004355186535750817,Non-Switch
8525.0,0.004355289322256996,Non-Switch
8526.0,0.004355013209485494,Non-Switch
8527.0,0.004355019591654178,Non-Switch
8528.0,0.004354805621051444,Non-Switch
8529.0,0.0043548402191237855,Non-Switch
853.0,0.004357794491417415,Non-Switch
8530.0,0.004354791849003231,Non-Switch
8531.0,0.0043544804663521565,Non-Switch
8532.0,0.004354428065388222,Non-Switch
8533.0,0.004354408582978554,Non-Switch
8534.0,0.004354390780086961,Non-Switch
8535.0,0.004354354166592929,Non-Switch
8536.0,0.0043543632359905335,Non-Switch
8537.0,0.004354352151171239,Non-Switch
8538.0,0.004354340730448331,Non-Switch
8539.0,0.004354340730448331,Non-Switch
854.0,0.0043572033010550746,Non-Switch
8540.0,0.00435434408948448,Non-Switch
8541.0,0.004354357189725464,Non-Switch
8542.0,0.004354352151171239,Non-Switch
8543.0,0.00435435282297847,Non-Switch
8544.0,0.004354427729484607,Non-Switch
8545.0,0.004354413621532778,Non-Switch
8546.0,0.00435439548273757,Non-Switch
8547.0,0.004354366930930298,Non-Switch
8548.0,0.004354428737195452,Non-Switch
8549.0,0.004354438478400286,Non-Switch
855.0,0.004358637609490981,Non-Switch
8550.0,0.004354427057677377,Non-Switch
8551.0,0.004354429073099067,Non-Switch
8552.0,0.004354409926593014,Non-Switch
8553.0,0.004354378351653207,Non-Switch
8554.0,0.004354387085147196,Non-Switch
8555.0,0.004354402536713485,Non-Switch
8556.0,0.00435439346731588,Non-Switch
8557.0,0.004354392123701421,Non-Switch
8558.0,0.004354423698641228,Non-Switch
8559.0,0.004354425042255687,Non-Switch
856.0,0.004355451563703025,Non-Switch
8560.0,0.004354415636954468,Non-Switch
8561.0,0.004354347784424245,Non-Switch
8562.0,0.0043543518152676245,Non-Switch
8563.0,0.0043543518152676245,Non-Switch
8564.0,0.004354358197436309,Non-Switch
8565.0,0.004354385405629121,Non-Switch
8566.0,0.004354365923219453,Non-Switch
8567.0,0.004354387421050811,Non-Switch
8568.0,0.004354395146833955,Non-Switch
8569.0,0.004354358869243539,Non-Switch
857.0,0.004356231195993362,Non-Switch
8570.0,0.004354362900086919,Non-Switch
8571.0,0.004354365923219453,Non-Switch
8572.0,0.004354392795508651,Non-Switch
8573.0,0.004354372305388138,Non-Switch
8574.0,0.004354343081773636,Non-Switch
8575.0,0.004354358533339924,Non-Switch
8576.0,0.004354353830689314,Non-Switch
8577.0,0.00435434946394232,Non-Switch
8578.0,0.004354833836955101,Non-Switch
8579.0,0.004355216767076163,Non-Switch
858.0,0.004358927158407082,Non-Switch
8580.0,0.0043562956894874355,Non-Switch
8581.0,0.004356225485631907,Non-Switch
8582.0,0.004355392108763176,Non-Switch
8583.0,0.004356114637438968,Non-Switch
8584.0,0.004356353129005595,Non-Switch
8585.0,0.004355603056233374,Non-Switch
8586.0,0.004356594643704755,Non-Switch
8587.0,0.00435524363936536,Non-Switch
8588.0,0.004354360548761614,Non-Switch
8589.0,0.004354352151171239,Non-Switch
859.0,0.004368725466855653,Non-Switch
8590.0,0.004354351143460395,Non-Switch
8591.0,0.004354362228279688,Non-Switch
8592.0,0.004354356853821849,Non-Switch
8593.0,0.004354347784424245,Non-Switch
8594.0,0.004354342409966405,Non-Switch
8595.0,0.004354339050930256,Non-Switch
8596.0,0.004354342409966405,Non-Switch
8597.0,0.004354333340568802,Non-Switch
8598.0,0.004354337371412181,Non-Switch
8599.0,0.004354352151171239,Non-Switch
86.0,0.004356471367078063,Non-Switch
860.0,0.0043651608576936295,Non-Switch
8600.0,0.004354343081773636,Non-Switch
8601.0,0.00435434543309894,Non-Switch
8602.0,0.004354339722737486,Non-Switch
8603.0,0.004354334348279646,Non-Switch
8604.0,0.004354337371412181,Non-Switch
8605.0,0.004354335020086877,Non-Switch
8606.0,0.004354337371412181,Non-Switch
8607.0,0.004354344425388095,Non-Switch
8608.0,0.004354351143460395,Non-Switch
8609.0,0.0043543534947856994,Non-Switch
861.0,0.0044509452664982145,Non-Switch
8610.0,0.004354373649002597,Non-Switch
8611.0,0.004354332668761571,Non-Switch
8612.0,0.004354332668761571,Non-Switch
8613.0,0.004354332668761571,Non-Switch
8614.0,0.004354335020086877,Non-Switch
8615.0,0.004354333340568802,Non-Switch
8616.0,0.004354332668761571,Non-Switch
8617.0,0.004354333340568802,Non-Switch
8618.0,0.004354337371412181,Non-Switch
8619.0,0.004354332668761571,Non-Switch
862.0,0.004355098529003695,Non-Switch
8620.0,0.004354332668761571,Non-Switch
8621.0,0.004354332668761571,Non-Switch
8622.0,0.004354338043219411,Non-Switch
8623.0,0.004354340730448331,Non-Switch
8624.0,0.004354335691894106,Non-Switch
8625.0,0.004354337371412181,Non-Switch
8626.0,0.004354335691894106,Non-Switch
8627.0,0.004354337371412181,Non-Switch
8628.0,0.00435434543309894,Non-Switch
8629.0,0.004354340730448331,Non-Switch
863.0,0.004368478241795037,Non-Switch
8630.0,0.004354337371412181,Non-Switch
8631.0,0.004354337371412181,Non-Switch
8632.0,0.004354339722737486,Non-Switch
8633.0,0.00435434543309894,Non-Switch
8634.0,0.004354347784424245,Non-Switch
8635.0,0.0043543484562314745,Non-Switch
8636.0,0.004354342409966405,Non-Switch
8637.0,0.004354358533339924,Non-Switch
8638.0,0.004354372977195368,Non-Switch
8639.0,0.004354371297677293,Non-Switch
864.0,0.0043574213025011875,Non-Switch
8640.0,0.004354349128038705,Non-Switch
8641.0,0.004354357525629079,Non-Switch
8642.0,0.004354355174303774,Non-Switch
8643.0,0.0043543534947856994,Non-Switch
8644.0,0.0043543615564724586,Non-Switch
8645.0,0.004354381710689356,Non-Switch
8646.0,0.004354352151171239,Non-Switch
8647.0,0.004354358533339924,Non-Switch
8648.0,0.0043543534947856994,Non-Switch
8649.0,0.004354351143460395,Non-Switch
865.0,0.004576049544759923,Non-Switch
8650.0,0.00435434543309894,Non-Switch
8651.0,0.004354347112617015,Non-Switch
8652.0,0.00435434610490617,Non-Switch
8653.0,0.0043543484562314745,Non-Switch
8654.0,0.004354339722737486,Non-Switch
8655.0,0.004354347112617015,Non-Switch
8656.0,0.004354339050930256,Non-Switch
8657.0,0.004354343081773636,Non-Switch
8658.0,0.004354336363701336,Non-Switch
8659.0,0.004354340730448331,Non-Switch
866.0,0.005115926934974943,Non-Switch
8660.0,0.004354338043219411,Non-Switch
8661.0,0.004354335691894106,Non-Switch
8662.0,0.004354339050930256,Non-Switch
8663.0,0.0043543501357495495,Non-Switch
8664.0,0.004354340730448331,Non-Switch
8665.0,0.004354338043219411,Non-Switch
8666.0,0.004354339050930256,Non-Switch
8667.0,0.004354338043219411,Non-Switch
8668.0,0.004354343753580865,Non-Switch
8669.0,0.004354342409966405,Non-Switch
867.0,0.004619127503861293,Non-Switch
8670.0,0.004354339050930256,Non-Switch
8671.0,0.004354336363701336,Non-Switch
8672.0,0.004354335691894106,Non-Switch
8673.0,0.004354335020086877,Non-Switch
8674.0,0.004354335020086877,Non-Switch
8675.0,0.004354334348279646,Non-Switch
8676.0,0.004354333340568802,Non-Switch
8677.0,0.004354334348279646,Non-Switch
8678.0,0.004354334348279646,Non-Switch
8679.0,0.004354334348279646,Non-Switch
868.0,0.0048200220506714915,Non-Switch
8680.0,0.004354335020086877,Non-Switch
8681.0,0.004354333340568802,Non-Switch
8682.0,0.004354333340568802,Non-Switch
8683.0,0.004354334348279646,Non-Switch
8684.0,0.004354332668761571,Non-Switch
8685.0,0.004354333340568802,Non-Switch
8686.0,0.004354333340568802,Non-Switch
8687.0,0.004354332668761571,Non-Switch
8688.0,0.004354333340568802,Non-Switch
8689.0,0.004354332668761571,Non-Switch
869.0,0.0048873811384843235,Non-Switch
8690.0,0.004354332668761571,Non-Switch
8691.0,0.004354332668761571,Non-Switch
8692.0,0.004354332668761571,Non-Switch
8693.0,0.004354332668761571,Non-Switch
8694.0,0.004354332668761571,Non-Switch
8695.0,0.004354332668761571,Non-Switch
8696.0,0.004354332668761571,Non-Switch
8697.0,0.004354332668761571,Non-Switch
8698.0,0.004354332668761571,Non-Switch
8699.0,0.004354332668761571,Non-Switch
87.0,0.004357005789729474,Non-Switch
870.0,0.004744686595617667,Non-Switch
8700.0,0.004354332668761571,Non-Switch
8701.0,0.004354332668761571,Non-Switch
8702.0,0.004354332668761571,Non-Switch
8703.0,0.004354332668761571,Non-Switch
8704.0,0.004354332668761571,Non-Switch
8705.0,0.004354332668761571,Non-Switch
8706.0,0.004354332668761571,Non-Switch
8707.0,0.004354332668761571,Non-Switch
8708.0,0.004354332668761571,Non-Switch
8709.0,0.004354332668761571,Non-Switch
871.0,0.0044783516424433244,Non-Switch
8710.0,0.004354332668761571,Non-Switch
8711.0,0.004354332668761571,Non-Switch
8712.0,0.004354332668761571,Non-Switch
8713.0,0.004354332668761571,Non-Switch
8714.0,0.004354332668761571,Non-Switch
8715.0,0.004354332668761571,Non-Switch
8716.0,0.004354332668761571,Non-Switch
8717.0,0.004354333340568802,Non-Switch
8718.0,0.004354334348279646,Non-Switch
8719.0,0.004354332668761571,Non-Switch
872.0,0.004403715874619475,Non-Switch
8720.0,0.004354332668761571,Non-Switch
8721.0,0.004354332668761571,Non-Switch
8722.0,0.004354333340568802,Non-Switch
8723.0,0.004354332668761571,Non-Switch
8724.0,0.004354332668761571,Non-Switch
8725.0,0.004354333340568802,Non-Switch
8726.0,0.004354333340568802,Non-Switch
8727.0,0.004354333340568802,Non-Switch
8728.0,0.004354334348279646,Non-Switch
8729.0,0.004354333340568802,Non-Switch
873.0,0.004410865583064035,Non-Switch
8730.0,0.004354332668761571,Non-Switch
8731.0,0.004354333340568802,Non-Switch
8732.0,0.004354332668761571,Non-Switch
8733.0,0.004354333340568802,Non-Switch
8734.0,0.004354333340568802,Non-Switch
8735.0,0.004354333340568802,Non-Switch
8736.0,0.004354333340568802,Non-Switch
8737.0,0.004354333340568802,Non-Switch
8738.0,0.004354333340568802,Non-Switch
8739.0,0.004354333340568802,Non-Switch
874.0,0.004385039633627342,Non-Switch
8740.0,0.004354333340568802,Non-Switch
8741.0,0.004354333340568802,Non-Switch
8742.0,0.004354333340568802,Non-Switch
8743.0,0.004354333340568802,Non-Switch
8744.0,0.004354333340568802,Non-Switch
8745.0,0.004354333340568802,Non-Switch
8746.0,0.004354333340568802,Non-Switch
8747.0,0.004354333340568802,Non-Switch
8748.0,0.004354332668761571,Non-Switch
8749.0,0.004354333340568802,Non-Switch
875.0,0.004372272609029698,Non-Switch
8750.0,0.004354332668761571,Non-Switch
8751.0,0.004354332668761571,Non-Switch
8752.0,0.004354333340568802,Non-Switch
8753.0,0.004354333340568802,Non-Switch
8754.0,0.004354335691894106,Non-Switch
8755.0,0.004354334348279646,Non-Switch
8756.0,0.004354334348279646,Non-Switch
8757.0,0.004354332668761571,Non-Switch
8758.0,0.004354332668761571,Non-Switch
8759.0,0.004354332668761571,Non-Switch
876.0,0.004361141435036941,Non-Switch
8760.0,0.004354332668761571,Non-Switch
8761.0,0.004354332668761571,Non-Switch
8762.0,0.004354332668761571,Non-Switch
8763.0,0.004354333340568802,Non-Switch
8764.0,0.004354332668761571,Non-Switch
8765.0,0.004354332668761571,Non-Switch
8766.0,0.004354332668761571,Non-Switch
8767.0,0.004354332668761571,Non-Switch
8768.0,0.004354332668761571,Non-Switch
8769.0,0.004354333340568802,Non-Switch
877.0,0.0043653969979349505,Non-Switch
8770.0,0.004354332668761571,Non-Switch
8771.0,0.004354333340568802,Non-Switch
8772.0,0.004354334348279646,Non-Switch
8773.0,0.004354332668761571,Non-Switch
8774.0,0.004354334348279646,Non-Switch
8775.0,0.004354332668761571,Non-Switch
8776.0,0.004354332668761571,Non-Switch
8777.0,0.004354332668761571,Non-Switch
8778.0,0.004354332668761571,Non-Switch
8779.0,0.004354333340568802,Non-Switch
878.0,0.004375626270721523,Non-Switch
8780.0,0.004354332668761571,Non-Switch
8781.0,0.004354334348279646,Non-Switch
8782.0,0.004354332668761571,Non-Switch
8783.0,0.004354333340568802,Non-Switch
8784.0,0.004354332668761571,Non-Switch
8785.0,0.004354333340568802,Non-Switch
8786.0,0.004354333340568802,Non-Switch
8787.0,0.004354333340568802,Non-Switch
8788.0,0.004354333340568802,Non-Switch
8789.0,0.004354334348279646,Non-Switch
879.0,0.0043792708249439085,Non-Switch
8790.0,0.004354333340568802,Non-Switch
8791.0,0.004354333340568802,Non-Switch
8792.0,0.004354334348279646,Non-Switch
8793.0,0.004354333340568802,Non-Switch
8794.0,0.004354338043219411,Non-Switch
8795.0,0.004354334348279646,Non-Switch
8796.0,0.004354338043219411,Non-Switch
8797.0,0.004354338043219411,Non-Switch
8798.0,0.004354339050930256,Non-Switch
8799.0,0.004354334348279646,Non-Switch
88.0,0.0043564770774395176,Non-Switch
880.0,0.0043791801309678675,Non-Switch
8800.0,0.004354335691894106,Non-Switch
8801.0,0.004354333340568802,Non-Switch
8802.0,0.004354334348279646,Non-Switch
8803.0,0.004354334348279646,Non-Switch
8804.0,0.004354334348279646,Non-Switch
8805.0,0.004354333340568802,Non-Switch
8806.0,0.004354333340568802,Non-Switch
8807.0,0.004354334348279646,Non-Switch
8808.0,0.004354333340568802,Non-Switch
8809.0,0.004354332668761571,Non-Switch
881.0,0.004397039118464788,Non-Switch
8810.0,0.004354332668761571,Non-Switch
8811.0,0.004354332668761571,Non-Switch
8812.0,0.004354332668761571,Non-Switch
8813.0,0.004354332668761571,Non-Switch
8814.0,0.004354332668761571,Non-Switch
8815.0,0.004354332668761571,Non-Switch
8816.0,0.004354332668761571,Non-Switch
8817.0,0.004354332668761571,Non-Switch
8818.0,0.004354333340568802,Non-Switch
8819.0,0.004354332668761571,Non-Switch
882.0,0.004372115070234279,Non-Switch
8820.0,0.004354332668761571,Non-Switch
8821.0,0.004354332668761571,Non-Switch
8822.0,0.004354333340568802,Non-Switch
8823.0,0.004354332668761571,Non-Switch
8824.0,0.004354333340568802,Non-Switch
8825.0,0.004354335020086877,Non-Switch
8826.0,0.004354335020086877,Non-Switch
8827.0,0.004354335691894106,Non-Switch
8828.0,0.004354335691894106,Non-Switch
8829.0,0.004354335691894106,Non-Switch
883.0,0.004428301332006098,Non-Switch
8830.0,0.004354335691894106,Non-Switch
8831.0,0.004354335020086877,Non-Switch
8832.0,0.004354335691894106,Non-Switch
8833.0,0.004354332668761571,Non-Switch
8834.0,0.004354333340568802,Non-Switch
8835.0,0.004354333340568802,Non-Switch
8836.0,0.004354333340568802,Non-Switch
8837.0,0.004354333340568802,Non-Switch
8838.0,0.004354332668761571,Non-Switch
8839.0,0.004354332668761571,Non-Switch
884.0,0.004598553407444599,Non-Switch
8840.0,0.004354332668761571,Non-Switch
8841.0,0.004354332668761571,Non-Switch
8842.0,0.004354337371412181,Non-Switch
8843.0,0.004354332668761571,Non-Switch
8844.0,0.004354332668761571,Non-Switch
8845.0,0.004354339050930256,Non-Switch
8846.0,0.004354337371412181,Non-Switch
8847.0,0.004354335691894106,Non-Switch
8848.0,0.004354338043219411,Non-Switch
8849.0,0.004354339050930256,Non-Switch
885.0,0.004388758086645021,Non-Switch
8850.0,0.004354343081773636,Non-Switch
8851.0,0.004354332668761571,Non-Switch
8852.0,0.004354332668761571,Non-Switch
8853.0,0.004354334348279646,Non-Switch
8854.0,0.004354334348279646,Non-Switch
8855.0,0.004354332668761571,Non-Switch
8856.0,0.004354335691894106,Non-Switch
8857.0,0.004354333340568802,Non-Switch
8858.0,0.004354332668761571,Non-Switch
8859.0,0.004354332668761571,Non-Switch
886.0,0.004387179003751063,Non-Switch
8860.0,0.004354333340568802,Non-Switch
8861.0,0.004354334348279646,Non-Switch
8862.0,0.004354332668761571,Non-Switch
8863.0,0.004354332668761571,Non-Switch
8864.0,0.004354332668761571,Non-Switch
8865.0,0.004354332668761571,Non-Switch
8866.0,0.004354332668761571,Non-Switch
8867.0,0.004354333340568802,Non-Switch
8868.0,0.004354332668761571,Non-Switch
8869.0,0.004354332668761571,Non-Switch
887.0,0.004385241847603552,Non-Switch
8870.0,0.004354332668761571,Non-Switch
8871.0,0.004354332668761571,Non-Switch
8872.0,0.004354332668761571,Non-Switch
8873.0,0.004354332668761571,Non-Switch
8874.0,0.004354332668761571,Non-Switch
8875.0,0.004354332668761571,Non-Switch
8876.0,0.004354332668761571,Non-Switch
8877.0,0.004354332668761571,Non-Switch
8878.0,0.004354333340568802,Non-Switch
8879.0,0.004354332668761571,Non-Switch
888.0,0.004382593247599541,Non-Switch
8880.0,0.004354332668761571,Non-Switch
8881.0,0.004354332668761571,Non-Switch
8882.0,0.004354333340568802,Non-Switch
8883.0,0.004354334348279646,Non-Switch
8884.0,0.004354332668761571,Non-Switch
8885.0,0.004354332668761571,Non-Switch
8886.0,0.004354332668761571,Non-Switch
8887.0,0.004354332668761571,Non-Switch
8888.0,0.004354332668761571,Non-Switch
8889.0,0.004354333340568802,Non-Switch
889.0,0.004379806255306165,Non-Switch
8890.0,0.004354332668761571,Non-Switch
8891.0,0.004354334348279646,Non-Switch
8892.0,0.004354334348279646,Non-Switch
8893.0,0.004354332668761571,Non-Switch
8894.0,0.004354332668761571,Non-Switch
8895.0,0.004354332668761571,Non-Switch
8896.0,0.004354333340568802,Non-Switch
8897.0,0.004354333340568802,Non-Switch
8898.0,0.004354332668761571,Non-Switch
8899.0,0.004354332668761571,Non-Switch
89.0,0.004357017210452383,Non-Switch
890.0,0.004368457751674525,Non-Switch
8900.0,0.004354332668761571,Non-Switch
8901.0,0.004354332668761571,Non-Switch
8902.0,0.004354332668761571,Non-Switch
8903.0,0.004354332668761571,Non-Switch
8904.0,0.004354332668761571,Non-Switch
8905.0,0.004354332668761571,Non-Switch
8906.0,0.004354332668761571,Non-Switch
8907.0,0.004354332668761571,Non-Switch
8908.0,0.004354332668761571,Non-Switch
8909.0,0.004354332668761571,Non-Switch
891.0,0.00435944713720305,Non-Switch
8910.0,0.004354332668761571,Non-Switch
8911.0,0.004354332668761571,Non-Switch
8912.0,0.004354332668761571,Non-Switch
8913.0,0.004354332668761571,Non-Switch
8914.0,0.004354332668761571,Non-Switch
8915.0,0.004354333340568802,Non-Switch
8916.0,0.004354332668761571,Non-Switch
8917.0,0.004354332668761571,Non-Switch
8918.0,0.004354332668761571,Non-Switch
8919.0,0.004354332668761571,Non-Switch
892.0,0.004362415517448508,Non-Switch
8920.0,0.004354332668761571,Non-Switch
8921.0,0.004354332668761571,Non-Switch
8922.0,0.004354332668761571,Non-Switch
8923.0,0.004354332668761571,Non-Switch
8924.0,0.004354332668761571,Non-Switch
8925.0,0.004354332668761571,Non-Switch
8926.0,0.004354332668761571,Non-Switch
8927.0,0.004354332668761571,Non-Switch
8928.0,0.004354332668761571,Non-Switch
8929.0,0.004354332668761571,Non-Switch
893.0,0.004357656435031664,Non-Switch
8930.0,0.004354332668761571,Non-Switch
8931.0,0.004354332668761571,Non-Switch
8932.0,0.004354335020086877,Non-Switch
8933.0,0.004354332668761571,Non-Switch
8934.0,0.004354338715026641,Non-Switch
8935.0,0.004354333340568802,Non-Switch
8936.0,0.004354333340568802,Non-Switch
8937.0,0.004354332668761571,Non-Switch
8938.0,0.004354332668761571,Non-Switch
8939.0,0.004354332668761571,Non-Switch
894.0,0.004356875459126867,Non-Switch
8940.0,0.004354332668761571,Non-Switch
8941.0,0.004354332668761571,Non-Switch
8942.0,0.004354332668761571,Non-Switch
8943.0,0.004354332668761571,Non-Switch
8944.0,0.004354332668761571,Non-Switch
8945.0,0.004354332668761571,Non-Switch
8946.0,0.004354333340568802,Non-Switch
8947.0,0.004354334348279646,Non-Switch
8948.0,0.004354333340568802,Non-Switch
8949.0,0.004354332668761571,Non-Switch
895.0,0.00435594903695679,Non-Switch
8950.0,0.004354336363701336,Non-Switch
8951.0,0.004354332668761571,Non-Switch
8952.0,0.004354332668761571,Non-Switch
8953.0,0.004354332668761571,Non-Switch
8954.0,0.004354334348279646,Non-Switch
8955.0,0.004354333340568802,Non-Switch
8956.0,0.004354334012376031,Non-Switch
8957.0,0.004354335020086877,Non-Switch
8958.0,0.004354335020086877,Non-Switch
8959.0,0.004354335020086877,Non-Switch
896.0,0.004356047456715975,Non-Switch
8960.0,0.004354338715026641,Non-Switch
8961.0,0.004354347112617015,Non-Switch
8962.0,0.004354403544424329,Non-Switch
8963.0,0.0043543501357495495,Non-Switch
8964.0,0.004354366930930298,Non-Switch
8965.0,0.00435434543309894,Non-Switch
8966.0,0.004354340394544715,Non-Switch
8967.0,0.004354337371412181,Non-Switch
8968.0,0.00435434610490617,Non-Switch
8969.0,0.004354343753580865,Non-Switch
897.0,0.004355356167076374,Non-Switch
8970.0,0.004354349128038705,Non-Switch
8971.0,0.004354338043219411,Non-Switch
8972.0,0.0043543501357495495,Non-Switch
8973.0,0.00435434610490617,Non-Switch
8974.0,0.004354393803219495,Non-Switch
8975.0,0.004354363571894148,Non-Switch
8976.0,0.004355013881292723,Non-Switch
8977.0,0.004354378351653207,Non-Switch
8978.0,0.004354379695267667,Non-Switch
8979.0,0.004354380702978512,Non-Switch
898.0,0.004356084742017236,Non-Switch
8980.0,0.004354598032617395,Non-Switch
8981.0,0.004354574855267962,Non-Switch
8982.0,0.004354614827798143,Non-Switch
8983.0,0.0043546437155090306,Non-Switch
8984.0,0.004354475763701547,Non-Switch
8985.0,0.004354821744424963,Non-Switch
8986.0,0.004354630279364432,Non-Switch
8987.0,0.004354591986352326,Non-Switch
8988.0,0.004354696116472965,Non-Switch
8989.0,0.004354785466834547,Non-Switch
899.0,0.004355527142016392,Non-Switch
8990.0,0.004354877504425047,Non-Switch
8991.0,0.0043544754277979325,Non-Switch
8992.0,0.004354643379605416,Non-Switch
8993.0,0.004354560075508904,Non-Switch
8994.0,0.004354509018159429,Non-Switch
8995.0,0.0043544310885207565,Non-Switch
8996.0,0.004354468373822018,Non-Switch
8997.0,0.004354458296713569,Non-Switch
8998.0,0.0043544226909303825,Non-Switch
8999.0,0.00435444284514728,Non-Switch
9.0,0.0043545728398462725,Non-Switch
90.0,0.004357275184428677,Non-Switch
900.0,0.004356175100089663,Non-Switch
9000.0,0.004354410262496629,Non-Switch
9001.0,0.004354393803219495,Non-Switch
9002.0,0.004354387756954426,Non-Switch
9003.0,0.004354428737195452,Non-Switch
9004.0,0.004354373313098982,Non-Switch
9005.0,0.004354405559846019,Non-Switch
9006.0,0.004354412277918319,Non-Switch
9007.0,0.004354365923219453,Non-Switch
9008.0,0.004354361892376073,Non-Switch
9009.0,0.004354392123701421,Non-Switch
901.0,0.004355881856233796,Non-Switch
9010.0,0.004354608445629459,Non-Switch
9011.0,0.004354582916954721,Non-Switch
9012.0,0.004354967526593858,Non-Switch
9013.0,0.004354522118400412,Non-Switch
9014.0,0.0043545348827377815,Non-Switch
9015.0,0.004354541264906466,Non-Switch
9016.0,0.0043544771073160075,Non-Switch
9017.0,0.004354464342978638,Non-Switch
9018.0,0.004354428401291837,Non-Switch
9019.0,0.0043544243704484575,Non-Switch
902.0,0.004356605392620434,Non-Switch
9020.0,0.0043544492273159645,Non-Switch
9021.0,0.004354558060087214,Non-Switch
9022.0,0.004354507338641354,Non-Switch
9023.0,0.004354388092858041,Non-Switch
9024.0,0.004354379359364052,Non-Switch
9025.0,0.004354366930930298,Non-Switch
9026.0,0.004354352487074855,Non-Switch
9027.0,0.0043543501357495495,Non-Switch
9028.0,0.004354344425388095,Non-Switch
9029.0,0.004354347784424245,Non-Switch
903.0,0.004355802582980664,Non-Switch
9030.0,0.004354367266833913,Non-Switch
9031.0,0.004354372641291753,Non-Switch
9032.0,0.004354359205147154,Non-Switch
9033.0,0.004354366259123068,Non-Switch
9034.0,0.0043547659844248784,Non-Switch
9035.0,0.004354478450930467,Non-Switch
9036.0,0.004354471396954553,Non-Switch
9037.0,0.004354512713099194,Non-Switch
9038.0,0.004354454265870189,Non-Switch
9039.0,0.004354881199364812,Non-Switch
904.0,0.004356364213824888,Non-Switch
9040.0,0.004354989360328831,Non-Switch
9041.0,0.004354790169485156,Non-Switch
9042.0,0.004354616507316218,Non-Switch
9043.0,0.004354505659123279,Non-Switch
9044.0,0.004354438814303901,Non-Switch
9045.0,0.004354454265870189,Non-Switch
9046.0,0.004354565785870358,Non-Switch
9047.0,0.004354819729003273,Non-Switch
9048.0,0.004354578214304112,Non-Switch
9049.0,0.004354618186834293,Non-Switch
905.0,0.004356938609006481,Non-Switch
9050.0,0.00435475187647305,Non-Switch
9051.0,0.004354600719846315,Non-Switch
9052.0,0.004354781100087551,Non-Switch
9053.0,0.004354857350208149,Non-Switch
9054.0,0.0043547330658706114,Non-Switch
9055.0,0.004354582581051107,Non-Switch
9056.0,0.004354930577196212,Non-Switch
9057.0,0.00435485130394308,Non-Switch
9058.0,0.004354564106352284,Non-Switch
9059.0,0.00435449222297868,Non-Switch
906.0,0.004356291322740441,Non-Switch
9060.0,0.004354433103942446,Non-Switch
9061.0,0.004354492894785911,Non-Switch
9062.0,0.004354464678882253,Non-Switch
9063.0,0.004354466358400328,Non-Switch
9064.0,0.004354499276954595,Non-Switch
9065.0,0.0043545728398462725,Non-Switch
9066.0,0.0043545926581595555,Non-Switch
9067.0,0.004354493230689526,Non-Switch
9068.0,0.004354507338641354,Non-Switch
9069.0,0.004354482817677461,Non-Switch
907.0,0.004355753541052879,Non-Switch
9070.0,0.00435450095647267,Non-Switch
9071.0,0.004354823088039423,Non-Switch
9072.0,0.004354545967557075,Non-Switch
9073.0,0.0043545943376776305,Non-Switch
9074.0,0.0043546867111717465,Non-Switch
9075.0,0.0043544310885207565,Non-Switch
9076.0,0.004354408918882169,Non-Switch
9077.0,0.004354365251412223,Non-Switch
9078.0,0.004354366930930298,Non-Switch
9079.0,0.00435435282297847,Non-Switch
908.0,0.004355521431654938,Non-Switch
9080.0,0.004354340394544715,Non-Switch
9081.0,0.004354335691894106,Non-Switch
9082.0,0.004354334348279646,Non-Switch
9083.0,0.004354334348279646,Non-Switch
9084.0,0.004354334348279646,Non-Switch
9085.0,0.004354334348279646,Non-Switch
9086.0,0.004354334348279646,Non-Switch
9087.0,0.004354336363701336,Non-Switch
9088.0,0.004354337035508566,Non-Switch
9089.0,0.004354337371412181,Non-Switch
909.0,0.004355270511654558,Non-Switch
9090.0,0.0043543534947856994,Non-Switch
9091.0,0.004354339050930256,Non-Switch
9092.0,0.004354339722737486,Non-Switch
9093.0,0.004354341402255561,Non-Switch
9094.0,0.004354339722737486,Non-Switch
9095.0,0.004354341066351946,Non-Switch
9096.0,0.00435434543309894,Non-Switch
9097.0,0.00435509617767839,Non-Switch
9098.0,0.004388611632668895,Non-Switch
9099.0,0.004389199463995086,Non-Switch
91.0,0.004357025943946372,Non-Switch
910.0,0.004355210720811094,Non-Switch
9100.0,0.004380356465427481,Non-Switch
9101.0,0.004370474181075168,Non-Switch
9102.0,0.004359894224914571,Non-Switch
9103.0,0.00438056002301815,Non-Switch
9104.0,0.00456794116739825,Non-Switch
9105.0,0.00452526427721315,Non-Switch
9106.0,0.004354347784424245,Non-Switch
9107.0,0.004354347112617015,Non-Switch
9108.0,0.00435434543309894,Non-Switch
9109.0,0.004354347112617015,Non-Switch
911.0,0.004355021942979482,Non-Switch
9110.0,0.00435434543309894,Non-Switch
9111.0,0.00435434610490617,Non-Switch
9112.0,0.00435434543309894,Non-Switch
9113.0,0.004354378351653207,Non-Switch
9114.0,0.00435434610490617,Non-Switch
9115.0,0.004354344425388095,Non-Switch
9116.0,0.00435440018538818,Non-Switch
9117.0,0.0043543484562314745,Non-Switch
9118.0,0.004354417988279773,Non-Switch
9119.0,0.004354416308761698,Non-Switch
912.0,0.004355581558402016,Non-Switch
9120.0,0.00435440085719541,Non-Switch
9121.0,0.004354399177677335,Non-Switch
9122.0,0.004354382718400202,Non-Switch
9123.0,0.004354392123701421,Non-Switch
9124.0,0.004354380031171281,Non-Switch
9125.0,0.004354376000327902,Non-Switch
9126.0,0.004354374992617057,Non-Switch
9127.0,0.004354371969484522,Non-Switch
9128.0,0.004354367938641143,Non-Switch
9129.0,0.004354347784424245,Non-Switch
913.0,0.004356245639848805,Non-Switch
9130.0,0.004354352487074855,Non-Switch
9131.0,0.00435434543309894,Non-Switch
9132.0,0.004354427729484607,Non-Switch
9133.0,0.004354356853821849,Non-Switch
9134.0,0.004354360548761614,Non-Switch
9135.0,0.004354917812858843,Non-Switch
9136.0,0.004355023958401172,Non-Switch
9137.0,0.0043548815352684265,Non-Switch
9138.0,0.004354860709244299,Non-Switch
9139.0,0.004354930577196212,Non-Switch
914.0,0.004355528485630852,Non-Switch
9140.0,0.004354593329966785,Non-Switch
9141.0,0.0043545614191233635,Non-Switch
9142.0,0.0043545016282799,Non-Switch
9143.0,0.004354525813340177,Non-Switch
9144.0,0.004354464678882253,Non-Switch
9145.0,0.004354466358400328,Non-Switch
9146.0,0.004354390444183346,Non-Switch
9147.0,0.004354405895749635,Non-Switch
9148.0,0.004354416980568928,Non-Switch
9149.0,0.00435484928852139,Non-Switch
915.0,0.004355300071172675,Non-Switch
9150.0,0.0043550400817746904,Non-Switch
9151.0,0.0043546867111717465,Non-Switch
9152.0,0.004354564778159513,Non-Switch
9153.0,0.004354433103942446,Non-Switch
9154.0,0.004354421347315922,Non-Switch
9155.0,0.004354478450930467,Non-Switch
9156.0,0.004354702834545265,Non-Switch
9157.0,0.004355493551654896,Non-Switch
9158.0,0.004354577542496882,Non-Switch
9159.0,0.004354484161291921,Non-Switch
916.0,0.004356610431174659,Non-Switch
9160.0,0.004354563434545053,Non-Switch
9161.0,0.004354684695750057,Non-Switch
9162.0,0.004354765312617648,Non-Switch
9163.0,0.004354801590208065,Non-Switch
9164.0,0.00435459769671378,Non-Switch
9165.0,0.004354593329966785,Non-Switch
9166.0,0.004354732058159767,Non-Switch
9167.0,0.004354871458159978,Non-Switch
9168.0,0.00435540588081139,Non-Switch
9169.0,0.004354973236955313,Non-Switch
917.0,0.004355210720811094,Non-Switch
9170.0,0.004355474741052457,Non-Switch
9171.0,0.004355613805149054,Non-Switch
9172.0,0.004355525462498317,Non-Switch
9173.0,0.004355670908763598,Non-Switch
9174.0,0.004355652769968389,Non-Switch
9175.0,0.004355476756474147,Non-Switch
9176.0,0.004355783100570996,Non-Switch
9177.0,0.0043556668779202185,Non-Switch
9178.0,0.004355794521293905,Non-Switch
9179.0,0.004355535875510381,Non-Switch
918.0,0.004355836173342161,Non-Switch
9180.0,0.0043554656716548535,Non-Switch
9181.0,0.004355410919365614,Non-Switch
9182.0,0.004356518729487773,Non-Switch
9183.0,0.004356792155030356,Non-Switch
9184.0,0.004356689368524176,Non-Switch
9185.0,0.004356424004668353,Non-Switch
9186.0,0.0043568915825003855,Non-Switch
9187.0,0.004356421653343048,Non-Switch
9188.0,0.004356285612378987,Non-Switch
9189.0,0.004355811316474654,Non-Switch
919.0,0.004355716255751619,Non-Switch
9190.0,0.004355269839847328,Non-Switch
9191.0,0.00435594970876402,Non-Switch
9192.0,0.004355661503462379,Non-Switch
9193.0,0.004356171741053513,Non-Switch
9194.0,0.00435554796804052,Non-Switch
9195.0,0.004355265473100333,Non-Switch
9196.0,0.00435475053285859,Non-Switch
9197.0,0.004354763633099574,Non-Switch
9198.0,0.004354939982497431,Non-Switch
9199.0,0.004354926546352832,Non-Switch
92.0,0.004356608415752969,Non-Switch
920.0,0.004355430065871667,Non-Switch
9200.0,0.004354761953581499,Non-Switch
9201.0,0.0043555546861128195,Non-Switch
9202.0,0.004354929905388982,Non-Switch
9203.0,0.004354997086111975,Non-Switch
9204.0,0.004354961480328789,Non-Switch
9205.0,0.004354865075991293,Non-Switch
9206.0,0.004354920500087763,Non-Switch
9207.0,0.0043547908412923855,Non-Switch
9208.0,0.004354616171412603,Non-Switch
9209.0,0.004354707537195874,Non-Switch
921.0,0.004355161678883309,Non-Switch
9210.0,0.0043544986051473646,Non-Switch
9211.0,0.004354491887075066,Non-Switch
9212.0,0.004354462663460563,Non-Switch
9213.0,0.004354451242737654,Non-Switch
9214.0,0.004354454601773804,Non-Switch
9215.0,0.004354513720810038,Non-Switch
9216.0,0.004354420339605078,Non-Switch
9217.0,0.004354502635990745,Non-Switch
9218.0,0.004354487856231686,Non-Switch
9219.0,0.004354392123701421,Non-Switch
922.0,0.004355264465389488,Non-Switch
9220.0,0.004354374992617057,Non-Switch
9221.0,0.0043543649155086085,Non-Switch
9222.0,0.004354358533339924,Non-Switch
9223.0,0.00435434543309894,Non-Switch
9224.0,0.004354343753580865,Non-Switch
9225.0,0.004354339722737486,Non-Switch
9226.0,0.004354339050930256,Non-Switch
9227.0,0.004354338043219411,Non-Switch
9228.0,0.004354338043219411,Non-Switch
9229.0,0.004354335691894106,Non-Switch
923.0,0.004356990338163186,Non-Switch
9230.0,0.004354335691894106,Non-Switch
9231.0,0.004354335691894106,Non-Switch
9232.0,0.004354336363701336,Non-Switch
9233.0,0.004354337371412181,Non-Switch
9234.0,0.004354339722737486,Non-Switch
9235.0,0.004354341066351946,Non-Switch
9236.0,0.004354341066351946,Non-Switch
9237.0,0.004354339722737486,Non-Switch
9238.0,0.004354370289966448,Non-Switch
9239.0,0.004354373649002597,Non-Switch
924.0,0.0043558549839445996,Non-Switch
9240.0,0.004354344425388095,Non-Switch
9241.0,0.004354371969484522,Non-Switch
9242.0,0.004354365587315838,Non-Switch
9243.0,0.004354410262496629,Non-Switch
9244.0,0.00435440421623156,Non-Switch
9245.0,0.004354403544424329,Non-Switch
9246.0,0.004354385741532736,Non-Switch
9247.0,0.00435439346731588,Non-Switch
9248.0,0.004354369618159218,Non-Switch
9249.0,0.004354694772858506,Non-Switch
925.0,0.004355518072618788,Non-Switch
9250.0,0.004354504315508819,Non-Switch
9251.0,0.004354527492858252,Non-Switch
9252.0,0.004354462999364178,Non-Switch
9253.0,0.004354438814303901,Non-Switch
9254.0,0.0043544243704484575,Non-Switch
9255.0,0.004354420339605078,Non-Switch
9256.0,0.0043543830543038165,Non-Switch
9257.0,0.004354767663942953,Non-Switch
9258.0,0.004354401864906255,Non-Switch
9259.0,0.004354426385870147,Non-Switch
926.0,0.004355209377196634,Non-Switch
9260.0,0.004354525141532947,Non-Switch
9261.0,0.0043544623275569485,Non-Switch
9262.0,0.004354458296713569,Non-Switch
9263.0,0.004354491215267836,Non-Switch
9264.0,0.004354766992135723,Non-Switch
9265.0,0.004354475091894318,Non-Switch
9266.0,0.004354487520328071,Non-Switch
9267.0,0.004354708544906719,Non-Switch
9268.0,0.004355011194063804,Non-Switch
9269.0,0.0043547297068344615,Non-Switch
927.0,0.004355258419124419,Non-Switch
9270.0,0.0043551025598470745,Non-Switch
9271.0,0.0043551704123772975,Non-Switch
9272.0,0.004355274542497937,Non-Switch
9273.0,0.004355573832618873,Non-Switch
9274.0,0.004355611789727364,Non-Switch
9275.0,0.004355533860088691,Non-Switch
9276.0,0.0043555597246670436,Non-Switch
9277.0,0.004355826096233712,Non-Switch
9278.0,0.004355629928522572,Non-Switch
9279.0,0.00435554393719714,Non-Switch
928.0,0.004355387406112566,Non-Switch
9280.0,0.004355613133341823,Non-Switch
9281.0,0.00435634943406583,Non-Switch
9282.0,0.004356066603222028,Non-Switch
9283.0,0.004356477749246747,Non-Switch
9284.0,0.00435575219743842,Non-Switch
9285.0,0.004355277901534087,Non-Switch
9286.0,0.004355138837437491,Non-Switch
9287.0,0.0043551851921363564,Non-Switch
9288.0,0.004355121370449513,Non-Switch
9289.0,0.004354802933822524,Non-Switch
929.0,0.0043551603352688486,Non-Switch
9290.0,0.004354565114063128,Non-Switch
9291.0,0.0043545711603281976,Non-Switch
9292.0,0.004354475763701547,Non-Switch
9293.0,0.004354443516954511,Non-Switch
9294.0,0.004354435119364136,Non-Switch
9295.0,0.004354399849484564,Non-Switch
9296.0,0.004354397162255645,Non-Switch
9297.0,0.004354532531412477,Non-Switch
9298.0,0.0043544572890027245,Non-Switch
9299.0,0.004354468037918403,Non-Switch
93.0,0.004358057839851549,Non-Switch
930.0,0.0043552527087629645,Non-Switch
9300.0,0.004354397162255645,Non-Switch
9301.0,0.004354443852858126,Non-Switch
9302.0,0.004354435455267752,Non-Switch
9303.0,0.004354420003701463,Non-Switch
9304.0,0.004354445532376201,Non-Switch
9305.0,0.004354476771412392,Non-Switch
9306.0,0.004354513720810038,Non-Switch
9307.0,0.004354562426834209,Non-Switch
9308.0,0.0043544804663521565,Non-Switch
9309.0,0.004354465350689484,Non-Switch
931.0,0.004355654785390079,Non-Switch
9310.0,0.004354472068761783,Non-Switch
9311.0,0.004354514728520884,Non-Switch
9312.0,0.004354468709725633,Non-Switch
9313.0,0.004354513049002809,Non-Switch
9314.0,0.0043545348827377815,Non-Switch
9315.0,0.004354553357436604,Non-Switch
9316.0,0.004354462999364178,Non-Switch
9317.0,0.004354458296713569,Non-Switch
9318.0,0.004354489199846146,Non-Switch
9319.0,0.004354439822014746,Non-Switch
932.0,0.004355710209486549,Non-Switch
9320.0,0.0043544905434606054,Non-Switch
9321.0,0.004354530851894402,Non-Switch
9322.0,0.004354635653822271,Non-Switch
9323.0,0.004354743478882675,Non-Switch
9324.0,0.004354729035027232,Non-Switch
9325.0,0.004354584596472796,Non-Switch
9326.0,0.0043547908412923855,Non-Switch
9327.0,0.004354629271653587,Non-Switch
9328.0,0.004354919156473303,Non-Switch
9329.0,0.004354618858641523,Non-Switch
933.0,0.004355711889004623,Non-Switch
9330.0,0.0043545795579185715,Non-Switch
9331.0,0.004354537905870316,Non-Switch
9332.0,0.004354518759364263,Non-Switch
9333.0,0.004354513720810038,Non-Switch
9334.0,0.004354461319846104,Non-Switch
9335.0,0.004354463671171409,Non-Switch
9336.0,0.004354549326593225,Non-Switch
9337.0,0.004354473412376243,Non-Switch
9338.0,0.004354755571412814,Non-Switch
9339.0,0.00435459836852101,Non-Switch
934.0,0.004355789482739681,Non-Switch
9340.0,0.004354575191171577,Non-Switch
9341.0,0.0043545463034606905,Non-Switch
9342.0,0.0043545960171957054,Non-Switch
9343.0,0.004354554029243835,Non-Switch
9344.0,0.004354527828761867,Non-Switch
9345.0,0.004354468709725633,Non-Switch
9346.0,0.004354479458641312,Non-Switch
9347.0,0.004354712239846484,Non-Switch
9348.0,0.004354840890931016,Non-Switch
9349.0,0.004354779756473092,Non-Switch
935.0,0.00435564806731778,Non-Switch
9350.0,0.004354578550207727,Non-Switch
9351.0,0.004354728027316387,Non-Switch
9352.0,0.0043559624731013885,Non-Switch
9353.0,0.0043557693285227825,Non-Switch
9354.0,0.004355773695269778,Non-Switch
9355.0,0.004356596659126445,Non-Switch
9356.0,0.0043568123092472535,Non-Switch
9357.0,0.004357004446115014,Non-Switch
9358.0,0.004357140487079076,Non-Switch
9359.0,0.004355814003703573,Non-Switch
936.0,0.0043558072856312744,Non-Switch
9360.0,0.0043563863834634765,Non-Switch
9361.0,0.004356291658644056,Non-Switch
9362.0,0.004357178444187567,Non-Switch
9363.0,0.004356355480330899,Non-Switch
9364.0,0.004356358839367049,Non-Switch
9365.0,0.004356419973824973,Non-Switch
9366.0,0.004358611409009014,Non-Switch
9367.0,0.004358533143466727,Non-Switch
9368.0,0.0043592281280460925,Non-Switch
9369.0,0.004357140151175461,Non-Switch
937.0,0.00435585162490845,Non-Switch
9370.0,0.004356973542982438,Non-Switch
9371.0,0.0043566423420180805,Non-Switch
9372.0,0.004356814996476174,Non-Switch
9373.0,0.004355920821053133,Non-Switch
9374.0,0.004355849945390375,Non-Switch
9375.0,0.004355433424907816,Non-Switch
9376.0,0.004355422340088523,Non-Switch
9377.0,0.004354940318401046,Non-Switch
9378.0,0.0043548862379190366,Non-Switch
9379.0,0.004355007835027654,Non-Switch
938.0,0.004355873458643422,Non-Switch
9380.0,0.00435514891454594,Non-Switch
9381.0,0.004354925202738372,Non-Switch
9382.0,0.004354857350208149,Non-Switch
9383.0,0.004354929233581752,Non-Switch
9384.0,0.0043549903680396755,Non-Switch
9385.0,0.004355133462979652,Non-Switch
9386.0,0.004355089123702476,Non-Switch
9387.0,0.00435509886490731,Non-Switch
9388.0,0.004355046128039761,Non-Switch
9389.0,0.004355011529967419,Non-Switch
939.0,0.004355899995029005,Non-Switch
9390.0,0.004355131111654347,Non-Switch
9391.0,0.004355012537678264,Non-Switch
9392.0,0.004355191910208655,Non-Switch
9393.0,0.004355197284666495,Non-Switch
9394.0,0.004355003804184274,Non-Switch
9395.0,0.0043548600374370685,Non-Switch
9396.0,0.004354597360810165,Non-Switch
9397.0,0.004354474084183472,Non-Switch
9398.0,0.0043544045521351745,Non-Switch
9399.0,0.004354400521291795,Non-Switch
94.0,0.00435750124756155,Non-Switch
940.0,0.0043559228364748225,Non-Switch
9400.0,0.004354461319846104,Non-Switch
9401.0,0.004354502300087129,Non-Switch
9402.0,0.004354474420087087,Non-Switch
9403.0,0.004354887581533496,Non-Switch
9404.0,0.0043549540904492595,Non-Switch
9405.0,0.004355235577678601,Non-Switch
9406.0,0.004355318209967883,Non-Switch
9407.0,0.00435554393719714,Non-Switch
9408.0,0.004355155968521854,Non-Switch
9409.0,0.004355464663944008,Non-Switch
941.0,0.00435630543069227,Non-Switch
9410.0,0.0043547485174369,Non-Switch
9411.0,0.004354560747316134,Non-Switch
9412.0,0.004354816034063508,Non-Switch
9413.0,0.004354757250930889,Non-Switch
9414.0,0.004354640020569266,Non-Switch
9415.0,0.004354525813340177,Non-Switch
9416.0,0.004354484497195536,Non-Switch
9417.0,0.004354465014785868,Non-Switch
9418.0,0.004354469717436478,Non-Switch
9419.0,0.004354469381532863,Non-Switch
942.0,0.004356066603222028,Non-Switch
9420.0,0.004354589299123406,Non-Switch
9421.0,0.004354507338641354,Non-Switch
9422.0,0.004354510025870274,Non-Switch
9423.0,0.004354597360810165,Non-Switch
9424.0,0.00435449826924375,Non-Switch
9425.0,0.004354481138159387,Non-Switch
9426.0,0.004354573511653502,Non-Switch
9427.0,0.004354538913581161,Non-Switch
9428.0,0.004354576534786037,Non-Switch
9429.0,0.00435460374297885,Non-Switch
943.0,0.004356325920812782,Non-Switch
9430.0,0.004354571832135428,Non-Switch
9431.0,0.004354533875026936,Non-Switch
9432.0,0.004354517079846188,Non-Switch
9433.0,0.004354525141532947,Non-Switch
9434.0,0.004354655808039169,Non-Switch
9435.0,0.004354597360810165,Non-Switch
9436.0,0.004354541936713695,Non-Switch
9437.0,0.004354538241773931,Non-Switch
9438.0,0.004354507674544969,Non-Switch
9439.0,0.004354484833099151,Non-Switch
944.0,0.004356458938644309,Non-Switch
9440.0,0.0043545513420149146,Non-Switch
9441.0,0.004354614491894528,Non-Switch
9442.0,0.0043546437155090306,Non-Switch
9443.0,0.004354617179123448,Non-Switch
9444.0,0.004354634310207811,Non-Switch
9445.0,0.004354643043701801,Non-Switch
9446.0,0.004354908071654009,Non-Switch
9447.0,0.004354923187316682,Non-Switch
9448.0,0.004355172427798987,Non-Switch
9449.0,0.00435554863984775,Non-Switch
945.0,0.0043563108051501084,Non-Switch
9450.0,0.004355500269727195,Non-Switch
9451.0,0.00435524162394367,Non-Switch
9452.0,0.00435524767020874,Non-Switch
9453.0,0.004355277229726857,Non-Switch
9454.0,0.004355286970931691,Non-Switch
9455.0,0.004355616492377973,Non-Switch
9456.0,0.004355714576233544,Non-Switch
9457.0,0.0043555399063537606,Non-Switch
9458.0,0.004355815347318034,Non-Switch
9459.0,0.004355584245630937,Non-Switch
946.0,0.00435625202201749,Non-Switch
9460.0,0.004355570473582723,Non-Switch
9461.0,0.004355037394545771,Non-Switch
9462.0,0.0043548368600876365,Non-Switch
9463.0,0.004354893627798565,Non-Switch
9464.0,0.004354785466834547,Non-Switch
9465.0,0.004354779756473092,Non-Switch
9466.0,0.004355067289967503,Non-Switch
9467.0,0.0043549608085215585,Non-Switch
9468.0,0.004354581573340261,Non-Switch
9469.0,0.004354714255268174,Non-Switch
947.0,0.004356914423946204,Non-Switch
9470.0,0.004354534210930551,Non-Switch
9471.0,0.004355410247558384,Non-Switch
9472.0,0.004355781756956537,Non-Switch
9473.0,0.004354833836955101,Non-Switch
9474.0,0.0043547263477983125,Non-Switch
9475.0,0.004354944349244425,Non-Switch
9476.0,0.004355041425389151,Non-Switch
9477.0,0.004354601391653544,Non-Switch
9478.0,0.004354698803701885,Non-Switch
9479.0,0.00435454899068961,Non-Switch
948.0,0.00435835477864718,Non-Switch
9480.0,0.0043547360890031465,Non-Switch
9481.0,0.0043551569762326995,Non-Switch
9482.0,0.004354988016714371,Non-Switch
9483.0,0.004355219454305083,Non-Switch
9484.0,0.004355157648039929,Non-Switch
9485.0,0.0043549671906902435,Non-Switch
9486.0,0.004354812339123743,Non-Switch
9487.0,0.004354867427316598,Non-Switch
9488.0,0.004354831485629797,Non-Switch
9489.0,0.0043548136827382036,Non-Switch
949.0,0.004358878788286527,Non-Switch
9490.0,0.004354774717918867,Non-Switch
9491.0,0.004354733737677841,Non-Switch
9492.0,0.00435469846779827,Non-Switch
9493.0,0.004355002460569814,Non-Switch
9494.0,0.004354797559364685,Non-Switch
9495.0,0.004354962152136019,Non-Switch
9496.0,0.004354890268762416,Non-Switch
9497.0,0.00435475053285859,Non-Switch
9498.0,0.004354739112135681,Non-Switch
9499.0,0.004354763969003189,Non-Switch
95.0,0.004357226142500893,Non-Switch
950.0,0.004360609699614449,Non-Switch
9500.0,0.004354570488520968,Non-Switch
9501.0,0.004354511369484734,Non-Switch
9502.0,0.004354471061050938,Non-Switch
9503.0,0.004354437806593056,Non-Switch
9504.0,0.004354464678882253,Non-Switch
9505.0,0.004354494574303985,Non-Switch
9506.0,0.0043543813747857416,Non-Switch
9507.0,0.004354391115990576,Non-Switch
9508.0,0.004354417988279773,Non-Switch
9509.0,0.004354456617195494,Non-Switch
951.0,0.004360582827325252,Non-Switch
9510.0,0.004354472740569012,Non-Switch
9511.0,0.0043544509068340394,Non-Switch
9512.0,0.004354473412376243,Non-Switch
9513.0,0.004354481809966617,Non-Switch
9514.0,0.004354562426834209,Non-Switch
9515.0,0.004354878176232277,Non-Switch
9516.0,0.004354909751172084,Non-Switch
9517.0,0.004355030340569857,Non-Switch
9518.0,0.0043549540904492595,Non-Switch
9519.0,0.004354929905388982,Non-Switch
952.0,0.004363122594558013,Non-Switch
9520.0,0.004354735417195916,Non-Switch
9521.0,0.004354919156473303,Non-Switch
9522.0,0.004354829806111722,Non-Switch
9523.0,0.004354916469244383,Non-Switch
9524.0,0.004354975252377003,Non-Switch
9525.0,0.004355140181051951,Non-Switch
9526.0,0.004355140181051951,Non-Switch
9527.0,0.004355103903461535,Non-Switch
9528.0,0.004355183176714667,Non-Switch
9529.0,0.004355170076473683,Non-Switch
953.0,0.004360010111661734,Non-Switch
9530.0,0.004355279916955777,Non-Switch
9531.0,0.0043554028576788546,Non-Switch
9532.0,0.004355466007558468,Non-Switch
9533.0,0.0043552658090039486,Non-Switch
9534.0,0.004355370610931818,Non-Switch
9535.0,0.004355138837437491,Non-Switch
9536.0,0.004355693750209415,Non-Switch
9537.0,0.004358251992141,Non-Switch
9538.0,0.004357562046115859,Non-Switch
9539.0,0.004356167374306518,Non-Switch
954.0,0.004359978200818312,Non-Switch
9540.0,0.004355179817678517,Non-Switch
9541.0,0.004354886573822651,Non-Switch
9542.0,0.004354864740087679,Non-Switch
9543.0,0.0043546917497259705,Non-Switch
9544.0,0.004354780092376707,Non-Switch
9545.0,0.004354572168039043,Non-Switch
9546.0,0.00435459299406317,Non-Switch
9547.0,0.0043546917497259705,Non-Switch
9548.0,0.004354564106352284,Non-Switch
9549.0,0.004354541936713695,Non-Switch
955.0,0.0043601061800956145,Non-Switch
9550.0,0.004354505995026894,Non-Switch
9551.0,0.004354708209003104,Non-Switch
9552.0,0.0043545399212920055,Non-Switch
9553.0,0.004354686375268131,Non-Switch
9554.0,0.004354728363220002,Non-Switch
9555.0,0.004354778412858632,Non-Switch
9556.0,0.004354770351171873,Non-Switch
9557.0,0.004354773374304407,Non-Switch
9558.0,0.004354922515509453,Non-Switch
9559.0,0.004354744150689906,Non-Switch
956.0,0.004358407179611114,Non-Switch
9560.0,0.0043546900702078955,Non-Switch
9561.0,0.004354772702497177,Non-Switch
9562.0,0.004354811667316514,Non-Switch
9563.0,0.004354572168039043,Non-Switch
9564.0,0.004354772702497177,Non-Switch
9565.0,0.004354806292858674,Non-Switch
9566.0,0.004354782107798397,Non-Switch
9567.0,0.0043548204008105025,Non-Switch
9568.0,0.004354912438401004,Non-Switch
9569.0,0.004354816034063508,Non-Switch
957.0,0.004357591605633976,Non-Switch
9570.0,0.004354824095750267,Non-Switch
9571.0,0.004354780092376707,Non-Switch
9572.0,0.00435480326972614,Non-Switch
9573.0,0.004354836524184021,Non-Switch
9574.0,0.0043548862379190366,Non-Switch
9575.0,0.004355089123702476,Non-Switch
9576.0,0.004354905720328704,Non-Switch
9577.0,0.004354934943943206,Non-Switch
9578.0,0.004355093154545855,Non-Switch
9579.0,0.004355169404666453,Non-Switch
958.0,0.0043573584885251895,Non-Switch
9580.0,0.00435484592948524,Non-Switch
9581.0,0.004355157983943544,Non-Switch
9582.0,0.004354810323702054,Non-Switch
9583.0,0.004355019927557793,Non-Switch
9584.0,0.004355190566594196,Non-Switch
9585.0,0.004355457945871709,Non-Switch
9586.0,0.004355116667798903,Non-Switch
9587.0,0.004355367923702898,Non-Switch
9588.0,0.004355620187317738,Non-Switch
9589.0,0.004355931234065196,Non-Switch
959.0,0.004357458251898834,Non-Switch
9590.0,0.00435579485719752,Non-Switch
9591.0,0.004355730699607062,Non-Switch
9592.0,0.004355642021052711,Non-Switch
9593.0,0.004355721294305843,Non-Switch
9594.0,0.00435595239599294,Non-Switch
9595.0,0.0043566174851505735,Non-Switch
9596.0,0.0043563403646682255,Non-Switch
9597.0,0.004356635959849396,Non-Switch
9598.0,0.0043568519458738195,Non-Switch
9599.0,0.004356522760331153,Non-Switch
96.0,0.004357538868766426,Non-Switch
960.0,0.004360087369493176,Non-Switch
9600.0,0.0043564145993671335,Non-Switch
9601.0,0.004356480100572052,Non-Switch
9602.0,0.004356768641777308,Non-Switch
9603.0,0.004356491521294961,Non-Switch
9604.0,0.004356809622018334,Non-Switch
9605.0,0.004356163343463139,Non-Switch
9606.0,0.004357463962260289,Non-Switch
9607.0,0.004356615133825268,Non-Switch
9608.0,0.00435594500611341,Non-Switch
9609.0,0.00435575085382396,Non-Switch
961.0,0.004360017837444878,Non-Switch
9610.0,0.004356413927559904,Non-Switch
9611.0,0.004356122363222113,Non-Switch
9612.0,0.0043561767796077375,Non-Switch
9613.0,0.004357463290453059,Non-Switch
9614.0,0.004356468679849143,Non-Switch
9615.0,0.004356839853343681,Non-Switch
9616.0,0.004357324898163693,Non-Switch
9617.0,0.004357234204187652,Non-Switch
9618.0,0.004358229150695182,Non-Switch
9619.0,0.004356797529488195,Non-Switch
962.0,0.004357785757923427,Non-Switch
9620.0,0.004357519050453143,Non-Switch
9621.0,0.00435684791503044,Non-Switch
9622.0,0.004356076680330477,Non-Switch
9623.0,0.004355966839848383,Non-Switch
9624.0,0.004355436783943966,Non-Switch
9625.0,0.004355520423944093,Non-Switch
9626.0,0.004355180489485746,Non-Switch
9627.0,0.004355161007076079,Non-Switch
9628.0,0.004355197284666495,Non-Switch
9629.0,0.004355001788762585,Non-Switch
963.0,0.0043573171723805485,Non-Switch
9630.0,0.004354828462497262,Non-Switch
9631.0,0.004355034035509621,Non-Switch
9632.0,0.004354804949244214,Non-Switch
9633.0,0.004354737768521221,Non-Switch
9634.0,0.004354809651894824,Non-Switch
9635.0,0.004354775389726098,Non-Switch
9636.0,0.004354722316954933,Non-Switch
9637.0,0.004354756579123659,Non-Switch
9638.0,0.004354776061533327,Non-Switch
9639.0,0.004354694101051275,Non-Switch
964.0,0.004357382001778236,Non-Switch
9640.0,0.004354553693340219,Non-Switch
9641.0,0.004354580901533032,Non-Switch
9642.0,0.004354514056713653,Non-Switch
9643.0,0.0043544935665931405,Non-Switch
9644.0,0.0043545399212920055,Non-Switch
9645.0,0.004354537234063086,Non-Switch
9646.0,0.0043545399212920055,Non-Switch
9647.0,0.00435459299406317,Non-Switch
9648.0,0.004354728363220002,Non-Switch
9649.0,0.004354781435991167,Non-Switch
965.0,0.004356844555994291,Non-Switch
9650.0,0.004354772030689948,Non-Switch
9651.0,0.004354783787316472,Non-Switch
9652.0,0.0043547693434610275,Non-Switch
9653.0,0.004354877504425047,Non-Switch
9654.0,0.004355021271172253,Non-Switch
9655.0,0.004354971893340853,Non-Switch
9656.0,0.004355195941052035,Non-Switch
9657.0,0.004355064938642198,Non-Switch
9658.0,0.00435544316611265,Non-Switch
9659.0,0.004354950395509495,Non-Switch
966.0,0.004382322845189494,Non-Switch
9660.0,0.004355018919846948,Non-Switch
9661.0,0.004355045792136145,Non-Switch
9662.0,0.004355100544425385,Non-Switch
9663.0,0.0043551240576784325,Non-Switch
9664.0,0.0043555812224984015,Non-Switch
9665.0,0.004355471382016308,Non-Switch
9666.0,0.004356145204667931,Non-Switch
9667.0,0.004356116316957043,Non-Switch
9668.0,0.004355793849486676,Non-Switch
9669.0,0.004356245975752421,Non-Switch
967.0,0.0049037917095935074,Non-Switch
9670.0,0.004356080039366627,Non-Switch
9671.0,0.004355912087559144,Non-Switch
9672.0,0.004355198628280955,Non-Switch
9673.0,0.0043552214697267725,Non-Switch
9674.0,0.004354882207075657,Non-Switch
9675.0,0.004354754227798355,Non-Switch
9676.0,0.004354569144906508,Non-Switch
9677.0,0.004354467030207558,Non-Switch
9678.0,0.0043544623275569485,Non-Switch
9679.0,0.004354421347315922,Non-Switch
968.0,0.0046670767371869044,Non-Switch
9680.0,0.004354408582978554,Non-Switch
9681.0,0.004354419667797848,Non-Switch
9682.0,0.004354414629243623,Non-Switch
9683.0,0.004354488192135301,Non-Switch
9684.0,0.004354384397918277,Non-Switch
9685.0,0.004354443852858126,Non-Switch
9686.0,0.0043545432803281554,Non-Switch
9687.0,0.004354969542015548,Non-Switch
9688.0,0.00435455436514745,Non-Switch
9689.0,0.004354532531412477,Non-Switch
969.0,0.004669669913094445,Non-Switch
9690.0,0.004354480802255771,Non-Switch
9691.0,0.0043547559073164295,Non-Switch
9692.0,0.004357261076476849,Non-Switch
9693.0,0.004355202659124335,Non-Switch
9694.0,0.004355077031172337,Non-Switch
9695.0,0.004356073321294327,Non-Switch
9696.0,0.004356524775752843,Non-Switch
9697.0,0.004357919447562183,Non-Switch
9698.0,0.004359920761300153,Non-Switch
9699.0,0.004359139785395356,Non-Switch
97.0,0.004357029302982522,Non-Switch
970.0,0.004873892592921731,Non-Switch
9700.0,0.004359069581539828,Non-Switch
9701.0,0.004356127065872722,Non-Switch
9702.0,0.004356885200331701,Non-Switch
9703.0,0.004357553984429099,Non-Switch
9704.0,0.00435704542635604,Non-Switch
9705.0,0.004356223806113832,Non-Switch
9706.0,0.004356467672138298,Non-Switch
9707.0,0.004356172748764358,Non-Switch
9708.0,0.004356559037921569,Non-Switch
9709.0,0.004356311812860954,Non-Switch
971.0,0.005334601531932544,Non-Switch
9710.0,0.004355810980571039,Non-Switch
9711.0,0.004355847929968685,Non-Switch
9712.0,0.0043551206986422826,Non-Switch
9713.0,0.004355235913582217,Non-Switch
9714.0,0.004354763969003189,Non-Switch
9715.0,0.004354743478882675,Non-Switch
9716.0,0.0043550662822566585,Non-Switch
9717.0,0.004355087108280786,Non-Switch
9718.0,0.004354829806111722,Non-Switch
9719.0,0.004354860709244299,Non-Switch
972.0,0.0051679224632464405,Non-Switch
9720.0,0.004354823088039423,Non-Switch
9721.0,0.004354974244666157,Non-Switch
9722.0,0.004355258083220804,Non-Switch
9723.0,0.0043554277145463624,Non-Switch
9724.0,0.004355036722738541,Non-Switch
9725.0,0.004355047135750605,Non-Switch
9726.0,0.004355577527558637,Non-Switch
9727.0,0.0043557280123781425,Non-Switch
9728.0,0.004356108591173899,Non-Switch
9729.0,0.004356335997921231,Non-Switch
973.0,0.006091225096451642,Non-Switch
9730.0,0.004356542914548051,Non-Switch
9731.0,0.004356197605631865,Non-Switch
9732.0,0.004355873794547037,Non-Switch
9733.0,0.004356200292860785,Non-Switch
9734.0,0.004355526470209163,Non-Switch
9735.0,0.0043559624731013885,Non-Switch
9736.0,0.004357640311658146,Non-Switch
9737.0,0.004358532807563112,Non-Switch
9738.0,0.004358478391177487,Non-Switch
9739.0,0.004358640968527131,Non-Switch
974.0,0.005131686188974707,Non-Switch
9740.0,0.004358407179611114,Non-Switch
9741.0,0.004356762259608624,Non-Switch
9742.0,0.004357087078404296,Non-Switch
9743.0,0.004357274848525062,Non-Switch
9744.0,0.00435765005286298,Non-Switch
9745.0,0.004356864038403958,Non-Switch
9746.0,0.004355421668281293,Non-Switch
9747.0,0.004355125401292893,Non-Switch
9748.0,0.004354971893340853,Non-Switch
9749.0,0.004354835516473176,Non-Switch
975.0,0.004361199882265945,Non-Switch
9750.0,0.004354943677437196,Non-Switch
9751.0,0.004354688726593436,Non-Switch
9752.0,0.004354511705388349,Non-Switch
9753.0,0.004354772030689948,Non-Switch
9754.0,0.004354767663942953,Non-Switch
9755.0,0.00435459299406317,Non-Switch
9756.0,0.004354511705388349,Non-Switch
9757.0,0.0043544969256292905,Non-Switch
9758.0,0.004354454265870189,Non-Switch
9759.0,0.004354557388279984,Non-Switch
976.0,0.004427560328631482,Non-Switch
9760.0,0.004354684695750057,Non-Switch
9761.0,0.004354552013822144,Non-Switch
9762.0,0.004354589970930636,Non-Switch
9763.0,0.004354952746834799,Non-Switch
9764.0,0.0043545399212920055,Non-Switch
9765.0,0.0043548815352684265,Non-Switch
9766.0,0.004354767663942953,Non-Switch
9767.0,0.004354783787316472,Non-Switch
9768.0,0.004354583252858336,Non-Switch
9769.0,0.0043545876196053315,Non-Switch
977.0,0.004363820602269913,Non-Switch
9770.0,0.004354794200328535,Non-Switch
9771.0,0.0043545150644244985,Non-Switch
9772.0,0.0043545859400872565,Non-Switch
9773.0,0.004354754227798355,Non-Switch
9774.0,0.0043547297068344615,Non-Switch
9775.0,0.0043548815352684265,Non-Switch
9776.0,0.004354783787316472,Non-Switch
9777.0,0.0043547048499669545,Non-Switch
9778.0,0.004354553693340219,Non-Switch
9779.0,0.004354527828761867,Non-Switch
978.0,0.004373436515055557,Non-Switch
9780.0,0.0043544754277979325,Non-Switch
9781.0,0.004354910087075699,Non-Switch
9782.0,0.004355003132377045,Non-Switch
9783.0,0.004354775389726098,Non-Switch
9784.0,0.004354958457196254,Non-Switch
9785.0,0.004354817713581583,Non-Switch
9786.0,0.004354884894304576,Non-Switch
9787.0,0.004354835516473176,Non-Switch
9788.0,0.0043550481434614504,Non-Switch
9789.0,0.004355417637437913,Non-Switch
979.0,0.0043594504962392,Non-Switch
9790.0,0.004355788475028836,Non-Switch
9791.0,0.004355518408522403,Non-Switch
9792.0,0.004355924851896512,Non-Switch
9793.0,0.004355770336233628,Non-Switch
9794.0,0.004355658144426229,Non-Switch
9795.0,0.004356418630210513,Non-Switch
9796.0,0.004355921492860362,Non-Switch
9797.0,0.004356796857680965,Non-Switch
9798.0,0.00435649958298172,Non-Switch
9799.0,0.00435615528177638,Non-Switch
98.0,0.004357085734789837,Non-Switch
980.0,0.004357239578645491,Non-Switch
9800.0,0.0043563040870778095,Non-Switch
9801.0,0.004356308789728419,Non-Switch
9802.0,0.00435434946394232,Non-Switch
9803.0,0.004358899614310655,Non-Switch
9804.0,0.0043704516755329655,Non-Switch
9805.0,0.004358631899129527,Non-Switch
9806.0,0.004368894090470366,Non-Switch
9807.0,0.004358524074069122,Non-Switch
9808.0,0.004375441523733292,Non-Switch
9809.0,0.00435994830539658,Non-Switch
981.0,0.0043599147150350836,Non-Switch
9810.0,0.004358029623947892,Non-Switch
9811.0,0.00435680122442796,Non-Switch
9812.0,0.004356468008041913,Non-Switch
9813.0,0.004402194231243677,Non-Switch
9814.0,0.004421685710309334,Non-Switch
9815.0,0.0043783218972316285,Non-Switch
9816.0,0.004365374492392748,Non-Switch
9817.0,0.004361557283712269,Non-Switch
9818.0,0.004374000833128701,Non-Switch
9819.0,0.0043706367584248115,Non-Switch
982.0,0.00435779617093549,Non-Switch
9820.0,0.0043687718215545185,Non-Switch
9821.0,0.004359760871179429,Non-Switch
9822.0,0.004358979559371017,Non-Switch
9823.0,0.00435635010587306,Non-Switch
9824.0,0.004355958778161624,Non-Switch
9825.0,0.004355682329486506,Non-Switch
9826.0,0.004355530501052542,Non-Switch
9827.0,0.00435854893093663,Non-Switch
9828.0,0.004357165008042969,Non-Switch
9829.0,0.00435774544948963,Non-Switch
983.0,0.004357061213825944,Non-Switch
9830.0,0.0043576752456341026,Non-Switch
9831.0,0.004356409560812909,Non-Switch
9832.0,0.0043565301502106815,Non-Switch
9833.0,0.004359157588286949,Non-Switch
9834.0,0.004357935570935702,Non-Switch
9835.0,0.0043589164094914035,Non-Switch
9836.0,0.004359605011902084,Non-Switch
9837.0,0.004366012037453954,Non-Switch
9838.0,0.004371291434570382,Non-Switch
9839.0,0.004361978842749052,Non-Switch
984.0,0.004357010156476469,Non-Switch
9840.0,0.004370518184448728,Non-Switch
9841.0,0.004378892597473457,Non-Switch
9842.0,0.0044050860254649235,Non-Switch
9843.0,0.004417500015363237,Non-Switch
9844.0,0.004421768006695001,Non-Switch
9845.0,0.0044215936727188335,Non-Switch
9846.0,0.004374521147828284,Non-Switch
9847.0,0.004373020330476613,Non-Switch
9848.0,0.004364972079862018,Non-Switch
9849.0,0.004363140061545991,Non-Switch
985.0,0.004356257396475329,Non-Switch
9850.0,0.00436045081720457,Non-Switch
9851.0,0.004358813287081609,Non-Switch
9852.0,0.004357314149248013,Non-Switch
9853.0,0.00435749452948925,Non-Switch
9854.0,0.004356520409005847,Non-Switch
9855.0,0.004356078695752167,Non-Switch
9856.0,0.00435564269285994,Non-Switch
9857.0,0.004356305094788655,Non-Switch
9858.0,0.004357509981055539,Non-Switch
9859.0,0.004357614447079793,Non-Switch
986.0,0.004357058862500639,Non-Switch
9860.0,0.004358662802262104,Non-Switch
9861.0,0.004373847325176661,Non-Switch
9862.0,0.00489991974862379,Non-Switch
9863.0,0.005107904884842315,Non-Switch
9864.0,0.005051589300178734,Non-Switch
9865.0,0.005208089145716895,Non-Switch
9866.0,0.005369648707407295,Non-Switch
9867.0,0.0049469066180925225,Non-Switch
9868.0,0.005283150503420907,Non-Switch
9869.0,0.004496084330181017,Non-Switch
987.0,0.004356410904427369,Non-Switch
9870.0,0.005157104015519217,Non-Switch
9871.0,0.004890342128850252,Non-Switch
9872.0,0.005608098957888815,Non-Switch
9873.0,0.0051225781624548924,Non-Switch
9874.0,0.004817419133559117,Non-Switch
9875.0,0.004794061403885197,Non-Switch
9876.0,0.004523331151909019,Non-Switch
9877.0,0.004501684179346123,Non-Switch
9878.0,0.00454301980639666,Non-Switch
9879.0,0.004462657217841249,Non-Switch
988.0,0.004356397132379155,Non-Switch
9880.0,0.004462696182660585,Non-Switch
9881.0,0.00437706057915743,Non-Switch
9882.0,0.004365708380586025,Non-Switch
9883.0,0.004363999974800305,Non-Switch
9884.0,0.004361275124675697,Non-Switch
9885.0,0.004359941587324281,Non-Switch
9886.0,0.004363689935763691,Non-Switch
9887.0,0.0043583386552736615,Non-Switch
9888.0,0.0043575136759953035,Non-Switch
9889.0,0.004358571772382447,Non-Switch
989.0,0.004358711508286274,Non-Switch
9890.0,0.004364742993596611,Non-Switch
9891.0,0.00436265232949706,Non-Switch
9892.0,0.004361633869736482,Non-Switch
9893.0,0.004362737649015261,Non-Switch
9894.0,0.0043648343593798815,Non-Switch
9895.0,0.004372513116018014,Non-Switch
9896.0,0.004375706887589115,Non-Switch
9897.0,0.004459221931570987,Non-Switch
9898.0,0.004418233628858324,Non-Switch
9899.0,0.004452030235174556,Non-Switch
99.0,0.004356889567078696,Non-Switch
990.0,0.004357274512621447,Non-Switch
9900.0,0.004423191566215228,Non-Switch
9901.0,0.004483673027511623,Non-Switch
9902.0,0.004520870322025775,Non-Switch
9903.0,0.004438443605756394,Non-Switch
9904.0,0.004386723182545554,Non-Switch
9905.0,0.004388031863029463,Non-Switch
9906.0,0.00439936525099843,Non-Switch
9907.0,0.004379241601329406,Non-Switch
9908.0,0.004375304475058385,Non-Switch
9909.0,0.004374838576744427,Non-Switch
991.0,0.004357553648525484,Non-Switch
9910.0,0.0043770612509646594,Non-Switch
9911.0,0.004358846877443106,Non-Switch
9912.0,0.004358430021056932,Non-Switch
9913.0,0.004359230143467782,Non-Switch
9914.0,0.004359767253348113,Non-Switch
9915.0,0.004357864359369329,Non-Switch
9916.0,0.004358735693346551,Non-Switch
9917.0,0.004359770276480648,Non-Switch
9918.0,0.0043604279757587525,Non-Switch
9919.0,0.004360967101060774,Non-Switch
992.0,0.004357470680332588,Non-Switch
9920.0,0.004361920731423663,Non-Switch
9921.0,0.004359887170938656,Non-Switch
9922.0,0.004358037013827421,Non-Switch
9923.0,0.0043601458167221805,Non-Switch
9924.0,0.0043609445955185705,Non-Switch
9925.0,0.004358628204189762,Non-Switch
9926.0,0.004361585499615926,Non-Switch
9927.0,0.004403855946426916,Non-Switch
9928.0,0.0043653919593807265,Non-Switch
9929.0,0.004362111188773349,Non-Switch
993.0,0.004357996705393626,Non-Switch
9930.0,0.0043927304827956135,Non-Switch
9931.0,0.00436670836564778,Non-Switch
9932.0,0.00437765848759207,Non-Switch
9933.0,0.004361903936242915,Non-Switch
9934.0,0.004361898225881461,Non-Switch
9935.0,0.004380054152174011,Non-Switch
9936.0,0.004368671722277258,Non-Switch
9937.0,0.0043625965694969755,Non-Switch
9938.0,0.004359570077926128,Non-Switch
9939.0,0.0043606227998554325,Non-Switch
994.0,0.0043593090808172995,Non-Switch
9940.0,0.004361467933350688,Non-Switch
9941.0,0.004360054786842525,Non-Switch
9942.0,0.004363565987329769,Non-Switch
9943.0,0.004361722548290833,Non-Switch
9944.0,0.004356476069728672,Non-Switch
9945.0,0.00435574480755889,Non-Switch
9946.0,0.004357001758886095,Non-Switch
9947.0,0.00436185355070067,Non-Switch
9948.0,0.00436380078395663,Non-Switch
9949.0,0.004368156446131899,Non-Switch
995.0,0.004358714867322424,Non-Switch
9950.0,0.004366007334803345,Non-Switch
9951.0,0.004356103552619675,Non-Switch
9952.0,0.0043572859333443565,Non-Switch
9953.0,0.004361264375760019,Non-Switch
9954.0,0.00435559868948638,Non-Switch
9955.0,0.004367319374323404,Non-Switch
9956.0,0.004368742597940016,Non-Switch
9957.0,0.0043561012012943694,Non-Switch
9958.0,0.004359414218648784,Non-Switch
9959.0,0.004357114622500723,Non-Switch
996.0,0.004359067902021754,Non-Switch
9960.0,0.0043643540172104795,Non-Switch
9961.0,0.004357080360331997,Non-Switch
9962.0,0.004360656054313314,Non-Switch
9963.0,0.004354614827798143,Non-Switch
9964.0,0.004354506330930509,Non-Switch
9965.0,0.004355138165630261,Non-Switch
9966.0,0.004354573175749887,Non-Switch
9967.0,0.004354440157918361,Non-Switch
9968.0,0.0043544374706894415,Non-Switch
9969.0,0.004354392123701421,Non-Switch
997.0,0.004360970124193308,Non-Switch
9970.0,0.00435439548273757,Non-Switch
9971.0,0.004354363571894148,Non-Switch
9972.0,0.004354374320809828,Non-Switch
9973.0,0.004354456281291879,Non-Switch
9974.0,0.004354373984906212,Non-Switch
9975.0,0.004354352151171239,Non-Switch
9976.0,0.004354358197436309,Non-Switch
9977.0,0.004354380031171281,Non-Switch
9978.0,0.0043543632359905335,Non-Switch
9979.0,0.004354360548761614,Non-Switch
998.0,0.00435910753864832,Non-Switch
9980.0,0.004354366930930298,Non-Switch
9981.0,0.0043543763362315175,Non-Switch
9982.0,0.004354380702978512,Non-Switch
9983.0,0.0043543830543038165,Non-Switch
9984.0,0.004354392795508651,Non-Switch
9985.0,0.004354392459605036,Non-Switch
9986.0,0.004354362228279688,Non-Switch
9987.0,0.004354355846111004,Non-Switch
9988.0,0.004354366930930298,Non-Switch
9989.0,0.004354366259123068,Non-Switch
999.0,0.004358974520816792,Non-Switch
9990.0,0.004354386077436352,Non-Switch
9991.0,0.00435440421623156,Non-Switch
9992.0,0.00435435080755678,Non-Switch
9993.0,0.004354507338641354,Non-Switch
9994.0,0.004354355846111004,Non-Switch
9995.0,0.00435435080755678,Non-Switch
9996.0,0.004354360548761614,Non-Switch
9997.0,0.004354357189725464,Non-Switch
9998.0,0.0043543484562314745,Non-Switch
9999.0,0.004354352151171239,Non-Switch
