Mean Entropy,Frame Type,pred_path,dataset,id
0.0362906267140458,ID Switch,/root/vast/mustafa/dreem-experiments/paper-plots/uncertainty-microscopy/no-post-processing-no-weight-iou-entropies/test_00_frame_meta_entropy_histogram.csv,DynamicNuclearNet (cell nuclei) - Fluorescence,test_00
0.0526462192322972,ID Switch,/root/vast/mustafa/dreem-experiments/paper-plots/uncertainty-microscopy/no-post-processing-no-weight-iou-entropies/test_00_frame_meta_entropy_histogram.csv,DynamicNuclearNet (cell nuclei) - Fluorescence,test_00
0.0479620569054764,ID Switch,/root/vast/mustafa/dreem-experiments/paper-plots/uncertainty-microscopy/no-post-processing-no-weight-iou-entropies/test_00_frame_meta_entropy_histogram.csv,DynamicNuclearNet (cell nuclei) - Fluorescence,test_00
0.8869818155501092,Correctly Tracked,/root/vast/mustafa/dreem-experiments/paper-plots/uncertainty-microscopy/no-post-processing-no-weight-iou-entropies/test_00_frame_meta_entropy_histogram.csv,DynamicNuclearNet (cell nuclei) - Fluorescence,test_00
0.046867304435995,Correctly Tracked,/root/vast/mustafa/dreem-experiments/paper-plots/uncertainty-microscopy/no-post-processing-no-weight-iou-entropies/test_00_frame_meta_entropy_histogram.csv,DynamicNuclearNet (cell nuclei) - Fluorescence,test_00
0.0434593844909311,Correctly Tracked,/root/vast/mustafa/dreem-experiments/paper-plots/uncertainty-microscopy/no-post-processing-no-weight-iou-entropies/test_00_frame_meta_entropy_histogram.csv,DynamicNuclearNet (cell nuclei) - Fluorescence,test_00
0.0363496558967567,Correctly Tracked,/root/vast/mustafa/dreem-experiments/paper-plots/uncertainty-microscopy/no-post-processing-no-weight-iou-entropies/test_00_frame_meta_entropy_histogram.csv,DynamicNuclearNet (cell nuclei) - Fluorescence,test_00
0.0225845797950774,Correctly Tracked,/root/vast/mustafa/dreem-experiments/paper-plots/uncertainty-microscopy/no-post-processing-no-weight-iou-entropies/test_00_frame_meta_entropy_histogram.csv,DynamicNuclearNet (cell nuclei) - Fluorescence,test_00
0.0223139260274356,Correctly Tracked,/root/vast/mustafa/dreem-experiments/paper-plots/uncertainty-microscopy/no-post-processing-no-weight-iou-entropies/test_00_frame_meta_entropy_histogram.csv,DynamicNuclearNet (cell nuclei) - Fluorescence,test_00
0.0282707231839835,Correctly Tracked,/root/vast/mustafa/dreem-experiments/paper-plots/uncertainty-microscopy/no-post-processing-no-weight-iou-entropies/test_00_frame_meta_entropy_histogram.csv,DynamicNuclearNet (cell nuclei) - Fluorescence,test_00
0.0351768967735795,Correctly Tracked,/root/vast/mustafa/dreem-experiments/paper-plots/uncertainty-microscopy/no-post-processing-no-weight-iou-entropies/test_00_frame_meta_entropy_histogram.csv,DynamicNuclearNet (cell nuclei) - Fluorescence,test_00
0.0471114843546006,Correctly Tracked,/root/vast/mustafa/dreem-experiments/paper-plots/uncertainty-microscopy/no-post-processing-no-weight-iou-entropies/test_00_frame_meta_entropy_histogram.csv,DynamicNuclearNet (cell nuclei) - Fluorescence,test_00
0.774429737977223,Correctly Tracked,/root/vast/mustafa/dreem-experiments/paper-plots/uncertainty-microscopy/no-post-processing-no-weight-iou-entropies/test_00_frame_meta_entropy_histogram.csv,DynamicNuclearNet (cell nuclei) - Fluorescence,test_00
0.0490685845270644,Correctly Tracked,/root/vast/mustafa/dreem-experiments/paper-plots/uncertainty-microscopy/no-post-processing-no-weight-iou-entropies/test_00_frame_meta_entropy_histogram.csv,DynamicNuclearNet (cell nuclei) - Fluorescence,test_00
0.061615842264443,Correctly Tracked,/root/vast/mustafa/dreem-experiments/paper-plots/uncertainty-microscopy/no-post-processing-no-weight-iou-entropies/test_00_frame_meta_entropy_histogram.csv,DynamicNuclearNet (cell nuclei) - Fluorescence,test_00
0.0521833445234241,Correctly Tracked,/root/vast/mustafa/dreem-experiments/paper-plots/uncertainty-microscopy/no-post-processing-no-weight-iou-entropies/test_00_frame_meta_entropy_histogram.csv,DynamicNuclearNet (cell nuclei) - Fluorescence,test_00
0.046534970691357,Correctly Tracked,/root/vast/mustafa/dreem-experiments/paper-plots/uncertainty-microscopy/no-post-processing-no-weight-iou-entropies/test_00_frame_meta_entropy_histogram.csv,DynamicNuclearNet (cell nuclei) - Fluorescence,test_00
0.0378855525283893,Correctly Tracked,/root/vast/mustafa/dreem-experiments/paper-plots/uncertainty-microscopy/no-post-processing-no-weight-iou-entropies/test_00_frame_meta_entropy_histogram.csv,DynamicNuclearNet (cell nuclei) - Fluorescence,test_00
0.0479554895839431,Correctly Tracked,/root/vast/mustafa/dreem-experiments/paper-plots/uncertainty-microscopy/no-post-processing-no-weight-iou-entropies/test_00_frame_meta_entropy_histogram.csv,DynamicNuclearNet (cell nuclei) - Fluorescence,test_00
0.0429118676191945,Correctly Tracked,/root/vast/mustafa/dreem-experiments/paper-plots/uncertainty-microscopy/no-post-processing-no-weight-iou-entropies/test_00_frame_meta_entropy_histogram.csv,DynamicNuclearNet (cell nuclei) - Fluorescence,test_00
0.0489433835069444,Correctly Tracked,/root/vast/mustafa/dreem-experiments/paper-plots/uncertainty-microscopy/no-post-processing-no-weight-iou-entropies/test_00_frame_meta_entropy_histogram.csv,DynamicNuclearNet (cell nuclei) - Fluorescence,test_00
0.0556246678858651,Correctly Tracked,/root/vast/mustafa/dreem-experiments/paper-plots/uncertainty-microscopy/no-post-processing-no-weight-iou-entropies/test_00_frame_meta_entropy_histogram.csv,DynamicNuclearNet (cell nuclei) - Fluorescence,test_00
0.4670471102188868,Correctly Tracked,/root/vast/mustafa/dreem-experiments/paper-plots/uncertainty-microscopy/no-post-processing-no-weight-iou-entropies/test_00_frame_meta_entropy_histogram.csv,DynamicNuclearNet (cell nuclei) - Fluorescence,test_00
0.0678705234942374,Correctly Tracked,/root/vast/mustafa/dreem-experiments/paper-plots/uncertainty-microscopy/no-post-processing-no-weight-iou-entropies/test_00_frame_meta_entropy_histogram.csv,DynamicNuclearNet (cell nuclei) - Fluorescence,test_00
0.0829285990888149,Correctly Tracked,/root/vast/mustafa/dreem-experiments/paper-plots/uncertainty-microscopy/no-post-processing-no-weight-iou-entropies/test_00_frame_meta_entropy_histogram.csv,DynamicNuclearNet (cell nuclei) - Fluorescence,test_00
0.0814925248921428,Correctly Tracked,/root/vast/mustafa/dreem-experiments/paper-plots/uncertainty-microscopy/no-post-processing-no-weight-iou-entropies/test_00_frame_meta_entropy_histogram.csv,DynamicNuclearNet (cell nuclei) - Fluorescence,test_00
0.070801513554298,Correctly Tracked,/root/vast/mustafa/dreem-experiments/paper-plots/uncertainty-microscopy/no-post-processing-no-weight-iou-entropies/test_00_frame_meta_entropy_histogram.csv,DynamicNuclearNet (cell nuclei) - Fluorescence,test_00
0.0646429470568464,Correctly Tracked,/root/vast/mustafa/dreem-experiments/paper-plots/uncertainty-microscopy/no-post-processing-no-weight-iou-entropies/test_00_frame_meta_entropy_histogram.csv,DynamicNuclearNet (cell nuclei) - Fluorescence,test_00
0.0657660187032185,Correctly Tracked,/root/vast/mustafa/dreem-experiments/paper-plots/uncertainty-microscopy/no-post-processing-no-weight-iou-entropies/test_00_frame_meta_entropy_histogram.csv,DynamicNuclearNet (cell nuclei) - Fluorescence,test_00
0.0574914705835416,Correctly Tracked,/root/vast/mustafa/dreem-experiments/paper-plots/uncertainty-microscopy/no-post-processing-no-weight-iou-entropies/test_00_frame_meta_entropy_histogram.csv,DynamicNuclearNet (cell nuclei) - Fluorescence,test_00
0.0530665363338818,Correctly Tracked,/root/vast/mustafa/dreem-experiments/paper-plots/uncertainty-microscopy/no-post-processing-no-weight-iou-entropies/test_00_frame_meta_entropy_histogram.csv,DynamicNuclearNet (cell nuclei) - Fluorescence,test_00
0.05537646915856,Correctly Tracked,/root/vast/mustafa/dreem-experiments/paper-plots/uncertainty-microscopy/no-post-processing-no-weight-iou-entropies/test_00_frame_meta_entropy_histogram.csv,DynamicNuclearNet (cell nuclei) - Fluorescence,test_00
0.0597493762432111,Correctly Tracked,/root/vast/mustafa/dreem-experiments/paper-plots/uncertainty-microscopy/no-post-processing-no-weight-iou-entropies/test_00_frame_meta_entropy_histogram.csv,DynamicNuclearNet (cell nuclei) - Fluorescence,test_00
0.2552926448915179,Correctly Tracked,/root/vast/mustafa/dreem-experiments/paper-plots/uncertainty-microscopy/no-post-processing-no-weight-iou-entropies/test_00_frame_meta_entropy_histogram.csv,DynamicNuclearNet (cell nuclei) - Fluorescence,test_00
0.0578083086882737,Correctly Tracked,/root/vast/mustafa/dreem-experiments/paper-plots/uncertainty-microscopy/no-post-processing-no-weight-iou-entropies/test_00_frame_meta_entropy_histogram.csv,DynamicNuclearNet (cell nuclei) - Fluorescence,test_00
0.0629811206497517,Correctly Tracked,/root/vast/mustafa/dreem-experiments/paper-plots/uncertainty-microscopy/no-post-processing-no-weight-iou-entropies/test_00_frame_meta_entropy_histogram.csv,DynamicNuclearNet (cell nuclei) - Fluorescence,test_00
0.1596575443687555,Correctly Tracked,/root/vast/mustafa/dreem-experiments/paper-plots/uncertainty-microscopy/no-post-processing-no-weight-iou-entropies/test_00_frame_meta_entropy_histogram.csv,DynamicNuclearNet (cell nuclei) - Fluorescence,test_00
0.1018253273911879,Correctly Tracked,/root/vast/mustafa/dreem-experiments/paper-plots/uncertainty-microscopy/no-post-processing-no-weight-iou-entropies/test_00_frame_meta_entropy_histogram.csv,DynamicNuclearNet (cell nuclei) - Fluorescence,test_00
0.0739137335612782,Correctly Tracked,/root/vast/mustafa/dreem-experiments/paper-plots/uncertainty-microscopy/no-post-processing-no-weight-iou-entropies/test_00_frame_meta_entropy_histogram.csv,DynamicNuclearNet (cell nuclei) - Fluorescence,test_00
0.0551975107122097,Correctly Tracked,/root/vast/mustafa/dreem-experiments/paper-plots/uncertainty-microscopy/no-post-processing-no-weight-iou-entropies/test_00_frame_meta_entropy_histogram.csv,DynamicNuclearNet (cell nuclei) - Fluorescence,test_00
0.0497916376782523,Correctly Tracked,/root/vast/mustafa/dreem-experiments/paper-plots/uncertainty-microscopy/no-post-processing-no-weight-iou-entropies/test_00_frame_meta_entropy_histogram.csv,DynamicNuclearNet (cell nuclei) - Fluorescence,test_00
0.13485282151454,ID Switch,/root/vast/mustafa/dreem-experiments/paper-plots/uncertainty-microscopy/no-post-processing-no-weight-iou-entropies/test_01_frame_meta_entropy_histogram.csv,DynamicNuclearNet (cell nuclei) - Fluorescence,test_01
0.1645898462631564,ID Switch,/root/vast/mustafa/dreem-experiments/paper-plots/uncertainty-microscopy/no-post-processing-no-weight-iou-entropies/test_01_frame_meta_entropy_histogram.csv,DynamicNuclearNet (cell nuclei) - Fluorescence,test_01
0.9708987528581684,Correctly Tracked,/root/vast/mustafa/dreem-experiments/paper-plots/uncertainty-microscopy/no-post-processing-no-weight-iou-entropies/test_01_frame_meta_entropy_histogram.csv,DynamicNuclearNet (cell nuclei) - Fluorescence,test_01
0.149514417558867,Correctly Tracked,/root/vast/mustafa/dreem-experiments/paper-plots/uncertainty-microscopy/no-post-processing-no-weight-iou-entropies/test_01_frame_meta_entropy_histogram.csv,DynamicNuclearNet (cell nuclei) - Fluorescence,test_01
0.1352390051469623,Correctly Tracked,/root/vast/mustafa/dreem-experiments/paper-plots/uncertainty-microscopy/no-post-processing-no-weight-iou-entropies/test_01_frame_meta_entropy_histogram.csv,DynamicNuclearNet (cell nuclei) - Fluorescence,test_01
0.1516224169447377,Correctly Tracked,/root/vast/mustafa/dreem-experiments/paper-plots/uncertainty-microscopy/no-post-processing-no-weight-iou-entropies/test_01_frame_meta_entropy_histogram.csv,DynamicNuclearNet (cell nuclei) - Fluorescence,test_01
0.1536033051482999,Correctly Tracked,/root/vast/mustafa/dreem-experiments/paper-plots/uncertainty-microscopy/no-post-processing-no-weight-iou-entropies/test_01_frame_meta_entropy_histogram.csv,DynamicNuclearNet (cell nuclei) - Fluorescence,test_01
0.1505662665752043,Correctly Tracked,/root/vast/mustafa/dreem-experiments/paper-plots/uncertainty-microscopy/no-post-processing-no-weight-iou-entropies/test_01_frame_meta_entropy_histogram.csv,DynamicNuclearNet (cell nuclei) - Fluorescence,test_01
0.1537724563052613,Correctly Tracked,/root/vast/mustafa/dreem-experiments/paper-plots/uncertainty-microscopy/no-post-processing-no-weight-iou-entropies/test_01_frame_meta_entropy_histogram.csv,DynamicNuclearNet (cell nuclei) - Fluorescence,test_01
0.1578215696534121,Correctly Tracked,/root/vast/mustafa/dreem-experiments/paper-plots/uncertainty-microscopy/no-post-processing-no-weight-iou-entropies/test_01_frame_meta_entropy_histogram.csv,DynamicNuclearNet (cell nuclei) - Fluorescence,test_01
0.158652704377561,Correctly Tracked,/root/vast/mustafa/dreem-experiments/paper-plots/uncertainty-microscopy/no-post-processing-no-weight-iou-entropies/test_01_frame_meta_entropy_histogram.csv,DynamicNuclearNet (cell nuclei) - Fluorescence,test_01
0.9064198753553276,Correctly Tracked,/root/vast/mustafa/dreem-experiments/paper-plots/uncertainty-microscopy/no-post-processing-no-weight-iou-entropies/test_01_frame_meta_entropy_histogram.csv,DynamicNuclearNet (cell nuclei) - Fluorescence,test_01
0.1553247314788252,Correctly Tracked,/root/vast/mustafa/dreem-experiments/paper-plots/uncertainty-microscopy/no-post-processing-no-weight-iou-entropies/test_01_frame_meta_entropy_histogram.csv,DynamicNuclearNet (cell nuclei) - Fluorescence,test_01
0.1662165543181584,Correctly Tracked,/root/vast/mustafa/dreem-experiments/paper-plots/uncertainty-microscopy/no-post-processing-no-weight-iou-entropies/test_01_frame_meta_entropy_histogram.csv,DynamicNuclearNet (cell nuclei) - Fluorescence,test_01
0.1751758482005617,Correctly Tracked,/root/vast/mustafa/dreem-experiments/paper-plots/uncertainty-microscopy/no-post-processing-no-weight-iou-entropies/test_01_frame_meta_entropy_histogram.csv,DynamicNuclearNet (cell nuclei) - Fluorescence,test_01
0.1779359893742907,Correctly Tracked,/root/vast/mustafa/dreem-experiments/paper-plots/uncertainty-microscopy/no-post-processing-no-weight-iou-entropies/test_01_frame_meta_entropy_histogram.csv,DynamicNuclearNet (cell nuclei) - Fluorescence,test_01
0.1765073559788113,Correctly Tracked,/root/vast/mustafa/dreem-experiments/paper-plots/uncertainty-microscopy/no-post-processing-no-weight-iou-entropies/test_01_frame_meta_entropy_histogram.csv,DynamicNuclearNet (cell nuclei) - Fluorescence,test_01
0.1696876401411338,Correctly Tracked,/root/vast/mustafa/dreem-experiments/paper-plots/uncertainty-microscopy/no-post-processing-no-weight-iou-entropies/test_01_frame_meta_entropy_histogram.csv,DynamicNuclearNet (cell nuclei) - Fluorescence,test_01
0.1619113776970269,Correctly Tracked,/root/vast/mustafa/dreem-experiments/paper-plots/uncertainty-microscopy/no-post-processing-no-weight-iou-entropies/test_01_frame_meta_entropy_histogram.csv,DynamicNuclearNet (cell nuclei) - Fluorescence,test_01
0.1583510432204936,Correctly Tracked,/root/vast/mustafa/dreem-experiments/paper-plots/uncertainty-microscopy/no-post-processing-no-weight-iou-entropies/test_01_frame_meta_entropy_histogram.csv,DynamicNuclearNet (cell nuclei) - Fluorescence,test_01
0.1524394262374032,Correctly Tracked,/root/vast/mustafa/dreem-experiments/paper-plots/uncertainty-microscopy/no-post-processing-no-weight-iou-entropies/test_01_frame_meta_entropy_histogram.csv,DynamicNuclearNet (cell nuclei) - Fluorescence,test_01
0.1492488665273961,Correctly Tracked,/root/vast/mustafa/dreem-experiments/paper-plots/uncertainty-microscopy/no-post-processing-no-weight-iou-entropies/test_01_frame_meta_entropy_histogram.csv,DynamicNuclearNet (cell nuclei) - Fluorescence,test_01
0.708875043420595,Correctly Tracked,/root/vast/mustafa/dreem-experiments/paper-plots/uncertainty-microscopy/no-post-processing-no-weight-iou-entropies/test_01_frame_meta_entropy_histogram.csv,DynamicNuclearNet (cell nuclei) - Fluorescence,test_01
0.1461980122910514,Correctly Tracked,/root/vast/mustafa/dreem-experiments/paper-plots/uncertainty-microscopy/no-post-processing-no-weight-iou-entropies/test_01_frame_meta_entropy_histogram.csv,DynamicNuclearNet (cell nuclei) - Fluorescence,test_01
0.1434211347821501,Correctly Tracked,/root/vast/mustafa/dreem-experiments/paper-plots/uncertainty-microscopy/no-post-processing-no-weight-iou-entropies/test_01_frame_meta_entropy_histogram.csv,DynamicNuclearNet (cell nuclei) - Fluorescence,test_01
0.1411670840990747,Correctly Tracked,/root/vast/mustafa/dreem-experiments/paper-plots/uncertainty-microscopy/no-post-processing-no-weight-iou-entropies/test_01_frame_meta_entropy_histogram.csv,DynamicNuclearNet (cell nuclei) - Fluorescence,test_01
0.1403946814321461,Correctly Tracked,/root/vast/mustafa/dreem-experiments/paper-plots/uncertainty-microscopy/no-post-processing-no-weight-iou-entropies/test_01_frame_meta_entropy_histogram.csv,DynamicNuclearNet (cell nuclei) - Fluorescence,test_01
0.1399086373715113,Correctly Tracked,/root/vast/mustafa/dreem-experiments/paper-plots/uncertainty-microscopy/no-post-processing-no-weight-iou-entropies/test_01_frame_meta_entropy_histogram.csv,DynamicNuclearNet (cell nuclei) - Fluorescence,test_01
0.1392291386233053,Correctly Tracked,/root/vast/mustafa/dreem-experiments/paper-plots/uncertainty-microscopy/no-post-processing-no-weight-iou-entropies/test_01_frame_meta_entropy_histogram.csv,DynamicNuclearNet (cell nuclei) - Fluorescence,test_01
0.1428364339641562,Correctly Tracked,/root/vast/mustafa/dreem-experiments/paper-plots/uncertainty-microscopy/no-post-processing-no-weight-iou-entropies/test_01_frame_meta_entropy_histogram.csv,DynamicNuclearNet (cell nuclei) - Fluorescence,test_01
0.1446591633578136,Correctly Tracked,/root/vast/mustafa/dreem-experiments/paper-plots/uncertainty-microscopy/no-post-processing-no-weight-iou-entropies/test_01_frame_meta_entropy_histogram.csv,DynamicNuclearNet (cell nuclei) - Fluorescence,test_01
0.1444265539654287,Correctly Tracked,/root/vast/mustafa/dreem-experiments/paper-plots/uncertainty-microscopy/no-post-processing-no-weight-iou-entropies/test_01_frame_meta_entropy_histogram.csv,DynamicNuclearNet (cell nuclei) - Fluorescence,test_01
0.116713510607024,Correctly Tracked,/root/vast/mustafa/dreem-experiments/paper-plots/uncertainty-microscopy/no-post-processing-no-weight-iou-entropies/test_01_frame_meta_entropy_histogram.csv,DynamicNuclearNet (cell nuclei) - Fluorescence,test_01
0.503014970015142,Correctly Tracked,/root/vast/mustafa/dreem-experiments/paper-plots/uncertainty-microscopy/no-post-processing-no-weight-iou-entropies/test_01_frame_meta_entropy_histogram.csv,DynamicNuclearNet (cell nuclei) - Fluorescence,test_01
0.1411890510921459,Correctly Tracked,/root/vast/mustafa/dreem-experiments/paper-plots/uncertainty-microscopy/no-post-processing-no-weight-iou-entropies/test_01_frame_meta_entropy_histogram.csv,DynamicNuclearNet (cell nuclei) - Fluorescence,test_01
0.1387539630024334,Correctly Tracked,/root/vast/mustafa/dreem-experiments/paper-plots/uncertainty-microscopy/no-post-processing-no-weight-iou-entropies/test_01_frame_meta_entropy_histogram.csv,DynamicNuclearNet (cell nuclei) - Fluorescence,test_01
0.3664846384551772,Correctly Tracked,/root/vast/mustafa/dreem-experiments/paper-plots/uncertainty-microscopy/no-post-processing-no-weight-iou-entropies/test_01_frame_meta_entropy_histogram.csv,DynamicNuclearNet (cell nuclei) - Fluorescence,test_01
0.2704985258015553,Correctly Tracked,/root/vast/mustafa/dreem-experiments/paper-plots/uncertainty-microscopy/no-post-processing-no-weight-iou-entropies/test_01_frame_meta_entropy_histogram.csv,DynamicNuclearNet (cell nuclei) - Fluorescence,test_01
0.2069162768781123,Correctly Tracked,/root/vast/mustafa/dreem-experiments/paper-plots/uncertainty-microscopy/no-post-processing-no-weight-iou-entropies/test_01_frame_meta_entropy_histogram.csv,DynamicNuclearNet (cell nuclei) - Fluorescence,test_01
0.1323471416694945,Correctly Tracked,/root/vast/mustafa/dreem-experiments/paper-plots/uncertainty-microscopy/no-post-processing-no-weight-iou-entropies/test_01_frame_meta_entropy_histogram.csv,DynamicNuclearNet (cell nuclei) - Fluorescence,test_01
0.1536760387297099,Correctly Tracked,/root/vast/mustafa/dreem-experiments/paper-plots/uncertainty-microscopy/no-post-processing-no-weight-iou-entropies/test_01_frame_meta_entropy_histogram.csv,DynamicNuclearNet (cell nuclei) - Fluorescence,test_01
0.354218501996991,ID Switch,/root/vast/mustafa/dreem-experiments/paper-plots/uncertainty-microscopy/no-post-processing-no-weight-iou-entropies/test_02_frame_meta_entropy_histogram.csv,DynamicNuclearNet (cell nuclei) - Fluorescence,test_02
0.2719661259511626,ID Switch,/root/vast/mustafa/dreem-experiments/paper-plots/uncertainty-microscopy/no-post-processing-no-weight-iou-entropies/test_02_frame_meta_entropy_histogram.csv,DynamicNuclearNet (cell nuclei) - Fluorescence,test_02
0.3067118960119098,ID Switch,/root/vast/mustafa/dreem-experiments/paper-plots/uncertainty-microscopy/no-post-processing-no-weight-iou-entropies/test_02_frame_meta_entropy_histogram.csv,DynamicNuclearNet (cell nuclei) - Fluorescence,test_02
0.2904961390809791,ID Switch,/root/vast/mustafa/dreem-experiments/paper-plots/uncertainty-microscopy/no-post-processing-no-weight-iou-entropies/test_02_frame_meta_entropy_histogram.csv,DynamicNuclearNet (cell nuclei) - Fluorescence,test_02
0.2995134823370504,ID Switch,/root/vast/mustafa/dreem-experiments/paper-plots/uncertainty-microscopy/no-post-processing-no-weight-iou-entropies/test_02_frame_meta_entropy_histogram.csv,DynamicNuclearNet (cell nuclei) - Fluorescence,test_02
0.2445131229319392,ID Switch,/root/vast/mustafa/dreem-experiments/paper-plots/uncertainty-microscopy/no-post-processing-no-weight-iou-entropies/test_02_frame_meta_entropy_histogram.csv,DynamicNuclearNet (cell nuclei) - Fluorescence,test_02
0.9181800831479632,Correctly Tracked,/root/vast/mustafa/dreem-experiments/paper-plots/uncertainty-microscopy/no-post-processing-no-weight-iou-entropies/test_02_frame_meta_entropy_histogram.csv,DynamicNuclearNet (cell nuclei) - Fluorescence,test_02
0.2030764597872406,Correctly Tracked,/root/vast/mustafa/dreem-experiments/paper-plots/uncertainty-microscopy/no-post-processing-no-weight-iou-entropies/test_02_frame_meta_entropy_histogram.csv,DynamicNuclearNet (cell nuclei) - Fluorescence,test_02
0.1996688582505479,Correctly Tracked,/root/vast/mustafa/dreem-experiments/paper-plots/uncertainty-microscopy/no-post-processing-no-weight-iou-entropies/test_02_frame_meta_entropy_histogram.csv,DynamicNuclearNet (cell nuclei) - Fluorescence,test_02
0.2001091834807533,Correctly Tracked,/root/vast/mustafa/dreem-experiments/paper-plots/uncertainty-microscopy/no-post-processing-no-weight-iou-entropies/test_02_frame_meta_entropy_histogram.csv,DynamicNuclearNet (cell nuclei) - Fluorescence,test_02
0.222887668268762,Correctly Tracked,/root/vast/mustafa/dreem-experiments/paper-plots/uncertainty-microscopy/no-post-processing-no-weight-iou-entropies/test_02_frame_meta_entropy_histogram.csv,DynamicNuclearNet (cell nuclei) - Fluorescence,test_02
0.3443179666795303,Correctly Tracked,/root/vast/mustafa/dreem-experiments/paper-plots/uncertainty-microscopy/no-post-processing-no-weight-iou-entropies/test_02_frame_meta_entropy_histogram.csv,DynamicNuclearNet (cell nuclei) - Fluorescence,test_02
0.3684892202464708,Correctly Tracked,/root/vast/mustafa/dreem-experiments/paper-plots/uncertainty-microscopy/no-post-processing-no-weight-iou-entropies/test_02_frame_meta_entropy_histogram.csv,DynamicNuclearNet (cell nuclei) - Fluorescence,test_02
0.3454619155783934,Correctly Tracked,/root/vast/mustafa/dreem-experiments/paper-plots/uncertainty-microscopy/no-post-processing-no-weight-iou-entropies/test_02_frame_meta_entropy_histogram.csv,DynamicNuclearNet (cell nuclei) - Fluorescence,test_02
0.2615789168822808,Correctly Tracked,/root/vast/mustafa/dreem-experiments/paper-plots/uncertainty-microscopy/no-post-processing-no-weight-iou-entropies/test_02_frame_meta_entropy_histogram.csv,DynamicNuclearNet (cell nuclei) - Fluorescence,test_02
0.3131585098287766,Correctly Tracked,/root/vast/mustafa/dreem-experiments/paper-plots/uncertainty-microscopy/no-post-processing-no-weight-iou-entropies/test_02_frame_meta_entropy_histogram.csv,DynamicNuclearNet (cell nuclei) - Fluorescence,test_02
0.3234755821335762,Correctly Tracked,/root/vast/mustafa/dreem-experiments/paper-plots/uncertainty-microscopy/no-post-processing-no-weight-iou-entropies/test_02_frame_meta_entropy_histogram.csv,DynamicNuclearNet (cell nuclei) - Fluorescence,test_02
0.8859902783948935,Correctly Tracked,/root/vast/mustafa/dreem-experiments/paper-plots/uncertainty-microscopy/no-post-processing-no-weight-iou-entropies/test_02_frame_meta_entropy_histogram.csv,DynamicNuclearNet (cell nuclei) - Fluorescence,test_02
0.3504545051770138,Correctly Tracked,/root/vast/mustafa/dreem-experiments/paper-plots/uncertainty-microscopy/no-post-processing-no-weight-iou-entropies/test_02_frame_meta_entropy_histogram.csv,DynamicNuclearNet (cell nuclei) - Fluorescence,test_02
0.3613450654689062,Correctly Tracked,/root/vast/mustafa/dreem-experiments/paper-plots/uncertainty-microscopy/no-post-processing-no-weight-iou-entropies/test_02_frame_meta_entropy_histogram.csv,DynamicNuclearNet (cell nuclei) - Fluorescence,test_02
0.3551526974218377,Correctly Tracked,/root/vast/mustafa/dreem-experiments/paper-plots/uncertainty-microscopy/no-post-processing-no-weight-iou-entropies/test_02_frame_meta_entropy_histogram.csv,DynamicNuclearNet (cell nuclei) - Fluorescence,test_02
0.3488212838111224,Correctly Tracked,/root/vast/mustafa/dreem-experiments/paper-plots/uncertainty-microscopy/no-post-processing-no-weight-iou-entropies/test_02_frame_meta_entropy_histogram.csv,DynamicNuclearNet (cell nuclei) - Fluorescence,test_02
0.2993041857800639,Correctly Tracked,/root/vast/mustafa/dreem-experiments/paper-plots/uncertainty-microscopy/no-post-processing-no-weight-iou-entropies/test_02_frame_meta_entropy_histogram.csv,DynamicNuclearNet (cell nuclei) - Fluorescence,test_02
0.374576154688901,Correctly Tracked,/root/vast/mustafa/dreem-experiments/paper-plots/uncertainty-microscopy/no-post-processing-no-weight-iou-entropies/test_02_frame_meta_entropy_histogram.csv,DynamicNuclearNet (cell nuclei) - Fluorescence,test_02
0.3143097122854886,Correctly Tracked,/root/vast/mustafa/dreem-experiments/paper-plots/uncertainty-microscopy/no-post-processing-no-weight-iou-entropies/test_02_frame_meta_entropy_histogram.csv,DynamicNuclearNet (cell nuclei) - Fluorescence,test_02
0.2974465895952007,Correctly Tracked,/root/vast/mustafa/dreem-experiments/paper-plots/uncertainty-microscopy/no-post-processing-no-weight-iou-entropies/test_02_frame_meta_entropy_histogram.csv,DynamicNuclearNet (cell nuclei) - Fluorescence,test_02
0.2914245944856383,Correctly Tracked,/root/vast/mustafa/dreem-experiments/paper-plots/uncertainty-microscopy/no-post-processing-no-weight-iou-entropies/test_02_frame_meta_entropy_histogram.csv,DynamicNuclearNet (cell nuclei) - Fluorescence,test_02
0.7578247088336494,Correctly Tracked,/root/vast/mustafa/dreem-experiments/paper-plots/uncertainty-microscopy/no-post-processing-no-weight-iou-entropies/test_02_frame_meta_entropy_histogram.csv,DynamicNuclearNet (cell nuclei) - Fluorescence,test_02
0.2694227829764348,Correctly Tracked,/root/vast/mustafa/dreem-experiments/paper-plots/uncertainty-microscopy/no-post-processing-no-weight-iou-entropies/test_02_frame_meta_entropy_histogram.csv,DynamicNuclearNet (cell nuclei) - Fluorescence,test_02
0.271377673931342,Correctly Tracked,/root/vast/mustafa/dreem-experiments/paper-plots/uncertainty-microscopy/no-post-processing-no-weight-iou-entropies/test_02_frame_meta_entropy_histogram.csv,DynamicNuclearNet (cell nuclei) - Fluorescence,test_02
0.2858593736193559,Correctly Tracked,/root/vast/mustafa/dreem-experiments/paper-plots/uncertainty-microscopy/no-post-processing-no-weight-iou-entropies/test_02_frame_meta_entropy_histogram.csv,DynamicNuclearNet (cell nuclei) - Fluorescence,test_02
0.3100602982359224,Correctly Tracked,/root/vast/mustafa/dreem-experiments/paper-plots/uncertainty-microscopy/no-post-processing-no-weight-iou-entropies/test_02_frame_meta_entropy_histogram.csv,DynamicNuclearNet (cell nuclei) - Fluorescence,test_02
0.2671021584964455,Correctly Tracked,/root/vast/mustafa/dreem-experiments/paper-plots/uncertainty-microscopy/no-post-processing-no-weight-iou-entropies/test_02_frame_meta_entropy_histogram.csv,DynamicNuclearNet (cell nuclei) - Fluorescence,test_02
0.2221241456332222,Correctly Tracked,/root/vast/mustafa/dreem-experiments/paper-plots/uncertainty-microscopy/no-post-processing-no-weight-iou-entropies/test_02_frame_meta_entropy_histogram.csv,DynamicNuclearNet (cell nuclei) - Fluorescence,test_02
0.5816925606248351,Correctly Tracked,/root/vast/mustafa/dreem-experiments/paper-plots/uncertainty-microscopy/no-post-processing-no-weight-iou-entropies/test_02_frame_meta_entropy_histogram.csv,DynamicNuclearNet (cell nuclei) - Fluorescence,test_02
0.2443330976221776,Correctly Tracked,/root/vast/mustafa/dreem-experiments/paper-plots/uncertainty-microscopy/no-post-processing-no-weight-iou-entropies/test_02_frame_meta_entropy_histogram.csv,DynamicNuclearNet (cell nuclei) - Fluorescence,test_02
0.4291123720636257,Correctly Tracked,/root/vast/mustafa/dreem-experiments/paper-plots/uncertainty-microscopy/no-post-processing-no-weight-iou-entropies/test_02_frame_meta_entropy_histogram.csv,DynamicNuclearNet (cell nuclei) - Fluorescence,test_02
0.3123643023589508,Correctly Tracked,/root/vast/mustafa/dreem-experiments/paper-plots/uncertainty-microscopy/no-post-processing-no-weight-iou-entropies/test_02_frame_meta_entropy_histogram.csv,DynamicNuclearNet (cell nuclei) - Fluorescence,test_02
0.2517596271241906,Correctly Tracked,/root/vast/mustafa/dreem-experiments/paper-plots/uncertainty-microscopy/no-post-processing-no-weight-iou-entropies/test_02_frame_meta_entropy_histogram.csv,DynamicNuclearNet (cell nuclei) - Fluorescence,test_02
0.1953345290267151,Correctly Tracked,/root/vast/mustafa/dreem-experiments/paper-plots/uncertainty-microscopy/no-post-processing-no-weight-iou-entropies/test_02_frame_meta_entropy_histogram.csv,DynamicNuclearNet (cell nuclei) - Fluorescence,test_02
0.2040126399454357,Correctly Tracked,/root/vast/mustafa/dreem-experiments/paper-plots/uncertainty-microscopy/no-post-processing-no-weight-iou-entropies/test_02_frame_meta_entropy_histogram.csv,DynamicNuclearNet (cell nuclei) - Fluorescence,test_02
0.8407215834266005,Correctly Tracked,/root/vast/mustafa/dreem-experiments/paper-plots/uncertainty-microscopy/no-post-processing-no-weight-iou-entropies/test_03_frame_meta_entropy_histogram.csv,DynamicNuclearNet (cell nuclei) - Fluorescence,test_03
0.0331580059636349,Correctly Tracked,/root/vast/mustafa/dreem-experiments/paper-plots/uncertainty-microscopy/no-post-processing-no-weight-iou-entropies/test_03_frame_meta_entropy_histogram.csv,DynamicNuclearNet (cell nuclei) - Fluorescence,test_03
0.0526232761770854,Correctly Tracked,/root/vast/mustafa/dreem-experiments/paper-plots/uncertainty-microscopy/no-post-processing-no-weight-iou-entropies/test_03_frame_meta_entropy_histogram.csv,DynamicNuclearNet (cell nuclei) - Fluorescence,test_03
0.0175954536800826,Correctly Tracked,/root/vast/mustafa/dreem-experiments/paper-plots/uncertainty-microscopy/no-post-processing-no-weight-iou-entropies/test_03_frame_meta_entropy_histogram.csv,DynamicNuclearNet (cell nuclei) - Fluorescence,test_03
0.0034020994442361,Correctly Tracked,/root/vast/mustafa/dreem-experiments/paper-plots/uncertainty-microscopy/no-post-processing-no-weight-iou-entropies/test_03_frame_meta_entropy_histogram.csv,DynamicNuclearNet (cell nuclei) - Fluorescence,test_03
0.0015860009064658,Correctly Tracked,/root/vast/mustafa/dreem-experiments/paper-plots/uncertainty-microscopy/no-post-processing-no-weight-iou-entropies/test_03_frame_meta_entropy_histogram.csv,DynamicNuclearNet (cell nuclei) - Fluorescence,test_03
0.0011910496100239,Correctly Tracked,/root/vast/mustafa/dreem-experiments/paper-plots/uncertainty-microscopy/no-post-processing-no-weight-iou-entropies/test_03_frame_meta_entropy_histogram.csv,DynamicNuclearNet (cell nuclei) - Fluorescence,test_03
0.000999384876643,Correctly Tracked,/root/vast/mustafa/dreem-experiments/paper-plots/uncertainty-microscopy/no-post-processing-no-weight-iou-entropies/test_03_frame_meta_entropy_histogram.csv,DynamicNuclearNet (cell nuclei) - Fluorescence,test_03
0.001314677654965,Correctly Tracked,/root/vast/mustafa/dreem-experiments/paper-plots/uncertainty-microscopy/no-post-processing-no-weight-iou-entropies/test_03_frame_meta_entropy_histogram.csv,DynamicNuclearNet (cell nuclei) - Fluorescence,test_03
0.0014943832795935,Correctly Tracked,/root/vast/mustafa/dreem-experiments/paper-plots/uncertainty-microscopy/no-post-processing-no-weight-iou-entropies/test_03_frame_meta_entropy_histogram.csv,DynamicNuclearNet (cell nuclei) - Fluorescence,test_03
0.0020499304855858,Correctly Tracked,/root/vast/mustafa/dreem-experiments/paper-plots/uncertainty-microscopy/no-post-processing-no-weight-iou-entropies/test_03_frame_meta_entropy_histogram.csv,DynamicNuclearNet (cell nuclei) - Fluorescence,test_03
0.6883466272421762,Correctly Tracked,/root/vast/mustafa/dreem-experiments/paper-plots/uncertainty-microscopy/no-post-processing-no-weight-iou-entropies/test_03_frame_meta_entropy_histogram.csv,DynamicNuclearNet (cell nuclei) - Fluorescence,test_03
0.0015084971239331,Correctly Tracked,/root/vast/mustafa/dreem-experiments/paper-plots/uncertainty-microscopy/no-post-processing-no-weight-iou-entropies/test_03_frame_meta_entropy_histogram.csv,DynamicNuclearNet (cell nuclei) - Fluorescence,test_03
0.0020462680231307,Correctly Tracked,/root/vast/mustafa/dreem-experiments/paper-plots/uncertainty-microscopy/no-post-processing-no-weight-iou-entropies/test_03_frame_meta_entropy_histogram.csv,DynamicNuclearNet (cell nuclei) - Fluorescence,test_03
0.0021745503903828,Correctly Tracked,/root/vast/mustafa/dreem-experiments/paper-plots/uncertainty-microscopy/no-post-processing-no-weight-iou-entropies/test_03_frame_meta_entropy_histogram.csv,DynamicNuclearNet (cell nuclei) - Fluorescence,test_03
0.0095995961942956,Correctly Tracked,/root/vast/mustafa/dreem-experiments/paper-plots/uncertainty-microscopy/no-post-processing-no-weight-iou-entropies/test_03_frame_meta_entropy_histogram.csv,DynamicNuclearNet (cell nuclei) - Fluorescence,test_03
0.0959331737422051,Correctly Tracked,/root/vast/mustafa/dreem-experiments/paper-plots/uncertainty-microscopy/no-post-processing-no-weight-iou-entropies/test_03_frame_meta_entropy_histogram.csv,DynamicNuclearNet (cell nuclei) - Fluorescence,test_03
0.0608977959362114,Correctly Tracked,/root/vast/mustafa/dreem-experiments/paper-plots/uncertainty-microscopy/no-post-processing-no-weight-iou-entropies/test_03_frame_meta_entropy_histogram.csv,DynamicNuclearNet (cell nuclei) - Fluorescence,test_03
0.0345985695886415,Correctly Tracked,/root/vast/mustafa/dreem-experiments/paper-plots/uncertainty-microscopy/no-post-processing-no-weight-iou-entropies/test_03_frame_meta_entropy_histogram.csv,DynamicNuclearNet (cell nuclei) - Fluorescence,test_03
0.0241942414776097,Correctly Tracked,/root/vast/mustafa/dreem-experiments/paper-plots/uncertainty-microscopy/no-post-processing-no-weight-iou-entropies/test_03_frame_meta_entropy_histogram.csv,DynamicNuclearNet (cell nuclei) - Fluorescence,test_03
0.0288343972619727,Correctly Tracked,/root/vast/mustafa/dreem-experiments/paper-plots/uncertainty-microscopy/no-post-processing-no-weight-iou-entropies/test_03_frame_meta_entropy_histogram.csv,DynamicNuclearNet (cell nuclei) - Fluorescence,test_03
0.0165134179505461,Correctly Tracked,/root/vast/mustafa/dreem-experiments/paper-plots/uncertainty-microscopy/no-post-processing-no-weight-iou-entropies/test_03_frame_meta_entropy_histogram.csv,DynamicNuclearNet (cell nuclei) - Fluorescence,test_03
0.3314855499642775,Correctly Tracked,/root/vast/mustafa/dreem-experiments/paper-plots/uncertainty-microscopy/no-post-processing-no-weight-iou-entropies/test_03_frame_meta_entropy_histogram.csv,DynamicNuclearNet (cell nuclei) - Fluorescence,test_03
0.0193755151532628,Correctly Tracked,/root/vast/mustafa/dreem-experiments/paper-plots/uncertainty-microscopy/no-post-processing-no-weight-iou-entropies/test_03_frame_meta_entropy_histogram.csv,DynamicNuclearNet (cell nuclei) - Fluorescence,test_03
0.0258203213198693,Correctly Tracked,/root/vast/mustafa/dreem-experiments/paper-plots/uncertainty-microscopy/no-post-processing-no-weight-iou-entropies/test_03_frame_meta_entropy_histogram.csv,DynamicNuclearNet (cell nuclei) - Fluorescence,test_03
0.0270846717334735,Correctly Tracked,/root/vast/mustafa/dreem-experiments/paper-plots/uncertainty-microscopy/no-post-processing-no-weight-iou-entropies/test_03_frame_meta_entropy_histogram.csv,DynamicNuclearNet (cell nuclei) - Fluorescence,test_03
0.022275850313527,Correctly Tracked,/root/vast/mustafa/dreem-experiments/paper-plots/uncertainty-microscopy/no-post-processing-no-weight-iou-entropies/test_03_frame_meta_entropy_histogram.csv,DynamicNuclearNet (cell nuclei) - Fluorescence,test_03
0.0245512562491023,Correctly Tracked,/root/vast/mustafa/dreem-experiments/paper-plots/uncertainty-microscopy/no-post-processing-no-weight-iou-entropies/test_03_frame_meta_entropy_histogram.csv,DynamicNuclearNet (cell nuclei) - Fluorescence,test_03
0.0229339741787929,Correctly Tracked,/root/vast/mustafa/dreem-experiments/paper-plots/uncertainty-microscopy/no-post-processing-no-weight-iou-entropies/test_03_frame_meta_entropy_histogram.csv,DynamicNuclearNet (cell nuclei) - Fluorescence,test_03
0.0193808600639393,Correctly Tracked,/root/vast/mustafa/dreem-experiments/paper-plots/uncertainty-microscopy/no-post-processing-no-weight-iou-entropies/test_03_frame_meta_entropy_histogram.csv,DynamicNuclearNet (cell nuclei) - Fluorescence,test_03
0.0163445074311844,Correctly Tracked,/root/vast/mustafa/dreem-experiments/paper-plots/uncertainty-microscopy/no-post-processing-no-weight-iou-entropies/test_03_frame_meta_entropy_histogram.csv,DynamicNuclearNet (cell nuclei) - Fluorescence,test_03
0.0201239908218181,Correctly Tracked,/root/vast/mustafa/dreem-experiments/paper-plots/uncertainty-microscopy/no-post-processing-no-weight-iou-entropies/test_03_frame_meta_entropy_histogram.csv,DynamicNuclearNet (cell nuclei) - Fluorescence,test_03
0.0239920551193657,Correctly Tracked,/root/vast/mustafa/dreem-experiments/paper-plots/uncertainty-microscopy/no-post-processing-no-weight-iou-entropies/test_03_frame_meta_entropy_histogram.csv,DynamicNuclearNet (cell nuclei) - Fluorescence,test_03
0.1174860085669461,Correctly Tracked,/root/vast/mustafa/dreem-experiments/paper-plots/uncertainty-microscopy/no-post-processing-no-weight-iou-entropies/test_03_frame_meta_entropy_histogram.csv,DynamicNuclearNet (cell nuclei) - Fluorescence,test_03
0.0732360820864525,Correctly Tracked,/root/vast/mustafa/dreem-experiments/paper-plots/uncertainty-microscopy/no-post-processing-no-weight-iou-entropies/test_03_frame_meta_entropy_histogram.csv,DynamicNuclearNet (cell nuclei) - Fluorescence,test_03
0.0884509690033945,Correctly Tracked,/root/vast/mustafa/dreem-experiments/paper-plots/uncertainty-microscopy/no-post-processing-no-weight-iou-entropies/test_03_frame_meta_entropy_histogram.csv,DynamicNuclearNet (cell nuclei) - Fluorescence,test_03
0.0390280273701723,Correctly Tracked,/root/vast/mustafa/dreem-experiments/paper-plots/uncertainty-microscopy/no-post-processing-no-weight-iou-entropies/test_03_frame_meta_entropy_histogram.csv,DynamicNuclearNet (cell nuclei) - Fluorescence,test_03
0.0115683315966066,Correctly Tracked,/root/vast/mustafa/dreem-experiments/paper-plots/uncertainty-microscopy/no-post-processing-no-weight-iou-entropies/test_03_frame_meta_entropy_histogram.csv,DynamicNuclearNet (cell nuclei) - Fluorescence,test_03
0.0063816957503577,Correctly Tracked,/root/vast/mustafa/dreem-experiments/paper-plots/uncertainty-microscopy/no-post-processing-no-weight-iou-entropies/test_03_frame_meta_entropy_histogram.csv,DynamicNuclearNet (cell nuclei) - Fluorescence,test_03
0.0060169188075246,Correctly Tracked,/root/vast/mustafa/dreem-experiments/paper-plots/uncertainty-microscopy/no-post-processing-no-weight-iou-entropies/test_03_frame_meta_entropy_histogram.csv,DynamicNuclearNet (cell nuclei) - Fluorescence,test_03
0.016626909982021,Correctly Tracked,/root/vast/mustafa/dreem-experiments/paper-plots/uncertainty-microscopy/no-post-processing-no-weight-iou-entropies/test_03_frame_meta_entropy_histogram.csv,DynamicNuclearNet (cell nuclei) - Fluorescence,test_03
0.8814562447579379,Correctly Tracked,/root/vast/mustafa/dreem-experiments/paper-plots/uncertainty-microscopy/no-post-processing-no-weight-iou-entropies/test_04_frame_meta_entropy_histogram.csv,DynamicNuclearNet (cell nuclei) - Fluorescence,test_04
0.090174669071053,Correctly Tracked,/root/vast/mustafa/dreem-experiments/paper-plots/uncertainty-microscopy/no-post-processing-no-weight-iou-entropies/test_04_frame_meta_entropy_histogram.csv,DynamicNuclearNet (cell nuclei) - Fluorescence,test_04
0.0513573205573519,Correctly Tracked,/root/vast/mustafa/dreem-experiments/paper-plots/uncertainty-microscopy/no-post-processing-no-weight-iou-entropies/test_04_frame_meta_entropy_histogram.csv,DynamicNuclearNet (cell nuclei) - Fluorescence,test_04
0.056715455776897,Correctly Tracked,/root/vast/mustafa/dreem-experiments/paper-plots/uncertainty-microscopy/no-post-processing-no-weight-iou-entropies/test_04_frame_meta_entropy_histogram.csv,DynamicNuclearNet (cell nuclei) - Fluorescence,test_04
0.0516974923778134,Correctly Tracked,/root/vast/mustafa/dreem-experiments/paper-plots/uncertainty-microscopy/no-post-processing-no-weight-iou-entropies/test_04_frame_meta_entropy_histogram.csv,DynamicNuclearNet (cell nuclei) - Fluorescence,test_04
0.0576008695537337,Correctly Tracked,/root/vast/mustafa/dreem-experiments/paper-plots/uncertainty-microscopy/no-post-processing-no-weight-iou-entropies/test_04_frame_meta_entropy_histogram.csv,DynamicNuclearNet (cell nuclei) - Fluorescence,test_04
0.0633548370415472,Correctly Tracked,/root/vast/mustafa/dreem-experiments/paper-plots/uncertainty-microscopy/no-post-processing-no-weight-iou-entropies/test_04_frame_meta_entropy_histogram.csv,DynamicNuclearNet (cell nuclei) - Fluorescence,test_04
0.0542409665859347,Correctly Tracked,/root/vast/mustafa/dreem-experiments/paper-plots/uncertainty-microscopy/no-post-processing-no-weight-iou-entropies/test_04_frame_meta_entropy_histogram.csv,DynamicNuclearNet (cell nuclei) - Fluorescence,test_04
0.0375821189941928,Correctly Tracked,/root/vast/mustafa/dreem-experiments/paper-plots/uncertainty-microscopy/no-post-processing-no-weight-iou-entropies/test_04_frame_meta_entropy_histogram.csv,DynamicNuclearNet (cell nuclei) - Fluorescence,test_04
0.0255284913215124,Correctly Tracked,/root/vast/mustafa/dreem-experiments/paper-plots/uncertainty-microscopy/no-post-processing-no-weight-iou-entropies/test_04_frame_meta_entropy_histogram.csv,DynamicNuclearNet (cell nuclei) - Fluorescence,test_04
0.0226489236524347,Correctly Tracked,/root/vast/mustafa/dreem-experiments/paper-plots/uncertainty-microscopy/no-post-processing-no-weight-iou-entropies/test_04_frame_meta_entropy_histogram.csv,DynamicNuclearNet (cell nuclei) - Fluorescence,test_04
0.7628565476354701,Correctly Tracked,/root/vast/mustafa/dreem-experiments/paper-plots/uncertainty-microscopy/no-post-processing-no-weight-iou-entropies/test_04_frame_meta_entropy_histogram.csv,DynamicNuclearNet (cell nuclei) - Fluorescence,test_04
0.018007807179633,Correctly Tracked,/root/vast/mustafa/dreem-experiments/paper-plots/uncertainty-microscopy/no-post-processing-no-weight-iou-entropies/test_04_frame_meta_entropy_histogram.csv,DynamicNuclearNet (cell nuclei) - Fluorescence,test_04
0.0127209058598818,Correctly Tracked,/root/vast/mustafa/dreem-experiments/paper-plots/uncertainty-microscopy/no-post-processing-no-weight-iou-entropies/test_04_frame_meta_entropy_histogram.csv,DynamicNuclearNet (cell nuclei) - Fluorescence,test_04
0.0112275718634382,Correctly Tracked,/root/vast/mustafa/dreem-experiments/paper-plots/uncertainty-microscopy/no-post-processing-no-weight-iou-entropies/test_04_frame_meta_entropy_histogram.csv,DynamicNuclearNet (cell nuclei) - Fluorescence,test_04
0.0106720580813949,Correctly Tracked,/root/vast/mustafa/dreem-experiments/paper-plots/uncertainty-microscopy/no-post-processing-no-weight-iou-entropies/test_04_frame_meta_entropy_histogram.csv,DynamicNuclearNet (cell nuclei) - Fluorescence,test_04
0.0121848619057945,Correctly Tracked,/root/vast/mustafa/dreem-experiments/paper-plots/uncertainty-microscopy/no-post-processing-no-weight-iou-entropies/test_04_frame_meta_entropy_histogram.csv,DynamicNuclearNet (cell nuclei) - Fluorescence,test_04
0.0142416386225743,Correctly Tracked,/root/vast/mustafa/dreem-experiments/paper-plots/uncertainty-microscopy/no-post-processing-no-weight-iou-entropies/test_04_frame_meta_entropy_histogram.csv,DynamicNuclearNet (cell nuclei) - Fluorescence,test_04
0.0144867632142056,Correctly Tracked,/root/vast/mustafa/dreem-experiments/paper-plots/uncertainty-microscopy/no-post-processing-no-weight-iou-entropies/test_04_frame_meta_entropy_histogram.csv,DynamicNuclearNet (cell nuclei) - Fluorescence,test_04
0.0139396291111334,Correctly Tracked,/root/vast/mustafa/dreem-experiments/paper-plots/uncertainty-microscopy/no-post-processing-no-weight-iou-entropies/test_04_frame_meta_entropy_histogram.csv,DynamicNuclearNet (cell nuclei) - Fluorescence,test_04
0.0154594411094459,Correctly Tracked,/root/vast/mustafa/dreem-experiments/paper-plots/uncertainty-microscopy/no-post-processing-no-weight-iou-entropies/test_04_frame_meta_entropy_histogram.csv,DynamicNuclearNet (cell nuclei) - Fluorescence,test_04
0.0170396824883554,Correctly Tracked,/root/vast/mustafa/dreem-experiments/paper-plots/uncertainty-microscopy/no-post-processing-no-weight-iou-entropies/test_04_frame_meta_entropy_histogram.csv,DynamicNuclearNet (cell nuclei) - Fluorescence,test_04
0.5185043085925077,Correctly Tracked,/root/vast/mustafa/dreem-experiments/paper-plots/uncertainty-microscopy/no-post-processing-no-weight-iou-entropies/test_04_frame_meta_entropy_histogram.csv,DynamicNuclearNet (cell nuclei) - Fluorescence,test_04
0.0199451123077339,Correctly Tracked,/root/vast/mustafa/dreem-experiments/paper-plots/uncertainty-microscopy/no-post-processing-no-weight-iou-entropies/test_04_frame_meta_entropy_histogram.csv,DynamicNuclearNet (cell nuclei) - Fluorescence,test_04
0.0237111796289184,Correctly Tracked,/root/vast/mustafa/dreem-experiments/paper-plots/uncertainty-microscopy/no-post-processing-no-weight-iou-entropies/test_04_frame_meta_entropy_histogram.csv,DynamicNuclearNet (cell nuclei) - Fluorescence,test_04
0.0269310275854658,Correctly Tracked,/root/vast/mustafa/dreem-experiments/paper-plots/uncertainty-microscopy/no-post-processing-no-weight-iou-entropies/test_04_frame_meta_entropy_histogram.csv,DynamicNuclearNet (cell nuclei) - Fluorescence,test_04
0.0212373822164301,Correctly Tracked,/root/vast/mustafa/dreem-experiments/paper-plots/uncertainty-microscopy/no-post-processing-no-weight-iou-entropies/test_04_frame_meta_entropy_histogram.csv,DynamicNuclearNet (cell nuclei) - Fluorescence,test_04
0.0269634206548438,Correctly Tracked,/root/vast/mustafa/dreem-experiments/paper-plots/uncertainty-microscopy/no-post-processing-no-weight-iou-entropies/test_04_frame_meta_entropy_histogram.csv,DynamicNuclearNet (cell nuclei) - Fluorescence,test_04
0.0198247561103444,Correctly Tracked,/root/vast/mustafa/dreem-experiments/paper-plots/uncertainty-microscopy/no-post-processing-no-weight-iou-entropies/test_04_frame_meta_entropy_histogram.csv,DynamicNuclearNet (cell nuclei) - Fluorescence,test_04
0.0193845367319787,Correctly Tracked,/root/vast/mustafa/dreem-experiments/paper-plots/uncertainty-microscopy/no-post-processing-no-weight-iou-entropies/test_04_frame_meta_entropy_histogram.csv,DynamicNuclearNet (cell nuclei) - Fluorescence,test_04
0.024696539727785,Correctly Tracked,/root/vast/mustafa/dreem-experiments/paper-plots/uncertainty-microscopy/no-post-processing-no-weight-iou-entropies/test_04_frame_meta_entropy_histogram.csv,DynamicNuclearNet (cell nuclei) - Fluorescence,test_04
0.0285013960562592,Correctly Tracked,/root/vast/mustafa/dreem-experiments/paper-plots/uncertainty-microscopy/no-post-processing-no-weight-iou-entropies/test_04_frame_meta_entropy_histogram.csv,DynamicNuclearNet (cell nuclei) - Fluorescence,test_04
0.0521256960220583,Correctly Tracked,/root/vast/mustafa/dreem-experiments/paper-plots/uncertainty-microscopy/no-post-processing-no-weight-iou-entropies/test_04_frame_meta_entropy_histogram.csv,DynamicNuclearNet (cell nuclei) - Fluorescence,test_04
0.284654645520388,Correctly Tracked,/root/vast/mustafa/dreem-experiments/paper-plots/uncertainty-microscopy/no-post-processing-no-weight-iou-entropies/test_04_frame_meta_entropy_histogram.csv,DynamicNuclearNet (cell nuclei) - Fluorescence,test_04
0.0551494042930265,Correctly Tracked,/root/vast/mustafa/dreem-experiments/paper-plots/uncertainty-microscopy/no-post-processing-no-weight-iou-entropies/test_04_frame_meta_entropy_histogram.csv,DynamicNuclearNet (cell nuclei) - Fluorescence,test_04
0.0512534380881166,Correctly Tracked,/root/vast/mustafa/dreem-experiments/paper-plots/uncertainty-microscopy/no-post-processing-no-weight-iou-entropies/test_04_frame_meta_entropy_histogram.csv,DynamicNuclearNet (cell nuclei) - Fluorescence,test_04
0.1654786559526896,Correctly Tracked,/root/vast/mustafa/dreem-experiments/paper-plots/uncertainty-microscopy/no-post-processing-no-weight-iou-entropies/test_04_frame_meta_entropy_histogram.csv,DynamicNuclearNet (cell nuclei) - Fluorescence,test_04
0.120829682394123,Correctly Tracked,/root/vast/mustafa/dreem-experiments/paper-plots/uncertainty-microscopy/no-post-processing-no-weight-iou-entropies/test_04_frame_meta_entropy_histogram.csv,DynamicNuclearNet (cell nuclei) - Fluorescence,test_04
0.1049826910750724,Correctly Tracked,/root/vast/mustafa/dreem-experiments/paper-plots/uncertainty-microscopy/no-post-processing-no-weight-iou-entropies/test_04_frame_meta_entropy_histogram.csv,DynamicNuclearNet (cell nuclei) - Fluorescence,test_04
0.0888573878754753,Correctly Tracked,/root/vast/mustafa/dreem-experiments/paper-plots/uncertainty-microscopy/no-post-processing-no-weight-iou-entropies/test_04_frame_meta_entropy_histogram.csv,DynamicNuclearNet (cell nuclei) - Fluorescence,test_04
0.0958687820534126,Correctly Tracked,/root/vast/mustafa/dreem-experiments/paper-plots/uncertainty-microscopy/no-post-processing-no-weight-iou-entropies/test_04_frame_meta_entropy_histogram.csv,DynamicNuclearNet (cell nuclei) - Fluorescence,test_04
0.0704860600141053,ID Switch,/root/vast/mustafa/dreem-experiments/paper-plots/uncertainty-microscopy/no-post-processing-no-weight-iou-entropies/test_05_frame_meta_entropy_histogram.csv,DynamicNuclearNet (cell nuclei) - Fluorescence,test_05
0.8450914839653618,Correctly Tracked,/root/vast/mustafa/dreem-experiments/paper-plots/uncertainty-microscopy/no-post-processing-no-weight-iou-entropies/test_05_frame_meta_entropy_histogram.csv,DynamicNuclearNet (cell nuclei) - Fluorescence,test_05
0.0024613938029583,Correctly Tracked,/root/vast/mustafa/dreem-experiments/paper-plots/uncertainty-microscopy/no-post-processing-no-weight-iou-entropies/test_05_frame_meta_entropy_histogram.csv,DynamicNuclearNet (cell nuclei) - Fluorescence,test_05
0.0034366595099844,Correctly Tracked,/root/vast/mustafa/dreem-experiments/paper-plots/uncertainty-microscopy/no-post-processing-no-weight-iou-entropies/test_05_frame_meta_entropy_histogram.csv,DynamicNuclearNet (cell nuclei) - Fluorescence,test_05
0.0019878459710216,Correctly Tracked,/root/vast/mustafa/dreem-experiments/paper-plots/uncertainty-microscopy/no-post-processing-no-weight-iou-entropies/test_05_frame_meta_entropy_histogram.csv,DynamicNuclearNet (cell nuclei) - Fluorescence,test_05
0.0014038865822806,Correctly Tracked,/root/vast/mustafa/dreem-experiments/paper-plots/uncertainty-microscopy/no-post-processing-no-weight-iou-entropies/test_05_frame_meta_entropy_histogram.csv,DynamicNuclearNet (cell nuclei) - Fluorescence,test_05
0.0012924998753439,Correctly Tracked,/root/vast/mustafa/dreem-experiments/paper-plots/uncertainty-microscopy/no-post-processing-no-weight-iou-entropies/test_05_frame_meta_entropy_histogram.csv,DynamicNuclearNet (cell nuclei) - Fluorescence,test_05
0.0011636753348812,Correctly Tracked,/root/vast/mustafa/dreem-experiments/paper-plots/uncertainty-microscopy/no-post-processing-no-weight-iou-entropies/test_05_frame_meta_entropy_histogram.csv,DynamicNuclearNet (cell nuclei) - Fluorescence,test_05
0.0006948757244725,Correctly Tracked,/root/vast/mustafa/dreem-experiments/paper-plots/uncertainty-microscopy/no-post-processing-no-weight-iou-entropies/test_05_frame_meta_entropy_histogram.csv,DynamicNuclearNet (cell nuclei) - Fluorescence,test_05
0.0022689690586167,Correctly Tracked,/root/vast/mustafa/dreem-experiments/paper-plots/uncertainty-microscopy/no-post-processing-no-weight-iou-entropies/test_05_frame_meta_entropy_histogram.csv,DynamicNuclearNet (cell nuclei) - Fluorescence,test_05
0.0010418730575856,Correctly Tracked,/root/vast/mustafa/dreem-experiments/paper-plots/uncertainty-microscopy/no-post-processing-no-weight-iou-entropies/test_05_frame_meta_entropy_histogram.csv,DynamicNuclearNet (cell nuclei) - Fluorescence,test_05
0.0081826143631359,Correctly Tracked,/root/vast/mustafa/dreem-experiments/paper-plots/uncertainty-microscopy/no-post-processing-no-weight-iou-entropies/test_05_frame_meta_entropy_histogram.csv,DynamicNuclearNet (cell nuclei) - Fluorescence,test_05
0.6502544795184768,Correctly Tracked,/root/vast/mustafa/dreem-experiments/paper-plots/uncertainty-microscopy/no-post-processing-no-weight-iou-entropies/test_05_frame_meta_entropy_histogram.csv,DynamicNuclearNet (cell nuclei) - Fluorescence,test_05
0.0060626441511086,Correctly Tracked,/root/vast/mustafa/dreem-experiments/paper-plots/uncertainty-microscopy/no-post-processing-no-weight-iou-entropies/test_05_frame_meta_entropy_histogram.csv,DynamicNuclearNet (cell nuclei) - Fluorescence,test_05
0.0044272285366214,Correctly Tracked,/root/vast/mustafa/dreem-experiments/paper-plots/uncertainty-microscopy/no-post-processing-no-weight-iou-entropies/test_05_frame_meta_entropy_histogram.csv,DynamicNuclearNet (cell nuclei) - Fluorescence,test_05
0.0040869411063168,Correctly Tracked,/root/vast/mustafa/dreem-experiments/paper-plots/uncertainty-microscopy/no-post-processing-no-weight-iou-entropies/test_05_frame_meta_entropy_histogram.csv,DynamicNuclearNet (cell nuclei) - Fluorescence,test_05
0.0095223148397889,Correctly Tracked,/root/vast/mustafa/dreem-experiments/paper-plots/uncertainty-microscopy/no-post-processing-no-weight-iou-entropies/test_05_frame_meta_entropy_histogram.csv,DynamicNuclearNet (cell nuclei) - Fluorescence,test_05
0.0298582885599252,Correctly Tracked,/root/vast/mustafa/dreem-experiments/paper-plots/uncertainty-microscopy/no-post-processing-no-weight-iou-entropies/test_05_frame_meta_entropy_histogram.csv,DynamicNuclearNet (cell nuclei) - Fluorescence,test_05
0.0262584404587851,Correctly Tracked,/root/vast/mustafa/dreem-experiments/paper-plots/uncertainty-microscopy/no-post-processing-no-weight-iou-entropies/test_05_frame_meta_entropy_histogram.csv,DynamicNuclearNet (cell nuclei) - Fluorescence,test_05
0.0207866527684114,Correctly Tracked,/root/vast/mustafa/dreem-experiments/paper-plots/uncertainty-microscopy/no-post-processing-no-weight-iou-entropies/test_05_frame_meta_entropy_histogram.csv,DynamicNuclearNet (cell nuclei) - Fluorescence,test_05
0.0234870032602889,Correctly Tracked,/root/vast/mustafa/dreem-experiments/paper-plots/uncertainty-microscopy/no-post-processing-no-weight-iou-entropies/test_05_frame_meta_entropy_histogram.csv,DynamicNuclearNet (cell nuclei) - Fluorescence,test_05
0.063089558699794,Correctly Tracked,/root/vast/mustafa/dreem-experiments/paper-plots/uncertainty-microscopy/no-post-processing-no-weight-iou-entropies/test_05_frame_meta_entropy_histogram.csv,DynamicNuclearNet (cell nuclei) - Fluorescence,test_05
0.0153438381444875,Correctly Tracked,/root/vast/mustafa/dreem-experiments/paper-plots/uncertainty-microscopy/no-post-processing-no-weight-iou-entropies/test_05_frame_meta_entropy_histogram.csv,DynamicNuclearNet (cell nuclei) - Fluorescence,test_05
0.3891336262674085,Correctly Tracked,/root/vast/mustafa/dreem-experiments/paper-plots/uncertainty-microscopy/no-post-processing-no-weight-iou-entropies/test_05_frame_meta_entropy_histogram.csv,DynamicNuclearNet (cell nuclei) - Fluorescence,test_05
0.0037828138980201,Correctly Tracked,/root/vast/mustafa/dreem-experiments/paper-plots/uncertainty-microscopy/no-post-processing-no-weight-iou-entropies/test_05_frame_meta_entropy_histogram.csv,DynamicNuclearNet (cell nuclei) - Fluorescence,test_05
0.0293458160660775,Correctly Tracked,/root/vast/mustafa/dreem-experiments/paper-plots/uncertainty-microscopy/no-post-processing-no-weight-iou-entropies/test_05_frame_meta_entropy_histogram.csv,DynamicNuclearNet (cell nuclei) - Fluorescence,test_05
0.0095426637430487,Correctly Tracked,/root/vast/mustafa/dreem-experiments/paper-plots/uncertainty-microscopy/no-post-processing-no-weight-iou-entropies/test_05_frame_meta_entropy_histogram.csv,DynamicNuclearNet (cell nuclei) - Fluorescence,test_05
0.0215576610037137,Correctly Tracked,/root/vast/mustafa/dreem-experiments/paper-plots/uncertainty-microscopy/no-post-processing-no-weight-iou-entropies/test_05_frame_meta_entropy_histogram.csv,DynamicNuclearNet (cell nuclei) - Fluorescence,test_05
0.0478185830532818,Correctly Tracked,/root/vast/mustafa/dreem-experiments/paper-plots/uncertainty-microscopy/no-post-processing-no-weight-iou-entropies/test_05_frame_meta_entropy_histogram.csv,DynamicNuclearNet (cell nuclei) - Fluorescence,test_05
0.0553714161173221,Correctly Tracked,/root/vast/mustafa/dreem-experiments/paper-plots/uncertainty-microscopy/no-post-processing-no-weight-iou-entropies/test_05_frame_meta_entropy_histogram.csv,DynamicNuclearNet (cell nuclei) - Fluorescence,test_05
0.0256641771042195,Correctly Tracked,/root/vast/mustafa/dreem-experiments/paper-plots/uncertainty-microscopy/no-post-processing-no-weight-iou-entropies/test_05_frame_meta_entropy_histogram.csv,DynamicNuclearNet (cell nuclei) - Fluorescence,test_05
0.0123429737844762,Correctly Tracked,/root/vast/mustafa/dreem-experiments/paper-plots/uncertainty-microscopy/no-post-processing-no-weight-iou-entropies/test_05_frame_meta_entropy_histogram.csv,DynamicNuclearNet (cell nuclei) - Fluorescence,test_05
0.0023504694828708,Correctly Tracked,/root/vast/mustafa/dreem-experiments/paper-plots/uncertainty-microscopy/no-post-processing-no-weight-iou-entropies/test_05_frame_meta_entropy_histogram.csv,DynamicNuclearNet (cell nuclei) - Fluorescence,test_05
0.0872234271342924,Correctly Tracked,/root/vast/mustafa/dreem-experiments/paper-plots/uncertainty-microscopy/no-post-processing-no-weight-iou-entropies/test_05_frame_meta_entropy_histogram.csv,DynamicNuclearNet (cell nuclei) - Fluorescence,test_05
0.2172522230463513,Correctly Tracked,/root/vast/mustafa/dreem-experiments/paper-plots/uncertainty-microscopy/no-post-processing-no-weight-iou-entropies/test_05_frame_meta_entropy_histogram.csv,DynamicNuclearNet (cell nuclei) - Fluorescence,test_05
0.0019214496544905,Correctly Tracked,/root/vast/mustafa/dreem-experiments/paper-plots/uncertainty-microscopy/no-post-processing-no-weight-iou-entropies/test_05_frame_meta_entropy_histogram.csv,DynamicNuclearNet (cell nuclei) - Fluorescence,test_05
0.0013914030196026,Correctly Tracked,/root/vast/mustafa/dreem-experiments/paper-plots/uncertainty-microscopy/no-post-processing-no-weight-iou-entropies/test_05_frame_meta_entropy_histogram.csv,DynamicNuclearNet (cell nuclei) - Fluorescence,test_05
0.1464414557713773,Correctly Tracked,/root/vast/mustafa/dreem-experiments/paper-plots/uncertainty-microscopy/no-post-processing-no-weight-iou-entropies/test_05_frame_meta_entropy_histogram.csv,DynamicNuclearNet (cell nuclei) - Fluorescence,test_05
0.1113461947554138,Correctly Tracked,/root/vast/mustafa/dreem-experiments/paper-plots/uncertainty-microscopy/no-post-processing-no-weight-iou-entropies/test_05_frame_meta_entropy_histogram.csv,DynamicNuclearNet (cell nuclei) - Fluorescence,test_05
0.0870972414896597,Correctly Tracked,/root/vast/mustafa/dreem-experiments/paper-plots/uncertainty-microscopy/no-post-processing-no-weight-iou-entropies/test_05_frame_meta_entropy_histogram.csv,DynamicNuclearNet (cell nuclei) - Fluorescence,test_05
0.0339258445320988,Correctly Tracked,/root/vast/mustafa/dreem-experiments/paper-plots/uncertainty-microscopy/no-post-processing-no-weight-iou-entropies/test_05_frame_meta_entropy_histogram.csv,DynamicNuclearNet (cell nuclei) - Fluorescence,test_05
0.0138643103318902,Correctly Tracked,/root/vast/mustafa/dreem-experiments/paper-plots/uncertainty-microscopy/no-post-processing-no-weight-iou-entropies/test_05_frame_meta_entropy_histogram.csv,DynamicNuclearNet (cell nuclei) - Fluorescence,test_05
0.0029649709301864,Correctly Tracked,/root/vast/mustafa/dreem-experiments/paper-plots/uncertainty-microscopy/no-post-processing-no-weight-iou-entropies/test_05_frame_meta_entropy_histogram.csv,DynamicNuclearNet (cell nuclei) - Fluorescence,test_05
0.0148758140753109,Correctly Tracked,/root/vast/mustafa/dreem-experiments/paper-plots/uncertainty-microscopy/no-post-processing-no-weight-iou-entropies/test_05_frame_meta_entropy_histogram.csv,DynamicNuclearNet (cell nuclei) - Fluorescence,test_05
0.0625907222508626,Correctly Tracked,/root/vast/mustafa/dreem-experiments/paper-plots/uncertainty-microscopy/no-post-processing-no-weight-iou-entropies/test_05_frame_meta_entropy_histogram.csv,DynamicNuclearNet (cell nuclei) - Fluorescence,test_05
0.1402405052820881,Correctly Tracked,/root/vast/mustafa/dreem-experiments/paper-plots/uncertainty-microscopy/no-post-processing-no-weight-iou-entropies/test_05_frame_meta_entropy_histogram.csv,DynamicNuclearNet (cell nuclei) - Fluorescence,test_05
0.0054574225546501,Correctly Tracked,/root/vast/mustafa/dreem-experiments/paper-plots/uncertainty-microscopy/no-post-processing-no-weight-iou-entropies/test_05_frame_meta_entropy_histogram.csv,DynamicNuclearNet (cell nuclei) - Fluorescence,test_05
0.0060773247791758,Correctly Tracked,/root/vast/mustafa/dreem-experiments/paper-plots/uncertainty-microscopy/no-post-processing-no-weight-iou-entropies/test_05_frame_meta_entropy_histogram.csv,DynamicNuclearNet (cell nuclei) - Fluorescence,test_05
0.004224052173169,Correctly Tracked,/root/vast/mustafa/dreem-experiments/paper-plots/uncertainty-microscopy/no-post-processing-no-weight-iou-entropies/test_05_frame_meta_entropy_histogram.csv,DynamicNuclearNet (cell nuclei) - Fluorescence,test_05
0.0907661222993066,ID Switch,/root/vast/mustafa/dreem-experiments/paper-plots/uncertainty-microscopy/no-post-processing-no-weight-iou-entropies/test_06_frame_meta_entropy_histogram.csv,DynamicNuclearNet (cell nuclei) - Fluorescence,test_06
0.0128651508678218,ID Switch,/root/vast/mustafa/dreem-experiments/paper-plots/uncertainty-microscopy/no-post-processing-no-weight-iou-entropies/test_06_frame_meta_entropy_histogram.csv,DynamicNuclearNet (cell nuclei) - Fluorescence,test_06
0.7582797870571175,Correctly Tracked,/root/vast/mustafa/dreem-experiments/paper-plots/uncertainty-microscopy/no-post-processing-no-weight-iou-entropies/test_06_frame_meta_entropy_histogram.csv,DynamicNuclearNet (cell nuclei) - Fluorescence,test_06
0.066685959150431,Correctly Tracked,/root/vast/mustafa/dreem-experiments/paper-plots/uncertainty-microscopy/no-post-processing-no-weight-iou-entropies/test_06_frame_meta_entropy_histogram.csv,DynamicNuclearNet (cell nuclei) - Fluorescence,test_06
0.0431102190038493,Correctly Tracked,/root/vast/mustafa/dreem-experiments/paper-plots/uncertainty-microscopy/no-post-processing-no-weight-iou-entropies/test_06_frame_meta_entropy_histogram.csv,DynamicNuclearNet (cell nuclei) - Fluorescence,test_06
0.0087376966239209,Correctly Tracked,/root/vast/mustafa/dreem-experiments/paper-plots/uncertainty-microscopy/no-post-processing-no-weight-iou-entropies/test_06_frame_meta_entropy_histogram.csv,DynamicNuclearNet (cell nuclei) - Fluorescence,test_06
0.0056444314833088,Correctly Tracked,/root/vast/mustafa/dreem-experiments/paper-plots/uncertainty-microscopy/no-post-processing-no-weight-iou-entropies/test_06_frame_meta_entropy_histogram.csv,DynamicNuclearNet (cell nuclei) - Fluorescence,test_06
0.0044307262116596,Correctly Tracked,/root/vast/mustafa/dreem-experiments/paper-plots/uncertainty-microscopy/no-post-processing-no-weight-iou-entropies/test_06_frame_meta_entropy_histogram.csv,DynamicNuclearNet (cell nuclei) - Fluorescence,test_06
0.0482381781221792,Correctly Tracked,/root/vast/mustafa/dreem-experiments/paper-plots/uncertainty-microscopy/no-post-processing-no-weight-iou-entropies/test_06_frame_meta_entropy_histogram.csv,DynamicNuclearNet (cell nuclei) - Fluorescence,test_06
0.0394075268104329,Correctly Tracked,/root/vast/mustafa/dreem-experiments/paper-plots/uncertainty-microscopy/no-post-processing-no-weight-iou-entropies/test_06_frame_meta_entropy_histogram.csv,DynamicNuclearNet (cell nuclei) - Fluorescence,test_06
0.0012937940964423,Correctly Tracked,/root/vast/mustafa/dreem-experiments/paper-plots/uncertainty-microscopy/no-post-processing-no-weight-iou-entropies/test_06_frame_meta_entropy_histogram.csv,DynamicNuclearNet (cell nuclei) - Fluorescence,test_06
0.0073799661471268,Correctly Tracked,/root/vast/mustafa/dreem-experiments/paper-plots/uncertainty-microscopy/no-post-processing-no-weight-iou-entropies/test_06_frame_meta_entropy_histogram.csv,DynamicNuclearNet (cell nuclei) - Fluorescence,test_06
0.0236422011689799,Correctly Tracked,/root/vast/mustafa/dreem-experiments/paper-plots/uncertainty-microscopy/no-post-processing-no-weight-iou-entropies/test_06_frame_meta_entropy_histogram.csv,DynamicNuclearNet (cell nuclei) - Fluorescence,test_06
0.4110432059077905,Correctly Tracked,/root/vast/mustafa/dreem-experiments/paper-plots/uncertainty-microscopy/no-post-processing-no-weight-iou-entropies/test_06_frame_meta_entropy_histogram.csv,DynamicNuclearNet (cell nuclei) - Fluorescence,test_06
0.010045659346552,Correctly Tracked,/root/vast/mustafa/dreem-experiments/paper-plots/uncertainty-microscopy/no-post-processing-no-weight-iou-entropies/test_06_frame_meta_entropy_histogram.csv,DynamicNuclearNet (cell nuclei) - Fluorescence,test_06
0.0027725061380144,Correctly Tracked,/root/vast/mustafa/dreem-experiments/paper-plots/uncertainty-microscopy/no-post-processing-no-weight-iou-entropies/test_06_frame_meta_entropy_histogram.csv,DynamicNuclearNet (cell nuclei) - Fluorescence,test_06
0.0065773889017005,Correctly Tracked,/root/vast/mustafa/dreem-experiments/paper-plots/uncertainty-microscopy/no-post-processing-no-weight-iou-entropies/test_06_frame_meta_entropy_histogram.csv,DynamicNuclearNet (cell nuclei) - Fluorescence,test_06
0.0086786578098369,Correctly Tracked,/root/vast/mustafa/dreem-experiments/paper-plots/uncertainty-microscopy/no-post-processing-no-weight-iou-entropies/test_06_frame_meta_entropy_histogram.csv,DynamicNuclearNet (cell nuclei) - Fluorescence,test_06
0.0115236580271818,Correctly Tracked,/root/vast/mustafa/dreem-experiments/paper-plots/uncertainty-microscopy/no-post-processing-no-weight-iou-entropies/test_06_frame_meta_entropy_histogram.csv,DynamicNuclearNet (cell nuclei) - Fluorescence,test_06
0.0128456754679814,Correctly Tracked,/root/vast/mustafa/dreem-experiments/paper-plots/uncertainty-microscopy/no-post-processing-no-weight-iou-entropies/test_06_frame_meta_entropy_histogram.csv,DynamicNuclearNet (cell nuclei) - Fluorescence,test_06
0.0154639709658341,Correctly Tracked,/root/vast/mustafa/dreem-experiments/paper-plots/uncertainty-microscopy/no-post-processing-no-weight-iou-entropies/test_06_frame_meta_entropy_histogram.csv,DynamicNuclearNet (cell nuclei) - Fluorescence,test_06
0.0208228340850433,Correctly Tracked,/root/vast/mustafa/dreem-experiments/paper-plots/uncertainty-microscopy/no-post-processing-no-weight-iou-entropies/test_06_frame_meta_entropy_histogram.csv,DynamicNuclearNet (cell nuclei) - Fluorescence,test_06
0.1890671433617363,Correctly Tracked,/root/vast/mustafa/dreem-experiments/paper-plots/uncertainty-microscopy/no-post-processing-no-weight-iou-entropies/test_06_frame_meta_entropy_histogram.csv,DynamicNuclearNet (cell nuclei) - Fluorescence,test_06
0.0079386969518212,Correctly Tracked,/root/vast/mustafa/dreem-experiments/paper-plots/uncertainty-microscopy/no-post-processing-no-weight-iou-entropies/test_06_frame_meta_entropy_histogram.csv,DynamicNuclearNet (cell nuclei) - Fluorescence,test_06
0.0540454157544336,Correctly Tracked,/root/vast/mustafa/dreem-experiments/paper-plots/uncertainty-microscopy/no-post-processing-no-weight-iou-entropies/test_06_frame_meta_entropy_histogram.csv,DynamicNuclearNet (cell nuclei) - Fluorescence,test_06
0.003210383644105,Correctly Tracked,/root/vast/mustafa/dreem-experiments/paper-plots/uncertainty-microscopy/no-post-processing-no-weight-iou-entropies/test_06_frame_meta_entropy_histogram.csv,DynamicNuclearNet (cell nuclei) - Fluorescence,test_06
0.0088548170418343,Correctly Tracked,/root/vast/mustafa/dreem-experiments/paper-plots/uncertainty-microscopy/no-post-processing-no-weight-iou-entropies/test_06_frame_meta_entropy_histogram.csv,DynamicNuclearNet (cell nuclei) - Fluorescence,test_06
0.018632315849977,Correctly Tracked,/root/vast/mustafa/dreem-experiments/paper-plots/uncertainty-microscopy/no-post-processing-no-weight-iou-entropies/test_06_frame_meta_entropy_histogram.csv,DynamicNuclearNet (cell nuclei) - Fluorescence,test_06
0.0133470487984041,Correctly Tracked,/root/vast/mustafa/dreem-experiments/paper-plots/uncertainty-microscopy/no-post-processing-no-weight-iou-entropies/test_06_frame_meta_entropy_histogram.csv,DynamicNuclearNet (cell nuclei) - Fluorescence,test_06
0.0048728477487166,Correctly Tracked,/root/vast/mustafa/dreem-experiments/paper-plots/uncertainty-microscopy/no-post-processing-no-weight-iou-entropies/test_06_frame_meta_entropy_histogram.csv,DynamicNuclearNet (cell nuclei) - Fluorescence,test_06
0.008190667235984,Correctly Tracked,/root/vast/mustafa/dreem-experiments/paper-plots/uncertainty-microscopy/no-post-processing-no-weight-iou-entropies/test_06_frame_meta_entropy_histogram.csv,DynamicNuclearNet (cell nuclei) - Fluorescence,test_06
0.0053536903549932,Correctly Tracked,/root/vast/mustafa/dreem-experiments/paper-plots/uncertainty-microscopy/no-post-processing-no-weight-iou-entropies/test_06_frame_meta_entropy_histogram.csv,DynamicNuclearNet (cell nuclei) - Fluorescence,test_06
0.0228726481559429,Correctly Tracked,/root/vast/mustafa/dreem-experiments/paper-plots/uncertainty-microscopy/no-post-processing-no-weight-iou-entropies/test_06_frame_meta_entropy_histogram.csv,DynamicNuclearNet (cell nuclei) - Fluorescence,test_06
0.1348274905024366,Correctly Tracked,/root/vast/mustafa/dreem-experiments/paper-plots/uncertainty-microscopy/no-post-processing-no-weight-iou-entropies/test_06_frame_meta_entropy_histogram.csv,DynamicNuclearNet (cell nuclei) - Fluorescence,test_06
0.0120040435655618,Correctly Tracked,/root/vast/mustafa/dreem-experiments/paper-plots/uncertainty-microscopy/no-post-processing-no-weight-iou-entropies/test_06_frame_meta_entropy_histogram.csv,DynamicNuclearNet (cell nuclei) - Fluorescence,test_06
0.0551866745679624,Correctly Tracked,/root/vast/mustafa/dreem-experiments/paper-plots/uncertainty-microscopy/no-post-processing-no-weight-iou-entropies/test_06_frame_meta_entropy_histogram.csv,DynamicNuclearNet (cell nuclei) - Fluorescence,test_06
0.0070658978049063,Correctly Tracked,/root/vast/mustafa/dreem-experiments/paper-plots/uncertainty-microscopy/no-post-processing-no-weight-iou-entropies/test_06_frame_meta_entropy_histogram.csv,DynamicNuclearNet (cell nuclei) - Fluorescence,test_06
0.006222105478942,Correctly Tracked,/root/vast/mustafa/dreem-experiments/paper-plots/uncertainty-microscopy/no-post-processing-no-weight-iou-entropies/test_06_frame_meta_entropy_histogram.csv,DynamicNuclearNet (cell nuclei) - Fluorescence,test_06
0.002261844039281,Correctly Tracked,/root/vast/mustafa/dreem-experiments/paper-plots/uncertainty-microscopy/no-post-processing-no-weight-iou-entropies/test_06_frame_meta_entropy_histogram.csv,DynamicNuclearNet (cell nuclei) - Fluorescence,test_06
0.0139093456899021,Correctly Tracked,/root/vast/mustafa/dreem-experiments/paper-plots/uncertainty-microscopy/no-post-processing-no-weight-iou-entropies/test_06_frame_meta_entropy_histogram.csv,DynamicNuclearNet (cell nuclei) - Fluorescence,test_06
0.0199055528989913,Correctly Tracked,/root/vast/mustafa/dreem-experiments/paper-plots/uncertainty-microscopy/no-post-processing-no-weight-iou-entropies/test_06_frame_meta_entropy_histogram.csv,DynamicNuclearNet (cell nuclei) - Fluorescence,test_06
0.0437724094003085,Correctly Tracked,/root/vast/mustafa/dreem-experiments/paper-plots/uncertainty-microscopy/no-post-processing-no-weight-iou-entropies/test_06_frame_meta_entropy_histogram.csv,DynamicNuclearNet (cell nuclei) - Fluorescence,test_06
0.0160564812418087,Correctly Tracked,/root/vast/mustafa/dreem-experiments/paper-plots/uncertainty-microscopy/no-post-processing-no-weight-iou-entropies/test_06_frame_meta_entropy_histogram.csv,DynamicNuclearNet (cell nuclei) - Fluorescence,test_06
0.0039082545314099,Correctly Tracked,/root/vast/mustafa/dreem-experiments/paper-plots/uncertainty-microscopy/no-post-processing-no-weight-iou-entropies/test_06_frame_meta_entropy_histogram.csv,DynamicNuclearNet (cell nuclei) - Fluorescence,test_06
0.0529771537949216,Correctly Tracked,/root/vast/mustafa/dreem-experiments/paper-plots/uncertainty-microscopy/no-post-processing-no-weight-iou-entropies/test_06_frame_meta_entropy_histogram.csv,DynamicNuclearNet (cell nuclei) - Fluorescence,test_06
0.0766457318496777,Correctly Tracked,/root/vast/mustafa/dreem-experiments/paper-plots/uncertainty-microscopy/no-post-processing-no-weight-iou-entropies/test_06_frame_meta_entropy_histogram.csv,DynamicNuclearNet (cell nuclei) - Fluorescence,test_06
0.061457952416289,Correctly Tracked,/root/vast/mustafa/dreem-experiments/paper-plots/uncertainty-microscopy/no-post-processing-no-weight-iou-entropies/test_06_frame_meta_entropy_histogram.csv,DynamicNuclearNet (cell nuclei) - Fluorescence,test_06
0.0192339167517397,Correctly Tracked,/root/vast/mustafa/dreem-experiments/paper-plots/uncertainty-microscopy/no-post-processing-no-weight-iou-entropies/test_06_frame_meta_entropy_histogram.csv,DynamicNuclearNet (cell nuclei) - Fluorescence,test_06
0.0422395060966843,Correctly Tracked,/root/vast/mustafa/dreem-experiments/paper-plots/uncertainty-microscopy/no-post-processing-no-weight-iou-entropies/test_06_frame_meta_entropy_histogram.csv,DynamicNuclearNet (cell nuclei) - Fluorescence,test_06
0.4094454120815947,ID Switch,/root/vast/mustafa/dreem-experiments/paper-plots/uncertainty-microscopy/no-post-processing-no-weight-iou-entropies/test_07_frame_meta_entropy_histogram.csv,DynamicNuclearNet (cell nuclei) - Fluorescence,test_07
0.3433552795333862,ID Switch,/root/vast/mustafa/dreem-experiments/paper-plots/uncertainty-microscopy/no-post-processing-no-weight-iou-entropies/test_07_frame_meta_entropy_histogram.csv,DynamicNuclearNet (cell nuclei) - Fluorescence,test_07
0.2919645249886805,ID Switch,/root/vast/mustafa/dreem-experiments/paper-plots/uncertainty-microscopy/no-post-processing-no-weight-iou-entropies/test_07_frame_meta_entropy_histogram.csv,DynamicNuclearNet (cell nuclei) - Fluorescence,test_07
0.2916024450780884,ID Switch,/root/vast/mustafa/dreem-experiments/paper-plots/uncertainty-microscopy/no-post-processing-no-weight-iou-entropies/test_07_frame_meta_entropy_histogram.csv,DynamicNuclearNet (cell nuclei) - Fluorescence,test_07
0.280613869557141,ID Switch,/root/vast/mustafa/dreem-experiments/paper-plots/uncertainty-microscopy/no-post-processing-no-weight-iou-entropies/test_07_frame_meta_entropy_histogram.csv,DynamicNuclearNet (cell nuclei) - Fluorescence,test_07
0.2600004941694724,ID Switch,/root/vast/mustafa/dreem-experiments/paper-plots/uncertainty-microscopy/no-post-processing-no-weight-iou-entropies/test_07_frame_meta_entropy_histogram.csv,DynamicNuclearNet (cell nuclei) - Fluorescence,test_07
0.3059195383313465,ID Switch,/root/vast/mustafa/dreem-experiments/paper-plots/uncertainty-microscopy/no-post-processing-no-weight-iou-entropies/test_07_frame_meta_entropy_histogram.csv,DynamicNuclearNet (cell nuclei) - Fluorescence,test_07
0.3810431220301818,ID Switch,/root/vast/mustafa/dreem-experiments/paper-plots/uncertainty-microscopy/no-post-processing-no-weight-iou-entropies/test_07_frame_meta_entropy_histogram.csv,DynamicNuclearNet (cell nuclei) - Fluorescence,test_07
0.3337397912404948,ID Switch,/root/vast/mustafa/dreem-experiments/paper-plots/uncertainty-microscopy/no-post-processing-no-weight-iou-entropies/test_07_frame_meta_entropy_histogram.csv,DynamicNuclearNet (cell nuclei) - Fluorescence,test_07
0.2786184375521601,ID Switch,/root/vast/mustafa/dreem-experiments/paper-plots/uncertainty-microscopy/no-post-processing-no-weight-iou-entropies/test_07_frame_meta_entropy_histogram.csv,DynamicNuclearNet (cell nuclei) - Fluorescence,test_07
0.2752019318249482,ID Switch,/root/vast/mustafa/dreem-experiments/paper-plots/uncertainty-microscopy/no-post-processing-no-weight-iou-entropies/test_07_frame_meta_entropy_histogram.csv,DynamicNuclearNet (cell nuclei) - Fluorescence,test_07
0.2710348112024111,ID Switch,/root/vast/mustafa/dreem-experiments/paper-plots/uncertainty-microscopy/no-post-processing-no-weight-iou-entropies/test_07_frame_meta_entropy_histogram.csv,DynamicNuclearNet (cell nuclei) - Fluorescence,test_07
0.25381748159069,ID Switch,/root/vast/mustafa/dreem-experiments/paper-plots/uncertainty-microscopy/no-post-processing-no-weight-iou-entropies/test_07_frame_meta_entropy_histogram.csv,DynamicNuclearNet (cell nuclei) - Fluorescence,test_07
0.2475805639283396,ID Switch,/root/vast/mustafa/dreem-experiments/paper-plots/uncertainty-microscopy/no-post-processing-no-weight-iou-entropies/test_07_frame_meta_entropy_histogram.csv,DynamicNuclearNet (cell nuclei) - Fluorescence,test_07
0.2327548546546859,ID Switch,/root/vast/mustafa/dreem-experiments/paper-plots/uncertainty-microscopy/no-post-processing-no-weight-iou-entropies/test_07_frame_meta_entropy_histogram.csv,DynamicNuclearNet (cell nuclei) - Fluorescence,test_07
0.2350947638690464,ID Switch,/root/vast/mustafa/dreem-experiments/paper-plots/uncertainty-microscopy/no-post-processing-no-weight-iou-entropies/test_07_frame_meta_entropy_histogram.csv,DynamicNuclearNet (cell nuclei) - Fluorescence,test_07
0.2507806329641216,ID Switch,/root/vast/mustafa/dreem-experiments/paper-plots/uncertainty-microscopy/no-post-processing-no-weight-iou-entropies/test_07_frame_meta_entropy_histogram.csv,DynamicNuclearNet (cell nuclei) - Fluorescence,test_07
0.2019020134828857,ID Switch,/root/vast/mustafa/dreem-experiments/paper-plots/uncertainty-microscopy/no-post-processing-no-weight-iou-entropies/test_07_frame_meta_entropy_histogram.csv,DynamicNuclearNet (cell nuclei) - Fluorescence,test_07
0.1757655992560965,ID Switch,/root/vast/mustafa/dreem-experiments/paper-plots/uncertainty-microscopy/no-post-processing-no-weight-iou-entropies/test_07_frame_meta_entropy_histogram.csv,DynamicNuclearNet (cell nuclei) - Fluorescence,test_07
0.181083069158449,ID Switch,/root/vast/mustafa/dreem-experiments/paper-plots/uncertainty-microscopy/no-post-processing-no-weight-iou-entropies/test_07_frame_meta_entropy_histogram.csv,DynamicNuclearNet (cell nuclei) - Fluorescence,test_07
0.1835664786544329,ID Switch,/root/vast/mustafa/dreem-experiments/paper-plots/uncertainty-microscopy/no-post-processing-no-weight-iou-entropies/test_07_frame_meta_entropy_histogram.csv,DynamicNuclearNet (cell nuclei) - Fluorescence,test_07
0.2155808940169666,ID Switch,/root/vast/mustafa/dreem-experiments/paper-plots/uncertainty-microscopy/no-post-processing-no-weight-iou-entropies/test_07_frame_meta_entropy_histogram.csv,DynamicNuclearNet (cell nuclei) - Fluorescence,test_07
0.2841641813247288,ID Switch,/root/vast/mustafa/dreem-experiments/paper-plots/uncertainty-microscopy/no-post-processing-no-weight-iou-entropies/test_07_frame_meta_entropy_histogram.csv,DynamicNuclearNet (cell nuclei) - Fluorescence,test_07
0.2877912561762996,ID Switch,/root/vast/mustafa/dreem-experiments/paper-plots/uncertainty-microscopy/no-post-processing-no-weight-iou-entropies/test_07_frame_meta_entropy_histogram.csv,DynamicNuclearNet (cell nuclei) - Fluorescence,test_07
0.3149280905886642,ID Switch,/root/vast/mustafa/dreem-experiments/paper-plots/uncertainty-microscopy/no-post-processing-no-weight-iou-entropies/test_07_frame_meta_entropy_histogram.csv,DynamicNuclearNet (cell nuclei) - Fluorescence,test_07
0.3165540444463115,ID Switch,/root/vast/mustafa/dreem-experiments/paper-plots/uncertainty-microscopy/no-post-processing-no-weight-iou-entropies/test_07_frame_meta_entropy_histogram.csv,DynamicNuclearNet (cell nuclei) - Fluorescence,test_07
0.3097248341549033,ID Switch,/root/vast/mustafa/dreem-experiments/paper-plots/uncertainty-microscopy/no-post-processing-no-weight-iou-entropies/test_07_frame_meta_entropy_histogram.csv,DynamicNuclearNet (cell nuclei) - Fluorescence,test_07
0.3033172723354366,ID Switch,/root/vast/mustafa/dreem-experiments/paper-plots/uncertainty-microscopy/no-post-processing-no-weight-iou-entropies/test_07_frame_meta_entropy_histogram.csv,DynamicNuclearNet (cell nuclei) - Fluorescence,test_07
0.3183607448809014,ID Switch,/root/vast/mustafa/dreem-experiments/paper-plots/uncertainty-microscopy/no-post-processing-no-weight-iou-entropies/test_07_frame_meta_entropy_histogram.csv,DynamicNuclearNet (cell nuclei) - Fluorescence,test_07
0.2709414913748239,ID Switch,/root/vast/mustafa/dreem-experiments/paper-plots/uncertainty-microscopy/no-post-processing-no-weight-iou-entropies/test_07_frame_meta_entropy_histogram.csv,DynamicNuclearNet (cell nuclei) - Fluorescence,test_07
0.2367407694993793,ID Switch,/root/vast/mustafa/dreem-experiments/paper-plots/uncertainty-microscopy/no-post-processing-no-weight-iou-entropies/test_07_frame_meta_entropy_histogram.csv,DynamicNuclearNet (cell nuclei) - Fluorescence,test_07
0.8734416462429507,Correctly Tracked,/root/vast/mustafa/dreem-experiments/paper-plots/uncertainty-microscopy/no-post-processing-no-weight-iou-entropies/test_07_frame_meta_entropy_histogram.csv,DynamicNuclearNet (cell nuclei) - Fluorescence,test_07
0.2019212616539941,Correctly Tracked,/root/vast/mustafa/dreem-experiments/paper-plots/uncertainty-microscopy/no-post-processing-no-weight-iou-entropies/test_07_frame_meta_entropy_histogram.csv,DynamicNuclearNet (cell nuclei) - Fluorescence,test_07
0.2614475382537821,Correctly Tracked,/root/vast/mustafa/dreem-experiments/paper-plots/uncertainty-microscopy/no-post-processing-no-weight-iou-entropies/test_07_frame_meta_entropy_histogram.csv,DynamicNuclearNet (cell nuclei) - Fluorescence,test_07
0.2307267683633978,Correctly Tracked,/root/vast/mustafa/dreem-experiments/paper-plots/uncertainty-microscopy/no-post-processing-no-weight-iou-entropies/test_07_frame_meta_entropy_histogram.csv,DynamicNuclearNet (cell nuclei) - Fluorescence,test_07
0.2475767117430018,Correctly Tracked,/root/vast/mustafa/dreem-experiments/paper-plots/uncertainty-microscopy/no-post-processing-no-weight-iou-entropies/test_07_frame_meta_entropy_histogram.csv,DynamicNuclearNet (cell nuclei) - Fluorescence,test_07
0.313021590491548,Correctly Tracked,/root/vast/mustafa/dreem-experiments/paper-plots/uncertainty-microscopy/no-post-processing-no-weight-iou-entropies/test_07_frame_meta_entropy_histogram.csv,DynamicNuclearNet (cell nuclei) - Fluorescence,test_07
0.4337403541611092,Correctly Tracked,/root/vast/mustafa/dreem-experiments/paper-plots/uncertainty-microscopy/no-post-processing-no-weight-iou-entropies/test_07_frame_meta_entropy_histogram.csv,DynamicNuclearNet (cell nuclei) - Fluorescence,test_07
0.4267505766212498,Correctly Tracked,/root/vast/mustafa/dreem-experiments/paper-plots/uncertainty-microscopy/no-post-processing-no-weight-iou-entropies/test_07_frame_meta_entropy_histogram.csv,DynamicNuclearNet (cell nuclei) - Fluorescence,test_07
0.3741162550137862,Correctly Tracked,/root/vast/mustafa/dreem-experiments/paper-plots/uncertainty-microscopy/no-post-processing-no-weight-iou-entropies/test_07_frame_meta_entropy_histogram.csv,DynamicNuclearNet (cell nuclei) - Fluorescence,test_07
0.8497274402364806,Correctly Tracked,/root/vast/mustafa/dreem-experiments/paper-plots/uncertainty-microscopy/no-post-processing-no-weight-iou-entropies/test_07_frame_meta_entropy_histogram.csv,DynamicNuclearNet (cell nuclei) - Fluorescence,test_07
0.3756716705107777,Correctly Tracked,/root/vast/mustafa/dreem-experiments/paper-plots/uncertainty-microscopy/no-post-processing-no-weight-iou-entropies/test_07_frame_meta_entropy_histogram.csv,DynamicNuclearNet (cell nuclei) - Fluorescence,test_07
0.3782309502001036,Correctly Tracked,/root/vast/mustafa/dreem-experiments/paper-plots/uncertainty-microscopy/no-post-processing-no-weight-iou-entropies/test_07_frame_meta_entropy_histogram.csv,DynamicNuclearNet (cell nuclei) - Fluorescence,test_07
0.3347829426210424,Correctly Tracked,/root/vast/mustafa/dreem-experiments/paper-plots/uncertainty-microscopy/no-post-processing-no-weight-iou-entropies/test_07_frame_meta_entropy_histogram.csv,DynamicNuclearNet (cell nuclei) - Fluorescence,test_07
0.3238444455094864,Correctly Tracked,/root/vast/mustafa/dreem-experiments/paper-plots/uncertainty-microscopy/no-post-processing-no-weight-iou-entropies/test_07_frame_meta_entropy_histogram.csv,DynamicNuclearNet (cell nuclei) - Fluorescence,test_07
0.3034942432605249,Correctly Tracked,/root/vast/mustafa/dreem-experiments/paper-plots/uncertainty-microscopy/no-post-processing-no-weight-iou-entropies/test_07_frame_meta_entropy_histogram.csv,DynamicNuclearNet (cell nuclei) - Fluorescence,test_07
0.3043055492082914,Correctly Tracked,/root/vast/mustafa/dreem-experiments/paper-plots/uncertainty-microscopy/no-post-processing-no-weight-iou-entropies/test_07_frame_meta_entropy_histogram.csv,DynamicNuclearNet (cell nuclei) - Fluorescence,test_07
0.3184373293867562,Correctly Tracked,/root/vast/mustafa/dreem-experiments/paper-plots/uncertainty-microscopy/no-post-processing-no-weight-iou-entropies/test_07_frame_meta_entropy_histogram.csv,DynamicNuclearNet (cell nuclei) - Fluorescence,test_07
0.2858078144170721,Correctly Tracked,/root/vast/mustafa/dreem-experiments/paper-plots/uncertainty-microscopy/no-post-processing-no-weight-iou-entropies/test_07_frame_meta_entropy_histogram.csv,DynamicNuclearNet (cell nuclei) - Fluorescence,test_07
0.2767003553878693,Correctly Tracked,/root/vast/mustafa/dreem-experiments/paper-plots/uncertainty-microscopy/no-post-processing-no-weight-iou-entropies/test_07_frame_meta_entropy_histogram.csv,DynamicNuclearNet (cell nuclei) - Fluorescence,test_07
0.2995103948198868,Correctly Tracked,/root/vast/mustafa/dreem-experiments/paper-plots/uncertainty-microscopy/no-post-processing-no-weight-iou-entropies/test_07_frame_meta_entropy_histogram.csv,DynamicNuclearNet (cell nuclei) - Fluorescence,test_07
0.788658312386581,Correctly Tracked,/root/vast/mustafa/dreem-experiments/paper-plots/uncertainty-microscopy/no-post-processing-no-weight-iou-entropies/test_07_frame_meta_entropy_histogram.csv,DynamicNuclearNet (cell nuclei) - Fluorescence,test_07
0.3021309268071998,Correctly Tracked,/root/vast/mustafa/dreem-experiments/paper-plots/uncertainty-microscopy/no-post-processing-no-weight-iou-entropies/test_07_frame_meta_entropy_histogram.csv,DynamicNuclearNet (cell nuclei) - Fluorescence,test_07
0.3208207096197632,Correctly Tracked,/root/vast/mustafa/dreem-experiments/paper-plots/uncertainty-microscopy/no-post-processing-no-weight-iou-entropies/test_07_frame_meta_entropy_histogram.csv,DynamicNuclearNet (cell nuclei) - Fluorescence,test_07
0.3457718497870851,Correctly Tracked,/root/vast/mustafa/dreem-experiments/paper-plots/uncertainty-microscopy/no-post-processing-no-weight-iou-entropies/test_07_frame_meta_entropy_histogram.csv,DynamicNuclearNet (cell nuclei) - Fluorescence,test_07
0.387530380717167,Correctly Tracked,/root/vast/mustafa/dreem-experiments/paper-plots/uncertainty-microscopy/no-post-processing-no-weight-iou-entropies/test_07_frame_meta_entropy_histogram.csv,DynamicNuclearNet (cell nuclei) - Fluorescence,test_07
0.631916819710279,Correctly Tracked,/root/vast/mustafa/dreem-experiments/paper-plots/uncertainty-microscopy/no-post-processing-no-weight-iou-entropies/test_07_frame_meta_entropy_histogram.csv,DynamicNuclearNet (cell nuclei) - Fluorescence,test_07
0.3039129834600922,Correctly Tracked,/root/vast/mustafa/dreem-experiments/paper-plots/uncertainty-microscopy/no-post-processing-no-weight-iou-entropies/test_07_frame_meta_entropy_histogram.csv,DynamicNuclearNet (cell nuclei) - Fluorescence,test_07
0.2656812174958313,Correctly Tracked,/root/vast/mustafa/dreem-experiments/paper-plots/uncertainty-microscopy/no-post-processing-no-weight-iou-entropies/test_07_frame_meta_entropy_histogram.csv,DynamicNuclearNet (cell nuclei) - Fluorescence,test_07
0.2553651416946836,Correctly Tracked,/root/vast/mustafa/dreem-experiments/paper-plots/uncertainty-microscopy/no-post-processing-no-weight-iou-entropies/test_07_frame_meta_entropy_histogram.csv,DynamicNuclearNet (cell nuclei) - Fluorescence,test_07
0.2264735220607254,Correctly Tracked,/root/vast/mustafa/dreem-experiments/paper-plots/uncertainty-microscopy/no-post-processing-no-weight-iou-entropies/test_07_frame_meta_entropy_histogram.csv,DynamicNuclearNet (cell nuclei) - Fluorescence,test_07
0.4627961381172445,Correctly Tracked,/root/vast/mustafa/dreem-experiments/paper-plots/uncertainty-microscopy/no-post-processing-no-weight-iou-entropies/test_07_frame_meta_entropy_histogram.csv,DynamicNuclearNet (cell nuclei) - Fluorescence,test_07
0.2190079613649059,Correctly Tracked,/root/vast/mustafa/dreem-experiments/paper-plots/uncertainty-microscopy/no-post-processing-no-weight-iou-entropies/test_07_frame_meta_entropy_histogram.csv,DynamicNuclearNet (cell nuclei) - Fluorescence,test_07
0.2234066212862899,Correctly Tracked,/root/vast/mustafa/dreem-experiments/paper-plots/uncertainty-microscopy/no-post-processing-no-weight-iou-entropies/test_07_frame_meta_entropy_histogram.csv,DynamicNuclearNet (cell nuclei) - Fluorescence,test_07
0.2004626482580906,Correctly Tracked,/root/vast/mustafa/dreem-experiments/paper-plots/uncertainty-microscopy/no-post-processing-no-weight-iou-entropies/test_07_frame_meta_entropy_histogram.csv,DynamicNuclearNet (cell nuclei) - Fluorescence,test_07
0.344748316489483,Correctly Tracked,/root/vast/mustafa/dreem-experiments/paper-plots/uncertainty-microscopy/no-post-processing-no-weight-iou-entropies/test_07_frame_meta_entropy_histogram.csv,DynamicNuclearNet (cell nuclei) - Fluorescence,test_07
0.2145502431053959,Correctly Tracked,/root/vast/mustafa/dreem-experiments/paper-plots/uncertainty-microscopy/no-post-processing-no-weight-iou-entropies/test_07_frame_meta_entropy_histogram.csv,DynamicNuclearNet (cell nuclei) - Fluorescence,test_07
0.2367198503472138,Correctly Tracked,/root/vast/mustafa/dreem-experiments/paper-plots/uncertainty-microscopy/no-post-processing-no-weight-iou-entropies/test_07_frame_meta_entropy_histogram.csv,DynamicNuclearNet (cell nuclei) - Fluorescence,test_07
0.1838853426579904,Correctly Tracked,/root/vast/mustafa/dreem-experiments/paper-plots/uncertainty-microscopy/no-post-processing-no-weight-iou-entropies/test_07_frame_meta_entropy_histogram.csv,DynamicNuclearNet (cell nuclei) - Fluorescence,test_07
0.1684302857936686,Correctly Tracked,/root/vast/mustafa/dreem-experiments/paper-plots/uncertainty-microscopy/no-post-processing-no-weight-iou-entropies/test_07_frame_meta_entropy_histogram.csv,DynamicNuclearNet (cell nuclei) - Fluorescence,test_07
0.7170668010152831,ID Switch,/root/vast/mustafa/dreem-experiments/paper-plots/uncertainty-microscopy/no-post-processing-no-weight-iou-entropies/test_08_frame_meta_entropy_histogram.csv,DynamicNuclearNet (cell nuclei) - Fluorescence,test_08
0.7159280911308903,ID Switch,/root/vast/mustafa/dreem-experiments/paper-plots/uncertainty-microscopy/no-post-processing-no-weight-iou-entropies/test_08_frame_meta_entropy_histogram.csv,DynamicNuclearNet (cell nuclei) - Fluorescence,test_08
0.7033095548560893,ID Switch,/root/vast/mustafa/dreem-experiments/paper-plots/uncertainty-microscopy/no-post-processing-no-weight-iou-entropies/test_08_frame_meta_entropy_histogram.csv,DynamicNuclearNet (cell nuclei) - Fluorescence,test_08
0.7207702212521301,ID Switch,/root/vast/mustafa/dreem-experiments/paper-plots/uncertainty-microscopy/no-post-processing-no-weight-iou-entropies/test_08_frame_meta_entropy_histogram.csv,DynamicNuclearNet (cell nuclei) - Fluorescence,test_08
0.7438323600911,ID Switch,/root/vast/mustafa/dreem-experiments/paper-plots/uncertainty-microscopy/no-post-processing-no-weight-iou-entropies/test_08_frame_meta_entropy_histogram.csv,DynamicNuclearNet (cell nuclei) - Fluorescence,test_08
0.7612770225279963,ID Switch,/root/vast/mustafa/dreem-experiments/paper-plots/uncertainty-microscopy/no-post-processing-no-weight-iou-entropies/test_08_frame_meta_entropy_histogram.csv,DynamicNuclearNet (cell nuclei) - Fluorescence,test_08
0.7684330909372623,ID Switch,/root/vast/mustafa/dreem-experiments/paper-plots/uncertainty-microscopy/no-post-processing-no-weight-iou-entropies/test_08_frame_meta_entropy_histogram.csv,DynamicNuclearNet (cell nuclei) - Fluorescence,test_08
0.7656951561598123,ID Switch,/root/vast/mustafa/dreem-experiments/paper-plots/uncertainty-microscopy/no-post-processing-no-weight-iou-entropies/test_08_frame_meta_entropy_histogram.csv,DynamicNuclearNet (cell nuclei) - Fluorescence,test_08
0.7590883401586953,ID Switch,/root/vast/mustafa/dreem-experiments/paper-plots/uncertainty-microscopy/no-post-processing-no-weight-iou-entropies/test_08_frame_meta_entropy_histogram.csv,DynamicNuclearNet (cell nuclei) - Fluorescence,test_08
0.9523624731254376,ID Switch,/root/vast/mustafa/dreem-experiments/paper-plots/uncertainty-microscopy/no-post-processing-no-weight-iou-entropies/test_08_frame_meta_entropy_histogram.csv,DynamicNuclearNet (cell nuclei) - Fluorescence,test_08
0.7795077439229858,ID Switch,/root/vast/mustafa/dreem-experiments/paper-plots/uncertainty-microscopy/no-post-processing-no-weight-iou-entropies/test_08_frame_meta_entropy_histogram.csv,DynamicNuclearNet (cell nuclei) - Fluorescence,test_08
0.7731608946728514,ID Switch,/root/vast/mustafa/dreem-experiments/paper-plots/uncertainty-microscopy/no-post-processing-no-weight-iou-entropies/test_08_frame_meta_entropy_histogram.csv,DynamicNuclearNet (cell nuclei) - Fluorescence,test_08
0.770386354633835,ID Switch,/root/vast/mustafa/dreem-experiments/paper-plots/uncertainty-microscopy/no-post-processing-no-weight-iou-entropies/test_08_frame_meta_entropy_histogram.csv,DynamicNuclearNet (cell nuclei) - Fluorescence,test_08
0.7660516671196184,ID Switch,/root/vast/mustafa/dreem-experiments/paper-plots/uncertainty-microscopy/no-post-processing-no-weight-iou-entropies/test_08_frame_meta_entropy_histogram.csv,DynamicNuclearNet (cell nuclei) - Fluorescence,test_08
0.7736496876797876,ID Switch,/root/vast/mustafa/dreem-experiments/paper-plots/uncertainty-microscopy/no-post-processing-no-weight-iou-entropies/test_08_frame_meta_entropy_histogram.csv,DynamicNuclearNet (cell nuclei) - Fluorescence,test_08
0.8086978377524622,ID Switch,/root/vast/mustafa/dreem-experiments/paper-plots/uncertainty-microscopy/no-post-processing-no-weight-iou-entropies/test_08_frame_meta_entropy_histogram.csv,DynamicNuclearNet (cell nuclei) - Fluorescence,test_08
0.8310715461212371,ID Switch,/root/vast/mustafa/dreem-experiments/paper-plots/uncertainty-microscopy/no-post-processing-no-weight-iou-entropies/test_08_frame_meta_entropy_histogram.csv,DynamicNuclearNet (cell nuclei) - Fluorescence,test_08
0.8181275960104963,ID Switch,/root/vast/mustafa/dreem-experiments/paper-plots/uncertainty-microscopy/no-post-processing-no-weight-iou-entropies/test_08_frame_meta_entropy_histogram.csv,DynamicNuclearNet (cell nuclei) - Fluorescence,test_08
0.8438950111411823,ID Switch,/root/vast/mustafa/dreem-experiments/paper-plots/uncertainty-microscopy/no-post-processing-no-weight-iou-entropies/test_08_frame_meta_entropy_histogram.csv,DynamicNuclearNet (cell nuclei) - Fluorescence,test_08
0.9438918247658404,ID Switch,/root/vast/mustafa/dreem-experiments/paper-plots/uncertainty-microscopy/no-post-processing-no-weight-iou-entropies/test_08_frame_meta_entropy_histogram.csv,DynamicNuclearNet (cell nuclei) - Fluorescence,test_08
0.8167064097415272,ID Switch,/root/vast/mustafa/dreem-experiments/paper-plots/uncertainty-microscopy/no-post-processing-no-weight-iou-entropies/test_08_frame_meta_entropy_histogram.csv,DynamicNuclearNet (cell nuclei) - Fluorescence,test_08
0.8279361580061153,ID Switch,/root/vast/mustafa/dreem-experiments/paper-plots/uncertainty-microscopy/no-post-processing-no-weight-iou-entropies/test_08_frame_meta_entropy_histogram.csv,DynamicNuclearNet (cell nuclei) - Fluorescence,test_08
0.794208312877287,ID Switch,/root/vast/mustafa/dreem-experiments/paper-plots/uncertainty-microscopy/no-post-processing-no-weight-iou-entropies/test_08_frame_meta_entropy_histogram.csv,DynamicNuclearNet (cell nuclei) - Fluorescence,test_08
0.8198026770676291,ID Switch,/root/vast/mustafa/dreem-experiments/paper-plots/uncertainty-microscopy/no-post-processing-no-weight-iou-entropies/test_08_frame_meta_entropy_histogram.csv,DynamicNuclearNet (cell nuclei) - Fluorescence,test_08
0.8018392955213312,ID Switch,/root/vast/mustafa/dreem-experiments/paper-plots/uncertainty-microscopy/no-post-processing-no-weight-iou-entropies/test_08_frame_meta_entropy_histogram.csv,DynamicNuclearNet (cell nuclei) - Fluorescence,test_08
0.8204219305328494,ID Switch,/root/vast/mustafa/dreem-experiments/paper-plots/uncertainty-microscopy/no-post-processing-no-weight-iou-entropies/test_08_frame_meta_entropy_histogram.csv,DynamicNuclearNet (cell nuclei) - Fluorescence,test_08
0.8186117916741551,ID Switch,/root/vast/mustafa/dreem-experiments/paper-plots/uncertainty-microscopy/no-post-processing-no-weight-iou-entropies/test_08_frame_meta_entropy_histogram.csv,DynamicNuclearNet (cell nuclei) - Fluorescence,test_08
0.8300255204121614,ID Switch,/root/vast/mustafa/dreem-experiments/paper-plots/uncertainty-microscopy/no-post-processing-no-weight-iou-entropies/test_08_frame_meta_entropy_histogram.csv,DynamicNuclearNet (cell nuclei) - Fluorescence,test_08
0.8182528519292214,ID Switch,/root/vast/mustafa/dreem-experiments/paper-plots/uncertainty-microscopy/no-post-processing-no-weight-iou-entropies/test_08_frame_meta_entropy_histogram.csv,DynamicNuclearNet (cell nuclei) - Fluorescence,test_08
0.7959810657934809,ID Switch,/root/vast/mustafa/dreem-experiments/paper-plots/uncertainty-microscopy/no-post-processing-no-weight-iou-entropies/test_08_frame_meta_entropy_histogram.csv,DynamicNuclearNet (cell nuclei) - Fluorescence,test_08
0.9117168407568292,ID Switch,/root/vast/mustafa/dreem-experiments/paper-plots/uncertainty-microscopy/no-post-processing-no-weight-iou-entropies/test_08_frame_meta_entropy_histogram.csv,DynamicNuclearNet (cell nuclei) - Fluorescence,test_08
0.794572196934802,ID Switch,/root/vast/mustafa/dreem-experiments/paper-plots/uncertainty-microscopy/no-post-processing-no-weight-iou-entropies/test_08_frame_meta_entropy_histogram.csv,DynamicNuclearNet (cell nuclei) - Fluorescence,test_08
0.7955603655124446,ID Switch,/root/vast/mustafa/dreem-experiments/paper-plots/uncertainty-microscopy/no-post-processing-no-weight-iou-entropies/test_08_frame_meta_entropy_histogram.csv,DynamicNuclearNet (cell nuclei) - Fluorescence,test_08
0.8197920945038587,ID Switch,/root/vast/mustafa/dreem-experiments/paper-plots/uncertainty-microscopy/no-post-processing-no-weight-iou-entropies/test_08_frame_meta_entropy_histogram.csv,DynamicNuclearNet (cell nuclei) - Fluorescence,test_08
0.8243840597569524,ID Switch,/root/vast/mustafa/dreem-experiments/paper-plots/uncertainty-microscopy/no-post-processing-no-weight-iou-entropies/test_08_frame_meta_entropy_histogram.csv,DynamicNuclearNet (cell nuclei) - Fluorescence,test_08
0.818877309934001,ID Switch,/root/vast/mustafa/dreem-experiments/paper-plots/uncertainty-microscopy/no-post-processing-no-weight-iou-entropies/test_08_frame_meta_entropy_histogram.csv,DynamicNuclearNet (cell nuclei) - Fluorescence,test_08
0.817316728747171,ID Switch,/root/vast/mustafa/dreem-experiments/paper-plots/uncertainty-microscopy/no-post-processing-no-weight-iou-entropies/test_08_frame_meta_entropy_histogram.csv,DynamicNuclearNet (cell nuclei) - Fluorescence,test_08
0.8337787741152879,ID Switch,/root/vast/mustafa/dreem-experiments/paper-plots/uncertainty-microscopy/no-post-processing-no-weight-iou-entropies/test_08_frame_meta_entropy_histogram.csv,DynamicNuclearNet (cell nuclei) - Fluorescence,test_08
0.8351256222108862,ID Switch,/root/vast/mustafa/dreem-experiments/paper-plots/uncertainty-microscopy/no-post-processing-no-weight-iou-entropies/test_08_frame_meta_entropy_histogram.csv,DynamicNuclearNet (cell nuclei) - Fluorescence,test_08
0.8379957522931402,ID Switch,/root/vast/mustafa/dreem-experiments/paper-plots/uncertainty-microscopy/no-post-processing-no-weight-iou-entropies/test_08_frame_meta_entropy_histogram.csv,DynamicNuclearNet (cell nuclei) - Fluorescence,test_08
0.8349362637132568,ID Switch,/root/vast/mustafa/dreem-experiments/paper-plots/uncertainty-microscopy/no-post-processing-no-weight-iou-entropies/test_08_frame_meta_entropy_histogram.csv,DynamicNuclearNet (cell nuclei) - Fluorescence,test_08
0.8417562056093236,ID Switch,/root/vast/mustafa/dreem-experiments/paper-plots/uncertainty-microscopy/no-post-processing-no-weight-iou-entropies/test_08_frame_meta_entropy_histogram.csv,DynamicNuclearNet (cell nuclei) - Fluorescence,test_08
0.8373895101768178,ID Switch,/root/vast/mustafa/dreem-experiments/paper-plots/uncertainty-microscopy/no-post-processing-no-weight-iou-entropies/test_08_frame_meta_entropy_histogram.csv,DynamicNuclearNet (cell nuclei) - Fluorescence,test_08
0.8233024696942219,ID Switch,/root/vast/mustafa/dreem-experiments/paper-plots/uncertainty-microscopy/no-post-processing-no-weight-iou-entropies/test_08_frame_meta_entropy_histogram.csv,DynamicNuclearNet (cell nuclei) - Fluorescence,test_08
0.8242104883626526,ID Switch,/root/vast/mustafa/dreem-experiments/paper-plots/uncertainty-microscopy/no-post-processing-no-weight-iou-entropies/test_08_frame_meta_entropy_histogram.csv,DynamicNuclearNet (cell nuclei) - Fluorescence,test_08
0.8489603292671863,ID Switch,/root/vast/mustafa/dreem-experiments/paper-plots/uncertainty-microscopy/no-post-processing-no-weight-iou-entropies/test_08_frame_meta_entropy_histogram.csv,DynamicNuclearNet (cell nuclei) - Fluorescence,test_08
0.8523031182837429,ID Switch,/root/vast/mustafa/dreem-experiments/paper-plots/uncertainty-microscopy/no-post-processing-no-weight-iou-entropies/test_08_frame_meta_entropy_histogram.csv,DynamicNuclearNet (cell nuclei) - Fluorescence,test_08
0.8560383295830641,ID Switch,/root/vast/mustafa/dreem-experiments/paper-plots/uncertainty-microscopy/no-post-processing-no-weight-iou-entropies/test_08_frame_meta_entropy_histogram.csv,DynamicNuclearNet (cell nuclei) - Fluorescence,test_08
0.856177290789295,ID Switch,/root/vast/mustafa/dreem-experiments/paper-plots/uncertainty-microscopy/no-post-processing-no-weight-iou-entropies/test_08_frame_meta_entropy_histogram.csv,DynamicNuclearNet (cell nuclei) - Fluorescence,test_08
0.8633813277048318,ID Switch,/root/vast/mustafa/dreem-experiments/paper-plots/uncertainty-microscopy/no-post-processing-no-weight-iou-entropies/test_08_frame_meta_entropy_histogram.csv,DynamicNuclearNet (cell nuclei) - Fluorescence,test_08
0.856164886636679,ID Switch,/root/vast/mustafa/dreem-experiments/paper-plots/uncertainty-microscopy/no-post-processing-no-weight-iou-entropies/test_08_frame_meta_entropy_histogram.csv,DynamicNuclearNet (cell nuclei) - Fluorescence,test_08
0.8474126726869283,ID Switch,/root/vast/mustafa/dreem-experiments/paper-plots/uncertainty-microscopy/no-post-processing-no-weight-iou-entropies/test_08_frame_meta_entropy_histogram.csv,DynamicNuclearNet (cell nuclei) - Fluorescence,test_08
0.8371010052005855,ID Switch,/root/vast/mustafa/dreem-experiments/paper-plots/uncertainty-microscopy/no-post-processing-no-weight-iou-entropies/test_08_frame_meta_entropy_histogram.csv,DynamicNuclearNet (cell nuclei) - Fluorescence,test_08
0.8461771149955711,ID Switch,/root/vast/mustafa/dreem-experiments/paper-plots/uncertainty-microscopy/no-post-processing-no-weight-iou-entropies/test_08_frame_meta_entropy_histogram.csv,DynamicNuclearNet (cell nuclei) - Fluorescence,test_08
0.8438980471225918,ID Switch,/root/vast/mustafa/dreem-experiments/paper-plots/uncertainty-microscopy/no-post-processing-no-weight-iou-entropies/test_08_frame_meta_entropy_histogram.csv,DynamicNuclearNet (cell nuclei) - Fluorescence,test_08
0.8320152158856485,ID Switch,/root/vast/mustafa/dreem-experiments/paper-plots/uncertainty-microscopy/no-post-processing-no-weight-iou-entropies/test_08_frame_meta_entropy_histogram.csv,DynamicNuclearNet (cell nuclei) - Fluorescence,test_08
0.8379218478313993,ID Switch,/root/vast/mustafa/dreem-experiments/paper-plots/uncertainty-microscopy/no-post-processing-no-weight-iou-entropies/test_08_frame_meta_entropy_histogram.csv,DynamicNuclearNet (cell nuclei) - Fluorescence,test_08
0.8475732327323301,ID Switch,/root/vast/mustafa/dreem-experiments/paper-plots/uncertainty-microscopy/no-post-processing-no-weight-iou-entropies/test_08_frame_meta_entropy_histogram.csv,DynamicNuclearNet (cell nuclei) - Fluorescence,test_08
0.8462394827279557,ID Switch,/root/vast/mustafa/dreem-experiments/paper-plots/uncertainty-microscopy/no-post-processing-no-weight-iou-entropies/test_08_frame_meta_entropy_histogram.csv,DynamicNuclearNet (cell nuclei) - Fluorescence,test_08
0.84110503096814,ID Switch,/root/vast/mustafa/dreem-experiments/paper-plots/uncertainty-microscopy/no-post-processing-no-weight-iou-entropies/test_08_frame_meta_entropy_histogram.csv,DynamicNuclearNet (cell nuclei) - Fluorescence,test_08
0.8359927852437771,ID Switch,/root/vast/mustafa/dreem-experiments/paper-plots/uncertainty-microscopy/no-post-processing-no-weight-iou-entropies/test_08_frame_meta_entropy_histogram.csv,DynamicNuclearNet (cell nuclei) - Fluorescence,test_08
0.7690559008378481,ID Switch,/root/vast/mustafa/dreem-experiments/paper-plots/uncertainty-microscopy/no-post-processing-no-weight-iou-entropies/test_08_frame_meta_entropy_histogram.csv,DynamicNuclearNet (cell nuclei) - Fluorescence,test_08
0.8382114804578696,ID Switch,/root/vast/mustafa/dreem-experiments/paper-plots/uncertainty-microscopy/no-post-processing-no-weight-iou-entropies/test_08_frame_meta_entropy_histogram.csv,DynamicNuclearNet (cell nuclei) - Fluorescence,test_08
0.7088033800724686,ID Switch,/root/vast/mustafa/dreem-experiments/paper-plots/uncertainty-microscopy/no-post-processing-no-weight-iou-entropies/test_08_frame_meta_entropy_histogram.csv,DynamicNuclearNet (cell nuclei) - Fluorescence,test_08
0.7086103350259847,ID Switch,/root/vast/mustafa/dreem-experiments/paper-plots/uncertainty-microscopy/no-post-processing-no-weight-iou-entropies/test_08_frame_meta_entropy_histogram.csv,DynamicNuclearNet (cell nuclei) - Fluorescence,test_08
0.951949666396066,Correctly Tracked,/root/vast/mustafa/dreem-experiments/paper-plots/uncertainty-microscopy/no-post-processing-no-weight-iou-entropies/test_08_frame_meta_entropy_histogram.csv,DynamicNuclearNet (cell nuclei) - Fluorescence,test_08
0.7712740755979848,Correctly Tracked,/root/vast/mustafa/dreem-experiments/paper-plots/uncertainty-microscopy/no-post-processing-no-weight-iou-entropies/test_08_frame_meta_entropy_histogram.csv,DynamicNuclearNet (cell nuclei) - Fluorescence,test_08
0.7554222624931856,Correctly Tracked,/root/vast/mustafa/dreem-experiments/paper-plots/uncertainty-microscopy/no-post-processing-no-weight-iou-entropies/test_08_frame_meta_entropy_histogram.csv,DynamicNuclearNet (cell nuclei) - Fluorescence,test_08
0.8649009665137961,Correctly Tracked,/root/vast/mustafa/dreem-experiments/paper-plots/uncertainty-microscopy/no-post-processing-no-weight-iou-entropies/test_08_frame_meta_entropy_histogram.csv,DynamicNuclearNet (cell nuclei) - Fluorescence,test_08
0.8004727569177338,Correctly Tracked,/root/vast/mustafa/dreem-experiments/paper-plots/uncertainty-microscopy/no-post-processing-no-weight-iou-entropies/test_08_frame_meta_entropy_histogram.csv,DynamicNuclearNet (cell nuclei) - Fluorescence,test_08
0.6795605592416943,ID Switch,/root/vast/mustafa/dreem-experiments/paper-plots/uncertainty-microscopy/no-post-processing-no-weight-iou-entropies/test_09_frame_meta_entropy_histogram.csv,DynamicNuclearNet (cell nuclei) - Fluorescence,test_09
0.6906383217265011,ID Switch,/root/vast/mustafa/dreem-experiments/paper-plots/uncertainty-microscopy/no-post-processing-no-weight-iou-entropies/test_09_frame_meta_entropy_histogram.csv,DynamicNuclearNet (cell nuclei) - Fluorescence,test_09
0.6971766627697251,ID Switch,/root/vast/mustafa/dreem-experiments/paper-plots/uncertainty-microscopy/no-post-processing-no-weight-iou-entropies/test_09_frame_meta_entropy_histogram.csv,DynamicNuclearNet (cell nuclei) - Fluorescence,test_09
0.6789669889823068,ID Switch,/root/vast/mustafa/dreem-experiments/paper-plots/uncertainty-microscopy/no-post-processing-no-weight-iou-entropies/test_09_frame_meta_entropy_histogram.csv,DynamicNuclearNet (cell nuclei) - Fluorescence,test_09
0.7003952979414575,ID Switch,/root/vast/mustafa/dreem-experiments/paper-plots/uncertainty-microscopy/no-post-processing-no-weight-iou-entropies/test_09_frame_meta_entropy_histogram.csv,DynamicNuclearNet (cell nuclei) - Fluorescence,test_09
0.6694177887703399,ID Switch,/root/vast/mustafa/dreem-experiments/paper-plots/uncertainty-microscopy/no-post-processing-no-weight-iou-entropies/test_09_frame_meta_entropy_histogram.csv,DynamicNuclearNet (cell nuclei) - Fluorescence,test_09
0.6712982936584129,ID Switch,/root/vast/mustafa/dreem-experiments/paper-plots/uncertainty-microscopy/no-post-processing-no-weight-iou-entropies/test_09_frame_meta_entropy_histogram.csv,DynamicNuclearNet (cell nuclei) - Fluorescence,test_09
0.6928301384563413,ID Switch,/root/vast/mustafa/dreem-experiments/paper-plots/uncertainty-microscopy/no-post-processing-no-weight-iou-entropies/test_09_frame_meta_entropy_histogram.csv,DynamicNuclearNet (cell nuclei) - Fluorescence,test_09
0.6776837960824886,ID Switch,/root/vast/mustafa/dreem-experiments/paper-plots/uncertainty-microscopy/no-post-processing-no-weight-iou-entropies/test_09_frame_meta_entropy_histogram.csv,DynamicNuclearNet (cell nuclei) - Fluorescence,test_09
0.6587142872129517,ID Switch,/root/vast/mustafa/dreem-experiments/paper-plots/uncertainty-microscopy/no-post-processing-no-weight-iou-entropies/test_09_frame_meta_entropy_histogram.csv,DynamicNuclearNet (cell nuclei) - Fluorescence,test_09
0.675859945371502,ID Switch,/root/vast/mustafa/dreem-experiments/paper-plots/uncertainty-microscopy/no-post-processing-no-weight-iou-entropies/test_09_frame_meta_entropy_histogram.csv,DynamicNuclearNet (cell nuclei) - Fluorescence,test_09
0.6555964145986012,ID Switch,/root/vast/mustafa/dreem-experiments/paper-plots/uncertainty-microscopy/no-post-processing-no-weight-iou-entropies/test_09_frame_meta_entropy_histogram.csv,DynamicNuclearNet (cell nuclei) - Fluorescence,test_09
0.6840302964856644,ID Switch,/root/vast/mustafa/dreem-experiments/paper-plots/uncertainty-microscopy/no-post-processing-no-weight-iou-entropies/test_09_frame_meta_entropy_histogram.csv,DynamicNuclearNet (cell nuclei) - Fluorescence,test_09
0.6720256417298947,ID Switch,/root/vast/mustafa/dreem-experiments/paper-plots/uncertainty-microscopy/no-post-processing-no-weight-iou-entropies/test_09_frame_meta_entropy_histogram.csv,DynamicNuclearNet (cell nuclei) - Fluorescence,test_09
0.6790640538311609,ID Switch,/root/vast/mustafa/dreem-experiments/paper-plots/uncertainty-microscopy/no-post-processing-no-weight-iou-entropies/test_09_frame_meta_entropy_histogram.csv,DynamicNuclearNet (cell nuclei) - Fluorescence,test_09
0.8745634444066519,ID Switch,/root/vast/mustafa/dreem-experiments/paper-plots/uncertainty-microscopy/no-post-processing-no-weight-iou-entropies/test_09_frame_meta_entropy_histogram.csv,DynamicNuclearNet (cell nuclei) - Fluorescence,test_09
0.6929259707356863,ID Switch,/root/vast/mustafa/dreem-experiments/paper-plots/uncertainty-microscopy/no-post-processing-no-weight-iou-entropies/test_09_frame_meta_entropy_histogram.csv,DynamicNuclearNet (cell nuclei) - Fluorescence,test_09
0.6862359796224837,ID Switch,/root/vast/mustafa/dreem-experiments/paper-plots/uncertainty-microscopy/no-post-processing-no-weight-iou-entropies/test_09_frame_meta_entropy_histogram.csv,DynamicNuclearNet (cell nuclei) - Fluorescence,test_09
0.7120361245902976,ID Switch,/root/vast/mustafa/dreem-experiments/paper-plots/uncertainty-microscopy/no-post-processing-no-weight-iou-entropies/test_09_frame_meta_entropy_histogram.csv,DynamicNuclearNet (cell nuclei) - Fluorescence,test_09
0.6950044350910142,ID Switch,/root/vast/mustafa/dreem-experiments/paper-plots/uncertainty-microscopy/no-post-processing-no-weight-iou-entropies/test_09_frame_meta_entropy_histogram.csv,DynamicNuclearNet (cell nuclei) - Fluorescence,test_09
0.7048416603850912,ID Switch,/root/vast/mustafa/dreem-experiments/paper-plots/uncertainty-microscopy/no-post-processing-no-weight-iou-entropies/test_09_frame_meta_entropy_histogram.csv,DynamicNuclearNet (cell nuclei) - Fluorescence,test_09
0.7728987341846124,ID Switch,/root/vast/mustafa/dreem-experiments/paper-plots/uncertainty-microscopy/no-post-processing-no-weight-iou-entropies/test_09_frame_meta_entropy_histogram.csv,DynamicNuclearNet (cell nuclei) - Fluorescence,test_09
0.7784733819529541,ID Switch,/root/vast/mustafa/dreem-experiments/paper-plots/uncertainty-microscopy/no-post-processing-no-weight-iou-entropies/test_09_frame_meta_entropy_histogram.csv,DynamicNuclearNet (cell nuclei) - Fluorescence,test_09
0.7894703671145649,ID Switch,/root/vast/mustafa/dreem-experiments/paper-plots/uncertainty-microscopy/no-post-processing-no-weight-iou-entropies/test_09_frame_meta_entropy_histogram.csv,DynamicNuclearNet (cell nuclei) - Fluorescence,test_09
0.7624458404206603,ID Switch,/root/vast/mustafa/dreem-experiments/paper-plots/uncertainty-microscopy/no-post-processing-no-weight-iou-entropies/test_09_frame_meta_entropy_histogram.csv,DynamicNuclearNet (cell nuclei) - Fluorescence,test_09
0.7379399374579082,ID Switch,/root/vast/mustafa/dreem-experiments/paper-plots/uncertainty-microscopy/no-post-processing-no-weight-iou-entropies/test_09_frame_meta_entropy_histogram.csv,DynamicNuclearNet (cell nuclei) - Fluorescence,test_09
0.7369293625213346,ID Switch,/root/vast/mustafa/dreem-experiments/paper-plots/uncertainty-microscopy/no-post-processing-no-weight-iou-entropies/test_09_frame_meta_entropy_histogram.csv,DynamicNuclearNet (cell nuclei) - Fluorescence,test_09
0.7309115619940745,ID Switch,/root/vast/mustafa/dreem-experiments/paper-plots/uncertainty-microscopy/no-post-processing-no-weight-iou-entropies/test_09_frame_meta_entropy_histogram.csv,DynamicNuclearNet (cell nuclei) - Fluorescence,test_09
0.7344126316647857,ID Switch,/root/vast/mustafa/dreem-experiments/paper-plots/uncertainty-microscopy/no-post-processing-no-weight-iou-entropies/test_09_frame_meta_entropy_histogram.csv,DynamicNuclearNet (cell nuclei) - Fluorescence,test_09
0.7493077059401079,ID Switch,/root/vast/mustafa/dreem-experiments/paper-plots/uncertainty-microscopy/no-post-processing-no-weight-iou-entropies/test_09_frame_meta_entropy_histogram.csv,DynamicNuclearNet (cell nuclei) - Fluorescence,test_09
0.7349433848995406,ID Switch,/root/vast/mustafa/dreem-experiments/paper-plots/uncertainty-microscopy/no-post-processing-no-weight-iou-entropies/test_09_frame_meta_entropy_histogram.csv,DynamicNuclearNet (cell nuclei) - Fluorescence,test_09
0.7111752628287593,ID Switch,/root/vast/mustafa/dreem-experiments/paper-plots/uncertainty-microscopy/no-post-processing-no-weight-iou-entropies/test_09_frame_meta_entropy_histogram.csv,DynamicNuclearNet (cell nuclei) - Fluorescence,test_09
0.7023821559700437,ID Switch,/root/vast/mustafa/dreem-experiments/paper-plots/uncertainty-microscopy/no-post-processing-no-weight-iou-entropies/test_09_frame_meta_entropy_histogram.csv,DynamicNuclearNet (cell nuclei) - Fluorescence,test_09
0.6965097546245367,ID Switch,/root/vast/mustafa/dreem-experiments/paper-plots/uncertainty-microscopy/no-post-processing-no-weight-iou-entropies/test_09_frame_meta_entropy_histogram.csv,DynamicNuclearNet (cell nuclei) - Fluorescence,test_09
0.6979186255939596,ID Switch,/root/vast/mustafa/dreem-experiments/paper-plots/uncertainty-microscopy/no-post-processing-no-weight-iou-entropies/test_09_frame_meta_entropy_histogram.csv,DynamicNuclearNet (cell nuclei) - Fluorescence,test_09
0.6844905291363539,ID Switch,/root/vast/mustafa/dreem-experiments/paper-plots/uncertainty-microscopy/no-post-processing-no-weight-iou-entropies/test_09_frame_meta_entropy_histogram.csv,DynamicNuclearNet (cell nuclei) - Fluorescence,test_09
0.6898609225288755,ID Switch,/root/vast/mustafa/dreem-experiments/paper-plots/uncertainty-microscopy/no-post-processing-no-weight-iou-entropies/test_09_frame_meta_entropy_histogram.csv,DynamicNuclearNet (cell nuclei) - Fluorescence,test_09
0.709136196677388,ID Switch,/root/vast/mustafa/dreem-experiments/paper-plots/uncertainty-microscopy/no-post-processing-no-weight-iou-entropies/test_09_frame_meta_entropy_histogram.csv,DynamicNuclearNet (cell nuclei) - Fluorescence,test_09
0.7202371578811727,ID Switch,/root/vast/mustafa/dreem-experiments/paper-plots/uncertainty-microscopy/no-post-processing-no-weight-iou-entropies/test_09_frame_meta_entropy_histogram.csv,DynamicNuclearNet (cell nuclei) - Fluorescence,test_09
0.8086861257639161,ID Switch,/root/vast/mustafa/dreem-experiments/paper-plots/uncertainty-microscopy/no-post-processing-no-weight-iou-entropies/test_09_frame_meta_entropy_histogram.csv,DynamicNuclearNet (cell nuclei) - Fluorescence,test_09
0.818234753711468,ID Switch,/root/vast/mustafa/dreem-experiments/paper-plots/uncertainty-microscopy/no-post-processing-no-weight-iou-entropies/test_09_frame_meta_entropy_histogram.csv,DynamicNuclearNet (cell nuclei) - Fluorescence,test_09
0.8083625762677356,ID Switch,/root/vast/mustafa/dreem-experiments/paper-plots/uncertainty-microscopy/no-post-processing-no-weight-iou-entropies/test_09_frame_meta_entropy_histogram.csv,DynamicNuclearNet (cell nuclei) - Fluorescence,test_09
0.7597930867146968,ID Switch,/root/vast/mustafa/dreem-experiments/paper-plots/uncertainty-microscopy/no-post-processing-no-weight-iou-entropies/test_09_frame_meta_entropy_histogram.csv,DynamicNuclearNet (cell nuclei) - Fluorescence,test_09
0.7622175509394097,ID Switch,/root/vast/mustafa/dreem-experiments/paper-plots/uncertainty-microscopy/no-post-processing-no-weight-iou-entropies/test_09_frame_meta_entropy_histogram.csv,DynamicNuclearNet (cell nuclei) - Fluorescence,test_09
0.7730049992844464,ID Switch,/root/vast/mustafa/dreem-experiments/paper-plots/uncertainty-microscopy/no-post-processing-no-weight-iou-entropies/test_09_frame_meta_entropy_histogram.csv,DynamicNuclearNet (cell nuclei) - Fluorescence,test_09
0.7433310644303892,ID Switch,/root/vast/mustafa/dreem-experiments/paper-plots/uncertainty-microscopy/no-post-processing-no-weight-iou-entropies/test_09_frame_meta_entropy_histogram.csv,DynamicNuclearNet (cell nuclei) - Fluorescence,test_09
0.7431153647662688,ID Switch,/root/vast/mustafa/dreem-experiments/paper-plots/uncertainty-microscopy/no-post-processing-no-weight-iou-entropies/test_09_frame_meta_entropy_histogram.csv,DynamicNuclearNet (cell nuclei) - Fluorescence,test_09
0.7379808763737515,ID Switch,/root/vast/mustafa/dreem-experiments/paper-plots/uncertainty-microscopy/no-post-processing-no-weight-iou-entropies/test_09_frame_meta_entropy_histogram.csv,DynamicNuclearNet (cell nuclei) - Fluorescence,test_09
0.7491589171922045,ID Switch,/root/vast/mustafa/dreem-experiments/paper-plots/uncertainty-microscopy/no-post-processing-no-weight-iou-entropies/test_09_frame_meta_entropy_histogram.csv,DynamicNuclearNet (cell nuclei) - Fluorescence,test_09
0.7173045228559282,ID Switch,/root/vast/mustafa/dreem-experiments/paper-plots/uncertainty-microscopy/no-post-processing-no-weight-iou-entropies/test_09_frame_meta_entropy_histogram.csv,DynamicNuclearNet (cell nuclei) - Fluorescence,test_09
0.8877529066031971,Correctly Tracked,/root/vast/mustafa/dreem-experiments/paper-plots/uncertainty-microscopy/no-post-processing-no-weight-iou-entropies/test_09_frame_meta_entropy_histogram.csv,DynamicNuclearNet (cell nuclei) - Fluorescence,test_09
0.8853405919922184,Correctly Tracked,/root/vast/mustafa/dreem-experiments/paper-plots/uncertainty-microscopy/no-post-processing-no-weight-iou-entropies/test_09_frame_meta_entropy_histogram.csv,DynamicNuclearNet (cell nuclei) - Fluorescence,test_09
0.6392156978815651,Correctly Tracked,/root/vast/mustafa/dreem-experiments/paper-plots/uncertainty-microscopy/no-post-processing-no-weight-iou-entropies/test_09_frame_meta_entropy_histogram.csv,DynamicNuclearNet (cell nuclei) - Fluorescence,test_09
0.637322691217041,Correctly Tracked,/root/vast/mustafa/dreem-experiments/paper-plots/uncertainty-microscopy/no-post-processing-no-weight-iou-entropies/test_09_frame_meta_entropy_histogram.csv,DynamicNuclearNet (cell nuclei) - Fluorescence,test_09
0.6487414792728561,Correctly Tracked,/root/vast/mustafa/dreem-experiments/paper-plots/uncertainty-microscopy/no-post-processing-no-weight-iou-entropies/test_09_frame_meta_entropy_histogram.csv,DynamicNuclearNet (cell nuclei) - Fluorescence,test_09
0.6794999872543821,Correctly Tracked,/root/vast/mustafa/dreem-experiments/paper-plots/uncertainty-microscopy/no-post-processing-no-weight-iou-entropies/test_09_frame_meta_entropy_histogram.csv,DynamicNuclearNet (cell nuclei) - Fluorescence,test_09
0.6548079662957319,Correctly Tracked,/root/vast/mustafa/dreem-experiments/paper-plots/uncertainty-microscopy/no-post-processing-no-weight-iou-entropies/test_09_frame_meta_entropy_histogram.csv,DynamicNuclearNet (cell nuclei) - Fluorescence,test_09
0.6992037113683811,Correctly Tracked,/root/vast/mustafa/dreem-experiments/paper-plots/uncertainty-microscopy/no-post-processing-no-weight-iou-entropies/test_09_frame_meta_entropy_histogram.csv,DynamicNuclearNet (cell nuclei) - Fluorescence,test_09
0.8400789668393145,Correctly Tracked,/root/vast/mustafa/dreem-experiments/paper-plots/uncertainty-microscopy/no-post-processing-no-weight-iou-entropies/test_09_frame_meta_entropy_histogram.csv,DynamicNuclearNet (cell nuclei) - Fluorescence,test_09
0.8152451563667598,Correctly Tracked,/root/vast/mustafa/dreem-experiments/paper-plots/uncertainty-microscopy/no-post-processing-no-weight-iou-entropies/test_09_frame_meta_entropy_histogram.csv,DynamicNuclearNet (cell nuclei) - Fluorescence,test_09
0.6986501115773652,Correctly Tracked,/root/vast/mustafa/dreem-experiments/paper-plots/uncertainty-microscopy/no-post-processing-no-weight-iou-entropies/test_09_frame_meta_entropy_histogram.csv,DynamicNuclearNet (cell nuclei) - Fluorescence,test_09
0.6419133083135977,Correctly Tracked,/root/vast/mustafa/dreem-experiments/paper-plots/uncertainty-microscopy/no-post-processing-no-weight-iou-entropies/test_09_frame_meta_entropy_histogram.csv,DynamicNuclearNet (cell nuclei) - Fluorescence,test_09
0.6309008720127817,Correctly Tracked,/root/vast/mustafa/dreem-experiments/paper-plots/uncertainty-microscopy/no-post-processing-no-weight-iou-entropies/test_09_frame_meta_entropy_histogram.csv,DynamicNuclearNet (cell nuclei) - Fluorescence,test_09
0.9085456243528504,ID Switch,/root/vast/mustafa/dreem-experiments/paper-plots/uncertainty-microscopy/no-post-processing-no-weight-iou-entropies/test_10_frame_meta_entropy_histogram.csv,DynamicNuclearNet (cell nuclei) - Fluorescence,test_10
0.4268879197984618,ID Switch,/root/vast/mustafa/dreem-experiments/paper-plots/uncertainty-microscopy/no-post-processing-no-weight-iou-entropies/test_10_frame_meta_entropy_histogram.csv,DynamicNuclearNet (cell nuclei) - Fluorescence,test_10
0.4341365045080416,ID Switch,/root/vast/mustafa/dreem-experiments/paper-plots/uncertainty-microscopy/no-post-processing-no-weight-iou-entropies/test_10_frame_meta_entropy_histogram.csv,DynamicNuclearNet (cell nuclei) - Fluorescence,test_10
0.430768957658121,ID Switch,/root/vast/mustafa/dreem-experiments/paper-plots/uncertainty-microscopy/no-post-processing-no-weight-iou-entropies/test_10_frame_meta_entropy_histogram.csv,DynamicNuclearNet (cell nuclei) - Fluorescence,test_10
0.4195265871841154,ID Switch,/root/vast/mustafa/dreem-experiments/paper-plots/uncertainty-microscopy/no-post-processing-no-weight-iou-entropies/test_10_frame_meta_entropy_histogram.csv,DynamicNuclearNet (cell nuclei) - Fluorescence,test_10
0.9009635269585436,ID Switch,/root/vast/mustafa/dreem-experiments/paper-plots/uncertainty-microscopy/no-post-processing-no-weight-iou-entropies/test_10_frame_meta_entropy_histogram.csv,DynamicNuclearNet (cell nuclei) - Fluorescence,test_10
0.417007538037999,ID Switch,/root/vast/mustafa/dreem-experiments/paper-plots/uncertainty-microscopy/no-post-processing-no-weight-iou-entropies/test_10_frame_meta_entropy_histogram.csv,DynamicNuclearNet (cell nuclei) - Fluorescence,test_10
0.4147792978096761,ID Switch,/root/vast/mustafa/dreem-experiments/paper-plots/uncertainty-microscopy/no-post-processing-no-weight-iou-entropies/test_10_frame_meta_entropy_histogram.csv,DynamicNuclearNet (cell nuclei) - Fluorescence,test_10
0.4117033566825295,ID Switch,/root/vast/mustafa/dreem-experiments/paper-plots/uncertainty-microscopy/no-post-processing-no-weight-iou-entropies/test_10_frame_meta_entropy_histogram.csv,DynamicNuclearNet (cell nuclei) - Fluorescence,test_10
0.3989055481857648,ID Switch,/root/vast/mustafa/dreem-experiments/paper-plots/uncertainty-microscopy/no-post-processing-no-weight-iou-entropies/test_10_frame_meta_entropy_histogram.csv,DynamicNuclearNet (cell nuclei) - Fluorescence,test_10
0.3999379335390172,ID Switch,/root/vast/mustafa/dreem-experiments/paper-plots/uncertainty-microscopy/no-post-processing-no-weight-iou-entropies/test_10_frame_meta_entropy_histogram.csv,DynamicNuclearNet (cell nuclei) - Fluorescence,test_10
0.4063886674613774,ID Switch,/root/vast/mustafa/dreem-experiments/paper-plots/uncertainty-microscopy/no-post-processing-no-weight-iou-entropies/test_10_frame_meta_entropy_histogram.csv,DynamicNuclearNet (cell nuclei) - Fluorescence,test_10
0.4349279310551045,ID Switch,/root/vast/mustafa/dreem-experiments/paper-plots/uncertainty-microscopy/no-post-processing-no-weight-iou-entropies/test_10_frame_meta_entropy_histogram.csv,DynamicNuclearNet (cell nuclei) - Fluorescence,test_10
0.4303231452714292,ID Switch,/root/vast/mustafa/dreem-experiments/paper-plots/uncertainty-microscopy/no-post-processing-no-weight-iou-entropies/test_10_frame_meta_entropy_histogram.csv,DynamicNuclearNet (cell nuclei) - Fluorescence,test_10
0.453181687356003,ID Switch,/root/vast/mustafa/dreem-experiments/paper-plots/uncertainty-microscopy/no-post-processing-no-weight-iou-entropies/test_10_frame_meta_entropy_histogram.csv,DynamicNuclearNet (cell nuclei) - Fluorescence,test_10
0.4494775402020554,ID Switch,/root/vast/mustafa/dreem-experiments/paper-plots/uncertainty-microscopy/no-post-processing-no-weight-iou-entropies/test_10_frame_meta_entropy_histogram.csv,DynamicNuclearNet (cell nuclei) - Fluorescence,test_10
0.4555412261050491,ID Switch,/root/vast/mustafa/dreem-experiments/paper-plots/uncertainty-microscopy/no-post-processing-no-weight-iou-entropies/test_10_frame_meta_entropy_histogram.csv,DynamicNuclearNet (cell nuclei) - Fluorescence,test_10
0.444473704523992,ID Switch,/root/vast/mustafa/dreem-experiments/paper-plots/uncertainty-microscopy/no-post-processing-no-weight-iou-entropies/test_10_frame_meta_entropy_histogram.csv,DynamicNuclearNet (cell nuclei) - Fluorescence,test_10
0.4645326225086267,ID Switch,/root/vast/mustafa/dreem-experiments/paper-plots/uncertainty-microscopy/no-post-processing-no-weight-iou-entropies/test_10_frame_meta_entropy_histogram.csv,DynamicNuclearNet (cell nuclei) - Fluorescence,test_10
0.4801621514059588,ID Switch,/root/vast/mustafa/dreem-experiments/paper-plots/uncertainty-microscopy/no-post-processing-no-weight-iou-entropies/test_10_frame_meta_entropy_histogram.csv,DynamicNuclearNet (cell nuclei) - Fluorescence,test_10
0.4817814583279508,ID Switch,/root/vast/mustafa/dreem-experiments/paper-plots/uncertainty-microscopy/no-post-processing-no-weight-iou-entropies/test_10_frame_meta_entropy_histogram.csv,DynamicNuclearNet (cell nuclei) - Fluorescence,test_10
0.7545658008530813,ID Switch,/root/vast/mustafa/dreem-experiments/paper-plots/uncertainty-microscopy/no-post-processing-no-weight-iou-entropies/test_10_frame_meta_entropy_histogram.csv,DynamicNuclearNet (cell nuclei) - Fluorescence,test_10
0.4794193797630288,ID Switch,/root/vast/mustafa/dreem-experiments/paper-plots/uncertainty-microscopy/no-post-processing-no-weight-iou-entropies/test_10_frame_meta_entropy_histogram.csv,DynamicNuclearNet (cell nuclei) - Fluorescence,test_10
0.4602980522391009,ID Switch,/root/vast/mustafa/dreem-experiments/paper-plots/uncertainty-microscopy/no-post-processing-no-weight-iou-entropies/test_10_frame_meta_entropy_histogram.csv,DynamicNuclearNet (cell nuclei) - Fluorescence,test_10
0.6072640994970349,ID Switch,/root/vast/mustafa/dreem-experiments/paper-plots/uncertainty-microscopy/no-post-processing-no-weight-iou-entropies/test_10_frame_meta_entropy_histogram.csv,DynamicNuclearNet (cell nuclei) - Fluorescence,test_10
0.544923372616531,ID Switch,/root/vast/mustafa/dreem-experiments/paper-plots/uncertainty-microscopy/no-post-processing-no-weight-iou-entropies/test_10_frame_meta_entropy_histogram.csv,DynamicNuclearNet (cell nuclei) - Fluorescence,test_10
0.4178106178579043,Correctly Tracked,/root/vast/mustafa/dreem-experiments/paper-plots/uncertainty-microscopy/no-post-processing-no-weight-iou-entropies/test_10_frame_meta_entropy_histogram.csv,DynamicNuclearNet (cell nuclei) - Fluorescence,test_10
0.4276163987520507,Correctly Tracked,/root/vast/mustafa/dreem-experiments/paper-plots/uncertainty-microscopy/no-post-processing-no-weight-iou-entropies/test_10_frame_meta_entropy_histogram.csv,DynamicNuclearNet (cell nuclei) - Fluorescence,test_10
0.4086792576794387,Correctly Tracked,/root/vast/mustafa/dreem-experiments/paper-plots/uncertainty-microscopy/no-post-processing-no-weight-iou-entropies/test_10_frame_meta_entropy_histogram.csv,DynamicNuclearNet (cell nuclei) - Fluorescence,test_10
0.4061051542891883,Correctly Tracked,/root/vast/mustafa/dreem-experiments/paper-plots/uncertainty-microscopy/no-post-processing-no-weight-iou-entropies/test_10_frame_meta_entropy_histogram.csv,DynamicNuclearNet (cell nuclei) - Fluorescence,test_10
0.4177503345810845,Correctly Tracked,/root/vast/mustafa/dreem-experiments/paper-plots/uncertainty-microscopy/no-post-processing-no-weight-iou-entropies/test_10_frame_meta_entropy_histogram.csv,DynamicNuclearNet (cell nuclei) - Fluorescence,test_10
0.4158809304957809,Correctly Tracked,/root/vast/mustafa/dreem-experiments/paper-plots/uncertainty-microscopy/no-post-processing-no-weight-iou-entropies/test_10_frame_meta_entropy_histogram.csv,DynamicNuclearNet (cell nuclei) - Fluorescence,test_10
0.4171439410906296,Correctly Tracked,/root/vast/mustafa/dreem-experiments/paper-plots/uncertainty-microscopy/no-post-processing-no-weight-iou-entropies/test_10_frame_meta_entropy_histogram.csv,DynamicNuclearNet (cell nuclei) - Fluorescence,test_10
0.431753709013622,Correctly Tracked,/root/vast/mustafa/dreem-experiments/paper-plots/uncertainty-microscopy/no-post-processing-no-weight-iou-entropies/test_10_frame_meta_entropy_histogram.csv,DynamicNuclearNet (cell nuclei) - Fluorescence,test_10
0.8606826447701019,Correctly Tracked,/root/vast/mustafa/dreem-experiments/paper-plots/uncertainty-microscopy/no-post-processing-no-weight-iou-entropies/test_10_frame_meta_entropy_histogram.csv,DynamicNuclearNet (cell nuclei) - Fluorescence,test_10
0.4636506589956338,Correctly Tracked,/root/vast/mustafa/dreem-experiments/paper-plots/uncertainty-microscopy/no-post-processing-no-weight-iou-entropies/test_10_frame_meta_entropy_histogram.csv,DynamicNuclearNet (cell nuclei) - Fluorescence,test_10
0.4510545666597599,Correctly Tracked,/root/vast/mustafa/dreem-experiments/paper-plots/uncertainty-microscopy/no-post-processing-no-weight-iou-entropies/test_10_frame_meta_entropy_histogram.csv,DynamicNuclearNet (cell nuclei) - Fluorescence,test_10
0.5179468925914786,Correctly Tracked,/root/vast/mustafa/dreem-experiments/paper-plots/uncertainty-microscopy/no-post-processing-no-weight-iou-entropies/test_10_frame_meta_entropy_histogram.csv,DynamicNuclearNet (cell nuclei) - Fluorescence,test_10
0.4398168276147045,Correctly Tracked,/root/vast/mustafa/dreem-experiments/paper-plots/uncertainty-microscopy/no-post-processing-no-weight-iou-entropies/test_10_frame_meta_entropy_histogram.csv,DynamicNuclearNet (cell nuclei) - Fluorescence,test_10
0.4565419135601637,Correctly Tracked,/root/vast/mustafa/dreem-experiments/paper-plots/uncertainty-microscopy/no-post-processing-no-weight-iou-entropies/test_10_frame_meta_entropy_histogram.csv,DynamicNuclearNet (cell nuclei) - Fluorescence,test_10
0.4727112778319082,Correctly Tracked,/root/vast/mustafa/dreem-experiments/paper-plots/uncertainty-microscopy/no-post-processing-no-weight-iou-entropies/test_10_frame_meta_entropy_histogram.csv,DynamicNuclearNet (cell nuclei) - Fluorescence,test_10
0.6929204357191567,Correctly Tracked,/root/vast/mustafa/dreem-experiments/paper-plots/uncertainty-microscopy/no-post-processing-no-weight-iou-entropies/test_10_frame_meta_entropy_histogram.csv,DynamicNuclearNet (cell nuclei) - Fluorescence,test_10
0.4144127675185621,Correctly Tracked,/root/vast/mustafa/dreem-experiments/paper-plots/uncertainty-microscopy/no-post-processing-no-weight-iou-entropies/test_10_frame_meta_entropy_histogram.csv,DynamicNuclearNet (cell nuclei) - Fluorescence,test_10
0.3986899128378676,Correctly Tracked,/root/vast/mustafa/dreem-experiments/paper-plots/uncertainty-microscopy/no-post-processing-no-weight-iou-entropies/test_10_frame_meta_entropy_histogram.csv,DynamicNuclearNet (cell nuclei) - Fluorescence,test_10
0.9637262259935082,ID Switch,/root/vast/mustafa/dreem-experiments/paper-plots/uncertainty-microscopy/no-post-processing-no-weight-iou-entropies/test_11_frame_meta_entropy_histogram.csv,DynamicNuclearNet (cell nuclei) - Fluorescence,test_11
0.8355936484937057,ID Switch,/root/vast/mustafa/dreem-experiments/paper-plots/uncertainty-microscopy/no-post-processing-no-weight-iou-entropies/test_11_frame_meta_entropy_histogram.csv,DynamicNuclearNet (cell nuclei) - Fluorescence,test_11
0.8194310421403056,ID Switch,/root/vast/mustafa/dreem-experiments/paper-plots/uncertainty-microscopy/no-post-processing-no-weight-iou-entropies/test_11_frame_meta_entropy_histogram.csv,DynamicNuclearNet (cell nuclei) - Fluorescence,test_11
0.8726051608469257,ID Switch,/root/vast/mustafa/dreem-experiments/paper-plots/uncertainty-microscopy/no-post-processing-no-weight-iou-entropies/test_11_frame_meta_entropy_histogram.csv,DynamicNuclearNet (cell nuclei) - Fluorescence,test_11
0.869158041034383,ID Switch,/root/vast/mustafa/dreem-experiments/paper-plots/uncertainty-microscopy/no-post-processing-no-weight-iou-entropies/test_11_frame_meta_entropy_histogram.csv,DynamicNuclearNet (cell nuclei) - Fluorescence,test_11
0.8568955584368022,ID Switch,/root/vast/mustafa/dreem-experiments/paper-plots/uncertainty-microscopy/no-post-processing-no-weight-iou-entropies/test_11_frame_meta_entropy_histogram.csv,DynamicNuclearNet (cell nuclei) - Fluorescence,test_11
0.857663032736319,ID Switch,/root/vast/mustafa/dreem-experiments/paper-plots/uncertainty-microscopy/no-post-processing-no-weight-iou-entropies/test_11_frame_meta_entropy_histogram.csv,DynamicNuclearNet (cell nuclei) - Fluorescence,test_11
0.846792622127214,ID Switch,/root/vast/mustafa/dreem-experiments/paper-plots/uncertainty-microscopy/no-post-processing-no-weight-iou-entropies/test_11_frame_meta_entropy_histogram.csv,DynamicNuclearNet (cell nuclei) - Fluorescence,test_11
0.8311399221885409,ID Switch,/root/vast/mustafa/dreem-experiments/paper-plots/uncertainty-microscopy/no-post-processing-no-weight-iou-entropies/test_11_frame_meta_entropy_histogram.csv,DynamicNuclearNet (cell nuclei) - Fluorescence,test_11
0.8373141948734516,ID Switch,/root/vast/mustafa/dreem-experiments/paper-plots/uncertainty-microscopy/no-post-processing-no-weight-iou-entropies/test_11_frame_meta_entropy_histogram.csv,DynamicNuclearNet (cell nuclei) - Fluorescence,test_11
0.8364804229903756,ID Switch,/root/vast/mustafa/dreem-experiments/paper-plots/uncertainty-microscopy/no-post-processing-no-weight-iou-entropies/test_11_frame_meta_entropy_histogram.csv,DynamicNuclearNet (cell nuclei) - Fluorescence,test_11
0.964053370887782,ID Switch,/root/vast/mustafa/dreem-experiments/paper-plots/uncertainty-microscopy/no-post-processing-no-weight-iou-entropies/test_11_frame_meta_entropy_histogram.csv,DynamicNuclearNet (cell nuclei) - Fluorescence,test_11
0.8417134118017595,ID Switch,/root/vast/mustafa/dreem-experiments/paper-plots/uncertainty-microscopy/no-post-processing-no-weight-iou-entropies/test_11_frame_meta_entropy_histogram.csv,DynamicNuclearNet (cell nuclei) - Fluorescence,test_11
0.8493324931893406,ID Switch,/root/vast/mustafa/dreem-experiments/paper-plots/uncertainty-microscopy/no-post-processing-no-weight-iou-entropies/test_11_frame_meta_entropy_histogram.csv,DynamicNuclearNet (cell nuclei) - Fluorescence,test_11
0.8554835439933789,ID Switch,/root/vast/mustafa/dreem-experiments/paper-plots/uncertainty-microscopy/no-post-processing-no-weight-iou-entropies/test_11_frame_meta_entropy_histogram.csv,DynamicNuclearNet (cell nuclei) - Fluorescence,test_11
0.8404704207431587,ID Switch,/root/vast/mustafa/dreem-experiments/paper-plots/uncertainty-microscopy/no-post-processing-no-weight-iou-entropies/test_11_frame_meta_entropy_histogram.csv,DynamicNuclearNet (cell nuclei) - Fluorescence,test_11
0.8394447581269203,ID Switch,/root/vast/mustafa/dreem-experiments/paper-plots/uncertainty-microscopy/no-post-processing-no-weight-iou-entropies/test_11_frame_meta_entropy_histogram.csv,DynamicNuclearNet (cell nuclei) - Fluorescence,test_11
0.8155140780891973,ID Switch,/root/vast/mustafa/dreem-experiments/paper-plots/uncertainty-microscopy/no-post-processing-no-weight-iou-entropies/test_11_frame_meta_entropy_histogram.csv,DynamicNuclearNet (cell nuclei) - Fluorescence,test_11
0.8123286919187002,ID Switch,/root/vast/mustafa/dreem-experiments/paper-plots/uncertainty-microscopy/no-post-processing-no-weight-iou-entropies/test_11_frame_meta_entropy_histogram.csv,DynamicNuclearNet (cell nuclei) - Fluorescence,test_11
0.8289591039486043,ID Switch,/root/vast/mustafa/dreem-experiments/paper-plots/uncertainty-microscopy/no-post-processing-no-weight-iou-entropies/test_11_frame_meta_entropy_histogram.csv,DynamicNuclearNet (cell nuclei) - Fluorescence,test_11
0.8242276900374359,ID Switch,/root/vast/mustafa/dreem-experiments/paper-plots/uncertainty-microscopy/no-post-processing-no-weight-iou-entropies/test_11_frame_meta_entropy_histogram.csv,DynamicNuclearNet (cell nuclei) - Fluorescence,test_11
0.8343760951443047,ID Switch,/root/vast/mustafa/dreem-experiments/paper-plots/uncertainty-microscopy/no-post-processing-no-weight-iou-entropies/test_11_frame_meta_entropy_histogram.csv,DynamicNuclearNet (cell nuclei) - Fluorescence,test_11
0.9609688492227532,ID Switch,/root/vast/mustafa/dreem-experiments/paper-plots/uncertainty-microscopy/no-post-processing-no-weight-iou-entropies/test_11_frame_meta_entropy_histogram.csv,DynamicNuclearNet (cell nuclei) - Fluorescence,test_11
0.8079576603267182,ID Switch,/root/vast/mustafa/dreem-experiments/paper-plots/uncertainty-microscopy/no-post-processing-no-weight-iou-entropies/test_11_frame_meta_entropy_histogram.csv,DynamicNuclearNet (cell nuclei) - Fluorescence,test_11
0.8045177197979566,ID Switch,/root/vast/mustafa/dreem-experiments/paper-plots/uncertainty-microscopy/no-post-processing-no-weight-iou-entropies/test_11_frame_meta_entropy_histogram.csv,DynamicNuclearNet (cell nuclei) - Fluorescence,test_11
0.811596227706758,ID Switch,/root/vast/mustafa/dreem-experiments/paper-plots/uncertainty-microscopy/no-post-processing-no-weight-iou-entropies/test_11_frame_meta_entropy_histogram.csv,DynamicNuclearNet (cell nuclei) - Fluorescence,test_11
0.7917729843231762,ID Switch,/root/vast/mustafa/dreem-experiments/paper-plots/uncertainty-microscopy/no-post-processing-no-weight-iou-entropies/test_11_frame_meta_entropy_histogram.csv,DynamicNuclearNet (cell nuclei) - Fluorescence,test_11
0.7991654307894195,ID Switch,/root/vast/mustafa/dreem-experiments/paper-plots/uncertainty-microscopy/no-post-processing-no-weight-iou-entropies/test_11_frame_meta_entropy_histogram.csv,DynamicNuclearNet (cell nuclei) - Fluorescence,test_11
0.856785121552959,ID Switch,/root/vast/mustafa/dreem-experiments/paper-plots/uncertainty-microscopy/no-post-processing-no-weight-iou-entropies/test_11_frame_meta_entropy_histogram.csv,DynamicNuclearNet (cell nuclei) - Fluorescence,test_11
0.8149370763927134,ID Switch,/root/vast/mustafa/dreem-experiments/paper-plots/uncertainty-microscopy/no-post-processing-no-weight-iou-entropies/test_11_frame_meta_entropy_histogram.csv,DynamicNuclearNet (cell nuclei) - Fluorescence,test_11
0.7978346929290493,ID Switch,/root/vast/mustafa/dreem-experiments/paper-plots/uncertainty-microscopy/no-post-processing-no-weight-iou-entropies/test_11_frame_meta_entropy_histogram.csv,DynamicNuclearNet (cell nuclei) - Fluorescence,test_11
0.8474688042996373,ID Switch,/root/vast/mustafa/dreem-experiments/paper-plots/uncertainty-microscopy/no-post-processing-no-weight-iou-entropies/test_11_frame_meta_entropy_histogram.csv,DynamicNuclearNet (cell nuclei) - Fluorescence,test_11
0.8627898390542486,ID Switch,/root/vast/mustafa/dreem-experiments/paper-plots/uncertainty-microscopy/no-post-processing-no-weight-iou-entropies/test_11_frame_meta_entropy_histogram.csv,DynamicNuclearNet (cell nuclei) - Fluorescence,test_11
0.8092382318337535,ID Switch,/root/vast/mustafa/dreem-experiments/paper-plots/uncertainty-microscopy/no-post-processing-no-weight-iou-entropies/test_11_frame_meta_entropy_histogram.csv,DynamicNuclearNet (cell nuclei) - Fluorescence,test_11
0.8077054990630474,ID Switch,/root/vast/mustafa/dreem-experiments/paper-plots/uncertainty-microscopy/no-post-processing-no-weight-iou-entropies/test_11_frame_meta_entropy_histogram.csv,DynamicNuclearNet (cell nuclei) - Fluorescence,test_11
0.8170210186181712,ID Switch,/root/vast/mustafa/dreem-experiments/paper-plots/uncertainty-microscopy/no-post-processing-no-weight-iou-entropies/test_11_frame_meta_entropy_histogram.csv,DynamicNuclearNet (cell nuclei) - Fluorescence,test_11
0.8041603510052956,ID Switch,/root/vast/mustafa/dreem-experiments/paper-plots/uncertainty-microscopy/no-post-processing-no-weight-iou-entropies/test_11_frame_meta_entropy_histogram.csv,DynamicNuclearNet (cell nuclei) - Fluorescence,test_11
0.7986036739918289,ID Switch,/root/vast/mustafa/dreem-experiments/paper-plots/uncertainty-microscopy/no-post-processing-no-weight-iou-entropies/test_11_frame_meta_entropy_histogram.csv,DynamicNuclearNet (cell nuclei) - Fluorescence,test_11
0.7994016380891322,ID Switch,/root/vast/mustafa/dreem-experiments/paper-plots/uncertainty-microscopy/no-post-processing-no-weight-iou-entropies/test_11_frame_meta_entropy_histogram.csv,DynamicNuclearNet (cell nuclei) - Fluorescence,test_11
0.7985884290929356,ID Switch,/root/vast/mustafa/dreem-experiments/paper-plots/uncertainty-microscopy/no-post-processing-no-weight-iou-entropies/test_11_frame_meta_entropy_histogram.csv,DynamicNuclearNet (cell nuclei) - Fluorescence,test_11
0.7968883569669358,ID Switch,/root/vast/mustafa/dreem-experiments/paper-plots/uncertainty-microscopy/no-post-processing-no-weight-iou-entropies/test_11_frame_meta_entropy_histogram.csv,DynamicNuclearNet (cell nuclei) - Fluorescence,test_11
0.806258119999517,ID Switch,/root/vast/mustafa/dreem-experiments/paper-plots/uncertainty-microscopy/no-post-processing-no-weight-iou-entropies/test_11_frame_meta_entropy_histogram.csv,DynamicNuclearNet (cell nuclei) - Fluorescence,test_11
0.8339608489157291,ID Switch,/root/vast/mustafa/dreem-experiments/paper-plots/uncertainty-microscopy/no-post-processing-no-weight-iou-entropies/test_11_frame_meta_entropy_histogram.csv,DynamicNuclearNet (cell nuclei) - Fluorescence,test_11
0.9261845102380812,ID Switch,/root/vast/mustafa/dreem-experiments/paper-plots/uncertainty-microscopy/no-post-processing-no-weight-iou-entropies/test_11_frame_meta_entropy_histogram.csv,DynamicNuclearNet (cell nuclei) - Fluorescence,test_11
0.8492051273770752,ID Switch,/root/vast/mustafa/dreem-experiments/paper-plots/uncertainty-microscopy/no-post-processing-no-weight-iou-entropies/test_11_frame_meta_entropy_histogram.csv,DynamicNuclearNet (cell nuclei) - Fluorescence,test_11
0.8615791104560964,ID Switch,/root/vast/mustafa/dreem-experiments/paper-plots/uncertainty-microscopy/no-post-processing-no-weight-iou-entropies/test_11_frame_meta_entropy_histogram.csv,DynamicNuclearNet (cell nuclei) - Fluorescence,test_11
0.8678709993086313,ID Switch,/root/vast/mustafa/dreem-experiments/paper-plots/uncertainty-microscopy/no-post-processing-no-weight-iou-entropies/test_11_frame_meta_entropy_histogram.csv,DynamicNuclearNet (cell nuclei) - Fluorescence,test_11
0.8143245328098562,ID Switch,/root/vast/mustafa/dreem-experiments/paper-plots/uncertainty-microscopy/no-post-processing-no-weight-iou-entropies/test_11_frame_meta_entropy_histogram.csv,DynamicNuclearNet (cell nuclei) - Fluorescence,test_11
0.8030363056113156,ID Switch,/root/vast/mustafa/dreem-experiments/paper-plots/uncertainty-microscopy/no-post-processing-no-weight-iou-entropies/test_11_frame_meta_entropy_histogram.csv,DynamicNuclearNet (cell nuclei) - Fluorescence,test_11
0.8985460403433669,ID Switch,/root/vast/mustafa/dreem-experiments/paper-plots/uncertainty-microscopy/no-post-processing-no-weight-iou-entropies/test_11_frame_meta_entropy_histogram.csv,DynamicNuclearNet (cell nuclei) - Fluorescence,test_11
0.8573544121668633,ID Switch,/root/vast/mustafa/dreem-experiments/paper-plots/uncertainty-microscopy/no-post-processing-no-weight-iou-entropies/test_11_frame_meta_entropy_histogram.csv,DynamicNuclearNet (cell nuclei) - Fluorescence,test_11
0.8161466527601353,ID Switch,/root/vast/mustafa/dreem-experiments/paper-plots/uncertainty-microscopy/no-post-processing-no-weight-iou-entropies/test_11_frame_meta_entropy_histogram.csv,DynamicNuclearNet (cell nuclei) - Fluorescence,test_11
0.821358369619575,ID Switch,/root/vast/mustafa/dreem-experiments/paper-plots/uncertainty-microscopy/no-post-processing-no-weight-iou-entropies/test_11_frame_meta_entropy_histogram.csv,DynamicNuclearNet (cell nuclei) - Fluorescence,test_11
0.9518103875794832,Correctly Tracked,/root/vast/mustafa/dreem-experiments/paper-plots/uncertainty-microscopy/no-post-processing-no-weight-iou-entropies/test_11_frame_meta_entropy_histogram.csv,DynamicNuclearNet (cell nuclei) - Fluorescence,test_11
