,frame,track_3_x,track_3_y,track_2_x,track_2_y,track_0_x,track_0_y,track_1_x,track_1_y
0,0,242.19235229492188,49.6234016418457,497.61138916015625,750.56982421875,886.4263916015625,547.055419921875,219.2278594970703,201.06668090820312
1,1,242.15182495117188,49.59516906738281,497.5577087402344,750.1854248046875,885.2803955078125,547.7716064453125,218.57095336914062,198.7870330810547
2,2,241.9398193359375,50.293006896972656,497.109375,750.1445922851562,884.5355224609375,547.2791137695312,218.2418212890625,197.20828247070312
3,3,239.95504760742188,52.076507568359375,497.4650573730469,750.2855224609375,883.4386596679688,547.6585083007812,216.99826049804688,199.7146453857422
4,4,237.50877380371094,53.58582305908203,496.98687744140625,750.84814453125,881.25146484375,547.5415649414062,216.79209899902344,202.66278076171875
5,5,236.53604125976562,54.824241638183594,496.6921691894531,750.8037109375,877.1027221679688,546.29833984375,216.85882568359375,203.8409881591797
6,6,236.6776123046875,54.72578048706055,497.2945251464844,751.0067749023438,877.2074584960938,546.1089477539062,216.6537322998047,205.29058837890625
7,7,236.25840759277344,55.66265106201172,496.6300048828125,750.8853149414062,878.8804931640625,546.6329956054688,217.0869140625,207.8653564453125
8,8,235.69342041015625,55.79973220825195,495.805419921875,750.90576171875,877.7886962890625,546.7708740234375,217.0291748046875,208.75498962402344
9,9,235.6199188232422,57.307621002197266,495.93548583984375,751.37109375,876.6423950195312,545.99609375,216.8033447265625,209.53985595703125
10,10,234.75851440429688,58.268585205078125,495.0991516113281,751.6176147460938,875.01123046875,546.4821166992188,216.33265686035156,209.85049438476562
11,11,234.149658203125,59.21232223510742,494.6669616699219,751.4215087890625,873.255126953125,547.9267578125,215.74803161621094,210.43017578125
12,12,234.13577270507812,59.2567253112793,494.2705993652344,751.4747924804688,872.5389404296875,547.1092529296875,217.32330322265625,212.80958557128906
13,13,234.22134399414062,59.39108657836914,493.7008361816406,751.5471801757812,870.48291015625,546.988525390625,218.5993194580078,213.87307739257812
14,14,233.7427978515625,59.59880065917969,493.6519470214844,752.1244506835938,869.5692138671875,547.193359375,216.9788055419922,214.45880126953125
15,15,233.73956298828125,60.371986389160156,494.177734375,753.5371704101562,867.24755859375,547.3628540039062,215.67437744140625,215.19049072265625
16,16,233.18392944335938,60.435585021972656,494.43902587890625,755.0546264648438,865.571044921875,546.93017578125,215.67388916015625,216.77833557128906
17,17,233.2333221435547,60.79627227783203,495.0428161621094,756.7919311523438,865.5951538085938,545.838623046875,214.40599060058594,218.74044799804688
18,18,233.22213745117188,60.86975860595703,494.29412841796875,756.966064453125,866.506103515625,545.9966430664062,212.89114379882812,221.63519287109375
19,19,233.20645141601562,60.93677520751953,489.94439697265625,753.313720703125,866.311767578125,545.9177856445312,211.51849365234375,224.18885803222656
20,20,233.21290588378906,61.43629455566406,488.97662353515625,752.9686279296875,865.47265625,546.0855102539062,210.6196746826172,226.96420288085938
21,21,232.1721954345703,62.646873474121094,488.97418212890625,753.0452880859375,864.8864135742188,546.2000732421875,210.11911010742188,229.00205993652344
22,22,232.13864135742188,64.34444427490234,489.2673034667969,751.98486328125,863.4883422851562,545.6206665039062,209.57908630371094,230.4124755859375
23,23,231.58016967773438,65.84877014160156,488.4737548828125,751.368896484375,863.222900390625,546.5127563476562,209.09912109375,232.5657958984375
24,24,231.3880615234375,66.18295288085938,487.9579162597656,751.8685913085938,862.92578125,547.413330078125,207.12948608398438,235.30709838867188
25,25,231.28060913085938,66.17918395996094,486.7329406738281,752.6915283203125,862.5103759765625,547.7915649414062,205.8637237548828,235.61029052734375
26,26,231.17623901367188,66.15171813964844,485.3775329589844,753.0324096679688,861.9033813476562,547.5750122070312,204.6124267578125,236.46820068359375
27,27,230.37506103515625,66.7190170288086,484.53094482421875,753.0919189453125,862.5013427734375,548.5064697265625,203.24871826171875,237.2470703125
28,28,230.4267578125,66.74063873291016,484.420166015625,753.9566650390625,862.161376953125,549.893310546875,202.0785675048828,237.10235595703125
29,29,231.00970458984375,66.30694580078125,484.2939147949219,754.179931640625,859.7924194335938,550.3052368164062,201.28585815429688,236.93096923828125
30,30,231.1033935546875,66.26236724853516,484.3236389160156,754.1854858398438,858.2540283203125,551.5745849609375,200.58187866210938,237.79197692871094
31,31,230.9177703857422,66.14419555664062,484.50091552734375,754.0404663085938,858.3564453125,551.6597900390625,200.98699951171875,238.82302856445312
32,32,230.92367553710938,66.06977081298828,484.65570068359375,753.9253540039062,859.2857055664062,551.3106079101562,201.03628540039062,239.4429931640625
33,33,230.76278686523438,66.04157257080078,485.15771484375,753.8638916015625,859.342041015625,551.5222778320312,201.21470642089844,240.74697875976562
34,34,230.86172485351562,66.03191375732422,485.24237060546875,753.75732421875,858.41845703125,552.0438842773438,200.96749877929688,241.79864501953125
35,35,230.40130615234375,66.83624267578125,485.3507080078125,753.787109375,858.1281127929688,553.4172973632812,200.4722900390625,242.47686767578125
36,36,230.3278350830078,67.70137023925781,485.23431396484375,753.7162475585938,857.0457763671875,554.2994995117188,200.1691436767578,241.99989318847656
37,37,230.4160614013672,68.08458709716797,485.1968078613281,753.8333740234375,856.2767944335938,554.4158935546875,199.2233123779297,242.97274780273438
38,38,230.5213623046875,68.85408782958984,485.1775207519531,753.636962890625,855.044189453125,555.296630859375,198.56675720214844,244.21868896484375
39,39,229.90736389160156,69.75906372070312,485.22564697265625,753.5391235351562,853.8993530273438,555.8470458984375,198.2814483642578,245.3387451171875
40,40,229.71495056152344,70.40157318115234,485.4295959472656,753.4531860351562,854.0305786132812,556.2364501953125,197.85247802734375,246.07298278808594
41,41,227.66600036621094,71.65763854980469,485.46240234375,753.5017700195312,853.269287109375,556.8026123046875,197.5565185546875,247.24021911621094
42,42,226.63197326660156,73.29086303710938,485.30084228515625,753.3500366210938,849.680419921875,557.4721069335938,196.9976043701172,247.96380615234375
43,43,226.46868896484375,73.38395690917969,484.91070556640625,753.0927124023438,846.0433349609375,560.171875,196.0939483642578,248.60888671875
44,44,226.02146911621094,73.32179260253906,484.2223205566406,752.949951171875,846.9172973632812,559.7896728515625,195.34976196289062,249.56655883789062
45,45,225.85165405273438,73.44661712646484,484.15692138671875,753.0018310546875,845.8297119140625,560.529052734375,194.85940551757812,250.4423828125
46,46,225.554931640625,74.88842010498047,484.3595275878906,752.4678955078125,841.80908203125,561.4840698242188,194.56771850585938,251.33807373046875
47,47,225.51145935058594,75.14154815673828,481.2161865234375,752.7516479492188,844.3411865234375,560.2041625976562,194.63011169433594,252.63632202148438
48,48,224.99256896972656,75.22990417480469,479.9888000488281,750.2944946289062,845.66015625,558.8567504882812,194.6954345703125,254.9484100341797
49,49,225.56097412109375,75.85163116455078,480.8245849609375,750.8541259765625,844.5029296875,559.6846313476562,194.6736297607422,255.99652099609375
50,50,225.67088317871094,76.06779479980469,480.8545227050781,751.083740234375,843.8460083007812,559.65087890625,194.69395446777344,258.29168701171875
51,51,225.77410888671875,76.66387176513672,480.95343017578125,751.3410034179688,842.0635375976562,559.5242919921875,194.78976440429688,260.4940490722656
52,52,225.8401336669922,78.25843811035156,480.899169921875,751.44921875,841.2648315429688,559.8541870117188,194.04534912109375,261.47039794921875
53,53,225.82168579101562,79.49099731445312,480.23309326171875,751.422119140625,840.2931518554688,559.454345703125,192.56405639648438,262.9449768066406
54,54,226.0385284423828,80.21853637695312,480.0443115234375,751.4168701171875,840.0783081054688,559.0420532226562,191.82847595214844,265.36248779296875
55,55,225.9580078125,80.35873413085938,480.0408630371094,751.712158203125,840.034912109375,559.0237426757812,190.32650756835938,268.703857421875
56,56,225.92921447753906,80.44901275634766,480.06573486328125,751.9290161132812,839.9981079101562,559.0816040039062,188.5022430419922,270.875732421875
57,57,226.00189208984375,81.30091857910156,480.0753173828125,752.0986328125,840.0137939453125,558.3475341796875,188.6844024658203,273.0585021972656
58,58,225.8009796142578,82.84293365478516,480.03253173828125,752.7266845703125,839.29248046875,557.11083984375,188.15737915039062,275.02496337890625
59,59,226.49920654296875,83.77100372314453,480.21856689453125,753.1695556640625,839.7232055664062,556.6258544921875,188.16566467285156,277.10870361328125
60,60,226.4478302001953,83.77008056640625,479.0492248535156,753.10107421875,839.4403686523438,556.135986328125,187.97068786621094,279.89202880859375
61,61,226.39369201660156,83.20025634765625,479.1369934082031,752.8099365234375,838.6347045898438,554.96435546875,186.99969482421875,283.5462951660156
62,62,226.25439453125,83.13016510009766,479.1802673339844,753.2669067382812,838.28173828125,553.960205078125,186.50497436523438,284.78485107421875
63,63,225.68141174316406,83.9174575805664,479.8801574707031,753.4641723632812,838.2984008789062,553.272705078125,186.35858154296875,286.19036865234375
64,64,225.5767059326172,84.09454345703125,479.5023193359375,753.286865234375,837.5230102539062,551.6144409179688,185.99513244628906,287.08404541015625
65,65,225.6121368408203,83.4021224975586,478.8881530761719,752.6272583007812,836.2178344726562,550.814453125,184.9418182373047,288.00091552734375
66,66,225.60952758789062,83.31982421875,478.891357421875,752.7685546875,834.5860595703125,550.5731201171875,184.38011169433594,289.430908203125
67,67,225.5638427734375,83.31622314453125,478.85882568359375,752.8160400390625,833.4083251953125,550.9774780273438,184.719970703125,289.53631591796875
68,68,225.63168334960938,83.38053894042969,478.3526611328125,753.388916015625,832.321533203125,550.3699951171875,184.8713836669922,289.7403259277344
69,69,225.6114044189453,83.37339782714844,478.82489013671875,754.203125,831.575927734375,550.674072265625,185.06710815429688,289.9573974609375
70,70,225.49160766601562,83.89861297607422,479.2539978027344,754.3270874023438,830.9168090820312,550.6179809570312,184.97630310058594,290.40142822265625
71,71,225.61216735839844,83.85899353027344,479.20428466796875,754.1607666015625,829.7620239257812,550.852783203125,185.27676391601562,290.47515869140625
72,72,225.61093139648438,84.10441589355469,479.1876525878906,754.1826171875,828.388427734375,550.8267822265625,185.5636444091797,291.13385009765625
73,73,226.12315368652344,84.12784576416016,479.2318115234375,754.060546875,826.6109619140625,550.8103637695312,185.4071044921875,291.34716796875
74,74,226.14932250976562,84.22068786621094,479.1011962890625,753.9518432617188,824.5443725585938,551.131103515625,185.442138671875,291.4549560546875
75,75,226.11448669433594,84.20231628417969,478.14630126953125,754.0149536132812,823.4491577148438,552.0105590820312,185.5106201171875,291.7217712402344
76,76,226.05442810058594,84.2661361694336,477.7607421875,754.6422729492188,822.5122680664062,552.0281372070312,185.6978759765625,291.8299560546875
77,77,225.96774291992188,84.37470245361328,477.5094299316406,755.0523681640625,820.2969970703125,550.952880859375,185.66671752929688,291.95294189453125
78,78,225.92340087890625,84.48432922363281,477.22015380859375,754.3750610351562,819.7832641601562,549.6820068359375,185.58203125,292.0543212890625
79,79,226.71490478515625,85.15213012695312,477.190673828125,754.4998168945312,818.8759765625,548.697021484375,185.57125854492188,292.0683288574219
80,80,226.9119415283203,85.87435913085938,477.09521484375,754.4972534179688,818.8772583007812,548.2069702148438,185.57696533203125,292.1098937988281
81,81,227.180419921875,86.62249755859375,477.1153869628906,754.5064086914062,818.7062377929688,547.2230224609375,185.5657196044922,292.12640380859375
82,82,227.84286499023438,87.55461120605469,477.1506652832031,754.4962158203125,817.55859375,546.0386962890625,185.54574584960938,292.14422607421875
83,83,227.91879272460938,89.00202941894531,477.1486511230469,754.5291748046875,816.2275390625,545.1991577148438,185.50155639648438,292.1810302734375
84,84,228.49661254882812,89.05520629882812,477.122802734375,754.6011962890625,814.6790161132812,544.764404296875,185.46365356445312,292.19976806640625
85,85,228.68411254882812,89.78422546386719,477.1078796386719,754.546630859375,813.4058227539062,544.2172241210938,185.47015380859375,292.20623779296875
86,86,228.777099609375,90.00418090820312,477.1922607421875,754.5380859375,813.3875732421875,543.6438598632812,185.46072387695312,292.20318603515625
87,87,229.57345581054688,90.8231201171875,477.2621154785156,754.505126953125,813.1114501953125,543.1937866210938,185.48809814453125,292.18145751953125
88,88,229.5819549560547,90.84237670898438,477.272216796875,754.4608764648438,812.1317749023438,542.251953125,185.47903442382812,292.1719055175781
89,89,229.7465362548828,90.89534759521484,477.2723083496094,754.4494018554688,812.0194702148438,541.6889038085938,185.48179626464844,292.1759033203125
90,90,230.39157104492188,91.6680679321289,477.2953796386719,754.43701171875,811.8858032226562,541.6809692382812,185.47555541992188,292.15008544921875
91,91,230.49493408203125,91.859619140625,477.3572692871094,754.4080810546875,812.2872924804688,542.0440673828125,185.46539306640625,292.1487121582031
92,92,230.54241943359375,92.50916290283203,477.41729736328125,754.3541870117188,810.8195190429688,542.6167602539062,185.46572875976562,292.1454772949219
93,93,231.25254821777344,92.80082702636719,477.58074951171875,754.265869140625,810.1655883789062,542.8441162109375,185.4429931640625,291.7042236328125
94,94,231.43341064453125,93.00102996826172,477.6273498535156,754.2340087890625,809.8244018554688,542.5597534179688,185.44932556152344,291.7102355957031
95,95,232.14906311035156,93.53990936279297,477.67645263671875,754.2072143554688,809.26953125,542.6837158203125,185.43055725097656,291.74114990234375
96,96,232.1409912109375,93.54265594482422,478.1500244140625,754.2186279296875,807.280029296875,543.9703369140625,185.43582153320312,291.720947265625
97,97,232.15870666503906,93.48883819580078,478.17584228515625,754.2445068359375,806.8171997070312,544.7694091796875,185.4263458251953,291.7362060546875
98,98,232.1629180908203,93.50626373291016,478.15899658203125,754.26708984375,806.5952758789062,544.2776489257812,185.42628479003906,291.7266540527344
99,99,232.1118621826172,93.59852600097656,478.17816162109375,754.2639770507812,805.7166137695312,543.7456665039062,185.44847106933594,291.70709228515625
100,100,231.9888916015625,93.52799987792969,478.17340087890625,754.2737426757812,805.8350219726562,543.6324462890625,185.45187377929688,291.7131042480469
101,101,231.46624755859375,93.35964965820312,478.1861877441406,754.2705078125,805.7290649414062,543.678466796875,185.46083068847656,291.7115478515625
102,102,231.48385620117188,93.3479232788086,478.1754150390625,754.2747802734375,804.9009399414062,543.7423706054688,185.44210815429688,291.7022705078125
103,103,231.46871948242188,93.34236907958984,478.1695861816406,754.2551879882812,804.5719604492188,543.7072143554688,185.4508514404297,291.692138671875
104,104,231.38558959960938,93.41883087158203,478.1424560546875,754.2816162109375,804.6023559570312,543.7855834960938,185.45602416992188,291.6917419433594
105,105,231.80772399902344,93.52591705322266,478.12506103515625,754.2650146484375,803.922607421875,544.6617431640625,185.47816467285156,291.6881103515625
106,106,231.801025390625,93.53614044189453,478.1375732421875,754.2598876953125,803.7066040039062,544.8668823242188,185.4688262939453,291.6944580078125
107,107,231.7721405029297,93.5639419555664,478.1361999511719,754.2591552734375,803.8948974609375,544.5086669921875,185.4614715576172,291.6692199707031
108,108,231.79470825195312,93.59093475341797,478.12664794921875,754.2669067382812,804.9476318359375,543.5256958007812,185.46383666992188,291.67486572265625
109,109,231.8308868408203,93.66667938232422,478.14227294921875,754.2445678710938,805.721435546875,543.638427734375,185.4730682373047,291.680908203125
110,110,231.85963439941406,93.69384765625,478.14599609375,754.218994140625,804.1514892578125,544.93115234375,185.48495483398438,291.67254638671875
111,111,231.86904907226562,93.69403839111328,478.13818359375,754.2142944335938,804.3153076171875,546.5526123046875,185.4756622314453,291.6672058105469
112,112,231.8667449951172,93.64620208740234,478.14874267578125,754.231689453125,804.5035400390625,546.2305908203125,185.46136474609375,291.6805114746094
113,113,232.01881408691406,93.70689392089844,478.1417541503906,754.2227783203125,804.2151489257812,546.634033203125,185.44818115234375,291.69232177734375
114,114,232.05075073242188,93.67247009277344,478.13031005859375,754.2225341796875,803.7042236328125,547.2752685546875,185.44960021972656,291.6805725097656
115,115,232.05877685546875,93.67963409423828,478.1402587890625,754.2183837890625,802.22021484375,547.5400390625,185.4720001220703,291.6649169921875
116,116,231.95220947265625,93.70777893066406,478.13616943359375,754.2138671875,801.414306640625,548.2384643554688,185.47482299804688,291.6830749511719
117,117,231.93701171875,93.70527648925781,478.13165283203125,754.2108154296875,801.5755615234375,547.9426879882812,185.47900390625,292.11376953125
118,118,231.87863159179688,93.61274719238281,478.1248779296875,754.221435546875,801.2312622070312,548.2347412109375,185.48419189453125,291.6903076171875
119,119,231.8821258544922,93.68022918701172,478.13818359375,754.235595703125,800.0398559570312,548.360595703125,185.5042724609375,292.1064758300781
120,120,231.81350708007812,93.64019012451172,478.1520690917969,754.2105712890625,799.2769775390625,548.5594482421875,185.51596069335938,292.10101318359375
121,121,231.8426513671875,93.57843017578125,478.1616516113281,754.2321166992188,799.09716796875,548.4332275390625,185.52682495117188,292.0939025878906
122,122,231.8553924560547,93.58636474609375,478.1592102050781,754.23193359375,796.9198608398438,549.7439575195312,185.52316284179688,292.103515625
123,123,231.8603057861328,93.11225128173828,478.13397216796875,754.2197265625,795.8816528320312,550.06298828125,185.4984588623047,292.1021423339844
124,124,231.37425231933594,93.12792205810547,478.13372802734375,754.2183837890625,797.0032958984375,549.40673828125,185.4957733154297,292.130126953125
125,125,231.35983276367188,93.14691162109375,478.1402587890625,754.2197875976562,797.2892456054688,549.6212768554688,185.50083923339844,292.125
126,126,231.8543243408203,93.17523956298828,478.13623046875,754.2124633789062,798.383544921875,549.9616088867188,185.5038299560547,292.12127685546875
127,127,231.85877990722656,93.18666076660156,478.1333312988281,754.21337890625,798.7926635742188,549.794921875,185.50311279296875,292.1351318359375
128,128,231.3953857421875,93.20276641845703,478.12176513671875,754.209716796875,797.9874267578125,549.8003540039062,185.5037841796875,292.13189697265625
129,129,231.848388671875,93.19178771972656,478.11737060546875,754.2106323242188,798.2076416015625,549.8539428710938,185.51446533203125,292.1202087402344
130,130,231.8204803466797,93.14649200439453,478.09515380859375,754.206787109375,797.470947265625,550.0921020507812,185.50274658203125,292.133544921875
131,131,231.83786010742188,93.57726287841797,478.11639404296875,754.213623046875,797.2171630859375,550.6090087890625,185.51368713378906,292.1335754394531
132,132,231.8614959716797,93.5903549194336,478.0820007324219,754.19580078125,796.7694091796875,550.8842163085938,185.50694274902344,292.13641357421875
133,133,231.83901977539062,93.56978607177734,478.08331298828125,754.1985473632812,796.032958984375,551.6060180664062,185.49729919433594,291.7087097167969
134,134,231.98098754882812,93.6524429321289,478.08343505859375,754.195068359375,797.3284912109375,551.8820190429688,185.5103302001953,292.1375732421875
135,135,232.1169891357422,93.72550964355469,478.0769958496094,754.201904296875,797.2701416015625,551.9419555664062,185.5049591064453,292.1378479003906
136,136,232.18307495117188,94.2890625,478.0569152832031,754.2071533203125,796.7786865234375,552.1860961914062,185.52195739746094,292.12872314453125
137,137,232.181884765625,94.37982177734375,478.0768737792969,754.2032470703125,797.0538330078125,551.873779296875,185.50534057617188,292.1417236328125
138,138,232.62417602539062,94.22823333740234,478.05731201171875,754.1998901367188,796.5093994140625,551.5850219726562,185.51620483398438,292.14117431640625
139,139,232.70765686035156,94.25232696533203,478.0461730957031,754.2035522460938,795.6895751953125,551.5602416992188,185.50808715820312,292.13580322265625
140,140,232.69619750976562,94.32271575927734,478.08172607421875,754.2144165039062,795.580078125,551.1630249023438,185.48617553710938,292.1648864746094
141,141,232.8076171875,94.43814849853516,478.068603515625,754.2131958007812,794.632568359375,550.910888671875,185.47926330566406,292.15753173828125
142,142,232.98167419433594,94.64848327636719,478.0577697753906,754.2156982421875,793.9594116210938,551.1287841796875,185.48919677734375,292.14337158203125
143,143,233.0568389892578,94.7802734375,478.05889892578125,754.2197875976562,794.1480712890625,551.3217163085938,185.47970581054688,292.15374755859375
144,144,233.0988311767578,94.66724395751953,478.0654602050781,754.2097778320312,793.6158447265625,551.7491455078125,185.47149658203125,292.15850830078125
145,145,232.4936981201172,94.61665344238281,478.06903076171875,754.2128295898438,792.0517578125,552.6099853515625,185.47996520996094,292.1611328125
146,146,232.35443115234375,93.96981048583984,478.0604553222656,754.2153930664062,790.8710327148438,553.638427734375,185.4783935546875,291.73516845703125
147,147,232.40065002441406,93.91165924072266,478.0382385253906,754.2263793945312,790.939453125,553.765625,185.46751403808594,291.74676513671875
148,148,232.5502166748047,94.03544616699219,478.0362243652344,754.2307739257812,791.8175659179688,553.6763916015625,185.44711303710938,291.7422790527344
149,149,232.47976684570312,93.92735290527344,478.0409240722656,754.2211303710938,792.8591918945312,553.41259765625,185.46240234375,291.7365417480469
150,150,232.5009002685547,94.03733825683594,478.0555725097656,754.2079467773438,793.6128540039062,553.4437255859375,185.47361755371094,291.7342529296875
151,151,232.48439025878906,94.06858825683594,478.0586242675781,754.2031860351562,791.8714599609375,554.9755249023438,185.46546936035156,291.73724365234375
152,152,232.27963256835938,94.09285736083984,478.05853271484375,754.2164306640625,792.904541015625,555.0188598632812,185.47549438476562,291.72882080078125
153,153,232.3648681640625,94.09181213378906,478.057861328125,754.2169799804688,791.35546875,555.4761352539062,185.47933959960938,291.7171936035156
154,154,232.47691345214844,94.63501739501953,478.067626953125,754.2178344726562,791.1630859375,555.71875,185.47897338867188,291.721923828125
155,155,233.00787353515625,94.69437408447266,478.0638427734375,754.2216796875,792.3965454101562,555.8356323242188,185.48699951171875,291.71832275390625
156,156,233.78717041015625,95.91150665283203,478.0623474121094,754.2418823242188,792.206298828125,556.7343139648438,185.47744750976562,291.7239685058594
157,157,234.19140625,96.73133087158203,478.0633544921875,754.23583984375,792.9340209960938,557.13427734375,185.41014099121094,291.70489501953125
158,158,234.74755859375,96.72469329833984,478.06585693359375,754.2378540039062,793.456298828125,557.403564453125,185.00120544433594,291.654541015625
159,159,234.75982666015625,96.75102233886719,478.05126953125,754.236328125,794.005615234375,558.10009765625,183.583251953125,291.35791015625
160,160,234.80519104003906,96.78107452392578,478.0486755371094,754.2428588867188,793.8799438476562,558.7744140625,181.79910278320312,291.55059814453125
161,161,234.76644897460938,96.17066192626953,478.05218505859375,754.2196655273438,793.5660400390625,558.8193359375,180.17991638183594,292.5732421875
162,162,234.6927032470703,96.14727020263672,478.0401916503906,754.220458984375,792.9750366210938,559.3853759765625,178.84967041015625,292.4222412109375
163,163,234.68019104003906,96.05990600585938,478.03350830078125,754.2203369140625,792.0616455078125,559.7086791992188,178.2656707763672,293.637451171875
164,164,234.17132568359375,96.06672668457031,478.0395202636719,754.2105712890625,791.5905151367188,560.4022827148438,178.30419921875,295.2571105957031
165,165,234.17190551757812,96.1173095703125,478.02593994140625,754.200439453125,789.6286010742188,561.3430786132812,178.15438842773438,296.0896911621094
166,166,234.720947265625,96.1476058959961,477.9922790527344,754.196533203125,788.997314453125,561.328857421875,178.10775756835938,296.9359436035156
167,167,234.7758026123047,96.08207702636719,477.4703674316406,755.2821044921875,789.1243286132812,560.7235107421875,180.5286407470703,297.0972900390625
168,168,234.62403869628906,95.84140014648438,475.7145690917969,759.405029296875,787.6483154296875,562.355712890625,182.1649169921875,298.02923583984375
169,169,234.64866638183594,95.84007263183594,470.7728576660156,761.23291015625,788.285400390625,562.3811645507812,182.52603149414062,298.28558349609375
170,170,234.54888916015625,95.88518524169922,469.389892578125,762.2911987304688,787.97607421875,562.3740844726562,182.44122314453125,298.4789123535156
171,171,234.56982421875,95.81153106689453,469.2978210449219,763.07373046875,788.3582153320312,562.4778442382812,183.2826385498047,300.467041015625
172,172,234.60935974121094,95.98006439208984,469.2874755859375,763.248291015625,788.0747680664062,563.6487426757812,184.38916015625,301.589111328125
173,173,234.50537109375,95.9852294921875,468.58892822265625,763.974853515625,787.8089599609375,565.6378784179688,183.57244873046875,302.2972106933594
174,174,234.04820251464844,96.44052124023438,468.7132568359375,764.62060546875,787.983154296875,566.10791015625,183.09762573242188,302.77288818359375
175,175,234.0021209716797,96.48099517822266,468.9206237792969,764.2899169921875,788.153564453125,565.1586303710938,181.5682373046875,302.5794677734375
176,176,233.93020629882812,95.9873275756836,469.6397705078125,764.7417602539062,788.1566162109375,565.91162109375,179.2014923095703,302.67510986328125
177,177,233.738525390625,95.92166900634766,469.6432800292969,765.79443359375,788.1799926757812,566.014404296875,177.69683837890625,303.06988525390625
178,178,233.7301788330078,95.92283630371094,468.8309326171875,765.9427490234375,788.4609985351562,565.9733276367188,176.7103271484375,303.6103515625
179,179,233.76998901367188,95.89990234375,468.43939208984375,766.2391357421875,788.6635131835938,566.0902709960938,175.82626342773438,304.5667724609375
180,180,233.8206787109375,96.0119857788086,468.3426513671875,767.4346923828125,788.7196655273438,566.029296875,174.20497131347656,304.97955322265625
181,181,233.95066833496094,96.1355209350586,467.2298583984375,768.7701416015625,788.51318359375,566.61279296875,172.6051025390625,306.33038330078125
182,182,234.5518035888672,96.19293975830078,466.533203125,769.9772338867188,788.2291259765625,565.9964599609375,170.98939514160156,306.69232177734375
183,183,234.73553466796875,96.69950866699219,466.12628173828125,770.4993896484375,787.902587890625,565.941162109375,170.19189453125,308.24383544921875
184,184,234.77101135253906,96.63134002685547,464.7244873046875,771.15869140625,787.8736572265625,565.5556030273438,169.1766357421875,309.37493896484375
185,185,234.87655639648438,96.69293975830078,463.7004699707031,771.5146484375,787.5367431640625,566.2037353515625,168.66525268554688,310.67822265625
186,186,234.821044921875,96.69664001464844,462.26202392578125,772.3080444335938,786.2678833007812,567.1713256835938,168.60438537597656,311.2767028808594
187,187,234.7598876953125,96.86679077148438,461.9090576171875,772.9833984375,785.2869262695312,568.522216796875,168.4710235595703,311.8427734375
188,188,235.22247314453125,97.17008209228516,461.85198974609375,773.1219482421875,784.9395141601562,569.2401123046875,168.5147247314453,313.6414794921875
189,189,235.25164794921875,97.1900405883789,460.7176208496094,773.9503784179688,785.0969848632812,568.7350463867188,168.03421020507812,314.8564758300781
190,190,234.8540802001953,97.19267272949219,459.2730407714844,774.6739501953125,784.7557983398438,569.3417358398438,167.47508239746094,315.4731750488281
191,191,235.1904754638672,97.40835571289062,458.34942626953125,774.9305419921875,784.199462890625,570.3092041015625,167.14503479003906,316.3878479003906
192,192,235.43283081054688,98.48079681396484,457.90521240234375,775.603759765625,783.5706787109375,570.7435913085938,166.2752227783203,317.1700439453125
193,193,236.0037078857422,98.48114013671875,457.01025390625,776.0595703125,784.2066650390625,570.5454711914062,165.72091674804688,317.95184326171875
194,194,236.04339599609375,98.53368377685547,456.64739990234375,776.665283203125,784.840576171875,570.5994262695312,165.62322998046875,318.2371520996094
195,195,236.1468505859375,98.4858627319336,456.1335754394531,777.113037109375,783.9530029296875,571.8839111328125,165.70590209960938,318.3987121582031
196,196,236.2510986328125,98.48491668701172,456.5686950683594,777.462646484375,783.59423828125,573.0398559570312,166.01025390625,319.3674621582031
197,197,236.35476684570312,98.52145385742188,456.7182922363281,777.73583984375,783.8280639648438,573.35986328125,166.01055908203125,320.15289306640625
198,198,236.37277221679688,98.62899017333984,456.7111511230469,778.677001953125,783.1986083984375,574.3053588867188,165.29827880859375,320.6971740722656
199,199,236.2451934814453,98.6457290649414,456.5309143066406,779.24169921875,783.1264038085938,574.21142578125,165.11636352539062,320.5140686035156
200,200,236.21575927734375,98.52749633789062,456.6869812011719,779.7304077148438,784.3306274414062,573.9525756835938,164.93438720703125,320.90155029296875
201,201,236.28121948242188,99.15476989746094,456.6855163574219,780.563720703125,786.6468505859375,573.3985595703125,164.01303100585938,321.4162292480469
202,202,236.26942443847656,99.16788482666016,455.8678283691406,780.3926391601562,786.66943359375,573.387939453125,163.7164306640625,322.8129577636719
203,203,236.14767456054688,98.60887908935547,455.5546875,780.4456176757812,785.8159790039062,574.3419799804688,162.56280517578125,323.77685546875
204,204,236.21273803710938,99.2911605834961,454.78363037109375,780.9664916992188,785.8082275390625,574.78955078125,161.47669982910156,324.97003173828125
205,205,236.29563903808594,99.35453796386719,453.48480224609375,781.9310302734375,786.2755737304688,575.6498413085938,160.0985565185547,325.982177734375
206,206,236.08087158203125,99.24490356445312,450.67230224609375,784.26806640625,786.9615478515625,575.0253295898438,158.569580078125,327.3594970703125
207,207,235.70401000976562,98.69244384765625,448.6996765136719,786.4059448242188,786.8698120117188,575.2105102539062,157.1815643310547,328.6837158203125
208,208,236.44544982910156,100.28246307373047,447.1775817871094,788.317138671875,787.2306518554688,574.619140625,156.49880981445312,330.0448303222656
209,209,236.44088745117188,100.30634307861328,445.2442321777344,790.0237426757812,788.255126953125,573.5357055664062,156.26910400390625,331.8534240722656
210,210,236.4697723388672,100.24401092529297,444.4622497558594,791.3016357421875,787.9946899414062,573.3748779296875,156.22958374023438,332.7939453125
211,211,236.8467559814453,100.32298278808594,443.8384704589844,792.177490234375,786.9384765625,573.4696044921875,155.97494506835938,333.2779541015625
212,212,236.53546142578125,100.25918579101562,444.0517272949219,793.3064575195312,786.7066650390625,573.4044799804688,155.93360900878906,334.0279235839844
213,213,236.527099609375,100.22409057617188,444.2051696777344,793.5031127929688,786.433837890625,573.5090942382812,155.8562469482422,334.37884521484375
214,214,236.52027893066406,100.2060317993164,444.0206298828125,794.2704467773438,786.4962158203125,573.1867065429688,155.63885498046875,334.7738037109375
215,215,236.39315795898438,99.53250885009766,445.4125671386719,794.6914672851562,786.3026123046875,573.80126953125,155.43820190429688,335.3114929199219
216,216,236.35208129882812,99.3851547241211,445.819091796875,795.4249267578125,785.9639282226562,573.9412231445312,155.303955078125,335.97021484375
217,217,236.34109497070312,99.34343719482422,444.45648193359375,795.8955688476562,785.9520874023438,573.9442749023438,155.34786987304688,336.9886779785156
218,218,236.3037567138672,99.42363739013672,443.6127624511719,795.937255859375,785.7994995117188,573.86962890625,155.36212158203125,337.3616638183594
219,219,236.22145080566406,99.39129638671875,442.0389099121094,797.4069213867188,785.3499755859375,572.34130859375,155.80856323242188,338.51007080078125
220,220,236.21263122558594,99.39340209960938,439.7208251953125,798.1996459960938,785.4302978515625,570.5450439453125,157.06692504882812,340.322998046875
221,221,236.1651611328125,99.38975524902344,439.22607421875,798.8128051757812,785.4718627929688,570.1346435546875,158.4896240234375,342.28363037109375
222,222,236.1626739501953,99.38475799560547,437.8760681152344,799.1375122070312,785.2049560546875,571.150146484375,159.35060119628906,343.1998596191406
223,223,235.58424377441406,98.60260772705078,436.5714416503906,800.2728881835938,784.9766845703125,571.3243408203125,159.08816528320312,343.0843505859375
224,224,235.7296142578125,99.28862762451172,436.2052001953125,801.3319091796875,784.6419067382812,571.2030029296875,158.65054321289062,343.099609375
225,225,235.76626586914062,99.36087799072266,435.85675048828125,801.5957641601562,784.4996337890625,571.6079711914062,158.478271484375,343.1996765136719
226,226,235.86326599121094,99.87152099609375,435.62548828125,802.496826171875,784.4144897460938,571.7953491210938,157.5299072265625,342.5694580078125
227,227,235.89163208007812,99.76981353759766,435.89935302734375,802.6041870117188,785.029296875,571.197265625,156.82069396972656,342.3323669433594
228,228,236.5162353515625,99.6121826171875,435.7781677246094,802.8199462890625,786.0159301757812,570.3684692382812,156.04054260253906,341.95361328125
229,229,236.7070770263672,99.68724060058594,435.1231384277344,803.5272216796875,787.2732543945312,569.2669677734375,155.67922973632812,342.0587158203125
230,230,237.32211303710938,99.83940887451172,434.6147766113281,804.2203979492188,787.07470703125,569.4998168945312,155.1944580078125,341.9990234375
231,231,237.39996337890625,99.92469024658203,433.8406066894531,805.2454833984375,787.6452026367188,569.2627563476562,153.81271362304688,341.59735107421875
232,232,237.63328552246094,100.6609115600586,433.36456298828125,805.777099609375,787.74658203125,569.063720703125,152.15370178222656,340.59698486328125
233,233,238.40615844726562,100.78023529052734,432.5303955078125,807.2265625,787.3129272460938,569.319580078125,150.82656860351562,339.64874267578125
234,234,238.41110229492188,100.93172454833984,431.4342041015625,808.9970092773438,787.3709106445312,568.7985229492188,149.7891387939453,339.3843688964844
235,235,238.65380859375,101.43566131591797,430.3434753417969,809.4244995117188,787.952392578125,567.9949951171875,148.82077026367188,339.4396057128906
236,236,239.9486083984375,101.97882843017578,430.4637145996094,810.2758178710938,787.9891357421875,567.4736328125,148.31610107421875,339.6864013671875
237,237,240.24884033203125,102.04578399658203,430.0859069824219,810.794677734375,788.842041015625,566.2952270507812,148.67483520507812,340.0190734863281
238,238,240.86473083496094,102.49618530273438,430.14453125,811.3202514648438,789.2444458007812,566.1660766601562,148.11175537109375,339.9921569824219
239,239,240.95111083984375,102.58159637451172,429.3805236816406,812.7881469726562,790.6344604492188,565.6511840820312,147.47515869140625,340.1763916015625
240,240,241.15139770507812,102.64633178710938,428.5523986816406,813.8403930664062,791.2481079101562,565.6227416992188,146.19801330566406,340.20465087890625
241,241,241.23777770996094,102.6070785522461,428.3632507324219,814.103515625,791.0803833007812,566.0715942382812,145.11337280273438,339.1766052246094
242,242,242.01333618164062,102.91827392578125,428.4502868652344,813.9176025390625,790.6290893554688,566.3194580078125,144.41983032226562,338.90289306640625
243,243,242.8931121826172,103.69327545166016,427.90667724609375,813.7642822265625,790.4891357421875,566.4383544921875,144.1319580078125,338.6611022949219
244,244,243.8082733154297,103.81187438964844,427.2696838378906,814.7774047851562,790.1671752929688,566.415771484375,143.50146484375,338.9812316894531
245,245,245.66598510742188,104.94589233398438,426.1383056640625,815.6090698242188,789.6591186523438,566.033203125,142.80508422851562,338.8353271484375
246,246,247.39981079101562,105.2208023071289,424.437744140625,816.3772583007812,788.775390625,565.1372680664062,143.2356719970703,338.7154541015625
247,247,247.6524200439453,105.19230651855469,422.06842041015625,817.450927734375,789.6385498046875,562.3646240234375,144.39056396484375,339.8614807128906
248,248,247.75181579589844,105.31045532226562,419.9969787597656,817.0985107421875,790.2428588867188,560.5958251953125,145.16981506347656,340.4197998046875
249,249,247.81690979003906,105.89186096191406,421.4008483886719,817.238525390625,791.4747314453125,557.9071044921875,145.47921752929688,340.5785827636719
250,250,247.7626953125,105.37135314941406,421.088623046875,817.4326171875,793.2350463867188,556.788330078125,146.2914276123047,341.2646179199219
251,251,247.83660888671875,105.24915313720703,420.7600402832031,817.4275512695312,795.95703125,555.897705078125,146.73605346679688,341.49139404296875
252,252,247.7669677734375,105.25566101074219,419.15972900390625,818.219970703125,797.508544921875,556.3285522460938,147.8586883544922,342.51068115234375
253,253,247.76211547851562,105.2196044921875,417.6991271972656,818.02685546875,799.9849853515625,555.9624633789062,148.7631378173828,343.30767822265625
254,254,247.77316284179688,105.21484375,417.5384521484375,818.1082763671875,800.6306762695312,556.5363159179688,148.84906005859375,343.65802001953125
255,255,247.7353515625,105.14292907714844,418.5173645019531,818.2889404296875,800.7574462890625,556.787841796875,148.87464904785156,343.8360595703125
256,256,247.53697204589844,105.49329376220703,418.9588928222656,818.2234497070312,801.8043823242188,557.063720703125,149.25271606445312,344.062744140625
257,257,247.0020751953125,105.45970916748047,419.1720275878906,818.210205078125,800.3457641601562,557.9527587890625,150.0873565673828,345.03338623046875
258,258,246.8948211669922,105.48737335205078,418.84979248046875,818.394775390625,801.5374755859375,557.1603393554688,150.14503479003906,345.4747314453125
259,259,246.96005249023438,105.64803314208984,419.41351318359375,818.8773803710938,802.6819458007812,555.78125,150.19053649902344,346.1246032714844
260,260,247.50079345703125,105.6458511352539,418.6795349121094,819.384765625,804.8817138671875,556.1898193359375,150.28463745117188,347.449462890625
261,261,247.52175903320312,105.71006774902344,418.48284912109375,819.6073608398438,802.5579833984375,557.5126342773438,149.29782104492188,348.5856018066406
262,262,247.56442260742188,105.74549865722656,418.3899841308594,819.6217651367188,802.8638916015625,557.2946166992188,147.50607299804688,349.7618103027344
263,263,247.66429138183594,105.75005340576172,418.1144714355469,820.0469360351562,802.3307495117188,558.2632446289062,146.55567932128906,351.0448303222656
264,264,247.8199920654297,105.73101043701172,417.8351745605469,820.978515625,805.1397705078125,557.9295043945312,146.54898071289062,352.5740051269531
265,265,248.00833129882812,105.7734603881836,417.9749450683594,821.5691528320312,805.213134765625,558.3981323242188,145.84652709960938,354.6229248046875
266,266,248.66189575195312,105.76828002929688,417.9585876464844,821.8545532226562,803.5556030273438,559.2808837890625,145.62210083007812,357.00115966796875
267,267,248.85299682617188,105.82006072998047,417.9110107421875,822.296630859375,803.3519287109375,559.7538452148438,145.5958251953125,358.6002502441406
268,268,250.93655395507812,106.73783111572266,417.9766845703125,822.9931030273438,802.6365966796875,559.9850463867188,145.5634002685547,360.1893310546875
269,269,253.46072387695312,107.04324340820312,418.04510498046875,822.2824096679688,802.4563598632812,560.072509765625,145.44277954101562,361.3846435546875
270,270,254.7672119140625,107.19062805175781,418.01312255859375,821.72216796875,803.2694702148438,559.3909912109375,146.1938018798828,363.8847961425781
271,271,255.79742431640625,107.92481231689453,418.9273681640625,822.2811889648438,802.453369140625,560.3329467773438,147.21490478515625,366.46588134765625
272,272,257.041015625,108.1878890991211,419.9180908203125,823.654541015625,802.205322265625,560.0264282226562,147.67913818359375,368.29522705078125
273,273,257.3641357421875,108.41166687011719,420.8758239746094,824.425537109375,802.410888671875,559.55859375,148.6259765625,369.5193176269531
274,274,258.1287841796875,108.52942657470703,421.75946044921875,825.2398681640625,802.8218383789062,559.4801635742188,148.46102905273438,369.9774169921875
275,275,258.7727966308594,108.6928482055664,421.88946533203125,825.5352783203125,802.7885131835938,559.0821533203125,148.30380249023438,370.4641418457031
276,276,259.42108154296875,108.80977630615234,421.4358215332031,825.294189453125,803.4865112304688,558.7589111328125,148.45550537109375,371.44781494140625
277,277,259.8371276855469,108.83904266357422,421.9328308105469,825.7210693359375,802.490966796875,559.42529296875,148.95700073242188,373.1451721191406
278,278,259.87469482421875,108.77680206298828,421.57061767578125,826.1407470703125,802.7805786132812,558.9398193359375,149.53890991210938,373.5897216796875
279,279,259.85418701171875,108.82087707519531,422.00006103515625,826.9364013671875,803.68603515625,559.093017578125,149.92410278320312,374.5679931640625
280,280,259.8076171875,108.77094268798828,421.8828125,827.2116088867188,803.6515502929688,558.4473876953125,150.88238525390625,374.5269775390625
281,281,259.3580627441406,108.8709945678711,421.034423828125,826.7274780273438,803.5098876953125,558.2113647460938,152.58876037597656,375.5048522949219
282,282,259.8290100097656,108.90798950195312,420.8472900390625,826.5819091796875,803.4845581054688,558.1643676757812,153.28115844726562,375.7789306640625
283,283,259.31695556640625,108.95523834228516,420.899169921875,826.2890014648438,803.4036254882812,558.3143920898438,153.01516723632812,375.95404052734375
284,284,259.19842529296875,109.06309509277344,420.8084716796875,826.4451904296875,803.8382568359375,558.281982421875,152.92474365234375,376.01153564453125
285,285,258.9562683105469,109.34120178222656,420.3955078125,826.35986328125,803.8101806640625,558.2597045898438,153.57568359375,377.6573486328125
286,286,258.568603515625,111.02727508544922,419.64385986328125,826.2166137695312,802.9508666992188,558.3870849609375,155.15603637695312,380.1343994140625
287,287,257.882568359375,114.81363677978516,418.95574951171875,826.0689697265625,802.5999145507812,558.258056640625,154.9407958984375,380.875244140625
288,288,257.1539611816406,118.00289916992188,418.6427307128906,825.9259033203125,802.0120849609375,558.1219482421875,155.33872985839844,382.2240295410156
289,289,257.8661193847656,120.00606536865234,416.8719787597656,825.533203125,801.9738159179688,557.720703125,155.40440368652344,383.80767822265625
290,290,256.358642578125,121.6654281616211,415.6227111816406,825.6177978515625,801.68994140625,557.93701171875,155.23875427246094,385.5431823730469
291,291,254.84307861328125,122.46585845947266,414.1357727050781,825.796875,801.2028198242188,558.6420288085938,154.93563842773438,386.037109375
292,292,254.6544952392578,123.38912963867188,413.4590759277344,826.546142578125,799.7824096679688,559.5317993164062,153.38055419921875,386.5437927246094
293,293,253.40692138671875,125.02529907226562,411.5771789550781,826.6625366210938,799.103271484375,559.8416748046875,153.1956024169922,388.2410583496094
294,294,251.10166931152344,126.59162139892578,410.9624938964844,827.2699584960938,799.5592651367188,559.6057739257812,153.6548614501953,389.4676513671875
295,295,248.50650024414062,127.30160522460938,411.18597412109375,827.3828125,799.8192749023438,559.3251342773438,152.7793731689453,390.6876220703125
296,296,246.5933837890625,127.31867218017578,410.99835205078125,827.4378051757812,799.4752807617188,559.2569580078125,153.638916015625,391.9718933105469
297,297,244.90814208984375,126.66191101074219,410.71051025390625,827.640869140625,798.0839233398438,559.69189453125,153.77529907226562,393.2784423828125
298,298,244.4957733154297,126.60289001464844,410.4327392578125,827.8936157226562,797.6911010742188,559.7515869140625,152.76390075683594,393.35443115234375
299,299,243.54568481445312,126.79808044433594,409.51239013671875,828.210205078125,796.8004760742188,560.4472045898438,152.6898193359375,393.1497497558594
300,300,243.1798095703125,127.2724609375,409.4658508300781,828.2713012695312,796.8921508789062,560.1373291015625,151.69436645507812,395.3701171875
301,301,242.90023803710938,127.80493927001953,409.4498291015625,828.1356201171875,796.7581176757812,560.7132568359375,149.51754760742188,397.5645751953125
302,302,242.67453002929688,128.934814453125,409.234130859375,828.2044677734375,796.3330078125,560.7453002929688,149.11378479003906,396.86761474609375
303,303,241.98138427734375,129.4338836669922,409.1286315917969,828.3228759765625,796.1992797851562,560.8450927734375,148.5941925048828,397.30816650390625
304,304,241.70703125,129.5987091064453,409.215087890625,828.5260009765625,796.0611572265625,560.7973022460938,148.43739318847656,396.80792236328125
305,305,241.57568359375,129.89712524414062,409.83416748046875,828.7197875976562,795.6585693359375,560.5855712890625,148.51974487304688,396.3742980957031
306,306,240.98728942871094,130.03627014160156,409.3857421875,828.8880004882812,794.0885009765625,561.3921508789062,148.38818359375,397.3907775878906
307,307,240.68702697753906,129.96481323242188,409.2281494140625,828.9248046875,793.4843139648438,560.7792358398438,148.22906494140625,397.40045166015625
308,308,240.5472412109375,129.8638916015625,409.48291015625,829.2006225585938,792.4688110351562,561.307861328125,148.27493286132812,397.3920593261719
309,309,240.50303649902344,129.7535858154297,409.4256591796875,829.7752685546875,791.7867431640625,562.2748413085938,148.3631591796875,397.83428955078125
310,310,240.4769287109375,129.2298583984375,408.65423583984375,829.947509765625,791.782958984375,562.4584350585938,148.27027893066406,399.3631591796875
311,311,240.48208618164062,129.192626953125,408.51214599609375,830.2073974609375,792.06494140625,562.3849487304688,148.432373046875,400.194091796875
312,312,240.44232177734375,129.15728759765625,408.47637939453125,830.7725219726562,792.0283813476562,562.6266479492188,148.56350708007812,400.82293701171875
313,313,240.3966827392578,129.08798217773438,408.36376953125,831.2598876953125,791.983642578125,563.3298950195312,149.1245574951172,402.20513916015625
314,314,240.38589477539062,129.0769500732422,407.69537353515625,831.5401000976562,791.8656616210938,563.524169921875,149.24429321289062,402.66082763671875
315,315,240.38087463378906,129.06256103515625,407.5584716796875,831.689453125,791.2146606445312,564.4434814453125,149.5517578125,403.19671630859375
316,316,240.3710174560547,129.0675048828125,407.2328186035156,832.4974365234375,791.9752807617188,564.3770141601562,149.8231201171875,404.0912170410156
317,317,240.28758239746094,129.11724853515625,406.7574157714844,832.8873901367188,792.279052734375,563.9488525390625,149.95521545410156,404.8545227050781
318,318,239.53131103515625,129.15908813476562,406.0892028808594,833.5433349609375,792.5000610351562,564.0748901367188,150.63702392578125,405.82855224609375
319,319,238.72305297851562,129.95480346679688,406.11083984375,834.9385986328125,792.5857543945312,564.6796875,150.70590209960938,405.89129638671875
320,320,238.04940795898438,130.84951782226562,406.179931640625,835.7345581054688,792.701171875,564.8690795898438,150.8240509033203,406.31231689453125
321,321,236.359130859375,132.4161376953125,405.2581481933594,836.3599853515625,793.0130615234375,564.2158203125,150.7299346923828,407.3774719238281
322,322,235.84393310546875,134.13812255859375,405.1458740234375,837.0557861328125,793.91552734375,563.5469360351562,149.9395294189453,408.32672119140625
323,323,234.2958984375,136.63027954101562,405.3324279785156,837.219482421875,794.131103515625,563.4846801757812,150.50665283203125,408.59454345703125
324,324,231.77230834960938,137.90386962890625,405.9105224609375,837.37158203125,793.5230102539062,563.2252807617188,151.51588439941406,408.4232482910156
325,325,228.5687255859375,139.73065185546875,405.8567199707031,837.6954345703125,793.3048095703125,563.0479736328125,152.20530700683594,408.09600830078125
326,326,225.70562744140625,142.1980438232422,405.89569091796875,838.6824951171875,793.1278686523438,563.1592407226562,152.60855102539062,407.9388427734375
327,327,223.70928955078125,145.52685546875,406.00860595703125,839.0153198242188,792.6840209960938,563.3536376953125,153.40585327148438,408.1053161621094
328,328,223.390625,148.3914794921875,405.8317565917969,839.150390625,792.3937377929688,563.4202270507812,153.53387451171875,408.6150817871094
329,329,222.96295166015625,151.44085693359375,405.73663330078125,839.6895751953125,792.0355224609375,564.31884765625,152.74185180664062,409.710693359375
330,330,222.71714782714844,153.68997192382812,405.4765625,840.2974243164062,792.2164916992188,564.8740234375,152.1690216064453,410.6672058105469
331,331,222.3306884765625,154.74496459960938,406.2179870605469,841.1787109375,792.0986328125,565.2092895507812,152.04066467285156,412.0672302246094
332,332,222.02981567382812,155.15939331054688,406.4544982910156,841.4149169921875,791.9765625,565.2715454101562,151.09609985351562,414.41485595703125
333,333,221.2374267578125,155.54519653320312,406.37799072265625,843.0810546875,792.106689453125,565.0848388671875,152.0954132080078,417.4924011230469
334,334,221.08035278320312,156.25921630859375,406.90521240234375,846.4742431640625,793.27001953125,564.0121459960938,153.6133575439453,421.12933349609375
335,335,220.80601501464844,158.37786865234375,405.5434875488281,847.3135986328125,795.2040405273438,562.794921875,154.5523681640625,424.1319580078125
336,336,220.07452392578125,160.72555541992188,404.91412353515625,847.655029296875,796.330322265625,561.97998046875,154.9326629638672,426.1158752441406
337,337,219.32305908203125,163.60855102539062,403.7268371582031,848.4819946289062,796.9503784179688,561.3234252929688,154.5697021484375,427.38262939453125
338,338,219.1558380126953,165.64291381835938,404.0502624511719,849.6322631835938,796.77734375,561.3214721679688,155.0733642578125,428.37469482421875
339,339,220.3499755859375,166.92356872558594,403.23284912109375,850.8130493164062,796.5731811523438,561.3006591796875,154.05996704101562,429.7767333984375
340,340,221.06387329101562,167.7635498046875,403.34368896484375,852.1399536132812,796.5130615234375,561.1897583007812,154.31044006347656,431.21044921875
341,341,221.5711212158203,168.87197875976562,402.4761657714844,853.2388305664062,795.7158203125,561.2575073242188,154.61338806152344,432.21673583984375
342,342,221.82057189941406,169.89645385742188,402.156494140625,853.9253540039062,794.0872802734375,562.0809936523438,154.58987426757812,433.7861633300781
343,343,223.14895629882812,172.2755126953125,402.1865539550781,854.3800659179688,793.1842041015625,562.5549926757812,154.685546875,435.38397216796875
344,344,224.28488159179688,173.75408935546875,401.1004333496094,854.2816162109375,792.8755493164062,562.5543823242188,155.2300567626953,437.3695373535156
345,345,225.08526611328125,174.99771118164062,399.46466064453125,854.8667602539062,792.393310546875,562.579345703125,155.8116455078125,439.6167297363281
346,346,225.89144897460938,176.43655395507812,398.471435546875,855.4038696289062,793.0305786132812,562.4205932617188,155.3999786376953,441.19696044921875
347,347,225.195556640625,177.62451171875,397.50140380859375,856.2785034179688,792.31396484375,563.4874877929688,156.3296356201172,443.6993103027344
348,348,224.5612030029297,179.32632446289062,395.90093994140625,857.7377319335938,792.1441650390625,563.9555053710938,156.60562133789062,446.6059265136719
349,349,224.2117156982422,180.80682373046875,393.9769287109375,858.545654296875,791.7496948242188,564.134033203125,156.90988159179688,449.82342529296875
350,350,223.85409545898438,182.39483642578125,393.01385498046875,859.1384887695312,791.8875732421875,564.0753784179688,156.82418823242188,452.4859924316406
351,351,222.83409118652344,184.9837646484375,392.2300720214844,860.265869140625,792.3955688476562,563.9478759765625,157.6623077392578,455.65618896484375
352,352,220.76467895507812,187.57022094726562,391.8782958984375,860.6146240234375,792.395751953125,563.9595336914062,158.63987731933594,457.95843505859375
353,353,219.46287536621094,189.60052490234375,392.4796142578125,861.5454711914062,792.4069213867188,563.93310546875,158.94541931152344,459.6902770996094
354,354,218.2268829345703,191.66079711914062,391.90753173828125,861.3748168945312,792.6096801757812,563.907958984375,158.2161865234375,460.713134765625
355,355,217.73167419433594,192.89971923828125,392.3324279785156,862.059814453125,792.61669921875,564.0230102539062,155.92724609375,462.1420593261719
356,356,217.7628173828125,193.76925659179688,391.5677185058594,862.0167236328125,792.5501098632812,563.9732666015625,154.17855834960938,462.84649658203125
357,357,216.6075439453125,194.13201904296875,391.3899841308594,862.0801391601562,792.6411743164062,564.0968017578125,154.55050659179688,463.673583984375
358,358,214.96788024902344,194.0088348388672,391.3381042480469,862.3167114257812,793.3715209960938,564.127685546875,154.00067138671875,464.27789306640625
359,359,213.54537963867188,194.82614135742188,391.2890625,862.5938110351562,793.3050537109375,564.3239135742188,153.94686889648438,465.2348327636719
360,360,211.3837890625,196.23843383789062,390.47235107421875,862.438720703125,793.5125122070312,564.2742309570312,155.10162353515625,468.18865966796875
361,361,208.89810180664062,198.34597778320312,389.54522705078125,862.2584838867188,793.4739379882812,564.5252685546875,155.28509521484375,471.1286315917969
362,362,206.6793975830078,200.20480346679688,389.0316162109375,862.5650024414062,791.9144897460938,565.2574462890625,156.3159942626953,472.90618896484375
363,363,204.62767028808594,202.50015258789062,389.06494140625,862.5425415039062,792.3930053710938,564.658935546875,155.32177734375,476.15240478515625
364,364,202.75881958007812,205.54244995117188,388.74639892578125,862.88720703125,790.9684448242188,565.7794799804688,155.15863037109375,478.7041015625
365,365,201.28866577148438,208.26998901367188,389.7308349609375,862.9874267578125,789.7129516601562,567.2147216796875,154.6132049560547,480.1795349121094
366,366,200.48672485351562,211.11041259765625,389.8890686035156,862.3654174804688,789.2199096679688,567.209228515625,153.66331481933594,481.9756164550781
367,367,199.69073486328125,213.4761199951172,389.55267333984375,862.9161987304688,788.4246826171875,567.9246826171875,152.99989318847656,482.762451171875
368,368,198.74737548828125,214.60716247558594,389.1890869140625,862.900146484375,787.0657348632812,569.8023071289062,152.25054931640625,485.2664489746094
369,369,197.52928161621094,215.3053436279297,389.1778259277344,862.47705078125,786.8087158203125,569.6514892578125,152.34420776367188,488.2864074707031
370,370,195.91343688964844,217.19810485839844,389.00762939453125,863.1460571289062,786.6265258789062,569.4840087890625,152.3157958984375,490.32958984375
371,371,194.2935333251953,219.08567810058594,389.0516357421875,862.95654296875,784.6604614257812,569.4142456054688,152.47842407226562,492.0479431152344
372,372,192.305908203125,221.53573608398438,389.1741638183594,863.4789428710938,783.6088256835938,568.3323364257812,152.93118286132812,493.58349609375
373,373,191.17178344726562,222.809326171875,389.13238525390625,863.8472290039062,781.919921875,568.6847534179688,153.48660278320312,494.9336853027344
374,374,188.77772521972656,224.71641540527344,389.3451843261719,864.2879638671875,780.3892211914062,569.9734497070312,153.98643493652344,495.2019348144531
375,375,186.2736358642578,226.7606201171875,389.5634765625,863.85791015625,779.8862915039062,570.0410766601562,154.28134155273438,495.5473327636719
376,376,184.15138244628906,229.42701721191406,389.54412841796875,863.62841796875,779.8011474609375,568.9194946289062,154.8162841796875,495.641845703125
377,377,181.59054565429688,231.42984008789062,389.7735900878906,863.2062377929688,779.5487060546875,568.757080078125,154.9676055908203,496.0030822753906
378,378,180.37393188476562,232.67230224609375,390.45123291015625,863.7326049804688,778.8635864257812,570.321044921875,154.980224609375,496.0767517089844
379,379,179.49510192871094,234.0060577392578,390.47564697265625,863.8565673828125,777.6724853515625,571.4448852539062,154.9779052734375,496.1187438964844
380,380,176.298095703125,235.6284942626953,390.7467041015625,864.4822387695312,777.5966796875,570.6964111328125,154.97061157226562,496.1596374511719
381,381,173.1616973876953,237.8355712890625,390.640869140625,864.4530639648438,777.0864868164062,569.5498046875,154.98306274414062,496.2433166503906
382,382,171.44235229492188,239.33969116210938,390.54144287109375,864.4943237304688,777.219970703125,568.5672607421875,155.03363037109375,496.348876953125
383,383,168.6298370361328,240.51214599609375,390.1731262207031,864.9185180664062,777.4244384765625,568.6997680664062,155.03494262695312,496.4148254394531
384,384,166.50949096679688,242.7509765625,388.7179870605469,864.409912109375,777.1448974609375,568.1541748046875,155.0440216064453,496.37298583984375
385,385,164.5970001220703,245.31808471679688,389.3686218261719,865.2015380859375,775.9268188476562,567.613037109375,155.03636169433594,496.3548583984375
386,386,162.95211791992188,247.2068328857422,389.74041748046875,866.0464477539062,775.6005859375,567.4868774414062,155.03448486328125,496.3612365722656
387,387,161.71788024902344,248.86654663085938,387.349853515625,866.9591674804688,775.7526245117188,567.8152465820312,155.066162109375,496.3328857421875
388,388,159.5371551513672,249.858642578125,385.9712219238281,869.1321411132812,775.0255126953125,568.3655395507812,155.09646606445312,496.3949890136719
389,389,158.83676147460938,250.31619262695312,384.6217956542969,869.9405517578125,774.3236083984375,569.0872802734375,155.12704467773438,496.4043884277344
390,390,159.20004272460938,251.25088500976562,383.1435241699219,870.6882934570312,773.9566650390625,570.659423828125,154.74844360351562,496.4190979003906
391,391,159.83251953125,251.7523193359375,382.0218811035156,870.7694091796875,774.7416381835938,570.2781982421875,154.76220703125,496.4267883300781
392,392,158.7554168701172,253.07058715820312,382.41253662109375,870.5582275390625,775.1227416992188,570.2100830078125,154.74758911132812,496.42022705078125
393,393,157.80665588378906,255.2985076904297,382.0859680175781,870.5890502929688,774.8197021484375,571.44140625,154.72406005859375,496.4305419921875
394,394,157.04689025878906,257.10162353515625,382.04486083984375,870.4777221679688,773.971435546875,571.8701171875,155.09945678710938,496.4300537109375
395,395,155.74542236328125,258.45404052734375,381.9689636230469,870.3323974609375,773.702392578125,571.5472412109375,154.75257873535156,496.46044921875
396,396,153.33758544921875,260.10101318359375,382.000732421875,870.9345092773438,773.279296875,571.8623657226562,155.13021850585938,496.4888610839844
397,397,150.72933959960938,261.80902099609375,382.283935546875,871.9531860351562,773.1676025390625,571.7340087890625,155.1338348388672,496.51416015625
398,398,148.07940673828125,263.53558349609375,381.7203063964844,871.805419921875,773.2783813476562,572.3355102539062,155.12774658203125,496.498291015625
399,399,145.65872192382812,265.24676513671875,381.84283447265625,872.2700805664062,773.0849609375,572.3098754882812,155.1461639404297,496.5214538574219
400,400,142.16787719726562,266.03826904296875,381.4999084472656,873.1558227539062,773.62646484375,569.780517578125,155.15731811523438,496.53125
401,401,139.477783203125,266.9360046386719,381.44891357421875,873.3394775390625,774.0560302734375,569.4522705078125,155.16036987304688,496.52789306640625
402,402,136.80288696289062,268.5444641113281,381.5651550292969,873.3504638671875,773.98583984375,569.9624633789062,155.16497802734375,496.5230712890625
403,403,135.63986206054688,269.1325378417969,380.74151611328125,873.3402709960938,774.8200073242188,570.3507080078125,154.79962158203125,496.5022888183594
404,404,136.22698974609375,268.8662109375,379.84979248046875,872.604736328125,775.2343139648438,570.7555541992188,154.78622436523438,496.4991455078125
405,405,138.00369262695312,268.9900817871094,379.0430908203125,872.3452758789062,774.8612060546875,570.7534790039062,154.804443359375,496.4838562011719
406,406,139.50747680664062,269.4597473144531,378.720703125,873.26806640625,773.9185180664062,570.636962890625,154.8023681640625,496.47869873046875
407,407,140.23452758789062,270.197998046875,378.5047302246094,873.601806640625,773.46826171875,570.3731079101562,154.79934692382812,496.48138427734375
408,408,141.31863403320312,270.4188232421875,378.294677734375,873.7161865234375,773.3275756835938,570.3997192382812,154.7943572998047,496.5133972167969
409,409,141.5972442626953,271.63720703125,377.49078369140625,873.819580078125,773.0203247070312,570.10107421875,154.77774047851562,496.5399475097656
410,410,141.8886260986328,272.2792663574219,377.2529296875,874.0850830078125,772.7175903320312,569.501953125,154.78915405273438,496.5362548828125
411,411,142.5802459716797,272.86859130859375,377.23309326171875,874.1243896484375,772.930419921875,570.1896362304688,154.77749633789062,496.53582763671875
412,412,142.53717041015625,274.196044921875,377.06573486328125,874.140625,772.9514770507812,570.4053344726562,154.777099609375,496.5318908691406
413,413,142.6754150390625,274.5521240234375,376.9733581542969,874.0896606445312,772.0267333984375,570.378173828125,154.78164672851562,496.5343933105469
414,414,142.6746826171875,274.861572265625,378.0765380859375,874.2825317382812,772.0430908203125,570.7756958007812,154.76751708984375,496.53704833984375
415,415,142.44427490234375,275.7236633300781,378.2180480957031,874.5491333007812,770.668212890625,571.79638671875,154.77456665039062,496.5410461425781
416,416,141.34242248535156,276.3843994140625,377.8501281738281,874.7371215820312,769.8511352539062,572.7701416015625,154.77066040039062,496.53515625
417,417,139.59255981445312,277.6833190917969,378.0163269042969,874.5367431640625,769.8585205078125,573.8003540039062,154.77438354492188,496.55059814453125
418,418,137.52920532226562,278.3450012207031,378.0980529785156,875.0559692382812,770.312255859375,573.9918212890625,154.77296447753906,496.56768798828125
419,419,135.15284729003906,279.58978271484375,378.1797790527344,875.2783813476562,769.6570434570312,574.8687744140625,154.78915405273438,496.5794677734375
420,420,132.88792419433594,280.60504150390625,378.13623046875,875.6484375,769.023681640625,574.6181030273438,154.79156494140625,496.5621643066406
421,421,130.87757873535156,282.0470275878906,377.4306335449219,876.0069580078125,768.3021240234375,572.75341796875,154.7833251953125,496.559326171875
422,422,128.69851684570312,282.1997375488281,377.19580078125,876.21044921875,767.0453491210938,571.4833374023438,154.77487182617188,496.56646728515625
423,423,127.24138641357422,282.9512634277344,377.2213439941406,876.243408203125,766.5842895507812,572.330810546875,154.75819396972656,496.6339416503906
424,424,126.22470092773438,283.9500732421875,377.7047119140625,877.076171875,765.3438110351562,574.417724609375,154.75442504882812,496.6686096191406
425,425,123.86488342285156,285.12152099609375,377.3667297363281,877.72265625,763.8115234375,577.560302734375,154.7510986328125,496.666015625
426,426,121.94918823242188,287.3829345703125,377.6046447753906,878.2696533203125,761.8592529296875,578.031494140625,154.74288940429688,496.67657470703125
427,427,119.80648803710938,290.6985168457031,377.74609375,878.4073486328125,761.1893310546875,577.5894165039062,154.7452392578125,496.6855163574219
428,428,119.56718444824219,292.53857421875,378.2027893066406,878.6619873046875,760.1369018554688,577.7344970703125,154.76638793945312,496.693115234375
429,429,119.6326675415039,293.9541931152344,378.1072998046875,878.9175415039062,759.4622192382812,578.3834228515625,154.77798461914062,496.7102355957031
430,430,118.6894760131836,294.7363586425781,377.98016357421875,878.9747314453125,758.5630493164062,579.468017578125,154.77220153808594,496.7074279785156
431,431,117.15943908691406,297.0079345703125,378.12872314453125,878.9984741210938,757.892578125,579.89453125,154.83438110351562,496.7821044921875
432,432,114.56909942626953,298.04632568359375,378.20538330078125,879.0263061523438,753.4464111328125,580.6434326171875,155.5714874267578,497.14434814453125
433,433,112.50346374511719,299.4619140625,378.1483459472656,879.115966796875,745.2120971679688,580.7590942382812,157.287109375,498.5968933105469
434,434,111.3134536743164,300.58648681640625,377.5720520019531,879.0238037109375,743.245361328125,578.77392578125,161.39102172851562,500.8404846191406
435,435,108.72834777832031,301.2721862792969,377.472412109375,878.9149780273438,749.0986328125,573.4209594726562,167.14573669433594,504.2789306640625
436,436,106.3441162109375,303.06707763671875,377.4459533691406,878.71533203125,753.4853515625,570.518310546875,172.38223266601562,507.5570068359375
437,437,104.34212493896484,304.4151306152344,377.4129333496094,878.64599609375,758.25,568.101806640625,177.32386779785156,510.6849670410156
438,438,103.09666442871094,306.1184387207031,377.3668518066406,878.6288452148438,764.4903564453125,564.2275390625,181.63282775878906,512.7349853515625
439,439,102.12577819824219,307.35693359375,377.34112548828125,878.5269165039062,780.610595703125,560.57763671875,183.69802856445312,515.22509765625
440,440,102.42739868164062,309.6298828125,377.291748046875,878.4603271484375,794.0687866210938,561.9228515625,186.46194458007812,516.2706298828125
441,441,103.40693664550781,310.7568359375,376.7726745605469,878.3946533203125,797.5928344726562,563.3588256835938,188.0569305419922,517.0162963867188
442,442,103.35250854492188,312.8199768066406,376.7934265136719,878.3728637695312,801.1014404296875,563.675048828125,189.19473266601562,517.7772827148438
443,443,103.31541442871094,314.68170166015625,376.72503662109375,877.7471923828125,801.7828979492188,564.2481079101562,190.03878784179688,518.7467041015625
444,444,103.19230651855469,316.6768798828125,376.7043762207031,877.8258056640625,799.9404296875,563.3943481445312,191.27685546875,519.6456909179688
445,445,103.93682861328125,319.4171142578125,376.7353515625,877.7086791992188,800.9249877929688,562.5807495117188,193.02601623535156,521.9285888671875
446,446,104.54194641113281,322.3877868652344,376.64398193359375,877.7977294921875,804.7333984375,563.27490234375,193.77883911132812,523.6985473632812
447,447,104.16238403320312,325.19659423828125,376.61273193359375,877.7733154296875,806.7792358398438,563.5015869140625,195.76513671875,525.2322998046875
448,448,104.47380828857422,328.0254821777344,376.6758117675781,877.7432861328125,808.7110595703125,565.3504638671875,196.91995239257812,526.8663330078125
449,449,103.51605987548828,330.2302551269531,376.6952209472656,877.7075805664062,811.1053466796875,566.84130859375,197.63357543945312,528.686279296875
450,450,102.67884826660156,332.31304931640625,376.7298889160156,877.720947265625,814.093994140625,567.650146484375,198.837646484375,530.1346435546875
451,451,100.63459777832031,335.2185974121094,376.76104736328125,877.6552734375,815.5,568.8270263671875,199.67140197753906,531.4227905273438
452,452,98.62474060058594,337.79095458984375,376.7523498535156,877.6465454101562,816.2942504882812,570.1346435546875,201.1494140625,532.79345703125
453,453,96.63726806640625,340.7464599609375,376.7303771972656,877.5767822265625,816.191162109375,570.4681396484375,201.9132080078125,534.3551635742188
454,454,95.1951675415039,342.81866455078125,376.7229309082031,877.572509765625,816.527587890625,570.7643432617188,203.11288452148438,534.7308959960938
455,455,94.25341796875,344.36767578125,376.709716796875,877.5926513671875,817.8594970703125,571.0152587890625,203.57806396484375,536.015625
456,456,94.44009399414062,344.75787353515625,376.7357177734375,877.5742797851562,818.9362182617188,571.1620483398438,204.41067504882812,536.924560546875
457,457,95.31076049804688,345.04791259765625,376.72772216796875,877.5868530273438,819.0291748046875,571.2658081054688,205.12696838378906,538.8082885742188
458,458,96.52105712890625,346.43572998046875,376.69378662109375,877.577880859375,819.3477172851562,571.259521484375,205.61228942871094,540.3665771484375
459,459,97.6421890258789,348.5091247558594,376.71075439453125,877.5753784179688,820.3944091796875,571.8435668945312,206.06980895996094,540.9871215820312
460,460,99.22987365722656,350.86279296875,376.69708251953125,877.56982421875,821.5316162109375,571.9338989257812,206.84872436523438,540.9962768554688
461,461,102.21466064453125,353.85455322265625,376.6945495605469,877.5829467773438,822.1741333007812,571.2284545898438,207.15121459960938,541.279541015625
462,462,105.29420471191406,356.7020263671875,376.71087646484375,877.5567626953125,823.1070556640625,570.9818115234375,208.3433380126953,541.64892578125
463,463,110.50537872314453,357.7721252441406,376.7198181152344,877.5518798828125,824.3023681640625,570.8168334960938,209.71652221679688,541.7139892578125
464,464,112.49554443359375,358.09783935546875,376.7240295410156,877.5806274414062,825.3154296875,570.345458984375,210.77867126464844,542.1744995117188
465,465,115.21627044677734,357.9860534667969,376.71337890625,877.5958862304688,826.109619140625,569.3899536132812,212.069580078125,543.0263671875
466,466,117.71399688720703,358.385009765625,376.7374572753906,877.6810913085938,826.9548950195312,568.6717529296875,213.67767333984375,543.5313720703125
467,467,119.43737030029297,359.95501708984375,376.74664306640625,877.6326293945312,828.337158203125,568.1658325195312,215.30453491210938,543.7047119140625
468,468,121.8011245727539,360.42547607421875,376.766845703125,877.640625,828.639892578125,567.7823486328125,216.1896514892578,544.3629760742188
469,469,123.87403106689453,361.52593994140625,376.7674865722656,877.584716796875,828.8462524414062,567.0282592773438,217.7572021484375,545.05810546875
470,470,125.67919921875,362.5340270996094,376.788330078125,877.5543212890625,829.1364135742188,566.5313110351562,218.22186279296875,545.5338745117188
471,471,126.83348083496094,362.97149658203125,377.01019287109375,877.5100708007812,829.5657348632812,566.1810913085938,218.59027099609375,546.870849609375
472,472,127.57429504394531,364.12225341796875,377.0076599121094,877.5272216796875,830.041748046875,565.54443359375,218.78277587890625,547.8480834960938
473,473,129.08673095703125,364.8270263671875,376.8033752441406,877.5237426757812,830.48583984375,565.4910888671875,219.96420288085938,549.3405151367188
474,474,131.67886352539062,366.116455078125,377.0150146484375,877.5230712890625,831.472412109375,565.4672241210938,220.65199279785156,550.8936767578125
475,475,134.32858276367188,367.89508056640625,377.034912109375,877.5028686523438,832.5357055664062,565.3314208984375,221.8709716796875,553.4580078125
476,476,136.12710571289062,365.9788513183594,377.0300598144531,877.5127563476562,833.74755859375,565.0252685546875,223.40301513671875,556.275634765625
477,477,139.63003540039062,370.4654541015625,377.02703857421875,877.49169921875,834.7860107421875,565.0057983398438,224.4002685546875,559.008056640625
478,478,143.6968994140625,374.515625,377.02349853515625,877.4933471679688,835.3460693359375,565.2003784179688,225.26187133789062,561.4462890625
479,479,146.37588500976562,377.02655029296875,377.0285949707031,877.4853515625,836.3898315429688,565.39111328125,226.70989990234375,563.859619140625
480,480,147.69248962402344,378.64959716796875,377.0364074707031,877.4917602539062,837.7089233398438,565.7855224609375,228.14605712890625,565.041748046875
481,481,149.66934204101562,381.89190673828125,377.012939453125,877.494140625,839.4685668945312,565.8464965820312,228.82774353027344,565.7960815429688
482,482,152.33056640625,385.05499267578125,377.0173034667969,877.4957885742188,841.2540893554688,565.8088989257812,229.35665893554688,566.7828369140625
483,483,154.59652709960938,386.7833251953125,376.9961853027344,877.4841918945312,842.7392578125,566.0614624023438,230.47518920898438,567.7491455078125
484,484,155.5587158203125,388.454833984375,376.9854736328125,877.499755859375,844.0076904296875,565.8035888671875,230.992919921875,568.0330200195312
485,485,156.64920043945312,390.60333251953125,377.0042419433594,877.5096435546875,844.7536010742188,565.0673828125,231.2613525390625,568.34375
486,486,158.73562622070312,392.59796142578125,377.0110168457031,877.4951171875,845.6314697265625,564.0751953125,231.49826049804688,568.7677001953125
487,487,160.7508544921875,394.1736145019531,377.025634765625,877.5013427734375,846.4497680664062,563.5958862304688,231.99929809570312,568.9678955078125
488,488,162.42849731445312,396.56982421875,377.0118408203125,877.4846801757812,847.0416870117188,563.5694580078125,232.39102172851562,568.6585693359375
489,489,163.57327270507812,399.202880859375,377.0269470214844,877.4848022460938,847.9341430664062,563.472412109375,232.541748046875,568.5314331054688
490,490,165.42739868164062,400.6010437011719,377.0190124511719,877.491943359375,849.3684692382812,564.3469848632812,232.26239013671875,568.740966796875
491,491,166.4344940185547,404.50323486328125,377.024658203125,877.4842529296875,850.7212524414062,565.3738403320312,232.10330200195312,569.0888061523438
492,492,167.61703491210938,410.1263732910156,377.02398681640625,877.521484375,852.005615234375,565.7010498046875,231.83876037597656,569.3941650390625
493,493,168.23849487304688,414.0626220703125,377.02008056640625,877.5135498046875,852.9967651367188,566.9315795898438,231.65341186523438,569.589599609375
494,494,168.89805603027344,417.06976318359375,377.00079345703125,877.4835815429688,853.0657958984375,568.0454711914062,231.64874267578125,569.9762573242188
495,495,170.66116333007812,421.879150390625,376.9976806640625,877.4635620117188,853.5343017578125,568.521484375,231.89755249023438,569.7955322265625
496,496,173.19573974609375,425.80743408203125,376.98797607421875,877.4686279296875,853.5703125,569.1674194335938,232.3448028564453,569.2611694335938
497,497,175.64569091796875,428.8390808105469,376.9874267578125,877.4492797851562,853.1885986328125,569.3501586914062,232.38052368164062,569.0894165039062
498,498,177.48651123046875,432.2944641113281,376.9730529785156,877.4549560546875,854.3005981445312,569.8760986328125,232.39395141601562,569.0390625
499,499,178.63658142089844,434.8911437988281,377.00592041015625,877.4603271484375,856.568115234375,570.490966796875,232.69647216796875,568.6957397460938
500,500,179.94931030273438,437.393798828125,377.0082702636719,877.4508056640625,857.91748046875,571.2342529296875,233.18605041503906,568.7059936523438
501,501,180.5519256591797,440.2778015136719,376.7742004394531,877.480712890625,858.6873168945312,571.6492919921875,233.4686279296875,568.7976684570312
502,502,180.9603271484375,441.4763488769531,376.9834289550781,877.4091796875,859.1981201171875,572.6636962890625,233.54493713378906,568.7603759765625
503,503,181.7250213623047,442.7610778808594,376.9925842285156,877.4150390625,858.2345581054688,573.2499389648438,233.12783813476562,569.2777099609375
504,504,182.759033203125,443.153564453125,376.9736328125,877.4276123046875,857.308837890625,573.57763671875,233.33267211914062,569.4943237304688
505,505,183.1011962890625,444.229248046875,376.9928894042969,877.419921875,857.5668334960938,573.9742431640625,234.49343872070312,569.6707153320312
506,506,183.81942749023438,447.283935546875,376.9829406738281,877.4158935546875,858.474365234375,574.324462890625,235.0321044921875,571.2172241210938
507,507,184.01121520996094,449.678955078125,376.97637939453125,877.4132690429688,859.1883544921875,575.2800903320312,235.4075927734375,574.1830444335938
508,508,183.98623657226562,452.69366455078125,376.9742431640625,877.4032592773438,859.8230590820312,576.2721557617188,236.72894287109375,577.6746826171875
509,509,184.51071166992188,456.08233642578125,376.96673583984375,877.395263671875,860.1702880859375,577.3799438476562,237.15342712402344,578.8638305664062
510,510,183.99420166015625,459.6866455078125,376.9583740234375,877.3815307617188,861.23779296875,578.5179443359375,238.68634033203125,579.781494140625
511,511,183.7584228515625,462.39923095703125,376.94793701171875,877.4076538085938,861.6466064453125,579.8199462890625,239.44723510742188,581.31298828125
512,512,185.15208435058594,466.310546875,376.56158447265625,877.3974609375,862.8973999023438,581.8275146484375,240.91839599609375,583.1785888671875
513,513,186.01806640625,470.07061767578125,376.5578918457031,877.3980712890625,864.1017456054688,584.01806640625,242.03671264648438,585.0802001953125
514,514,187.4290771484375,472.59954833984375,376.9668273925781,877.4179077148438,865.15869140625,585.840087890625,243.302490234375,585.833740234375
515,515,188.62255859375,475.4273376464844,376.9639892578125,877.4034423828125,864.258056640625,588.1187744140625,243.91177368164062,586.848388671875
516,516,188.37863159179688,477.824462890625,376.95709228515625,877.4234619140625,864.2267456054688,590.3394775390625,245.05545043945312,588.361083984375
517,517,188.15884399414062,479.9042053222656,376.95343017578125,877.4100952148438,864.2492065429688,592.3861694335938,245.86801147460938,588.4447631835938
518,518,188.33248901367188,483.48492431640625,376.942626953125,877.4107055664062,865.278564453125,593.762451171875,247.18350219726562,588.3693237304688
519,519,189.68447875976562,487.85662841796875,376.5472412109375,877.4013061523438,865.6080322265625,594.8057250976562,248.149169921875,588.9176635742188
520,520,188.7350616455078,491.7747802734375,376.55010986328125,877.3953247070312,865.8228149414062,596.1875610351562,249.12942504882812,589.9937744140625
521,521,188.64805603027344,493.75189208984375,376.5382385253906,877.3992309570312,865.1189575195312,597.7984619140625,249.94259643554688,592.6439208984375
522,522,188.48985290527344,495.42889404296875,376.7487487792969,877.4495239257812,864.242919921875,598.5887451171875,251.36068725585938,595.801513671875
523,523,188.51602172851562,497.68682861328125,376.94781494140625,877.40478515625,863.0813598632812,598.8265380859375,252.0135040283203,599.2059326171875
524,524,188.13858032226562,499.5604248046875,376.53350830078125,877.3919677734375,862.889404296875,598.7882690429688,251.71461486816406,602.5892333984375
525,525,187.11846923828125,501.18475341796875,376.54791259765625,877.3853759765625,862.6868896484375,598.7606201171875,252.2346649169922,604.428466796875
526,526,185.56439208984375,503.30560302734375,376.5420837402344,877.4032592773438,861.7481689453125,598.4706420898438,253.10565185546875,606.23974609375
527,527,183.9616241455078,505.10809326171875,376.56378173828125,877.401611328125,860.87548828125,598.7738037109375,254.27403259277344,608.2440185546875
528,528,182.06314086914062,507.25030517578125,376.55511474609375,877.3780517578125,860.5453491210938,599.298828125,255.50973510742188,610.3992919921875
529,529,179.84640502929688,508.69110107421875,376.5522155761719,877.377197265625,859.3848266601562,599.39306640625,256.5439453125,612.2575073242188
530,530,178.83187866210938,511.2110290527344,376.5611877441406,877.3809814453125,856.343017578125,601.2681274414062,257.22113037109375,614.1503295898438
531,531,177.6239471435547,513.5113525390625,376.54083251953125,877.3900756835938,852.6549682617188,605.0833740234375,258.3753356933594,616.0487060546875
532,532,175.99459838867188,516.861572265625,376.5257568359375,877.402587890625,851.20458984375,604.9365844726562,259.34619140625,618.1436157226562
533,533,173.65792846679688,519.9182739257812,376.533935546875,877.4121704101562,850.0186157226562,604.9666748046875,260.69647216796875,620.257568359375
534,534,170.58358764648438,522.3118896484375,376.5118408203125,877.4190673828125,848.7232666015625,606.4898071289062,261.62518310546875,621.89306640625
535,535,169.2017822265625,524.8333129882812,376.50390625,877.414306640625,846.4395751953125,607.5371704101562,262.9400329589844,623.3814086914062
536,536,167.5931396484375,527.9736328125,376.51702880859375,877.400146484375,844.286865234375,608.4766845703125,263.6667175292969,625.00927734375
537,537,165.58998107910156,531.9697265625,376.5136413574219,877.4049072265625,843.2708740234375,608.3237915039062,264.1180419921875,626.8873901367188
538,538,164.7334442138672,534.4374389648438,376.523193359375,877.40966796875,841.76806640625,608.4539794921875,265.15673828125,628.3892822265625
539,539,163.2847442626953,537.3468017578125,376.5179138183594,877.4046630859375,840.0106201171875,608.4964599609375,266.2914733886719,630.2188720703125
540,540,161.87628173828125,541.9117431640625,376.50909423828125,877.4054565429688,838.5950927734375,608.4771118164062,266.6737365722656,632.1627197265625
541,541,162.2289276123047,545.4899291992188,376.5098876953125,877.4031982421875,837.8787841796875,609.2308349609375,267.2063903808594,633.5615234375
542,542,161.88421630859375,549.30712890625,376.70849609375,877.4437866210938,836.6189575195312,609.0518188476562,267.45172119140625,634.8199462890625
543,543,162.022216796875,553.7412719726562,376.52337646484375,877.411376953125,836.637939453125,609.5895385742188,268.2946472167969,635.7728271484375
544,544,163.19900512695312,557.6181640625,376.5208740234375,877.39599609375,836.8670654296875,610.4434204101562,268.89166259765625,636.34130859375
545,545,164.23028564453125,560.84716796875,376.5430908203125,877.3900146484375,837.139892578125,610.9584350585938,269.2262878417969,636.9989013671875
546,546,164.23562622070312,564.8349609375,376.5208435058594,877.4020385742188,837.2023315429688,611.4950561523438,270.2794189453125,637.1328735351562
547,547,163.56729125976562,567.627197265625,376.52392578125,877.3975830078125,836.474365234375,612.5326538085938,270.81695556640625,637.7860717773438
548,548,163.42184448242188,570.0232543945312,376.51654052734375,877.3966674804688,836.53369140625,612.92578125,271.5798645019531,638.0562133789062
549,549,163.25360107421875,572.7706909179688,376.724365234375,877.4422607421875,835.9415283203125,613.9925537109375,271.1712341308594,638.1618041992188
550,550,162.714599609375,575.2055053710938,376.51324462890625,877.408447265625,835.3746337890625,615.126953125,271.3139953613281,638.7463989257812
551,551,162.85617065429688,577.3589477539062,376.51556396484375,877.3912353515625,834.7673950195312,617.2378540039062,271.40496826171875,638.9437866210938
552,552,161.72760009765625,578.2256469726562,376.5224609375,877.3967895507812,833.4044189453125,618.7035522460938,271.308349609375,639.0701904296875
553,553,161.41812133789062,578.3092041015625,376.5235290527344,877.3995971679688,832.1827392578125,617.7451782226562,271.73468017578125,639.138916015625
554,554,160.54086303710938,578.0687866210938,376.5272216796875,877.396484375,831.1098022460938,618.584228515625,271.31536865234375,639.2724609375
555,555,160.55947875976562,579.626953125,376.51837158203125,877.4088134765625,829.228271484375,618.4171142578125,271.45941162109375,639.26123046875
556,556,162.65370178222656,586.28125,376.5147705078125,877.41943359375,828.0121459960938,616.5337524414062,271.7904052734375,639.2548217773438
557,557,165.18606567382812,589.5299072265625,376.5230407714844,877.4226684570312,827.1990966796875,616.5667114257812,271.96722412109375,639.1981201171875
558,558,164.81484985351562,589.84375,376.543701171875,877.4141845703125,826.2738037109375,616.463134765625,271.9771728515625,639.223388671875
559,559,164.787841796875,590.2255249023438,376.54962158203125,877.399658203125,825.5291137695312,617.5513305664062,272.0604248046875,639.228515625
560,560,164.8224639892578,591.49365234375,376.55731201171875,877.39501953125,825.00390625,617.5436401367188,272.0841064453125,639.202880859375
561,561,165.49339294433594,593.4946899414062,376.5597229003906,877.3875732421875,824.2738647460938,617.5992431640625,272.0997009277344,639.6346435546875
562,562,166.20452880859375,594.647705078125,376.55535888671875,877.389404296875,824.3094482421875,618.4339599609375,272.1058349609375,639.5438842773438
563,563,166.57891845703125,596.4068603515625,376.5563659667969,877.38818359375,823.5781860351562,618.1141967773438,272.1445617675781,639.576171875
564,564,166.65663146972656,598.0321044921875,376.544677734375,877.3935546875,822.3869018554688,618.5663452148438,272.2098083496094,639.19140625
565,565,166.65179443359375,598.9518432617188,376.5381774902344,877.3846435546875,821.789306640625,617.7669067382812,272.2989196777344,639.2080688476562
566,566,166.59005737304688,600.225341796875,376.5404968261719,877.3883056640625,821.1268920898438,618.3809204101562,272.3529052734375,639.2262573242188
567,567,166.46530151367188,601.0081176757812,376.53692626953125,877.3807373046875,820.3292236328125,618.4740600585938,272.44488525390625,639.2085571289062
568,568,165.68006896972656,602.4706420898438,376.5237121582031,877.3739624023438,817.9600830078125,619.563232421875,272.4415283203125,639.198974609375
569,569,165.4355926513672,603.9778442382812,376.51580810546875,877.371826171875,816.537841796875,620.5629272460938,272.4586181640625,639.2145385742188
570,570,165.13116455078125,605.2742919921875,376.53936767578125,877.3666381835938,816.0030517578125,620.6600952148438,272.42144775390625,639.7618408203125
571,571,165.05050659179688,606.256591796875,376.52593994140625,877.3743896484375,814.9276733398438,620.5938720703125,272.4026794433594,639.8535766601562
572,572,163.89657592773438,606.8372802734375,376.5250244140625,877.3722534179688,813.615478515625,622.0231323242188,272.48284912109375,639.8844604492188
573,573,164.114501953125,607.5545654296875,376.5400085449219,877.3760986328125,812.7862548828125,623.1592407226562,272.52154541015625,639.906494140625
574,574,163.4451446533203,608.13427734375,376.5314025878906,877.351806640625,811.9885864257812,624.6927490234375,272.5543518066406,639.85986328125
575,575,163.1656494140625,609.45263671875,376.5165100097656,877.3719482421875,810.0430297851562,627.2813720703125,272.93927001953125,639.7886352539062
576,576,163.09014892578125,610.6714477539062,376.5314025878906,877.3612060546875,808.8778686523438,628.691650390625,272.99932861328125,639.8184204101562
577,577,163.03817749023438,612.0094604492188,376.5260314941406,877.3577270507812,809.0653076171875,628.94091796875,273.0923156738281,639.8076171875
578,578,163.16815185546875,613.70947265625,376.5149841308594,877.352294921875,810.0032348632812,628.649169921875,273.1395263671875,639.794189453125
579,579,163.13821411132812,614.80859375,376.50762939453125,877.3618774414062,810.6300048828125,627.7496337890625,273.1181640625,639.7686767578125
580,580,163.15829467773438,616.1824951171875,376.51922607421875,877.3673095703125,810.712890625,627.3277587890625,273.1146240234375,639.8069458007812
581,581,162.93173217773438,617.4761352539062,376.5194091796875,877.3660278320312,810.3003540039062,627.233154296875,273.112060546875,639.8282470703125
582,582,162.6712646484375,618.2020874023438,376.5212707519531,877.36083984375,809.8067016601562,627.471923828125,273.1019287109375,639.84423828125
583,583,162.64720153808594,618.5474853515625,376.5159912109375,877.359375,808.4222412109375,627.9266967773438,273.0890197753906,639.8071899414062
584,584,162.6231689453125,618.7483520507812,376.514404296875,877.3858032226562,808.4029541015625,628.5091552734375,273.0767822265625,639.77490234375
585,585,162.5206298828125,619.3016357421875,376.50225830078125,877.3740844726562,808.576416015625,629.2844848632812,273.09124755859375,639.8223266601562
586,586,162.43057250976562,619.322265625,376.50909423828125,877.3753662109375,808.1425170898438,630.3350219726562,273.0737609863281,639.7779541015625
587,587,162.35740661621094,619.4176635742188,376.50335693359375,877.3739013671875,808.15869140625,630.6975708007812,272.67803955078125,639.8253784179688
588,588,162.35882568359375,618.9465942382812,376.5047607421875,877.3670654296875,807.9033203125,631.3431396484375,272.68243408203125,639.8356323242188
589,589,161.73690795898438,619.3546752929688,376.5082702636719,877.3717041015625,807.1366577148438,630.98974609375,272.69317626953125,639.8111572265625
590,590,162.0028076171875,619.71435546875,376.499755859375,877.365234375,806.6845703125,631.1820068359375,272.69708251953125,639.7998657226562
591,591,161.03286743164062,619.9679565429688,376.49371337890625,877.373046875,807.0426025390625,632.086181640625,272.69683837890625,639.8092041015625
592,592,160.26962280273438,620.4278564453125,376.4966125488281,877.3654174804688,807.44287109375,631.9412841796875,272.731689453125,639.8358154296875
593,593,157.3514404296875,622.167724609375,376.50653076171875,877.357177734375,807.8174438476562,633.4075927734375,273.13372802734375,639.8203125
594,594,154.3872528076172,624.7359619140625,376.50946044921875,877.3629760742188,807.2886352539062,635.1395874023438,273.1463928222656,639.7877197265625
595,595,150.79168701171875,625.958984375,376.5106506347656,877.35986328125,808.0459594726562,635.7092895507812,273.1570739746094,639.7850952148438
596,596,147.39773559570312,627.345703125,376.50872802734375,877.3643798828125,808.1611938476562,636.5462646484375,272.7696533203125,639.860107421875
597,597,144.05947875976562,628.9053955078125,376.50543212890625,877.354736328125,808.064697265625,636.7325439453125,272.755859375,639.815673828125
598,598,142.28427124023438,629.6629638671875,376.4985656738281,877.35400390625,807.8030395507812,637.197021484375,272.7358093261719,639.778076171875
599,599,139.49481201171875,630.5847778320312,376.5137939453125,877.3472290039062,807.7908935546875,637.60498046875,272.7291564941406,639.7848510742188
600,600,136.00567626953125,632.9544677734375,376.4954833984375,877.3353881835938,807.387451171875,638.5670776367188,272.69927978515625,639.7445678710938
601,601,133.714111328125,634.7444458007812,376.486083984375,877.3258056640625,808.2261352539062,639.0360717773438,272.702880859375,639.7777099609375
602,602,131.4375,635.992919921875,376.47442626953125,877.3219604492188,808.5850830078125,640.8189086914062,272.6847229003906,639.7548828125
603,603,129.982666015625,637.2025146484375,376.47808837890625,877.3201293945312,808.5316162109375,642.5493774414062,272.6747741699219,639.7642211914062
604,604,127.59364318847656,638.6322631835938,376.47418212890625,877.3216552734375,808.3238525390625,644.2337646484375,272.6753234863281,639.7566528320312
605,605,125.81283569335938,639.775390625,376.4591979980469,877.3197021484375,809.77099609375,645.2982177734375,272.670166015625,639.7762451171875
606,606,123.67157745361328,641.208251953125,376.46502685546875,877.328857421875,809.463623046875,645.8143310546875,272.67962646484375,639.7760009765625
607,607,121.99503326416016,642.7555541992188,376.4671630859375,877.3290405273438,810.3937377929688,647.2198486328125,272.6573486328125,639.7734985351562
608,608,119.76173400878906,644.3182983398438,376.4565734863281,877.2962646484375,810.9743041992188,647.8231811523438,272.68280029296875,639.7957763671875
609,609,117.56307983398438,646.1259155273438,376.45330810546875,877.2913818359375,812.1029052734375,648.5067749023438,273.1300048828125,639.7640380859375
610,610,115.77596282958984,647.5401611328125,376.4403381347656,877.278076171875,812.56591796875,649.415771484375,273.206787109375,639.7857666015625
611,611,114.29683685302734,648.4129028320312,376.4383544921875,877.287841796875,813.8212890625,650.6154174804688,273.2447204589844,639.77587890625
612,612,114.27052307128906,647.8885498046875,376.4430847167969,877.2683715820312,813.94091796875,650.906982421875,273.2498779296875,639.7577514648438
613,613,115.14106750488281,647.7965698242188,376.4389343261719,877.2671508789062,814.3181762695312,651.7958984375,273.3539733886719,639.8114624023438
614,614,115.11737060546875,647.7503051757812,376.4351501464844,877.2781372070312,814.292236328125,653.179931640625,274.7018737792969,640.30712890625
615,615,114.3419189453125,648.1891479492188,376.4428405761719,877.281005859375,814.1045532226562,654.4594116210938,278.386474609375,642.0202026367188
616,616,113.63839721679688,648.5926513671875,376.4421081542969,877.2841796875,814.5325317382812,655.187255859375,283.181396484375,643.3518676757812
617,617,112.70841979980469,649.4274291992188,376.43017578125,877.2604370117188,815.1915893554688,656.1375122070312,290.41790771484375,644.5045166015625
618,618,111.27749633789062,650.315673828125,376.42620849609375,877.24951171875,815.4906616210938,657.805419921875,295.738525390625,646.3801879882812
619,619,110.26753234863281,652.3258666992188,376.43212890625,877.25048828125,815.6569213867188,658.2962036132812,300.54022216796875,649.118408203125
620,620,108.3753662109375,654.4119873046875,376.41375732421875,877.2520141601562,816.342041015625,657.9784545898438,306.0784912109375,649.7733764648438
621,621,107.18888854980469,655.8160400390625,376.4188537597656,877.254638671875,818.3436279296875,657.0393676757812,312.1941833496094,648.6967163085938
622,622,107.45576477050781,654.5371704101562,376.42431640625,877.2595825195312,819.4529418945312,656.750732421875,318.2605895996094,647.9277954101562
623,623,108.42942810058594,652.9014892578125,376.4141540527344,877.2608642578125,819.65966796875,657.4140625,323.9532775878906,647.714599609375
624,624,108.60531616210938,652.4246215820312,376.4136657714844,877.2623291015625,820.26123046875,657.5443725585938,328.04327392578125,649.208984375
625,625,108.49190521240234,652.5402221679688,376.4297790527344,877.260986328125,821.6572875976562,658.2080078125,332.2330627441406,651.540771484375
626,626,108.09049987792969,653.0862426757812,376.4287109375,877.2520141601562,823.0989379882812,658.9093017578125,336.00067138671875,654.5575561523438
627,627,107.71954345703125,653.2941284179688,376.42669677734375,877.2291870117188,823.8844604492188,660.498046875,339.45562744140625,657.7215576171875
628,628,107.12835693359375,653.6494140625,376.4277648925781,877.2476196289062,825.2700805664062,661.0574340820312,341.9775390625,659.5474853515625
629,629,106.31082153320312,654.1160278320312,376.42364501953125,877.2510986328125,826.3613891601562,662.1585083007812,344.97991943359375,661.103515625
630,630,105.82260131835938,654.74365234375,376.4267272949219,877.2516479492188,826.9718627929688,663.6826782226562,347.0126953125,662.0159301757812
631,631,105.38848114013672,655.1344604492188,376.41259765625,877.2576904296875,827.3936157226562,664.369140625,348.6954345703125,663.1936645507812
632,632,104.4400634765625,656.0155639648438,376.4356994628906,877.2446899414062,828.240966796875,665.0,349.7044982910156,663.617919921875
633,633,104.03687286376953,656.34326171875,376.432861328125,877.2388916015625,828.8765258789062,666.0997314453125,351.15875244140625,664.2373046875
634,634,103.77354431152344,656.7086791992188,376.4322509765625,877.2384033203125,829.8704833984375,666.5892333984375,353.1367492675781,665.26220703125
635,635,103.63798522949219,657.1820068359375,376.43212890625,877.2371826171875,830.7271118164062,668.3739624023438,355.14697265625,666.2666015625
636,636,103.55946350097656,657.3546752929688,376.4303894042969,877.2322998046875,831.2282104492188,669.5765991210938,356.685546875,667.3740844726562
637,637,103.56793975830078,657.4238891601562,376.426025390625,877.2337646484375,831.7327270507812,670.6396484375,358.86053466796875,668.2713623046875
638,638,103.53550720214844,657.5232543945312,376.43292236328125,877.2147827148438,832.1434326171875,672.0479736328125,361.0397644042969,669.7364501953125
639,639,103.51669311523438,657.5775756835938,376.4219970703125,877.2291870117188,832.527099609375,672.9310302734375,363.41278076171875,670.9808349609375
640,640,103.5157470703125,657.6021118164062,376.4283142089844,877.2257690429688,833.5586547851562,674.6368408203125,366.1563720703125,673.3475952148438
641,641,103.49266815185547,657.6798095703125,376.41070556640625,877.2241821289062,834.7207641601562,676.2464599609375,368.9775390625,675.5042724609375
642,642,103.47993469238281,657.6978759765625,376.4122619628906,877.2223510742188,835.6715087890625,677.21630859375,372.15277099609375,678.1425170898438
643,643,103.45319366455078,657.7205810546875,376.4180908203125,877.2182006835938,837.5648803710938,678.898681640625,373.8482360839844,679.681640625
644,644,103.36792755126953,657.7635498046875,376.4087219238281,877.2059326171875,839.480224609375,680.0325317382812,376.891845703125,681.7493286132812
645,645,103.2698745727539,657.78759765625,376.43438720703125,877.199462890625,840.95703125,681.6021118164062,379.2627868652344,685.46923828125
646,646,103.22999572753906,657.803955078125,376.4228515625,877.2208251953125,842.987060546875,683.2049560546875,381.35833740234375,689.6261596679688
647,647,102.96237182617188,657.8246459960938,376.4382019042969,877.218017578125,844.3977661132812,684.807373046875,383.9773254394531,692.56005859375
648,648,102.93978118896484,657.8179321289062,376.4360656738281,877.2189331054688,845.7159423828125,686.1276245117188,385.9939270019531,695.5824584960938
649,649,102.94573974609375,657.8216552734375,376.4184875488281,877.2134399414062,846.5429077148438,687.8086547851562,386.22430419921875,698.4720458984375
650,650,102.94453430175781,657.8150634765625,376.3998718261719,877.20703125,846.5048828125,689.3164672851562,388.82659912109375,701.3511352539062
651,651,102.95429992675781,657.79833984375,376.416748046875,877.207275390625,847.1448364257812,690.6273193359375,391.1958923339844,703.4722290039062
652,652,102.94807434082031,657.8030395507812,376.39044189453125,877.2454833984375,847.193115234375,691.08203125,393.09088134765625,705.8219604492188
653,653,102.95387268066406,657.7973022460938,376.3145751953125,877.5977172851562,846.229736328125,690.7247314453125,395.5960998535156,707.565673828125
654,654,102.95529174804688,657.7899169921875,376.6868896484375,878.6099853515625,845.990966796875,690.6513061523438,398.3397521972656,710.06591796875
655,655,102.95110321044922,657.7833862304688,377.1204833984375,879.799072265625,845.968017578125,690.75537109375,401.020751953125,711.5103149414062
656,656,102.93983459472656,657.774169921875,373.5782165527344,885.0635986328125,846.12109375,691.368896484375,403.73468017578125,713.30859375
657,657,102.9114990234375,657.7952270507812,369.5546875,888.7351684570312,846.7918701171875,691.6989135742188,406.87664794921875,715.8042602539062
658,658,102.77542877197266,657.7554931640625,366.7050476074219,889.960693359375,846.9871826171875,692.1959838867188,409.65679931640625,718.8040161132812
659,659,102.53907775878906,657.6358032226562,366.72869873046875,889.8904418945312,847.5606079101562,692.3934936523438,412.389404296875,722.0130004882812
660,660,101.86516571044922,657.6607666015625,366.29364013671875,889.8612060546875,846.8850708007812,693.2930908203125,415.0922546386719,725.8956298828125
661,661,101.59539794921875,657.1763305664062,364.8455505371094,890.933837890625,846.9784545898438,693.4861450195312,417.8962707519531,729.2279663085938
662,662,99.96943664550781,657.181884765625,362.84906005859375,891.2493896484375,847.3815307617188,693.2235717773438,421.4028015136719,731.2415771484375
663,663,97.63580322265625,657.5364990234375,362.68243408203125,891.2536010742188,846.5255737304688,694.1697387695312,425.357177734375,732.8956298828125
664,664,94.37582397460938,658.3138427734375,361.5372619628906,891.5250244140625,845.9397583007812,695.656005859375,429.99517822265625,733.6773071289062
665,665,92.59940338134766,657.4819946289062,360.7939453125,891.857666015625,845.959716796875,696.6590576171875,437.71331787109375,735.4185791015625
666,666,91.75140380859375,655.5587768554688,360.42706298828125,891.6990356445312,846.0908813476562,697.6149291992188,444.7166442871094,736.4547729492188
667,667,91.61787414550781,654.9852294921875,360.5879211425781,892.2295532226562,846.234375,699.313720703125,450.5935974121094,737.8804931640625
668,668,91.14197540283203,654.0007934570312,360.5424499511719,892.5601196289062,846.056396484375,700.6461791992188,456.5462341308594,739.6581420898438
669,669,89.40895080566406,653.0548095703125,359.7516174316406,891.943359375,846.8837890625,702.3068237304688,461.0295104980469,741.1016845703125
670,670,88.72267150878906,652.4260864257812,358.8914794921875,893.6431274414062,845.6280517578125,703.516357421875,465.27386474609375,742.4925537109375
671,671,87.91900634765625,652.0143432617188,358.41680908203125,896.1361694335938,845.2695922851562,704.7471313476562,468.19439697265625,745.9055786132812
672,672,88.06246948242188,650.9912109375,357.55218505859375,897.8517456054688,844.6864013671875,706.4346923828125,470.7996826171875,749.1448974609375
673,673,88.81736755371094,650.2852172851562,356.4010314941406,899.4281616210938,845.4642333984375,707.7322387695312,474.70501708984375,749.79931640625
674,674,89.09616088867188,649.29833984375,356.1871032714844,900.4550170898438,846.3345336914062,710.1552124023438,477.9398498535156,749.7093505859375
675,675,89.15387725830078,648.9273071289062,355.22900390625,901.1185913085938,847.70068359375,713.0068359375,480.443603515625,749.8488159179688
676,676,89.37130737304688,648.8150024414062,354.988037109375,901.2916259765625,847.5028686523438,714.51123046875,483.1863098144531,750.8674926757812
677,677,90.30532836914062,647.8590087890625,354.8948669433594,901.5718994140625,847.0291748046875,715.994873046875,486.84515380859375,751.9713134765625
678,678,91.10213470458984,646.7684326171875,355.3436279296875,902.006103515625,847.178466796875,718.195068359375,490.0306396484375,753.4364013671875
679,679,91.27436828613281,646.6058349609375,354.85723876953125,902.939697265625,847.4847412109375,719.7890625,493.667724609375,755.9345092773438
680,680,91.64772033691406,646.90576171875,355.0523376464844,903.081298828125,847.7437133789062,722.16455078125,496.9093933105469,757.3079223632812
681,681,92.63065338134766,647.0267333984375,354.7716064453125,903.2232055664062,847.271240234375,723.8629150390625,499.6706237792969,759.4934692382812
682,682,93.72221374511719,646.9848022460938,355.95123291015625,903.5487060546875,846.911376953125,725.178955078125,502.48345947265625,761.87353515625
683,683,95.62467956542969,647.2642822265625,357.3817138671875,903.6792602539062,845.8897705078125,726.1564331054688,505.1618347167969,763.9124145507812
684,684,98.39362335205078,647.4052124023438,358.656982421875,903.6266479492188,844.3334350585938,728.6256103515625,508.28662109375,766.129638671875
685,685,102.4488525390625,649.341796875,358.83941650390625,903.6405639648438,841.2207641601562,730.9989013671875,510.16607666015625,767.7545776367188
686,686,106.58169555664062,652.7244873046875,358.80743408203125,903.7313232421875,837.5603637695312,734.5545654296875,511.82684326171875,767.8577880859375
687,687,108.72444152832031,653.220947265625,358.7046813964844,904.143798828125,834.8758544921875,737.2318725585938,513.275390625,768.3224487304688
688,688,110.25907897949219,654.5458374023438,357.83758544921875,904.9365844726562,833.4925537109375,738.8850708007812,514.6044921875,768.747314453125
689,689,111.40982055664062,655.1728515625,357.7436218261719,905.1751708984375,830.9790649414062,739.9171142578125,515.3202514648438,769.1723022460938
690,690,113.6796646118164,656.3567504882812,356.754150390625,905.8148193359375,826.4693603515625,741.771728515625,516.3516235351562,768.9257202148438
691,691,118.28631591796875,656.340576171875,354.8753356933594,906.6304931640625,825.06005859375,743.8651123046875,516.7144775390625,768.9852905273438
692,692,121.22340393066406,657.244873046875,353.0623474121094,906.5167846679688,824.6036987304688,745.9805908203125,517.1412353515625,768.9492797851562
693,693,123.58096313476562,658.2635498046875,352.57562255859375,906.3433227539062,823.216552734375,748.9993896484375,517.5440063476562,768.5479736328125
694,694,126.69933319091797,658.7674560546875,351.7893371582031,906.5528564453125,822.3286743164062,750.968505859375,517.7271728515625,769.1572875976562
695,695,127.9531021118164,660.2522583007812,350.953125,906.5963134765625,819.9232788085938,751.5896606445312,517.7701416015625,769.1920776367188
696,696,130.94216918945312,662.4173583984375,351.63348388671875,906.8170776367188,816.4205322265625,753.41015625,517.8045654296875,769.16943359375
697,697,133.22048950195312,663.695556640625,351.1448059082031,906.99169921875,814.1707763671875,755.40478515625,517.83935546875,769.124267578125
698,698,135.02194213867188,665.387451171875,351.2348937988281,908.0344848632812,812.811767578125,756.108154296875,517.9644165039062,769.0659790039062
699,699,136.89996337890625,666.6837158203125,351.0058288574219,908.6900634765625,810.8283081054688,757.7916870117188,518.0454711914062,768.675048828125
700,700,138.27743530273438,668.7781372070312,351.668212890625,908.27392578125,809.3052368164062,757.9532470703125,518.08154296875,768.6519775390625
701,701,139.83062744140625,670.0364379882812,353.11962890625,910.2533569335938,808.0335693359375,757.8628540039062,518.1276245117188,768.6201782226562
702,702,142.342041015625,671.6121826171875,352.973876953125,911.9540405273438,806.6356201171875,758.403564453125,518.1631469726562,768.616943359375
703,703,143.66952514648438,673.0216064453125,352.58782958984375,912.0286254882812,805.5625,758.0564575195312,518.1610717773438,768.5975341796875
704,704,144.745849609375,674.01318359375,352.2071533203125,912.60888671875,803.3988647460938,759.3318481445312,518.146728515625,768.5714111328125
705,705,145.22232055664062,674.9968872070312,352.59130859375,913.56884765625,800.343505859375,760.4434204101562,518.14453125,768.5404663085938
706,706,145.58578491210938,676.0489501953125,352.9332275390625,913.9598999023438,797.9044189453125,762.080078125,518.12353515625,768.5435180664062
707,707,145.65179443359375,677.368896484375,352.86505126953125,914.758056640625,794.9635009765625,763.69384765625,518.1131591796875,768.5247192382812
708,708,145.77687072753906,678.1748657226562,352.6153564453125,916.2113037109375,791.61474609375,764.8939819335938,518.1377563476562,768.5069580078125
709,709,146.11123657226562,678.6450805664062,351.71771240234375,917.2606201171875,790.0271606445312,765.8609008789062,518.1495971679688,768.5267944335938
710,710,146.25640869140625,679.39892578125,352.08892822265625,918.524658203125,788.423095703125,767.295166015625,518.1439819335938,768.536376953125
711,711,146.29608154296875,679.6901245117188,352.0467529296875,919.8470458984375,785.711669921875,767.6260986328125,518.1678466796875,768.520263671875
712,712,146.18832397460938,679.8008422851562,351.0552673339844,920.4242553710938,782.4161987304688,767.568115234375,518.1571044921875,768.5343017578125
713,713,146.21197509765625,679.8102416992188,350.3044738769531,920.8755493164062,780.0750122070312,767.2634887695312,518.1767578125,768.5416870117188
714,714,146.22540283203125,679.80908203125,349.4080810546875,921.1859130859375,780.061767578125,768.3932495117188,518.191162109375,768.5703125
715,715,146.1934814453125,679.7843627929688,348.2894287109375,921.0970458984375,777.3700561523438,769.71435546875,518.17578125,768.5463256835938
716,716,146.20362854003906,679.782470703125,347.9490966796875,920.8010864257812,773.6494750976562,771.3404541015625,518.1989135742188,768.5545654296875
717,717,146.18618774414062,679.7966918945312,347.9552001953125,920.826171875,771.1103515625,771.67431640625,518.208984375,768.5513916015625
718,718,146.20013427734375,679.798583984375,347.9832763671875,920.87939453125,769.3231201171875,772.7725830078125,518.215576171875,768.5457153320312
719,719,146.19906616210938,679.8041381835938,347.985595703125,920.8585815429688,766.9193725585938,773.96630859375,518.2159423828125,768.553955078125
720,720,146.22219848632812,679.7830810546875,347.95562744140625,920.8958740234375,764.9462890625,772.9789428710938,518.2295532226562,768.58642578125
721,721,146.28530883789062,679.76953125,347.926513671875,920.848876953125,761.65478515625,772.569091796875,518.2041015625,768.5735473632812
722,722,146.319091796875,679.748779296875,347.87933349609375,920.76904296875,758.914306640625,772.1187744140625,518.218505859375,768.5652465820312
723,723,146.3122100830078,679.744140625,347.44903564453125,920.6821899414062,755.7662963867188,771.7058715820312,518.2410888671875,768.5720825195312
724,724,146.75250244140625,679.7509765625,347.4285583496094,920.6710205078125,755.0108642578125,771.7171020507812,518.2538452148438,768.58154296875
725,725,146.77801513671875,679.719482421875,347.4357604980469,920.6544799804688,753.3895874023438,771.6505126953125,518.2674560546875,768.5734252929688
726,726,146.8267059326172,679.7254638671875,347.408447265625,920.6767578125,753.4907836914062,771.5339965820312,518.252197265625,768.5377807617188
727,727,146.85018920898438,679.7340087890625,347.3849182128906,920.6448974609375,753.4669189453125,771.87451171875,518.2498168945312,768.5074462890625
728,728,146.90890502929688,679.7051391601562,347.41473388671875,920.6314086914062,754.1853637695312,772.4934692382812,518.7103881835938,768.5105590820312
729,729,147.04586791992188,679.7144165039062,347.4064636230469,920.6065063476562,753.9554443359375,772.5074462890625,518.3053588867188,768.5313720703125
730,730,148.43173217773438,679.777587890625,347.40582275390625,920.5752563476562,753.8314208984375,772.4501953125,518.32470703125,768.5313720703125
731,731,151.6943359375,679.8526611328125,347.40155029296875,920.5653076171875,753.8916015625,772.8667602539062,518.3307495117188,768.5223388671875
732,732,154.52700805664062,679.9876708984375,347.3833923339844,920.5794677734375,751.9428100585938,772.6495361328125,518.3483276367188,768.5123291015625
733,733,158.10238647460938,679.1587524414062,347.38671875,920.568603515625,750.804931640625,772.8374633789062,518.3336181640625,768.4852905273438
734,734,160.88592529296875,677.7424926757812,347.378173828125,920.5560302734375,748.129638671875,772.5480346679688,518.3178100585938,768.4682006835938
735,735,162.28973388671875,676.6405029296875,347.37994384765625,920.5482788085938,746.6676635742188,772.049560546875,518.345947265625,768.4642333984375
736,736,164.17788696289062,676.0064697265625,347.37750244140625,920.5618896484375,747.6172485351562,771.966552734375,518.363525390625,768.4735107421875
737,737,164.3892822265625,674.786376953125,347.3804626464844,920.5803833007812,748.5208129882812,772.3270263671875,518.3638305664062,768.4375
738,738,164.77493286132812,674.6991577148438,347.37933349609375,920.5798950195312,749.444580078125,773.2448120117188,518.3675537109375,768.4364013671875
739,739,164.94818115234375,674.5331420898438,347.3818359375,920.5245361328125,748.3695678710938,772.9576416015625,518.3633422851562,768.4331665039062
740,740,165.14398193359375,674.3677978515625,347.3755187988281,920.5306396484375,746.819580078125,772.561767578125,518.3655395507812,768.4360961914062
741,741,167.91250610351562,678.1043701171875,347.3630065917969,920.5208740234375,745.467529296875,772.7413940429688,518.3516845703125,768.4320068359375
742,742,169.3717498779297,678.8563232421875,347.3552551269531,920.5123291015625,744.2088012695312,772.7255859375,518.3497314453125,768.4388427734375
743,743,171.3858642578125,679.26904296875,347.3616638183594,920.4912109375,744.6812133789062,772.8839111328125,518.7764282226562,768.428466796875
744,744,172.5428466796875,681.0297241210938,347.36566162109375,920.5060424804688,743.5977172851562,772.4573364257812,518.3733520507812,768.4300537109375
745,745,173.6424560546875,682.7964477539062,347.3404846191406,920.4959716796875,741.5775146484375,768.7969970703125,518.3781127929688,768.4090576171875
746,746,175.46435546875,684.5069580078125,347.34381103515625,920.4658813476562,740.5869140625,767.556640625,518.8948974609375,768.2833251953125
747,747,177.17518615722656,685.8772583007812,347.3443603515625,920.45166015625,740.4777221679688,767.9304809570312,520.8073120117188,766.6800537109375
748,748,177.9501953125,686.9559326171875,347.3594665527344,920.4537963867188,740.3842163085938,768.5081176757812,525.5458374023438,763.1231689453125
749,749,180.26539611816406,687.2723999023438,347.3591003417969,920.4518432617188,739.5324096679688,769.0276489257812,531.280029296875,757.5961303710938
750,750,181.34719848632812,687.880615234375,347.3384094238281,920.4435424804688,738.5599975585938,769.2957763671875,535.9775390625,753.31103515625
751,751,182.478271484375,688.7904663085938,347.3334045410156,920.428466796875,736.5205688476562,768.9805908203125,539.2288208007812,749.3562622070312
752,752,184.1896514892578,689.39208984375,347.33245849609375,920.4765625,737.0717163085938,769.592529296875,541.0372314453125,746.2647705078125
753,753,185.2947235107422,691.2222290039062,347.351806640625,920.53076171875,737.0363159179688,770.06640625,542.92041015625,743.8358764648438
754,754,187.60287475585938,692.57568359375,347.7967529296875,920.70751953125,734.49853515625,769.4047241210938,545.205322265625,741.1060791015625
755,755,190.751708984375,692.918212890625,347.8056640625,920.71826171875,731.9998779296875,768.5408935546875,546.9161987304688,740.07568359375
756,756,193.81906127929688,694.1928100585938,347.7970275878906,920.6984252929688,731.1979370117188,768.4542236328125,548.8025512695312,740.2435913085938
757,757,197.11061096191406,694.84521484375,347.37164306640625,920.604736328125,730.8086547851562,768.3178100585938,550.8405151367188,739.410400390625
758,758,199.07176208496094,694.6530151367188,347.3778991699219,920.558349609375,728.8038940429688,767.4819946289062,552.7551879882812,738.0253295898438
759,759,201.74661254882812,695.0196533203125,347.3634948730469,920.542724609375,727.6301879882812,767.7559814453125,555.6724243164062,735.664794921875
760,760,204.34783935546875,695.4556884765625,347.36334228515625,920.4890747070312,727.4249877929688,769.0337524414062,558.4839477539062,734.0053100585938
761,761,208.31756591796875,696.9501953125,347.3562927246094,920.4807739257812,727.2229614257812,769.9095458984375,561.7905883789062,732.5005493164062
762,762,211.937255859375,697.2763061523438,347.3684997558594,920.4358520507812,726.613037109375,770.609130859375,564.0783081054688,731.3903198242188
763,763,215.7398223876953,697.8966064453125,347.34979248046875,920.4508666992188,727.1126708984375,772.29833984375,565.6299438476562,730.3082275390625
764,764,217.64968872070312,699.32861328125,347.3302307128906,920.4321899414062,727.6710205078125,773.5803833007812,568.0498046875,728.4158935546875
765,765,220.97689819335938,700.1771240234375,347.31060791015625,920.3969116210938,725.014404296875,774.3119506835938,571.0361328125,728.61474609375
766,766,224.57125854492188,700.2651977539062,347.27618408203125,920.370361328125,721.6414184570312,773.9608764648438,574.116455078125,728.7069091796875
767,767,229.31439208984375,700.8822021484375,347.279296875,920.3588256835938,724.4596557617188,775.1868286132812,577.9305419921875,728.5987548828125
768,768,232.74893188476562,701.9652099609375,347.27130126953125,920.3756103515625,725.6585083007812,777.5201416015625,582.8218994140625,728.9004516601562
769,769,235.06436157226562,703.4082641601562,347.2626953125,920.3432006835938,725.6116943359375,779.0635986328125,586.033203125,727.4556274414062
770,770,236.9075469970703,704.7810668945312,347.257568359375,920.352783203125,725.6713256835938,780.7536010742188,588.7172241210938,726.302734375
771,771,238.070556640625,706.329345703125,347.249267578125,920.3284912109375,726.3456420898438,782.7796020507812,591.4942626953125,725.8419799804688
772,772,240.30276489257812,707.1172485351562,347.24774169921875,920.3352661132812,727.69970703125,784.576904296875,594.3140258789062,724.7730102539062
773,773,241.7880096435547,707.9143676757812,347.2541809082031,920.3548583984375,728.3164672851562,785.8479614257812,597.6466064453125,725.2425537109375
774,774,242.6824951171875,709.37255859375,347.25262451171875,920.3493041992188,729.9707641601562,787.5994873046875,601.111328125,726.0902099609375
775,775,243.54437255859375,710.6649780273438,347.246826171875,920.336181640625,730.9425048828125,789.5338134765625,604.4832763671875,726.455078125
776,776,246.20101928710938,712.7344360351562,347.26434326171875,920.3330078125,731.1630859375,791.4625244140625,608.09423828125,726.8411865234375
777,777,248.1097869873047,713.6485595703125,347.24395751953125,920.3209228515625,732.5148315429688,792.138671875,612.3775634765625,727.2486572265625
778,778,250.01699829101562,715.57177734375,347.242431640625,920.3287963867188,733.5345458984375,792.171875,616.6197509765625,727.9185791015625
779,779,252.52597045898438,716.5687866210938,347.2347412109375,920.360107421875,734.658447265625,792.4478759765625,620.3627319335938,727.7681884765625
780,780,254.9192352294922,717.107421875,347.2442626953125,920.3397216796875,735.368408203125,793.3887329101562,622.9625244140625,727.22119140625
781,781,256.7875671386719,718.2709350585938,347.25323486328125,920.32470703125,735.450927734375,794.9595336914062,624.8458251953125,727.0444946289062
782,782,258.976318359375,719.9638671875,347.2406005859375,920.3040771484375,736.4618530273438,796.5132446289062,625.586669921875,726.741943359375
783,783,260.9244384765625,721.0865478515625,347.2563171386719,920.3021850585938,737.6201171875,797.9299926757812,626.35693359375,726.2635498046875
784,784,263.78009033203125,722.8975219726562,347.2193603515625,920.3043212890625,738.5762939453125,799.528076171875,627.2310180664062,725.8504028320312
785,785,268.2349853515625,724.46435546875,347.20635986328125,919.916015625,738.6427612304688,800.4990844726562,627.3414916992188,725.6800537109375
786,786,272.34765625,726.0943603515625,347.1958923339844,919.9099731445312,739.717041015625,801.9801025390625,627.4146728515625,725.5360107421875
787,787,275.5975341796875,727.9349975585938,347.20428466796875,919.9349975585938,740.653076171875,803.5471801757812,627.466064453125,725.5457153320312
788,788,278.13275146484375,730.7753295898438,347.18536376953125,919.9427490234375,741.0042724609375,804.9884643554688,627.5304565429688,725.5396118164062
789,789,280.3928527832031,732.586181640625,347.1904296875,919.892578125,741.3463134765625,805.83642578125,627.5716552734375,725.5671997070312
790,790,283.9652404785156,735.7886962890625,347.21209716796875,920.2493286132812,742.6776123046875,806.5086669921875,627.6185913085938,725.544189453125
791,791,286.6940002441406,739.3780517578125,347.1866149902344,919.90283203125,744.1253051757812,807.53173828125,627.5573120117188,725.3291625976562
792,792,288.62542724609375,741.7864379882812,347.2037048339844,919.8905639648438,744.2457275390625,807.75,627.6024169921875,724.8589477539062
793,793,290.72869873046875,743.9359741210938,347.2021789550781,919.8927001953125,744.3199462890625,807.7421264648438,627.6327514648438,724.86083984375
794,794,293.3879699707031,746.9946899414062,347.1950988769531,919.8765869140625,745.5869750976562,808.3511962890625,627.714111328125,724.7979125976562
795,795,295.4180908203125,749.1888427734375,347.2039794921875,919.8986206054688,745.6546630859375,807.64111328125,628.1588134765625,724.812255859375
796,796,297.3721923828125,751.6123046875,347.19207763671875,919.9046020507812,745.5850830078125,806.7293090820312,628.233642578125,724.75830078125
797,797,298.5351257324219,754.1338500976562,347.19964599609375,919.9354858398438,746.6775512695312,805.6695556640625,628.5951538085938,724.6630249023438
798,798,299.5098876953125,757.5342407226562,347.1913757324219,919.948974609375,747.5946655273438,805.4581298828125,629.081787109375,724.7259521484375
799,799,299.8876647949219,759.929443359375,347.20086669921875,919.9525146484375,750.21728515625,805.2730712890625,629.388916015625,724.7728881835938
800,800,301.26611328125,761.3356323242188,347.1916809082031,919.9398193359375,753.45458984375,804.2447509765625,629.5713500976562,724.6712646484375
801,801,303.6861877441406,764.328125,347.1840515136719,919.9365234375,755.9384155273438,804.2904663085938,630.259033203125,725.5485229492188
802,802,306.3790283203125,766.2254638671875,347.18756103515625,919.9029541015625,757.3605346679688,804.4747924804688,631.8533935546875,725.7601928710938
803,803,308.51019287109375,767.6734008789062,347.1932067871094,919.9130859375,757.7998046875,803.5941772460938,634.816162109375,726.6229248046875
804,804,309.96807861328125,769.1445922851562,347.1941223144531,919.9146728515625,758.0249633789062,801.7806396484375,638.7858276367188,726.883056640625
805,805,310.62640380859375,771.1619873046875,347.16668701171875,919.9098510742188,757.5577392578125,800.15234375,642.7219848632812,727.3651123046875
806,806,311.77996826171875,773.3606567382812,347.181396484375,919.8961791992188,758.046875,799.3089599609375,646.6927490234375,727.7757568359375
807,807,312.942138671875,774.890869140625,347.18511962890625,919.9033203125,758.6654052734375,798.87353515625,651.085205078125,728.0360717773438
808,808,314.0242919921875,776.5845336914062,347.199951171875,919.9085693359375,759.481201171875,798.1077880859375,655.8733520507812,729.137451171875
809,809,314.10302734375,778.1136474609375,347.1838073730469,919.9091796875,760.9667358398438,796.6063842773438,661.9097900390625,729.9306030273438
810,810,314.1120300292969,779.6292724609375,347.18017578125,919.9127807617188,761.8760986328125,795.71240234375,667.1268920898438,730.0977172851562
811,811,314.28546142578125,780.7660522460938,347.18145751953125,919.9267578125,761.4797973632812,793.9479370117188,670.6129150390625,730.693115234375
812,812,313.66607666015625,781.3790893554688,347.18499755859375,919.9276123046875,761.7822875976562,793.2837524414062,673.0584716796875,730.848388671875
813,813,313.0963134765625,781.6846313476562,347.1817932128906,919.8855590820312,761.5808715820312,792.8677978515625,674.8717041015625,731.2224731445312
814,814,312.215576171875,781.6270141601562,347.1912841796875,919.9014892578125,760.0746459960938,792.4395141601562,677.2745361328125,730.6270141601562
815,815,311.3569030761719,781.318115234375,347.18695068359375,919.8900146484375,758.92236328125,791.785888671875,679.63525390625,730.5067749023438
816,816,310.9158020019531,781.4843139648438,347.1783142089844,919.9016723632812,757.485595703125,791.2352294921875,680.8277587890625,730.532958984375
817,817,311.14739990234375,782.4126586914062,347.18115234375,919.9111328125,757.26318359375,790.5023193359375,682.5006103515625,730.40966796875
818,818,312.05364990234375,782.550048828125,347.1946716308594,919.9168090820312,756.662841796875,790.561767578125,685.0318603515625,730.154541015625
819,819,312.7367858886719,782.0328979492188,347.1810302734375,919.9368896484375,756.1202392578125,790.749267578125,687.1502685546875,730.4828491210938
820,820,313.32049560546875,782.6220703125,347.1792907714844,919.9129028320312,754.9287719726562,790.7874755859375,689.3150634765625,731.023681640625
821,821,313.6098937988281,781.9966430664062,347.17974853515625,919.9281616210938,754.7041625976562,790.7346801757812,691.4468994140625,731.0855712890625
822,822,313.8266906738281,782.2371826171875,347.1732177734375,919.9068603515625,754.1897583007812,790.9459228515625,693.498779296875,731.78466796875
823,823,314.6347961425781,782.926025390625,347.1665954589844,919.902587890625,754.144287109375,790.4676513671875,694.5263671875,732.8079833984375
824,824,317.524658203125,785.9342651367188,347.1622314453125,919.91259765625,753.1297607421875,790.0309448242188,695.8104248046875,733.1325073242188
825,825,319.7044677734375,785.87060546875,347.1646423339844,919.9036865234375,751.8075561523438,790.2642211914062,696.97802734375,733.8396606445312
826,826,319.83282470703125,785.8732299804688,347.1605224609375,919.9215698242188,750.8724365234375,790.4551391601562,697.8594970703125,734.6754150390625
827,827,320.168701171875,786.03662109375,347.1583557128906,919.9507446289062,749.3648071289062,791.6424560546875,699.41064453125,735.6660766601562
828,828,320.23724365234375,786.0311889648438,347.1788330078125,919.9879150390625,748.4365234375,791.8695068359375,700.861328125,736.2201538085938
829,829,320.38421630859375,785.9771118164062,347.6573486328125,921.2257080078125,747.6993408203125,791.72021484375,702.386962890625,737.21337890625
830,830,320.8598937988281,786.5728149414062,348.62255859375,923.934326171875,747.3204345703125,791.6725463867188,703.4090576171875,738.1438598632812
831,831,322.27825927734375,788.2697143554688,349.29815673828125,924.934814453125,746.3035278320312,791.791015625,703.9349365234375,738.503662109375
832,832,322.64306640625,789.355224609375,348.6431884765625,924.025390625,745.405517578125,791.605224609375,704.16357421875,738.471923828125
833,833,324.35321044921875,790.73583984375,348.9623718261719,924.25830078125,744.9225463867188,791.583740234375,704.9020385742188,738.3895874023438
834,834,325.38043212890625,792.1550903320312,348.948486328125,924.2424926757812,744.9290161132812,791.6710205078125,705.3703002929688,737.5380859375
835,835,326.093994140625,792.9473876953125,348.7732849121094,924.0586547851562,744.81884765625,791.8660888671875,706.0341796875,737.1700439453125
836,836,326.7499084472656,793.990478515625,348.6954040527344,923.9947509765625,743.732666015625,791.69482421875,706.2240600585938,737.1216430664062
837,837,328.2777099609375,794.761962890625,348.662109375,923.9240112304688,741.8027954101562,792.1951904296875,706.2758178710938,737.495849609375
838,838,329.6315612792969,795.5492553710938,348.64404296875,923.8678588867188,742.783935546875,791.2905883789062,706.4174194335938,738.260986328125
839,839,330.632080078125,797.1785278320312,348.60308837890625,923.8474731445312,743.4112548828125,790.4202880859375,706.837890625,738.7369384765625
840,840,331.7303161621094,798.625732421875,348.5860595703125,923.8010864257812,743.30029296875,790.7030639648438,707.6674194335938,738.927001953125
841,841,332.5496826171875,800.2796020507812,348.5894470214844,923.776123046875,742.7453002929688,790.7058715820312,707.8482055664062,738.9423217773438
842,842,332.6705017089844,802.9163818359375,348.6070861816406,923.7814331054688,741.888916015625,790.7240600585938,708.0179443359375,738.9551391601562
843,843,334.5030212402344,805.2166748046875,348.6226501464844,923.7593383789062,741.6011352539062,790.6862182617188,708.194580078125,738.98681640625
844,844,336.29034423828125,806.95703125,348.6325378417969,923.753662109375,740.6253662109375,791.4977416992188,708.265869140625,739.0146484375
845,845,337.6750183105469,809.6154174804688,348.62548828125,923.7365112304688,739.75537109375,791.9840087890625,708.328369140625,739.3163452148438
846,846,338.446533203125,811.7755126953125,348.61883544921875,923.7352905273438,737.0481567382812,793.0931396484375,708.5538330078125,740.3128051757812
847,847,339.82257080078125,814.20654296875,348.60931396484375,923.716796875,735.11767578125,794.3699951171875,709.0926513671875,741.2030029296875
848,848,341.9981384277344,817.0001831054688,348.6181945800781,923.7383422851562,732.4677734375,795.755615234375,710.4641723632812,742.120849609375
849,849,343.9081726074219,820.5726318359375,348.62200927734375,923.7489013671875,730.6621704101562,796.7481689453125,710.7595825195312,741.64208984375
850,850,345.509033203125,823.6205444335938,348.61572265625,923.7525024414062,728.6991577148438,797.4895629882812,711.7659301757812,741.1976928710938
851,851,347.687255859375,827.0992431640625,348.61163330078125,923.722412109375,728.13134765625,798.2152709960938,712.4896240234375,741.8949584960938
852,852,349.96099853515625,829.3526000976562,348.6012268066406,923.7352294921875,727.6644287109375,798.941162109375,712.6904296875,744.4148559570312
853,853,350.9654541015625,831.6903686523438,348.60205078125,923.748046875,726.3919677734375,799.81298828125,712.5247802734375,747.4338989257812
854,854,351.68377685546875,833.5787963867188,348.58642578125,923.6991577148438,724.8792724609375,799.5498657226562,710.8937377929688,749.277099609375
855,855,351.96441650390625,835.8494262695312,348.600830078125,923.7216796875,723.7374267578125,800.8152465820312,709.67578125,748.8132934570312
856,856,354.7605285644531,837.5971069335938,348.6160888671875,923.7230834960938,724.6620483398438,803.10009765625,709.4732666015625,746.76171875
857,857,355.8919677734375,839.1409912109375,348.6352233886719,923.737060546875,724.4610595703125,804.1463623046875,709.5459594726562,742.4293823242188
858,858,356.6493835449219,839.9757690429688,348.6382141113281,923.7214965820312,724.1640625,805.5464477539062,709.4739379882812,739.4007568359375
859,859,357.9977722167969,840.0380249023438,348.5393981933594,923.7098388671875,724.227783203125,806.6558227539062,710.1326293945312,737.4522705078125
860,860,358.6467590332031,840.1641235351562,348.6410827636719,923.7452392578125,724.198974609375,807.6983032226562,710.6189575195312,736.4968872070312
861,861,358.9239501953125,840.5106201171875,348.5296325683594,923.7177734375,724.5424194335938,808.899658203125,711.700439453125,735.3215942382812
862,862,359.9513244628906,840.686279296875,348.6483154296875,923.714111328125,724.494873046875,809.3345947265625,712.5894165039062,734.2481689453125
863,863,360.4346923828125,841.0700073242188,348.5457458496094,923.694580078125,724.4069213867188,809.5278930664062,713.241455078125,733.1678466796875
864,864,360.76007080078125,841.2398681640625,348.6639404296875,923.7589721679688,724.4781494140625,809.6884765625,714.154541015625,730.6434936523438
865,865,361.2528381347656,841.1121826171875,348.65399169921875,923.7119750976562,724.4544067382812,809.6492919921875,713.6121215820312,724.53271484375
866,866,361.43548583984375,840.9096069335938,348.6454162597656,923.6859130859375,724.4412841796875,809.7266235351562,711.6642456054688,715.58984375
867,867,361.4671630859375,840.543701171875,348.677978515625,923.7276611328125,724.3834838867188,809.7713012695312,713.9744262695312,714.189453125
868,868,364.8367004394531,837.6350708007812,362.6783447265625,915.804443359375,724.2985229492188,809.9044189453125,715.3554077148438,715.708984375
869,869,370.935546875,829.8433837890625,373.326904296875,905.1484375,724.26806640625,809.9363403320312,717.1411743164062,715.3611450195312
870,870,377.8238830566406,822.9840087890625,383.6025085449219,899.1782836914062,724.8109741210938,810.3095703125,717.7913818359375,715.2427368164062
871,871,379.7367858886719,821.5825805664062,383.5699462890625,900.9786376953125,724.7947998046875,810.438232421875,719.4639892578125,713.502197265625
872,872,389.005615234375,814.6085815429688,378.59368896484375,900.3513793945312,724.7881469726562,810.4192504882812,721.3966064453125,712.7492065429688
873,873,397.8183898925781,804.088134765625,368.501220703125,896.4973754882812,724.7840576171875,810.4744262695312,722.458251953125,711.5179443359375
874,874,400.646484375,800.538818359375,448.0986999040458,880.4941331538973,724.3283081054688,810.4494018554688,723.4853515625,711.1207275390625
875,875,403.09197998046875,805.947021484375,389.9376220703125,861.6156005859375,724.7869262695312,810.5061645507812,724.2738037109375,710.9498291015625
876,876,399.5079345703125,807.2832641601562,,,724.798583984375,810.5236206054688,725.5560913085938,710.788330078125
877,877,,,410.8807929040241,837.1819850926587,724.8021240234375,810.53466796875,727.001220703125,710.5031127929688
878,878,404.7344970703125,792.8894653320312,320.64825439453125,840.4403076171875,724.7816772460938,810.572998046875,728.4284057617188,708.799560546875
879,879,404.62176513671875,795.3709106445312,312.3813781738281,858.6087646484375,724.79296875,810.5946044921875,729.9698486328125,707.9808349609375
880,880,402.0509033203125,797.5645751953125,315.87921142578125,862.8042602539062,724.7875366210938,810.6392211914062,731.33984375,707.3043823242188
881,881,396.1372985839844,801.1347045898438,322.3184509277344,861.2689208984375,724.7774047851562,810.653564453125,732.6192016601562,706.902099609375
882,882,394.7672119140625,801.9586181640625,328.5872802734375,863.641357421875,724.82470703125,810.6847534179688,733.5909423828125,706.5059814453125
883,883,394.8148498535156,800.647705078125,326.6206970214844,860.9887084960938,724.849609375,810.6815185546875,735.1551513671875,706.3829956054688
884,884,395.2758483886719,799.0892333984375,327.6817626953125,861.1907348632812,724.8621826171875,810.6973876953125,737.068115234375,705.3984985351562
885,885,396.44378662109375,796.5731811523438,328.759033203125,860.7997436523438,724.907958984375,810.7236938476562,739.0634765625,704.4822387695312
886,886,395.88458251953125,794.6256103515625,329.0167236328125,860.7006225585938,724.9519653320312,810.7314453125,740.58544921875,704.040771484375
887,887,398.0733947753906,791.740478515625,329.0847473144531,861.8211059570312,724.9469604492188,810.7176513671875,743.520751953125,704.3607788085938
888,888,399.4608154296875,785.6082763671875,329.05438232421875,862.1943969726562,724.9432373046875,810.731201171875,745.363525390625,704.7989501953125
889,889,397.16558837890625,780.1636352539062,329.14508056640625,862.2288208007812,724.9470825195312,810.7279052734375,746.3319091796875,703.7109375
890,890,396.2926025390625,777.3751220703125,329.3291931152344,862.2175903320312,724.9478149414062,810.70654296875,749.2442626953125,703.19873046875
891,891,396.8450012207031,773.903564453125,329.4930725097656,862.3135986328125,724.9290161132812,810.6618041992188,752.3163452148438,700.9494018554688
892,892,397.36279296875,771.29052734375,329.2469482421875,862.3840942382812,724.9493408203125,810.6591186523438,755.6739501953125,700.5418090820312
893,893,399.35736083984375,769.072265625,329.3603515625,862.437744140625,724.9561767578125,810.6442260742188,758.9797973632812,700.2456665039062
894,894,400.28759765625,767.4432373046875,329.2798156738281,863.25,725.07421875,810.1326904296875,761.233154296875,700.3596801757812
895,895,401.505126953125,764.9368286132812,334.3142395019531,870.5947265625,724.9868774414062,809.3890991210938,762.8138427734375,700.6805419921875
896,896,402.1363830566406,763.2259521484375,325.4697570800781,870.8328247070312,725.508056640625,807.8453369140625,763.5906372070312,699.8515625
897,897,402.7703857421875,761.1909790039062,322.92279052734375,884.534423828125,727.636474609375,805.890869140625,765.0026245117188,699.6615600585938
898,898,403.8619384765625,761.2410278320312,314.7375793457031,898.1932983398438,728.919189453125,803.3572998046875,766.2645874023438,699.4219360351562
899,899,404.4368896484375,760.69482421875,320.1028747558594,902.3008422851562,729.6590576171875,801.2759399414062,767.9857177734375,699.0180053710938
900,900,404.8431701660156,760.0300903320312,325.6860656738281,901.2725219726562,729.7233276367188,800.8072509765625,769.0511474609375,700.7012939453125
901,901,404.93109130859375,759.6549682617188,319.0906677246094,895.2681884765625,729.767333984375,799.8972778320312,771.402587890625,699.2238159179688
902,902,405.23797607421875,758.8901977539062,310.56097412109375,891.549560546875,728.92431640625,797.8858032226562,773.2755737304688,697.5279541015625
903,903,405.459716796875,758.4741821289062,,,727.197998046875,796.4171142578125,775.3563232421875,694.3739624023438
904,904,406.29150390625,758.1299438476562,310.8022155761719,901.0748291015625,727.6102905273438,794.8242797851562,777.2686157226562,691.8281860351562
905,905,408.02337646484375,756.644287109375,311.2455139160156,902.4263305664062,728.6925659179688,793.983154296875,779.3170776367188,689.17578125
906,906,410.8092346191406,754.6901245117188,309.3332824707031,903.080810546875,729.6099853515625,793.1482543945312,780.7806396484375,686.335205078125
907,907,413.10693359375,753.4395751953125,,,728.351318359375,792.7464599609375,781.565185546875,685.449951171875
908,908,415.72528076171875,751.8604125976562,308.7041320800781,900.3106689453125,726.4742431640625,792.796142578125,782.1011962890625,685.08251953125
909,909,421.45562744140625,749.3211669921875,309.13458251953125,903.73193359375,722.39013671875,793.4490966796875,782.1880493164062,684.2220458984375
910,910,426.47442626953125,746.7286376953125,307.7985534667969,904.4339599609375,719.20947265625,793.9539184570312,782.2860717773438,683.8818969726562
911,911,428.6236572265625,744.8890991210938,306.86572265625,904.223876953125,715.3299560546875,794.0628051757812,781.7645874023438,683.8486938476562
912,912,430.6646728515625,744.962890625,306.3766174316406,905.24365234375,713.2789306640625,794.6773681640625,781.7330322265625,682.7398681640625
913,913,433.80889892578125,743.40234375,304.52264404296875,905.4610595703125,710.798095703125,795.1740112304688,781.6040649414062,682.0792236328125
914,914,435.444091796875,743.6365966796875,303.55157470703125,906.10595703125,708.2545776367188,795.4657592773438,781.1837768554688,681.8911743164062
915,915,437.15960693359375,743.7108154296875,302.8214416503906,906.278564453125,707.0165405273438,795.8988037109375,781.18017578125,682.0447387695312
916,916,439.4761962890625,743.98095703125,,,706.4843139648438,795.9722900390625,781.0203247070312,681.6824340820312
917,917,441.4112243652344,744.1439819335938,303.3541259765625,905.9130249023438,704.983154296875,795.8203125,780.8646240234375,682.0809936523438
918,918,444.4234619140625,743.1129760742188,302.7539367675781,906.4551391601562,705.514404296875,796.8175048828125,780.7996215820312,681.8674926757812
919,919,447.5945739746094,742.3603515625,299.7449951171875,905.9912109375,706.7351684570312,797.6083374023438,780.8259887695312,681.606201171875
920,920,450.66864013671875,740.78955078125,299.1788024902344,906.5991821289062,706.265625,797.925048828125,780.6409912109375,681.3173828125
921,921,454.6290283203125,739.2395629882812,297.1293029785156,906.506591796875,706.1707153320312,797.8992919921875,780.6704711914062,681.13671875
922,922,458.3018798828125,739.6724243164062,295.3221740722656,905.2772827148438,707.0082397460938,798.763427734375,780.60595703125,680.8604736328125
923,923,461.4063720703125,738.9002685546875,294.87225341796875,904.836669921875,706.4873046875,798.259521484375,780.5191650390625,680.6486206054688
924,924,465.43438720703125,737.7703247070312,294.08685302734375,905.9566650390625,705.9660034179688,797.3091430664062,780.485595703125,680.1478271484375
925,925,468.2723693847656,737.6312255859375,293.7025146484375,905.3030395507812,705.6941528320312,796.7132568359375,779.4713134765625,678.8057250976562
926,926,470.6951904296875,737.6963500976562,293.4116516113281,904.5430908203125,704.5448608398438,795.8838500976562,779.3153076171875,678.3323974609375
927,927,473.42218017578125,737.5446166992188,292.3439636230469,903.6298828125,702.542724609375,795.2346801757812,779.286865234375,677.9156494140625
928,928,476.8147277832031,737.625244140625,292.017578125,903.6851806640625,700.9202270507812,796.11669921875,779.4589233398438,677.2847900390625
929,929,481.6673583984375,736.3482055664062,289.7068176269531,902.3489990234375,699.670166015625,796.5361328125,779.6068115234375,677.1678466796875
930,930,484.6117248535156,733.783935546875,288.40179443359375,899.4160766601562,698.8388671875,796.5791015625,779.7659912109375,677.596435546875
931,931,487.2157287597656,733.30126953125,287.6427917480469,899.9520263671875,697.609130859375,797.1989135742188,779.8485717773438,676.9349365234375
932,932,491.12030029296875,733.53955078125,285.144775390625,900.45654296875,697.1154174804688,797.5687866210938,779.9970092773438,676.8956909179688
933,933,494.6841125488281,733.5294189453125,281.8923645019531,897.551513671875,696.089599609375,798.9108276367188,780.0841674804688,676.9567260742188
934,934,498.4580993652344,733.28369140625,279.8518981933594,896.3091430664062,695.1364135742188,799.5750732421875,780.080322265625,677.0142822265625
935,935,503.44720458984375,732.528076171875,279.1637268066406,894.3952026367188,693.4031982421875,800.6280517578125,779.7111206054688,676.9657592773438
936,936,506.7416687011719,731.7734985351562,278.8261413574219,891.9794311523438,691.0955200195312,801.2116088867188,779.2435913085938,676.7645263671875
937,937,510.481689453125,731.4088134765625,278.3659362792969,891.4898071289062,689.7227783203125,801.1552734375,778.9449462890625,676.5266723632812
938,938,513.1416625976562,730.8501586914062,278.240234375,891.3070068359375,688.6187744140625,802.0283813476562,778.8221435546875,676.580810546875
939,939,516.1546020507812,731.4415893554688,278.27886962890625,891.369140625,686.9970703125,802.4910888671875,778.70068359375,676.6757202148438
940,940,519.8631591796875,731.6156616210938,278.3485412597656,890.9991455078125,685.5564575195312,804.5340576171875,778.46044921875,676.6798706054688
941,941,523.3248901367188,731.3458862304688,278.39813232421875,890.94140625,683.5974731445312,806.0501098632812,778.2164306640625,676.4364013671875
942,942,525.9512329101562,731.07080078125,278.4178771972656,890.8330688476562,681.1415405273438,807.9909057617188,777.8615112304688,676.4464111328125
943,943,528.7957153320312,730.919189453125,278.38153076171875,891.1895751953125,677.9600830078125,809.4038696289062,777.7787475585938,676.4725341796875
944,944,531.2696533203125,730.912353515625,278.40545654296875,891.1563110351562,676.3218994140625,809.7913818359375,778.2567138671875,676.1427612304688
945,945,533.5989990234375,730.7861938476562,278.40283203125,891.17431640625,674.588623046875,810.6560668945312,778.434326171875,676.4364624023438
946,946,535.1541748046875,730.5811157226562,278.40374755859375,891.2051391601562,672.1358032226562,810.4237670898438,778.6776733398438,676.275146484375
947,947,536.2384643554688,731.1884155273438,278.4500427246094,891.23095703125,670.4376220703125,809.2647094726562,778.82275390625,675.2576293945312
948,948,537.2861938476562,731.7200927734375,278.4551696777344,891.2673950195312,668.5992431640625,810.7733154296875,778.2830200195312,674.7680053710938
949,949,537.7232666015625,731.9490356445312,278.5234069824219,891.2806396484375,666.255126953125,810.6820678710938,777.4295654296875,674.7908935546875
950,950,538.43603515625,732.293212890625,278.5090637207031,891.3018798828125,662.6895141601562,808.0216064453125,776.6026000976562,674.6138305664062
951,951,538.9996337890625,733.2063598632812,278.5193786621094,891.3070068359375,661.5534057617188,808.5285034179688,776.517822265625,674.2244873046875
952,952,539.47021484375,733.50439453125,278.52423095703125,891.3229370117188,660.353271484375,808.8482666015625,776.470458984375,674.2191162109375
953,953,540.2161254882812,733.6112670898438,278.533935546875,891.3355102539062,660.3196411132812,811.2357177734375,776.3963012695312,674.1617431640625
954,954,540.4749145507812,733.7125854492188,278.55206298828125,891.3538818359375,658.99462890625,813.057373046875,776.3331909179688,674.1508178710938
955,955,541.6008911132812,734.052001953125,278.54718017578125,891.3386840820312,655.8431396484375,815.8513793945312,776.274169921875,673.6328125
956,956,542.3153076171875,734.239501953125,278.4950866699219,891.3328857421875,653.65771484375,817.662109375,776.2388916015625,673.5374145507812
957,957,544.4396362304688,734.4862670898438,278.16015625,891.010498046875,652.3369750976562,819.1033325195312,776.17822265625,673.7596435546875
958,958,545.8449096679688,734.7296752929688,277.20172119140625,889.1431884765625,650.5151977539062,820.2418212890625,776.1915893554688,674.756103515625
959,959,546.9754028320312,735.0498046875,276.94610595703125,886.36376953125,649.2918090820312,821.6539306640625,776.3594970703125,674.9658203125
960,960,547.771240234375,735.2574462890625,275.6836853027344,884.7265625,648.1590576171875,823.29248046875,776.5346069335938,675.0018310546875
961,961,548.3970336914062,735.95166015625,276.0768127441406,881.263916015625,647.0123901367188,824.7944946289062,776.4603271484375,674.7023315429688
962,962,549.7644653320312,736.3765869140625,275.9906311035156,878.4266357421875,645.6779174804688,825.8150024414062,776.6282958984375,674.5150756835938
963,963,551.2721557617188,737.9288330078125,275.3055419921875,878.5855712890625,644.5982666015625,826.7300415039062,776.2723999023438,674.630859375
964,964,553.3246459960938,739.6058349609375,274.2637939453125,880.258056640625,644.3001708984375,827.5092163085938,776.28271484375,674.7174682617188
965,965,557.4269409179688,744.9554443359375,273.68731689453125,880.4518432617188,643.6561889648438,827.3367919921875,776.107666015625,675.2777709960938
966,966,560.2957763671875,747.4356689453125,273.0735778808594,880.488525390625,643.0870361328125,827.4634399414062,775.6006469726562,676.46923828125
967,967,563.763916015625,749.7862548828125,273.4642333984375,880.4318237304688,641.6195678710938,828.0013427734375,775.1968994140625,677.7908325195312
968,968,566.6896362304688,751.04052734375,273.23345947265625,879.293212890625,639.6482543945312,828.562255859375,774.7940673828125,678.1912841796875
969,969,569.6284790039062,752.5948486328125,272.5509033203125,878.1693725585938,638.0406494140625,829.0492553710938,774.5504150390625,678.7469482421875
970,970,570.3870849609375,755.1337280273438,271.5696716308594,876.785400390625,637.4271240234375,828.853515625,774.609375,678.9835815429688
971,971,572.3308715820312,756.63427734375,271.0682373046875,875.7571411132812,637.2870483398438,828.9420166015625,775.1116943359375,680.0498657226562
972,972,576.7823486328125,759.192138671875,270.258544921875,874.417724609375,636.73583984375,828.8167724609375,775.3943481445312,680.2694702148438
973,973,579.9461669921875,760.1171875,270.17926025390625,872.1531982421875,636.7324829101562,828.869873046875,775.3888549804688,680.5387573242188
974,974,582.561767578125,761.2877197265625,269.36260986328125,869.25927734375,636.7276000976562,828.7337646484375,775.4197998046875,680.475341796875
975,975,585.902587890625,762.9500732421875,268.89166259765625,866.2512817382812,636.7282104492188,828.5642700195312,775.3729248046875,680.4696655273438
976,976,588.2268676757812,764.2697143554688,268.306884765625,863.9226684570312,636.7506103515625,828.5702514648438,775.372802734375,680.6138916015625
977,977,589.092041015625,765.7171020507812,266.5757751464844,861.085205078125,636.6932373046875,828.5728759765625,775.4583740234375,680.3840942382812
978,978,590.5328369140625,767.1844482421875,264.9859924316406,858.8480224609375,636.6774291992188,828.5628662109375,776.0774536132812,679.474609375
979,979,592.0848999023438,768.9530639648438,264.6480407714844,858.6774291992188,636.6520385742188,828.6187133789062,776.7113037109375,679.0716552734375
980,980,593.1856079101562,770.4478759765625,264.2243957519531,858.8259887695312,636.6315307617188,828.6204833984375,777.4931640625,678.757080078125
981,981,594.71337890625,772.3995361328125,262.96954345703125,859.2586059570312,636.6278076171875,828.6200561523438,778.3953857421875,678.43359375
982,982,596.5350341796875,773.7106323242188,262.06243896484375,858.324462890625,636.5899658203125,828.6492919921875,778.559814453125,678.2999877929688
983,983,599.3993530273438,776.483154296875,260.79644775390625,856.96337890625,636.5750732421875,828.7223510742188,779.2883911132812,678.1040649414062
984,984,601.0449829101562,779.664794921875,259.7091369628906,855.93359375,636.57958984375,828.73193359375,779.3326416015625,678.0849609375
985,985,603.7312622070312,782.881103515625,258.9068603515625,855.3341674804688,636.5750732421875,828.7567749023438,779.5780639648438,678.0941162109375
986,986,606.8678588867188,786.2869262695312,258.8954162597656,853.8489379882812,636.5626831054688,828.8087768554688,780.4705810546875,677.3502197265625
987,987,607.9375,789.517333984375,257.96807861328125,852.474365234375,636.5580444335938,828.848388671875,781.0455322265625,676.7600708007812
988,988,607.9852905273438,791.5980224609375,257.4644470214844,851.423095703125,636.5392456054688,828.8732299804688,781.9691162109375,675.7930297851562
989,989,604.3564453125,794.677978515625,257.1995544433594,851.0803833007812,636.498046875,828.8358154296875,782.368408203125,675.6565551757812
990,990,608.3699951171875,797.0723266601562,257.06170654296875,851.0179443359375,636.504638671875,828.9082641601562,782.7615966796875,675.4252319335938
991,991,611.9322509765625,798.79248046875,256.4206237792969,851.3069458007812,636.5479736328125,828.9902954101562,783.6749877929688,674.5147705078125
992,992,612.2311401367188,799.1659545898438,256.2950439453125,851.1470947265625,636.627685546875,829.0300903320312,784.6304931640625,675.0661010742188
993,993,612.5369262695312,799.680419921875,256.31396484375,850.5913696289062,636.7239379882812,829.1278076171875,786.0648803710938,676.08740234375
994,994,613.1784057617188,800.090087890625,256.2584228515625,850.460205078125,636.8735961914062,829.22705078125,786.8425903320312,676.281005859375
995,995,614.4092407226562,800.7935180664062,256.28460693359375,850.393310546875,638.01806640625,830.0803833007812,787.7523193359375,676.1383666992188
996,996,614.7002563476562,800.9332275390625,256.1424255371094,850.1842651367188,642.3623046875,833.33642578125,788.34033203125,676.2240600585938
997,997,614.8095092773438,801.0408325195312,255.04249572753906,849.6588745117188,647.6860961914062,836.2955932617188,789.5228881835938,676.1990966796875
998,998,614.7994384765625,801.1763916015625,253.1456298828125,847.5728759765625,656.6048583984375,840.8469848632812,790.1189575195312,676.181396484375
999,999,614.7616577148438,801.1548461914062,251.4807891845703,845.08740234375,664.5869140625,844.4830932617188,790.5841064453125,675.9180297851562
1000,1000,614.7679443359375,801.1343994140625,249.2079315185547,842.6575317382812,670.3201904296875,845.8263549804688,791.1810913085938,675.1022338867188
1001,1001,614.759033203125,801.1371459960938,246.98971557617188,840.4924926757812,673.2341918945312,847.180419921875,790.842041015625,675.1327514648438
1002,1002,614.744873046875,801.126220703125,244.6700439453125,838.0615234375,674.0983276367188,849.9065551757812,790.88916015625,675.0432739257812
1003,1003,614.7626953125,801.1461181640625,242.75914001464844,837.3040771484375,676.1756591796875,853.0444946289062,791.3652954101562,674.8090209960938
1004,1004,614.7362670898438,801.1414794921875,241.55502319335938,835.76318359375,678.312255859375,855.451416015625,791.396240234375,674.9700927734375
1005,1005,614.7564086914062,801.0918579101562,240.0289306640625,834.661865234375,679.6011352539062,854.7546997070312,791.4057006835938,675.139404296875
1006,1006,614.7518920898438,801.042724609375,239.64306640625,834.4495849609375,679.7221069335938,854.666015625,791.4860229492188,675.1697387695312
1007,1007,614.783447265625,800.6065673828125,238.392578125,833.4976806640625,678.9080810546875,854.53759765625,791.5155029296875,675.1541137695312
1008,1008,614.8578491210938,800.56298828125,237.47793579101562,832.396240234375,678.8629760742188,854.8599853515625,791.5528564453125,675.14013671875
1009,1009,615.2864990234375,800.5487060546875,236.90533447265625,831.8076171875,679.0963134765625,855.5574951171875,791.5137329101562,675.13818359375
1010,1010,615.318359375,800.5516967773438,236.3633575439453,830.9633178710938,679.4126586914062,855.8657836914062,791.5694580078125,675.1396484375
1011,1011,615.3073120117188,800.5524291992188,236.07920837402344,830.7295532226562,679.416259765625,856.004150390625,791.6493530273438,675.152099609375
1012,1012,615.3623046875,800.5443725585938,236.13124084472656,830.7142333984375,679.2501220703125,856.02001953125,791.6373291015625,675.1687622070312
1013,1013,615.3662109375,800.5263061523438,236.19781494140625,830.6906127929688,679.25048828125,856.0869140625,791.5968017578125,675.1487426757812
1014,1014,615.3404541015625,800.48828125,236.1989288330078,830.6893920898438,679.49365234375,856.1719970703125,791.578125,675.1006469726562
1015,1015,615.4070434570312,800.4716796875,236.17872619628906,830.7083740234375,679.4763793945312,856.2197265625,791.627685546875,675.03173828125
1016,1016,615.437255859375,800.4539794921875,236.15736389160156,830.5740966796875,679.3875122070312,856.2769775390625,791.666748046875,674.9891357421875
1017,1017,615.4738159179688,800.4461669921875,236.12875366210938,830.5711669921875,679.1759033203125,856.2789916992188,791.6848754882812,674.9666137695312
1018,1018,615.446533203125,800.409423828125,236.17991638183594,830.5855712890625,679.18017578125,856.3231201171875,791.71533203125,675.0137939453125
1019,1019,615.472900390625,800.3786010742188,236.2945556640625,830.479736328125,679.20556640625,856.33447265625,791.7132568359375,675.0438842773438
1020,1020,615.48193359375,800.3662109375,236.24795532226562,830.4650268554688,679.27490234375,856.3637084960938,791.7363891601562,675.0820922851562
1021,1021,615.5234375,800.35107421875,236.26795959472656,830.458251953125,679.309814453125,856.3780517578125,791.728271484375,675.060791015625
1022,1022,615.5003051757812,800.357666015625,236.2630615234375,830.4329223632812,679.312744140625,856.396728515625,791.70849609375,675.0596313476562
1023,1023,615.4862670898438,800.339111328125,236.06500244140625,830.4514770507812,679.2965087890625,856.3897705078125,791.71484375,675.0540161132812
1024,1024,615.4507446289062,800.3211059570312,234.74105834960938,829.6990966796875,679.31005859375,856.4267578125,791.7091064453125,675.0217895507812
1025,1025,615.4795532226562,800.3137817382812,231.1278839111328,827.1710205078125,679.3480834960938,856.4722290039062,791.7294311523438,675.0211181640625
1026,1026,615.533203125,800.3439331054688,226.6892852783203,824.6471557617188,679.36474609375,856.5220947265625,791.7391357421875,675.01171875
1027,1027,615.51513671875,800.3076171875,222.07998657226562,824.3875122070312,679.3807373046875,856.556884765625,791.734130859375,675.0114135742188
1028,1028,615.4801025390625,800.3004150390625,216.85472106933594,824.9791870117188,679.4195556640625,856.5616455078125,791.7120361328125,675.0035400390625
1029,1029,615.4878540039062,800.3116455078125,211.84364318847656,825.3215942382812,679.4080810546875,856.61328125,791.7174072265625,675.0123291015625
1030,1030,615.45947265625,800.2634887695312,209.55328369140625,825.4981689453125,679.4521484375,856.6161499023438,791.7285766601562,674.98095703125
1031,1031,615.4736328125,800.2841796875,205.61654663085938,827.4848022460938,679.5005493164062,856.6596069335938,791.7515869140625,674.994384765625
1032,1032,615.4743041992188,800.2713623046875,203.15611267089844,829.2393798828125,679.5254516601562,856.8358154296875,791.756591796875,675.0048828125
1033,1033,615.456298828125,800.2444458007812,201.60179138183594,830.501708984375,679.7761840820312,857.1697387695312,791.7494506835938,674.989990234375
1034,1034,615.406982421875,800.2125854492188,200.389892578125,831.2875366210938,680.0575561523438,857.9907836914062,791.7352294921875,674.9956665039062
1035,1035,615.4338989257812,800.2373657226562,199.77066040039062,830.4758911132812,680.8409423828125,858.5836791992188,791.7566528320312,674.9765014648438
1036,1036,615.42529296875,800.2340698242188,199.47743225097656,829.3737182617188,681.12109375,858.7550048828125,791.751953125,674.974853515625
1037,1037,615.4409790039062,800.2379150390625,198.76490783691406,829.12255859375,681.786865234375,859.8155517578125,791.7548828125,674.9696044921875
1038,1038,615.4253540039062,800.244384765625,198.84994506835938,828.3785400390625,683.4053955078125,861.0595092773438,791.769775390625,674.98046875
1039,1039,615.43212890625,800.2437744140625,199.0555877685547,828.1214599609375,684.5511474609375,861.4369506835938,791.7710571289062,674.9815673828125
1040,1040,615.4263916015625,800.2434692382812,199.61314392089844,827.0104370117188,685.03271484375,860.9923095703125,791.784423828125,674.986328125
1041,1041,615.3897094726562,800.22412109375,199.50669860839844,825.6480712890625,685.7859497070312,858.8026733398438,791.7908935546875,674.9853515625
1042,1042,615.4347534179688,800.259033203125,199.72279357910156,823.711669921875,688.4365234375,855.7026977539062,791.8089599609375,674.9903564453125
1043,1043,615.43115234375,800.265869140625,199.8335723876953,823.7277221679688,690.4405517578125,853.708740234375,791.8131103515625,674.97705078125
1044,1044,615.4483642578125,800.274658203125,200.35369873046875,823.5237426757812,692.8661499023438,852.9720458984375,791.8119506835938,674.9661254882812
1045,1045,615.4373779296875,800.2632446289062,199.95738220214844,824.67919921875,696.054931640625,852.1806030273438,791.8233032226562,674.9576416015625
1046,1046,615.4266967773438,800.257568359375,198.91122436523438,825.5286254882812,698.1948852539062,851.9510498046875,791.843505859375,674.94970703125
1047,1047,615.3937377929688,800.241455078125,198.0664825439453,825.7415771484375,699.0242309570312,852.1802368164062,791.8269653320312,674.9441528320312
1048,1048,615.3675537109375,800.2462768554688,197.2122802734375,824.704345703125,699.206787109375,852.39697265625,791.83251953125,674.9170532226562
1049,1049,615.37890625,800.2528686523438,196.27859497070312,825.8408813476562,700.36279296875,852.9208984375,791.8171997070312,674.9268798828125
1050,1050,615.3988037109375,800.2579345703125,195.4635009765625,827.4922485351562,701.3619384765625,852.36328125,791.8439331054688,674.9452514648438
1051,1051,615.3724975585938,800.2433471679688,194.53982543945312,828.260009765625,701.59130859375,851.656982421875,791.8361206054688,674.9449462890625
1052,1052,615.3956909179688,800.2559814453125,194.09393310546875,827.6019287109375,701.902099609375,850.6402587890625,791.8492431640625,674.9532470703125
1053,1053,615.4036865234375,800.2344970703125,193.8786163330078,827.7626342773438,701.910888671875,849.2789306640625,791.86328125,674.94482421875
1054,1054,615.3804931640625,800.2285766601562,193.86865234375,827.4631958007812,702.4775390625,848.8782958984375,791.8780517578125,674.9614868164062
1055,1055,615.3646850585938,800.2150268554688,193.73959350585938,826.8862915039062,704.1260986328125,847.6264038085938,791.8677978515625,674.9547119140625
1056,1056,615.397216796875,800.2172241210938,193.5954132080078,826.7749633789062,704.3821411132812,846.804931640625,791.869140625,674.9458618164062
1057,1057,615.370849609375,800.218505859375,193.36599731445312,826.7564086914062,704.9471435546875,846.2990112304688,791.87744140625,674.9472045898438
1058,1058,615.3834228515625,800.2124633789062,191.59970092773438,827.4586181640625,705.1975708007812,845.80517578125,791.8684692382812,674.9530639648438
1059,1059,615.369873046875,800.20947265625,191.00253295898438,828.3258666992188,705.4461059570312,845.3565673828125,791.8768920898438,674.9568481445312
1060,1060,615.380859375,800.2078857421875,190.28677368164062,827.721435546875,706.0492553710938,844.7757568359375,791.8797607421875,674.95751953125
1061,1061,615.416748046875,800.2278442382812,190.02919006347656,829.005859375,705.5996704101562,844.7147216796875,791.9014282226562,674.9552001953125
1062,1062,615.3948974609375,800.2078857421875,190.05484008789062,830.3465576171875,705.1661376953125,845.1480102539062,791.9059448242188,674.9526977539062
1063,1063,615.3939208984375,800.2002563476562,190.06723022460938,830.9967041015625,704.921630859375,844.6577758789062,791.9080200195312,674.945556640625
1064,1064,615.385009765625,800.1982421875,189.04660034179688,831.9393310546875,705.2647094726562,844.3566284179688,791.9219970703125,674.9430541992188
1065,1065,615.3909301757812,800.1961669921875,189.03689575195312,832.1664428710938,704.6793212890625,844.798095703125,791.931396484375,674.9405517578125
1066,1066,615.3941040039062,800.2003173828125,189.0671844482422,831.5206909179688,704.701904296875,844.5657348632812,791.9263916015625,674.9317016601562
1067,1067,615.3614501953125,800.2039794921875,188.14028930664062,831.2500610351562,704.837158203125,843.5880126953125,791.9267578125,674.9297485351562
1068,1068,615.3704833984375,800.2035522460938,186.3606414794922,833.4682006835938,704.9008178710938,842.5028686523438,791.9517822265625,674.9467163085938
1069,1069,615.3915405273438,800.2122192382812,185.0151824951172,834.662841796875,705.6209106445312,841.7632446289062,791.9476928710938,674.9331665039062
1070,1070,615.3469848632812,800.2000732421875,184.5804443359375,834.5640869140625,705.9456176757812,841.2952880859375,791.946533203125,674.9411010742188
1071,1071,615.3626708984375,800.195068359375,184.48960876464844,834.9390869140625,706.8948974609375,839.6376342773438,791.9506225585938,674.9298706054688
1072,1072,615.3545532226562,800.1915893554688,184.17636108398438,834.8919677734375,708.552001953125,837.6038208007812,791.937744140625,674.9298706054688
1073,1073,615.3125,800.1673583984375,184.2122039794922,834.6934814453125,711.3662109375,835.4117431640625,791.9534301757812,674.9472045898438
1074,1074,615.3038330078125,800.1620483398438,184.8182830810547,834.01953125,712.9236450195312,834.6182861328125,791.9603881835938,674.9515380859375
1075,1075,615.3140869140625,800.158203125,184.82810974121094,833.3175659179688,714.1239013671875,834.4595947265625,791.9512939453125,674.9408569335938
1076,1076,615.3271484375,800.1508178710938,184.79916381835938,832.66357421875,715.6827392578125,833.6095581054688,791.9547119140625,674.944091796875
1077,1077,615.3703002929688,800.1546020507812,185.77818298339844,831.4611206054688,717.4646606445312,831.6207885742188,791.96435546875,674.9555053710938
1078,1078,615.3685302734375,800.151123046875,188.01248168945312,830.0411987304688,721.8287353515625,827.3824462890625,791.9723510742188,674.9605712890625
1079,1079,615.3670654296875,800.1331176757812,190.83236694335938,828.4569702148438,722.1409301757812,826.7027587890625,791.9655151367188,674.9646606445312
1080,1080,615.3943481445312,800.14892578125,192.43228149414062,827.6976318359375,721.477783203125,823.8287963867188,791.9683227539062,674.9650268554688
1081,1081,615.3746337890625,800.1455078125,194.734130859375,826.1956787109375,723.462158203125,817.807861328125,791.977783203125,674.9788208007812
1082,1082,615.3680419921875,800.1350708007812,196.500244140625,823.8358154296875,724.3167114257812,817.253662109375,791.9894409179688,674.9683227539062
1083,1083,615.3411865234375,800.1216430664062,196.63351440429688,821.9509887695312,725.3287963867188,814.9690551757812,791.985595703125,674.966796875
1084,1084,615.3798217773438,800.1182250976562,192.90838623046875,820.0501708984375,726.10107421875,812.5169677734375,791.9976196289062,674.9751586914062
1085,1085,615.4102172851562,800.1163330078125,190.56651306152344,817.4136352539062,725.76220703125,811.2183227539062,792.0065307617188,674.9968872070312
1086,1086,615.4332885742188,800.1055908203125,190.57907104492188,815.35986328125,728.0288696289062,808.3106689453125,792.022216796875,674.9915771484375
1087,1087,615.4600830078125,800.1158447265625,191.5035400390625,813.8185424804688,730.3358154296875,804.7562255859375,792.0238647460938,674.9906616210938
1088,1088,615.4112548828125,800.1307983398438,192.18878173828125,812.5423583984375,732.1817016601562,800.7987060546875,792.02783203125,674.9989013671875
1089,1089,615.424072265625,800.1267700195312,191.5951690673828,811.7813110351562,733.4271850585938,798.3328247070312,792.0128173828125,674.9902954101562
1090,1090,615.4638671875,800.1680297851562,191.8570098876953,811.189453125,734.0282592773438,796.9364013671875,792.0191650390625,674.9896240234375
1091,1091,615.5127563476562,800.2454833984375,191.727783203125,810.7446899414062,734.580322265625,794.8541259765625,792.0167236328125,674.9952392578125
1092,1092,615.6068115234375,800.4906005859375,191.67938232421875,810.4102783203125,734.9887084960938,792.1422119140625,792.0311889648438,675.0083618164062
1093,1093,615.7863159179688,800.7418823242188,191.6067352294922,809.5038452148438,734.0083618164062,788.9254760742188,792.0328369140625,675.0110473632812
1094,1094,615.7608032226562,801.5078125,191.60641479492188,809.4154052734375,733.5902709960938,783.3997192382812,792.0413208007812,675.0343627929688
1095,1095,614.93310546875,802.8076782226562,191.64344787597656,808.6211547851562,733.3580932617188,779.518310546875,792.04833984375,675.0388793945312
1096,1096,615.3404541015625,803.1998291015625,191.54010009765625,808.451904296875,735.13330078125,776.4542236328125,792.055908203125,675.0364990234375
1097,1097,614.7113037109375,803.8613891601562,191.9943084716797,806.9942626953125,736.5656127929688,775.0956420898438,792.055419921875,675.0366821289062
1098,1098,614.0980834960938,804.2962646484375,193.81871032714844,804.47265625,737.202880859375,773.1525268554688,792.058837890625,675.04541015625
1099,1099,614.08984375,805.474609375,194.71865844726562,801.8595581054688,737.4302368164062,772.2919921875,792.0458984375,675.059326171875
1100,1100,614.7312622070312,809.743408203125,195.30137634277344,799.4322509765625,738.1449584960938,771.135986328125,792.0638427734375,675.0877685546875
1101,1101,614.0796508789062,811.1472778320312,196.3777618408203,796.152587890625,737.5775756835938,770.5878295898438,792.4788818359375,675.0258178710938
1102,1102,614.9644775390625,810.9136962890625,199.4586181640625,792.066650390625,736.3858642578125,769.9857177734375,794.395263671875,674.94921875
1103,1103,615.4990844726562,809.5897216796875,200.8631134033203,786.5276489257812,735.3841552734375,768.1439208984375,797.282958984375,674.9681396484375
1104,1104,615.514892578125,809.3922729492188,198.93605041503906,781.3634033203125,734.8323364257812,763.9701538085938,800.0552368164062,674.2893676757812
1105,1105,614.5818481445312,810.4762573242188,198.54376220703125,777.21142578125,735.430419921875,764.05908203125,800.8161010742188,672.5909423828125
1106,1106,614.4310302734375,810.8311767578125,198.12161254882812,774.4194946289062,735.6357421875,762.0098266601562,801.5005493164062,671.7153930664062
1107,1107,614.41015625,810.9354248046875,198.67921447753906,768.4041748046875,735.0867919921875,760.1307983398438,802.0167236328125,670.9144287109375
1108,1108,614.4948120117188,810.7017822265625,200.2811737060547,763.2915649414062,735.171875,758.1726684570312,803.35009765625,669.3632202148438
1109,1109,614.2437744140625,810.338623046875,205.224609375,754.877685546875,735.1025390625,755.8800659179688,803.8883666992188,668.9760131835938
1110,1110,614.121337890625,809.9904174804688,208.21746826171875,749.9729614257812,733.3456420898438,756.26806640625,805.087646484375,668.4712524414062
1111,1111,614.1219482421875,809.33154296875,210.130859375,747.2661743164062,733.1995849609375,755.4324951171875,806.3538818359375,668.3846435546875
1112,1112,614.0819702148438,809.2454223632812,211.6868896484375,744.199462890625,732.98291015625,752.6010131835938,806.939453125,668.5532836914062
1113,1113,613.97021484375,808.9998779296875,213.19485473632812,741.0650024414062,732.7637939453125,752.606201171875,807.7052001953125,668.457763671875
1114,1114,613.3717041015625,808.778564453125,212.77117919921875,738.9359130859375,733.5664672851562,751.9111328125,809.022705078125,666.9338989257812
1115,1115,613.983642578125,808.3668823242188,210.77935791015625,738.4755249023438,735.0042114257812,750.6911010742188,810.205810546875,663.9260864257812
1116,1116,616.883056640625,804.6810913085938,207.24371337890625,737.5896606445312,735.825927734375,749.662841796875,810.957763671875,661.2350463867188
1117,1117,618.8701171875,803.4660034179688,205.45321655273438,736.4600830078125,735.45556640625,749.2831420898438,812.1350708007812,658.3419799804688
1118,1118,619.3030395507812,803.60498046875,203.40264892578125,735.3182983398438,735.4273071289062,747.3447265625,813.6842651367188,656.8330078125
1119,1119,620.2446899414062,803.6927490234375,202.85873413085938,734.9567260742188,734.8807983398438,747.0337524414062,814.3386840820312,655.70947265625
1120,1120,620.5589599609375,803.1519775390625,200.06637573242188,735.1774291992188,734.262451171875,747.9017944335938,814.5099487304688,654.6625366210938
1121,1121,621.1775512695312,804.0515747070312,198.27073669433594,734.661376953125,733.0643920898438,748.6295166015625,814.7533569335938,653.7674560546875
1122,1122,621.9300537109375,804.7402954101562,197.6199951171875,733.5330810546875,731.416015625,747.9356689453125,814.7672119140625,653.30126953125
1123,1123,621.51416015625,805.5392456054688,196.8736114501953,732.634521484375,731.230712890625,747.2952880859375,815.0756225585938,653.0015258789062
1124,1124,622.3550415039062,806.082763671875,196.97360229492188,731.14453125,732.205322265625,747.0926513671875,815.8411865234375,652.79052734375
1125,1125,622.7020874023438,806.5371704101562,196.6996307373047,730.35302734375,732.4085083007812,746.3114624023438,816.2130737304688,652.3764038085938
1126,1126,623.8524169921875,807.4321899414062,196.36886596679688,728.7628784179688,733.7044067382812,745.8668823242188,816.48779296875,651.489990234375
1127,1127,624.190185546875,807.8114013671875,195.89784240722656,726.3444213867188,735.034912109375,745.1256713867188,816.525634765625,651.1006469726562
1128,1128,624.5577392578125,808.3372192382812,195.41397094726562,723.6969604492188,736.0984497070312,744.7859497070312,816.8007202148438,650.9249267578125
1129,1129,625.5333251953125,809.5059204101562,194.1559600830078,720.9356689453125,737.2481079101562,745.35107421875,817.0147705078125,650.2269287109375
1130,1130,626.8505859375,810.3565063476562,193.9849395751953,718.25341796875,738.49462890625,745.3182983398438,817.3001098632812,650.653076171875
1131,1131,628.2379150390625,811.9384765625,194.72607421875,717.3257446289062,740.35107421875,744.799072265625,818.9620361328125,651.0484619140625
1132,1132,630.072265625,813.2725830078125,194.72833251953125,716.9632568359375,742.0466918945312,743.8709106445312,821.6094970703125,651.2972412109375
1133,1133,631.6297607421875,814.5416870117188,194.84384155273438,715.6759033203125,742.7333374023438,743.8756713867188,823.4772338867188,650.5664672851562
1134,1134,632.4774169921875,815.2824096679688,194.3409423828125,714.808349609375,743.9447021484375,745.5408935546875,824.4827880859375,651.0057983398438
1135,1135,633.6917724609375,816.1036987304688,194.22186279296875,713.8509521484375,744.849365234375,745.7406005859375,824.3175048828125,650.0445556640625
1136,1136,634.5265502929688,817.5421142578125,194.05014038085938,712.7587280273438,747.1480712890625,746.4371948242188,824.5228271484375,649.7164916992188
1137,1137,636.442626953125,818.8869018554688,193.6079559326172,711.9215698242188,749.4844970703125,747.0015869140625,825.0480346679688,649.5345458984375
1138,1138,637.7507934570312,820.5322875976562,193.28805541992188,710.6273803710938,752.2281494140625,748.7823486328125,824.396240234375,649.4869384765625
1139,1139,638.728759765625,822.1604614257812,193.5543212890625,709.4739990234375,753.7507934570312,749.231689453125,823.9818115234375,648.9525756835938
1140,1140,640.75830078125,823.2154541015625,193.05068969726562,708.26123046875,755.6700439453125,750.0753173828125,823.9794921875,649.2680053710938
1141,1141,642.6026611328125,824.2012329101562,193.0166015625,706.77001953125,756.7197265625,750.8167724609375,823.8496704101562,648.2738647460938
1142,1142,645.5287475585938,825.4620361328125,192.97891235351562,706.0247802734375,759.1900634765625,753.0707397460938,823.8017578125,647.3206176757812
1143,1143,648.48046875,826.6439208984375,192.79452514648438,705.2823486328125,760.6283569335938,755.1478881835938,823.7281494140625,646.7470703125
1144,1144,650.4864501953125,828.4771118164062,192.71701049804688,705.032958984375,760.8225708007812,755.744384765625,823.7940063476562,646.613037109375
1145,1145,652.2379150390625,830.3350830078125,193.0273895263672,704.35546875,760.9900512695312,757.1452026367188,823.7166748046875,646.429931640625
1146,1146,652.8547973632812,833.1627197265625,192.7593231201172,703.7755737304688,760.6573486328125,759.5796508789062,823.4911499023438,645.3575439453125
1147,1147,655.4044799804688,834.478271484375,192.74942016601562,703.24755859375,760.3645629882812,762.1149291992188,823.3944702148438,645.0179443359375
1148,1148,656.2803344726562,836.5782470703125,192.9449462890625,702.515625,760.2113647460938,764.556884765625,823.471923828125,644.9566650390625
1149,1149,658.1856689453125,838.5932006835938,192.88534545898438,702.2540283203125,760.0841064453125,765.9375610351562,823.4200439453125,644.4705810546875
1150,1150,659.0220947265625,841.95654296875,193.681884765625,700.0140991210938,759.8209228515625,766.9132690429688,823.8406982421875,643.3098754882812
1151,1151,661.931640625,845.4623413085938,194.4464569091797,696.89599609375,760.4641723632812,768.044677734375,823.5775756835938,642.4369506835938
1152,1152,663.6609497070312,847.3504028320312,192.57681274414062,694.8431396484375,762.1519165039062,769.5068359375,823.2472534179688,641.4314575195312
1153,1153,665.34814453125,850.8154296875,191.41168212890625,692.6702880859375,763.6560668945312,770.5481567382812,823.0784912109375,641.0469360351562
1154,1154,667.2675170898438,853.933837890625,190.41574096679688,690.0765991210938,765.9681396484375,772.4744873046875,823.3612670898438,640.3443603515625
1155,1155,667.9191284179688,856.8132934570312,189.96395874023438,688.1145629882812,768.0948486328125,774.8250732421875,824.0458984375,641.0203247070312
1156,1156,668.6480712890625,859.435302734375,188.97515869140625,685.3375854492188,772.9002685546875,776.9261474609375,823.62744140625,641.4006958007812
1157,1157,671.0479125976562,861.5070190429688,188.970947265625,682.6950073242188,777.14306640625,778.1466064453125,823.92578125,642.6846313476562
1158,1158,671.905517578125,862.9637451171875,188.653076171875,680.1585083007812,778.8790283203125,776.757568359375,824.0548095703125,642.5051879882812
1159,1159,672.5408935546875,863.157470703125,189.8102264404297,678.4136962890625,780.455810546875,777.22998046875,824.184326171875,642.7887573242188
1160,1160,672.8674926757812,863.67529296875,190.7434539794922,678.0850830078125,781.350830078125,776.8450317382812,824.186279296875,642.7529296875
1161,1161,672.4176635742188,864.2848510742188,190.3632354736328,677.8685302734375,782.5532836914062,777.054931640625,824.239013671875,642.4013671875
1162,1162,671.6895751953125,865.5733642578125,190.49514770507812,677.5867309570312,784.0443115234375,777.0958862304688,824.1790771484375,641.7859497070312
1163,1163,671.8198852539062,867.8173828125,191.255126953125,677.1228637695312,786.4246215820312,777.15234375,824.5665893554688,640.1763305664062
1164,1164,672.0870361328125,871.3070678710938,191.50547790527344,677.0816040039062,788.915283203125,776.87841796875,824.5155029296875,639.5022583007812
1165,1165,671.647705078125,875.8221435546875,191.48898315429688,677.0557861328125,790.6162109375,777.9696655273438,825.1031494140625,638.3665771484375
1166,1166,669.8117065429688,879.851318359375,191.4653778076172,677.070556640625,791.1940307617188,777.9010009765625,825.36767578125,637.50390625
1167,1167,669.30810546875,881.5162963867188,191.46307373046875,677.0637817382812,791.2525634765625,778.730224609375,825.7808837890625,635.7106323242188
1168,1168,668.3236694335938,884.4776000976562,191.52516174316406,677.0567016601562,791.2071533203125,778.349853515625,825.5741577148438,634.4681396484375
1169,1169,668.3113403320312,885.2789916992188,191.58609008789062,677.0512084960938,791.504150390625,777.57080078125,826.0242919921875,634.0924072265625
1170,1170,667.7345581054688,885.022705078125,191.62351989746094,677.076171875,794.4556884765625,776.9300537109375,825.3580932617188,632.833251953125
1171,1171,665.0447387695312,884.76025390625,191.6859130859375,677.1400146484375,796.7908935546875,775.8648681640625,825.7799682617188,631.9254150390625
1172,1172,662.778564453125,884.056884765625,191.66091918945312,677.168212890625,798.824951171875,775.0093383789062,825.4063720703125,631.530517578125
1173,1173,662.1768798828125,884.46484375,191.66128540039062,677.171142578125,800.57275390625,775.7515869140625,825.4351196289062,631.1463012695312
1174,1174,662.2444458007812,888.479248046875,191.65762329101562,677.1669311523438,802.2984619140625,776.32177734375,825.4176025390625,630.75927734375
1175,1175,662.876220703125,891.2838745117188,191.65814208984375,677.1807250976562,804.1659545898438,775.8855590820312,825.515869140625,630.26220703125
1176,1176,661.94091796875,893.1869506835938,191.66998291015625,677.1748046875,806.135009765625,776.1751708984375,825.5962524414062,630.0814819335938
1177,1177,660.8867797851562,895.661865234375,191.67593383789062,677.1846923828125,808.0525512695312,775.9473266601562,826.1309204101562,629.7422485351562
1178,1178,660.3292846679688,896.9658203125,191.67822265625,677.1685791015625,809.483642578125,775.813720703125,826.3406982421875,629.5703125
1179,1179,659.5534057617188,896.7213134765625,191.6826171875,677.1717529296875,810.31005859375,775.9033813476562,826.3885498046875,629.0763549804688
1180,1180,657.5892944335938,898.0515747070312,191.68527221679688,677.1213989257812,810.503662109375,775.5587158203125,826.3599853515625,628.459716796875
1181,1181,654.4067993164062,898.0280151367188,191.68841552734375,677.1345825195312,811.78662109375,775.3621215820312,826.2348022460938,628.10888671875
1182,1182,654.0128173828125,898.7078247070312,191.69383239746094,677.1286010742188,812.6943969726562,776.1040649414062,826.3178100585938,628.0009765625
1183,1183,651.3572998046875,900.1685791015625,191.7274169921875,677.1029052734375,813.774658203125,776.3734741210938,826.3324584960938,627.8980102539062
1184,1184,649.312744140625,900.9752807617188,191.7635498046875,677.1200561523438,814.2919921875,777.158203125,826.3921508789062,627.7826538085938
1185,1185,648.5263061523438,902.8218994140625,191.8053436279297,677.1304321289062,815.8580322265625,778.0361938476562,826.4956665039062,627.7728271484375
1186,1186,646.5662231445312,904.8828125,191.82620239257812,677.1393432617188,817.2189331054688,779.302734375,826.5061645507812,627.7667846679688
1187,1187,645.6514892578125,905.380859375,192.1276092529297,677.2230224609375,817.2456665039062,781.2789306640625,826.5606689453125,627.606201171875
1188,1188,644.27099609375,907.201904296875,191.69888305664062,676.9899291992188,816.1588745117188,782.880859375,826.5986328125,627.2493286132812
1189,1189,642.4788818359375,909.2518920898438,192.12606811523438,676.4317016601562,815.0269165039062,784.0958862304688,826.6309814453125,626.39111328125
1190,1190,641.8693237304688,911.6594848632812,191.52957153320312,673.9774780273438,813.9212646484375,786.4192504882812,826.6630859375,626.1503295898438
1191,1191,640.5216064453125,912.3765869140625,190.8689422607422,671.7699584960938,813.7573852539062,789.28662109375,826.68408203125,626.0466918945312
1192,1192,638.77294921875,913.2500610351562,190.0780792236328,669.5667114257812,813.9901733398438,790.8461303710938,826.6954956054688,626.0158081054688
1193,1193,635.23828125,913.7779541015625,188.68560791015625,667.9236450195312,814.234130859375,791.6470947265625,826.7670288085938,626.5125122070312
1194,1194,630.1685791015625,917.5418701171875,186.7499542236328,666.5542602539062,815.748046875,794.3728637695312,826.8025512695312,626.0516967773438
1195,1195,626.1455688476562,918.8853759765625,184.9532928466797,665.579345703125,816.7842407226562,795.2728881835938,826.8587646484375,625.5513916015625
1196,1196,628.057373046875,918.2910766601562,183.69561767578125,663.3117065429688,816.9315795898438,795.3092651367188,826.361328125,624.2717895507812
1197,1197,629.1907958984375,917.9874877929688,182.744384765625,662.5256958007812,817.0030517578125,795.5653686523438,826.1160278320312,622.4431762695312
1198,1198,628.9656372070312,917.8731689453125,181.82061767578125,661.719482421875,817.163330078125,797.38427734375,825.7720947265625,621.8374633789062
1199,1199,628.1771240234375,917.2523193359375,181.25186157226562,661.5661010742188,817.2569580078125,799.9140014648438,824.6848754882812,619.9918212890625
1200,1200,626.47265625,918.5535278320312,180.6044921875,661.790283203125,816.1500244140625,802.4901123046875,824.0051879882812,619.055419921875
1201,1201,623.3285522460938,918.9115600585938,180.5529327392578,661.8719482421875,814.48095703125,802.8717651367188,823.8038330078125,618.525390625
1202,1202,621.7756958007812,919.8018188476562,180.1797332763672,659.8480224609375,813.5709228515625,803.560302734375,823.7969360351562,618.14990234375
1203,1203,620.0810546875,921.1973266601562,179.281494140625,658.3650512695312,813.2083129882812,804.7935791015625,823.2548217773438,618.0187377929688
1204,1204,618.5629272460938,920.5831909179688,179.2837677001953,656.809814453125,811.9986572265625,805.1097412109375,822.869873046875,618.4022827148438
1205,1205,617.082763671875,921.6605834960938,178.60635375976562,655.1810302734375,810.4475708007812,807.0458984375,822.8660278320312,617.3759155273438
1206,1206,615.8814086914062,923.4395751953125,178.82106018066406,652.94873046875,810.3062133789062,808.3927612304688,822.9130249023438,616.6200561523438
1207,1207,615.340576171875,923.537353515625,178.31417846679688,652.4134521484375,808.029541015625,811.5209350585938,822.9339599609375,615.7838134765625
1208,1208,613.4479370117188,924.2711791992188,178.02374267578125,650.6996459960938,807.1822509765625,813.4654541015625,822.3309936523438,615.1553955078125
1209,1209,609.5538940429688,924.4530639648438,178.20022583007812,649.4556884765625,805.4984130859375,814.8024291992188,822.1597290039062,614.6282348632812
1210,1210,603.3584594726562,926.1482543945312,177.04266357421875,649.5140991210938,805.7037963867188,816.3675537109375,822.1854248046875,614.2069091796875
1211,1211,597.7002563476562,927.2371215820312,175.729248046875,649.8104858398438,806.312255859375,817.4277954101562,822.1690673828125,613.3846435546875
1212,1212,596.32080078125,927.6632080078125,176.78892517089844,648.398193359375,806.6522216796875,817.783447265625,822.1525268554688,613.10107421875
1213,1213,595.5286865234375,929.4518432617188,177.5399169921875,647.6165161132812,806.8345336914062,818.3016967773438,822.3419189453125,612.7574462890625
1214,1214,593.2177734375,931.224609375,177.24148559570312,645.9550170898438,807.3178100585938,818.6602783203125,822.5805053710938,611.8278198242188
1215,1215,590.5706787109375,930.7689208984375,176.5423583984375,644.0250244140625,807.6010131835938,818.5756225585938,822.7667236328125,610.6137084960938
1216,1216,589.8072509765625,931.2279663085938,175.9755096435547,641.6318359375,808.2423706054688,818.051025390625,823.3773803710938,610.3609619140625
1217,1217,586.8976440429688,932.23291015625,174.76361083984375,639.6224975585938,808.480224609375,817.9006958007812,823.6298828125,610.2507934570312
1218,1218,585.0436401367188,932.548095703125,174.58731079101562,637.2125854492188,808.4417114257812,818.009521484375,823.9846801757812,610.2422485351562
1219,1219,583.4849853515625,932.2222900390625,173.88577270507812,634.7058715820312,807.897705078125,817.9662475585938,824.6224365234375,610.3238525390625
1220,1220,581.171630859375,932.77587890625,173.86058044433594,632.0972900390625,807.410888671875,818.5296020507812,824.8470458984375,610.3275146484375
1221,1221,580.6480102539062,932.824951171875,173.54434204101562,629.8148803710938,806.3970947265625,819.0636596679688,824.8651123046875,610.3949584960938
1222,1222,580.0809936523438,933.1533813476562,172.94171142578125,627.55712890625,806.2142333984375,819.1091918945312,824.877685546875,610.516845703125
1223,1223,577.8960571289062,934.5558471679688,172.46328735351562,626.356689453125,806.556396484375,818.4968872070312,825.0676879882812,610.451416015625
1224,1224,574.450439453125,936.2249755859375,171.58343505859375,625.2388916015625,805.9332275390625,817.8641357421875,825.2257080078125,610.2759399414062
1225,1225,569.1380004882812,939.27587890625,171.25662231445312,624.8280639648438,805.5948486328125,817.5513916015625,825.7448120117188,609.8900146484375
1226,1226,566.5941162109375,939.9984741210938,170.5493927001953,624.6806030273438,804.8333740234375,817.42431640625,825.7550048828125,609.607177734375
1227,1227,565.5320434570312,942.525390625,170.13267517089844,623.7218627929688,804.5328369140625,817.6953735351562,825.7861938476562,609.3359375
1228,1228,565.3833618164062,944.2105712890625,169.93023681640625,622.6212158203125,804.3935546875,818.0372924804688,825.7346801757812,609.1107177734375
1229,1229,564.3532104492188,945.2489624023438,169.1415557861328,622.4983520507812,803.7323608398438,818.7432861328125,825.4979858398438,608.7887573242188
1230,1230,562.6192626953125,945.6514282226562,168.88580322265625,621.1690673828125,802.7496337890625,819.4267578125,824.9890747070312,608.429443359375
1231,1231,561.5344848632812,947.0032958984375,168.17181396484375,620.1610107421875,801.2542724609375,820.2432861328125,824.47607421875,608.091796875
1232,1232,558.92333984375,946.840087890625,167.13711547851562,619.4341430664062,800.1881713867188,820.2254028320312,824.8724365234375,608.1103515625
1233,1233,556.6539306640625,946.2091674804688,166.86630249023438,618.4907836914062,799.884765625,820.365966796875,824.7107543945312,607.8263549804688
1234,1234,556.5269165039062,947.2396850585938,166.67800903320312,618.3624267578125,798.7898559570312,820.3505859375,824.1399536132812,607.4546508789062
1235,1235,555.2077026367188,947.7906494140625,166.59860229492188,618.32177734375,796.967529296875,820.6639404296875,824.1158447265625,606.49755859375
1236,1236,553.8646850585938,949.091064453125,166.62228393554688,617.681396484375,795.3355102539062,821.5042724609375,823.9514770507812,605.8374633789062
1237,1237,551.5750732421875,949.4775390625,166.59043884277344,617.4943237304688,794.2437744140625,822.2207641601562,823.8753662109375,605.6183471679688
1238,1238,549.4156494140625,949.9503784179688,166.45138549804688,617.08203125,793.389892578125,822.7278442382812,823.7836303710938,605.4962768554688
1239,1239,547.81396484375,950.957763671875,166.0336151123047,615.6320190429688,793.5980224609375,823.0109252929688,823.70751953125,605.3665771484375
1240,1240,546.1668090820312,953.0362548828125,165.7883758544922,614.4816284179688,793.6996459960938,823.0755615234375,823.1838989257812,604.8067626953125
1241,1241,544.5628662109375,955.272216796875,165.6751708984375,612.9985961914062,793.238037109375,823.3760375976562,823.3248901367188,604.6531372070312
1242,1242,544.2429809570312,957.7373657226562,165.24468994140625,612.4657592773438,792.7482299804688,823.82177734375,822.5671997070312,604.5542602539062
1243,1243,544.26416015625,958.28662109375,164.53041076660156,611.8238525390625,791.5051879882812,825.0422973632812,822.6315307617188,604.4927978515625
1244,1244,543.7201538085938,957.7322998046875,164.31382751464844,610.769287109375,788.8935546875,827.4942626953125,822.3858642578125,603.6466064453125
1245,1245,542.2529296875,956.42724609375,164.44381713867188,609.7681274414062,787.2984619140625,828.415771484375,822.4857788085938,603.2675170898438
1246,1246,541.8806762695312,956.5599365234375,163.99961853027344,608.95947265625,786.1707763671875,829.7041625976562,822.5224609375,603.3143310546875
1247,1247,541.0413208007812,957.4066162109375,163.53060913085938,608.724609375,785.6109619140625,830.0176391601562,822.4784545898438,602.8776245117188
1248,1248,540.7557983398438,957.3673706054688,163.90740966796875,608.6666259765625,784.4931030273438,830.3194580078125,822.389404296875,603.1275024414062
1249,1249,540.2183837890625,956.439697265625,163.92718505859375,608.5233764648438,783.3115234375,830.96533203125,822.3926391601562,603.1489868164062
1250,1250,539.3737182617188,956.4599609375,163.8640594482422,608.5489501953125,783.02587890625,831.5120239257812,822.4965209960938,603.3244018554688
1251,1251,539.0880737304688,956.5093383789062,163.89085388183594,608.5134887695312,780.3677368164062,832.07177734375,822.4195556640625,603.3533325195312
1252,1252,539.0599365234375,956.4884033203125,163.91452026367188,608.49365234375,778.6267700195312,832.744140625,822.363525390625,603.2094116210938
1253,1253,539.0840454101562,956.4882202148438,163.94126892089844,608.537841796875,777.7750854492188,832.5850219726562,822.388916015625,603.4947509765625
1254,1254,539.1314697265625,956.44677734375,163.8939208984375,608.5556640625,777.5293579101562,832.2618408203125,823.1494750976562,604.2655029296875
1255,1255,539.1663818359375,956.4329833984375,163.88748168945312,608.6033935546875,777.279296875,831.8712158203125,824.306396484375,606.510986328125
1256,1256,539.188720703125,956.4716186523438,163.90289306640625,608.6103515625,776.5108642578125,831.42431640625,824.5526733398438,606.8312377929688
1257,1257,539.2503051757812,956.4381103515625,163.9415740966797,608.6275024414062,776.2291870117188,831.3048706054688,825.032958984375,607.06396484375
1258,1258,539.305908203125,956.3718872070312,163.96556091308594,608.6210327148438,776.0016479492188,831.7352905273438,825.1725463867188,607.5309448242188
1259,1259,539.2843017578125,956.47021484375,163.969970703125,608.6004028320312,775.4710693359375,832.2732543945312,826.02099609375,607.57275390625
1260,1260,539.3251342773438,956.4622802734375,163.9876708984375,608.576416015625,774.9923095703125,833.3502197265625,827.1085205078125,607.8087158203125
1261,1261,539.3232421875,956.5175170898438,163.98184204101562,608.5945434570312,774.74853515625,833.7886962890625,827.4904174804688,607.6910400390625
1262,1262,539.35791015625,956.4598999023438,163.98422241210938,608.606689453125,774.39453125,834.2150268554688,826.5081787109375,606.0672607421875
1263,1263,539.385009765625,956.4720458984375,163.99786376953125,608.5927124023438,773.9111328125,834.9691162109375,825.86474609375,605.5494995117188
1264,1264,539.3677978515625,957.12158203125,163.98074340820312,608.5930786132812,773.0391845703125,835.811767578125,826.2590942382812,604.8757934570312
1265,1265,539.3480224609375,957.1663818359375,163.98435974121094,608.530029296875,771.78466796875,837.1727294921875,827.0396118164062,605.441650390625
1266,1266,539.4015502929688,957.0988159179688,163.60394287109375,607.9611206054688,770.6647338867188,837.2092895507812,829.0975341796875,605.6351318359375
1267,1267,539.4088745117188,957.1400756835938,160.43612670898438,606.3992309570312,768.529541015625,837.8757934570312,829.326904296875,604.6954956054688
1268,1268,539.428955078125,957.122314453125,160.52157592773438,600.135009765625,768.7279052734375,838.8065185546875,829.106201171875,604.084228515625
1269,1269,539.4366455078125,957.1192626953125,158.70156860351562,595.6455688476562,767.3406982421875,840.9099731445312,829.231201171875,603.8302612304688
1270,1270,539.4213256835938,957.17919921875,154.50991821289062,590.6083984375,766.1124267578125,841.91796875,829.0756225585938,603.6517944335938
1271,1271,539.4295043945312,957.1783447265625,153.8683319091797,586.7476196289062,765.2116088867188,842.2371215820312,828.4363403320312,603.5252685546875
1272,1272,539.41796875,957.203857421875,150.22557067871094,585.5687866210938,764.6305541992188,842.411376953125,828.0420532226562,603.497314453125
1273,1273,539.4522094726562,957.175537109375,148.11209106445312,585.5551147460938,764.4735107421875,842.4754028320312,827.7536010742188,603.183837890625
1274,1274,539.4730224609375,957.1758422851562,146.1676788330078,585.4368896484375,764.2440185546875,842.532958984375,827.455322265625,603.0571899414062
1275,1275,539.8233642578125,957.1830444335938,144.403564453125,583.9397583007812,763.2561645507812,842.8426513671875,826.8038940429688,602.993408203125
1276,1276,539.841064453125,957.1555786132812,142.37457275390625,583.3698120117188,761.5211181640625,843.3278198242188,826.894287109375,603.6732177734375
1277,1277,539.856201171875,957.190673828125,139.72116088867188,583.2631225585938,759.9647827148438,842.738525390625,826.9340209960938,603.7973022460938
1278,1278,539.8720703125,957.1748657226562,137.4228515625,583.8197021484375,760.4222412109375,842.6988525390625,826.8724975585938,603.4483642578125
1279,1279,539.8760986328125,957.2066650390625,135.67633056640625,584.71875,759.6339721679688,842.5486450195312,826.565673828125,602.506103515625
1280,1280,539.8764038085938,957.1923217773438,134.6919708251953,585.217529296875,758.68701171875,842.6193237304688,825.9891357421875,600.0059814453125
1281,1281,539.8890380859375,957.2021484375,133.953369140625,584.761474609375,756.8613891601562,843.3412475585938,825.600341796875,598.8843383789062
1282,1282,539.9113159179688,957.2166137695312,133.1859130859375,584.4070434570312,755.173583984375,844.1223754882812,824.9324951171875,598.1110229492188
1283,1283,539.9307861328125,957.2047119140625,132.97244262695312,583.803955078125,754.15576171875,844.6276245117188,825.4078979492188,598.1318359375
1284,1284,539.9222412109375,957.2218017578125,133.0963134765625,582.893798828125,753.0054321289062,845.021728515625,824.9087524414062,597.7501831054688
1285,1285,539.9573364257812,957.2071533203125,133.1103515625,582.4535522460938,751.666259765625,846.0639038085938,824.8370361328125,597.5184936523438
1286,1286,539.9481201171875,957.2168579101562,132.84271240234375,582.2026977539062,748.8587646484375,847.5062866210938,824.8649291992188,596.7277221679688
1287,1287,539.938232421875,957.2335205078125,132.61695861816406,580.7530517578125,746.8590087890625,848.6526489257812,824.9385986328125,596.4938354492188
1288,1288,539.9378662109375,957.2100830078125,132.7784881591797,579.8839721679688,745.5977783203125,849.0753784179688,824.9466552734375,596.1041870117188
1289,1289,539.9462280273438,957.2193603515625,132.8406982421875,578.8773193359375,744.8504638671875,850.60205078125,825.0607299804688,595.5407104492188
1290,1290,539.923095703125,957.2388916015625,132.7564697265625,577.8726196289062,744.4080200195312,850.9292602539062,824.8223876953125,594.3421020507812
1291,1291,539.9376220703125,957.2178344726562,132.5295867919922,576.5798950195312,742.109130859375,851.5267333984375,824.4580688476562,593.3238525390625
1292,1292,539.93701171875,957.2198486328125,132.42250061035156,575.631103515625,741.4392700195312,852.61767578125,824.4957275390625,592.753662109375
1293,1293,539.9387817382812,957.2325439453125,132.30258178710938,574.8378295898438,741.9005126953125,852.9237060546875,823.8916015625,591.8888549804688
1294,1294,539.943115234375,957.2202758789062,132.37684631347656,574.3548583984375,741.84521484375,853.3786010742188,823.4990234375,590.7153930664062
1295,1295,539.9512329101562,957.2044677734375,132.34771728515625,573.650390625,740.6740112304688,853.57763671875,822.3993530273438,589.2564697265625
1296,1296,539.9514770507812,957.2025146484375,132.318115234375,573.425537109375,739.2232055664062,854.036376953125,821.4571533203125,588.8028564453125
1297,1297,539.950927734375,957.1923217773438,132.3429412841797,573.0330810546875,736.2913208007812,854.1195068359375,821.505859375,588.6148681640625
1298,1298,539.971435546875,957.1992797851562,133.16592407226562,571.7540283203125,732.8560791015625,855.1466674804688,821.9756469726562,588.48681640625
1299,1299,539.9659423828125,957.1964111328125,133.6864776611328,570.0811157226562,730.6127319335938,854.834228515625,822.2928466796875,588.4702758789062
1300,1300,540.0242919921875,956.94970703125,134.48556518554688,569.4536743164062,727.9065551757812,855.0758666992188,822.9943237304688,588.7459106445312
1301,1301,541.6991577148438,956.174560546875,134.85391235351562,569.2556762695312,725.9434814453125,854.8662109375,822.97265625,588.6048583984375
1302,1302,543.939697265625,954.5567626953125,134.8919677734375,569.1915893554688,724.331787109375,855.0714111328125,822.7423706054688,588.3773803710938
1303,1303,544.6884765625,953.0663452148438,134.885498046875,569.0942993164062,723.2819213867188,855.8974609375,822.690185546875,587.7904052734375
1304,1304,544.5537109375,951.1610107421875,134.84678649902344,569.0888671875,723.1102905273438,857.0140991210938,822.8751831054688,587.6446533203125
1305,1305,546.1801147460938,949.5379028320312,134.861083984375,569.0628051757812,722.690185546875,858.433349609375,823.0560913085938,587.3101196289062
1306,1306,547.7604370117188,949.2664794921875,134.84542846679688,568.5638427734375,721.5763549804688,858.31005859375,823.1857299804688,587.1487426757812
1307,1307,548.5039672851562,947.9532470703125,134.8483123779297,568.5349731445312,719.9008178710938,858.1231079101562,823.3890380859375,587.0692138671875
1308,1308,552.54248046875,946.8074951171875,134.84982299804688,568.552978515625,717.968017578125,858.2689819335938,823.5360107421875,586.835205078125
1309,1309,554.02294921875,946.08203125,134.857421875,568.6163330078125,713.7955932617188,859.2318115234375,823.3773803710938,586.6731567382812
1310,1310,555.1419677734375,945.992919921875,134.84913635253906,568.6099243164062,709.1732177734375,860.971923828125,823.483642578125,586.6232299804688
1311,1311,557.5222778320312,944.33935546875,134.86508178710938,568.6105346679688,706.1926879882812,862.14404296875,823.625244140625,586.2142944335938
1312,1312,559.81689453125,943.3090209960938,134.87567138671875,568.617431640625,705.348876953125,863.82470703125,823.503173828125,586.7803344726562
1313,1313,562.3505859375,941.4208374023438,134.9088897705078,568.6524658203125,704.2868041992188,865.14453125,823.4304809570312,586.8197021484375
1314,1314,564.557373046875,940.6338500976562,134.9303436279297,568.6516723632812,703.3551635742188,866.4114990234375,823.0479736328125,586.545166015625
1315,1315,567.6958618164062,939.4222412109375,134.9115753173828,568.6179809570312,702.8832397460938,866.911376953125,822.266357421875,586.05322265625
1316,1316,569.802490234375,938.327392578125,134.91871643066406,568.5957641601562,701.8023681640625,867.3021850585938,821.980712890625,585.8432006835938
1317,1317,571.3892822265625,937.3549194335938,134.9447479248047,568.5767822265625,699.8710327148438,867.77685546875,822.0321655273438,585.5677490234375
1318,1318,573.6060791015625,935.702392578125,134.96707153320312,568.9345703125,698.8672485351562,868.5690307617188,822.2442016601562,585.4757690429688
1319,1319,577.0841064453125,932.3671264648438,134.953369140625,568.5260620117188,698.4097900390625,868.7406616210938,822.3570556640625,585.5654296875
1320,1320,578.8297119140625,930.5327758789062,134.97879028320312,568.8832397460938,698.4796752929688,868.5784301757812,822.2814331054688,585.7147216796875
1321,1321,581.3321533203125,928.384521484375,134.98544311523438,568.531005859375,698.4534301757812,868.4254760742188,822.2075805664062,585.7774658203125
1322,1322,582.1819458007812,927.23779296875,134.98509216308594,568.8834838867188,698.4358520507812,868.702880859375,822.2549438476562,585.6044311523438
1323,1323,585.7537841796875,926.6629638671875,134.9651641845703,568.9228515625,698.9794311523438,869.7302856445312,822.1917114257812,585.3025512695312
1324,1324,586.8417358398438,926.1714477539062,134.97731018066406,568.9326782226562,698.9273071289062,870.5886840820312,822.1385498046875,584.4104614257812
1325,1325,588.6920776367188,925.5497436523438,134.96888732910156,568.9720458984375,698.8890991210938,871.7589721679688,822.1076049804688,583.6465454101562
1326,1326,590.449951171875,922.6915283203125,134.93902587890625,568.9549560546875,698.9557495117188,872.9212646484375,822.2608032226562,582.5574340820312
1327,1327,591.1054077148438,921.6044311523438,134.95838928222656,568.5993041992188,698.7321166992188,874.1107177734375,822.3972778320312,582.1922607421875
1328,1328,592.8005981445312,920.393798828125,134.95217895507812,568.59326171875,698.377685546875,874.7086791992188,822.4168701171875,581.4979858398438
1329,1329,593.0726318359375,919.50146484375,134.95579528808594,568.5576171875,697.8316040039062,875.2618408203125,822.2220458984375,581.25390625
1330,1330,593.8900756835938,919.5848999023438,134.9525909423828,568.933837890625,696.7655029296875,877.3275146484375,822.5162353515625,581.1793212890625
1331,1331,595.465087890625,919.4378662109375,134.96310424804688,568.5562744140625,695.7037963867188,878.9498291015625,822.6577758789062,580.5831909179688
1332,1332,597.142333984375,918.8338012695312,134.95989990234375,568.5332641601562,695.991455078125,880.2461547851562,823.0624389648438,580.5535888671875
1333,1333,598.0093383789062,918.5792236328125,134.9708251953125,568.537109375,696.1070556640625,880.4725341796875,822.5653076171875,580.0211791992188
1334,1334,600.2662963867188,917.98828125,134.94996643066406,568.4961547851562,696.1087646484375,880.469482421875,822.4667358398438,579.8388671875
1335,1335,602.2100830078125,918.1101684570312,134.9639434814453,568.4866333007812,696.04931640625,880.4912109375,822.3670043945312,579.10888671875
1336,1336,603.7490234375,918.4769897460938,134.99195861816406,568.520751953125,695.9661254882812,880.588134765625,821.7678833007812,578.1599731445312
1337,1337,604.7453002929688,917.399658203125,134.9888916015625,568.5033569335938,695.9758911132812,880.7691650390625,821.4896240234375,577.876220703125
1338,1338,606.7772216796875,916.4085693359375,135.01336669921875,568.5234375,696.0159301757812,880.8201904296875,821.0831909179688,577.2166748046875
1339,1339,608.1764526367188,917.2076416015625,134.99649047851562,568.5219116210938,696.0001220703125,880.75390625,820.5557861328125,576.885498046875
1340,1340,611.208251953125,917.5534057617188,134.99484252929688,568.502197265625,696.0119018554688,880.7225952148438,819.7767333984375,576.09130859375
1341,1341,612.985595703125,919.1605834960938,134.99278259277344,568.517822265625,696.0048828125,880.7217407226562,818.3289184570312,574.596923828125
1342,1342,614.4261474609375,920.4702758789062,134.9911346435547,568.532470703125,696.0142822265625,880.6849365234375,816.7508544921875,573.0238647460938
1343,1343,616.6190185546875,921.5517578125,134.99948120117188,568.5374755859375,696.0314331054688,880.68115234375,815.7508544921875,572.4122924804688
1344,1344,618.376953125,923.0377197265625,134.98439025878906,568.5336303710938,696.0304565429688,880.6777954101562,815.7513427734375,572.2797241210938
1345,1345,619.6871948242188,923.2015380859375,134.97787475585938,568.5382080078125,696.021240234375,880.705322265625,815.822509765625,571.8643798828125
1346,1346,619.6236572265625,923.2554321289062,134.9649658203125,568.5211791992188,696.000244140625,880.718505859375,815.6240844726562,571.424072265625
1347,1347,618.0389404296875,923.0559692382812,134.94886779785156,568.538330078125,696.0008544921875,880.7379150390625,815.5286865234375,571.33935546875
1348,1348,616.717529296875,923.1552734375,134.94400024414062,568.5612182617188,696.0263061523438,880.7186279296875,815.488037109375,571.3145141601562
1349,1349,618.1450805664062,925.3342895507812,134.93447875976562,568.563232421875,696.0399780273438,880.7417602539062,815.5982055664062,571.2283325195312
1350,1350,619.6665649414062,926.606689453125,134.9577178955078,568.5652465820312,696.0530395507812,880.7552490234375,816.1465454101562,571.1709594726562
1351,1351,620.4601440429688,927.494140625,134.9503936767578,568.5611572265625,696.066650390625,880.76416015625,816.2327270507812,571.050048828125
1352,1352,620.47265625,927.6146240234375,134.95028686523438,568.545654296875,696.0919799804688,880.7683715820312,816.1941528320312,571.0120849609375
1353,1353,620.3133544921875,928.2069702148438,134.95477294921875,568.5449829101562,696.095703125,880.7727661132812,816.1981811523438,571.1002807617188
1354,1354,620.3077392578125,928.24560546875,134.948974609375,568.5689086914062,696.5242919921875,880.7899169921875,816.44970703125,571.1868286132812
1355,1355,620.7111206054688,928.0758056640625,134.9619903564453,568.5759887695312,696.5448608398438,880.7854614257812,816.5980834960938,571.211181640625
1356,1356,621.731201171875,927.4364624023438,134.96078491210938,568.5611572265625,696.1447143554688,880.7473754882812,816.6353149414062,571.1895141601562
1357,1357,622.8370361328125,925.985107421875,134.94244384765625,568.5670776367188,696.5735473632812,880.81005859375,816.679931640625,571.1591186523438
1358,1358,624.0911865234375,925.354248046875,134.9342041015625,568.5529174804688,696.5841674804688,880.8278198242188,816.876708984375,571.1224365234375
1359,1359,625.4489135742188,925.7230834960938,134.92466735839844,568.54541015625,696.5968017578125,880.8607177734375,816.7706298828125,571.1870727539062
1360,1360,627.4722900390625,926.0371704101562,134.93881225585938,568.5584716796875,696.2078857421875,880.824951171875,816.65087890625,571.1761474609375
1361,1361,629.1296997070312,926.1118774414062,134.91880798339844,568.5358276367188,696.6262817382812,880.8578491210938,816.6679077148438,571.1167602539062
1362,1362,630.8070678710938,926.1275634765625,134.93460083007812,568.561767578125,696.6287231445312,880.8572998046875,816.7586669921875,571.0130615234375
1363,1363,630.9335327148438,926.09716796875,134.92266845703125,568.55908203125,696.6265869140625,880.8731079101562,816.1607666015625,570.0015869140625
1364,1364,630.2755126953125,925.8241577148438,134.9124755859375,568.5524291992188,696.6416625976562,880.87744140625,815.8785400390625,569.6546020507812
1365,1365,630.1237182617188,924.5488891601562,134.92665100097656,568.5595703125,696.6460571289062,880.8829345703125,815.5325317382812,569.5753784179688
1366,1366,630.7097778320312,923.1495361328125,134.92649841308594,568.563720703125,696.660400390625,880.8859252929688,815.5545654296875,569.042236328125
1367,1367,632.486328125,919.684326171875,134.9060821533203,568.5411987304688,696.2434692382812,880.8215942382812,815.1021118164062,568.7749633789062
1368,1368,635.8175659179688,918.220703125,134.86663818359375,568.4301147460938,696.6644897460938,880.85107421875,815.0482788085938,568.811767578125
1369,1369,639.1494140625,916.3990478515625,134.77490234375,568.2319946289062,696.6881713867188,880.8746337890625,815.323486328125,568.437255859375
1370,1370,642.3984375,914.4508666992188,134.41452026367188,566.8978881835938,696.7041625976562,880.8658447265625,815.1168212890625,568.3231201171875
1371,1371,644.3167724609375,914.6511840820312,132.96340942382812,563.7799682617188,696.711181640625,880.88818359375,814.4432983398438,567.9467163085938
1372,1372,646.5216674804688,915.2412719726562,132.5230255126953,559.5242919921875,696.7030029296875,880.903076171875,814.5203857421875,565.5579223632812
1373,1373,649.228271484375,915.843994140625,132.5133819580078,557.1256103515625,696.7053833007812,880.9281005859375,812.7357177734375,560.0601806640625
1374,1374,652.2499389648438,916.3551025390625,132.26719665527344,555.1825561523438,696.7161865234375,880.9120483398438,813.527099609375,561.2657470703125
1375,1375,654.764892578125,916.1148071289062,131.5855255126953,554.796142578125,696.73291015625,880.9005126953125,814.7455444335938,562.2073974609375
1376,1376,656.2819213867188,916.0873413085938,133.00326538085938,553.8031005859375,696.72802734375,880.9232788085938,815.494873046875,562.3805541992188
1377,1377,657.1800537109375,914.4804077148438,133.62521362304688,553.1642456054688,696.7257080078125,880.9320068359375,815.4628295898438,561.7007446289062
1378,1378,659.096923828125,915.1607666015625,133.90969848632812,553.1585693359375,696.7316284179688,880.9448852539062,815.480712890625,561.4004516601562
1379,1379,660.671875,915.2401733398438,134.33627319335938,553.0757446289062,696.7323608398438,880.953369140625,815.6583862304688,561.0886840820312
1380,1380,662.70361328125,915.2882080078125,134.78981018066406,552.8450927734375,696.7738037109375,881.2269287109375,815.3135375976562,559.6143798828125
1381,1381,664.229736328125,915.5145263671875,134.78958129882812,552.6831665039062,696.8317260742188,881.2455444335938,815.0390625,558.7523193359375
1382,1382,665.9779052734375,915.880615234375,134.55453491210938,552.3338012695312,696.8638305664062,881.2504272460938,816.3599853515625,558.7510986328125
1383,1383,667.8117065429688,916.3873901367188,134.8656768798828,551.9430541992188,696.8695678710938,881.26708984375,817.1295166015625,558.3802490234375
1384,1384,668.4965209960938,917.212890625,135.7168426513672,551.8568115234375,696.8563842773438,881.2781982421875,817.38134765625,558.6629028320312
1385,1385,668.9622192382812,917.516357421875,135.82203674316406,550.52978515625,696.853271484375,881.2981567382812,818.0444946289062,559.0087890625
1386,1386,669.4874267578125,917.1326293945312,136.37057495117188,549.3673706054688,696.8516845703125,881.2739868164062,819.3687744140625,560.6264038085938
1387,1387,669.5128173828125,917.9862670898438,136.54994201660156,549.0186767578125,696.8385620117188,881.2661743164062,819.4122924804688,560.6137084960938
1388,1388,668.996337890625,917.6471557617188,136.830322265625,548.3453369140625,696.83837890625,881.2701416015625,819.408203125,560.5562133789062
1389,1389,669.33935546875,918.3582153320312,137.8794403076172,547.80908203125,696.8615112304688,881.293212890625,819.6265258789062,560.5112915039062
1390,1390,669.03662109375,919.1533203125,138.8499755859375,547.1141967773438,696.84033203125,881.2816772460938,818.4834594726562,559.8612670898438
1391,1391,669.5831298828125,920.2269287109375,139.78994750976562,545.999267578125,696.82763671875,881.2592163085938,819.203125,559.6991577148438
1392,1392,669.9281005859375,921.5126953125,140.33294677734375,544.7841186523438,696.7955322265625,880.9020385742188,818.8203735351562,559.5386962890625
1393,1393,671.4179077148438,921.7584838867188,140.32533264160156,543.1031494140625,696.8284912109375,881.2973022460938,818.8359375,559.275390625
1394,1394,671.987548828125,921.9140625,140.86566162109375,542.2332153320312,696.7989501953125,880.8848266601562,819.1852416992188,558.8681640625
1395,1395,672.7523193359375,921.699951171875,140.91110229492188,540.9473876953125,696.7855224609375,880.8850708007812,819.7978515625,559.003662109375
1396,1396,673.3380126953125,921.5267944335938,140.572509765625,540.1541137695312,696.78125,880.8662109375,820.25634765625,559.14013671875
1397,1397,673.3729248046875,920.6207885742188,140.5252685546875,538.9949340820312,696.7685546875,880.892333984375,820.3336791992188,559.4393310546875
1398,1398,673.6546630859375,919.6181640625,141.17453002929688,538.655029296875,696.7654418945312,880.885009765625,820.2766723632812,558.985107421875
1399,1399,674.7379150390625,917.8555908203125,141.8035430908203,537.5941162109375,696.7896728515625,880.8680419921875,820.1238403320312,558.7163696289062
1400,1400,676.3497314453125,916.8636474609375,141.9558563232422,536.2276611328125,696.7886962890625,880.86328125,819.4451293945312,558.2755126953125
1401,1401,677.3675537109375,916.3857421875,141.69326782226562,534.843994140625,696.7688598632812,880.8603515625,818.96044921875,557.8155517578125
1402,1402,677.7321166992188,916.7449340820312,140.59161376953125,533.2984008789062,696.7513427734375,880.8753662109375,818.2105102539062,557.1898803710938
1403,1403,679.0572509765625,916.8329467773438,141.06336975097656,531.1235961914062,696.7489624023438,880.8947143554688,817.9033813476562,556.8895874023438
1404,1404,679.5924682617188,917.71044921875,140.842529296875,530.3466186523438,696.75732421875,880.8759765625,816.6541137695312,555.84619140625
1405,1405,680.0614013671875,919.4378662109375,140.71829223632812,529.45458984375,696.7314453125,880.8635864257812,815.8648681640625,555.2821655273438
1406,1406,680.6004028320312,920.9779663085938,140.0091552734375,528.954833984375,696.730224609375,880.8706665039062,814.7443237304688,553.4028930664062
1407,1407,681.1072998046875,921.849853515625,139.19656372070312,528.7017822265625,696.7254638671875,880.8649291992188,812.957275390625,551.4444580078125
1408,1408,681.2093505859375,923.283935546875,139.0089874267578,527.6351928710938,696.74462890625,880.8758544921875,811.484375,549.419677734375
1409,1409,681.2371826171875,924.2023315429688,139.94442749023438,525.4432983398438,696.7527465820312,880.8804321289062,811.2481689453125,547.0219116210938
1410,1410,681.4122924804688,924.7296142578125,141.35739135742188,523.7538452148438,696.7578735351562,880.8773803710938,810.3742065429688,544.4382934570312
1411,1411,681.6175537109375,925.7188720703125,142.22833251953125,523.4368896484375,696.7364501953125,880.9034423828125,809.4562377929688,541.355224609375
1412,1412,681.68212890625,927.0066528320312,142.732666015625,522.4711303710938,696.7392578125,880.892578125,806.9573974609375,539.091064453125
1413,1413,682.49560546875,927.0134887695312,143.56744384765625,520.9625854492188,696.736083984375,880.8948974609375,802.03125,537.8515625
1414,1414,682.6669921875,927.1004638671875,144.1312713623047,520.2083129882812,696.7282104492188,880.8780517578125,797.850341796875,537.1314697265625
1415,1415,682.8143310546875,927.2823486328125,144.74127197265625,519.193603515625,696.7385864257812,880.8750610351562,796.6806640625,535.2423095703125
1416,1416,683.5458374023438,927.52392578125,144.93243408203125,519.0432739257812,696.7484741210938,880.8906860351562,795.9588012695312,533.1434326171875
1417,1417,683.8857421875,927.4329223632812,145.12637329101562,518.8208618164062,696.7449951171875,880.8943481445312,794.559326171875,532.299072265625
1418,1418,684.6953735351562,927.4728393554688,145.25840759277344,518.762451171875,696.7265625,880.884765625,793.58251953125,531.7381591796875
1419,1419,685.5946044921875,927.285888671875,145.94430541992188,518.3438720703125,696.7294921875,880.8778076171875,792.96142578125,530.3832397460938
1420,1420,687.1465454101562,926.5640258789062,146.4375,517.4600219726562,696.717041015625,880.8618774414062,792.7471313476562,529.6256713867188
1421,1421,688.1829833984375,926.328857421875,147.4150848388672,517.1392211914062,696.6700439453125,880.8217163085938,792.6282958984375,529.2186279296875
1422,1422,688.4083251953125,926.716796875,147.91961669921875,516.9326171875,696.7000732421875,880.8432006835938,792.5504760742188,528.4429321289062
1423,1423,688.6860961914062,926.692138671875,148.40060424804688,516.7451171875,696.75830078125,880.8587036132812,792.0039672851562,528.3704223632812
1424,1424,689.3599243164062,925.8814697265625,148.54513549804688,516.244384765625,696.8411865234375,880.853759765625,791.9419555664062,528.3152465820312
1425,1425,689.446044921875,925.4661254882812,148.7038116455078,515.7423706054688,696.843505859375,880.8776245117188,791.7186279296875,528.2396240234375
1426,1426,690.515380859375,925.4600830078125,148.78884887695312,514.7401123046875,696.82177734375,880.8478393554688,791.5284423828125,528.2338256835938
1427,1427,690.4634399414062,925.6010131835938,149.05772399902344,514.1466674804688,696.845458984375,880.8584594726562,791.4583740234375,528.2748413085938
1428,1428,689.4826049804688,926.7407836914062,149.551025390625,513.19775390625,696.8297119140625,880.9048461914062,791.3993530273438,528.27197265625
1429,1429,690.3824462890625,926.9171142578125,150.3213348388672,512.5480346679688,696.7294311523438,880.8319702148438,791.3922729492188,528.25537109375
1430,1430,690.6083984375,927.1900024414062,151.52578735351562,511.2079162597656,696.7323608398438,880.7874145507812,791.3964233398438,528.2011108398438
1431,1431,690.476318359375,927.1569213867188,153.18643188476562,509.92803955078125,696.763671875,880.760498046875,791.38037109375,528.3016967773438
1432,1432,690.453857421875,927.3099975585938,155.24127197265625,508.94775390625,696.7618408203125,880.76123046875,791.4287109375,528.3501586914062
1433,1433,690.6129760742188,927.2095336914062,156.7442169189453,507.5890197753906,696.7700805664062,880.7562255859375,791.4895629882812,528.3428344726562
1434,1434,690.5848388671875,927.5621337890625,158.60357666015625,506.9362487792969,696.7778930664062,880.7711791992188,791.5501708984375,528.3694458007812
1435,1435,690.7506103515625,927.0509643554688,159.61349487304688,506.156494140625,696.7830810546875,880.7864379882812,791.5167846679688,528.3903198242188
1436,1436,690.5554809570312,926.8489379882812,160.48446655273438,506.0821533203125,696.807861328125,880.7606201171875,791.5418090820312,528.3925170898438
1437,1437,690.857421875,926.0067138671875,160.53472900390625,506.237548828125,696.869384765625,880.7113037109375,791.5404052734375,528.3792724609375
1438,1438,691.0352783203125,924.9732055664062,160.82528686523438,506.38629150390625,696.9718627929688,880.6365966796875,791.51904296875,528.3802490234375
1439,1439,691.4174194335938,924.1008911132812,161.75796508789062,506.5941162109375,697.4208984375,880.5504760742188,791.5303344726562,528.3969116210938
1440,1440,692.7796630859375,922.3313598632812,162.75018310546875,506.7610168457031,697.4241943359375,880.5040283203125,791.525634765625,528.4243774414062
1441,1441,692.6699829101562,921.602294921875,162.881103515625,506.63043212890625,697.4925537109375,880.5034790039062,791.5175170898438,528.4063110351562
1442,1442,691.7659912109375,920.9988403320312,163.51644897460938,506.66876220703125,697.499267578125,880.488525390625,791.5211181640625,528.3958129882812
1443,1443,690.9442749023438,919.9903564453125,163.61273193359375,506.74981689453125,697.501708984375,880.4542846679688,791.4715576171875,528.3756103515625
1444,1444,690.478271484375,917.8880004882812,163.54489135742188,506.6034240722656,697.5619506835938,880.5010375976562,791.4557495117188,528.4027709960938
1445,1445,688.830322265625,914.8178100585938,163.62808227539062,506.47015380859375,697.619140625,880.5335693359375,791.4413452148438,528.37548828125
1446,1446,688.1640014648438,911.16796875,163.74249267578125,506.40374755859375,697.6234741210938,880.7213745117188,791.441162109375,528.385498046875
1447,1447,688.3128662109375,910.6534423828125,163.83294677734375,506.2872009277344,697.77978515625,880.7960205078125,791.404296875,528.366943359375
1448,1448,688.3629150390625,910.83056640625,163.81639099121094,506.2701416015625,697.7006225585938,880.6939697265625,791.3937377929688,528.4204711914062
1449,1449,688.438232421875,911.2781372070312,163.78445434570312,506.28875732421875,697.6664428710938,880.6558227539062,791.3768310546875,528.4122314453125
