Mean Entropy,Frame Type,pred_path,dataset,id
0.0724089677923815,ID Switch,/root/vast/mustafa/dreem-experiments/paper-plots/uncertainty-microscopy/no-post-processing-no-weight-iou-entropies/11-2.frame_meta_entropy_histogram.csv,Lysosomes - Airyscan Confocal,11-2.
0.0695698780650652,ID Switch,/root/vast/mustafa/dreem-experiments/paper-plots/uncertainty-microscopy/no-post-processing-no-weight-iou-entropies/11-2.frame_meta_entropy_histogram.csv,Lysosomes - Airyscan Confocal,11-2.
0.1350041073280561,ID Switch,/root/vast/mustafa/dreem-experiments/paper-plots/uncertainty-microscopy/no-post-processing-no-weight-iou-entropies/11-2.frame_meta_entropy_histogram.csv,Lysosomes - Airyscan Confocal,11-2.
0.0979562230776767,ID Switch,/root/vast/mustafa/dreem-experiments/paper-plots/uncertainty-microscopy/no-post-processing-no-weight-iou-entropies/11-2.frame_meta_entropy_histogram.csv,Lysosomes - Airyscan Confocal,11-2.
0.0198484475944973,ID Switch,/root/vast/mustafa/dreem-experiments/paper-plots/uncertainty-microscopy/no-post-processing-no-weight-iou-entropies/11-2.frame_meta_entropy_histogram.csv,Lysosomes - Airyscan Confocal,11-2.
0.0549838990897782,ID Switch,/root/vast/mustafa/dreem-experiments/paper-plots/uncertainty-microscopy/no-post-processing-no-weight-iou-entropies/11-2.frame_meta_entropy_histogram.csv,Lysosomes - Airyscan Confocal,11-2.
0.0971028417762302,ID Switch,/root/vast/mustafa/dreem-experiments/paper-plots/uncertainty-microscopy/no-post-processing-no-weight-iou-entropies/11-2.frame_meta_entropy_histogram.csv,Lysosomes - Airyscan Confocal,11-2.
0.0408676304007483,ID Switch,/root/vast/mustafa/dreem-experiments/paper-plots/uncertainty-microscopy/no-post-processing-no-weight-iou-entropies/11-2.frame_meta_entropy_histogram.csv,Lysosomes - Airyscan Confocal,11-2.
0.0808890661945117,ID Switch,/root/vast/mustafa/dreem-experiments/paper-plots/uncertainty-microscopy/no-post-processing-no-weight-iou-entropies/11-2.frame_meta_entropy_histogram.csv,Lysosomes - Airyscan Confocal,11-2.
0.0599820852688827,ID Switch,/root/vast/mustafa/dreem-experiments/paper-plots/uncertainty-microscopy/no-post-processing-no-weight-iou-entropies/11-2.frame_meta_entropy_histogram.csv,Lysosomes - Airyscan Confocal,11-2.
0.0340427246555293,ID Switch,/root/vast/mustafa/dreem-experiments/paper-plots/uncertainty-microscopy/no-post-processing-no-weight-iou-entropies/11-2.frame_meta_entropy_histogram.csv,Lysosomes - Airyscan Confocal,11-2.
0.0104152157727003,ID Switch,/root/vast/mustafa/dreem-experiments/paper-plots/uncertainty-microscopy/no-post-processing-no-weight-iou-entropies/11-2.frame_meta_entropy_histogram.csv,Lysosomes - Airyscan Confocal,11-2.
0.0814628159984021,ID Switch,/root/vast/mustafa/dreem-experiments/paper-plots/uncertainty-microscopy/no-post-processing-no-weight-iou-entropies/11-2.frame_meta_entropy_histogram.csv,Lysosomes - Airyscan Confocal,11-2.
0.0738529829897998,ID Switch,/root/vast/mustafa/dreem-experiments/paper-plots/uncertainty-microscopy/no-post-processing-no-weight-iou-entropies/11-2.frame_meta_entropy_histogram.csv,Lysosomes - Airyscan Confocal,11-2.
0.0844593788837725,ID Switch,/root/vast/mustafa/dreem-experiments/paper-plots/uncertainty-microscopy/no-post-processing-no-weight-iou-entropies/11-2.frame_meta_entropy_histogram.csv,Lysosomes - Airyscan Confocal,11-2.
0.0536207831818077,ID Switch,/root/vast/mustafa/dreem-experiments/paper-plots/uncertainty-microscopy/no-post-processing-no-weight-iou-entropies/11-2.frame_meta_entropy_histogram.csv,Lysosomes - Airyscan Confocal,11-2.
0.0499517539749362,ID Switch,/root/vast/mustafa/dreem-experiments/paper-plots/uncertainty-microscopy/no-post-processing-no-weight-iou-entropies/11-2.frame_meta_entropy_histogram.csv,Lysosomes - Airyscan Confocal,11-2.
0.0427590018620527,ID Switch,/root/vast/mustafa/dreem-experiments/paper-plots/uncertainty-microscopy/no-post-processing-no-weight-iou-entropies/11-2.frame_meta_entropy_histogram.csv,Lysosomes - Airyscan Confocal,11-2.
0.0422852600154879,ID Switch,/root/vast/mustafa/dreem-experiments/paper-plots/uncertainty-microscopy/no-post-processing-no-weight-iou-entropies/11-2.frame_meta_entropy_histogram.csv,Lysosomes - Airyscan Confocal,11-2.
0.0349996763288444,ID Switch,/root/vast/mustafa/dreem-experiments/paper-plots/uncertainty-microscopy/no-post-processing-no-weight-iou-entropies/11-2.frame_meta_entropy_histogram.csv,Lysosomes - Airyscan Confocal,11-2.
0.0340843059210813,ID Switch,/root/vast/mustafa/dreem-experiments/paper-plots/uncertainty-microscopy/no-post-processing-no-weight-iou-entropies/11-2.frame_meta_entropy_histogram.csv,Lysosomes - Airyscan Confocal,11-2.
0.0572563277541543,ID Switch,/root/vast/mustafa/dreem-experiments/paper-plots/uncertainty-microscopy/no-post-processing-no-weight-iou-entropies/11-2.frame_meta_entropy_histogram.csv,Lysosomes - Airyscan Confocal,11-2.
0.044521536101018,ID Switch,/root/vast/mustafa/dreem-experiments/paper-plots/uncertainty-microscopy/no-post-processing-no-weight-iou-entropies/11-2.frame_meta_entropy_histogram.csv,Lysosomes - Airyscan Confocal,11-2.
0.0640994270752375,ID Switch,/root/vast/mustafa/dreem-experiments/paper-plots/uncertainty-microscopy/no-post-processing-no-weight-iou-entropies/11-2.frame_meta_entropy_histogram.csv,Lysosomes - Airyscan Confocal,11-2.
0.0611692715150887,ID Switch,/root/vast/mustafa/dreem-experiments/paper-plots/uncertainty-microscopy/no-post-processing-no-weight-iou-entropies/11-2.frame_meta_entropy_histogram.csv,Lysosomes - Airyscan Confocal,11-2.
0.0616298076816943,ID Switch,/root/vast/mustafa/dreem-experiments/paper-plots/uncertainty-microscopy/no-post-processing-no-weight-iou-entropies/11-2.frame_meta_entropy_histogram.csv,Lysosomes - Airyscan Confocal,11-2.
0.0540503299507029,ID Switch,/root/vast/mustafa/dreem-experiments/paper-plots/uncertainty-microscopy/no-post-processing-no-weight-iou-entropies/11-2.frame_meta_entropy_histogram.csv,Lysosomes - Airyscan Confocal,11-2.
0.0476267191195375,ID Switch,/root/vast/mustafa/dreem-experiments/paper-plots/uncertainty-microscopy/no-post-processing-no-weight-iou-entropies/11-2.frame_meta_entropy_histogram.csv,Lysosomes - Airyscan Confocal,11-2.
0.049156995272286,ID Switch,/root/vast/mustafa/dreem-experiments/paper-plots/uncertainty-microscopy/no-post-processing-no-weight-iou-entropies/11-2.frame_meta_entropy_histogram.csv,Lysosomes - Airyscan Confocal,11-2.
0.013776513068458,ID Switch,/root/vast/mustafa/dreem-experiments/paper-plots/uncertainty-microscopy/no-post-processing-no-weight-iou-entropies/11-2.frame_meta_entropy_histogram.csv,Lysosomes - Airyscan Confocal,11-2.
0.0475482068024969,ID Switch,/root/vast/mustafa/dreem-experiments/paper-plots/uncertainty-microscopy/no-post-processing-no-weight-iou-entropies/11-2.frame_meta_entropy_histogram.csv,Lysosomes - Airyscan Confocal,11-2.
0.1490793876280499,ID Switch,/root/vast/mustafa/dreem-experiments/paper-plots/uncertainty-microscopy/no-post-processing-no-weight-iou-entropies/11-2.frame_meta_entropy_histogram.csv,Lysosomes - Airyscan Confocal,11-2.
0.132522501517997,ID Switch,/root/vast/mustafa/dreem-experiments/paper-plots/uncertainty-microscopy/no-post-processing-no-weight-iou-entropies/11-2.frame_meta_entropy_histogram.csv,Lysosomes - Airyscan Confocal,11-2.
0.1340493905414333,ID Switch,/root/vast/mustafa/dreem-experiments/paper-plots/uncertainty-microscopy/no-post-processing-no-weight-iou-entropies/11-2.frame_meta_entropy_histogram.csv,Lysosomes - Airyscan Confocal,11-2.
0.050802387422618,ID Switch,/root/vast/mustafa/dreem-experiments/paper-plots/uncertainty-microscopy/no-post-processing-no-weight-iou-entropies/11-2.frame_meta_entropy_histogram.csv,Lysosomes - Airyscan Confocal,11-2.
0.0121385421854699,ID Switch,/root/vast/mustafa/dreem-experiments/paper-plots/uncertainty-microscopy/no-post-processing-no-weight-iou-entropies/11-2.frame_meta_entropy_histogram.csv,Lysosomes - Airyscan Confocal,11-2.
0.1029734844142472,ID Switch,/root/vast/mustafa/dreem-experiments/paper-plots/uncertainty-microscopy/no-post-processing-no-weight-iou-entropies/11-2.frame_meta_entropy_histogram.csv,Lysosomes - Airyscan Confocal,11-2.
0.053279729677211,ID Switch,/root/vast/mustafa/dreem-experiments/paper-plots/uncertainty-microscopy/no-post-processing-no-weight-iou-entropies/11-2.frame_meta_entropy_histogram.csv,Lysosomes - Airyscan Confocal,11-2.
0.0729009109479825,ID Switch,/root/vast/mustafa/dreem-experiments/paper-plots/uncertainty-microscopy/no-post-processing-no-weight-iou-entropies/11-2.frame_meta_entropy_histogram.csv,Lysosomes - Airyscan Confocal,11-2.
0.0424786975785374,ID Switch,/root/vast/mustafa/dreem-experiments/paper-plots/uncertainty-microscopy/no-post-processing-no-weight-iou-entropies/11-2.frame_meta_entropy_histogram.csv,Lysosomes - Airyscan Confocal,11-2.
0.0791217064562523,ID Switch,/root/vast/mustafa/dreem-experiments/paper-plots/uncertainty-microscopy/no-post-processing-no-weight-iou-entropies/11-2.frame_meta_entropy_histogram.csv,Lysosomes - Airyscan Confocal,11-2.
0.590245381413278,Correctly Tracked,/root/vast/mustafa/dreem-experiments/paper-plots/uncertainty-microscopy/no-post-processing-no-weight-iou-entropies/11-2.frame_meta_entropy_histogram.csv,Lysosomes - Airyscan Confocal,11-2.
0.1358187609043986,Correctly Tracked,/root/vast/mustafa/dreem-experiments/paper-plots/uncertainty-microscopy/no-post-processing-no-weight-iou-entropies/11-2.frame_meta_entropy_histogram.csv,Lysosomes - Airyscan Confocal,11-2.
0.0330952925168794,Correctly Tracked,/root/vast/mustafa/dreem-experiments/paper-plots/uncertainty-microscopy/no-post-processing-no-weight-iou-entropies/11-2.frame_meta_entropy_histogram.csv,Lysosomes - Airyscan Confocal,11-2.
0.0292151167832028,Correctly Tracked,/root/vast/mustafa/dreem-experiments/paper-plots/uncertainty-microscopy/no-post-processing-no-weight-iou-entropies/11-2.frame_meta_entropy_histogram.csv,Lysosomes - Airyscan Confocal,11-2.
0.030489141394911,Correctly Tracked,/root/vast/mustafa/dreem-experiments/paper-plots/uncertainty-microscopy/no-post-processing-no-weight-iou-entropies/11-2.frame_meta_entropy_histogram.csv,Lysosomes - Airyscan Confocal,11-2.
0.0234552750328236,Correctly Tracked,/root/vast/mustafa/dreem-experiments/paper-plots/uncertainty-microscopy/no-post-processing-no-weight-iou-entropies/11-2.frame_meta_entropy_histogram.csv,Lysosomes - Airyscan Confocal,11-2.
0.0288146699403393,Correctly Tracked,/root/vast/mustafa/dreem-experiments/paper-plots/uncertainty-microscopy/no-post-processing-no-weight-iou-entropies/11-2.frame_meta_entropy_histogram.csv,Lysosomes - Airyscan Confocal,11-2.
0.0240880392495556,Correctly Tracked,/root/vast/mustafa/dreem-experiments/paper-plots/uncertainty-microscopy/no-post-processing-no-weight-iou-entropies/11-2.frame_meta_entropy_histogram.csv,Lysosomes - Airyscan Confocal,11-2.
0.0248571212436221,Correctly Tracked,/root/vast/mustafa/dreem-experiments/paper-plots/uncertainty-microscopy/no-post-processing-no-weight-iou-entropies/11-2.frame_meta_entropy_histogram.csv,Lysosomes - Airyscan Confocal,11-2.
0.0200975627066937,Correctly Tracked,/root/vast/mustafa/dreem-experiments/paper-plots/uncertainty-microscopy/no-post-processing-no-weight-iou-entropies/11-2.frame_meta_entropy_histogram.csv,Lysosomes - Airyscan Confocal,11-2.
0.0247953125779842,Correctly Tracked,/root/vast/mustafa/dreem-experiments/paper-plots/uncertainty-microscopy/no-post-processing-no-weight-iou-entropies/11-2.frame_meta_entropy_histogram.csv,Lysosomes - Airyscan Confocal,11-2.
0.0252582924269246,Correctly Tracked,/root/vast/mustafa/dreem-experiments/paper-plots/uncertainty-microscopy/no-post-processing-no-weight-iou-entropies/11-2.frame_meta_entropy_histogram.csv,Lysosomes - Airyscan Confocal,11-2.
0.1389037912768276,Correctly Tracked,/root/vast/mustafa/dreem-experiments/paper-plots/uncertainty-microscopy/no-post-processing-no-weight-iou-entropies/11-2.frame_meta_entropy_histogram.csv,Lysosomes - Airyscan Confocal,11-2.
0.0250689843776942,Correctly Tracked,/root/vast/mustafa/dreem-experiments/paper-plots/uncertainty-microscopy/no-post-processing-no-weight-iou-entropies/11-2.frame_meta_entropy_histogram.csv,Lysosomes - Airyscan Confocal,11-2.
0.0334381169178516,Correctly Tracked,/root/vast/mustafa/dreem-experiments/paper-plots/uncertainty-microscopy/no-post-processing-no-weight-iou-entropies/11-2.frame_meta_entropy_histogram.csv,Lysosomes - Airyscan Confocal,11-2.
0.0286946923553259,Correctly Tracked,/root/vast/mustafa/dreem-experiments/paper-plots/uncertainty-microscopy/no-post-processing-no-weight-iou-entropies/11-2.frame_meta_entropy_histogram.csv,Lysosomes - Airyscan Confocal,11-2.
0.025385245333033,Correctly Tracked,/root/vast/mustafa/dreem-experiments/paper-plots/uncertainty-microscopy/no-post-processing-no-weight-iou-entropies/11-2.frame_meta_entropy_histogram.csv,Lysosomes - Airyscan Confocal,11-2.
0.0194172807260795,Correctly Tracked,/root/vast/mustafa/dreem-experiments/paper-plots/uncertainty-microscopy/no-post-processing-no-weight-iou-entropies/11-2.frame_meta_entropy_histogram.csv,Lysosomes - Airyscan Confocal,11-2.
0.0403858563662559,Correctly Tracked,/root/vast/mustafa/dreem-experiments/paper-plots/uncertainty-microscopy/no-post-processing-no-weight-iou-entropies/11-2.frame_meta_entropy_histogram.csv,Lysosomes - Airyscan Confocal,11-2.
0.0128111631704099,Correctly Tracked,/root/vast/mustafa/dreem-experiments/paper-plots/uncertainty-microscopy/no-post-processing-no-weight-iou-entropies/11-2.frame_meta_entropy_histogram.csv,Lysosomes - Airyscan Confocal,11-2.
0.0118508759222623,Correctly Tracked,/root/vast/mustafa/dreem-experiments/paper-plots/uncertainty-microscopy/no-post-processing-no-weight-iou-entropies/11-2.frame_meta_entropy_histogram.csv,Lysosomes - Airyscan Confocal,11-2.
0.0084432060165012,Correctly Tracked,/root/vast/mustafa/dreem-experiments/paper-plots/uncertainty-microscopy/no-post-processing-no-weight-iou-entropies/11-2.frame_meta_entropy_histogram.csv,Lysosomes - Airyscan Confocal,11-2.
0.0066343526553052,Correctly Tracked,/root/vast/mustafa/dreem-experiments/paper-plots/uncertainty-microscopy/no-post-processing-no-weight-iou-entropies/11-2.frame_meta_entropy_histogram.csv,Lysosomes - Airyscan Confocal,11-2.
0.1087278201462011,Correctly Tracked,/root/vast/mustafa/dreem-experiments/paper-plots/uncertainty-microscopy/no-post-processing-no-weight-iou-entropies/11-2.frame_meta_entropy_histogram.csv,Lysosomes - Airyscan Confocal,11-2.
0.0069055936613002,Correctly Tracked,/root/vast/mustafa/dreem-experiments/paper-plots/uncertainty-microscopy/no-post-processing-no-weight-iou-entropies/11-2.frame_meta_entropy_histogram.csv,Lysosomes - Airyscan Confocal,11-2.
0.0035080812768898,Correctly Tracked,/root/vast/mustafa/dreem-experiments/paper-plots/uncertainty-microscopy/no-post-processing-no-weight-iou-entropies/11-2.frame_meta_entropy_histogram.csv,Lysosomes - Airyscan Confocal,11-2.
0.0033281442209801,Correctly Tracked,/root/vast/mustafa/dreem-experiments/paper-plots/uncertainty-microscopy/no-post-processing-no-weight-iou-entropies/11-2.frame_meta_entropy_histogram.csv,Lysosomes - Airyscan Confocal,11-2.
0.0020839905969896,Correctly Tracked,/root/vast/mustafa/dreem-experiments/paper-plots/uncertainty-microscopy/no-post-processing-no-weight-iou-entropies/11-2.frame_meta_entropy_histogram.csv,Lysosomes - Airyscan Confocal,11-2.
0.0020098805491868,Correctly Tracked,/root/vast/mustafa/dreem-experiments/paper-plots/uncertainty-microscopy/no-post-processing-no-weight-iou-entropies/11-2.frame_meta_entropy_histogram.csv,Lysosomes - Airyscan Confocal,11-2.
0.0037580122387265,Correctly Tracked,/root/vast/mustafa/dreem-experiments/paper-plots/uncertainty-microscopy/no-post-processing-no-weight-iou-entropies/11-2.frame_meta_entropy_histogram.csv,Lysosomes - Airyscan Confocal,11-2.
0.0060511496931422,Correctly Tracked,/root/vast/mustafa/dreem-experiments/paper-plots/uncertainty-microscopy/no-post-processing-no-weight-iou-entropies/11-2.frame_meta_entropy_histogram.csv,Lysosomes - Airyscan Confocal,11-2.
0.0024689751236555,Correctly Tracked,/root/vast/mustafa/dreem-experiments/paper-plots/uncertainty-microscopy/no-post-processing-no-weight-iou-entropies/11-2.frame_meta_entropy_histogram.csv,Lysosomes - Airyscan Confocal,11-2.
0.0034467230685177,Correctly Tracked,/root/vast/mustafa/dreem-experiments/paper-plots/uncertainty-microscopy/no-post-processing-no-weight-iou-entropies/11-2.frame_meta_entropy_histogram.csv,Lysosomes - Airyscan Confocal,11-2.
0.0030957723926926,Correctly Tracked,/root/vast/mustafa/dreem-experiments/paper-plots/uncertainty-microscopy/no-post-processing-no-weight-iou-entropies/11-2.frame_meta_entropy_histogram.csv,Lysosomes - Airyscan Confocal,11-2.
0.0839777517795471,Correctly Tracked,/root/vast/mustafa/dreem-experiments/paper-plots/uncertainty-microscopy/no-post-processing-no-weight-iou-entropies/11-2.frame_meta_entropy_histogram.csv,Lysosomes - Airyscan Confocal,11-2.
0.0021277055735675,Correctly Tracked,/root/vast/mustafa/dreem-experiments/paper-plots/uncertainty-microscopy/no-post-processing-no-weight-iou-entropies/11-2.frame_meta_entropy_histogram.csv,Lysosomes - Airyscan Confocal,11-2.
0.0027381328453499,Correctly Tracked,/root/vast/mustafa/dreem-experiments/paper-plots/uncertainty-microscopy/no-post-processing-no-weight-iou-entropies/11-2.frame_meta_entropy_histogram.csv,Lysosomes - Airyscan Confocal,11-2.
0.0015786589041344,Correctly Tracked,/root/vast/mustafa/dreem-experiments/paper-plots/uncertainty-microscopy/no-post-processing-no-weight-iou-entropies/11-2.frame_meta_entropy_histogram.csv,Lysosomes - Airyscan Confocal,11-2.
0.0014347146081838,Correctly Tracked,/root/vast/mustafa/dreem-experiments/paper-plots/uncertainty-microscopy/no-post-processing-no-weight-iou-entropies/11-2.frame_meta_entropy_histogram.csv,Lysosomes - Airyscan Confocal,11-2.
0.0017661631910085,Correctly Tracked,/root/vast/mustafa/dreem-experiments/paper-plots/uncertainty-microscopy/no-post-processing-no-weight-iou-entropies/11-2.frame_meta_entropy_histogram.csv,Lysosomes - Airyscan Confocal,11-2.
0.0014312939684599,Correctly Tracked,/root/vast/mustafa/dreem-experiments/paper-plots/uncertainty-microscopy/no-post-processing-no-weight-iou-entropies/11-2.frame_meta_entropy_histogram.csv,Lysosomes - Airyscan Confocal,11-2.
0.0017844808198393,Correctly Tracked,/root/vast/mustafa/dreem-experiments/paper-plots/uncertainty-microscopy/no-post-processing-no-weight-iou-entropies/11-2.frame_meta_entropy_histogram.csv,Lysosomes - Airyscan Confocal,11-2.
0.0019770864224736,Correctly Tracked,/root/vast/mustafa/dreem-experiments/paper-plots/uncertainty-microscopy/no-post-processing-no-weight-iou-entropies/11-2.frame_meta_entropy_histogram.csv,Lysosomes - Airyscan Confocal,11-2.
0.0020269466930244,Correctly Tracked,/root/vast/mustafa/dreem-experiments/paper-plots/uncertainty-microscopy/no-post-processing-no-weight-iou-entropies/11-2.frame_meta_entropy_histogram.csv,Lysosomes - Airyscan Confocal,11-2.
0.0288743262064523,Correctly Tracked,/root/vast/mustafa/dreem-experiments/paper-plots/uncertainty-microscopy/no-post-processing-no-weight-iou-entropies/11-2.frame_meta_entropy_histogram.csv,Lysosomes - Airyscan Confocal,11-2.
0.0433705926539974,Correctly Tracked,/root/vast/mustafa/dreem-experiments/paper-plots/uncertainty-microscopy/no-post-processing-no-weight-iou-entropies/11-2.frame_meta_entropy_histogram.csv,Lysosomes - Airyscan Confocal,11-2.
0.0465414199914398,Correctly Tracked,/root/vast/mustafa/dreem-experiments/paper-plots/uncertainty-microscopy/no-post-processing-no-weight-iou-entropies/11-2.frame_meta_entropy_histogram.csv,Lysosomes - Airyscan Confocal,11-2.
0.0458014173016131,Correctly Tracked,/root/vast/mustafa/dreem-experiments/paper-plots/uncertainty-microscopy/no-post-processing-no-weight-iou-entropies/11-2.frame_meta_entropy_histogram.csv,Lysosomes - Airyscan Confocal,11-2.
0.0597366756349102,Correctly Tracked,/root/vast/mustafa/dreem-experiments/paper-plots/uncertainty-microscopy/no-post-processing-no-weight-iou-entropies/11-2.frame_meta_entropy_histogram.csv,Lysosomes - Airyscan Confocal,11-2.
0.0664518579811158,Correctly Tracked,/root/vast/mustafa/dreem-experiments/paper-plots/uncertainty-microscopy/no-post-processing-no-weight-iou-entropies/11-2.frame_meta_entropy_histogram.csv,Lysosomes - Airyscan Confocal,11-2.
0.0551549929413525,Correctly Tracked,/root/vast/mustafa/dreem-experiments/paper-plots/uncertainty-microscopy/no-post-processing-no-weight-iou-entropies/11-2.frame_meta_entropy_histogram.csv,Lysosomes - Airyscan Confocal,11-2.
0.0339552856803394,Correctly Tracked,/root/vast/mustafa/dreem-experiments/paper-plots/uncertainty-microscopy/no-post-processing-no-weight-iou-entropies/11-2.frame_meta_entropy_histogram.csv,Lysosomes - Airyscan Confocal,11-2.
0.0140415469151046,Correctly Tracked,/root/vast/mustafa/dreem-experiments/paper-plots/uncertainty-microscopy/no-post-processing-no-weight-iou-entropies/11-2.frame_meta_entropy_histogram.csv,Lysosomes - Airyscan Confocal,11-2.
0.0078038073826708,Correctly Tracked,/root/vast/mustafa/dreem-experiments/paper-plots/uncertainty-microscopy/no-post-processing-no-weight-iou-entropies/11-2.frame_meta_entropy_histogram.csv,Lysosomes - Airyscan Confocal,11-2.
0.0067143420081874,Correctly Tracked,/root/vast/mustafa/dreem-experiments/paper-plots/uncertainty-microscopy/no-post-processing-no-weight-iou-entropies/11-2.frame_meta_entropy_histogram.csv,Lysosomes - Airyscan Confocal,11-2.
0.0093291658824929,Correctly Tracked,/root/vast/mustafa/dreem-experiments/paper-plots/uncertainty-microscopy/no-post-processing-no-weight-iou-entropies/11-2.frame_meta_entropy_histogram.csv,Lysosomes - Airyscan Confocal,11-2.
0.0197770343293029,Correctly Tracked,/root/vast/mustafa/dreem-experiments/paper-plots/uncertainty-microscopy/no-post-processing-no-weight-iou-entropies/11-2.frame_meta_entropy_histogram.csv,Lysosomes - Airyscan Confocal,11-2.
0.0105028126334841,Correctly Tracked,/root/vast/mustafa/dreem-experiments/paper-plots/uncertainty-microscopy/no-post-processing-no-weight-iou-entropies/11-2.frame_meta_entropy_histogram.csv,Lysosomes - Airyscan Confocal,11-2.
0.0079487089808652,Correctly Tracked,/root/vast/mustafa/dreem-experiments/paper-plots/uncertainty-microscopy/no-post-processing-no-weight-iou-entropies/11-2.frame_meta_entropy_histogram.csv,Lysosomes - Airyscan Confocal,11-2.
0.0084557047556584,Correctly Tracked,/root/vast/mustafa/dreem-experiments/paper-plots/uncertainty-microscopy/no-post-processing-no-weight-iou-entropies/11-2.frame_meta_entropy_histogram.csv,Lysosomes - Airyscan Confocal,11-2.
0.0117772535476153,Correctly Tracked,/root/vast/mustafa/dreem-experiments/paper-plots/uncertainty-microscopy/no-post-processing-no-weight-iou-entropies/11-2.frame_meta_entropy_histogram.csv,Lysosomes - Airyscan Confocal,11-2.
0.0087637930371126,Correctly Tracked,/root/vast/mustafa/dreem-experiments/paper-plots/uncertainty-microscopy/no-post-processing-no-weight-iou-entropies/11-2.frame_meta_entropy_histogram.csv,Lysosomes - Airyscan Confocal,11-2.
0.035953988412802,Correctly Tracked,/root/vast/mustafa/dreem-experiments/paper-plots/uncertainty-microscopy/no-post-processing-no-weight-iou-entropies/11-2.frame_meta_entropy_histogram.csv,Lysosomes - Airyscan Confocal,11-2.
0.0414432593654215,Correctly Tracked,/root/vast/mustafa/dreem-experiments/paper-plots/uncertainty-microscopy/no-post-processing-no-weight-iou-entropies/11-2.frame_meta_entropy_histogram.csv,Lysosomes - Airyscan Confocal,11-2.
0.0344337086736553,Correctly Tracked,/root/vast/mustafa/dreem-experiments/paper-plots/uncertainty-microscopy/no-post-processing-no-weight-iou-entropies/11-2.frame_meta_entropy_histogram.csv,Lysosomes - Airyscan Confocal,11-2.
0.051352277813332,Correctly Tracked,/root/vast/mustafa/dreem-experiments/paper-plots/uncertainty-microscopy/no-post-processing-no-weight-iou-entropies/11-2.frame_meta_entropy_histogram.csv,Lysosomes - Airyscan Confocal,11-2.
0.0489102709990828,Correctly Tracked,/root/vast/mustafa/dreem-experiments/paper-plots/uncertainty-microscopy/no-post-processing-no-weight-iou-entropies/11-2.frame_meta_entropy_histogram.csv,Lysosomes - Airyscan Confocal,11-2.
0.0285132927632719,Correctly Tracked,/root/vast/mustafa/dreem-experiments/paper-plots/uncertainty-microscopy/no-post-processing-no-weight-iou-entropies/11-2.frame_meta_entropy_histogram.csv,Lysosomes - Airyscan Confocal,11-2.
0.0366970843714071,Correctly Tracked,/root/vast/mustafa/dreem-experiments/paper-plots/uncertainty-microscopy/no-post-processing-no-weight-iou-entropies/11-2.frame_meta_entropy_histogram.csv,Lysosomes - Airyscan Confocal,11-2.
0.0372836222639717,Correctly Tracked,/root/vast/mustafa/dreem-experiments/paper-plots/uncertainty-microscopy/no-post-processing-no-weight-iou-entropies/11-2.frame_meta_entropy_histogram.csv,Lysosomes - Airyscan Confocal,11-2.
0.0296585342848446,Correctly Tracked,/root/vast/mustafa/dreem-experiments/paper-plots/uncertainty-microscopy/no-post-processing-no-weight-iou-entropies/11-2.frame_meta_entropy_histogram.csv,Lysosomes - Airyscan Confocal,11-2.
0.0428174105097585,Correctly Tracked,/root/vast/mustafa/dreem-experiments/paper-plots/uncertainty-microscopy/no-post-processing-no-weight-iou-entropies/11-2.frame_meta_entropy_histogram.csv,Lysosomes - Airyscan Confocal,11-2.
0.0285113723589054,Correctly Tracked,/root/vast/mustafa/dreem-experiments/paper-plots/uncertainty-microscopy/no-post-processing-no-weight-iou-entropies/11-2.frame_meta_entropy_histogram.csv,Lysosomes - Airyscan Confocal,11-2.
0.0201631193830013,Correctly Tracked,/root/vast/mustafa/dreem-experiments/paper-plots/uncertainty-microscopy/no-post-processing-no-weight-iou-entropies/11-2.frame_meta_entropy_histogram.csv,Lysosomes - Airyscan Confocal,11-2.
0.0193416709262425,Correctly Tracked,/root/vast/mustafa/dreem-experiments/paper-plots/uncertainty-microscopy/no-post-processing-no-weight-iou-entropies/11-2.frame_meta_entropy_histogram.csv,Lysosomes - Airyscan Confocal,11-2.
0.0460428933287891,Correctly Tracked,/root/vast/mustafa/dreem-experiments/paper-plots/uncertainty-microscopy/no-post-processing-no-weight-iou-entropies/11-2.frame_meta_entropy_histogram.csv,Lysosomes - Airyscan Confocal,11-2.
0.0249993291202554,Correctly Tracked,/root/vast/mustafa/dreem-experiments/paper-plots/uncertainty-microscopy/no-post-processing-no-weight-iou-entropies/11-2.frame_meta_entropy_histogram.csv,Lysosomes - Airyscan Confocal,11-2.
0.0259767479219867,Correctly Tracked,/root/vast/mustafa/dreem-experiments/paper-plots/uncertainty-microscopy/no-post-processing-no-weight-iou-entropies/11-2.frame_meta_entropy_histogram.csv,Lysosomes - Airyscan Confocal,11-2.
0.0086214176084206,Correctly Tracked,/root/vast/mustafa/dreem-experiments/paper-plots/uncertainty-microscopy/no-post-processing-no-weight-iou-entropies/11-2.frame_meta_entropy_histogram.csv,Lysosomes - Airyscan Confocal,11-2.
0.0336209729239554,Correctly Tracked,/root/vast/mustafa/dreem-experiments/paper-plots/uncertainty-microscopy/no-post-processing-no-weight-iou-entropies/11-2.frame_meta_entropy_histogram.csv,Lysosomes - Airyscan Confocal,11-2.
0.0430493876240613,Correctly Tracked,/root/vast/mustafa/dreem-experiments/paper-plots/uncertainty-microscopy/no-post-processing-no-weight-iou-entropies/11-2.frame_meta_entropy_histogram.csv,Lysosomes - Airyscan Confocal,11-2.
0.0329870023323999,Correctly Tracked,/root/vast/mustafa/dreem-experiments/paper-plots/uncertainty-microscopy/no-post-processing-no-weight-iou-entropies/11-2.frame_meta_entropy_histogram.csv,Lysosomes - Airyscan Confocal,11-2.
0.0456832235015952,Correctly Tracked,/root/vast/mustafa/dreem-experiments/paper-plots/uncertainty-microscopy/no-post-processing-no-weight-iou-entropies/11-2.frame_meta_entropy_histogram.csv,Lysosomes - Airyscan Confocal,11-2.
0.0262625247135156,Correctly Tracked,/root/vast/mustafa/dreem-experiments/paper-plots/uncertainty-microscopy/no-post-processing-no-weight-iou-entropies/11-2.frame_meta_entropy_histogram.csv,Lysosomes - Airyscan Confocal,11-2.
0.045726106517758,Correctly Tracked,/root/vast/mustafa/dreem-experiments/paper-plots/uncertainty-microscopy/no-post-processing-no-weight-iou-entropies/11-2.frame_meta_entropy_histogram.csv,Lysosomes - Airyscan Confocal,11-2.
0.0491808856181502,Correctly Tracked,/root/vast/mustafa/dreem-experiments/paper-plots/uncertainty-microscopy/no-post-processing-no-weight-iou-entropies/11-2.frame_meta_entropy_histogram.csv,Lysosomes - Airyscan Confocal,11-2.
0.0470907793710135,Correctly Tracked,/root/vast/mustafa/dreem-experiments/paper-plots/uncertainty-microscopy/no-post-processing-no-weight-iou-entropies/11-2.frame_meta_entropy_histogram.csv,Lysosomes - Airyscan Confocal,11-2.
0.0425305613850531,Correctly Tracked,/root/vast/mustafa/dreem-experiments/paper-plots/uncertainty-microscopy/no-post-processing-no-weight-iou-entropies/11-2.frame_meta_entropy_histogram.csv,Lysosomes - Airyscan Confocal,11-2.
0.0320066268812613,Correctly Tracked,/root/vast/mustafa/dreem-experiments/paper-plots/uncertainty-microscopy/no-post-processing-no-weight-iou-entropies/11-2.frame_meta_entropy_histogram.csv,Lysosomes - Airyscan Confocal,11-2.
0.0053439672294839,Correctly Tracked,/root/vast/mustafa/dreem-experiments/paper-plots/uncertainty-microscopy/no-post-processing-no-weight-iou-entropies/11-2.frame_meta_entropy_histogram.csv,Lysosomes - Airyscan Confocal,11-2.
0.0082323398171792,Correctly Tracked,/root/vast/mustafa/dreem-experiments/paper-plots/uncertainty-microscopy/no-post-processing-no-weight-iou-entropies/11-2.frame_meta_entropy_histogram.csv,Lysosomes - Airyscan Confocal,11-2.
0.0034057768897118,Correctly Tracked,/root/vast/mustafa/dreem-experiments/paper-plots/uncertainty-microscopy/no-post-processing-no-weight-iou-entropies/11-2.frame_meta_entropy_histogram.csv,Lysosomes - Airyscan Confocal,11-2.
0.0066089356524127,Correctly Tracked,/root/vast/mustafa/dreem-experiments/paper-plots/uncertainty-microscopy/no-post-processing-no-weight-iou-entropies/11-2.frame_meta_entropy_histogram.csv,Lysosomes - Airyscan Confocal,11-2.
0.0040726614721456,Correctly Tracked,/root/vast/mustafa/dreem-experiments/paper-plots/uncertainty-microscopy/no-post-processing-no-weight-iou-entropies/11-2.frame_meta_entropy_histogram.csv,Lysosomes - Airyscan Confocal,11-2.
0.0124227852312296,Correctly Tracked,/root/vast/mustafa/dreem-experiments/paper-plots/uncertainty-microscopy/no-post-processing-no-weight-iou-entropies/11-2.frame_meta_entropy_histogram.csv,Lysosomes - Airyscan Confocal,11-2.
0.0234024368466427,Correctly Tracked,/root/vast/mustafa/dreem-experiments/paper-plots/uncertainty-microscopy/no-post-processing-no-weight-iou-entropies/11-2.frame_meta_entropy_histogram.csv,Lysosomes - Airyscan Confocal,11-2.
0.0345998455620125,Correctly Tracked,/root/vast/mustafa/dreem-experiments/paper-plots/uncertainty-microscopy/no-post-processing-no-weight-iou-entropies/11-2.frame_meta_entropy_histogram.csv,Lysosomes - Airyscan Confocal,11-2.
0.0430216899798758,Correctly Tracked,/root/vast/mustafa/dreem-experiments/paper-plots/uncertainty-microscopy/no-post-processing-no-weight-iou-entropies/11-2.frame_meta_entropy_histogram.csv,Lysosomes - Airyscan Confocal,11-2.
0.0188402520572841,Correctly Tracked,/root/vast/mustafa/dreem-experiments/paper-plots/uncertainty-microscopy/no-post-processing-no-weight-iou-entropies/11-2.frame_meta_entropy_histogram.csv,Lysosomes - Airyscan Confocal,11-2.
0.0080269429037157,Correctly Tracked,/root/vast/mustafa/dreem-experiments/paper-plots/uncertainty-microscopy/no-post-processing-no-weight-iou-entropies/11-2.frame_meta_entropy_histogram.csv,Lysosomes - Airyscan Confocal,11-2.
0.0029627708572607,Correctly Tracked,/root/vast/mustafa/dreem-experiments/paper-plots/uncertainty-microscopy/no-post-processing-no-weight-iou-entropies/11-2.frame_meta_entropy_histogram.csv,Lysosomes - Airyscan Confocal,11-2.
0.0010376004402134,Correctly Tracked,/root/vast/mustafa/dreem-experiments/paper-plots/uncertainty-microscopy/no-post-processing-no-weight-iou-entropies/11-2.frame_meta_entropy_histogram.csv,Lysosomes - Airyscan Confocal,11-2.
0.0023335969267123,Correctly Tracked,/root/vast/mustafa/dreem-experiments/paper-plots/uncertainty-microscopy/no-post-processing-no-weight-iou-entropies/11-2.frame_meta_entropy_histogram.csv,Lysosomes - Airyscan Confocal,11-2.
0.0008582743048873,Correctly Tracked,/root/vast/mustafa/dreem-experiments/paper-plots/uncertainty-microscopy/no-post-processing-no-weight-iou-entropies/11-2.frame_meta_entropy_histogram.csv,Lysosomes - Airyscan Confocal,11-2.
0.0002379400745808,Correctly Tracked,/root/vast/mustafa/dreem-experiments/paper-plots/uncertainty-microscopy/no-post-processing-no-weight-iou-entropies/11-2.frame_meta_entropy_histogram.csv,Lysosomes - Airyscan Confocal,11-2.
0.0025536096962608,Correctly Tracked,/root/vast/mustafa/dreem-experiments/paper-plots/uncertainty-microscopy/no-post-processing-no-weight-iou-entropies/11-2.frame_meta_entropy_histogram.csv,Lysosomes - Airyscan Confocal,11-2.
0.0078885835689874,Correctly Tracked,/root/vast/mustafa/dreem-experiments/paper-plots/uncertainty-microscopy/no-post-processing-no-weight-iou-entropies/11-2.frame_meta_entropy_histogram.csv,Lysosomes - Airyscan Confocal,11-2.
0.0040917872174448,Correctly Tracked,/root/vast/mustafa/dreem-experiments/paper-plots/uncertainty-microscopy/no-post-processing-no-weight-iou-entropies/11-2.frame_meta_entropy_histogram.csv,Lysosomes - Airyscan Confocal,11-2.
0.0019056373913589,Correctly Tracked,/root/vast/mustafa/dreem-experiments/paper-plots/uncertainty-microscopy/no-post-processing-no-weight-iou-entropies/11-2.frame_meta_entropy_histogram.csv,Lysosomes - Airyscan Confocal,11-2.
0.0041540801729758,Correctly Tracked,/root/vast/mustafa/dreem-experiments/paper-plots/uncertainty-microscopy/no-post-processing-no-weight-iou-entropies/11-2.frame_meta_entropy_histogram.csv,Lysosomes - Airyscan Confocal,11-2.
0.0004965678340861,Correctly Tracked,/root/vast/mustafa/dreem-experiments/paper-plots/uncertainty-microscopy/no-post-processing-no-weight-iou-entropies/11-2.frame_meta_entropy_histogram.csv,Lysosomes - Airyscan Confocal,11-2.
0.4339173927045528,Correctly Tracked,/root/vast/mustafa/dreem-experiments/paper-plots/uncertainty-microscopy/no-post-processing-no-weight-iou-entropies/11-2.frame_meta_entropy_histogram.csv,Lysosomes - Airyscan Confocal,11-2.
0.002392436054323,Correctly Tracked,/root/vast/mustafa/dreem-experiments/paper-plots/uncertainty-microscopy/no-post-processing-no-weight-iou-entropies/11-2.frame_meta_entropy_histogram.csv,Lysosomes - Airyscan Confocal,11-2.
0.0004987056936366,Correctly Tracked,/root/vast/mustafa/dreem-experiments/paper-plots/uncertainty-microscopy/no-post-processing-no-weight-iou-entropies/11-2.frame_meta_entropy_histogram.csv,Lysosomes - Airyscan Confocal,11-2.
0.0011826771625307,Correctly Tracked,/root/vast/mustafa/dreem-experiments/paper-plots/uncertainty-microscopy/no-post-processing-no-weight-iou-entropies/11-2.frame_meta_entropy_histogram.csv,Lysosomes - Airyscan Confocal,11-2.
0.0055968857734156,Correctly Tracked,/root/vast/mustafa/dreem-experiments/paper-plots/uncertainty-microscopy/no-post-processing-no-weight-iou-entropies/11-2.frame_meta_entropy_histogram.csv,Lysosomes - Airyscan Confocal,11-2.
0.0015560045769195,Correctly Tracked,/root/vast/mustafa/dreem-experiments/paper-plots/uncertainty-microscopy/no-post-processing-no-weight-iou-entropies/11-2.frame_meta_entropy_histogram.csv,Lysosomes - Airyscan Confocal,11-2.
0.0022295891473055,Correctly Tracked,/root/vast/mustafa/dreem-experiments/paper-plots/uncertainty-microscopy/no-post-processing-no-weight-iou-entropies/11-2.frame_meta_entropy_histogram.csv,Lysosomes - Airyscan Confocal,11-2.
0.0106150048476411,Correctly Tracked,/root/vast/mustafa/dreem-experiments/paper-plots/uncertainty-microscopy/no-post-processing-no-weight-iou-entropies/11-2.frame_meta_entropy_histogram.csv,Lysosomes - Airyscan Confocal,11-2.
0.0072849875879726,Correctly Tracked,/root/vast/mustafa/dreem-experiments/paper-plots/uncertainty-microscopy/no-post-processing-no-weight-iou-entropies/11-2.frame_meta_entropy_histogram.csv,Lysosomes - Airyscan Confocal,11-2.
0.0050576310718509,Correctly Tracked,/root/vast/mustafa/dreem-experiments/paper-plots/uncertainty-microscopy/no-post-processing-no-weight-iou-entropies/11-2.frame_meta_entropy_histogram.csv,Lysosomes - Airyscan Confocal,11-2.
0.0186422944552324,Correctly Tracked,/root/vast/mustafa/dreem-experiments/paper-plots/uncertainty-microscopy/no-post-processing-no-weight-iou-entropies/11-2.frame_meta_entropy_histogram.csv,Lysosomes - Airyscan Confocal,11-2.
0.0547631634297605,Correctly Tracked,/root/vast/mustafa/dreem-experiments/paper-plots/uncertainty-microscopy/no-post-processing-no-weight-iou-entropies/11-2.frame_meta_entropy_histogram.csv,Lysosomes - Airyscan Confocal,11-2.
0.0020890614633852,Correctly Tracked,/root/vast/mustafa/dreem-experiments/paper-plots/uncertainty-microscopy/no-post-processing-no-weight-iou-entropies/11-2.frame_meta_entropy_histogram.csv,Lysosomes - Airyscan Confocal,11-2.
0.0324570532144099,Correctly Tracked,/root/vast/mustafa/dreem-experiments/paper-plots/uncertainty-microscopy/no-post-processing-no-weight-iou-entropies/11-2.frame_meta_entropy_histogram.csv,Lysosomes - Airyscan Confocal,11-2.
0.0215766645940916,Correctly Tracked,/root/vast/mustafa/dreem-experiments/paper-plots/uncertainty-microscopy/no-post-processing-no-weight-iou-entropies/11-2.frame_meta_entropy_histogram.csv,Lysosomes - Airyscan Confocal,11-2.
0.0162749552827048,Correctly Tracked,/root/vast/mustafa/dreem-experiments/paper-plots/uncertainty-microscopy/no-post-processing-no-weight-iou-entropies/11-2.frame_meta_entropy_histogram.csv,Lysosomes - Airyscan Confocal,11-2.
0.0176131613549763,Correctly Tracked,/root/vast/mustafa/dreem-experiments/paper-plots/uncertainty-microscopy/no-post-processing-no-weight-iou-entropies/11-2.frame_meta_entropy_histogram.csv,Lysosomes - Airyscan Confocal,11-2.
0.0157330055707171,Correctly Tracked,/root/vast/mustafa/dreem-experiments/paper-plots/uncertainty-microscopy/no-post-processing-no-weight-iou-entropies/11-2.frame_meta_entropy_histogram.csv,Lysosomes - Airyscan Confocal,11-2.
0.0201504550250782,Correctly Tracked,/root/vast/mustafa/dreem-experiments/paper-plots/uncertainty-microscopy/no-post-processing-no-weight-iou-entropies/11-2.frame_meta_entropy_histogram.csv,Lysosomes - Airyscan Confocal,11-2.
0.0148953213194584,Correctly Tracked,/root/vast/mustafa/dreem-experiments/paper-plots/uncertainty-microscopy/no-post-processing-no-weight-iou-entropies/11-2.frame_meta_entropy_histogram.csv,Lysosomes - Airyscan Confocal,11-2.
0.0270503699604464,Correctly Tracked,/root/vast/mustafa/dreem-experiments/paper-plots/uncertainty-microscopy/no-post-processing-no-weight-iou-entropies/11-2.frame_meta_entropy_histogram.csv,Lysosomes - Airyscan Confocal,11-2.
0.0204296637759013,Correctly Tracked,/root/vast/mustafa/dreem-experiments/paper-plots/uncertainty-microscopy/no-post-processing-no-weight-iou-entropies/11-2.frame_meta_entropy_histogram.csv,Lysosomes - Airyscan Confocal,11-2.
0.0309000537971411,Correctly Tracked,/root/vast/mustafa/dreem-experiments/paper-plots/uncertainty-microscopy/no-post-processing-no-weight-iou-entropies/11-2.frame_meta_entropy_histogram.csv,Lysosomes - Airyscan Confocal,11-2.
0.0026751978754396,Correctly Tracked,/root/vast/mustafa/dreem-experiments/paper-plots/uncertainty-microscopy/no-post-processing-no-weight-iou-entropies/11-2.frame_meta_entropy_histogram.csv,Lysosomes - Airyscan Confocal,11-2.
0.0281754846131684,Correctly Tracked,/root/vast/mustafa/dreem-experiments/paper-plots/uncertainty-microscopy/no-post-processing-no-weight-iou-entropies/11-2.frame_meta_entropy_histogram.csv,Lysosomes - Airyscan Confocal,11-2.
0.019986748930436,Correctly Tracked,/root/vast/mustafa/dreem-experiments/paper-plots/uncertainty-microscopy/no-post-processing-no-weight-iou-entropies/11-2.frame_meta_entropy_histogram.csv,Lysosomes - Airyscan Confocal,11-2.
0.0693386407575452,Correctly Tracked,/root/vast/mustafa/dreem-experiments/paper-plots/uncertainty-microscopy/no-post-processing-no-weight-iou-entropies/11-2.frame_meta_entropy_histogram.csv,Lysosomes - Airyscan Confocal,11-2.
0.0580135290183883,Correctly Tracked,/root/vast/mustafa/dreem-experiments/paper-plots/uncertainty-microscopy/no-post-processing-no-weight-iou-entropies/11-2.frame_meta_entropy_histogram.csv,Lysosomes - Airyscan Confocal,11-2.
0.080599974449942,Correctly Tracked,/root/vast/mustafa/dreem-experiments/paper-plots/uncertainty-microscopy/no-post-processing-no-weight-iou-entropies/11-2.frame_meta_entropy_histogram.csv,Lysosomes - Airyscan Confocal,11-2.
0.0763158075029268,Correctly Tracked,/root/vast/mustafa/dreem-experiments/paper-plots/uncertainty-microscopy/no-post-processing-no-weight-iou-entropies/11-2.frame_meta_entropy_histogram.csv,Lysosomes - Airyscan Confocal,11-2.
0.062647472487955,Correctly Tracked,/root/vast/mustafa/dreem-experiments/paper-plots/uncertainty-microscopy/no-post-processing-no-weight-iou-entropies/11-2.frame_meta_entropy_histogram.csv,Lysosomes - Airyscan Confocal,11-2.
0.0256538983041502,Correctly Tracked,/root/vast/mustafa/dreem-experiments/paper-plots/uncertainty-microscopy/no-post-processing-no-weight-iou-entropies/11-2.frame_meta_entropy_histogram.csv,Lysosomes - Airyscan Confocal,11-2.
0.0237978313505018,Correctly Tracked,/root/vast/mustafa/dreem-experiments/paper-plots/uncertainty-microscopy/no-post-processing-no-weight-iou-entropies/11-2.frame_meta_entropy_histogram.csv,Lysosomes - Airyscan Confocal,11-2.
0.0322201320255099,Correctly Tracked,/root/vast/mustafa/dreem-experiments/paper-plots/uncertainty-microscopy/no-post-processing-no-weight-iou-entropies/11-2.frame_meta_entropy_histogram.csv,Lysosomes - Airyscan Confocal,11-2.
0.0013820845732145,Correctly Tracked,/root/vast/mustafa/dreem-experiments/paper-plots/uncertainty-microscopy/no-post-processing-no-weight-iou-entropies/11-2.frame_meta_entropy_histogram.csv,Lysosomes - Airyscan Confocal,11-2.
0.0264267489306782,Correctly Tracked,/root/vast/mustafa/dreem-experiments/paper-plots/uncertainty-microscopy/no-post-processing-no-weight-iou-entropies/11-2.frame_meta_entropy_histogram.csv,Lysosomes - Airyscan Confocal,11-2.
0.0104807679379909,Correctly Tracked,/root/vast/mustafa/dreem-experiments/paper-plots/uncertainty-microscopy/no-post-processing-no-weight-iou-entropies/11-2.frame_meta_entropy_histogram.csv,Lysosomes - Airyscan Confocal,11-2.
0.0046200981918443,Correctly Tracked,/root/vast/mustafa/dreem-experiments/paper-plots/uncertainty-microscopy/no-post-processing-no-weight-iou-entropies/11-2.frame_meta_entropy_histogram.csv,Lysosomes - Airyscan Confocal,11-2.
0.0040383780654019,Correctly Tracked,/root/vast/mustafa/dreem-experiments/paper-plots/uncertainty-microscopy/no-post-processing-no-weight-iou-entropies/11-2.frame_meta_entropy_histogram.csv,Lysosomes - Airyscan Confocal,11-2.
0.0098123628206233,Correctly Tracked,/root/vast/mustafa/dreem-experiments/paper-plots/uncertainty-microscopy/no-post-processing-no-weight-iou-entropies/11-2.frame_meta_entropy_histogram.csv,Lysosomes - Airyscan Confocal,11-2.
0.0115598431515343,Correctly Tracked,/root/vast/mustafa/dreem-experiments/paper-plots/uncertainty-microscopy/no-post-processing-no-weight-iou-entropies/11-2.frame_meta_entropy_histogram.csv,Lysosomes - Airyscan Confocal,11-2.
0.0074896337393264,Correctly Tracked,/root/vast/mustafa/dreem-experiments/paper-plots/uncertainty-microscopy/no-post-processing-no-weight-iou-entropies/11-2.frame_meta_entropy_histogram.csv,Lysosomes - Airyscan Confocal,11-2.
0.017393501894721,Correctly Tracked,/root/vast/mustafa/dreem-experiments/paper-plots/uncertainty-microscopy/no-post-processing-no-weight-iou-entropies/11-2.frame_meta_entropy_histogram.csv,Lysosomes - Airyscan Confocal,11-2.
0.015726322821294,Correctly Tracked,/root/vast/mustafa/dreem-experiments/paper-plots/uncertainty-microscopy/no-post-processing-no-weight-iou-entropies/11-2.frame_meta_entropy_histogram.csv,Lysosomes - Airyscan Confocal,11-2.
0.008287325247437,Correctly Tracked,/root/vast/mustafa/dreem-experiments/paper-plots/uncertainty-microscopy/no-post-processing-no-weight-iou-entropies/11-2.frame_meta_entropy_histogram.csv,Lysosomes - Airyscan Confocal,11-2.
0.0058136504496392,Correctly Tracked,/root/vast/mustafa/dreem-experiments/paper-plots/uncertainty-microscopy/no-post-processing-no-weight-iou-entropies/11-2.frame_meta_entropy_histogram.csv,Lysosomes - Airyscan Confocal,11-2.
0.0073168991664375,Correctly Tracked,/root/vast/mustafa/dreem-experiments/paper-plots/uncertainty-microscopy/no-post-processing-no-weight-iou-entropies/11-2.frame_meta_entropy_histogram.csv,Lysosomes - Airyscan Confocal,11-2.
0.0043629157702311,Correctly Tracked,/root/vast/mustafa/dreem-experiments/paper-plots/uncertainty-microscopy/no-post-processing-no-weight-iou-entropies/11-2.frame_meta_entropy_histogram.csv,Lysosomes - Airyscan Confocal,11-2.
0.0040968144236405,Correctly Tracked,/root/vast/mustafa/dreem-experiments/paper-plots/uncertainty-microscopy/no-post-processing-no-weight-iou-entropies/11-2.frame_meta_entropy_histogram.csv,Lysosomes - Airyscan Confocal,11-2.
0.0137528250739264,Correctly Tracked,/root/vast/mustafa/dreem-experiments/paper-plots/uncertainty-microscopy/no-post-processing-no-weight-iou-entropies/11-2.frame_meta_entropy_histogram.csv,Lysosomes - Airyscan Confocal,11-2.
0.0040748953921914,Correctly Tracked,/root/vast/mustafa/dreem-experiments/paper-plots/uncertainty-microscopy/no-post-processing-no-weight-iou-entropies/11-2.frame_meta_entropy_histogram.csv,Lysosomes - Airyscan Confocal,11-2.
0.00415575311584,Correctly Tracked,/root/vast/mustafa/dreem-experiments/paper-plots/uncertainty-microscopy/no-post-processing-no-weight-iou-entropies/11-2.frame_meta_entropy_histogram.csv,Lysosomes - Airyscan Confocal,11-2.
0.0069890513418001,Correctly Tracked,/root/vast/mustafa/dreem-experiments/paper-plots/uncertainty-microscopy/no-post-processing-no-weight-iou-entropies/11-2.frame_meta_entropy_histogram.csv,Lysosomes - Airyscan Confocal,11-2.
0.0059915565812667,Correctly Tracked,/root/vast/mustafa/dreem-experiments/paper-plots/uncertainty-microscopy/no-post-processing-no-weight-iou-entropies/11-2.frame_meta_entropy_histogram.csv,Lysosomes - Airyscan Confocal,11-2.
0.0104331315988054,Correctly Tracked,/root/vast/mustafa/dreem-experiments/paper-plots/uncertainty-microscopy/no-post-processing-no-weight-iou-entropies/11-2.frame_meta_entropy_histogram.csv,Lysosomes - Airyscan Confocal,11-2.
0.10151450295139,Correctly Tracked,/root/vast/mustafa/dreem-experiments/paper-plots/uncertainty-microscopy/no-post-processing-no-weight-iou-entropies/11-2.frame_meta_entropy_histogram.csv,Lysosomes - Airyscan Confocal,11-2.
0.0007705032060731,Correctly Tracked,/root/vast/mustafa/dreem-experiments/paper-plots/uncertainty-microscopy/no-post-processing-no-weight-iou-entropies/11-2.frame_meta_entropy_histogram.csv,Lysosomes - Airyscan Confocal,11-2.
0.0668146726315677,Correctly Tracked,/root/vast/mustafa/dreem-experiments/paper-plots/uncertainty-microscopy/no-post-processing-no-weight-iou-entropies/11-2.frame_meta_entropy_histogram.csv,Lysosomes - Airyscan Confocal,11-2.
0.049015318406793,Correctly Tracked,/root/vast/mustafa/dreem-experiments/paper-plots/uncertainty-microscopy/no-post-processing-no-weight-iou-entropies/11-2.frame_meta_entropy_histogram.csv,Lysosomes - Airyscan Confocal,11-2.
0.0491830869944307,Correctly Tracked,/root/vast/mustafa/dreem-experiments/paper-plots/uncertainty-microscopy/no-post-processing-no-weight-iou-entropies/11-2.frame_meta_entropy_histogram.csv,Lysosomes - Airyscan Confocal,11-2.
0.120606374379719,Correctly Tracked,/root/vast/mustafa/dreem-experiments/paper-plots/uncertainty-microscopy/no-post-processing-no-weight-iou-entropies/11-2.frame_meta_entropy_histogram.csv,Lysosomes - Airyscan Confocal,11-2.
0.0954903620056991,Correctly Tracked,/root/vast/mustafa/dreem-experiments/paper-plots/uncertainty-microscopy/no-post-processing-no-weight-iou-entropies/11-2.frame_meta_entropy_histogram.csv,Lysosomes - Airyscan Confocal,11-2.
0.0439385683561683,Correctly Tracked,/root/vast/mustafa/dreem-experiments/paper-plots/uncertainty-microscopy/no-post-processing-no-weight-iou-entropies/11-2.frame_meta_entropy_histogram.csv,Lysosomes - Airyscan Confocal,11-2.
0.0007014393751804,Correctly Tracked,/root/vast/mustafa/dreem-experiments/paper-plots/uncertainty-microscopy/no-post-processing-no-weight-iou-entropies/11-2.frame_meta_entropy_histogram.csv,Lysosomes - Airyscan Confocal,11-2.
0.0205156295818355,Correctly Tracked,/root/vast/mustafa/dreem-experiments/paper-plots/uncertainty-microscopy/no-post-processing-no-weight-iou-entropies/11-2.frame_meta_entropy_histogram.csv,Lysosomes - Airyscan Confocal,11-2.
0.0557307791471887,Correctly Tracked,/root/vast/mustafa/dreem-experiments/paper-plots/uncertainty-microscopy/no-post-processing-no-weight-iou-entropies/11-2.frame_meta_entropy_histogram.csv,Lysosomes - Airyscan Confocal,11-2.
0.0638422784862516,Correctly Tracked,/root/vast/mustafa/dreem-experiments/paper-plots/uncertainty-microscopy/no-post-processing-no-weight-iou-entropies/11-2.frame_meta_entropy_histogram.csv,Lysosomes - Airyscan Confocal,11-2.
0.008462027912586,Correctly Tracked,/root/vast/mustafa/dreem-experiments/paper-plots/uncertainty-microscopy/no-post-processing-no-weight-iou-entropies/11-2.frame_meta_entropy_histogram.csv,Lysosomes - Airyscan Confocal,11-2.
0.0076436785244845,Correctly Tracked,/root/vast/mustafa/dreem-experiments/paper-plots/uncertainty-microscopy/no-post-processing-no-weight-iou-entropies/11-2.frame_meta_entropy_histogram.csv,Lysosomes - Airyscan Confocal,11-2.
0.0067336794490686,Correctly Tracked,/root/vast/mustafa/dreem-experiments/paper-plots/uncertainty-microscopy/no-post-processing-no-weight-iou-entropies/11-2.frame_meta_entropy_histogram.csv,Lysosomes - Airyscan Confocal,11-2.
0.0060066478663187,Correctly Tracked,/root/vast/mustafa/dreem-experiments/paper-plots/uncertainty-microscopy/no-post-processing-no-weight-iou-entropies/11-2.frame_meta_entropy_histogram.csv,Lysosomes - Airyscan Confocal,11-2.
0.0257573320566477,Correctly Tracked,/root/vast/mustafa/dreem-experiments/paper-plots/uncertainty-microscopy/no-post-processing-no-weight-iou-entropies/11-2.frame_meta_entropy_histogram.csv,Lysosomes - Airyscan Confocal,11-2.
0.0247546051608621,Correctly Tracked,/root/vast/mustafa/dreem-experiments/paper-plots/uncertainty-microscopy/no-post-processing-no-weight-iou-entropies/11-2.frame_meta_entropy_histogram.csv,Lysosomes - Airyscan Confocal,11-2.
0.000936404232686,Correctly Tracked,/root/vast/mustafa/dreem-experiments/paper-plots/uncertainty-microscopy/no-post-processing-no-weight-iou-entropies/11-2.frame_meta_entropy_histogram.csv,Lysosomes - Airyscan Confocal,11-2.
0.014143864513118,Correctly Tracked,/root/vast/mustafa/dreem-experiments/paper-plots/uncertainty-microscopy/no-post-processing-no-weight-iou-entropies/11-2.frame_meta_entropy_histogram.csv,Lysosomes - Airyscan Confocal,11-2.
0.0341884382367779,Correctly Tracked,/root/vast/mustafa/dreem-experiments/paper-plots/uncertainty-microscopy/no-post-processing-no-weight-iou-entropies/11-2.frame_meta_entropy_histogram.csv,Lysosomes - Airyscan Confocal,11-2.
0.0124856017869444,Correctly Tracked,/root/vast/mustafa/dreem-experiments/paper-plots/uncertainty-microscopy/no-post-processing-no-weight-iou-entropies/11-2.frame_meta_entropy_histogram.csv,Lysosomes - Airyscan Confocal,11-2.
0.0093575356682066,Correctly Tracked,/root/vast/mustafa/dreem-experiments/paper-plots/uncertainty-microscopy/no-post-processing-no-weight-iou-entropies/11-2.frame_meta_entropy_histogram.csv,Lysosomes - Airyscan Confocal,11-2.
0.0351192414780207,Correctly Tracked,/root/vast/mustafa/dreem-experiments/paper-plots/uncertainty-microscopy/no-post-processing-no-weight-iou-entropies/11-2.frame_meta_entropy_histogram.csv,Lysosomes - Airyscan Confocal,11-2.
0.0286576092181223,Correctly Tracked,/root/vast/mustafa/dreem-experiments/paper-plots/uncertainty-microscopy/no-post-processing-no-weight-iou-entropies/11-2.frame_meta_entropy_histogram.csv,Lysosomes - Airyscan Confocal,11-2.
0.0956451801080518,Correctly Tracked,/root/vast/mustafa/dreem-experiments/paper-plots/uncertainty-microscopy/no-post-processing-no-weight-iou-entropies/11-2.frame_meta_entropy_histogram.csv,Lysosomes - Airyscan Confocal,11-2.
0.010490284894932,Correctly Tracked,/root/vast/mustafa/dreem-experiments/paper-plots/uncertainty-microscopy/no-post-processing-no-weight-iou-entropies/11-2.frame_meta_entropy_histogram.csv,Lysosomes - Airyscan Confocal,11-2.
0.0233022664927063,Correctly Tracked,/root/vast/mustafa/dreem-experiments/paper-plots/uncertainty-microscopy/no-post-processing-no-weight-iou-entropies/11-2.frame_meta_entropy_histogram.csv,Lysosomes - Airyscan Confocal,11-2.
0.0005969096066673,Correctly Tracked,/root/vast/mustafa/dreem-experiments/paper-plots/uncertainty-microscopy/no-post-processing-no-weight-iou-entropies/11-2.frame_meta_entropy_histogram.csv,Lysosomes - Airyscan Confocal,11-2.
0.1146619263486524,Correctly Tracked,/root/vast/mustafa/dreem-experiments/paper-plots/uncertainty-microscopy/no-post-processing-no-weight-iou-entropies/11-2.frame_meta_entropy_histogram.csv,Lysosomes - Airyscan Confocal,11-2.
0.1025777934721303,Correctly Tracked,/root/vast/mustafa/dreem-experiments/paper-plots/uncertainty-microscopy/no-post-processing-no-weight-iou-entropies/11-2.frame_meta_entropy_histogram.csv,Lysosomes - Airyscan Confocal,11-2.
0.0631379411854383,Correctly Tracked,/root/vast/mustafa/dreem-experiments/paper-plots/uncertainty-microscopy/no-post-processing-no-weight-iou-entropies/11-2.frame_meta_entropy_histogram.csv,Lysosomes - Airyscan Confocal,11-2.
0.047295888868253,Correctly Tracked,/root/vast/mustafa/dreem-experiments/paper-plots/uncertainty-microscopy/no-post-processing-no-weight-iou-entropies/11-2.frame_meta_entropy_histogram.csv,Lysosomes - Airyscan Confocal,11-2.
0.0302655805494092,Correctly Tracked,/root/vast/mustafa/dreem-experiments/paper-plots/uncertainty-microscopy/no-post-processing-no-weight-iou-entropies/11-2.frame_meta_entropy_histogram.csv,Lysosomes - Airyscan Confocal,11-2.
0.0375832775214191,Correctly Tracked,/root/vast/mustafa/dreem-experiments/paper-plots/uncertainty-microscopy/no-post-processing-no-weight-iou-entropies/11-2.frame_meta_entropy_histogram.csv,Lysosomes - Airyscan Confocal,11-2.
0.0512953101133321,Correctly Tracked,/root/vast/mustafa/dreem-experiments/paper-plots/uncertainty-microscopy/no-post-processing-no-weight-iou-entropies/11-2.frame_meta_entropy_histogram.csv,Lysosomes - Airyscan Confocal,11-2.
0.0134427364786622,Correctly Tracked,/root/vast/mustafa/dreem-experiments/paper-plots/uncertainty-microscopy/no-post-processing-no-weight-iou-entropies/11-2.frame_meta_entropy_histogram.csv,Lysosomes - Airyscan Confocal,11-2.
0.0007005877596199,Correctly Tracked,/root/vast/mustafa/dreem-experiments/paper-plots/uncertainty-microscopy/no-post-processing-no-weight-iou-entropies/11-2.frame_meta_entropy_histogram.csv,Lysosomes - Airyscan Confocal,11-2.
0.0692145336587129,Correctly Tracked,/root/vast/mustafa/dreem-experiments/paper-plots/uncertainty-microscopy/no-post-processing-no-weight-iou-entropies/11-2.frame_meta_entropy_histogram.csv,Lysosomes - Airyscan Confocal,11-2.
0.0409675223604947,Correctly Tracked,/root/vast/mustafa/dreem-experiments/paper-plots/uncertainty-microscopy/no-post-processing-no-weight-iou-entropies/11-2.frame_meta_entropy_histogram.csv,Lysosomes - Airyscan Confocal,11-2.
0.0560988214218758,Correctly Tracked,/root/vast/mustafa/dreem-experiments/paper-plots/uncertainty-microscopy/no-post-processing-no-weight-iou-entropies/11-2.frame_meta_entropy_histogram.csv,Lysosomes - Airyscan Confocal,11-2.
0.039759350863352,Correctly Tracked,/root/vast/mustafa/dreem-experiments/paper-plots/uncertainty-microscopy/no-post-processing-no-weight-iou-entropies/11-2.frame_meta_entropy_histogram.csv,Lysosomes - Airyscan Confocal,11-2.
0.0547739383160048,Correctly Tracked,/root/vast/mustafa/dreem-experiments/paper-plots/uncertainty-microscopy/no-post-processing-no-weight-iou-entropies/11-2.frame_meta_entropy_histogram.csv,Lysosomes - Airyscan Confocal,11-2.
0.0364757017026699,Correctly Tracked,/root/vast/mustafa/dreem-experiments/paper-plots/uncertainty-microscopy/no-post-processing-no-weight-iou-entropies/11-2.frame_meta_entropy_histogram.csv,Lysosomes - Airyscan Confocal,11-2.
0.0334173353071096,Correctly Tracked,/root/vast/mustafa/dreem-experiments/paper-plots/uncertainty-microscopy/no-post-processing-no-weight-iou-entropies/11-2.frame_meta_entropy_histogram.csv,Lysosomes - Airyscan Confocal,11-2.
0.0476924562365238,Correctly Tracked,/root/vast/mustafa/dreem-experiments/paper-plots/uncertainty-microscopy/no-post-processing-no-weight-iou-entropies/11-2.frame_meta_entropy_histogram.csv,Lysosomes - Airyscan Confocal,11-2.
0.0215457950605464,Correctly Tracked,/root/vast/mustafa/dreem-experiments/paper-plots/uncertainty-microscopy/no-post-processing-no-weight-iou-entropies/11-2.frame_meta_entropy_histogram.csv,Lysosomes - Airyscan Confocal,11-2.
0.0190470731632476,Correctly Tracked,/root/vast/mustafa/dreem-experiments/paper-plots/uncertainty-microscopy/no-post-processing-no-weight-iou-entropies/11-2.frame_meta_entropy_histogram.csv,Lysosomes - Airyscan Confocal,11-2.
0.2331728482816963,Correctly Tracked,/root/vast/mustafa/dreem-experiments/paper-plots/uncertainty-microscopy/no-post-processing-no-weight-iou-entropies/11-2.frame_meta_entropy_histogram.csv,Lysosomes - Airyscan Confocal,11-2.
0.0011763060760478,Correctly Tracked,/root/vast/mustafa/dreem-experiments/paper-plots/uncertainty-microscopy/no-post-processing-no-weight-iou-entropies/11-2.frame_meta_entropy_histogram.csv,Lysosomes - Airyscan Confocal,11-2.
0.0194274988239437,Correctly Tracked,/root/vast/mustafa/dreem-experiments/paper-plots/uncertainty-microscopy/no-post-processing-no-weight-iou-entropies/11-2.frame_meta_entropy_histogram.csv,Lysosomes - Airyscan Confocal,11-2.
0.0152636071890618,Correctly Tracked,/root/vast/mustafa/dreem-experiments/paper-plots/uncertainty-microscopy/no-post-processing-no-weight-iou-entropies/11-2.frame_meta_entropy_histogram.csv,Lysosomes - Airyscan Confocal,11-2.
0.0175741681243021,Correctly Tracked,/root/vast/mustafa/dreem-experiments/paper-plots/uncertainty-microscopy/no-post-processing-no-weight-iou-entropies/11-2.frame_meta_entropy_histogram.csv,Lysosomes - Airyscan Confocal,11-2.
0.0089417500787888,Correctly Tracked,/root/vast/mustafa/dreem-experiments/paper-plots/uncertainty-microscopy/no-post-processing-no-weight-iou-entropies/11-2.frame_meta_entropy_histogram.csv,Lysosomes - Airyscan Confocal,11-2.
0.0098966099290926,Correctly Tracked,/root/vast/mustafa/dreem-experiments/paper-plots/uncertainty-microscopy/no-post-processing-no-weight-iou-entropies/11-2.frame_meta_entropy_histogram.csv,Lysosomes - Airyscan Confocal,11-2.
0.0084192144949707,Correctly Tracked,/root/vast/mustafa/dreem-experiments/paper-plots/uncertainty-microscopy/no-post-processing-no-weight-iou-entropies/11-2.frame_meta_entropy_histogram.csv,Lysosomes - Airyscan Confocal,11-2.
0.016749639287385,Correctly Tracked,/root/vast/mustafa/dreem-experiments/paper-plots/uncertainty-microscopy/no-post-processing-no-weight-iou-entropies/11-2.frame_meta_entropy_histogram.csv,Lysosomes - Airyscan Confocal,11-2.
0.0166250385544101,Correctly Tracked,/root/vast/mustafa/dreem-experiments/paper-plots/uncertainty-microscopy/no-post-processing-no-weight-iou-entropies/11-2.frame_meta_entropy_histogram.csv,Lysosomes - Airyscan Confocal,11-2.
0.026266169615226,Correctly Tracked,/root/vast/mustafa/dreem-experiments/paper-plots/uncertainty-microscopy/no-post-processing-no-weight-iou-entropies/11-2.frame_meta_entropy_histogram.csv,Lysosomes - Airyscan Confocal,11-2.
0.0010111542810211,Correctly Tracked,/root/vast/mustafa/dreem-experiments/paper-plots/uncertainty-microscopy/no-post-processing-no-weight-iou-entropies/11-2.frame_meta_entropy_histogram.csv,Lysosomes - Airyscan Confocal,11-2.
0.0328137844362645,Correctly Tracked,/root/vast/mustafa/dreem-experiments/paper-plots/uncertainty-microscopy/no-post-processing-no-weight-iou-entropies/11-2.frame_meta_entropy_histogram.csv,Lysosomes - Airyscan Confocal,11-2.
0.005513112966159,Correctly Tracked,/root/vast/mustafa/dreem-experiments/paper-plots/uncertainty-microscopy/no-post-processing-no-weight-iou-entropies/11-2.frame_meta_entropy_histogram.csv,Lysosomes - Airyscan Confocal,11-2.
0.0047060656088561,Correctly Tracked,/root/vast/mustafa/dreem-experiments/paper-plots/uncertainty-microscopy/no-post-processing-no-weight-iou-entropies/11-2.frame_meta_entropy_histogram.csv,Lysosomes - Airyscan Confocal,11-2.
0.0077632256295929,Correctly Tracked,/root/vast/mustafa/dreem-experiments/paper-plots/uncertainty-microscopy/no-post-processing-no-weight-iou-entropies/11-2.frame_meta_entropy_histogram.csv,Lysosomes - Airyscan Confocal,11-2.
0.0093498198958978,Correctly Tracked,/root/vast/mustafa/dreem-experiments/paper-plots/uncertainty-microscopy/no-post-processing-no-weight-iou-entropies/11-2.frame_meta_entropy_histogram.csv,Lysosomes - Airyscan Confocal,11-2.
0.0335191347826026,Correctly Tracked,/root/vast/mustafa/dreem-experiments/paper-plots/uncertainty-microscopy/no-post-processing-no-weight-iou-entropies/11-2.frame_meta_entropy_histogram.csv,Lysosomes - Airyscan Confocal,11-2.
0.0240052298666372,Correctly Tracked,/root/vast/mustafa/dreem-experiments/paper-plots/uncertainty-microscopy/no-post-processing-no-weight-iou-entropies/11-2.frame_meta_entropy_histogram.csv,Lysosomes - Airyscan Confocal,11-2.
0.0116716416183531,Correctly Tracked,/root/vast/mustafa/dreem-experiments/paper-plots/uncertainty-microscopy/no-post-processing-no-weight-iou-entropies/11-2.frame_meta_entropy_histogram.csv,Lysosomes - Airyscan Confocal,11-2.
0.0200027926844993,Correctly Tracked,/root/vast/mustafa/dreem-experiments/paper-plots/uncertainty-microscopy/no-post-processing-no-weight-iou-entropies/11-2.frame_meta_entropy_histogram.csv,Lysosomes - Airyscan Confocal,11-2.
0.0019104153638671,Correctly Tracked,/root/vast/mustafa/dreem-experiments/paper-plots/uncertainty-microscopy/no-post-processing-no-weight-iou-entropies/11-2.frame_meta_entropy_histogram.csv,Lysosomes - Airyscan Confocal,11-2.
0.0667666032347533,Correctly Tracked,/root/vast/mustafa/dreem-experiments/paper-plots/uncertainty-microscopy/no-post-processing-no-weight-iou-entropies/11-2.frame_meta_entropy_histogram.csv,Lysosomes - Airyscan Confocal,11-2.
0.0584347909824057,Correctly Tracked,/root/vast/mustafa/dreem-experiments/paper-plots/uncertainty-microscopy/no-post-processing-no-weight-iou-entropies/11-2.frame_meta_entropy_histogram.csv,Lysosomes - Airyscan Confocal,11-2.
0.0590923786810833,Correctly Tracked,/root/vast/mustafa/dreem-experiments/paper-plots/uncertainty-microscopy/no-post-processing-no-weight-iou-entropies/11-2.frame_meta_entropy_histogram.csv,Lysosomes - Airyscan Confocal,11-2.
0.0405726124687443,Correctly Tracked,/root/vast/mustafa/dreem-experiments/paper-plots/uncertainty-microscopy/no-post-processing-no-weight-iou-entropies/11-2.frame_meta_entropy_histogram.csv,Lysosomes - Airyscan Confocal,11-2.
0.0281163774022636,Correctly Tracked,/root/vast/mustafa/dreem-experiments/paper-plots/uncertainty-microscopy/no-post-processing-no-weight-iou-entropies/11-2.frame_meta_entropy_histogram.csv,Lysosomes - Airyscan Confocal,11-2.
0.0170747392582578,Correctly Tracked,/root/vast/mustafa/dreem-experiments/paper-plots/uncertainty-microscopy/no-post-processing-no-weight-iou-entropies/11-2.frame_meta_entropy_histogram.csv,Lysosomes - Airyscan Confocal,11-2.
0.0172026124118277,Correctly Tracked,/root/vast/mustafa/dreem-experiments/paper-plots/uncertainty-microscopy/no-post-processing-no-weight-iou-entropies/11-2.frame_meta_entropy_histogram.csv,Lysosomes - Airyscan Confocal,11-2.
0.0357423057194087,Correctly Tracked,/root/vast/mustafa/dreem-experiments/paper-plots/uncertainty-microscopy/no-post-processing-no-weight-iou-entropies/11-2.frame_meta_entropy_histogram.csv,Lysosomes - Airyscan Confocal,11-2.
0.0021063882795605,Correctly Tracked,/root/vast/mustafa/dreem-experiments/paper-plots/uncertainty-microscopy/no-post-processing-no-weight-iou-entropies/11-2.frame_meta_entropy_histogram.csv,Lysosomes - Airyscan Confocal,11-2.
0.0477904045923879,Correctly Tracked,/root/vast/mustafa/dreem-experiments/paper-plots/uncertainty-microscopy/no-post-processing-no-weight-iou-entropies/11-2.frame_meta_entropy_histogram.csv,Lysosomes - Airyscan Confocal,11-2.
0.0361051693466163,Correctly Tracked,/root/vast/mustafa/dreem-experiments/paper-plots/uncertainty-microscopy/no-post-processing-no-weight-iou-entropies/11-2.frame_meta_entropy_histogram.csv,Lysosomes - Airyscan Confocal,11-2.
0.0374095466582113,Correctly Tracked,/root/vast/mustafa/dreem-experiments/paper-plots/uncertainty-microscopy/no-post-processing-no-weight-iou-entropies/11-2.frame_meta_entropy_histogram.csv,Lysosomes - Airyscan Confocal,11-2.
0.0429506994614144,Correctly Tracked,/root/vast/mustafa/dreem-experiments/paper-plots/uncertainty-microscopy/no-post-processing-no-weight-iou-entropies/11-2.frame_meta_entropy_histogram.csv,Lysosomes - Airyscan Confocal,11-2.
0.0534384195209845,Correctly Tracked,/root/vast/mustafa/dreem-experiments/paper-plots/uncertainty-microscopy/no-post-processing-no-weight-iou-entropies/11-2.frame_meta_entropy_histogram.csv,Lysosomes - Airyscan Confocal,11-2.
0.0842746076287501,Correctly Tracked,/root/vast/mustafa/dreem-experiments/paper-plots/uncertainty-microscopy/no-post-processing-no-weight-iou-entropies/11-2.frame_meta_entropy_histogram.csv,Lysosomes - Airyscan Confocal,11-2.
0.1114986156543411,Correctly Tracked,/root/vast/mustafa/dreem-experiments/paper-plots/uncertainty-microscopy/no-post-processing-no-weight-iou-entropies/11-2.frame_meta_entropy_histogram.csv,Lysosomes - Airyscan Confocal,11-2.
0.1161664201061339,Correctly Tracked,/root/vast/mustafa/dreem-experiments/paper-plots/uncertainty-microscopy/no-post-processing-no-weight-iou-entropies/11-2.frame_meta_entropy_histogram.csv,Lysosomes - Airyscan Confocal,11-2.
0.1122965965119687,Correctly Tracked,/root/vast/mustafa/dreem-experiments/paper-plots/uncertainty-microscopy/no-post-processing-no-weight-iou-entropies/11-2.frame_meta_entropy_histogram.csv,Lysosomes - Airyscan Confocal,11-2.
0.1205540053393028,Correctly Tracked,/root/vast/mustafa/dreem-experiments/paper-plots/uncertainty-microscopy/no-post-processing-no-weight-iou-entropies/11-2.frame_meta_entropy_histogram.csv,Lysosomes - Airyscan Confocal,11-2.
0.0025537861092458,Correctly Tracked,/root/vast/mustafa/dreem-experiments/paper-plots/uncertainty-microscopy/no-post-processing-no-weight-iou-entropies/11-2.frame_meta_entropy_histogram.csv,Lysosomes - Airyscan Confocal,11-2.
0.0960223939246665,Correctly Tracked,/root/vast/mustafa/dreem-experiments/paper-plots/uncertainty-microscopy/no-post-processing-no-weight-iou-entropies/11-2.frame_meta_entropy_histogram.csv,Lysosomes - Airyscan Confocal,11-2.
0.0788535922294473,Correctly Tracked,/root/vast/mustafa/dreem-experiments/paper-plots/uncertainty-microscopy/no-post-processing-no-weight-iou-entropies/11-2.frame_meta_entropy_histogram.csv,Lysosomes - Airyscan Confocal,11-2.
0.0809982173388011,Correctly Tracked,/root/vast/mustafa/dreem-experiments/paper-plots/uncertainty-microscopy/no-post-processing-no-weight-iou-entropies/11-2.frame_meta_entropy_histogram.csv,Lysosomes - Airyscan Confocal,11-2.
0.0606706623652706,Correctly Tracked,/root/vast/mustafa/dreem-experiments/paper-plots/uncertainty-microscopy/no-post-processing-no-weight-iou-entropies/11-2.frame_meta_entropy_histogram.csv,Lysosomes - Airyscan Confocal,11-2.
0.0495714108014074,Correctly Tracked,/root/vast/mustafa/dreem-experiments/paper-plots/uncertainty-microscopy/no-post-processing-no-weight-iou-entropies/11-2.frame_meta_entropy_histogram.csv,Lysosomes - Airyscan Confocal,11-2.
0.0437395783756619,Correctly Tracked,/root/vast/mustafa/dreem-experiments/paper-plots/uncertainty-microscopy/no-post-processing-no-weight-iou-entropies/11-2.frame_meta_entropy_histogram.csv,Lysosomes - Airyscan Confocal,11-2.
0.0472374415546875,Correctly Tracked,/root/vast/mustafa/dreem-experiments/paper-plots/uncertainty-microscopy/no-post-processing-no-weight-iou-entropies/11-2.frame_meta_entropy_histogram.csv,Lysosomes - Airyscan Confocal,11-2.
0.0542452780600057,Correctly Tracked,/root/vast/mustafa/dreem-experiments/paper-plots/uncertainty-microscopy/no-post-processing-no-weight-iou-entropies/11-2.frame_meta_entropy_histogram.csv,Lysosomes - Airyscan Confocal,11-2.
0.0030450199074285,Correctly Tracked,/root/vast/mustafa/dreem-experiments/paper-plots/uncertainty-microscopy/no-post-processing-no-weight-iou-entropies/11-2.frame_meta_entropy_histogram.csv,Lysosomes - Airyscan Confocal,11-2.
0.0633986367226234,Correctly Tracked,/root/vast/mustafa/dreem-experiments/paper-plots/uncertainty-microscopy/no-post-processing-no-weight-iou-entropies/11-2.frame_meta_entropy_histogram.csv,Lysosomes - Airyscan Confocal,11-2.
0.0756781352997333,Correctly Tracked,/root/vast/mustafa/dreem-experiments/paper-plots/uncertainty-microscopy/no-post-processing-no-weight-iou-entropies/11-2.frame_meta_entropy_histogram.csv,Lysosomes - Airyscan Confocal,11-2.
0.0991154461741272,Correctly Tracked,/root/vast/mustafa/dreem-experiments/paper-plots/uncertainty-microscopy/no-post-processing-no-weight-iou-entropies/11-2.frame_meta_entropy_histogram.csv,Lysosomes - Airyscan Confocal,11-2.
0.0483019126730114,Correctly Tracked,/root/vast/mustafa/dreem-experiments/paper-plots/uncertainty-microscopy/no-post-processing-no-weight-iou-entropies/11-2.frame_meta_entropy_histogram.csv,Lysosomes - Airyscan Confocal,11-2.
0.0477992977401254,Correctly Tracked,/root/vast/mustafa/dreem-experiments/paper-plots/uncertainty-microscopy/no-post-processing-no-weight-iou-entropies/11-2.frame_meta_entropy_histogram.csv,Lysosomes - Airyscan Confocal,11-2.
0.0577367948825879,Correctly Tracked,/root/vast/mustafa/dreem-experiments/paper-plots/uncertainty-microscopy/no-post-processing-no-weight-iou-entropies/11-2.frame_meta_entropy_histogram.csv,Lysosomes - Airyscan Confocal,11-2.
0.0574867247236562,Correctly Tracked,/root/vast/mustafa/dreem-experiments/paper-plots/uncertainty-microscopy/no-post-processing-no-weight-iou-entropies/11-2.frame_meta_entropy_histogram.csv,Lysosomes - Airyscan Confocal,11-2.
0.0358176551691235,Correctly Tracked,/root/vast/mustafa/dreem-experiments/paper-plots/uncertainty-microscopy/no-post-processing-no-weight-iou-entropies/11-2.frame_meta_entropy_histogram.csv,Lysosomes - Airyscan Confocal,11-2.
0.0066831573478855,Correctly Tracked,/root/vast/mustafa/dreem-experiments/paper-plots/uncertainty-microscopy/no-post-processing-no-weight-iou-entropies/11-2.frame_meta_entropy_histogram.csv,Lysosomes - Airyscan Confocal,11-2.
0.034439446687239,Correctly Tracked,/root/vast/mustafa/dreem-experiments/paper-plots/uncertainty-microscopy/no-post-processing-no-weight-iou-entropies/11-2.frame_meta_entropy_histogram.csv,Lysosomes - Airyscan Confocal,11-2.
0.0279587547362186,Correctly Tracked,/root/vast/mustafa/dreem-experiments/paper-plots/uncertainty-microscopy/no-post-processing-no-weight-iou-entropies/11-2.frame_meta_entropy_histogram.csv,Lysosomes - Airyscan Confocal,11-2.
0.0480051908654554,Correctly Tracked,/root/vast/mustafa/dreem-experiments/paper-plots/uncertainty-microscopy/no-post-processing-no-weight-iou-entropies/11-2.frame_meta_entropy_histogram.csv,Lysosomes - Airyscan Confocal,11-2.
0.0332876757908202,Correctly Tracked,/root/vast/mustafa/dreem-experiments/paper-plots/uncertainty-microscopy/no-post-processing-no-weight-iou-entropies/11-2.frame_meta_entropy_histogram.csv,Lysosomes - Airyscan Confocal,11-2.
0.0283269310525528,Correctly Tracked,/root/vast/mustafa/dreem-experiments/paper-plots/uncertainty-microscopy/no-post-processing-no-weight-iou-entropies/11-2.frame_meta_entropy_histogram.csv,Lysosomes - Airyscan Confocal,11-2.
0.024375589515184,Correctly Tracked,/root/vast/mustafa/dreem-experiments/paper-plots/uncertainty-microscopy/no-post-processing-no-weight-iou-entropies/11-2.frame_meta_entropy_histogram.csv,Lysosomes - Airyscan Confocal,11-2.
0.0540204592852007,Correctly Tracked,/root/vast/mustafa/dreem-experiments/paper-plots/uncertainty-microscopy/no-post-processing-no-weight-iou-entropies/11-2.frame_meta_entropy_histogram.csv,Lysosomes - Airyscan Confocal,11-2.
0.0305640912974086,Correctly Tracked,/root/vast/mustafa/dreem-experiments/paper-plots/uncertainty-microscopy/no-post-processing-no-weight-iou-entropies/11-2.frame_meta_entropy_histogram.csv,Lysosomes - Airyscan Confocal,11-2.
0.0272841849919482,Correctly Tracked,/root/vast/mustafa/dreem-experiments/paper-plots/uncertainty-microscopy/no-post-processing-no-weight-iou-entropies/11-2.frame_meta_entropy_histogram.csv,Lysosomes - Airyscan Confocal,11-2.
0.0324692432711203,Correctly Tracked,/root/vast/mustafa/dreem-experiments/paper-plots/uncertainty-microscopy/no-post-processing-no-weight-iou-entropies/11-2.frame_meta_entropy_histogram.csv,Lysosomes - Airyscan Confocal,11-2.
0.0267944277462839,Correctly Tracked,/root/vast/mustafa/dreem-experiments/paper-plots/uncertainty-microscopy/no-post-processing-no-weight-iou-entropies/11-2.frame_meta_entropy_histogram.csv,Lysosomes - Airyscan Confocal,11-2.
0.0442111265791181,Correctly Tracked,/root/vast/mustafa/dreem-experiments/paper-plots/uncertainty-microscopy/no-post-processing-no-weight-iou-entropies/11-2.frame_meta_entropy_histogram.csv,Lysosomes - Airyscan Confocal,11-2.
0.0331322338792639,Correctly Tracked,/root/vast/mustafa/dreem-experiments/paper-plots/uncertainty-microscopy/no-post-processing-no-weight-iou-entropies/11-2.frame_meta_entropy_histogram.csv,Lysosomes - Airyscan Confocal,11-2.
0.0365024069231224,Correctly Tracked,/root/vast/mustafa/dreem-experiments/paper-plots/uncertainty-microscopy/no-post-processing-no-weight-iou-entropies/11-2.frame_meta_entropy_histogram.csv,Lysosomes - Airyscan Confocal,11-2.
0.0279359521898747,Correctly Tracked,/root/vast/mustafa/dreem-experiments/paper-plots/uncertainty-microscopy/no-post-processing-no-weight-iou-entropies/11-2.frame_meta_entropy_histogram.csv,Lysosomes - Airyscan Confocal,11-2.
0.0425415914659716,Correctly Tracked,/root/vast/mustafa/dreem-experiments/paper-plots/uncertainty-microscopy/no-post-processing-no-weight-iou-entropies/11-2.frame_meta_entropy_histogram.csv,Lysosomes - Airyscan Confocal,11-2.
0.0223859835706536,Correctly Tracked,/root/vast/mustafa/dreem-experiments/paper-plots/uncertainty-microscopy/no-post-processing-no-weight-iou-entropies/11-2.frame_meta_entropy_histogram.csv,Lysosomes - Airyscan Confocal,11-2.
0.0115411262977017,Correctly Tracked,/root/vast/mustafa/dreem-experiments/paper-plots/uncertainty-microscopy/no-post-processing-no-weight-iou-entropies/11-2.frame_meta_entropy_histogram.csv,Lysosomes - Airyscan Confocal,11-2.
0.0159952554754632,Correctly Tracked,/root/vast/mustafa/dreem-experiments/paper-plots/uncertainty-microscopy/no-post-processing-no-weight-iou-entropies/11-2.frame_meta_entropy_histogram.csv,Lysosomes - Airyscan Confocal,11-2.
0.0081421497660696,Correctly Tracked,/root/vast/mustafa/dreem-experiments/paper-plots/uncertainty-microscopy/no-post-processing-no-weight-iou-entropies/11-2.frame_meta_entropy_histogram.csv,Lysosomes - Airyscan Confocal,11-2.
0.012765164974815,Correctly Tracked,/root/vast/mustafa/dreem-experiments/paper-plots/uncertainty-microscopy/no-post-processing-no-weight-iou-entropies/11-2.frame_meta_entropy_histogram.csv,Lysosomes - Airyscan Confocal,11-2.
0.0237359350422485,Correctly Tracked,/root/vast/mustafa/dreem-experiments/paper-plots/uncertainty-microscopy/no-post-processing-no-weight-iou-entropies/11-2.frame_meta_entropy_histogram.csv,Lysosomes - Airyscan Confocal,11-2.
0.0351013546513103,Correctly Tracked,/root/vast/mustafa/dreem-experiments/paper-plots/uncertainty-microscopy/no-post-processing-no-weight-iou-entropies/11-2.frame_meta_entropy_histogram.csv,Lysosomes - Airyscan Confocal,11-2.
0.019652280221751,Correctly Tracked,/root/vast/mustafa/dreem-experiments/paper-plots/uncertainty-microscopy/no-post-processing-no-weight-iou-entropies/11-2.frame_meta_entropy_histogram.csv,Lysosomes - Airyscan Confocal,11-2.
0.0230544002877791,Correctly Tracked,/root/vast/mustafa/dreem-experiments/paper-plots/uncertainty-microscopy/no-post-processing-no-weight-iou-entropies/11-2.frame_meta_entropy_histogram.csv,Lysosomes - Airyscan Confocal,11-2.
0.0334880628977249,Correctly Tracked,/root/vast/mustafa/dreem-experiments/paper-plots/uncertainty-microscopy/no-post-processing-no-weight-iou-entropies/11-2.frame_meta_entropy_histogram.csv,Lysosomes - Airyscan Confocal,11-2.
0.0384772966414402,Correctly Tracked,/root/vast/mustafa/dreem-experiments/paper-plots/uncertainty-microscopy/no-post-processing-no-weight-iou-entropies/11-2.frame_meta_entropy_histogram.csv,Lysosomes - Airyscan Confocal,11-2.
0.0098400881753415,Correctly Tracked,/root/vast/mustafa/dreem-experiments/paper-plots/uncertainty-microscopy/no-post-processing-no-weight-iou-entropies/11-2.frame_meta_entropy_histogram.csv,Lysosomes - Airyscan Confocal,11-2.
0.0443114051974618,Correctly Tracked,/root/vast/mustafa/dreem-experiments/paper-plots/uncertainty-microscopy/no-post-processing-no-weight-iou-entropies/11-2.frame_meta_entropy_histogram.csv,Lysosomes - Airyscan Confocal,11-2.
0.0544300390041321,Correctly Tracked,/root/vast/mustafa/dreem-experiments/paper-plots/uncertainty-microscopy/no-post-processing-no-weight-iou-entropies/11-2.frame_meta_entropy_histogram.csv,Lysosomes - Airyscan Confocal,11-2.
0.0306042161489108,Correctly Tracked,/root/vast/mustafa/dreem-experiments/paper-plots/uncertainty-microscopy/no-post-processing-no-weight-iou-entropies/11-2.frame_meta_entropy_histogram.csv,Lysosomes - Airyscan Confocal,11-2.
0.0397104772166553,Correctly Tracked,/root/vast/mustafa/dreem-experiments/paper-plots/uncertainty-microscopy/no-post-processing-no-weight-iou-entropies/11-2.frame_meta_entropy_histogram.csv,Lysosomes - Airyscan Confocal,11-2.
0.0432546466292917,Correctly Tracked,/root/vast/mustafa/dreem-experiments/paper-plots/uncertainty-microscopy/no-post-processing-no-weight-iou-entropies/11-2.frame_meta_entropy_histogram.csv,Lysosomes - Airyscan Confocal,11-2.
0.0505968448677496,Correctly Tracked,/root/vast/mustafa/dreem-experiments/paper-plots/uncertainty-microscopy/no-post-processing-no-weight-iou-entropies/11-2.frame_meta_entropy_histogram.csv,Lysosomes - Airyscan Confocal,11-2.
0.0386695639178019,Correctly Tracked,/root/vast/mustafa/dreem-experiments/paper-plots/uncertainty-microscopy/no-post-processing-no-weight-iou-entropies/11-2.frame_meta_entropy_histogram.csv,Lysosomes - Airyscan Confocal,11-2.
0.1484561145910193,Correctly Tracked,/root/vast/mustafa/dreem-experiments/paper-plots/uncertainty-microscopy/no-post-processing-no-weight-iou-entropies/11-2.frame_meta_entropy_histogram.csv,Lysosomes - Airyscan Confocal,11-2.
0.0177176622852023,Correctly Tracked,/root/vast/mustafa/dreem-experiments/paper-plots/uncertainty-microscopy/no-post-processing-no-weight-iou-entropies/11-2.frame_meta_entropy_histogram.csv,Lysosomes - Airyscan Confocal,11-2.
0.0401507473173151,Correctly Tracked,/root/vast/mustafa/dreem-experiments/paper-plots/uncertainty-microscopy/no-post-processing-no-weight-iou-entropies/11-2.frame_meta_entropy_histogram.csv,Lysosomes - Airyscan Confocal,11-2.
0.0513766476158568,Correctly Tracked,/root/vast/mustafa/dreem-experiments/paper-plots/uncertainty-microscopy/no-post-processing-no-weight-iou-entropies/11-2.frame_meta_entropy_histogram.csv,Lysosomes - Airyscan Confocal,11-2.
0.0517937852215032,Correctly Tracked,/root/vast/mustafa/dreem-experiments/paper-plots/uncertainty-microscopy/no-post-processing-no-weight-iou-entropies/11-2.frame_meta_entropy_histogram.csv,Lysosomes - Airyscan Confocal,11-2.
0.0551455069170992,Correctly Tracked,/root/vast/mustafa/dreem-experiments/paper-plots/uncertainty-microscopy/no-post-processing-no-weight-iou-entropies/11-2.frame_meta_entropy_histogram.csv,Lysosomes - Airyscan Confocal,11-2.
0.0632787931792571,Correctly Tracked,/root/vast/mustafa/dreem-experiments/paper-plots/uncertainty-microscopy/no-post-processing-no-weight-iou-entropies/11-2.frame_meta_entropy_histogram.csv,Lysosomes - Airyscan Confocal,11-2.
0.0755245235722042,Correctly Tracked,/root/vast/mustafa/dreem-experiments/paper-plots/uncertainty-microscopy/no-post-processing-no-weight-iou-entropies/11-2.frame_meta_entropy_histogram.csv,Lysosomes - Airyscan Confocal,11-2.
0.0615206720037488,Correctly Tracked,/root/vast/mustafa/dreem-experiments/paper-plots/uncertainty-microscopy/no-post-processing-no-weight-iou-entropies/11-2.frame_meta_entropy_histogram.csv,Lysosomes - Airyscan Confocal,11-2.
0.0616251987112147,Correctly Tracked,/root/vast/mustafa/dreem-experiments/paper-plots/uncertainty-microscopy/no-post-processing-no-weight-iou-entropies/11-2.frame_meta_entropy_histogram.csv,Lysosomes - Airyscan Confocal,11-2.
0.0635564759174828,Correctly Tracked,/root/vast/mustafa/dreem-experiments/paper-plots/uncertainty-microscopy/no-post-processing-no-weight-iou-entropies/11-2.frame_meta_entropy_histogram.csv,Lysosomes - Airyscan Confocal,11-2.
0.0106286487406773,Correctly Tracked,/root/vast/mustafa/dreem-experiments/paper-plots/uncertainty-microscopy/no-post-processing-no-weight-iou-entropies/11-2.frame_meta_entropy_histogram.csv,Lysosomes - Airyscan Confocal,11-2.
0.0589156602357804,Correctly Tracked,/root/vast/mustafa/dreem-experiments/paper-plots/uncertainty-microscopy/no-post-processing-no-weight-iou-entropies/11-2.frame_meta_entropy_histogram.csv,Lysosomes - Airyscan Confocal,11-2.
0.0574273442740092,Correctly Tracked,/root/vast/mustafa/dreem-experiments/paper-plots/uncertainty-microscopy/no-post-processing-no-weight-iou-entropies/11-2.frame_meta_entropy_histogram.csv,Lysosomes - Airyscan Confocal,11-2.
0.0572213583506159,Correctly Tracked,/root/vast/mustafa/dreem-experiments/paper-plots/uncertainty-microscopy/no-post-processing-no-weight-iou-entropies/11-2.frame_meta_entropy_histogram.csv,Lysosomes - Airyscan Confocal,11-2.
0.0550551473806378,Correctly Tracked,/root/vast/mustafa/dreem-experiments/paper-plots/uncertainty-microscopy/no-post-processing-no-weight-iou-entropies/11-2.frame_meta_entropy_histogram.csv,Lysosomes - Airyscan Confocal,11-2.
0.0538097458160246,Correctly Tracked,/root/vast/mustafa/dreem-experiments/paper-plots/uncertainty-microscopy/no-post-processing-no-weight-iou-entropies/11-2.frame_meta_entropy_histogram.csv,Lysosomes - Airyscan Confocal,11-2.
0.0541671472461144,Correctly Tracked,/root/vast/mustafa/dreem-experiments/paper-plots/uncertainty-microscopy/no-post-processing-no-weight-iou-entropies/11-2.frame_meta_entropy_histogram.csv,Lysosomes - Airyscan Confocal,11-2.
0.0534112760874551,Correctly Tracked,/root/vast/mustafa/dreem-experiments/paper-plots/uncertainty-microscopy/no-post-processing-no-weight-iou-entropies/11-2.frame_meta_entropy_histogram.csv,Lysosomes - Airyscan Confocal,11-2.
0.0506305769637767,Correctly Tracked,/root/vast/mustafa/dreem-experiments/paper-plots/uncertainty-microscopy/no-post-processing-no-weight-iou-entropies/11-2.frame_meta_entropy_histogram.csv,Lysosomes - Airyscan Confocal,11-2.
0.025580876539191,Correctly Tracked,/root/vast/mustafa/dreem-experiments/paper-plots/uncertainty-microscopy/no-post-processing-no-weight-iou-entropies/11-2.frame_meta_entropy_histogram.csv,Lysosomes - Airyscan Confocal,11-2.
0.0418701407677194,Correctly Tracked,/root/vast/mustafa/dreem-experiments/paper-plots/uncertainty-microscopy/no-post-processing-no-weight-iou-entropies/11-2.frame_meta_entropy_histogram.csv,Lysosomes - Airyscan Confocal,11-2.
0.0440968199868649,Correctly Tracked,/root/vast/mustafa/dreem-experiments/paper-plots/uncertainty-microscopy/no-post-processing-no-weight-iou-entropies/11-2.frame_meta_entropy_histogram.csv,Lysosomes - Airyscan Confocal,11-2.
0.0471070654311312,Correctly Tracked,/root/vast/mustafa/dreem-experiments/paper-plots/uncertainty-microscopy/no-post-processing-no-weight-iou-entropies/11-2.frame_meta_entropy_histogram.csv,Lysosomes - Airyscan Confocal,11-2.
0.0477547392033744,Correctly Tracked,/root/vast/mustafa/dreem-experiments/paper-plots/uncertainty-microscopy/no-post-processing-no-weight-iou-entropies/11-2.frame_meta_entropy_histogram.csv,Lysosomes - Airyscan Confocal,11-2.
0.0435925862433182,Correctly Tracked,/root/vast/mustafa/dreem-experiments/paper-plots/uncertainty-microscopy/no-post-processing-no-weight-iou-entropies/11-2.frame_meta_entropy_histogram.csv,Lysosomes - Airyscan Confocal,11-2.
0.0433497543333277,Correctly Tracked,/root/vast/mustafa/dreem-experiments/paper-plots/uncertainty-microscopy/no-post-processing-no-weight-iou-entropies/11-2.frame_meta_entropy_histogram.csv,Lysosomes - Airyscan Confocal,11-2.
0.0539261661419429,Correctly Tracked,/root/vast/mustafa/dreem-experiments/paper-plots/uncertainty-microscopy/no-post-processing-no-weight-iou-entropies/11-2.frame_meta_entropy_histogram.csv,Lysosomes - Airyscan Confocal,11-2.
0.0741971400740707,Correctly Tracked,/root/vast/mustafa/dreem-experiments/paper-plots/uncertainty-microscopy/no-post-processing-no-weight-iou-entropies/11-2.frame_meta_entropy_histogram.csv,Lysosomes - Airyscan Confocal,11-2.
0.0448859798730264,Correctly Tracked,/root/vast/mustafa/dreem-experiments/paper-plots/uncertainty-microscopy/no-post-processing-no-weight-iou-entropies/11-2.frame_meta_entropy_histogram.csv,Lysosomes - Airyscan Confocal,11-2.
0.0410881649982954,Correctly Tracked,/root/vast/mustafa/dreem-experiments/paper-plots/uncertainty-microscopy/no-post-processing-no-weight-iou-entropies/11-2.frame_meta_entropy_histogram.csv,Lysosomes - Airyscan Confocal,11-2.
0.0614465521283733,Correctly Tracked,/root/vast/mustafa/dreem-experiments/paper-plots/uncertainty-microscopy/no-post-processing-no-weight-iou-entropies/11-2.frame_meta_entropy_histogram.csv,Lysosomes - Airyscan Confocal,11-2.
0.1501912527795049,Correctly Tracked,/root/vast/mustafa/dreem-experiments/paper-plots/uncertainty-microscopy/no-post-processing-no-weight-iou-entropies/11-2.frame_meta_entropy_histogram.csv,Lysosomes - Airyscan Confocal,11-2.
0.0630779627038275,Correctly Tracked,/root/vast/mustafa/dreem-experiments/paper-plots/uncertainty-microscopy/no-post-processing-no-weight-iou-entropies/11-2.frame_meta_entropy_histogram.csv,Lysosomes - Airyscan Confocal,11-2.
0.0495419731935342,Correctly Tracked,/root/vast/mustafa/dreem-experiments/paper-plots/uncertainty-microscopy/no-post-processing-no-weight-iou-entropies/11-2.frame_meta_entropy_histogram.csv,Lysosomes - Airyscan Confocal,11-2.
0.0103230144524538,Correctly Tracked,/root/vast/mustafa/dreem-experiments/paper-plots/uncertainty-microscopy/no-post-processing-no-weight-iou-entropies/11-2.frame_meta_entropy_histogram.csv,Lysosomes - Airyscan Confocal,11-2.
0.0428512921137765,Correctly Tracked,/root/vast/mustafa/dreem-experiments/paper-plots/uncertainty-microscopy/no-post-processing-no-weight-iou-entropies/11-2.frame_meta_entropy_histogram.csv,Lysosomes - Airyscan Confocal,11-2.
0.0378718640320883,Correctly Tracked,/root/vast/mustafa/dreem-experiments/paper-plots/uncertainty-microscopy/no-post-processing-no-weight-iou-entropies/11-2.frame_meta_entropy_histogram.csv,Lysosomes - Airyscan Confocal,11-2.
0.0482268441952107,Correctly Tracked,/root/vast/mustafa/dreem-experiments/paper-plots/uncertainty-microscopy/no-post-processing-no-weight-iou-entropies/11-2.frame_meta_entropy_histogram.csv,Lysosomes - Airyscan Confocal,11-2.
0.0455565077460931,Correctly Tracked,/root/vast/mustafa/dreem-experiments/paper-plots/uncertainty-microscopy/no-post-processing-no-weight-iou-entropies/11-2.frame_meta_entropy_histogram.csv,Lysosomes - Airyscan Confocal,11-2.
0.0525228635170946,Correctly Tracked,/root/vast/mustafa/dreem-experiments/paper-plots/uncertainty-microscopy/no-post-processing-no-weight-iou-entropies/11-2.frame_meta_entropy_histogram.csv,Lysosomes - Airyscan Confocal,11-2.
0.0999190155373475,Correctly Tracked,/root/vast/mustafa/dreem-experiments/paper-plots/uncertainty-microscopy/no-post-processing-no-weight-iou-entropies/11-2.frame_meta_entropy_histogram.csv,Lysosomes - Airyscan Confocal,11-2.
0.07915933607094,Correctly Tracked,/root/vast/mustafa/dreem-experiments/paper-plots/uncertainty-microscopy/no-post-processing-no-weight-iou-entropies/11-2.frame_meta_entropy_histogram.csv,Lysosomes - Airyscan Confocal,11-2.
0.0830908394445441,Correctly Tracked,/root/vast/mustafa/dreem-experiments/paper-plots/uncertainty-microscopy/no-post-processing-no-weight-iou-entropies/11-2.frame_meta_entropy_histogram.csv,Lysosomes - Airyscan Confocal,11-2.
0.082108247150781,Correctly Tracked,/root/vast/mustafa/dreem-experiments/paper-plots/uncertainty-microscopy/no-post-processing-no-weight-iou-entropies/11-2.frame_meta_entropy_histogram.csv,Lysosomes - Airyscan Confocal,11-2.
0.0896513531963879,Correctly Tracked,/root/vast/mustafa/dreem-experiments/paper-plots/uncertainty-microscopy/no-post-processing-no-weight-iou-entropies/11-2.frame_meta_entropy_histogram.csv,Lysosomes - Airyscan Confocal,11-2.
0.0152473752611478,Correctly Tracked,/root/vast/mustafa/dreem-experiments/paper-plots/uncertainty-microscopy/no-post-processing-no-weight-iou-entropies/11-2.frame_meta_entropy_histogram.csv,Lysosomes - Airyscan Confocal,11-2.
0.0671892726360648,Correctly Tracked,/root/vast/mustafa/dreem-experiments/paper-plots/uncertainty-microscopy/no-post-processing-no-weight-iou-entropies/11-2.frame_meta_entropy_histogram.csv,Lysosomes - Airyscan Confocal,11-2.
0.0872207863211704,Correctly Tracked,/root/vast/mustafa/dreem-experiments/paper-plots/uncertainty-microscopy/no-post-processing-no-weight-iou-entropies/11-2.frame_meta_entropy_histogram.csv,Lysosomes - Airyscan Confocal,11-2.
0.0443692905671992,Correctly Tracked,/root/vast/mustafa/dreem-experiments/paper-plots/uncertainty-microscopy/no-post-processing-no-weight-iou-entropies/11-2.frame_meta_entropy_histogram.csv,Lysosomes - Airyscan Confocal,11-2.
0.0354918437464318,Correctly Tracked,/root/vast/mustafa/dreem-experiments/paper-plots/uncertainty-microscopy/no-post-processing-no-weight-iou-entropies/11-2.frame_meta_entropy_histogram.csv,Lysosomes - Airyscan Confocal,11-2.
0.0424007729825646,Correctly Tracked,/root/vast/mustafa/dreem-experiments/paper-plots/uncertainty-microscopy/no-post-processing-no-weight-iou-entropies/11-2.frame_meta_entropy_histogram.csv,Lysosomes - Airyscan Confocal,11-2.
0.044109332259073,Correctly Tracked,/root/vast/mustafa/dreem-experiments/paper-plots/uncertainty-microscopy/no-post-processing-no-weight-iou-entropies/11-2.frame_meta_entropy_histogram.csv,Lysosomes - Airyscan Confocal,11-2.
0.0477895642543698,Correctly Tracked,/root/vast/mustafa/dreem-experiments/paper-plots/uncertainty-microscopy/no-post-processing-no-weight-iou-entropies/11-2.frame_meta_entropy_histogram.csv,Lysosomes - Airyscan Confocal,11-2.
0.0545157122383944,Correctly Tracked,/root/vast/mustafa/dreem-experiments/paper-plots/uncertainty-microscopy/no-post-processing-no-weight-iou-entropies/11-2.frame_meta_entropy_histogram.csv,Lysosomes - Airyscan Confocal,11-2.
0.0334627238709828,Correctly Tracked,/root/vast/mustafa/dreem-experiments/paper-plots/uncertainty-microscopy/no-post-processing-no-weight-iou-entropies/11-2.frame_meta_entropy_histogram.csv,Lysosomes - Airyscan Confocal,11-2.
0.0415307344287471,Correctly Tracked,/root/vast/mustafa/dreem-experiments/paper-plots/uncertainty-microscopy/no-post-processing-no-weight-iou-entropies/11-2.frame_meta_entropy_histogram.csv,Lysosomes - Airyscan Confocal,11-2.
0.0474853618918183,Correctly Tracked,/root/vast/mustafa/dreem-experiments/paper-plots/uncertainty-microscopy/no-post-processing-no-weight-iou-entropies/11-2.frame_meta_entropy_histogram.csv,Lysosomes - Airyscan Confocal,11-2.
0.0580594949924335,Correctly Tracked,/root/vast/mustafa/dreem-experiments/paper-plots/uncertainty-microscopy/no-post-processing-no-weight-iou-entropies/11-2.frame_meta_entropy_histogram.csv,Lysosomes - Airyscan Confocal,11-2.
0.0249270033407713,Correctly Tracked,/root/vast/mustafa/dreem-experiments/paper-plots/uncertainty-microscopy/no-post-processing-no-weight-iou-entropies/11-2.frame_meta_entropy_histogram.csv,Lysosomes - Airyscan Confocal,11-2.
0.0182340628859435,Correctly Tracked,/root/vast/mustafa/dreem-experiments/paper-plots/uncertainty-microscopy/no-post-processing-no-weight-iou-entropies/11-2.frame_meta_entropy_histogram.csv,Lysosomes - Airyscan Confocal,11-2.
0.0209830985370904,Correctly Tracked,/root/vast/mustafa/dreem-experiments/paper-plots/uncertainty-microscopy/no-post-processing-no-weight-iou-entropies/11-2.frame_meta_entropy_histogram.csv,Lysosomes - Airyscan Confocal,11-2.
0.0205315534717337,Correctly Tracked,/root/vast/mustafa/dreem-experiments/paper-plots/uncertainty-microscopy/no-post-processing-no-weight-iou-entropies/11-2.frame_meta_entropy_histogram.csv,Lysosomes - Airyscan Confocal,11-2.
0.0198648792960199,Correctly Tracked,/root/vast/mustafa/dreem-experiments/paper-plots/uncertainty-microscopy/no-post-processing-no-weight-iou-entropies/11-2.frame_meta_entropy_histogram.csv,Lysosomes - Airyscan Confocal,11-2.
0.0229982316822136,Correctly Tracked,/root/vast/mustafa/dreem-experiments/paper-plots/uncertainty-microscopy/no-post-processing-no-weight-iou-entropies/11-2.frame_meta_entropy_histogram.csv,Lysosomes - Airyscan Confocal,11-2.
0.0098956793707351,Correctly Tracked,/root/vast/mustafa/dreem-experiments/paper-plots/uncertainty-microscopy/no-post-processing-no-weight-iou-entropies/11-2.frame_meta_entropy_histogram.csv,Lysosomes - Airyscan Confocal,11-2.
0.0203171422575055,Correctly Tracked,/root/vast/mustafa/dreem-experiments/paper-plots/uncertainty-microscopy/no-post-processing-no-weight-iou-entropies/11-2.frame_meta_entropy_histogram.csv,Lysosomes - Airyscan Confocal,11-2.
0.0210296625430993,Correctly Tracked,/root/vast/mustafa/dreem-experiments/paper-plots/uncertainty-microscopy/no-post-processing-no-weight-iou-entropies/11-2.frame_meta_entropy_histogram.csv,Lysosomes - Airyscan Confocal,11-2.
0.0261288259037466,Correctly Tracked,/root/vast/mustafa/dreem-experiments/paper-plots/uncertainty-microscopy/no-post-processing-no-weight-iou-entropies/11-2.frame_meta_entropy_histogram.csv,Lysosomes - Airyscan Confocal,11-2.
0.0346461414847274,Correctly Tracked,/root/vast/mustafa/dreem-experiments/paper-plots/uncertainty-microscopy/no-post-processing-no-weight-iou-entropies/11-2.frame_meta_entropy_histogram.csv,Lysosomes - Airyscan Confocal,11-2.
0.0462634897917118,Correctly Tracked,/root/vast/mustafa/dreem-experiments/paper-plots/uncertainty-microscopy/no-post-processing-no-weight-iou-entropies/11-2.frame_meta_entropy_histogram.csv,Lysosomes - Airyscan Confocal,11-2.
0.0432263225981786,Correctly Tracked,/root/vast/mustafa/dreem-experiments/paper-plots/uncertainty-microscopy/no-post-processing-no-weight-iou-entropies/11-2.frame_meta_entropy_histogram.csv,Lysosomes - Airyscan Confocal,11-2.
0.0396561052847051,Correctly Tracked,/root/vast/mustafa/dreem-experiments/paper-plots/uncertainty-microscopy/no-post-processing-no-weight-iou-entropies/11-2.frame_meta_entropy_histogram.csv,Lysosomes - Airyscan Confocal,11-2.
0.0423239516524562,Correctly Tracked,/root/vast/mustafa/dreem-experiments/paper-plots/uncertainty-microscopy/no-post-processing-no-weight-iou-entropies/11-2.frame_meta_entropy_histogram.csv,Lysosomes - Airyscan Confocal,11-2.
0.0482964994526495,Correctly Tracked,/root/vast/mustafa/dreem-experiments/paper-plots/uncertainty-microscopy/no-post-processing-no-weight-iou-entropies/11-2.frame_meta_entropy_histogram.csv,Lysosomes - Airyscan Confocal,11-2.
0.043847920114621,Correctly Tracked,/root/vast/mustafa/dreem-experiments/paper-plots/uncertainty-microscopy/no-post-processing-no-weight-iou-entropies/11-2.frame_meta_entropy_histogram.csv,Lysosomes - Airyscan Confocal,11-2.
0.0116713812682309,Correctly Tracked,/root/vast/mustafa/dreem-experiments/paper-plots/uncertainty-microscopy/no-post-processing-no-weight-iou-entropies/11-2.frame_meta_entropy_histogram.csv,Lysosomes - Airyscan Confocal,11-2.
0.0398336176689944,Correctly Tracked,/root/vast/mustafa/dreem-experiments/paper-plots/uncertainty-microscopy/no-post-processing-no-weight-iou-entropies/11-2.frame_meta_entropy_histogram.csv,Lysosomes - Airyscan Confocal,11-2.
0.0792192990862069,Correctly Tracked,/root/vast/mustafa/dreem-experiments/paper-plots/uncertainty-microscopy/no-post-processing-no-weight-iou-entropies/11-2.frame_meta_entropy_histogram.csv,Lysosomes - Airyscan Confocal,11-2.
0.0873123264552155,Correctly Tracked,/root/vast/mustafa/dreem-experiments/paper-plots/uncertainty-microscopy/no-post-processing-no-weight-iou-entropies/11-2.frame_meta_entropy_histogram.csv,Lysosomes - Airyscan Confocal,11-2.
0.0886484123495118,Correctly Tracked,/root/vast/mustafa/dreem-experiments/paper-plots/uncertainty-microscopy/no-post-processing-no-weight-iou-entropies/11-2.frame_meta_entropy_histogram.csv,Lysosomes - Airyscan Confocal,11-2.
0.0943867146382983,Correctly Tracked,/root/vast/mustafa/dreem-experiments/paper-plots/uncertainty-microscopy/no-post-processing-no-weight-iou-entropies/11-2.frame_meta_entropy_histogram.csv,Lysosomes - Airyscan Confocal,11-2.
0.0789087916107956,Correctly Tracked,/root/vast/mustafa/dreem-experiments/paper-plots/uncertainty-microscopy/no-post-processing-no-weight-iou-entropies/11-2.frame_meta_entropy_histogram.csv,Lysosomes - Airyscan Confocal,11-2.
0.0929374975938845,Correctly Tracked,/root/vast/mustafa/dreem-experiments/paper-plots/uncertainty-microscopy/no-post-processing-no-weight-iou-entropies/11-2.frame_meta_entropy_histogram.csv,Lysosomes - Airyscan Confocal,11-2.
0.0808385376490185,Correctly Tracked,/root/vast/mustafa/dreem-experiments/paper-plots/uncertainty-microscopy/no-post-processing-no-weight-iou-entropies/11-2.frame_meta_entropy_histogram.csv,Lysosomes - Airyscan Confocal,11-2.
0.0578781005558275,Correctly Tracked,/root/vast/mustafa/dreem-experiments/paper-plots/uncertainty-microscopy/no-post-processing-no-weight-iou-entropies/11-2.frame_meta_entropy_histogram.csv,Lysosomes - Airyscan Confocal,11-2.
0.0343462464989496,Correctly Tracked,/root/vast/mustafa/dreem-experiments/paper-plots/uncertainty-microscopy/no-post-processing-no-weight-iou-entropies/11-2.frame_meta_entropy_histogram.csv,Lysosomes - Airyscan Confocal,11-2.
0.0060664981061614,Correctly Tracked,/root/vast/mustafa/dreem-experiments/paper-plots/uncertainty-microscopy/no-post-processing-no-weight-iou-entropies/11-2.frame_meta_entropy_histogram.csv,Lysosomes - Airyscan Confocal,11-2.
0.0411522626828292,Correctly Tracked,/root/vast/mustafa/dreem-experiments/paper-plots/uncertainty-microscopy/no-post-processing-no-weight-iou-entropies/11-2.frame_meta_entropy_histogram.csv,Lysosomes - Airyscan Confocal,11-2.
0.0489874789877885,Correctly Tracked,/root/vast/mustafa/dreem-experiments/paper-plots/uncertainty-microscopy/no-post-processing-no-weight-iou-entropies/11-2.frame_meta_entropy_histogram.csv,Lysosomes - Airyscan Confocal,11-2.
0.0568514652701098,Correctly Tracked,/root/vast/mustafa/dreem-experiments/paper-plots/uncertainty-microscopy/no-post-processing-no-weight-iou-entropies/11-2.frame_meta_entropy_histogram.csv,Lysosomes - Airyscan Confocal,11-2.
0.0556211691680305,Correctly Tracked,/root/vast/mustafa/dreem-experiments/paper-plots/uncertainty-microscopy/no-post-processing-no-weight-iou-entropies/11-2.frame_meta_entropy_histogram.csv,Lysosomes - Airyscan Confocal,11-2.
0.0506830388022562,Correctly Tracked,/root/vast/mustafa/dreem-experiments/paper-plots/uncertainty-microscopy/no-post-processing-no-weight-iou-entropies/11-2.frame_meta_entropy_histogram.csv,Lysosomes - Airyscan Confocal,11-2.
0.0547159807699958,Correctly Tracked,/root/vast/mustafa/dreem-experiments/paper-plots/uncertainty-microscopy/no-post-processing-no-weight-iou-entropies/11-2.frame_meta_entropy_histogram.csv,Lysosomes - Airyscan Confocal,11-2.
0.0492960789474532,Correctly Tracked,/root/vast/mustafa/dreem-experiments/paper-plots/uncertainty-microscopy/no-post-processing-no-weight-iou-entropies/11-2.frame_meta_entropy_histogram.csv,Lysosomes - Airyscan Confocal,11-2.
0.0492349920445302,Correctly Tracked,/root/vast/mustafa/dreem-experiments/paper-plots/uncertainty-microscopy/no-post-processing-no-weight-iou-entropies/11-2.frame_meta_entropy_histogram.csv,Lysosomes - Airyscan Confocal,11-2.
0.0516773906728246,Correctly Tracked,/root/vast/mustafa/dreem-experiments/paper-plots/uncertainty-microscopy/no-post-processing-no-weight-iou-entropies/11-2.frame_meta_entropy_histogram.csv,Lysosomes - Airyscan Confocal,11-2.
0.0613110050905093,Correctly Tracked,/root/vast/mustafa/dreem-experiments/paper-plots/uncertainty-microscopy/no-post-processing-no-weight-iou-entropies/11-2.frame_meta_entropy_histogram.csv,Lysosomes - Airyscan Confocal,11-2.
0.1179964391589452,Correctly Tracked,/root/vast/mustafa/dreem-experiments/paper-plots/uncertainty-microscopy/no-post-processing-no-weight-iou-entropies/11-2.frame_meta_entropy_histogram.csv,Lysosomes - Airyscan Confocal,11-2.
0.0082711770955524,Correctly Tracked,/root/vast/mustafa/dreem-experiments/paper-plots/uncertainty-microscopy/no-post-processing-no-weight-iou-entropies/11-2.frame_meta_entropy_histogram.csv,Lysosomes - Airyscan Confocal,11-2.
0.0061341652939792,Correctly Tracked,/root/vast/mustafa/dreem-experiments/paper-plots/uncertainty-microscopy/no-post-processing-no-weight-iou-entropies/11-2.frame_meta_entropy_histogram.csv,Lysosomes - Airyscan Confocal,11-2.
0.0067928401477461,Correctly Tracked,/root/vast/mustafa/dreem-experiments/paper-plots/uncertainty-microscopy/no-post-processing-no-weight-iou-entropies/11-2.frame_meta_entropy_histogram.csv,Lysosomes - Airyscan Confocal,11-2.
0.0085454340386062,Correctly Tracked,/root/vast/mustafa/dreem-experiments/paper-plots/uncertainty-microscopy/no-post-processing-no-weight-iou-entropies/11-2.frame_meta_entropy_histogram.csv,Lysosomes - Airyscan Confocal,11-2.
0.0095502888455389,Correctly Tracked,/root/vast/mustafa/dreem-experiments/paper-plots/uncertainty-microscopy/no-post-processing-no-weight-iou-entropies/11-2.frame_meta_entropy_histogram.csv,Lysosomes - Airyscan Confocal,11-2.
0.0074876044261216,Correctly Tracked,/root/vast/mustafa/dreem-experiments/paper-plots/uncertainty-microscopy/no-post-processing-no-weight-iou-entropies/11-2.frame_meta_entropy_histogram.csv,Lysosomes - Airyscan Confocal,11-2.
0.0063934849709889,Correctly Tracked,/root/vast/mustafa/dreem-experiments/paper-plots/uncertainty-microscopy/no-post-processing-no-weight-iou-entropies/11-2.frame_meta_entropy_histogram.csv,Lysosomes - Airyscan Confocal,11-2.
0.0068223048217212,Correctly Tracked,/root/vast/mustafa/dreem-experiments/paper-plots/uncertainty-microscopy/no-post-processing-no-weight-iou-entropies/11-2.frame_meta_entropy_histogram.csv,Lysosomes - Airyscan Confocal,11-2.
0.0059315175231424,Correctly Tracked,/root/vast/mustafa/dreem-experiments/paper-plots/uncertainty-microscopy/no-post-processing-no-weight-iou-entropies/11-2.frame_meta_entropy_histogram.csv,Lysosomes - Airyscan Confocal,11-2.
0.006693184694175,Correctly Tracked,/root/vast/mustafa/dreem-experiments/paper-plots/uncertainty-microscopy/no-post-processing-no-weight-iou-entropies/11-2.frame_meta_entropy_histogram.csv,Lysosomes - Airyscan Confocal,11-2.
0.0868688548213701,Correctly Tracked,/root/vast/mustafa/dreem-experiments/paper-plots/uncertainty-microscopy/no-post-processing-no-weight-iou-entropies/11-2.frame_meta_entropy_histogram.csv,Lysosomes - Airyscan Confocal,11-2.
0.0061006510156285,Correctly Tracked,/root/vast/mustafa/dreem-experiments/paper-plots/uncertainty-microscopy/no-post-processing-no-weight-iou-entropies/11-2.frame_meta_entropy_histogram.csv,Lysosomes - Airyscan Confocal,11-2.
0.0090099489221778,Correctly Tracked,/root/vast/mustafa/dreem-experiments/paper-plots/uncertainty-microscopy/no-post-processing-no-weight-iou-entropies/11-2.frame_meta_entropy_histogram.csv,Lysosomes - Airyscan Confocal,11-2.
0.0067199794905358,Correctly Tracked,/root/vast/mustafa/dreem-experiments/paper-plots/uncertainty-microscopy/no-post-processing-no-weight-iou-entropies/11-2.frame_meta_entropy_histogram.csv,Lysosomes - Airyscan Confocal,11-2.
0.0072268193130282,Correctly Tracked,/root/vast/mustafa/dreem-experiments/paper-plots/uncertainty-microscopy/no-post-processing-no-weight-iou-entropies/11-2.frame_meta_entropy_histogram.csv,Lysosomes - Airyscan Confocal,11-2.
0.0086126295029353,Correctly Tracked,/root/vast/mustafa/dreem-experiments/paper-plots/uncertainty-microscopy/no-post-processing-no-weight-iou-entropies/11-2.frame_meta_entropy_histogram.csv,Lysosomes - Airyscan Confocal,11-2.
0.0086805170861535,Correctly Tracked,/root/vast/mustafa/dreem-experiments/paper-plots/uncertainty-microscopy/no-post-processing-no-weight-iou-entropies/11-2.frame_meta_entropy_histogram.csv,Lysosomes - Airyscan Confocal,11-2.
0.01184436845807,Correctly Tracked,/root/vast/mustafa/dreem-experiments/paper-plots/uncertainty-microscopy/no-post-processing-no-weight-iou-entropies/11-2.frame_meta_entropy_histogram.csv,Lysosomes - Airyscan Confocal,11-2.
0.0088691703934925,Correctly Tracked,/root/vast/mustafa/dreem-experiments/paper-plots/uncertainty-microscopy/no-post-processing-no-weight-iou-entropies/11-2.frame_meta_entropy_histogram.csv,Lysosomes - Airyscan Confocal,11-2.
0.0106708679929148,Correctly Tracked,/root/vast/mustafa/dreem-experiments/paper-plots/uncertainty-microscopy/no-post-processing-no-weight-iou-entropies/11-2.frame_meta_entropy_histogram.csv,Lysosomes - Airyscan Confocal,11-2.
0.009932006590381,Correctly Tracked,/root/vast/mustafa/dreem-experiments/paper-plots/uncertainty-microscopy/no-post-processing-no-weight-iou-entropies/11-2.frame_meta_entropy_histogram.csv,Lysosomes - Airyscan Confocal,11-2.
0.1180140398582936,Correctly Tracked,/root/vast/mustafa/dreem-experiments/paper-plots/uncertainty-microscopy/no-post-processing-no-weight-iou-entropies/11-2.frame_meta_entropy_histogram.csv,Lysosomes - Airyscan Confocal,11-2.
0.0096380255478487,Correctly Tracked,/root/vast/mustafa/dreem-experiments/paper-plots/uncertainty-microscopy/no-post-processing-no-weight-iou-entropies/11-2.frame_meta_entropy_histogram.csv,Lysosomes - Airyscan Confocal,11-2.
0.013030420505724,Correctly Tracked,/root/vast/mustafa/dreem-experiments/paper-plots/uncertainty-microscopy/no-post-processing-no-weight-iou-entropies/11-2.frame_meta_entropy_histogram.csv,Lysosomes - Airyscan Confocal,11-2.
0.0091993343031277,Correctly Tracked,/root/vast/mustafa/dreem-experiments/paper-plots/uncertainty-microscopy/no-post-processing-no-weight-iou-entropies/11-2.frame_meta_entropy_histogram.csv,Lysosomes - Airyscan Confocal,11-2.
0.0109827062183316,Correctly Tracked,/root/vast/mustafa/dreem-experiments/paper-plots/uncertainty-microscopy/no-post-processing-no-weight-iou-entropies/11-2.frame_meta_entropy_histogram.csv,Lysosomes - Airyscan Confocal,11-2.
0.0060575218268254,Correctly Tracked,/root/vast/mustafa/dreem-experiments/paper-plots/uncertainty-microscopy/no-post-processing-no-weight-iou-entropies/11-2.frame_meta_entropy_histogram.csv,Lysosomes - Airyscan Confocal,11-2.
0.0081702546906442,Correctly Tracked,/root/vast/mustafa/dreem-experiments/paper-plots/uncertainty-microscopy/no-post-processing-no-weight-iou-entropies/11-2.frame_meta_entropy_histogram.csv,Lysosomes - Airyscan Confocal,11-2.
0.0076252149320331,Correctly Tracked,/root/vast/mustafa/dreem-experiments/paper-plots/uncertainty-microscopy/no-post-processing-no-weight-iou-entropies/11-2.frame_meta_entropy_histogram.csv,Lysosomes - Airyscan Confocal,11-2.
0.0066776029971355,Correctly Tracked,/root/vast/mustafa/dreem-experiments/paper-plots/uncertainty-microscopy/no-post-processing-no-weight-iou-entropies/11-2.frame_meta_entropy_histogram.csv,Lysosomes - Airyscan Confocal,11-2.
0.0131638460767509,Correctly Tracked,/root/vast/mustafa/dreem-experiments/paper-plots/uncertainty-microscopy/no-post-processing-no-weight-iou-entropies/11-2.frame_meta_entropy_histogram.csv,Lysosomes - Airyscan Confocal,11-2.
0.0540856447692548,Correctly Tracked,/root/vast/mustafa/dreem-experiments/paper-plots/uncertainty-microscopy/no-post-processing-no-weight-iou-entropies/11-2.frame_meta_entropy_histogram.csv,Lysosomes - Airyscan Confocal,11-2.
0.1234897751822842,Correctly Tracked,/root/vast/mustafa/dreem-experiments/paper-plots/uncertainty-microscopy/no-post-processing-no-weight-iou-entropies/11-2.frame_meta_entropy_histogram.csv,Lysosomes - Airyscan Confocal,11-2.
0.0583996359827406,Correctly Tracked,/root/vast/mustafa/dreem-experiments/paper-plots/uncertainty-microscopy/no-post-processing-no-weight-iou-entropies/11-2.frame_meta_entropy_histogram.csv,Lysosomes - Airyscan Confocal,11-2.
0.0669384910253141,Correctly Tracked,/root/vast/mustafa/dreem-experiments/paper-plots/uncertainty-microscopy/no-post-processing-no-weight-iou-entropies/11-2.frame_meta_entropy_histogram.csv,Lysosomes - Airyscan Confocal,11-2.
0.0399109700102432,Correctly Tracked,/root/vast/mustafa/dreem-experiments/paper-plots/uncertainty-microscopy/no-post-processing-no-weight-iou-entropies/11-2.frame_meta_entropy_histogram.csv,Lysosomes - Airyscan Confocal,11-2.
0.0485236227126943,Correctly Tracked,/root/vast/mustafa/dreem-experiments/paper-plots/uncertainty-microscopy/no-post-processing-no-weight-iou-entropies/11-2.frame_meta_entropy_histogram.csv,Lysosomes - Airyscan Confocal,11-2.
0.0371377282420443,Correctly Tracked,/root/vast/mustafa/dreem-experiments/paper-plots/uncertainty-microscopy/no-post-processing-no-weight-iou-entropies/11-2.frame_meta_entropy_histogram.csv,Lysosomes - Airyscan Confocal,11-2.
0.0336383854494531,Correctly Tracked,/root/vast/mustafa/dreem-experiments/paper-plots/uncertainty-microscopy/no-post-processing-no-weight-iou-entropies/11-2.frame_meta_entropy_histogram.csv,Lysosomes - Airyscan Confocal,11-2.
0.0301523024690247,Correctly Tracked,/root/vast/mustafa/dreem-experiments/paper-plots/uncertainty-microscopy/no-post-processing-no-weight-iou-entropies/11-2.frame_meta_entropy_histogram.csv,Lysosomes - Airyscan Confocal,11-2.
0.1034982780842735,Correctly Tracked,/root/vast/mustafa/dreem-experiments/paper-plots/uncertainty-microscopy/no-post-processing-no-weight-iou-entropies/11-2.frame_meta_entropy_histogram.csv,Lysosomes - Airyscan Confocal,11-2.
0.0330035951416714,Correctly Tracked,/root/vast/mustafa/dreem-experiments/paper-plots/uncertainty-microscopy/no-post-processing-no-weight-iou-entropies/11-2.frame_meta_entropy_histogram.csv,Lysosomes - Airyscan Confocal,11-2.
0.0344914651571937,Correctly Tracked,/root/vast/mustafa/dreem-experiments/paper-plots/uncertainty-microscopy/no-post-processing-no-weight-iou-entropies/11-2.frame_meta_entropy_histogram.csv,Lysosomes - Airyscan Confocal,11-2.
0.0428233779407766,Correctly Tracked,/root/vast/mustafa/dreem-experiments/paper-plots/uncertainty-microscopy/no-post-processing-no-weight-iou-entropies/11-2.frame_meta_entropy_histogram.csv,Lysosomes - Airyscan Confocal,11-2.
0.0454155371769712,Correctly Tracked,/root/vast/mustafa/dreem-experiments/paper-plots/uncertainty-microscopy/no-post-processing-no-weight-iou-entropies/11-2.frame_meta_entropy_histogram.csv,Lysosomes - Airyscan Confocal,11-2.
0.0496197070379322,Correctly Tracked,/root/vast/mustafa/dreem-experiments/paper-plots/uncertainty-microscopy/no-post-processing-no-weight-iou-entropies/11-2.frame_meta_entropy_histogram.csv,Lysosomes - Airyscan Confocal,11-2.
0.0584029870239171,Correctly Tracked,/root/vast/mustafa/dreem-experiments/paper-plots/uncertainty-microscopy/no-post-processing-no-weight-iou-entropies/11-2.frame_meta_entropy_histogram.csv,Lysosomes - Airyscan Confocal,11-2.
0.0531130231118538,Correctly Tracked,/root/vast/mustafa/dreem-experiments/paper-plots/uncertainty-microscopy/no-post-processing-no-weight-iou-entropies/11-2.frame_meta_entropy_histogram.csv,Lysosomes - Airyscan Confocal,11-2.
0.0525923641110945,Correctly Tracked,/root/vast/mustafa/dreem-experiments/paper-plots/uncertainty-microscopy/no-post-processing-no-weight-iou-entropies/11-2.frame_meta_entropy_histogram.csv,Lysosomes - Airyscan Confocal,11-2.
0.0381684028212416,Correctly Tracked,/root/vast/mustafa/dreem-experiments/paper-plots/uncertainty-microscopy/no-post-processing-no-weight-iou-entropies/11-2.frame_meta_entropy_histogram.csv,Lysosomes - Airyscan Confocal,11-2.
0.2152525819155976,ID Switch,/root/vast/mustafa/dreem-experiments/paper-plots/uncertainty-microscopy/no-post-processing-no-weight-iou-entropies/7-2.frame_meta_entropy_histogram.csv,Lysosomes - Airyscan Confocal,7-2.
0.12541829716774,ID Switch,/root/vast/mustafa/dreem-experiments/paper-plots/uncertainty-microscopy/no-post-processing-no-weight-iou-entropies/7-2.frame_meta_entropy_histogram.csv,Lysosomes - Airyscan Confocal,7-2.
0.0123294899312328,ID Switch,/root/vast/mustafa/dreem-experiments/paper-plots/uncertainty-microscopy/no-post-processing-no-weight-iou-entropies/7-2.frame_meta_entropy_histogram.csv,Lysosomes - Airyscan Confocal,7-2.
0.0439472935067202,ID Switch,/root/vast/mustafa/dreem-experiments/paper-plots/uncertainty-microscopy/no-post-processing-no-weight-iou-entropies/7-2.frame_meta_entropy_histogram.csv,Lysosomes - Airyscan Confocal,7-2.
0.0050432192017211,ID Switch,/root/vast/mustafa/dreem-experiments/paper-plots/uncertainty-microscopy/no-post-processing-no-weight-iou-entropies/7-2.frame_meta_entropy_histogram.csv,Lysosomes - Airyscan Confocal,7-2.
0.1374206433020263,ID Switch,/root/vast/mustafa/dreem-experiments/paper-plots/uncertainty-microscopy/no-post-processing-no-weight-iou-entropies/7-2.frame_meta_entropy_histogram.csv,Lysosomes - Airyscan Confocal,7-2.
0.0005518013050123,ID Switch,/root/vast/mustafa/dreem-experiments/paper-plots/uncertainty-microscopy/no-post-processing-no-weight-iou-entropies/7-2.frame_meta_entropy_histogram.csv,Lysosomes - Airyscan Confocal,7-2.
0.0464779499288461,ID Switch,/root/vast/mustafa/dreem-experiments/paper-plots/uncertainty-microscopy/no-post-processing-no-weight-iou-entropies/7-2.frame_meta_entropy_histogram.csv,Lysosomes - Airyscan Confocal,7-2.
0.7919156763973185,Correctly Tracked,/root/vast/mustafa/dreem-experiments/paper-plots/uncertainty-microscopy/no-post-processing-no-weight-iou-entropies/7-2.frame_meta_entropy_histogram.csv,Lysosomes - Airyscan Confocal,7-2.
0.0006209307677906,Correctly Tracked,/root/vast/mustafa/dreem-experiments/paper-plots/uncertainty-microscopy/no-post-processing-no-weight-iou-entropies/7-2.frame_meta_entropy_histogram.csv,Lysosomes - Airyscan Confocal,7-2.
0.000666338328427,Correctly Tracked,/root/vast/mustafa/dreem-experiments/paper-plots/uncertainty-microscopy/no-post-processing-no-weight-iou-entropies/7-2.frame_meta_entropy_histogram.csv,Lysosomes - Airyscan Confocal,7-2.
0.0008965007684986,Correctly Tracked,/root/vast/mustafa/dreem-experiments/paper-plots/uncertainty-microscopy/no-post-processing-no-weight-iou-entropies/7-2.frame_meta_entropy_histogram.csv,Lysosomes - Airyscan Confocal,7-2.
0.0003673639670362,Correctly Tracked,/root/vast/mustafa/dreem-experiments/paper-plots/uncertainty-microscopy/no-post-processing-no-weight-iou-entropies/7-2.frame_meta_entropy_histogram.csv,Lysosomes - Airyscan Confocal,7-2.
0.0007553393404082,Correctly Tracked,/root/vast/mustafa/dreem-experiments/paper-plots/uncertainty-microscopy/no-post-processing-no-weight-iou-entropies/7-2.frame_meta_entropy_histogram.csv,Lysosomes - Airyscan Confocal,7-2.
0.0003613014568218,Correctly Tracked,/root/vast/mustafa/dreem-experiments/paper-plots/uncertainty-microscopy/no-post-processing-no-weight-iou-entropies/7-2.frame_meta_entropy_histogram.csv,Lysosomes - Airyscan Confocal,7-2.
0.00043745137066,Correctly Tracked,/root/vast/mustafa/dreem-experiments/paper-plots/uncertainty-microscopy/no-post-processing-no-weight-iou-entropies/7-2.frame_meta_entropy_histogram.csv,Lysosomes - Airyscan Confocal,7-2.
0.0004468388437479,Correctly Tracked,/root/vast/mustafa/dreem-experiments/paper-plots/uncertainty-microscopy/no-post-processing-no-weight-iou-entropies/7-2.frame_meta_entropy_histogram.csv,Lysosomes - Airyscan Confocal,7-2.
0.0005378191372125,Correctly Tracked,/root/vast/mustafa/dreem-experiments/paper-plots/uncertainty-microscopy/no-post-processing-no-weight-iou-entropies/7-2.frame_meta_entropy_histogram.csv,Lysosomes - Airyscan Confocal,7-2.
0.0015310165241002,Correctly Tracked,/root/vast/mustafa/dreem-experiments/paper-plots/uncertainty-microscopy/no-post-processing-no-weight-iou-entropies/7-2.frame_meta_entropy_histogram.csv,Lysosomes - Airyscan Confocal,7-2.
0.0006422049605473,Correctly Tracked,/root/vast/mustafa/dreem-experiments/paper-plots/uncertainty-microscopy/no-post-processing-no-weight-iou-entropies/7-2.frame_meta_entropy_histogram.csv,Lysosomes - Airyscan Confocal,7-2.
0.0011646508596712,Correctly Tracked,/root/vast/mustafa/dreem-experiments/paper-plots/uncertainty-microscopy/no-post-processing-no-weight-iou-entropies/7-2.frame_meta_entropy_histogram.csv,Lysosomes - Airyscan Confocal,7-2.
0.0015317750069564,Correctly Tracked,/root/vast/mustafa/dreem-experiments/paper-plots/uncertainty-microscopy/no-post-processing-no-weight-iou-entropies/7-2.frame_meta_entropy_histogram.csv,Lysosomes - Airyscan Confocal,7-2.
0.0009403450703625,Correctly Tracked,/root/vast/mustafa/dreem-experiments/paper-plots/uncertainty-microscopy/no-post-processing-no-weight-iou-entropies/7-2.frame_meta_entropy_histogram.csv,Lysosomes - Airyscan Confocal,7-2.
0.000585371947186,Correctly Tracked,/root/vast/mustafa/dreem-experiments/paper-plots/uncertainty-microscopy/no-post-processing-no-weight-iou-entropies/7-2.frame_meta_entropy_histogram.csv,Lysosomes - Airyscan Confocal,7-2.
0.0007141970342616,Correctly Tracked,/root/vast/mustafa/dreem-experiments/paper-plots/uncertainty-microscopy/no-post-processing-no-weight-iou-entropies/7-2.frame_meta_entropy_histogram.csv,Lysosomes - Airyscan Confocal,7-2.
0.0126789643430336,Correctly Tracked,/root/vast/mustafa/dreem-experiments/paper-plots/uncertainty-microscopy/no-post-processing-no-weight-iou-entropies/7-2.frame_meta_entropy_histogram.csv,Lysosomes - Airyscan Confocal,7-2.
0.0227478032823615,Correctly Tracked,/root/vast/mustafa/dreem-experiments/paper-plots/uncertainty-microscopy/no-post-processing-no-weight-iou-entropies/7-2.frame_meta_entropy_histogram.csv,Lysosomes - Airyscan Confocal,7-2.
0.041654046413889,Correctly Tracked,/root/vast/mustafa/dreem-experiments/paper-plots/uncertainty-microscopy/no-post-processing-no-weight-iou-entropies/7-2.frame_meta_entropy_histogram.csv,Lysosomes - Airyscan Confocal,7-2.
0.0161446966002919,Correctly Tracked,/root/vast/mustafa/dreem-experiments/paper-plots/uncertainty-microscopy/no-post-processing-no-weight-iou-entropies/7-2.frame_meta_entropy_histogram.csv,Lysosomes - Airyscan Confocal,7-2.
0.0018152015186225,Correctly Tracked,/root/vast/mustafa/dreem-experiments/paper-plots/uncertainty-microscopy/no-post-processing-no-weight-iou-entropies/7-2.frame_meta_entropy_histogram.csv,Lysosomes - Airyscan Confocal,7-2.
0.0245468904761031,Correctly Tracked,/root/vast/mustafa/dreem-experiments/paper-plots/uncertainty-microscopy/no-post-processing-no-weight-iou-entropies/7-2.frame_meta_entropy_histogram.csv,Lysosomes - Airyscan Confocal,7-2.
0.0086889232526479,Correctly Tracked,/root/vast/mustafa/dreem-experiments/paper-plots/uncertainty-microscopy/no-post-processing-no-weight-iou-entropies/7-2.frame_meta_entropy_histogram.csv,Lysosomes - Airyscan Confocal,7-2.
0.006544024585484,Correctly Tracked,/root/vast/mustafa/dreem-experiments/paper-plots/uncertainty-microscopy/no-post-processing-no-weight-iou-entropies/7-2.frame_meta_entropy_histogram.csv,Lysosomes - Airyscan Confocal,7-2.
0.0012493585519948,Correctly Tracked,/root/vast/mustafa/dreem-experiments/paper-plots/uncertainty-microscopy/no-post-processing-no-weight-iou-entropies/7-2.frame_meta_entropy_histogram.csv,Lysosomes - Airyscan Confocal,7-2.
0.0007533643627327,Correctly Tracked,/root/vast/mustafa/dreem-experiments/paper-plots/uncertainty-microscopy/no-post-processing-no-weight-iou-entropies/7-2.frame_meta_entropy_histogram.csv,Lysosomes - Airyscan Confocal,7-2.
0.0020548760252132,Correctly Tracked,/root/vast/mustafa/dreem-experiments/paper-plots/uncertainty-microscopy/no-post-processing-no-weight-iou-entropies/7-2.frame_meta_entropy_histogram.csv,Lysosomes - Airyscan Confocal,7-2.
0.026393504439972,Correctly Tracked,/root/vast/mustafa/dreem-experiments/paper-plots/uncertainty-microscopy/no-post-processing-no-weight-iou-entropies/7-2.frame_meta_entropy_histogram.csv,Lysosomes - Airyscan Confocal,7-2.
0.0215732580767609,Correctly Tracked,/root/vast/mustafa/dreem-experiments/paper-plots/uncertainty-microscopy/no-post-processing-no-weight-iou-entropies/7-2.frame_meta_entropy_histogram.csv,Lysosomes - Airyscan Confocal,7-2.
0.0016451549570343,Correctly Tracked,/root/vast/mustafa/dreem-experiments/paper-plots/uncertainty-microscopy/no-post-processing-no-weight-iou-entropies/7-2.frame_meta_entropy_histogram.csv,Lysosomes - Airyscan Confocal,7-2.
0.0381111575134017,Correctly Tracked,/root/vast/mustafa/dreem-experiments/paper-plots/uncertainty-microscopy/no-post-processing-no-weight-iou-entropies/7-2.frame_meta_entropy_histogram.csv,Lysosomes - Airyscan Confocal,7-2.
0.0008347145062084,Correctly Tracked,/root/vast/mustafa/dreem-experiments/paper-plots/uncertainty-microscopy/no-post-processing-no-weight-iou-entropies/7-2.frame_meta_entropy_histogram.csv,Lysosomes - Airyscan Confocal,7-2.
0.0006738050373528,Correctly Tracked,/root/vast/mustafa/dreem-experiments/paper-plots/uncertainty-microscopy/no-post-processing-no-weight-iou-entropies/7-2.frame_meta_entropy_histogram.csv,Lysosomes - Airyscan Confocal,7-2.
0.0023753368402745,Correctly Tracked,/root/vast/mustafa/dreem-experiments/paper-plots/uncertainty-microscopy/no-post-processing-no-weight-iou-entropies/7-2.frame_meta_entropy_histogram.csv,Lysosomes - Airyscan Confocal,7-2.
0.0014836185065463,Correctly Tracked,/root/vast/mustafa/dreem-experiments/paper-plots/uncertainty-microscopy/no-post-processing-no-weight-iou-entropies/7-2.frame_meta_entropy_histogram.csv,Lysosomes - Airyscan Confocal,7-2.
0.0003363242532564,Correctly Tracked,/root/vast/mustafa/dreem-experiments/paper-plots/uncertainty-microscopy/no-post-processing-no-weight-iou-entropies/7-2.frame_meta_entropy_histogram.csv,Lysosomes - Airyscan Confocal,7-2.
0.0111260578561447,Correctly Tracked,/root/vast/mustafa/dreem-experiments/paper-plots/uncertainty-microscopy/no-post-processing-no-weight-iou-entropies/7-2.frame_meta_entropy_histogram.csv,Lysosomes - Airyscan Confocal,7-2.
0.0879198074725699,Correctly Tracked,/root/vast/mustafa/dreem-experiments/paper-plots/uncertainty-microscopy/no-post-processing-no-weight-iou-entropies/7-2.frame_meta_entropy_histogram.csv,Lysosomes - Airyscan Confocal,7-2.
0.014331499281839,Correctly Tracked,/root/vast/mustafa/dreem-experiments/paper-plots/uncertainty-microscopy/no-post-processing-no-weight-iou-entropies/7-2.frame_meta_entropy_histogram.csv,Lysosomes - Airyscan Confocal,7-2.
0.0005358690058903,Correctly Tracked,/root/vast/mustafa/dreem-experiments/paper-plots/uncertainty-microscopy/no-post-processing-no-weight-iou-entropies/7-2.frame_meta_entropy_histogram.csv,Lysosomes - Airyscan Confocal,7-2.
0.0033137394104365,Correctly Tracked,/root/vast/mustafa/dreem-experiments/paper-plots/uncertainty-microscopy/no-post-processing-no-weight-iou-entropies/7-2.frame_meta_entropy_histogram.csv,Lysosomes - Airyscan Confocal,7-2.
0.1736185850260275,Correctly Tracked,/root/vast/mustafa/dreem-experiments/paper-plots/uncertainty-microscopy/no-post-processing-no-weight-iou-entropies/7-2.frame_meta_entropy_histogram.csv,Lysosomes - Airyscan Confocal,7-2.
0.0173011620512797,Correctly Tracked,/root/vast/mustafa/dreem-experiments/paper-plots/uncertainty-microscopy/no-post-processing-no-weight-iou-entropies/7-2.frame_meta_entropy_histogram.csv,Lysosomes - Airyscan Confocal,7-2.
0.0017488683375051,Correctly Tracked,/root/vast/mustafa/dreem-experiments/paper-plots/uncertainty-microscopy/no-post-processing-no-weight-iou-entropies/7-2.frame_meta_entropy_histogram.csv,Lysosomes - Airyscan Confocal,7-2.
0.0058768437956964,Correctly Tracked,/root/vast/mustafa/dreem-experiments/paper-plots/uncertainty-microscopy/no-post-processing-no-weight-iou-entropies/7-2.frame_meta_entropy_histogram.csv,Lysosomes - Airyscan Confocal,7-2.
0.0027844653572844,Correctly Tracked,/root/vast/mustafa/dreem-experiments/paper-plots/uncertainty-microscopy/no-post-processing-no-weight-iou-entropies/7-2.frame_meta_entropy_histogram.csv,Lysosomes - Airyscan Confocal,7-2.
0.0052465713053811,Correctly Tracked,/root/vast/mustafa/dreem-experiments/paper-plots/uncertainty-microscopy/no-post-processing-no-weight-iou-entropies/7-2.frame_meta_entropy_histogram.csv,Lysosomes - Airyscan Confocal,7-2.
0.0080501716097164,Correctly Tracked,/root/vast/mustafa/dreem-experiments/paper-plots/uncertainty-microscopy/no-post-processing-no-weight-iou-entropies/7-2.frame_meta_entropy_histogram.csv,Lysosomes - Airyscan Confocal,7-2.
0.0082071716296486,Correctly Tracked,/root/vast/mustafa/dreem-experiments/paper-plots/uncertainty-microscopy/no-post-processing-no-weight-iou-entropies/7-2.frame_meta_entropy_histogram.csv,Lysosomes - Airyscan Confocal,7-2.
0.0006021136515303,Correctly Tracked,/root/vast/mustafa/dreem-experiments/paper-plots/uncertainty-microscopy/no-post-processing-no-weight-iou-entropies/7-2.frame_meta_entropy_histogram.csv,Lysosomes - Airyscan Confocal,7-2.
0.0034227442323399,Correctly Tracked,/root/vast/mustafa/dreem-experiments/paper-plots/uncertainty-microscopy/no-post-processing-no-weight-iou-entropies/7-2.frame_meta_entropy_histogram.csv,Lysosomes - Airyscan Confocal,7-2.
0.0087085081103764,Correctly Tracked,/root/vast/mustafa/dreem-experiments/paper-plots/uncertainty-microscopy/no-post-processing-no-weight-iou-entropies/7-2.frame_meta_entropy_histogram.csv,Lysosomes - Airyscan Confocal,7-2.
0.1494570703871408,Correctly Tracked,/root/vast/mustafa/dreem-experiments/paper-plots/uncertainty-microscopy/no-post-processing-no-weight-iou-entropies/7-2.frame_meta_entropy_histogram.csv,Lysosomes - Airyscan Confocal,7-2.
0.0527941704163379,Correctly Tracked,/root/vast/mustafa/dreem-experiments/paper-plots/uncertainty-microscopy/no-post-processing-no-weight-iou-entropies/7-2.frame_meta_entropy_histogram.csv,Lysosomes - Airyscan Confocal,7-2.
0.0412333906355885,Correctly Tracked,/root/vast/mustafa/dreem-experiments/paper-plots/uncertainty-microscopy/no-post-processing-no-weight-iou-entropies/7-2.frame_meta_entropy_histogram.csv,Lysosomes - Airyscan Confocal,7-2.
0.0120588792192513,Correctly Tracked,/root/vast/mustafa/dreem-experiments/paper-plots/uncertainty-microscopy/no-post-processing-no-weight-iou-entropies/7-2.frame_meta_entropy_histogram.csv,Lysosomes - Airyscan Confocal,7-2.
0.0122300049878025,Correctly Tracked,/root/vast/mustafa/dreem-experiments/paper-plots/uncertainty-microscopy/no-post-processing-no-weight-iou-entropies/7-2.frame_meta_entropy_histogram.csv,Lysosomes - Airyscan Confocal,7-2.
0.0217931223362869,Correctly Tracked,/root/vast/mustafa/dreem-experiments/paper-plots/uncertainty-microscopy/no-post-processing-no-weight-iou-entropies/7-2.frame_meta_entropy_histogram.csv,Lysosomes - Airyscan Confocal,7-2.
0.0454484200485873,Correctly Tracked,/root/vast/mustafa/dreem-experiments/paper-plots/uncertainty-microscopy/no-post-processing-no-weight-iou-entropies/7-2.frame_meta_entropy_histogram.csv,Lysosomes - Airyscan Confocal,7-2.
0.0131186153212099,Correctly Tracked,/root/vast/mustafa/dreem-experiments/paper-plots/uncertainty-microscopy/no-post-processing-no-weight-iou-entropies/7-2.frame_meta_entropy_histogram.csv,Lysosomes - Airyscan Confocal,7-2.
0.0003920187466715,Correctly Tracked,/root/vast/mustafa/dreem-experiments/paper-plots/uncertainty-microscopy/no-post-processing-no-weight-iou-entropies/7-2.frame_meta_entropy_histogram.csv,Lysosomes - Airyscan Confocal,7-2.
0.0144059651409511,Correctly Tracked,/root/vast/mustafa/dreem-experiments/paper-plots/uncertainty-microscopy/no-post-processing-no-weight-iou-entropies/7-2.frame_meta_entropy_histogram.csv,Lysosomes - Airyscan Confocal,7-2.
0.0173001563345495,Correctly Tracked,/root/vast/mustafa/dreem-experiments/paper-plots/uncertainty-microscopy/no-post-processing-no-weight-iou-entropies/7-2.frame_meta_entropy_histogram.csv,Lysosomes - Airyscan Confocal,7-2.
0.0224459470694816,Correctly Tracked,/root/vast/mustafa/dreem-experiments/paper-plots/uncertainty-microscopy/no-post-processing-no-weight-iou-entropies/7-2.frame_meta_entropy_histogram.csv,Lysosomes - Airyscan Confocal,7-2.
0.0253825959431289,Correctly Tracked,/root/vast/mustafa/dreem-experiments/paper-plots/uncertainty-microscopy/no-post-processing-no-weight-iou-entropies/7-2.frame_meta_entropy_histogram.csv,Lysosomes - Airyscan Confocal,7-2.
0.0222074405946629,Correctly Tracked,/root/vast/mustafa/dreem-experiments/paper-plots/uncertainty-microscopy/no-post-processing-no-weight-iou-entropies/7-2.frame_meta_entropy_histogram.csv,Lysosomes - Airyscan Confocal,7-2.
0.0175844778935991,Correctly Tracked,/root/vast/mustafa/dreem-experiments/paper-plots/uncertainty-microscopy/no-post-processing-no-weight-iou-entropies/7-2.frame_meta_entropy_histogram.csv,Lysosomes - Airyscan Confocal,7-2.
0.0176194974362202,Correctly Tracked,/root/vast/mustafa/dreem-experiments/paper-plots/uncertainty-microscopy/no-post-processing-no-weight-iou-entropies/7-2.frame_meta_entropy_histogram.csv,Lysosomes - Airyscan Confocal,7-2.
0.0115242186792277,Correctly Tracked,/root/vast/mustafa/dreem-experiments/paper-plots/uncertainty-microscopy/no-post-processing-no-weight-iou-entropies/7-2.frame_meta_entropy_histogram.csv,Lysosomes - Airyscan Confocal,7-2.
0.0119015302653788,Correctly Tracked,/root/vast/mustafa/dreem-experiments/paper-plots/uncertainty-microscopy/no-post-processing-no-weight-iou-entropies/7-2.frame_meta_entropy_histogram.csv,Lysosomes - Airyscan Confocal,7-2.
0.0144061514705179,Correctly Tracked,/root/vast/mustafa/dreem-experiments/paper-plots/uncertainty-microscopy/no-post-processing-no-weight-iou-entropies/7-2.frame_meta_entropy_histogram.csv,Lysosomes - Airyscan Confocal,7-2.
0.0005321106604083,Correctly Tracked,/root/vast/mustafa/dreem-experiments/paper-plots/uncertainty-microscopy/no-post-processing-no-weight-iou-entropies/7-2.frame_meta_entropy_histogram.csv,Lysosomes - Airyscan Confocal,7-2.
0.0117031610309727,Correctly Tracked,/root/vast/mustafa/dreem-experiments/paper-plots/uncertainty-microscopy/no-post-processing-no-weight-iou-entropies/7-2.frame_meta_entropy_histogram.csv,Lysosomes - Airyscan Confocal,7-2.
0.0126104089503668,Correctly Tracked,/root/vast/mustafa/dreem-experiments/paper-plots/uncertainty-microscopy/no-post-processing-no-weight-iou-entropies/7-2.frame_meta_entropy_histogram.csv,Lysosomes - Airyscan Confocal,7-2.
0.0209231530608457,Correctly Tracked,/root/vast/mustafa/dreem-experiments/paper-plots/uncertainty-microscopy/no-post-processing-no-weight-iou-entropies/7-2.frame_meta_entropy_histogram.csv,Lysosomes - Airyscan Confocal,7-2.
0.0308714807488567,Correctly Tracked,/root/vast/mustafa/dreem-experiments/paper-plots/uncertainty-microscopy/no-post-processing-no-weight-iou-entropies/7-2.frame_meta_entropy_histogram.csv,Lysosomes - Airyscan Confocal,7-2.
0.018176089313455,Correctly Tracked,/root/vast/mustafa/dreem-experiments/paper-plots/uncertainty-microscopy/no-post-processing-no-weight-iou-entropies/7-2.frame_meta_entropy_histogram.csv,Lysosomes - Airyscan Confocal,7-2.
0.0186545616518112,Correctly Tracked,/root/vast/mustafa/dreem-experiments/paper-plots/uncertainty-microscopy/no-post-processing-no-weight-iou-entropies/7-2.frame_meta_entropy_histogram.csv,Lysosomes - Airyscan Confocal,7-2.
0.0141664691519733,Correctly Tracked,/root/vast/mustafa/dreem-experiments/paper-plots/uncertainty-microscopy/no-post-processing-no-weight-iou-entropies/7-2.frame_meta_entropy_histogram.csv,Lysosomes - Airyscan Confocal,7-2.
0.1097429207678272,Correctly Tracked,/root/vast/mustafa/dreem-experiments/paper-plots/uncertainty-microscopy/no-post-processing-no-weight-iou-entropies/7-2.frame_meta_entropy_histogram.csv,Lysosomes - Airyscan Confocal,7-2.
0.0321823127233216,Correctly Tracked,/root/vast/mustafa/dreem-experiments/paper-plots/uncertainty-microscopy/no-post-processing-no-weight-iou-entropies/7-2.frame_meta_entropy_histogram.csv,Lysosomes - Airyscan Confocal,7-2.
0.0714543011232763,Correctly Tracked,/root/vast/mustafa/dreem-experiments/paper-plots/uncertainty-microscopy/no-post-processing-no-weight-iou-entropies/7-2.frame_meta_entropy_histogram.csv,Lysosomes - Airyscan Confocal,7-2.
0.0236905984852615,Correctly Tracked,/root/vast/mustafa/dreem-experiments/paper-plots/uncertainty-microscopy/no-post-processing-no-weight-iou-entropies/7-2.frame_meta_entropy_histogram.csv,Lysosomes - Airyscan Confocal,7-2.
0.0157650530012394,Correctly Tracked,/root/vast/mustafa/dreem-experiments/paper-plots/uncertainty-microscopy/no-post-processing-no-weight-iou-entropies/7-2.frame_meta_entropy_histogram.csv,Lysosomes - Airyscan Confocal,7-2.
0.0140393831287991,Correctly Tracked,/root/vast/mustafa/dreem-experiments/paper-plots/uncertainty-microscopy/no-post-processing-no-weight-iou-entropies/7-2.frame_meta_entropy_histogram.csv,Lysosomes - Airyscan Confocal,7-2.
0.0168440308136187,Correctly Tracked,/root/vast/mustafa/dreem-experiments/paper-plots/uncertainty-microscopy/no-post-processing-no-weight-iou-entropies/7-2.frame_meta_entropy_histogram.csv,Lysosomes - Airyscan Confocal,7-2.
0.0198050298368661,Correctly Tracked,/root/vast/mustafa/dreem-experiments/paper-plots/uncertainty-microscopy/no-post-processing-no-weight-iou-entropies/7-2.frame_meta_entropy_histogram.csv,Lysosomes - Airyscan Confocal,7-2.
0.0164229190486764,Correctly Tracked,/root/vast/mustafa/dreem-experiments/paper-plots/uncertainty-microscopy/no-post-processing-no-weight-iou-entropies/7-2.frame_meta_entropy_histogram.csv,Lysosomes - Airyscan Confocal,7-2.
0.0278054566602144,Correctly Tracked,/root/vast/mustafa/dreem-experiments/paper-plots/uncertainty-microscopy/no-post-processing-no-weight-iou-entropies/7-2.frame_meta_entropy_histogram.csv,Lysosomes - Airyscan Confocal,7-2.
0.0314827065382669,Correctly Tracked,/root/vast/mustafa/dreem-experiments/paper-plots/uncertainty-microscopy/no-post-processing-no-weight-iou-entropies/7-2.frame_meta_entropy_histogram.csv,Lysosomes - Airyscan Confocal,7-2.
0.0185597823979376,Correctly Tracked,/root/vast/mustafa/dreem-experiments/paper-plots/uncertainty-microscopy/no-post-processing-no-weight-iou-entropies/7-2.frame_meta_entropy_histogram.csv,Lysosomes - Airyscan Confocal,7-2.
0.024520107626196,Correctly Tracked,/root/vast/mustafa/dreem-experiments/paper-plots/uncertainty-microscopy/no-post-processing-no-weight-iou-entropies/7-2.frame_meta_entropy_histogram.csv,Lysosomes - Airyscan Confocal,7-2.
0.0312663536073477,Correctly Tracked,/root/vast/mustafa/dreem-experiments/paper-plots/uncertainty-microscopy/no-post-processing-no-weight-iou-entropies/7-2.frame_meta_entropy_histogram.csv,Lysosomes - Airyscan Confocal,7-2.
0.1171122296738505,Correctly Tracked,/root/vast/mustafa/dreem-experiments/paper-plots/uncertainty-microscopy/no-post-processing-no-weight-iou-entropies/7-2.frame_meta_entropy_histogram.csv,Lysosomes - Airyscan Confocal,7-2.
0.0371776209225169,Correctly Tracked,/root/vast/mustafa/dreem-experiments/paper-plots/uncertainty-microscopy/no-post-processing-no-weight-iou-entropies/7-2.frame_meta_entropy_histogram.csv,Lysosomes - Airyscan Confocal,7-2.
0.0216946107044447,Correctly Tracked,/root/vast/mustafa/dreem-experiments/paper-plots/uncertainty-microscopy/no-post-processing-no-weight-iou-entropies/7-2.frame_meta_entropy_histogram.csv,Lysosomes - Airyscan Confocal,7-2.
0.0286838304407124,Correctly Tracked,/root/vast/mustafa/dreem-experiments/paper-plots/uncertainty-microscopy/no-post-processing-no-weight-iou-entropies/7-2.frame_meta_entropy_histogram.csv,Lysosomes - Airyscan Confocal,7-2.
0.030697925751978,Correctly Tracked,/root/vast/mustafa/dreem-experiments/paper-plots/uncertainty-microscopy/no-post-processing-no-weight-iou-entropies/7-2.frame_meta_entropy_histogram.csv,Lysosomes - Airyscan Confocal,7-2.
0.0256461307608777,Correctly Tracked,/root/vast/mustafa/dreem-experiments/paper-plots/uncertainty-microscopy/no-post-processing-no-weight-iou-entropies/7-2.frame_meta_entropy_histogram.csv,Lysosomes - Airyscan Confocal,7-2.
0.0179672069251056,Correctly Tracked,/root/vast/mustafa/dreem-experiments/paper-plots/uncertainty-microscopy/no-post-processing-no-weight-iou-entropies/7-2.frame_meta_entropy_histogram.csv,Lysosomes - Airyscan Confocal,7-2.
0.0247514456206619,Correctly Tracked,/root/vast/mustafa/dreem-experiments/paper-plots/uncertainty-microscopy/no-post-processing-no-weight-iou-entropies/7-2.frame_meta_entropy_histogram.csv,Lysosomes - Airyscan Confocal,7-2.
0.0448338287537096,Correctly Tracked,/root/vast/mustafa/dreem-experiments/paper-plots/uncertainty-microscopy/no-post-processing-no-weight-iou-entropies/7-2.frame_meta_entropy_histogram.csv,Lysosomes - Airyscan Confocal,7-2.
0.0241609174584117,Correctly Tracked,/root/vast/mustafa/dreem-experiments/paper-plots/uncertainty-microscopy/no-post-processing-no-weight-iou-entropies/7-2.frame_meta_entropy_histogram.csv,Lysosomes - Airyscan Confocal,7-2.
0.0376656192153102,Correctly Tracked,/root/vast/mustafa/dreem-experiments/paper-plots/uncertainty-microscopy/no-post-processing-no-weight-iou-entropies/7-2.frame_meta_entropy_histogram.csv,Lysosomes - Airyscan Confocal,7-2.
0.513899926526048,Correctly Tracked,/root/vast/mustafa/dreem-experiments/paper-plots/uncertainty-microscopy/no-post-processing-no-weight-iou-entropies/7-2.frame_meta_entropy_histogram.csv,Lysosomes - Airyscan Confocal,7-2.
0.0888765091107168,Correctly Tracked,/root/vast/mustafa/dreem-experiments/paper-plots/uncertainty-microscopy/no-post-processing-no-weight-iou-entropies/7-2.frame_meta_entropy_histogram.csv,Lysosomes - Airyscan Confocal,7-2.
0.054055892398021,Correctly Tracked,/root/vast/mustafa/dreem-experiments/paper-plots/uncertainty-microscopy/no-post-processing-no-weight-iou-entropies/7-2.frame_meta_entropy_histogram.csv,Lysosomes - Airyscan Confocal,7-2.
0.0032073553543968,Correctly Tracked,/root/vast/mustafa/dreem-experiments/paper-plots/uncertainty-microscopy/no-post-processing-no-weight-iou-entropies/7-2.frame_meta_entropy_histogram.csv,Lysosomes - Airyscan Confocal,7-2.
0.0450409670510206,Correctly Tracked,/root/vast/mustafa/dreem-experiments/paper-plots/uncertainty-microscopy/no-post-processing-no-weight-iou-entropies/7-2.frame_meta_entropy_histogram.csv,Lysosomes - Airyscan Confocal,7-2.
0.0125811309045216,Correctly Tracked,/root/vast/mustafa/dreem-experiments/paper-plots/uncertainty-microscopy/no-post-processing-no-weight-iou-entropies/7-2.frame_meta_entropy_histogram.csv,Lysosomes - Airyscan Confocal,7-2.
0.0043876157275954,Correctly Tracked,/root/vast/mustafa/dreem-experiments/paper-plots/uncertainty-microscopy/no-post-processing-no-weight-iou-entropies/7-2.frame_meta_entropy_histogram.csv,Lysosomes - Airyscan Confocal,7-2.
0.0017181230909871,Correctly Tracked,/root/vast/mustafa/dreem-experiments/paper-plots/uncertainty-microscopy/no-post-processing-no-weight-iou-entropies/7-2.frame_meta_entropy_histogram.csv,Lysosomes - Airyscan Confocal,7-2.
0.1603254957906964,Correctly Tracked,/root/vast/mustafa/dreem-experiments/paper-plots/uncertainty-microscopy/no-post-processing-no-weight-iou-entropies/7-2.frame_meta_entropy_histogram.csv,Lysosomes - Airyscan Confocal,7-2.
0.0256198733372025,Correctly Tracked,/root/vast/mustafa/dreem-experiments/paper-plots/uncertainty-microscopy/no-post-processing-no-weight-iou-entropies/7-2.frame_meta_entropy_histogram.csv,Lysosomes - Airyscan Confocal,7-2.
0.0397805755312169,Correctly Tracked,/root/vast/mustafa/dreem-experiments/paper-plots/uncertainty-microscopy/no-post-processing-no-weight-iou-entropies/7-2.frame_meta_entropy_histogram.csv,Lysosomes - Airyscan Confocal,7-2.
0.1920822387273905,Correctly Tracked,/root/vast/mustafa/dreem-experiments/paper-plots/uncertainty-microscopy/no-post-processing-no-weight-iou-entropies/7-2.frame_meta_entropy_histogram.csv,Lysosomes - Airyscan Confocal,7-2.
0.0053274886810781,Correctly Tracked,/root/vast/mustafa/dreem-experiments/paper-plots/uncertainty-microscopy/no-post-processing-no-weight-iou-entropies/7-2.frame_meta_entropy_histogram.csv,Lysosomes - Airyscan Confocal,7-2.
0.0107033269914263,Correctly Tracked,/root/vast/mustafa/dreem-experiments/paper-plots/uncertainty-microscopy/no-post-processing-no-weight-iou-entropies/7-2.frame_meta_entropy_histogram.csv,Lysosomes - Airyscan Confocal,7-2.
0.0080426316275565,Correctly Tracked,/root/vast/mustafa/dreem-experiments/paper-plots/uncertainty-microscopy/no-post-processing-no-weight-iou-entropies/7-2.frame_meta_entropy_histogram.csv,Lysosomes - Airyscan Confocal,7-2.
0.0059194629227923,Correctly Tracked,/root/vast/mustafa/dreem-experiments/paper-plots/uncertainty-microscopy/no-post-processing-no-weight-iou-entropies/7-2.frame_meta_entropy_histogram.csv,Lysosomes - Airyscan Confocal,7-2.
0.0059034246921289,Correctly Tracked,/root/vast/mustafa/dreem-experiments/paper-plots/uncertainty-microscopy/no-post-processing-no-weight-iou-entropies/7-2.frame_meta_entropy_histogram.csv,Lysosomes - Airyscan Confocal,7-2.
0.012856588499893,Correctly Tracked,/root/vast/mustafa/dreem-experiments/paper-plots/uncertainty-microscopy/no-post-processing-no-weight-iou-entropies/7-2.frame_meta_entropy_histogram.csv,Lysosomes - Airyscan Confocal,7-2.
0.0113247395687063,Correctly Tracked,/root/vast/mustafa/dreem-experiments/paper-plots/uncertainty-microscopy/no-post-processing-no-weight-iou-entropies/7-2.frame_meta_entropy_histogram.csv,Lysosomes - Airyscan Confocal,7-2.
0.0504337937570903,Correctly Tracked,/root/vast/mustafa/dreem-experiments/paper-plots/uncertainty-microscopy/no-post-processing-no-weight-iou-entropies/7-2.frame_meta_entropy_histogram.csv,Lysosomes - Airyscan Confocal,7-2.
0.0067661624129229,Correctly Tracked,/root/vast/mustafa/dreem-experiments/paper-plots/uncertainty-microscopy/no-post-processing-no-weight-iou-entropies/7-2.frame_meta_entropy_histogram.csv,Lysosomes - Airyscan Confocal,7-2.
0.0050474243475658,Correctly Tracked,/root/vast/mustafa/dreem-experiments/paper-plots/uncertainty-microscopy/no-post-processing-no-weight-iou-entropies/7-2.frame_meta_entropy_histogram.csv,Lysosomes - Airyscan Confocal,7-2.
0.051041107782924,Correctly Tracked,/root/vast/mustafa/dreem-experiments/paper-plots/uncertainty-microscopy/no-post-processing-no-weight-iou-entropies/7-2.frame_meta_entropy_histogram.csv,Lysosomes - Airyscan Confocal,7-2.
0.0382785671065553,Correctly Tracked,/root/vast/mustafa/dreem-experiments/paper-plots/uncertainty-microscopy/no-post-processing-no-weight-iou-entropies/7-2.frame_meta_entropy_histogram.csv,Lysosomes - Airyscan Confocal,7-2.
0.0363043879863404,Correctly Tracked,/root/vast/mustafa/dreem-experiments/paper-plots/uncertainty-microscopy/no-post-processing-no-weight-iou-entropies/7-2.frame_meta_entropy_histogram.csv,Lysosomes - Airyscan Confocal,7-2.
0.0280556590766613,Correctly Tracked,/root/vast/mustafa/dreem-experiments/paper-plots/uncertainty-microscopy/no-post-processing-no-weight-iou-entropies/7-2.frame_meta_entropy_histogram.csv,Lysosomes - Airyscan Confocal,7-2.
0.0314466257272435,Correctly Tracked,/root/vast/mustafa/dreem-experiments/paper-plots/uncertainty-microscopy/no-post-processing-no-weight-iou-entropies/7-2.frame_meta_entropy_histogram.csv,Lysosomes - Airyscan Confocal,7-2.
0.0293577763825668,Correctly Tracked,/root/vast/mustafa/dreem-experiments/paper-plots/uncertainty-microscopy/no-post-processing-no-weight-iou-entropies/7-2.frame_meta_entropy_histogram.csv,Lysosomes - Airyscan Confocal,7-2.
0.0083245662006959,Correctly Tracked,/root/vast/mustafa/dreem-experiments/paper-plots/uncertainty-microscopy/no-post-processing-no-weight-iou-entropies/7-2.frame_meta_entropy_histogram.csv,Lysosomes - Airyscan Confocal,7-2.
0.011991558693962,Correctly Tracked,/root/vast/mustafa/dreem-experiments/paper-plots/uncertainty-microscopy/no-post-processing-no-weight-iou-entropies/7-2.frame_meta_entropy_histogram.csv,Lysosomes - Airyscan Confocal,7-2.
0.0028004899893614,Correctly Tracked,/root/vast/mustafa/dreem-experiments/paper-plots/uncertainty-microscopy/no-post-processing-no-weight-iou-entropies/7-2.frame_meta_entropy_histogram.csv,Lysosomes - Airyscan Confocal,7-2.
0.0104285093976104,Correctly Tracked,/root/vast/mustafa/dreem-experiments/paper-plots/uncertainty-microscopy/no-post-processing-no-weight-iou-entropies/7-2.frame_meta_entropy_histogram.csv,Lysosomes - Airyscan Confocal,7-2.
0.0006399327669596,Correctly Tracked,/root/vast/mustafa/dreem-experiments/paper-plots/uncertainty-microscopy/no-post-processing-no-weight-iou-entropies/7-2.frame_meta_entropy_histogram.csv,Lysosomes - Airyscan Confocal,7-2.
0.0188505028152162,Correctly Tracked,/root/vast/mustafa/dreem-experiments/paper-plots/uncertainty-microscopy/no-post-processing-no-weight-iou-entropies/7-2.frame_meta_entropy_histogram.csv,Lysosomes - Airyscan Confocal,7-2.
0.0007623387787588,Correctly Tracked,/root/vast/mustafa/dreem-experiments/paper-plots/uncertainty-microscopy/no-post-processing-no-weight-iou-entropies/7-2.frame_meta_entropy_histogram.csv,Lysosomes - Airyscan Confocal,7-2.
0.0007049200496881,Correctly Tracked,/root/vast/mustafa/dreem-experiments/paper-plots/uncertainty-microscopy/no-post-processing-no-weight-iou-entropies/7-2.frame_meta_entropy_histogram.csv,Lysosomes - Airyscan Confocal,7-2.
0.0007565381859983,Correctly Tracked,/root/vast/mustafa/dreem-experiments/paper-plots/uncertainty-microscopy/no-post-processing-no-weight-iou-entropies/7-2.frame_meta_entropy_histogram.csv,Lysosomes - Airyscan Confocal,7-2.
0.0003797950641584,Correctly Tracked,/root/vast/mustafa/dreem-experiments/paper-plots/uncertainty-microscopy/no-post-processing-no-weight-iou-entropies/7-2.frame_meta_entropy_histogram.csv,Lysosomes - Airyscan Confocal,7-2.
0.0001669612918831,Correctly Tracked,/root/vast/mustafa/dreem-experiments/paper-plots/uncertainty-microscopy/no-post-processing-no-weight-iou-entropies/7-2.frame_meta_entropy_histogram.csv,Lysosomes - Airyscan Confocal,7-2.
0.0001213164431473,Correctly Tracked,/root/vast/mustafa/dreem-experiments/paper-plots/uncertainty-microscopy/no-post-processing-no-weight-iou-entropies/7-2.frame_meta_entropy_histogram.csv,Lysosomes - Airyscan Confocal,7-2.
0.0002634661014877,Correctly Tracked,/root/vast/mustafa/dreem-experiments/paper-plots/uncertainty-microscopy/no-post-processing-no-weight-iou-entropies/7-2.frame_meta_entropy_histogram.csv,Lysosomes - Airyscan Confocal,7-2.
0.0002505257445383,Correctly Tracked,/root/vast/mustafa/dreem-experiments/paper-plots/uncertainty-microscopy/no-post-processing-no-weight-iou-entropies/7-2.frame_meta_entropy_histogram.csv,Lysosomes - Airyscan Confocal,7-2.
0.0002125127226703,Correctly Tracked,/root/vast/mustafa/dreem-experiments/paper-plots/uncertainty-microscopy/no-post-processing-no-weight-iou-entropies/7-2.frame_meta_entropy_histogram.csv,Lysosomes - Airyscan Confocal,7-2.
0.000132442690805,Correctly Tracked,/root/vast/mustafa/dreem-experiments/paper-plots/uncertainty-microscopy/no-post-processing-no-weight-iou-entropies/7-2.frame_meta_entropy_histogram.csv,Lysosomes - Airyscan Confocal,7-2.
0.0036919641271977,Correctly Tracked,/root/vast/mustafa/dreem-experiments/paper-plots/uncertainty-microscopy/no-post-processing-no-weight-iou-entropies/7-2.frame_meta_entropy_histogram.csv,Lysosomes - Airyscan Confocal,7-2.
0.0027209894706344,Correctly Tracked,/root/vast/mustafa/dreem-experiments/paper-plots/uncertainty-microscopy/no-post-processing-no-weight-iou-entropies/7-2.frame_meta_entropy_histogram.csv,Lysosomes - Airyscan Confocal,7-2.
8.57973513915993e-05,Correctly Tracked,/root/vast/mustafa/dreem-experiments/paper-plots/uncertainty-microscopy/no-post-processing-no-weight-iou-entropies/7-2.frame_meta_entropy_histogram.csv,Lysosomes - Airyscan Confocal,7-2.
0.107432656346112,Correctly Tracked,/root/vast/mustafa/dreem-experiments/paper-plots/uncertainty-microscopy/no-post-processing-no-weight-iou-entropies/7-2.frame_meta_entropy_histogram.csv,Lysosomes - Airyscan Confocal,7-2.
0.1098439970351976,Correctly Tracked,/root/vast/mustafa/dreem-experiments/paper-plots/uncertainty-microscopy/no-post-processing-no-weight-iou-entropies/7-2.frame_meta_entropy_histogram.csv,Lysosomes - Airyscan Confocal,7-2.
0.1039133468157745,Correctly Tracked,/root/vast/mustafa/dreem-experiments/paper-plots/uncertainty-microscopy/no-post-processing-no-weight-iou-entropies/7-2.frame_meta_entropy_histogram.csv,Lysosomes - Airyscan Confocal,7-2.
0.0476590016240404,Correctly Tracked,/root/vast/mustafa/dreem-experiments/paper-plots/uncertainty-microscopy/no-post-processing-no-weight-iou-entropies/7-2.frame_meta_entropy_histogram.csv,Lysosomes - Airyscan Confocal,7-2.
0.0090843394759316,Correctly Tracked,/root/vast/mustafa/dreem-experiments/paper-plots/uncertainty-microscopy/no-post-processing-no-weight-iou-entropies/7-2.frame_meta_entropy_histogram.csv,Lysosomes - Airyscan Confocal,7-2.
0.0009718455447559,Correctly Tracked,/root/vast/mustafa/dreem-experiments/paper-plots/uncertainty-microscopy/no-post-processing-no-weight-iou-entropies/7-2.frame_meta_entropy_histogram.csv,Lysosomes - Airyscan Confocal,7-2.
0.0005810850651571,Correctly Tracked,/root/vast/mustafa/dreem-experiments/paper-plots/uncertainty-microscopy/no-post-processing-no-weight-iou-entropies/7-2.frame_meta_entropy_histogram.csv,Lysosomes - Airyscan Confocal,7-2.
0.0996867533963687,Correctly Tracked,/root/vast/mustafa/dreem-experiments/paper-plots/uncertainty-microscopy/no-post-processing-no-weight-iou-entropies/7-2.frame_meta_entropy_histogram.csv,Lysosomes - Airyscan Confocal,7-2.
0.033042136874647,Correctly Tracked,/root/vast/mustafa/dreem-experiments/paper-plots/uncertainty-microscopy/no-post-processing-no-weight-iou-entropies/7-2.frame_meta_entropy_histogram.csv,Lysosomes - Airyscan Confocal,7-2.
0.0604696986561534,Correctly Tracked,/root/vast/mustafa/dreem-experiments/paper-plots/uncertainty-microscopy/no-post-processing-no-weight-iou-entropies/7-2.frame_meta_entropy_histogram.csv,Lysosomes - Airyscan Confocal,7-2.
0.0009831482847052,Correctly Tracked,/root/vast/mustafa/dreem-experiments/paper-plots/uncertainty-microscopy/no-post-processing-no-weight-iou-entropies/7-2.frame_meta_entropy_histogram.csv,Lysosomes - Airyscan Confocal,7-2.
7.376699665397456e-05,Correctly Tracked,/root/vast/mustafa/dreem-experiments/paper-plots/uncertainty-microscopy/no-post-processing-no-weight-iou-entropies/7-2.frame_meta_entropy_histogram.csv,Lysosomes - Airyscan Confocal,7-2.
0.0008647404019726,Correctly Tracked,/root/vast/mustafa/dreem-experiments/paper-plots/uncertainty-microscopy/no-post-processing-no-weight-iou-entropies/7-2.frame_meta_entropy_histogram.csv,Lysosomes - Airyscan Confocal,7-2.
0.0021024566110228,Correctly Tracked,/root/vast/mustafa/dreem-experiments/paper-plots/uncertainty-microscopy/no-post-processing-no-weight-iou-entropies/7-2.frame_meta_entropy_histogram.csv,Lysosomes - Airyscan Confocal,7-2.
0.0002430443339493,Correctly Tracked,/root/vast/mustafa/dreem-experiments/paper-plots/uncertainty-microscopy/no-post-processing-no-weight-iou-entropies/7-2.frame_meta_entropy_histogram.csv,Lysosomes - Airyscan Confocal,7-2.
0.0001133534310261,Correctly Tracked,/root/vast/mustafa/dreem-experiments/paper-plots/uncertainty-microscopy/no-post-processing-no-weight-iou-entropies/7-2.frame_meta_entropy_histogram.csv,Lysosomes - Airyscan Confocal,7-2.
0.0005686830096969,Correctly Tracked,/root/vast/mustafa/dreem-experiments/paper-plots/uncertainty-microscopy/no-post-processing-no-weight-iou-entropies/7-2.frame_meta_entropy_histogram.csv,Lysosomes - Airyscan Confocal,7-2.
0.001286784465745,Correctly Tracked,/root/vast/mustafa/dreem-experiments/paper-plots/uncertainty-microscopy/no-post-processing-no-weight-iou-entropies/7-2.frame_meta_entropy_histogram.csv,Lysosomes - Airyscan Confocal,7-2.
0.0098467896473663,Correctly Tracked,/root/vast/mustafa/dreem-experiments/paper-plots/uncertainty-microscopy/no-post-processing-no-weight-iou-entropies/7-2.frame_meta_entropy_histogram.csv,Lysosomes - Airyscan Confocal,7-2.
0.0158108981759594,Correctly Tracked,/root/vast/mustafa/dreem-experiments/paper-plots/uncertainty-microscopy/no-post-processing-no-weight-iou-entropies/7-2.frame_meta_entropy_histogram.csv,Lysosomes - Airyscan Confocal,7-2.
0.0005297030234533,Correctly Tracked,/root/vast/mustafa/dreem-experiments/paper-plots/uncertainty-microscopy/no-post-processing-no-weight-iou-entropies/7-2.frame_meta_entropy_histogram.csv,Lysosomes - Airyscan Confocal,7-2.
0.0018797644241894,Correctly Tracked,/root/vast/mustafa/dreem-experiments/paper-plots/uncertainty-microscopy/no-post-processing-no-weight-iou-entropies/7-2.frame_meta_entropy_histogram.csv,Lysosomes - Airyscan Confocal,7-2.
0.0003782909375369,Correctly Tracked,/root/vast/mustafa/dreem-experiments/paper-plots/uncertainty-microscopy/no-post-processing-no-weight-iou-entropies/7-2.frame_meta_entropy_histogram.csv,Lysosomes - Airyscan Confocal,7-2.
0.0013398927322593,Correctly Tracked,/root/vast/mustafa/dreem-experiments/paper-plots/uncertainty-microscopy/no-post-processing-no-weight-iou-entropies/7-2.frame_meta_entropy_histogram.csv,Lysosomes - Airyscan Confocal,7-2.
0.0033518684000367,Correctly Tracked,/root/vast/mustafa/dreem-experiments/paper-plots/uncertainty-microscopy/no-post-processing-no-weight-iou-entropies/7-2.frame_meta_entropy_histogram.csv,Lysosomes - Airyscan Confocal,7-2.
0.0016528705634909,Correctly Tracked,/root/vast/mustafa/dreem-experiments/paper-plots/uncertainty-microscopy/no-post-processing-no-weight-iou-entropies/7-2.frame_meta_entropy_histogram.csv,Lysosomes - Airyscan Confocal,7-2.
0.000975352750387,Correctly Tracked,/root/vast/mustafa/dreem-experiments/paper-plots/uncertainty-microscopy/no-post-processing-no-weight-iou-entropies/7-2.frame_meta_entropy_histogram.csv,Lysosomes - Airyscan Confocal,7-2.
0.0041960159852306,Correctly Tracked,/root/vast/mustafa/dreem-experiments/paper-plots/uncertainty-microscopy/no-post-processing-no-weight-iou-entropies/7-2.frame_meta_entropy_histogram.csv,Lysosomes - Airyscan Confocal,7-2.
0.0058223470267115,Correctly Tracked,/root/vast/mustafa/dreem-experiments/paper-plots/uncertainty-microscopy/no-post-processing-no-weight-iou-entropies/7-2.frame_meta_entropy_histogram.csv,Lysosomes - Airyscan Confocal,7-2.
0.0004628057541656,Correctly Tracked,/root/vast/mustafa/dreem-experiments/paper-plots/uncertainty-microscopy/no-post-processing-no-weight-iou-entropies/7-2.frame_meta_entropy_histogram.csv,Lysosomes - Airyscan Confocal,7-2.
0.0011957801215891,Correctly Tracked,/root/vast/mustafa/dreem-experiments/paper-plots/uncertainty-microscopy/no-post-processing-no-weight-iou-entropies/7-2.frame_meta_entropy_histogram.csv,Lysosomes - Airyscan Confocal,7-2.
0.0025290190944574,Correctly Tracked,/root/vast/mustafa/dreem-experiments/paper-plots/uncertainty-microscopy/no-post-processing-no-weight-iou-entropies/7-2.frame_meta_entropy_histogram.csv,Lysosomes - Airyscan Confocal,7-2.
0.0004810689450289,Correctly Tracked,/root/vast/mustafa/dreem-experiments/paper-plots/uncertainty-microscopy/no-post-processing-no-weight-iou-entropies/7-2.frame_meta_entropy_histogram.csv,Lysosomes - Airyscan Confocal,7-2.
0.0036557583249121,Correctly Tracked,/root/vast/mustafa/dreem-experiments/paper-plots/uncertainty-microscopy/no-post-processing-no-weight-iou-entropies/7-2.frame_meta_entropy_histogram.csv,Lysosomes - Airyscan Confocal,7-2.
0.0005765313108702,Correctly Tracked,/root/vast/mustafa/dreem-experiments/paper-plots/uncertainty-microscopy/no-post-processing-no-weight-iou-entropies/7-2.frame_meta_entropy_histogram.csv,Lysosomes - Airyscan Confocal,7-2.
0.0004116192644742,Correctly Tracked,/root/vast/mustafa/dreem-experiments/paper-plots/uncertainty-microscopy/no-post-processing-no-weight-iou-entropies/7-2.frame_meta_entropy_histogram.csv,Lysosomes - Airyscan Confocal,7-2.
0.0074317032710573,Correctly Tracked,/root/vast/mustafa/dreem-experiments/paper-plots/uncertainty-microscopy/no-post-processing-no-weight-iou-entropies/7-2.frame_meta_entropy_histogram.csv,Lysosomes - Airyscan Confocal,7-2.
0.0009797560883952,Correctly Tracked,/root/vast/mustafa/dreem-experiments/paper-plots/uncertainty-microscopy/no-post-processing-no-weight-iou-entropies/7-2.frame_meta_entropy_histogram.csv,Lysosomes - Airyscan Confocal,7-2.
0.0009110728834828,Correctly Tracked,/root/vast/mustafa/dreem-experiments/paper-plots/uncertainty-microscopy/no-post-processing-no-weight-iou-entropies/7-2.frame_meta_entropy_histogram.csv,Lysosomes - Airyscan Confocal,7-2.
0.518608104045151,Correctly Tracked,/root/vast/mustafa/dreem-experiments/paper-plots/uncertainty-microscopy/no-post-processing-no-weight-iou-entropies/8-1.frame_meta_entropy_histogram.csv,Lysosomes - Airyscan Confocal,8-1.
1.5122110022799292e-05,Correctly Tracked,/root/vast/mustafa/dreem-experiments/paper-plots/uncertainty-microscopy/no-post-processing-no-weight-iou-entropies/8-1.frame_meta_entropy_histogram.csv,Lysosomes - Airyscan Confocal,8-1.
3.885914294493965e-05,Correctly Tracked,/root/vast/mustafa/dreem-experiments/paper-plots/uncertainty-microscopy/no-post-processing-no-weight-iou-entropies/8-1.frame_meta_entropy_histogram.csv,Lysosomes - Airyscan Confocal,8-1.
3.7058237744123626e-05,Correctly Tracked,/root/vast/mustafa/dreem-experiments/paper-plots/uncertainty-microscopy/no-post-processing-no-weight-iou-entropies/8-1.frame_meta_entropy_histogram.csv,Lysosomes - Airyscan Confocal,8-1.
2.923295537339161e-05,Correctly Tracked,/root/vast/mustafa/dreem-experiments/paper-plots/uncertainty-microscopy/no-post-processing-no-weight-iou-entropies/8-1.frame_meta_entropy_histogram.csv,Lysosomes - Airyscan Confocal,8-1.
2.694989753809e-05,Correctly Tracked,/root/vast/mustafa/dreem-experiments/paper-plots/uncertainty-microscopy/no-post-processing-no-weight-iou-entropies/8-1.frame_meta_entropy_histogram.csv,Lysosomes - Airyscan Confocal,8-1.
3.173389046809671e-05,Correctly Tracked,/root/vast/mustafa/dreem-experiments/paper-plots/uncertainty-microscopy/no-post-processing-no-weight-iou-entropies/8-1.frame_meta_entropy_histogram.csv,Lysosomes - Airyscan Confocal,8-1.
3.168973584693134e-05,Correctly Tracked,/root/vast/mustafa/dreem-experiments/paper-plots/uncertainty-microscopy/no-post-processing-no-weight-iou-entropies/8-1.frame_meta_entropy_histogram.csv,Lysosomes - Airyscan Confocal,8-1.
2.74212317274468e-05,Correctly Tracked,/root/vast/mustafa/dreem-experiments/paper-plots/uncertainty-microscopy/no-post-processing-no-weight-iou-entropies/8-1.frame_meta_entropy_histogram.csv,Lysosomes - Airyscan Confocal,8-1.
3.3531361714949295e-05,Correctly Tracked,/root/vast/mustafa/dreem-experiments/paper-plots/uncertainty-microscopy/no-post-processing-no-weight-iou-entropies/8-1.frame_meta_entropy_histogram.csv,Lysosomes - Airyscan Confocal,8-1.
3.794480385856666e-05,Correctly Tracked,/root/vast/mustafa/dreem-experiments/paper-plots/uncertainty-microscopy/no-post-processing-no-weight-iou-entropies/8-1.frame_meta_entropy_histogram.csv,Lysosomes - Airyscan Confocal,8-1.
3.456121676087926e-05,Correctly Tracked,/root/vast/mustafa/dreem-experiments/paper-plots/uncertainty-microscopy/no-post-processing-no-weight-iou-entropies/8-1.frame_meta_entropy_histogram.csv,Lysosomes - Airyscan Confocal,8-1.
1.9607123780677776e-05,Correctly Tracked,/root/vast/mustafa/dreem-experiments/paper-plots/uncertainty-microscopy/no-post-processing-no-weight-iou-entropies/8-1.frame_meta_entropy_histogram.csv,Lysosomes - Airyscan Confocal,8-1.
2.206688785356279e-05,Correctly Tracked,/root/vast/mustafa/dreem-experiments/paper-plots/uncertainty-microscopy/no-post-processing-no-weight-iou-entropies/8-1.frame_meta_entropy_histogram.csv,Lysosomes - Airyscan Confocal,8-1.
3.794808548670337e-05,Correctly Tracked,/root/vast/mustafa/dreem-experiments/paper-plots/uncertainty-microscopy/no-post-processing-no-weight-iou-entropies/8-1.frame_meta_entropy_histogram.csv,Lysosomes - Airyscan Confocal,8-1.
3.407259855733522e-05,Correctly Tracked,/root/vast/mustafa/dreem-experiments/paper-plots/uncertainty-microscopy/no-post-processing-no-weight-iou-entropies/8-1.frame_meta_entropy_histogram.csv,Lysosomes - Airyscan Confocal,8-1.
6.81257590146074e-05,Correctly Tracked,/root/vast/mustafa/dreem-experiments/paper-plots/uncertainty-microscopy/no-post-processing-no-weight-iou-entropies/8-1.frame_meta_entropy_histogram.csv,Lysosomes - Airyscan Confocal,8-1.
5.314897114193877e-05,Correctly Tracked,/root/vast/mustafa/dreem-experiments/paper-plots/uncertainty-microscopy/no-post-processing-no-weight-iou-entropies/8-1.frame_meta_entropy_histogram.csv,Lysosomes - Airyscan Confocal,8-1.
3.287860581024252e-05,Correctly Tracked,/root/vast/mustafa/dreem-experiments/paper-plots/uncertainty-microscopy/no-post-processing-no-weight-iou-entropies/8-1.frame_meta_entropy_histogram.csv,Lysosomes - Airyscan Confocal,8-1.
3.971472399936736e-05,Correctly Tracked,/root/vast/mustafa/dreem-experiments/paper-plots/uncertainty-microscopy/no-post-processing-no-weight-iou-entropies/8-1.frame_meta_entropy_histogram.csv,Lysosomes - Airyscan Confocal,8-1.
3.733141755720736e-05,Correctly Tracked,/root/vast/mustafa/dreem-experiments/paper-plots/uncertainty-microscopy/no-post-processing-no-weight-iou-entropies/8-1.frame_meta_entropy_histogram.csv,Lysosomes - Airyscan Confocal,8-1.
4.951025484163505e-05,Correctly Tracked,/root/vast/mustafa/dreem-experiments/paper-plots/uncertainty-microscopy/no-post-processing-no-weight-iou-entropies/8-1.frame_meta_entropy_histogram.csv,Lysosomes - Airyscan Confocal,8-1.
4.914477551184649e-05,Correctly Tracked,/root/vast/mustafa/dreem-experiments/paper-plots/uncertainty-microscopy/no-post-processing-no-weight-iou-entropies/8-1.frame_meta_entropy_histogram.csv,Lysosomes - Airyscan Confocal,8-1.
1.0716055681778292e-05,Correctly Tracked,/root/vast/mustafa/dreem-experiments/paper-plots/uncertainty-microscopy/no-post-processing-no-weight-iou-entropies/8-1.frame_meta_entropy_histogram.csv,Lysosomes - Airyscan Confocal,8-1.
0.0001265178712097,Correctly Tracked,/root/vast/mustafa/dreem-experiments/paper-plots/uncertainty-microscopy/no-post-processing-no-weight-iou-entropies/8-1.frame_meta_entropy_histogram.csv,Lysosomes - Airyscan Confocal,8-1.
9.162602461911434e-05,Correctly Tracked,/root/vast/mustafa/dreem-experiments/paper-plots/uncertainty-microscopy/no-post-processing-no-weight-iou-entropies/8-1.frame_meta_entropy_histogram.csv,Lysosomes - Airyscan Confocal,8-1.
0.0002468419093902,Correctly Tracked,/root/vast/mustafa/dreem-experiments/paper-plots/uncertainty-microscopy/no-post-processing-no-weight-iou-entropies/8-1.frame_meta_entropy_histogram.csv,Lysosomes - Airyscan Confocal,8-1.
0.0007422140281598,Correctly Tracked,/root/vast/mustafa/dreem-experiments/paper-plots/uncertainty-microscopy/no-post-processing-no-weight-iou-entropies/8-1.frame_meta_entropy_histogram.csv,Lysosomes - Airyscan Confocal,8-1.
0.0002308004368402,Correctly Tracked,/root/vast/mustafa/dreem-experiments/paper-plots/uncertainty-microscopy/no-post-processing-no-weight-iou-entropies/8-1.frame_meta_entropy_histogram.csv,Lysosomes - Airyscan Confocal,8-1.
0.0001462812995015,Correctly Tracked,/root/vast/mustafa/dreem-experiments/paper-plots/uncertainty-microscopy/no-post-processing-no-weight-iou-entropies/8-1.frame_meta_entropy_histogram.csv,Lysosomes - Airyscan Confocal,8-1.
0.0009534605973087,Correctly Tracked,/root/vast/mustafa/dreem-experiments/paper-plots/uncertainty-microscopy/no-post-processing-no-weight-iou-entropies/8-1.frame_meta_entropy_histogram.csv,Lysosomes - Airyscan Confocal,8-1.
0.0001883674948886,Correctly Tracked,/root/vast/mustafa/dreem-experiments/paper-plots/uncertainty-microscopy/no-post-processing-no-weight-iou-entropies/8-1.frame_meta_entropy_histogram.csv,Lysosomes - Airyscan Confocal,8-1.
0.0001332970327854,Correctly Tracked,/root/vast/mustafa/dreem-experiments/paper-plots/uncertainty-microscopy/no-post-processing-no-weight-iou-entropies/8-1.frame_meta_entropy_histogram.csv,Lysosomes - Airyscan Confocal,8-1.
0.0001030358515901,Correctly Tracked,/root/vast/mustafa/dreem-experiments/paper-plots/uncertainty-microscopy/no-post-processing-no-weight-iou-entropies/8-1.frame_meta_entropy_histogram.csv,Lysosomes - Airyscan Confocal,8-1.
1.5778068081298398e-05,Correctly Tracked,/root/vast/mustafa/dreem-experiments/paper-plots/uncertainty-microscopy/no-post-processing-no-weight-iou-entropies/8-1.frame_meta_entropy_histogram.csv,Lysosomes - Airyscan Confocal,8-1.
0.000231392944569,Correctly Tracked,/root/vast/mustafa/dreem-experiments/paper-plots/uncertainty-microscopy/no-post-processing-no-weight-iou-entropies/8-1.frame_meta_entropy_histogram.csv,Lysosomes - Airyscan Confocal,8-1.
0.0001753461798822,Correctly Tracked,/root/vast/mustafa/dreem-experiments/paper-plots/uncertainty-microscopy/no-post-processing-no-weight-iou-entropies/8-1.frame_meta_entropy_histogram.csv,Lysosomes - Airyscan Confocal,8-1.
0.0002357167197836,Correctly Tracked,/root/vast/mustafa/dreem-experiments/paper-plots/uncertainty-microscopy/no-post-processing-no-weight-iou-entropies/8-1.frame_meta_entropy_histogram.csv,Lysosomes - Airyscan Confocal,8-1.
0.0002362972798693,Correctly Tracked,/root/vast/mustafa/dreem-experiments/paper-plots/uncertainty-microscopy/no-post-processing-no-weight-iou-entropies/8-1.frame_meta_entropy_histogram.csv,Lysosomes - Airyscan Confocal,8-1.
0.0003189877125437,Correctly Tracked,/root/vast/mustafa/dreem-experiments/paper-plots/uncertainty-microscopy/no-post-processing-no-weight-iou-entropies/8-1.frame_meta_entropy_histogram.csv,Lysosomes - Airyscan Confocal,8-1.
0.0003295476806132,Correctly Tracked,/root/vast/mustafa/dreem-experiments/paper-plots/uncertainty-microscopy/no-post-processing-no-weight-iou-entropies/8-1.frame_meta_entropy_histogram.csv,Lysosomes - Airyscan Confocal,8-1.
0.0030951921333036,Correctly Tracked,/root/vast/mustafa/dreem-experiments/paper-plots/uncertainty-microscopy/no-post-processing-no-weight-iou-entropies/8-1.frame_meta_entropy_histogram.csv,Lysosomes - Airyscan Confocal,8-1.
0.0001865339157979,Correctly Tracked,/root/vast/mustafa/dreem-experiments/paper-plots/uncertainty-microscopy/no-post-processing-no-weight-iou-entropies/8-1.frame_meta_entropy_histogram.csv,Lysosomes - Airyscan Confocal,8-1.
0.0003213538757075,Correctly Tracked,/root/vast/mustafa/dreem-experiments/paper-plots/uncertainty-microscopy/no-post-processing-no-weight-iou-entropies/8-1.frame_meta_entropy_histogram.csv,Lysosomes - Airyscan Confocal,8-1.
0.0005623976548292,Correctly Tracked,/root/vast/mustafa/dreem-experiments/paper-plots/uncertainty-microscopy/no-post-processing-no-weight-iou-entropies/8-1.frame_meta_entropy_histogram.csv,Lysosomes - Airyscan Confocal,8-1.
9.609862216639888e-06,Correctly Tracked,/root/vast/mustafa/dreem-experiments/paper-plots/uncertainty-microscopy/no-post-processing-no-weight-iou-entropies/8-1.frame_meta_entropy_histogram.csv,Lysosomes - Airyscan Confocal,8-1.
0.0003864293762705,Correctly Tracked,/root/vast/mustafa/dreem-experiments/paper-plots/uncertainty-microscopy/no-post-processing-no-weight-iou-entropies/8-1.frame_meta_entropy_histogram.csv,Lysosomes - Airyscan Confocal,8-1.
0.0001346469575076,Correctly Tracked,/root/vast/mustafa/dreem-experiments/paper-plots/uncertainty-microscopy/no-post-processing-no-weight-iou-entropies/8-1.frame_meta_entropy_histogram.csv,Lysosomes - Airyscan Confocal,8-1.
0.0004668177815771,Correctly Tracked,/root/vast/mustafa/dreem-experiments/paper-plots/uncertainty-microscopy/no-post-processing-no-weight-iou-entropies/8-1.frame_meta_entropy_histogram.csv,Lysosomes - Airyscan Confocal,8-1.
0.0002892051523418,Correctly Tracked,/root/vast/mustafa/dreem-experiments/paper-plots/uncertainty-microscopy/no-post-processing-no-weight-iou-entropies/8-1.frame_meta_entropy_histogram.csv,Lysosomes - Airyscan Confocal,8-1.
0.0002707334867979,Correctly Tracked,/root/vast/mustafa/dreem-experiments/paper-plots/uncertainty-microscopy/no-post-processing-no-weight-iou-entropies/8-1.frame_meta_entropy_histogram.csv,Lysosomes - Airyscan Confocal,8-1.
0.0001631558883579,Correctly Tracked,/root/vast/mustafa/dreem-experiments/paper-plots/uncertainty-microscopy/no-post-processing-no-weight-iou-entropies/8-1.frame_meta_entropy_histogram.csv,Lysosomes - Airyscan Confocal,8-1.
0.0001011237982072,Correctly Tracked,/root/vast/mustafa/dreem-experiments/paper-plots/uncertainty-microscopy/no-post-processing-no-weight-iou-entropies/8-1.frame_meta_entropy_histogram.csv,Lysosomes - Airyscan Confocal,8-1.
0.0008276135557941,Correctly Tracked,/root/vast/mustafa/dreem-experiments/paper-plots/uncertainty-microscopy/no-post-processing-no-weight-iou-entropies/8-1.frame_meta_entropy_histogram.csv,Lysosomes - Airyscan Confocal,8-1.
0.000165089485911,Correctly Tracked,/root/vast/mustafa/dreem-experiments/paper-plots/uncertainty-microscopy/no-post-processing-no-weight-iou-entropies/8-1.frame_meta_entropy_histogram.csv,Lysosomes - Airyscan Confocal,8-1.
0.0002128805616693,Correctly Tracked,/root/vast/mustafa/dreem-experiments/paper-plots/uncertainty-microscopy/no-post-processing-no-weight-iou-entropies/8-1.frame_meta_entropy_histogram.csv,Lysosomes - Airyscan Confocal,8-1.
1.1488630750647146e-05,Correctly Tracked,/root/vast/mustafa/dreem-experiments/paper-plots/uncertainty-microscopy/no-post-processing-no-weight-iou-entropies/8-1.frame_meta_entropy_histogram.csv,Lysosomes - Airyscan Confocal,8-1.
0.0003475301815674,Correctly Tracked,/root/vast/mustafa/dreem-experiments/paper-plots/uncertainty-microscopy/no-post-processing-no-weight-iou-entropies/8-1.frame_meta_entropy_histogram.csv,Lysosomes - Airyscan Confocal,8-1.
0.0007356030342969,Correctly Tracked,/root/vast/mustafa/dreem-experiments/paper-plots/uncertainty-microscopy/no-post-processing-no-weight-iou-entropies/8-1.frame_meta_entropy_histogram.csv,Lysosomes - Airyscan Confocal,8-1.
0.0046055391045732,Correctly Tracked,/root/vast/mustafa/dreem-experiments/paper-plots/uncertainty-microscopy/no-post-processing-no-weight-iou-entropies/8-1.frame_meta_entropy_histogram.csv,Lysosomes - Airyscan Confocal,8-1.
0.0006149488464441,Correctly Tracked,/root/vast/mustafa/dreem-experiments/paper-plots/uncertainty-microscopy/no-post-processing-no-weight-iou-entropies/8-1.frame_meta_entropy_histogram.csv,Lysosomes - Airyscan Confocal,8-1.
0.0002341868916371,Correctly Tracked,/root/vast/mustafa/dreem-experiments/paper-plots/uncertainty-microscopy/no-post-processing-no-weight-iou-entropies/8-1.frame_meta_entropy_histogram.csv,Lysosomes - Airyscan Confocal,8-1.
0.0001242478455112,Correctly Tracked,/root/vast/mustafa/dreem-experiments/paper-plots/uncertainty-microscopy/no-post-processing-no-weight-iou-entropies/8-1.frame_meta_entropy_histogram.csv,Lysosomes - Airyscan Confocal,8-1.
0.001234710659184,Correctly Tracked,/root/vast/mustafa/dreem-experiments/paper-plots/uncertainty-microscopy/no-post-processing-no-weight-iou-entropies/8-1.frame_meta_entropy_histogram.csv,Lysosomes - Airyscan Confocal,8-1.
0.0002569498273888,Correctly Tracked,/root/vast/mustafa/dreem-experiments/paper-plots/uncertainty-microscopy/no-post-processing-no-weight-iou-entropies/8-1.frame_meta_entropy_histogram.csv,Lysosomes - Airyscan Confocal,8-1.
0.0004110497599076,Correctly Tracked,/root/vast/mustafa/dreem-experiments/paper-plots/uncertainty-microscopy/no-post-processing-no-weight-iou-entropies/8-1.frame_meta_entropy_histogram.csv,Lysosomes - Airyscan Confocal,8-1.
0.0003737607684045,Correctly Tracked,/root/vast/mustafa/dreem-experiments/paper-plots/uncertainty-microscopy/no-post-processing-no-weight-iou-entropies/8-1.frame_meta_entropy_histogram.csv,Lysosomes - Airyscan Confocal,8-1.
1.1719184995837072e-05,Correctly Tracked,/root/vast/mustafa/dreem-experiments/paper-plots/uncertainty-microscopy/no-post-processing-no-weight-iou-entropies/8-1.frame_meta_entropy_histogram.csv,Lysosomes - Airyscan Confocal,8-1.
5.929119883027792e-05,Correctly Tracked,/root/vast/mustafa/dreem-experiments/paper-plots/uncertainty-microscopy/no-post-processing-no-weight-iou-entropies/8-1.frame_meta_entropy_histogram.csv,Lysosomes - Airyscan Confocal,8-1.
0.0001424114552506,Correctly Tracked,/root/vast/mustafa/dreem-experiments/paper-plots/uncertainty-microscopy/no-post-processing-no-weight-iou-entropies/8-1.frame_meta_entropy_histogram.csv,Lysosomes - Airyscan Confocal,8-1.
0.0019911798945296,Correctly Tracked,/root/vast/mustafa/dreem-experiments/paper-plots/uncertainty-microscopy/no-post-processing-no-weight-iou-entropies/8-1.frame_meta_entropy_histogram.csv,Lysosomes - Airyscan Confocal,8-1.
0.0004314763088831,Correctly Tracked,/root/vast/mustafa/dreem-experiments/paper-plots/uncertainty-microscopy/no-post-processing-no-weight-iou-entropies/8-1.frame_meta_entropy_histogram.csv,Lysosomes - Airyscan Confocal,8-1.
0.0015127973242555,Correctly Tracked,/root/vast/mustafa/dreem-experiments/paper-plots/uncertainty-microscopy/no-post-processing-no-weight-iou-entropies/8-1.frame_meta_entropy_histogram.csv,Lysosomes - Airyscan Confocal,8-1.
0.0003069386601751,Correctly Tracked,/root/vast/mustafa/dreem-experiments/paper-plots/uncertainty-microscopy/no-post-processing-no-weight-iou-entropies/8-1.frame_meta_entropy_histogram.csv,Lysosomes - Airyscan Confocal,8-1.
0.0005140278204037,Correctly Tracked,/root/vast/mustafa/dreem-experiments/paper-plots/uncertainty-microscopy/no-post-processing-no-weight-iou-entropies/8-1.frame_meta_entropy_histogram.csv,Lysosomes - Airyscan Confocal,8-1.
0.0021612560511617,Correctly Tracked,/root/vast/mustafa/dreem-experiments/paper-plots/uncertainty-microscopy/no-post-processing-no-weight-iou-entropies/8-1.frame_meta_entropy_histogram.csv,Lysosomes - Airyscan Confocal,8-1.
0.0002101824606605,Correctly Tracked,/root/vast/mustafa/dreem-experiments/paper-plots/uncertainty-microscopy/no-post-processing-no-weight-iou-entropies/8-1.frame_meta_entropy_histogram.csv,Lysosomes - Airyscan Confocal,8-1.
0.0001126698508274,Correctly Tracked,/root/vast/mustafa/dreem-experiments/paper-plots/uncertainty-microscopy/no-post-processing-no-weight-iou-entropies/8-1.frame_meta_entropy_histogram.csv,Lysosomes - Airyscan Confocal,8-1.
9.552203579791872e-06,Correctly Tracked,/root/vast/mustafa/dreem-experiments/paper-plots/uncertainty-microscopy/no-post-processing-no-weight-iou-entropies/8-1.frame_meta_entropy_histogram.csv,Lysosomes - Airyscan Confocal,8-1.
0.0005734996909102,Correctly Tracked,/root/vast/mustafa/dreem-experiments/paper-plots/uncertainty-microscopy/no-post-processing-no-weight-iou-entropies/8-1.frame_meta_entropy_histogram.csv,Lysosomes - Airyscan Confocal,8-1.
0.0001896956701319,Correctly Tracked,/root/vast/mustafa/dreem-experiments/paper-plots/uncertainty-microscopy/no-post-processing-no-weight-iou-entropies/8-1.frame_meta_entropy_histogram.csv,Lysosomes - Airyscan Confocal,8-1.
0.0009317233044627,Correctly Tracked,/root/vast/mustafa/dreem-experiments/paper-plots/uncertainty-microscopy/no-post-processing-no-weight-iou-entropies/8-1.frame_meta_entropy_histogram.csv,Lysosomes - Airyscan Confocal,8-1.
0.0002547164923459,Correctly Tracked,/root/vast/mustafa/dreem-experiments/paper-plots/uncertainty-microscopy/no-post-processing-no-weight-iou-entropies/8-1.frame_meta_entropy_histogram.csv,Lysosomes - Airyscan Confocal,8-1.
0.0004028306291775,Correctly Tracked,/root/vast/mustafa/dreem-experiments/paper-plots/uncertainty-microscopy/no-post-processing-no-weight-iou-entropies/8-1.frame_meta_entropy_histogram.csv,Lysosomes - Airyscan Confocal,8-1.
0.0027504129296754,Correctly Tracked,/root/vast/mustafa/dreem-experiments/paper-plots/uncertainty-microscopy/no-post-processing-no-weight-iou-entropies/8-1.frame_meta_entropy_histogram.csv,Lysosomes - Airyscan Confocal,8-1.
0.0007483572890146,Correctly Tracked,/root/vast/mustafa/dreem-experiments/paper-plots/uncertainty-microscopy/no-post-processing-no-weight-iou-entropies/8-1.frame_meta_entropy_histogram.csv,Lysosomes - Airyscan Confocal,8-1.
0.0004136129664625,Correctly Tracked,/root/vast/mustafa/dreem-experiments/paper-plots/uncertainty-microscopy/no-post-processing-no-weight-iou-entropies/8-1.frame_meta_entropy_histogram.csv,Lysosomes - Airyscan Confocal,8-1.
0.0001943507473967,Correctly Tracked,/root/vast/mustafa/dreem-experiments/paper-plots/uncertainty-microscopy/no-post-processing-no-weight-iou-entropies/8-1.frame_meta_entropy_histogram.csv,Lysosomes - Airyscan Confocal,8-1.
0.0005077835741486,Correctly Tracked,/root/vast/mustafa/dreem-experiments/paper-plots/uncertainty-microscopy/no-post-processing-no-weight-iou-entropies/8-1.frame_meta_entropy_histogram.csv,Lysosomes - Airyscan Confocal,8-1.
1.1307552596265067e-05,Correctly Tracked,/root/vast/mustafa/dreem-experiments/paper-plots/uncertainty-microscopy/no-post-processing-no-weight-iou-entropies/8-1.frame_meta_entropy_histogram.csv,Lysosomes - Airyscan Confocal,8-1.
0.0002206952474608,Correctly Tracked,/root/vast/mustafa/dreem-experiments/paper-plots/uncertainty-microscopy/no-post-processing-no-weight-iou-entropies/8-1.frame_meta_entropy_histogram.csv,Lysosomes - Airyscan Confocal,8-1.
0.0004301446102772,Correctly Tracked,/root/vast/mustafa/dreem-experiments/paper-plots/uncertainty-microscopy/no-post-processing-no-weight-iou-entropies/8-1.frame_meta_entropy_histogram.csv,Lysosomes - Airyscan Confocal,8-1.
0.0007066887842902,Correctly Tracked,/root/vast/mustafa/dreem-experiments/paper-plots/uncertainty-microscopy/no-post-processing-no-weight-iou-entropies/8-1.frame_meta_entropy_histogram.csv,Lysosomes - Airyscan Confocal,8-1.
0.0001499320992136,Correctly Tracked,/root/vast/mustafa/dreem-experiments/paper-plots/uncertainty-microscopy/no-post-processing-no-weight-iou-entropies/8-1.frame_meta_entropy_histogram.csv,Lysosomes - Airyscan Confocal,8-1.
0.0002377740721365,Correctly Tracked,/root/vast/mustafa/dreem-experiments/paper-plots/uncertainty-microscopy/no-post-processing-no-weight-iou-entropies/8-1.frame_meta_entropy_histogram.csv,Lysosomes - Airyscan Confocal,8-1.
0.000112981456486,Correctly Tracked,/root/vast/mustafa/dreem-experiments/paper-plots/uncertainty-microscopy/no-post-processing-no-weight-iou-entropies/8-1.frame_meta_entropy_histogram.csv,Lysosomes - Airyscan Confocal,8-1.
0.0003473327937874,Correctly Tracked,/root/vast/mustafa/dreem-experiments/paper-plots/uncertainty-microscopy/no-post-processing-no-weight-iou-entropies/8-1.frame_meta_entropy_histogram.csv,Lysosomes - Airyscan Confocal,8-1.
6.290928160392187e-05,Correctly Tracked,/root/vast/mustafa/dreem-experiments/paper-plots/uncertainty-microscopy/no-post-processing-no-weight-iou-entropies/8-1.frame_meta_entropy_histogram.csv,Lysosomes - Airyscan Confocal,8-1.
0.0001057102692443,Correctly Tracked,/root/vast/mustafa/dreem-experiments/paper-plots/uncertainty-microscopy/no-post-processing-no-weight-iou-entropies/8-1.frame_meta_entropy_histogram.csv,Lysosomes - Airyscan Confocal,8-1.
0.0001576383687536,Correctly Tracked,/root/vast/mustafa/dreem-experiments/paper-plots/uncertainty-microscopy/no-post-processing-no-weight-iou-entropies/8-1.frame_meta_entropy_histogram.csv,Lysosomes - Airyscan Confocal,8-1.
8.246352348699198e-06,Correctly Tracked,/root/vast/mustafa/dreem-experiments/paper-plots/uncertainty-microscopy/no-post-processing-no-weight-iou-entropies/8-1.frame_meta_entropy_histogram.csv,Lysosomes - Airyscan Confocal,8-1.
6.847077701214901e-05,Correctly Tracked,/root/vast/mustafa/dreem-experiments/paper-plots/uncertainty-microscopy/no-post-processing-no-weight-iou-entropies/8-1.frame_meta_entropy_histogram.csv,Lysosomes - Airyscan Confocal,8-1.
0.0001430878481499,Correctly Tracked,/root/vast/mustafa/dreem-experiments/paper-plots/uncertainty-microscopy/no-post-processing-no-weight-iou-entropies/8-1.frame_meta_entropy_histogram.csv,Lysosomes - Airyscan Confocal,8-1.
7.340335881898353e-05,Correctly Tracked,/root/vast/mustafa/dreem-experiments/paper-plots/uncertainty-microscopy/no-post-processing-no-weight-iou-entropies/8-1.frame_meta_entropy_histogram.csv,Lysosomes - Airyscan Confocal,8-1.
2.964742732505971e-05,Correctly Tracked,/root/vast/mustafa/dreem-experiments/paper-plots/uncertainty-microscopy/no-post-processing-no-weight-iou-entropies/8-1.frame_meta_entropy_histogram.csv,Lysosomes - Airyscan Confocal,8-1.
6.032750454382676e-05,Correctly Tracked,/root/vast/mustafa/dreem-experiments/paper-plots/uncertainty-microscopy/no-post-processing-no-weight-iou-entropies/8-1.frame_meta_entropy_histogram.csv,Lysosomes - Airyscan Confocal,8-1.
4.812495410189455e-05,Correctly Tracked,/root/vast/mustafa/dreem-experiments/paper-plots/uncertainty-microscopy/no-post-processing-no-weight-iou-entropies/8-1.frame_meta_entropy_histogram.csv,Lysosomes - Airyscan Confocal,8-1.
0.0001044101219531,Correctly Tracked,/root/vast/mustafa/dreem-experiments/paper-plots/uncertainty-microscopy/no-post-processing-no-weight-iou-entropies/8-1.frame_meta_entropy_histogram.csv,Lysosomes - Airyscan Confocal,8-1.
0.0001192925141733,Correctly Tracked,/root/vast/mustafa/dreem-experiments/paper-plots/uncertainty-microscopy/no-post-processing-no-weight-iou-entropies/8-1.frame_meta_entropy_histogram.csv,Lysosomes - Airyscan Confocal,8-1.
0.0001734109001222,Correctly Tracked,/root/vast/mustafa/dreem-experiments/paper-plots/uncertainty-microscopy/no-post-processing-no-weight-iou-entropies/8-1.frame_meta_entropy_histogram.csv,Lysosomes - Airyscan Confocal,8-1.
8.716938154646416e-05,Correctly Tracked,/root/vast/mustafa/dreem-experiments/paper-plots/uncertainty-microscopy/no-post-processing-no-weight-iou-entropies/8-1.frame_meta_entropy_histogram.csv,Lysosomes - Airyscan Confocal,8-1.
0.1934433652825531,Correctly Tracked,/root/vast/mustafa/dreem-experiments/paper-plots/uncertainty-microscopy/no-post-processing-no-weight-iou-entropies/8-1.frame_meta_entropy_histogram.csv,Lysosomes - Airyscan Confocal,8-1.
1.227038013914542e-05,Correctly Tracked,/root/vast/mustafa/dreem-experiments/paper-plots/uncertainty-microscopy/no-post-processing-no-weight-iou-entropies/8-1.frame_meta_entropy_histogram.csv,Lysosomes - Airyscan Confocal,8-1.
0.000218214548521,Correctly Tracked,/root/vast/mustafa/dreem-experiments/paper-plots/uncertainty-microscopy/no-post-processing-no-weight-iou-entropies/8-1.frame_meta_entropy_histogram.csv,Lysosomes - Airyscan Confocal,8-1.
0.0005562963034453,Correctly Tracked,/root/vast/mustafa/dreem-experiments/paper-plots/uncertainty-microscopy/no-post-processing-no-weight-iou-entropies/8-1.frame_meta_entropy_histogram.csv,Lysosomes - Airyscan Confocal,8-1.
7.002271227203821e-05,Correctly Tracked,/root/vast/mustafa/dreem-experiments/paper-plots/uncertainty-microscopy/no-post-processing-no-weight-iou-entropies/8-1.frame_meta_entropy_histogram.csv,Lysosomes - Airyscan Confocal,8-1.
6.137933424597792e-05,Correctly Tracked,/root/vast/mustafa/dreem-experiments/paper-plots/uncertainty-microscopy/no-post-processing-no-weight-iou-entropies/8-1.frame_meta_entropy_histogram.csv,Lysosomes - Airyscan Confocal,8-1.
0.0008644495435342,Correctly Tracked,/root/vast/mustafa/dreem-experiments/paper-plots/uncertainty-microscopy/no-post-processing-no-weight-iou-entropies/8-1.frame_meta_entropy_histogram.csv,Lysosomes - Airyscan Confocal,8-1.
0.0001290015371917,Correctly Tracked,/root/vast/mustafa/dreem-experiments/paper-plots/uncertainty-microscopy/no-post-processing-no-weight-iou-entropies/8-1.frame_meta_entropy_histogram.csv,Lysosomes - Airyscan Confocal,8-1.
0.0005925295047747,Correctly Tracked,/root/vast/mustafa/dreem-experiments/paper-plots/uncertainty-microscopy/no-post-processing-no-weight-iou-entropies/8-1.frame_meta_entropy_histogram.csv,Lysosomes - Airyscan Confocal,8-1.
4.990487476436312e-05,Correctly Tracked,/root/vast/mustafa/dreem-experiments/paper-plots/uncertainty-microscopy/no-post-processing-no-weight-iou-entropies/8-1.frame_meta_entropy_histogram.csv,Lysosomes - Airyscan Confocal,8-1.
0.0001460542280539,Correctly Tracked,/root/vast/mustafa/dreem-experiments/paper-plots/uncertainty-microscopy/no-post-processing-no-weight-iou-entropies/8-1.frame_meta_entropy_histogram.csv,Lysosomes - Airyscan Confocal,8-1.
8.598493565499017e-05,Correctly Tracked,/root/vast/mustafa/dreem-experiments/paper-plots/uncertainty-microscopy/no-post-processing-no-weight-iou-entropies/8-1.frame_meta_entropy_histogram.csv,Lysosomes - Airyscan Confocal,8-1.
1.3280306165364237e-05,Correctly Tracked,/root/vast/mustafa/dreem-experiments/paper-plots/uncertainty-microscopy/no-post-processing-no-weight-iou-entropies/8-1.frame_meta_entropy_histogram.csv,Lysosomes - Airyscan Confocal,8-1.
5.49625359435284e-05,Correctly Tracked,/root/vast/mustafa/dreem-experiments/paper-plots/uncertainty-microscopy/no-post-processing-no-weight-iou-entropies/8-1.frame_meta_entropy_histogram.csv,Lysosomes - Airyscan Confocal,8-1.
4.744449476530916e-05,Correctly Tracked,/root/vast/mustafa/dreem-experiments/paper-plots/uncertainty-microscopy/no-post-processing-no-weight-iou-entropies/8-1.frame_meta_entropy_histogram.csv,Lysosomes - Airyscan Confocal,8-1.
0.0001128811996006,Correctly Tracked,/root/vast/mustafa/dreem-experiments/paper-plots/uncertainty-microscopy/no-post-processing-no-weight-iou-entropies/8-1.frame_meta_entropy_histogram.csv,Lysosomes - Airyscan Confocal,8-1.
0.0001269791403045,Correctly Tracked,/root/vast/mustafa/dreem-experiments/paper-plots/uncertainty-microscopy/no-post-processing-no-weight-iou-entropies/8-1.frame_meta_entropy_histogram.csv,Lysosomes - Airyscan Confocal,8-1.
5.105013649262654e-05,Correctly Tracked,/root/vast/mustafa/dreem-experiments/paper-plots/uncertainty-microscopy/no-post-processing-no-weight-iou-entropies/8-1.frame_meta_entropy_histogram.csv,Lysosomes - Airyscan Confocal,8-1.
5.912127605913049e-05,Correctly Tracked,/root/vast/mustafa/dreem-experiments/paper-plots/uncertainty-microscopy/no-post-processing-no-weight-iou-entropies/8-1.frame_meta_entropy_histogram.csv,Lysosomes - Airyscan Confocal,8-1.
4.0259037161167015e-05,Correctly Tracked,/root/vast/mustafa/dreem-experiments/paper-plots/uncertainty-microscopy/no-post-processing-no-weight-iou-entropies/8-1.frame_meta_entropy_histogram.csv,Lysosomes - Airyscan Confocal,8-1.
3.457886999962477e-05,Correctly Tracked,/root/vast/mustafa/dreem-experiments/paper-plots/uncertainty-microscopy/no-post-processing-no-weight-iou-entropies/8-1.frame_meta_entropy_histogram.csv,Lysosomes - Airyscan Confocal,8-1.
4.914484505189782e-05,Correctly Tracked,/root/vast/mustafa/dreem-experiments/paper-plots/uncertainty-microscopy/no-post-processing-no-weight-iou-entropies/8-1.frame_meta_entropy_histogram.csv,Lysosomes - Airyscan Confocal,8-1.
3.590827047238668e-05,Correctly Tracked,/root/vast/mustafa/dreem-experiments/paper-plots/uncertainty-microscopy/no-post-processing-no-weight-iou-entropies/8-1.frame_meta_entropy_histogram.csv,Lysosomes - Airyscan Confocal,8-1.
1.1871001690047576e-05,Correctly Tracked,/root/vast/mustafa/dreem-experiments/paper-plots/uncertainty-microscopy/no-post-processing-no-weight-iou-entropies/8-1.frame_meta_entropy_histogram.csv,Lysosomes - Airyscan Confocal,8-1.
2.1880419517344654e-05,Correctly Tracked,/root/vast/mustafa/dreem-experiments/paper-plots/uncertainty-microscopy/no-post-processing-no-weight-iou-entropies/8-1.frame_meta_entropy_histogram.csv,Lysosomes - Airyscan Confocal,8-1.
4.679336808466218e-05,Correctly Tracked,/root/vast/mustafa/dreem-experiments/paper-plots/uncertainty-microscopy/no-post-processing-no-weight-iou-entropies/8-1.frame_meta_entropy_histogram.csv,Lysosomes - Airyscan Confocal,8-1.
4.057226210952544e-05,Correctly Tracked,/root/vast/mustafa/dreem-experiments/paper-plots/uncertainty-microscopy/no-post-processing-no-weight-iou-entropies/8-1.frame_meta_entropy_histogram.csv,Lysosomes - Airyscan Confocal,8-1.
2.4198556997112697e-05,Correctly Tracked,/root/vast/mustafa/dreem-experiments/paper-plots/uncertainty-microscopy/no-post-processing-no-weight-iou-entropies/8-1.frame_meta_entropy_histogram.csv,Lysosomes - Airyscan Confocal,8-1.
5.584635688165929e-05,Correctly Tracked,/root/vast/mustafa/dreem-experiments/paper-plots/uncertainty-microscopy/no-post-processing-no-weight-iou-entropies/8-1.frame_meta_entropy_histogram.csv,Lysosomes - Airyscan Confocal,8-1.
5.707046047097913e-05,Correctly Tracked,/root/vast/mustafa/dreem-experiments/paper-plots/uncertainty-microscopy/no-post-processing-no-weight-iou-entropies/8-1.frame_meta_entropy_histogram.csv,Lysosomes - Airyscan Confocal,8-1.
3.953728096838293e-05,Correctly Tracked,/root/vast/mustafa/dreem-experiments/paper-plots/uncertainty-microscopy/no-post-processing-no-weight-iou-entropies/8-1.frame_meta_entropy_histogram.csv,Lysosomes - Airyscan Confocal,8-1.
2.0281208612557653e-05,Correctly Tracked,/root/vast/mustafa/dreem-experiments/paper-plots/uncertainty-microscopy/no-post-processing-no-weight-iou-entropies/8-1.frame_meta_entropy_histogram.csv,Lysosomes - Airyscan Confocal,8-1.
5.474177939485662e-05,Correctly Tracked,/root/vast/mustafa/dreem-experiments/paper-plots/uncertainty-microscopy/no-post-processing-no-weight-iou-entropies/8-1.frame_meta_entropy_histogram.csv,Lysosomes - Airyscan Confocal,8-1.
6.572742860992848e-05,Correctly Tracked,/root/vast/mustafa/dreem-experiments/paper-plots/uncertainty-microscopy/no-post-processing-no-weight-iou-entropies/8-1.frame_meta_entropy_histogram.csv,Lysosomes - Airyscan Confocal,8-1.
1.2603303134901638e-05,Correctly Tracked,/root/vast/mustafa/dreem-experiments/paper-plots/uncertainty-microscopy/no-post-processing-no-weight-iou-entropies/8-1.frame_meta_entropy_histogram.csv,Lysosomes - Airyscan Confocal,8-1.
8.015885690859644e-05,Correctly Tracked,/root/vast/mustafa/dreem-experiments/paper-plots/uncertainty-microscopy/no-post-processing-no-weight-iou-entropies/8-1.frame_meta_entropy_histogram.csv,Lysosomes - Airyscan Confocal,8-1.
0.0001194972003472,Correctly Tracked,/root/vast/mustafa/dreem-experiments/paper-plots/uncertainty-microscopy/no-post-processing-no-weight-iou-entropies/8-1.frame_meta_entropy_histogram.csv,Lysosomes - Airyscan Confocal,8-1.
6.882139132810742e-05,Correctly Tracked,/root/vast/mustafa/dreem-experiments/paper-plots/uncertainty-microscopy/no-post-processing-no-weight-iou-entropies/8-1.frame_meta_entropy_histogram.csv,Lysosomes - Airyscan Confocal,8-1.
0.000251926757418,Correctly Tracked,/root/vast/mustafa/dreem-experiments/paper-plots/uncertainty-microscopy/no-post-processing-no-weight-iou-entropies/8-1.frame_meta_entropy_histogram.csv,Lysosomes - Airyscan Confocal,8-1.
0.000106741574697,Correctly Tracked,/root/vast/mustafa/dreem-experiments/paper-plots/uncertainty-microscopy/no-post-processing-no-weight-iou-entropies/8-1.frame_meta_entropy_histogram.csv,Lysosomes - Airyscan Confocal,8-1.
4.5169379397299067e-05,Correctly Tracked,/root/vast/mustafa/dreem-experiments/paper-plots/uncertainty-microscopy/no-post-processing-no-weight-iou-entropies/8-1.frame_meta_entropy_histogram.csv,Lysosomes - Airyscan Confocal,8-1.
3.1666416749717714e-05,Correctly Tracked,/root/vast/mustafa/dreem-experiments/paper-plots/uncertainty-microscopy/no-post-processing-no-weight-iou-entropies/8-1.frame_meta_entropy_histogram.csv,Lysosomes - Airyscan Confocal,8-1.
7.419822147430458e-05,Correctly Tracked,/root/vast/mustafa/dreem-experiments/paper-plots/uncertainty-microscopy/no-post-processing-no-weight-iou-entropies/8-1.frame_meta_entropy_histogram.csv,Lysosomes - Airyscan Confocal,8-1.
4.090255086190855e-05,Correctly Tracked,/root/vast/mustafa/dreem-experiments/paper-plots/uncertainty-microscopy/no-post-processing-no-weight-iou-entropies/8-1.frame_meta_entropy_histogram.csv,Lysosomes - Airyscan Confocal,8-1.
3.117152669582965e-05,Correctly Tracked,/root/vast/mustafa/dreem-experiments/paper-plots/uncertainty-microscopy/no-post-processing-no-weight-iou-entropies/8-1.frame_meta_entropy_histogram.csv,Lysosomes - Airyscan Confocal,8-1.
1.2785345743567086e-05,Correctly Tracked,/root/vast/mustafa/dreem-experiments/paper-plots/uncertainty-microscopy/no-post-processing-no-weight-iou-entropies/8-1.frame_meta_entropy_histogram.csv,Lysosomes - Airyscan Confocal,8-1.
3.761049502893031e-05,Correctly Tracked,/root/vast/mustafa/dreem-experiments/paper-plots/uncertainty-microscopy/no-post-processing-no-weight-iou-entropies/8-1.frame_meta_entropy_histogram.csv,Lysosomes - Airyscan Confocal,8-1.
4.579755454957517e-05,Correctly Tracked,/root/vast/mustafa/dreem-experiments/paper-plots/uncertainty-microscopy/no-post-processing-no-weight-iou-entropies/8-1.frame_meta_entropy_histogram.csv,Lysosomes - Airyscan Confocal,8-1.
4.846214387651469e-05,Correctly Tracked,/root/vast/mustafa/dreem-experiments/paper-plots/uncertainty-microscopy/no-post-processing-no-weight-iou-entropies/8-1.frame_meta_entropy_histogram.csv,Lysosomes - Airyscan Confocal,8-1.
0.0002294332661853,Correctly Tracked,/root/vast/mustafa/dreem-experiments/paper-plots/uncertainty-microscopy/no-post-processing-no-weight-iou-entropies/8-1.frame_meta_entropy_histogram.csv,Lysosomes - Airyscan Confocal,8-1.
0.0001314784611001,Correctly Tracked,/root/vast/mustafa/dreem-experiments/paper-plots/uncertainty-microscopy/no-post-processing-no-weight-iou-entropies/8-1.frame_meta_entropy_histogram.csv,Lysosomes - Airyscan Confocal,8-1.
4.306524976979249e-05,Correctly Tracked,/root/vast/mustafa/dreem-experiments/paper-plots/uncertainty-microscopy/no-post-processing-no-weight-iou-entropies/8-1.frame_meta_entropy_histogram.csv,Lysosomes - Airyscan Confocal,8-1.
5.733715650213382e-05,Correctly Tracked,/root/vast/mustafa/dreem-experiments/paper-plots/uncertainty-microscopy/no-post-processing-no-weight-iou-entropies/8-1.frame_meta_entropy_histogram.csv,Lysosomes - Airyscan Confocal,8-1.
6.139283163879854e-05,Correctly Tracked,/root/vast/mustafa/dreem-experiments/paper-plots/uncertainty-microscopy/no-post-processing-no-weight-iou-entropies/8-1.frame_meta_entropy_histogram.csv,Lysosomes - Airyscan Confocal,8-1.
0.000351704571506,Correctly Tracked,/root/vast/mustafa/dreem-experiments/paper-plots/uncertainty-microscopy/no-post-processing-no-weight-iou-entropies/8-1.frame_meta_entropy_histogram.csv,Lysosomes - Airyscan Confocal,8-1.
7.635851959470202e-05,Correctly Tracked,/root/vast/mustafa/dreem-experiments/paper-plots/uncertainty-microscopy/no-post-processing-no-weight-iou-entropies/8-1.frame_meta_entropy_histogram.csv,Lysosomes - Airyscan Confocal,8-1.
1.2015943853469172e-05,Correctly Tracked,/root/vast/mustafa/dreem-experiments/paper-plots/uncertainty-microscopy/no-post-processing-no-weight-iou-entropies/8-1.frame_meta_entropy_histogram.csv,Lysosomes - Airyscan Confocal,8-1.
1.0777923147447454e-05,Correctly Tracked,/root/vast/mustafa/dreem-experiments/paper-plots/uncertainty-microscopy/no-post-processing-no-weight-iou-entropies/8-1.frame_meta_entropy_histogram.csv,Lysosomes - Airyscan Confocal,8-1.
1.0602881731807272e-05,Correctly Tracked,/root/vast/mustafa/dreem-experiments/paper-plots/uncertainty-microscopy/no-post-processing-no-weight-iou-entropies/8-1.frame_meta_entropy_histogram.csv,Lysosomes - Airyscan Confocal,8-1.
1.2263446002598224e-05,Correctly Tracked,/root/vast/mustafa/dreem-experiments/paper-plots/uncertainty-microscopy/no-post-processing-no-weight-iou-entropies/8-1.frame_meta_entropy_histogram.csv,Lysosomes - Airyscan Confocal,8-1.
8.834654560113431e-06,Correctly Tracked,/root/vast/mustafa/dreem-experiments/paper-plots/uncertainty-microscopy/no-post-processing-no-weight-iou-entropies/8-1.frame_meta_entropy_histogram.csv,Lysosomes - Airyscan Confocal,8-1.
0.0473897368890481,Correctly Tracked,/root/vast/mustafa/dreem-experiments/paper-plots/uncertainty-microscopy/no-post-processing-no-weight-iou-entropies/8-1.frame_meta_entropy_histogram.csv,Lysosomes - Airyscan Confocal,8-1.
1.221781282748428e-05,Correctly Tracked,/root/vast/mustafa/dreem-experiments/paper-plots/uncertainty-microscopy/no-post-processing-no-weight-iou-entropies/8-1.frame_meta_entropy_histogram.csv,Lysosomes - Airyscan Confocal,8-1.
1.2949298004592934e-05,Correctly Tracked,/root/vast/mustafa/dreem-experiments/paper-plots/uncertainty-microscopy/no-post-processing-no-weight-iou-entropies/8-1.frame_meta_entropy_histogram.csv,Lysosomes - Airyscan Confocal,8-1.
8.997659751868745e-06,Correctly Tracked,/root/vast/mustafa/dreem-experiments/paper-plots/uncertainty-microscopy/no-post-processing-no-weight-iou-entropies/8-1.frame_meta_entropy_histogram.csv,Lysosomes - Airyscan Confocal,8-1.
1.3021969841809068e-05,Correctly Tracked,/root/vast/mustafa/dreem-experiments/paper-plots/uncertainty-microscopy/no-post-processing-no-weight-iou-entropies/8-1.frame_meta_entropy_histogram.csv,Lysosomes - Airyscan Confocal,8-1.
1.3351666675898092e-05,Correctly Tracked,/root/vast/mustafa/dreem-experiments/paper-plots/uncertainty-microscopy/no-post-processing-no-weight-iou-entropies/8-1.frame_meta_entropy_histogram.csv,Lysosomes - Airyscan Confocal,8-1.
1.7656104789051153e-05,Correctly Tracked,/root/vast/mustafa/dreem-experiments/paper-plots/uncertainty-microscopy/no-post-processing-no-weight-iou-entropies/8-1.frame_meta_entropy_histogram.csv,Lysosomes - Airyscan Confocal,8-1.
1.6667008491779797e-05,Correctly Tracked,/root/vast/mustafa/dreem-experiments/paper-plots/uncertainty-microscopy/no-post-processing-no-weight-iou-entropies/8-1.frame_meta_entropy_histogram.csv,Lysosomes - Airyscan Confocal,8-1.
1.4079201315804837e-05,Correctly Tracked,/root/vast/mustafa/dreem-experiments/paper-plots/uncertainty-microscopy/no-post-processing-no-weight-iou-entropies/8-1.frame_meta_entropy_histogram.csv,Lysosomes - Airyscan Confocal,8-1.
1.4947183679386912e-05,Correctly Tracked,/root/vast/mustafa/dreem-experiments/paper-plots/uncertainty-microscopy/no-post-processing-no-weight-iou-entropies/8-1.frame_meta_entropy_histogram.csv,Lysosomes - Airyscan Confocal,8-1.
1.6743923099984993e-05,Correctly Tracked,/root/vast/mustafa/dreem-experiments/paper-plots/uncertainty-microscopy/no-post-processing-no-weight-iou-entropies/8-1.frame_meta_entropy_histogram.csv,Lysosomes - Airyscan Confocal,8-1.
0.009624023511642,Correctly Tracked,/root/vast/mustafa/dreem-experiments/paper-plots/uncertainty-microscopy/no-post-processing-no-weight-iou-entropies/8-1.frame_meta_entropy_histogram.csv,Lysosomes - Airyscan Confocal,8-1.
3.338247315361456e-05,Correctly Tracked,/root/vast/mustafa/dreem-experiments/paper-plots/uncertainty-microscopy/no-post-processing-no-weight-iou-entropies/8-1.frame_meta_entropy_histogram.csv,Lysosomes - Airyscan Confocal,8-1.
2.483086647101209e-05,Correctly Tracked,/root/vast/mustafa/dreem-experiments/paper-plots/uncertainty-microscopy/no-post-processing-no-weight-iou-entropies/8-1.frame_meta_entropy_histogram.csv,Lysosomes - Airyscan Confocal,8-1.
3.25448036295516e-05,Correctly Tracked,/root/vast/mustafa/dreem-experiments/paper-plots/uncertainty-microscopy/no-post-processing-no-weight-iou-entropies/8-1.frame_meta_entropy_histogram.csv,Lysosomes - Airyscan Confocal,8-1.
1.8771565293887415e-05,Correctly Tracked,/root/vast/mustafa/dreem-experiments/paper-plots/uncertainty-microscopy/no-post-processing-no-weight-iou-entropies/8-1.frame_meta_entropy_histogram.csv,Lysosomes - Airyscan Confocal,8-1.
0.210312427705016,Correctly Tracked,/root/vast/mustafa/dreem-experiments/paper-plots/uncertainty-microscopy/no-post-processing-no-weight-iou-entropies/8-1.frame_meta_entropy_histogram.csv,Lysosomes - Airyscan Confocal,8-1.
0.291850965378073,Correctly Tracked,/root/vast/mustafa/dreem-experiments/paper-plots/uncertainty-microscopy/no-post-processing-no-weight-iou-entropies/8-1.frame_meta_entropy_histogram.csv,Lysosomes - Airyscan Confocal,8-1.
0.1167750086513193,Correctly Tracked,/root/vast/mustafa/dreem-experiments/paper-plots/uncertainty-microscopy/no-post-processing-no-weight-iou-entropies/8-1.frame_meta_entropy_histogram.csv,Lysosomes - Airyscan Confocal,8-1.
0.0264014212849543,Correctly Tracked,/root/vast/mustafa/dreem-experiments/paper-plots/uncertainty-microscopy/no-post-processing-no-weight-iou-entropies/8-1.frame_meta_entropy_histogram.csv,Lysosomes - Airyscan Confocal,8-1.
0.0046437130693924,Correctly Tracked,/root/vast/mustafa/dreem-experiments/paper-plots/uncertainty-microscopy/no-post-processing-no-weight-iou-entropies/8-1.frame_meta_entropy_histogram.csv,Lysosomes - Airyscan Confocal,8-1.
0.0030222217573356,Correctly Tracked,/root/vast/mustafa/dreem-experiments/paper-plots/uncertainty-microscopy/no-post-processing-no-weight-iou-entropies/8-1.frame_meta_entropy_histogram.csv,Lysosomes - Airyscan Confocal,8-1.
0.0024862616140448,Correctly Tracked,/root/vast/mustafa/dreem-experiments/paper-plots/uncertainty-microscopy/no-post-processing-no-weight-iou-entropies/8-1.frame_meta_entropy_histogram.csv,Lysosomes - Airyscan Confocal,8-1.
0.0010490993875414,Correctly Tracked,/root/vast/mustafa/dreem-experiments/paper-plots/uncertainty-microscopy/no-post-processing-no-weight-iou-entropies/8-1.frame_meta_entropy_histogram.csv,Lysosomes - Airyscan Confocal,8-1.
0.0002037619932924,Correctly Tracked,/root/vast/mustafa/dreem-experiments/paper-plots/uncertainty-microscopy/no-post-processing-no-weight-iou-entropies/8-1.frame_meta_entropy_histogram.csv,Lysosomes - Airyscan Confocal,8-1.
8.200431079086872e-05,Correctly Tracked,/root/vast/mustafa/dreem-experiments/paper-plots/uncertainty-microscopy/no-post-processing-no-weight-iou-entropies/8-1.frame_meta_entropy_histogram.csv,Lysosomes - Airyscan Confocal,8-1.
6.6217818429066e-05,Correctly Tracked,/root/vast/mustafa/dreem-experiments/paper-plots/uncertainty-microscopy/no-post-processing-no-weight-iou-entropies/8-1.frame_meta_entropy_histogram.csv,Lysosomes - Airyscan Confocal,8-1.
4.6126051817778704e-05,Correctly Tracked,/root/vast/mustafa/dreem-experiments/paper-plots/uncertainty-microscopy/no-post-processing-no-weight-iou-entropies/8-1.frame_meta_entropy_histogram.csv,Lysosomes - Airyscan Confocal,8-1.
6.168562174635814e-05,Correctly Tracked,/root/vast/mustafa/dreem-experiments/paper-plots/uncertainty-microscopy/no-post-processing-no-weight-iou-entropies/8-1.frame_meta_entropy_histogram.csv,Lysosomes - Airyscan Confocal,8-1.
8.834498591712585e-05,Correctly Tracked,/root/vast/mustafa/dreem-experiments/paper-plots/uncertainty-microscopy/no-post-processing-no-weight-iou-entropies/8-1.frame_meta_entropy_histogram.csv,Lysosomes - Airyscan Confocal,8-1.
4.493011857211071e-05,Correctly Tracked,/root/vast/mustafa/dreem-experiments/paper-plots/uncertainty-microscopy/no-post-processing-no-weight-iou-entropies/8-1.frame_meta_entropy_histogram.csv,Lysosomes - Airyscan Confocal,8-1.
4.879379362704532e-05,Correctly Tracked,/root/vast/mustafa/dreem-experiments/paper-plots/uncertainty-microscopy/no-post-processing-no-weight-iou-entropies/8-1.frame_meta_entropy_histogram.csv,Lysosomes - Airyscan Confocal,8-1.
3.7580291466634725e-05,Correctly Tracked,/root/vast/mustafa/dreem-experiments/paper-plots/uncertainty-microscopy/no-post-processing-no-weight-iou-entropies/8-1.frame_meta_entropy_histogram.csv,Lysosomes - Airyscan Confocal,8-1.
0.0003671165807571,Correctly Tracked,/root/vast/mustafa/dreem-experiments/paper-plots/uncertainty-microscopy/no-post-processing-no-weight-iou-entropies/8-1.frame_meta_entropy_histogram.csv,Lysosomes - Airyscan Confocal,8-1.
3.1756232693160664e-05,Correctly Tracked,/root/vast/mustafa/dreem-experiments/paper-plots/uncertainty-microscopy/no-post-processing-no-weight-iou-entropies/8-1.frame_meta_entropy_histogram.csv,Lysosomes - Airyscan Confocal,8-1.
2.7161607257226464e-05,Correctly Tracked,/root/vast/mustafa/dreem-experiments/paper-plots/uncertainty-microscopy/no-post-processing-no-weight-iou-entropies/8-1.frame_meta_entropy_histogram.csv,Lysosomes - Airyscan Confocal,8-1.
2.854241272936295e-05,Correctly Tracked,/root/vast/mustafa/dreem-experiments/paper-plots/uncertainty-microscopy/no-post-processing-no-weight-iou-entropies/8-1.frame_meta_entropy_histogram.csv,Lysosomes - Airyscan Confocal,8-1.
4.24076657986646e-05,Correctly Tracked,/root/vast/mustafa/dreem-experiments/paper-plots/uncertainty-microscopy/no-post-processing-no-weight-iou-entropies/8-1.frame_meta_entropy_histogram.csv,Lysosomes - Airyscan Confocal,8-1.
2.4571150936438823e-05,Correctly Tracked,/root/vast/mustafa/dreem-experiments/paper-plots/uncertainty-microscopy/no-post-processing-no-weight-iou-entropies/8-1.frame_meta_entropy_histogram.csv,Lysosomes - Airyscan Confocal,8-1.
2.098076166038045e-05,Correctly Tracked,/root/vast/mustafa/dreem-experiments/paper-plots/uncertainty-microscopy/no-post-processing-no-weight-iou-entropies/8-1.frame_meta_entropy_histogram.csv,Lysosomes - Airyscan Confocal,8-1.
2.937514822121229e-05,Correctly Tracked,/root/vast/mustafa/dreem-experiments/paper-plots/uncertainty-microscopy/no-post-processing-no-weight-iou-entropies/8-1.frame_meta_entropy_histogram.csv,Lysosomes - Airyscan Confocal,8-1.
3.6444606396869146e-05,Correctly Tracked,/root/vast/mustafa/dreem-experiments/paper-plots/uncertainty-microscopy/no-post-processing-no-weight-iou-entropies/8-1.frame_meta_entropy_histogram.csv,Lysosomes - Airyscan Confocal,8-1.
4.877736892920669e-05,Correctly Tracked,/root/vast/mustafa/dreem-experiments/paper-plots/uncertainty-microscopy/no-post-processing-no-weight-iou-entropies/8-1.frame_meta_entropy_histogram.csv,Lysosomes - Airyscan Confocal,8-1.
6.641349751065472e-05,Correctly Tracked,/root/vast/mustafa/dreem-experiments/paper-plots/uncertainty-microscopy/no-post-processing-no-weight-iou-entropies/8-1.frame_meta_entropy_histogram.csv,Lysosomes - Airyscan Confocal,8-1.
7.022482215265971e-05,Correctly Tracked,/root/vast/mustafa/dreem-experiments/paper-plots/uncertainty-microscopy/no-post-processing-no-weight-iou-entropies/8-1.frame_meta_entropy_histogram.csv,Lysosomes - Airyscan Confocal,8-1.
4.6535129448321976e-05,Correctly Tracked,/root/vast/mustafa/dreem-experiments/paper-plots/uncertainty-microscopy/no-post-processing-no-weight-iou-entropies/8-1.frame_meta_entropy_histogram.csv,Lysosomes - Airyscan Confocal,8-1.
5.998233422045842e-05,Correctly Tracked,/root/vast/mustafa/dreem-experiments/paper-plots/uncertainty-microscopy/no-post-processing-no-weight-iou-entropies/8-1.frame_meta_entropy_histogram.csv,Lysosomes - Airyscan Confocal,8-1.
3.694221182419021e-05,Correctly Tracked,/root/vast/mustafa/dreem-experiments/paper-plots/uncertainty-microscopy/no-post-processing-no-weight-iou-entropies/8-1.frame_meta_entropy_histogram.csv,Lysosomes - Airyscan Confocal,8-1.
1.989967877663525e-05,Correctly Tracked,/root/vast/mustafa/dreem-experiments/paper-plots/uncertainty-microscopy/no-post-processing-no-weight-iou-entropies/8-1.frame_meta_entropy_histogram.csv,Lysosomes - Airyscan Confocal,8-1.
3.465759927202665e-05,Correctly Tracked,/root/vast/mustafa/dreem-experiments/paper-plots/uncertainty-microscopy/no-post-processing-no-weight-iou-entropies/8-1.frame_meta_entropy_histogram.csv,Lysosomes - Airyscan Confocal,8-1.
3.877431401660657e-05,Correctly Tracked,/root/vast/mustafa/dreem-experiments/paper-plots/uncertainty-microscopy/no-post-processing-no-weight-iou-entropies/8-1.frame_meta_entropy_histogram.csv,Lysosomes - Airyscan Confocal,8-1.
3.514633337565625e-05,Correctly Tracked,/root/vast/mustafa/dreem-experiments/paper-plots/uncertainty-microscopy/no-post-processing-no-weight-iou-entropies/8-1.frame_meta_entropy_histogram.csv,Lysosomes - Airyscan Confocal,8-1.
1.9498419434720404e-05,Correctly Tracked,/root/vast/mustafa/dreem-experiments/paper-plots/uncertainty-microscopy/no-post-processing-no-weight-iou-entropies/8-1.frame_meta_entropy_histogram.csv,Lysosomes - Airyscan Confocal,8-1.
3.5382845713101445e-05,Correctly Tracked,/root/vast/mustafa/dreem-experiments/paper-plots/uncertainty-microscopy/no-post-processing-no-weight-iou-entropies/8-1.frame_meta_entropy_histogram.csv,Lysosomes - Airyscan Confocal,8-1.
2.6629370884341626e-05,Correctly Tracked,/root/vast/mustafa/dreem-experiments/paper-plots/uncertainty-microscopy/no-post-processing-no-weight-iou-entropies/8-1.frame_meta_entropy_histogram.csv,Lysosomes - Airyscan Confocal,8-1.
1.1957915164205137e-05,Correctly Tracked,/root/vast/mustafa/dreem-experiments/paper-plots/uncertainty-microscopy/no-post-processing-no-weight-iou-entropies/8-1.frame_meta_entropy_histogram.csv,Lysosomes - Airyscan Confocal,8-1.
2.1908810071159065e-05,Correctly Tracked,/root/vast/mustafa/dreem-experiments/paper-plots/uncertainty-microscopy/no-post-processing-no-weight-iou-entropies/8-1.frame_meta_entropy_histogram.csv,Lysosomes - Airyscan Confocal,8-1.
1.5104019675159691e-05,Correctly Tracked,/root/vast/mustafa/dreem-experiments/paper-plots/uncertainty-microscopy/no-post-processing-no-weight-iou-entropies/8-1.frame_meta_entropy_histogram.csv,Lysosomes - Airyscan Confocal,8-1.
9.172515561800489e-05,Correctly Tracked,/root/vast/mustafa/dreem-experiments/paper-plots/uncertainty-microscopy/no-post-processing-no-weight-iou-entropies/8-1.frame_meta_entropy_histogram.csv,Lysosomes - Airyscan Confocal,8-1.
3.0994232679240934e-05,Correctly Tracked,/root/vast/mustafa/dreem-experiments/paper-plots/uncertainty-microscopy/no-post-processing-no-weight-iou-entropies/8-1.frame_meta_entropy_histogram.csv,Lysosomes - Airyscan Confocal,8-1.
3.101714447043961e-05,Correctly Tracked,/root/vast/mustafa/dreem-experiments/paper-plots/uncertainty-microscopy/no-post-processing-no-weight-iou-entropies/8-1.frame_meta_entropy_histogram.csv,Lysosomes - Airyscan Confocal,8-1.
6.685912340531994e-05,Correctly Tracked,/root/vast/mustafa/dreem-experiments/paper-plots/uncertainty-microscopy/no-post-processing-no-weight-iou-entropies/8-1.frame_meta_entropy_histogram.csv,Lysosomes - Airyscan Confocal,8-1.
2.649377937425104e-05,Correctly Tracked,/root/vast/mustafa/dreem-experiments/paper-plots/uncertainty-microscopy/no-post-processing-no-weight-iou-entropies/8-1.frame_meta_entropy_histogram.csv,Lysosomes - Airyscan Confocal,8-1.
5.182952814224153e-05,Correctly Tracked,/root/vast/mustafa/dreem-experiments/paper-plots/uncertainty-microscopy/no-post-processing-no-weight-iou-entropies/8-1.frame_meta_entropy_histogram.csv,Lysosomes - Airyscan Confocal,8-1.
2.850231792262301e-05,Correctly Tracked,/root/vast/mustafa/dreem-experiments/paper-plots/uncertainty-microscopy/no-post-processing-no-weight-iou-entropies/8-1.frame_meta_entropy_histogram.csv,Lysosomes - Airyscan Confocal,8-1.
3.462765731278132e-05,Correctly Tracked,/root/vast/mustafa/dreem-experiments/paper-plots/uncertainty-microscopy/no-post-processing-no-weight-iou-entropies/8-1.frame_meta_entropy_histogram.csv,Lysosomes - Airyscan Confocal,8-1.
1.2002450599937328e-05,Correctly Tracked,/root/vast/mustafa/dreem-experiments/paper-plots/uncertainty-microscopy/no-post-processing-no-weight-iou-entropies/8-1.frame_meta_entropy_histogram.csv,Lysosomes - Airyscan Confocal,8-1.
2.5238301631771505e-05,Correctly Tracked,/root/vast/mustafa/dreem-experiments/paper-plots/uncertainty-microscopy/no-post-processing-no-weight-iou-entropies/8-1.frame_meta_entropy_histogram.csv,Lysosomes - Airyscan Confocal,8-1.
4.616267624481403e-05,Correctly Tracked,/root/vast/mustafa/dreem-experiments/paper-plots/uncertainty-microscopy/no-post-processing-no-weight-iou-entropies/8-1.frame_meta_entropy_histogram.csv,Lysosomes - Airyscan Confocal,8-1.
3.545022339998098e-05,Correctly Tracked,/root/vast/mustafa/dreem-experiments/paper-plots/uncertainty-microscopy/no-post-processing-no-weight-iou-entropies/8-1.frame_meta_entropy_histogram.csv,Lysosomes - Airyscan Confocal,8-1.
4.024355290973689e-05,Correctly Tracked,/root/vast/mustafa/dreem-experiments/paper-plots/uncertainty-microscopy/no-post-processing-no-weight-iou-entropies/8-1.frame_meta_entropy_histogram.csv,Lysosomes - Airyscan Confocal,8-1.
3.9066501443721285e-05,Correctly Tracked,/root/vast/mustafa/dreem-experiments/paper-plots/uncertainty-microscopy/no-post-processing-no-weight-iou-entropies/8-1.frame_meta_entropy_histogram.csv,Lysosomes - Airyscan Confocal,8-1.
2.459563565737003e-05,Correctly Tracked,/root/vast/mustafa/dreem-experiments/paper-plots/uncertainty-microscopy/no-post-processing-no-weight-iou-entropies/8-1.frame_meta_entropy_histogram.csv,Lysosomes - Airyscan Confocal,8-1.
3.36439569923503e-05,Correctly Tracked,/root/vast/mustafa/dreem-experiments/paper-plots/uncertainty-microscopy/no-post-processing-no-weight-iou-entropies/8-1.frame_meta_entropy_histogram.csv,Lysosomes - Airyscan Confocal,8-1.
3.810185178592446e-05,Correctly Tracked,/root/vast/mustafa/dreem-experiments/paper-plots/uncertainty-microscopy/no-post-processing-no-weight-iou-entropies/8-1.frame_meta_entropy_histogram.csv,Lysosomes - Airyscan Confocal,8-1.
2.889037790050868e-05,Correctly Tracked,/root/vast/mustafa/dreem-experiments/paper-plots/uncertainty-microscopy/no-post-processing-no-weight-iou-entropies/8-1.frame_meta_entropy_histogram.csv,Lysosomes - Airyscan Confocal,8-1.
3.3817992560819415e-05,Correctly Tracked,/root/vast/mustafa/dreem-experiments/paper-plots/uncertainty-microscopy/no-post-processing-no-weight-iou-entropies/8-1.frame_meta_entropy_histogram.csv,Lysosomes - Airyscan Confocal,8-1.
0.5209106644209632,Correctly Tracked,/root/vast/mustafa/dreem-experiments/paper-plots/uncertainty-microscopy/no-post-processing-no-weight-iou-entropies/8-2.frame_meta_entropy_histogram.csv,Lysosomes - Airyscan Confocal,8-2.
2.0791341183411684e-05,Correctly Tracked,/root/vast/mustafa/dreem-experiments/paper-plots/uncertainty-microscopy/no-post-processing-no-weight-iou-entropies/8-2.frame_meta_entropy_histogram.csv,Lysosomes - Airyscan Confocal,8-2.
2.6041792220604358e-05,Correctly Tracked,/root/vast/mustafa/dreem-experiments/paper-plots/uncertainty-microscopy/no-post-processing-no-weight-iou-entropies/8-2.frame_meta_entropy_histogram.csv,Lysosomes - Airyscan Confocal,8-2.
2.482014902452929e-05,Correctly Tracked,/root/vast/mustafa/dreem-experiments/paper-plots/uncertainty-microscopy/no-post-processing-no-weight-iou-entropies/8-2.frame_meta_entropy_histogram.csv,Lysosomes - Airyscan Confocal,8-2.
6.183530505113667e-05,Correctly Tracked,/root/vast/mustafa/dreem-experiments/paper-plots/uncertainty-microscopy/no-post-processing-no-weight-iou-entropies/8-2.frame_meta_entropy_histogram.csv,Lysosomes - Airyscan Confocal,8-2.
3.0830952638711305e-05,Correctly Tracked,/root/vast/mustafa/dreem-experiments/paper-plots/uncertainty-microscopy/no-post-processing-no-weight-iou-entropies/8-2.frame_meta_entropy_histogram.csv,Lysosomes - Airyscan Confocal,8-2.
5.451447614706651e-05,Correctly Tracked,/root/vast/mustafa/dreem-experiments/paper-plots/uncertainty-microscopy/no-post-processing-no-weight-iou-entropies/8-2.frame_meta_entropy_histogram.csv,Lysosomes - Airyscan Confocal,8-2.
2.6192641149100475e-05,Correctly Tracked,/root/vast/mustafa/dreem-experiments/paper-plots/uncertainty-microscopy/no-post-processing-no-weight-iou-entropies/8-2.frame_meta_entropy_histogram.csv,Lysosomes - Airyscan Confocal,8-2.
8.081155983040696e-05,Correctly Tracked,/root/vast/mustafa/dreem-experiments/paper-plots/uncertainty-microscopy/no-post-processing-no-weight-iou-entropies/8-2.frame_meta_entropy_histogram.csv,Lysosomes - Airyscan Confocal,8-2.
4.376400476274047e-05,Correctly Tracked,/root/vast/mustafa/dreem-experiments/paper-plots/uncertainty-microscopy/no-post-processing-no-weight-iou-entropies/8-2.frame_meta_entropy_histogram.csv,Lysosomes - Airyscan Confocal,8-2.
2.7754653093570905e-05,Correctly Tracked,/root/vast/mustafa/dreem-experiments/paper-plots/uncertainty-microscopy/no-post-processing-no-weight-iou-entropies/8-2.frame_meta_entropy_histogram.csv,Lysosomes - Airyscan Confocal,8-2.
4.167511434076885e-05,Correctly Tracked,/root/vast/mustafa/dreem-experiments/paper-plots/uncertainty-microscopy/no-post-processing-no-weight-iou-entropies/8-2.frame_meta_entropy_histogram.csv,Lysosomes - Airyscan Confocal,8-2.
1.9751960806164614e-05,Correctly Tracked,/root/vast/mustafa/dreem-experiments/paper-plots/uncertainty-microscopy/no-post-processing-no-weight-iou-entropies/8-2.frame_meta_entropy_histogram.csv,Lysosomes - Airyscan Confocal,8-2.
5.619496447042209e-05,Correctly Tracked,/root/vast/mustafa/dreem-experiments/paper-plots/uncertainty-microscopy/no-post-processing-no-weight-iou-entropies/8-2.frame_meta_entropy_histogram.csv,Lysosomes - Airyscan Confocal,8-2.
0.0001337457581795,Correctly Tracked,/root/vast/mustafa/dreem-experiments/paper-plots/uncertainty-microscopy/no-post-processing-no-weight-iou-entropies/8-2.frame_meta_entropy_histogram.csv,Lysosomes - Airyscan Confocal,8-2.
7.031419767577757e-05,Correctly Tracked,/root/vast/mustafa/dreem-experiments/paper-plots/uncertainty-microscopy/no-post-processing-no-weight-iou-entropies/8-2.frame_meta_entropy_histogram.csv,Lysosomes - Airyscan Confocal,8-2.
4.661308715729717e-05,Correctly Tracked,/root/vast/mustafa/dreem-experiments/paper-plots/uncertainty-microscopy/no-post-processing-no-weight-iou-entropies/8-2.frame_meta_entropy_histogram.csv,Lysosomes - Airyscan Confocal,8-2.
8.83186136805156e-05,Correctly Tracked,/root/vast/mustafa/dreem-experiments/paper-plots/uncertainty-microscopy/no-post-processing-no-weight-iou-entropies/8-2.frame_meta_entropy_histogram.csv,Lysosomes - Airyscan Confocal,8-2.
5.63335279898494e-05,Correctly Tracked,/root/vast/mustafa/dreem-experiments/paper-plots/uncertainty-microscopy/no-post-processing-no-weight-iou-entropies/8-2.frame_meta_entropy_histogram.csv,Lysosomes - Airyscan Confocal,8-2.
4.502495795640472e-05,Correctly Tracked,/root/vast/mustafa/dreem-experiments/paper-plots/uncertainty-microscopy/no-post-processing-no-weight-iou-entropies/8-2.frame_meta_entropy_histogram.csv,Lysosomes - Airyscan Confocal,8-2.
8.756741555456958e-05,Correctly Tracked,/root/vast/mustafa/dreem-experiments/paper-plots/uncertainty-microscopy/no-post-processing-no-weight-iou-entropies/8-2.frame_meta_entropy_histogram.csv,Lysosomes - Airyscan Confocal,8-2.
4.044412297493603e-05,Correctly Tracked,/root/vast/mustafa/dreem-experiments/paper-plots/uncertainty-microscopy/no-post-processing-no-weight-iou-entropies/8-2.frame_meta_entropy_histogram.csv,Lysosomes - Airyscan Confocal,8-2.
0.0001217973335766,Correctly Tracked,/root/vast/mustafa/dreem-experiments/paper-plots/uncertainty-microscopy/no-post-processing-no-weight-iou-entropies/8-2.frame_meta_entropy_histogram.csv,Lysosomes - Airyscan Confocal,8-2.
2.388400747634793e-05,Correctly Tracked,/root/vast/mustafa/dreem-experiments/paper-plots/uncertainty-microscopy/no-post-processing-no-weight-iou-entropies/8-2.frame_meta_entropy_histogram.csv,Lysosomes - Airyscan Confocal,8-2.
2.7139327949351813e-05,Correctly Tracked,/root/vast/mustafa/dreem-experiments/paper-plots/uncertainty-microscopy/no-post-processing-no-weight-iou-entropies/8-2.frame_meta_entropy_histogram.csv,Lysosomes - Airyscan Confocal,8-2.
1.695571891632787e-05,Correctly Tracked,/root/vast/mustafa/dreem-experiments/paper-plots/uncertainty-microscopy/no-post-processing-no-weight-iou-entropies/8-2.frame_meta_entropy_histogram.csv,Lysosomes - Airyscan Confocal,8-2.
1.0889159082416448e-05,Correctly Tracked,/root/vast/mustafa/dreem-experiments/paper-plots/uncertainty-microscopy/no-post-processing-no-weight-iou-entropies/8-2.frame_meta_entropy_histogram.csv,Lysosomes - Airyscan Confocal,8-2.
1.2728295582168234e-05,Correctly Tracked,/root/vast/mustafa/dreem-experiments/paper-plots/uncertainty-microscopy/no-post-processing-no-weight-iou-entropies/8-2.frame_meta_entropy_histogram.csv,Lysosomes - Airyscan Confocal,8-2.
6.006946459334752e-05,Correctly Tracked,/root/vast/mustafa/dreem-experiments/paper-plots/uncertainty-microscopy/no-post-processing-no-weight-iou-entropies/8-2.frame_meta_entropy_histogram.csv,Lysosomes - Airyscan Confocal,8-2.
2.459601150479033e-05,Correctly Tracked,/root/vast/mustafa/dreem-experiments/paper-plots/uncertainty-microscopy/no-post-processing-no-weight-iou-entropies/8-2.frame_meta_entropy_histogram.csv,Lysosomes - Airyscan Confocal,8-2.
5.324336348304563e-05,Correctly Tracked,/root/vast/mustafa/dreem-experiments/paper-plots/uncertainty-microscopy/no-post-processing-no-weight-iou-entropies/8-2.frame_meta_entropy_histogram.csv,Lysosomes - Airyscan Confocal,8-2.
1.6813728065799154e-05,Correctly Tracked,/root/vast/mustafa/dreem-experiments/paper-plots/uncertainty-microscopy/no-post-processing-no-weight-iou-entropies/8-2.frame_meta_entropy_histogram.csv,Lysosomes - Airyscan Confocal,8-2.
2.1400816684741276e-05,Correctly Tracked,/root/vast/mustafa/dreem-experiments/paper-plots/uncertainty-microscopy/no-post-processing-no-weight-iou-entropies/8-2.frame_meta_entropy_histogram.csv,Lysosomes - Airyscan Confocal,8-2.
8.23209961846387e-05,Correctly Tracked,/root/vast/mustafa/dreem-experiments/paper-plots/uncertainty-microscopy/no-post-processing-no-weight-iou-entropies/8-2.frame_meta_entropy_histogram.csv,Lysosomes - Airyscan Confocal,8-2.
3.86794812551746e-05,Correctly Tracked,/root/vast/mustafa/dreem-experiments/paper-plots/uncertainty-microscopy/no-post-processing-no-weight-iou-entropies/8-2.frame_meta_entropy_histogram.csv,Lysosomes - Airyscan Confocal,8-2.
4.0439248548480696e-05,Correctly Tracked,/root/vast/mustafa/dreem-experiments/paper-plots/uncertainty-microscopy/no-post-processing-no-weight-iou-entropies/8-2.frame_meta_entropy_histogram.csv,Lysosomes - Airyscan Confocal,8-2.
6.362351753686895e-05,Correctly Tracked,/root/vast/mustafa/dreem-experiments/paper-plots/uncertainty-microscopy/no-post-processing-no-weight-iou-entropies/8-2.frame_meta_entropy_histogram.csv,Lysosomes - Airyscan Confocal,8-2.
1.7275834952630283e-05,Correctly Tracked,/root/vast/mustafa/dreem-experiments/paper-plots/uncertainty-microscopy/no-post-processing-no-weight-iou-entropies/8-2.frame_meta_entropy_histogram.csv,Lysosomes - Airyscan Confocal,8-2.
3.665131585517168e-05,Correctly Tracked,/root/vast/mustafa/dreem-experiments/paper-plots/uncertainty-microscopy/no-post-processing-no-weight-iou-entropies/8-2.frame_meta_entropy_histogram.csv,Lysosomes - Airyscan Confocal,8-2.
1.466179462014774e-05,Correctly Tracked,/root/vast/mustafa/dreem-experiments/paper-plots/uncertainty-microscopy/no-post-processing-no-weight-iou-entropies/8-2.frame_meta_entropy_histogram.csv,Lysosomes - Airyscan Confocal,8-2.
1.3184662931191138e-05,Correctly Tracked,/root/vast/mustafa/dreem-experiments/paper-plots/uncertainty-microscopy/no-post-processing-no-weight-iou-entropies/8-2.frame_meta_entropy_histogram.csv,Lysosomes - Airyscan Confocal,8-2.
1.967448491040224e-05,Correctly Tracked,/root/vast/mustafa/dreem-experiments/paper-plots/uncertainty-microscopy/no-post-processing-no-weight-iou-entropies/8-2.frame_meta_entropy_histogram.csv,Lysosomes - Airyscan Confocal,8-2.
1.698033940593073e-05,Correctly Tracked,/root/vast/mustafa/dreem-experiments/paper-plots/uncertainty-microscopy/no-post-processing-no-weight-iou-entropies/8-2.frame_meta_entropy_histogram.csv,Lysosomes - Airyscan Confocal,8-2.
1.5338555088288425e-05,Correctly Tracked,/root/vast/mustafa/dreem-experiments/paper-plots/uncertainty-microscopy/no-post-processing-no-weight-iou-entropies/8-2.frame_meta_entropy_histogram.csv,Lysosomes - Airyscan Confocal,8-2.
8.076945829647141e-05,Correctly Tracked,/root/vast/mustafa/dreem-experiments/paper-plots/uncertainty-microscopy/no-post-processing-no-weight-iou-entropies/8-2.frame_meta_entropy_histogram.csv,Lysosomes - Airyscan Confocal,8-2.
2.5478825767892405e-05,Correctly Tracked,/root/vast/mustafa/dreem-experiments/paper-plots/uncertainty-microscopy/no-post-processing-no-weight-iou-entropies/8-2.frame_meta_entropy_histogram.csv,Lysosomes - Airyscan Confocal,8-2.
6.908762375891989e-05,Correctly Tracked,/root/vast/mustafa/dreem-experiments/paper-plots/uncertainty-microscopy/no-post-processing-no-weight-iou-entropies/8-2.frame_meta_entropy_histogram.csv,Lysosomes - Airyscan Confocal,8-2.
5.106530615811016e-05,Correctly Tracked,/root/vast/mustafa/dreem-experiments/paper-plots/uncertainty-microscopy/no-post-processing-no-weight-iou-entropies/8-2.frame_meta_entropy_histogram.csv,Lysosomes - Airyscan Confocal,8-2.
0.0001944022335261,Correctly Tracked,/root/vast/mustafa/dreem-experiments/paper-plots/uncertainty-microscopy/no-post-processing-no-weight-iou-entropies/8-2.frame_meta_entropy_histogram.csv,Lysosomes - Airyscan Confocal,8-2.
2.42778757042354e-05,Correctly Tracked,/root/vast/mustafa/dreem-experiments/paper-plots/uncertainty-microscopy/no-post-processing-no-weight-iou-entropies/8-2.frame_meta_entropy_histogram.csv,Lysosomes - Airyscan Confocal,8-2.
0.0005146139701849,Correctly Tracked,/root/vast/mustafa/dreem-experiments/paper-plots/uncertainty-microscopy/no-post-processing-no-weight-iou-entropies/8-2.frame_meta_entropy_histogram.csv,Lysosomes - Airyscan Confocal,8-2.
3.0733954201394967e-05,Correctly Tracked,/root/vast/mustafa/dreem-experiments/paper-plots/uncertainty-microscopy/no-post-processing-no-weight-iou-entropies/8-2.frame_meta_entropy_histogram.csv,Lysosomes - Airyscan Confocal,8-2.
4.254047405098637e-05,Correctly Tracked,/root/vast/mustafa/dreem-experiments/paper-plots/uncertainty-microscopy/no-post-processing-no-weight-iou-entropies/8-2.frame_meta_entropy_histogram.csv,Lysosomes - Airyscan Confocal,8-2.
6.682367784772627e-05,Correctly Tracked,/root/vast/mustafa/dreem-experiments/paper-plots/uncertainty-microscopy/no-post-processing-no-weight-iou-entropies/8-2.frame_meta_entropy_histogram.csv,Lysosomes - Airyscan Confocal,8-2.
2.0676954421831108e-05,Correctly Tracked,/root/vast/mustafa/dreem-experiments/paper-plots/uncertainty-microscopy/no-post-processing-no-weight-iou-entropies/8-2.frame_meta_entropy_histogram.csv,Lysosomes - Airyscan Confocal,8-2.
0.0001017138753457,Correctly Tracked,/root/vast/mustafa/dreem-experiments/paper-plots/uncertainty-microscopy/no-post-processing-no-weight-iou-entropies/8-2.frame_meta_entropy_histogram.csv,Lysosomes - Airyscan Confocal,8-2.
1.9985241186938344e-05,Correctly Tracked,/root/vast/mustafa/dreem-experiments/paper-plots/uncertainty-microscopy/no-post-processing-no-weight-iou-entropies/8-2.frame_meta_entropy_histogram.csv,Lysosomes - Airyscan Confocal,8-2.
0.0001884740434929,Correctly Tracked,/root/vast/mustafa/dreem-experiments/paper-plots/uncertainty-microscopy/no-post-processing-no-weight-iou-entropies/8-2.frame_meta_entropy_histogram.csv,Lysosomes - Airyscan Confocal,8-2.
0.0001823632081706,Correctly Tracked,/root/vast/mustafa/dreem-experiments/paper-plots/uncertainty-microscopy/no-post-processing-no-weight-iou-entropies/8-2.frame_meta_entropy_histogram.csv,Lysosomes - Airyscan Confocal,8-2.
0.0006886133513359,Correctly Tracked,/root/vast/mustafa/dreem-experiments/paper-plots/uncertainty-microscopy/no-post-processing-no-weight-iou-entropies/8-2.frame_meta_entropy_histogram.csv,Lysosomes - Airyscan Confocal,8-2.
0.0046873620747788,Correctly Tracked,/root/vast/mustafa/dreem-experiments/paper-plots/uncertainty-microscopy/no-post-processing-no-weight-iou-entropies/8-2.frame_meta_entropy_histogram.csv,Lysosomes - Airyscan Confocal,8-2.
0.0003055371830949,Correctly Tracked,/root/vast/mustafa/dreem-experiments/paper-plots/uncertainty-microscopy/no-post-processing-no-weight-iou-entropies/8-2.frame_meta_entropy_histogram.csv,Lysosomes - Airyscan Confocal,8-2.
0.0002008797104905,Correctly Tracked,/root/vast/mustafa/dreem-experiments/paper-plots/uncertainty-microscopy/no-post-processing-no-weight-iou-entropies/8-2.frame_meta_entropy_histogram.csv,Lysosomes - Airyscan Confocal,8-2.
0.0005396411829909,Correctly Tracked,/root/vast/mustafa/dreem-experiments/paper-plots/uncertainty-microscopy/no-post-processing-no-weight-iou-entropies/8-2.frame_meta_entropy_histogram.csv,Lysosomes - Airyscan Confocal,8-2.
8.180231349890174e-05,Correctly Tracked,/root/vast/mustafa/dreem-experiments/paper-plots/uncertainty-microscopy/no-post-processing-no-weight-iou-entropies/8-2.frame_meta_entropy_histogram.csv,Lysosomes - Airyscan Confocal,8-2.
9.84040735539452e-05,Correctly Tracked,/root/vast/mustafa/dreem-experiments/paper-plots/uncertainty-microscopy/no-post-processing-no-weight-iou-entropies/8-2.frame_meta_entropy_histogram.csv,Lysosomes - Airyscan Confocal,8-2.
1.835480017624084e-05,Correctly Tracked,/root/vast/mustafa/dreem-experiments/paper-plots/uncertainty-microscopy/no-post-processing-no-weight-iou-entropies/8-2.frame_meta_entropy_histogram.csv,Lysosomes - Airyscan Confocal,8-2.
2.9597418093858316e-05,Correctly Tracked,/root/vast/mustafa/dreem-experiments/paper-plots/uncertainty-microscopy/no-post-processing-no-weight-iou-entropies/8-2.frame_meta_entropy_histogram.csv,Lysosomes - Airyscan Confocal,8-2.
1.4648818777712124e-05,Correctly Tracked,/root/vast/mustafa/dreem-experiments/paper-plots/uncertainty-microscopy/no-post-processing-no-weight-iou-entropies/8-2.frame_meta_entropy_histogram.csv,Lysosomes - Airyscan Confocal,8-2.
1.6723051150292077e-05,Correctly Tracked,/root/vast/mustafa/dreem-experiments/paper-plots/uncertainty-microscopy/no-post-processing-no-weight-iou-entropies/8-2.frame_meta_entropy_histogram.csv,Lysosomes - Airyscan Confocal,8-2.
2.4519726068478148e-05,Correctly Tracked,/root/vast/mustafa/dreem-experiments/paper-plots/uncertainty-microscopy/no-post-processing-no-weight-iou-entropies/8-2.frame_meta_entropy_histogram.csv,Lysosomes - Airyscan Confocal,8-2.
1.6548715897316025e-05,Correctly Tracked,/root/vast/mustafa/dreem-experiments/paper-plots/uncertainty-microscopy/no-post-processing-no-weight-iou-entropies/8-2.frame_meta_entropy_histogram.csv,Lysosomes - Airyscan Confocal,8-2.
3.3132403817590465e-05,Correctly Tracked,/root/vast/mustafa/dreem-experiments/paper-plots/uncertainty-microscopy/no-post-processing-no-weight-iou-entropies/8-2.frame_meta_entropy_histogram.csv,Lysosomes - Airyscan Confocal,8-2.
1.5766055865288393e-05,Correctly Tracked,/root/vast/mustafa/dreem-experiments/paper-plots/uncertainty-microscopy/no-post-processing-no-weight-iou-entropies/8-2.frame_meta_entropy_histogram.csv,Lysosomes - Airyscan Confocal,8-2.
2.15205828660071e-05,Correctly Tracked,/root/vast/mustafa/dreem-experiments/paper-plots/uncertainty-microscopy/no-post-processing-no-weight-iou-entropies/8-2.frame_meta_entropy_histogram.csv,Lysosomes - Airyscan Confocal,8-2.
8.447677420169952e-06,Correctly Tracked,/root/vast/mustafa/dreem-experiments/paper-plots/uncertainty-microscopy/no-post-processing-no-weight-iou-entropies/8-2.frame_meta_entropy_histogram.csv,Lysosomes - Airyscan Confocal,8-2.
1.09926164659292e-05,Correctly Tracked,/root/vast/mustafa/dreem-experiments/paper-plots/uncertainty-microscopy/no-post-processing-no-weight-iou-entropies/8-2.frame_meta_entropy_histogram.csv,Lysosomes - Airyscan Confocal,8-2.
5.6716614198349255e-05,Correctly Tracked,/root/vast/mustafa/dreem-experiments/paper-plots/uncertainty-microscopy/no-post-processing-no-weight-iou-entropies/8-2.frame_meta_entropy_histogram.csv,Lysosomes - Airyscan Confocal,8-2.
2.396947882229809e-05,Correctly Tracked,/root/vast/mustafa/dreem-experiments/paper-plots/uncertainty-microscopy/no-post-processing-no-weight-iou-entropies/8-2.frame_meta_entropy_histogram.csv,Lysosomes - Airyscan Confocal,8-2.
2.5501444497446183e-05,Correctly Tracked,/root/vast/mustafa/dreem-experiments/paper-plots/uncertainty-microscopy/no-post-processing-no-weight-iou-entropies/8-2.frame_meta_entropy_histogram.csv,Lysosomes - Airyscan Confocal,8-2.
2.113170496466052e-05,Correctly Tracked,/root/vast/mustafa/dreem-experiments/paper-plots/uncertainty-microscopy/no-post-processing-no-weight-iou-entropies/8-2.frame_meta_entropy_histogram.csv,Lysosomes - Airyscan Confocal,8-2.
1.6470817794099126e-05,Correctly Tracked,/root/vast/mustafa/dreem-experiments/paper-plots/uncertainty-microscopy/no-post-processing-no-weight-iou-entropies/8-2.frame_meta_entropy_histogram.csv,Lysosomes - Airyscan Confocal,8-2.
2.709480575934368e-05,Correctly Tracked,/root/vast/mustafa/dreem-experiments/paper-plots/uncertainty-microscopy/no-post-processing-no-weight-iou-entropies/8-2.frame_meta_entropy_histogram.csv,Lysosomes - Airyscan Confocal,8-2.
3.4952021915077067e-05,Correctly Tracked,/root/vast/mustafa/dreem-experiments/paper-plots/uncertainty-microscopy/no-post-processing-no-weight-iou-entropies/8-2.frame_meta_entropy_histogram.csv,Lysosomes - Airyscan Confocal,8-2.
4.57246964443644e-05,Correctly Tracked,/root/vast/mustafa/dreem-experiments/paper-plots/uncertainty-microscopy/no-post-processing-no-weight-iou-entropies/8-2.frame_meta_entropy_histogram.csv,Lysosomes - Airyscan Confocal,8-2.
1.8163565035075388e-05,Correctly Tracked,/root/vast/mustafa/dreem-experiments/paper-plots/uncertainty-microscopy/no-post-processing-no-weight-iou-entropies/8-2.frame_meta_entropy_histogram.csv,Lysosomes - Airyscan Confocal,8-2.
1.9623874654471464e-05,Correctly Tracked,/root/vast/mustafa/dreem-experiments/paper-plots/uncertainty-microscopy/no-post-processing-no-weight-iou-entropies/8-2.frame_meta_entropy_histogram.csv,Lysosomes - Airyscan Confocal,8-2.
1.8936683178630844e-05,Correctly Tracked,/root/vast/mustafa/dreem-experiments/paper-plots/uncertainty-microscopy/no-post-processing-no-weight-iou-entropies/8-2.frame_meta_entropy_histogram.csv,Lysosomes - Airyscan Confocal,8-2.
1.3167585881442388e-05,Correctly Tracked,/root/vast/mustafa/dreem-experiments/paper-plots/uncertainty-microscopy/no-post-processing-no-weight-iou-entropies/8-2.frame_meta_entropy_histogram.csv,Lysosomes - Airyscan Confocal,8-2.
4.16624448057022e-05,Correctly Tracked,/root/vast/mustafa/dreem-experiments/paper-plots/uncertainty-microscopy/no-post-processing-no-weight-iou-entropies/8-2.frame_meta_entropy_histogram.csv,Lysosomes - Airyscan Confocal,8-2.
2.5973250565722745e-05,Correctly Tracked,/root/vast/mustafa/dreem-experiments/paper-plots/uncertainty-microscopy/no-post-processing-no-weight-iou-entropies/8-2.frame_meta_entropy_histogram.csv,Lysosomes - Airyscan Confocal,8-2.
2.0244094093731987e-05,Correctly Tracked,/root/vast/mustafa/dreem-experiments/paper-plots/uncertainty-microscopy/no-post-processing-no-weight-iou-entropies/8-2.frame_meta_entropy_histogram.csv,Lysosomes - Airyscan Confocal,8-2.
1.1155571986219278e-05,Correctly Tracked,/root/vast/mustafa/dreem-experiments/paper-plots/uncertainty-microscopy/no-post-processing-no-weight-iou-entropies/8-2.frame_meta_entropy_histogram.csv,Lysosomes - Airyscan Confocal,8-2.
4.104616762506605e-05,Correctly Tracked,/root/vast/mustafa/dreem-experiments/paper-plots/uncertainty-microscopy/no-post-processing-no-weight-iou-entropies/8-2.frame_meta_entropy_histogram.csv,Lysosomes - Airyscan Confocal,8-2.
0.0001595067708528,Correctly Tracked,/root/vast/mustafa/dreem-experiments/paper-plots/uncertainty-microscopy/no-post-processing-no-weight-iou-entropies/8-2.frame_meta_entropy_histogram.csv,Lysosomes - Airyscan Confocal,8-2.
3.98519563235263e-05,Correctly Tracked,/root/vast/mustafa/dreem-experiments/paper-plots/uncertainty-microscopy/no-post-processing-no-weight-iou-entropies/8-2.frame_meta_entropy_histogram.csv,Lysosomes - Airyscan Confocal,8-2.
1.9302606240175532e-05,Correctly Tracked,/root/vast/mustafa/dreem-experiments/paper-plots/uncertainty-microscopy/no-post-processing-no-weight-iou-entropies/8-2.frame_meta_entropy_histogram.csv,Lysosomes - Airyscan Confocal,8-2.
3.5903601354654324e-05,Correctly Tracked,/root/vast/mustafa/dreem-experiments/paper-plots/uncertainty-microscopy/no-post-processing-no-weight-iou-entropies/8-2.frame_meta_entropy_histogram.csv,Lysosomes - Airyscan Confocal,8-2.
2.802072988712563e-05,Correctly Tracked,/root/vast/mustafa/dreem-experiments/paper-plots/uncertainty-microscopy/no-post-processing-no-weight-iou-entropies/8-2.frame_meta_entropy_histogram.csv,Lysosomes - Airyscan Confocal,8-2.
1.7833758095905086e-05,Correctly Tracked,/root/vast/mustafa/dreem-experiments/paper-plots/uncertainty-microscopy/no-post-processing-no-weight-iou-entropies/8-2.frame_meta_entropy_histogram.csv,Lysosomes - Airyscan Confocal,8-2.
1.4557070614271422e-05,Correctly Tracked,/root/vast/mustafa/dreem-experiments/paper-plots/uncertainty-microscopy/no-post-processing-no-weight-iou-entropies/8-2.frame_meta_entropy_histogram.csv,Lysosomes - Airyscan Confocal,8-2.
2.7542062533784223e-05,Correctly Tracked,/root/vast/mustafa/dreem-experiments/paper-plots/uncertainty-microscopy/no-post-processing-no-weight-iou-entropies/8-2.frame_meta_entropy_histogram.csv,Lysosomes - Airyscan Confocal,8-2.
0.0001076534500787,Correctly Tracked,/root/vast/mustafa/dreem-experiments/paper-plots/uncertainty-microscopy/no-post-processing-no-weight-iou-entropies/8-2.frame_meta_entropy_histogram.csv,Lysosomes - Airyscan Confocal,8-2.
2.2904406707514536e-05,Correctly Tracked,/root/vast/mustafa/dreem-experiments/paper-plots/uncertainty-microscopy/no-post-processing-no-weight-iou-entropies/8-2.frame_meta_entropy_histogram.csv,Lysosomes - Airyscan Confocal,8-2.
1.302350386222716e-05,Correctly Tracked,/root/vast/mustafa/dreem-experiments/paper-plots/uncertainty-microscopy/no-post-processing-no-weight-iou-entropies/8-2.frame_meta_entropy_histogram.csv,Lysosomes - Airyscan Confocal,8-2.
2.7179440968962336e-05,Correctly Tracked,/root/vast/mustafa/dreem-experiments/paper-plots/uncertainty-microscopy/no-post-processing-no-weight-iou-entropies/8-2.frame_meta_entropy_histogram.csv,Lysosomes - Airyscan Confocal,8-2.
1.497758427182794e-05,Correctly Tracked,/root/vast/mustafa/dreem-experiments/paper-plots/uncertainty-microscopy/no-post-processing-no-weight-iou-entropies/8-2.frame_meta_entropy_histogram.csv,Lysosomes - Airyscan Confocal,8-2.
1.0370615476782152e-05,Correctly Tracked,/root/vast/mustafa/dreem-experiments/paper-plots/uncertainty-microscopy/no-post-processing-no-weight-iou-entropies/8-2.frame_meta_entropy_histogram.csv,Lysosomes - Airyscan Confocal,8-2.
1.1232930326180596e-05,Correctly Tracked,/root/vast/mustafa/dreem-experiments/paper-plots/uncertainty-microscopy/no-post-processing-no-weight-iou-entropies/8-2.frame_meta_entropy_histogram.csv,Lysosomes - Airyscan Confocal,8-2.
1.0428788213295378e-05,Correctly Tracked,/root/vast/mustafa/dreem-experiments/paper-plots/uncertainty-microscopy/no-post-processing-no-weight-iou-entropies/8-2.frame_meta_entropy_histogram.csv,Lysosomes - Airyscan Confocal,8-2.
1.1816113893102076e-05,Correctly Tracked,/root/vast/mustafa/dreem-experiments/paper-plots/uncertainty-microscopy/no-post-processing-no-weight-iou-entropies/8-2.frame_meta_entropy_histogram.csv,Lysosomes - Airyscan Confocal,8-2.
0.2024542758051062,Correctly Tracked,/root/vast/mustafa/dreem-experiments/paper-plots/uncertainty-microscopy/no-post-processing-no-weight-iou-entropies/8-2.frame_meta_entropy_histogram.csv,Lysosomes - Airyscan Confocal,8-2.
2.662214865329605e-05,Correctly Tracked,/root/vast/mustafa/dreem-experiments/paper-plots/uncertainty-microscopy/no-post-processing-no-weight-iou-entropies/8-2.frame_meta_entropy_histogram.csv,Lysosomes - Airyscan Confocal,8-2.
1.252451756817249e-05,Correctly Tracked,/root/vast/mustafa/dreem-experiments/paper-plots/uncertainty-microscopy/no-post-processing-no-weight-iou-entropies/8-2.frame_meta_entropy_histogram.csv,Lysosomes - Airyscan Confocal,8-2.
8.248944371326857e-06,Correctly Tracked,/root/vast/mustafa/dreem-experiments/paper-plots/uncertainty-microscopy/no-post-processing-no-weight-iou-entropies/8-2.frame_meta_entropy_histogram.csv,Lysosomes - Airyscan Confocal,8-2.
2.758450348939889e-05,Correctly Tracked,/root/vast/mustafa/dreem-experiments/paper-plots/uncertainty-microscopy/no-post-processing-no-weight-iou-entropies/8-2.frame_meta_entropy_histogram.csv,Lysosomes - Airyscan Confocal,8-2.
2.7686293567395164e-05,Correctly Tracked,/root/vast/mustafa/dreem-experiments/paper-plots/uncertainty-microscopy/no-post-processing-no-weight-iou-entropies/8-2.frame_meta_entropy_histogram.csv,Lysosomes - Airyscan Confocal,8-2.
2.037110071891397e-05,Correctly Tracked,/root/vast/mustafa/dreem-experiments/paper-plots/uncertainty-microscopy/no-post-processing-no-weight-iou-entropies/8-2.frame_meta_entropy_histogram.csv,Lysosomes - Airyscan Confocal,8-2.
7.461563894386127e-06,Correctly Tracked,/root/vast/mustafa/dreem-experiments/paper-plots/uncertainty-microscopy/no-post-processing-no-weight-iou-entropies/8-2.frame_meta_entropy_histogram.csv,Lysosomes - Airyscan Confocal,8-2.
6.729739792313e-05,Correctly Tracked,/root/vast/mustafa/dreem-experiments/paper-plots/uncertainty-microscopy/no-post-processing-no-weight-iou-entropies/8-2.frame_meta_entropy_histogram.csv,Lysosomes - Airyscan Confocal,8-2.
1.543869276220779e-05,Correctly Tracked,/root/vast/mustafa/dreem-experiments/paper-plots/uncertainty-microscopy/no-post-processing-no-weight-iou-entropies/8-2.frame_meta_entropy_histogram.csv,Lysosomes - Airyscan Confocal,8-2.
3.279703201859802e-05,Correctly Tracked,/root/vast/mustafa/dreem-experiments/paper-plots/uncertainty-microscopy/no-post-processing-no-weight-iou-entropies/8-2.frame_meta_entropy_histogram.csv,Lysosomes - Airyscan Confocal,8-2.
2.153480711793569e-05,Correctly Tracked,/root/vast/mustafa/dreem-experiments/paper-plots/uncertainty-microscopy/no-post-processing-no-weight-iou-entropies/8-2.frame_meta_entropy_histogram.csv,Lysosomes - Airyscan Confocal,8-2.
2.6011302219525896e-05,Correctly Tracked,/root/vast/mustafa/dreem-experiments/paper-plots/uncertainty-microscopy/no-post-processing-no-weight-iou-entropies/8-2.frame_meta_entropy_histogram.csv,Lysosomes - Airyscan Confocal,8-2.
2.6042860157106968e-05,Correctly Tracked,/root/vast/mustafa/dreem-experiments/paper-plots/uncertainty-microscopy/no-post-processing-no-weight-iou-entropies/8-2.frame_meta_entropy_histogram.csv,Lysosomes - Airyscan Confocal,8-2.
2.0617282434925456e-05,Correctly Tracked,/root/vast/mustafa/dreem-experiments/paper-plots/uncertainty-microscopy/no-post-processing-no-weight-iou-entropies/8-2.frame_meta_entropy_histogram.csv,Lysosomes - Airyscan Confocal,8-2.
1.2628667040767556e-05,Correctly Tracked,/root/vast/mustafa/dreem-experiments/paper-plots/uncertainty-microscopy/no-post-processing-no-weight-iou-entropies/8-2.frame_meta_entropy_histogram.csv,Lysosomes - Airyscan Confocal,8-2.
1.1707561872971432e-05,Correctly Tracked,/root/vast/mustafa/dreem-experiments/paper-plots/uncertainty-microscopy/no-post-processing-no-weight-iou-entropies/8-2.frame_meta_entropy_histogram.csv,Lysosomes - Airyscan Confocal,8-2.
1.443114517131611e-05,Correctly Tracked,/root/vast/mustafa/dreem-experiments/paper-plots/uncertainty-microscopy/no-post-processing-no-weight-iou-entropies/8-2.frame_meta_entropy_histogram.csv,Lysosomes - Airyscan Confocal,8-2.
1.1882001436024482e-05,Correctly Tracked,/root/vast/mustafa/dreem-experiments/paper-plots/uncertainty-microscopy/no-post-processing-no-weight-iou-entropies/8-2.frame_meta_entropy_histogram.csv,Lysosomes - Airyscan Confocal,8-2.
9.666766675074043e-06,Correctly Tracked,/root/vast/mustafa/dreem-experiments/paper-plots/uncertainty-microscopy/no-post-processing-no-weight-iou-entropies/8-2.frame_meta_entropy_histogram.csv,Lysosomes - Airyscan Confocal,8-2.
1.0470596685586018e-05,Correctly Tracked,/root/vast/mustafa/dreem-experiments/paper-plots/uncertainty-microscopy/no-post-processing-no-weight-iou-entropies/8-2.frame_meta_entropy_histogram.csv,Lysosomes - Airyscan Confocal,8-2.
1.410961515396993e-05,Correctly Tracked,/root/vast/mustafa/dreem-experiments/paper-plots/uncertainty-microscopy/no-post-processing-no-weight-iou-entropies/8-2.frame_meta_entropy_histogram.csv,Lysosomes - Airyscan Confocal,8-2.
1.1428666529954346e-05,Correctly Tracked,/root/vast/mustafa/dreem-experiments/paper-plots/uncertainty-microscopy/no-post-processing-no-weight-iou-entropies/8-2.frame_meta_entropy_histogram.csv,Lysosomes - Airyscan Confocal,8-2.
2.5345674782460504e-05,Correctly Tracked,/root/vast/mustafa/dreem-experiments/paper-plots/uncertainty-microscopy/no-post-processing-no-weight-iou-entropies/8-2.frame_meta_entropy_histogram.csv,Lysosomes - Airyscan Confocal,8-2.
1.2549571855238425e-05,Correctly Tracked,/root/vast/mustafa/dreem-experiments/paper-plots/uncertainty-microscopy/no-post-processing-no-weight-iou-entropies/8-2.frame_meta_entropy_histogram.csv,Lysosomes - Airyscan Confocal,8-2.
0.0002445610751808,Correctly Tracked,/root/vast/mustafa/dreem-experiments/paper-plots/uncertainty-microscopy/no-post-processing-no-weight-iou-entropies/8-2.frame_meta_entropy_histogram.csv,Lysosomes - Airyscan Confocal,8-2.
0.00043147204376,Correctly Tracked,/root/vast/mustafa/dreem-experiments/paper-plots/uncertainty-microscopy/no-post-processing-no-weight-iou-entropies/8-2.frame_meta_entropy_histogram.csv,Lysosomes - Airyscan Confocal,8-2.
0.0001050678251358,Correctly Tracked,/root/vast/mustafa/dreem-experiments/paper-plots/uncertainty-microscopy/no-post-processing-no-weight-iou-entropies/8-2.frame_meta_entropy_histogram.csv,Lysosomes - Airyscan Confocal,8-2.
6.19133753487664e-05,Correctly Tracked,/root/vast/mustafa/dreem-experiments/paper-plots/uncertainty-microscopy/no-post-processing-no-weight-iou-entropies/8-2.frame_meta_entropy_histogram.csv,Lysosomes - Airyscan Confocal,8-2.
0.0001133128909935,Correctly Tracked,/root/vast/mustafa/dreem-experiments/paper-plots/uncertainty-microscopy/no-post-processing-no-weight-iou-entropies/8-2.frame_meta_entropy_histogram.csv,Lysosomes - Airyscan Confocal,8-2.
2.5102092539796465e-05,Correctly Tracked,/root/vast/mustafa/dreem-experiments/paper-plots/uncertainty-microscopy/no-post-processing-no-weight-iou-entropies/8-2.frame_meta_entropy_histogram.csv,Lysosomes - Airyscan Confocal,8-2.
3.0459059067045032e-05,Correctly Tracked,/root/vast/mustafa/dreem-experiments/paper-plots/uncertainty-microscopy/no-post-processing-no-weight-iou-entropies/8-2.frame_meta_entropy_histogram.csv,Lysosomes - Airyscan Confocal,8-2.
1.857320560889136e-05,Correctly Tracked,/root/vast/mustafa/dreem-experiments/paper-plots/uncertainty-microscopy/no-post-processing-no-weight-iou-entropies/8-2.frame_meta_entropy_histogram.csv,Lysosomes - Airyscan Confocal,8-2.
2.898986653394893e-05,Correctly Tracked,/root/vast/mustafa/dreem-experiments/paper-plots/uncertainty-microscopy/no-post-processing-no-weight-iou-entropies/8-2.frame_meta_entropy_histogram.csv,Lysosomes - Airyscan Confocal,8-2.
2.0807608588277056e-05,Correctly Tracked,/root/vast/mustafa/dreem-experiments/paper-plots/uncertainty-microscopy/no-post-processing-no-weight-iou-entropies/8-2.frame_meta_entropy_histogram.csv,Lysosomes - Airyscan Confocal,8-2.
1.455807728930024e-05,Correctly Tracked,/root/vast/mustafa/dreem-experiments/paper-plots/uncertainty-microscopy/no-post-processing-no-weight-iou-entropies/8-2.frame_meta_entropy_histogram.csv,Lysosomes - Airyscan Confocal,8-2.
3.891578828389681e-05,Correctly Tracked,/root/vast/mustafa/dreem-experiments/paper-plots/uncertainty-microscopy/no-post-processing-no-weight-iou-entropies/8-2.frame_meta_entropy_histogram.csv,Lysosomes - Airyscan Confocal,8-2.
3.2863833516480805e-05,Correctly Tracked,/root/vast/mustafa/dreem-experiments/paper-plots/uncertainty-microscopy/no-post-processing-no-weight-iou-entropies/8-2.frame_meta_entropy_histogram.csv,Lysosomes - Airyscan Confocal,8-2.
2.171031296177585e-05,Correctly Tracked,/root/vast/mustafa/dreem-experiments/paper-plots/uncertainty-microscopy/no-post-processing-no-weight-iou-entropies/8-2.frame_meta_entropy_histogram.csv,Lysosomes - Airyscan Confocal,8-2.
1.8803475898871677e-05,Correctly Tracked,/root/vast/mustafa/dreem-experiments/paper-plots/uncertainty-microscopy/no-post-processing-no-weight-iou-entropies/8-2.frame_meta_entropy_histogram.csv,Lysosomes - Airyscan Confocal,8-2.
1.2469595829059075e-05,Correctly Tracked,/root/vast/mustafa/dreem-experiments/paper-plots/uncertainty-microscopy/no-post-processing-no-weight-iou-entropies/8-2.frame_meta_entropy_histogram.csv,Lysosomes - Airyscan Confocal,8-2.
1.2092899854562064e-05,Correctly Tracked,/root/vast/mustafa/dreem-experiments/paper-plots/uncertainty-microscopy/no-post-processing-no-weight-iou-entropies/8-2.frame_meta_entropy_histogram.csv,Lysosomes - Airyscan Confocal,8-2.
1.540178024067409e-05,Correctly Tracked,/root/vast/mustafa/dreem-experiments/paper-plots/uncertainty-microscopy/no-post-processing-no-weight-iou-entropies/8-2.frame_meta_entropy_histogram.csv,Lysosomes - Airyscan Confocal,8-2.
9.797829803250448e-06,Correctly Tracked,/root/vast/mustafa/dreem-experiments/paper-plots/uncertainty-microscopy/no-post-processing-no-weight-iou-entropies/8-2.frame_meta_entropy_histogram.csv,Lysosomes - Airyscan Confocal,8-2.
1.926751334998505e-05,Correctly Tracked,/root/vast/mustafa/dreem-experiments/paper-plots/uncertainty-microscopy/no-post-processing-no-weight-iou-entropies/8-2.frame_meta_entropy_histogram.csv,Lysosomes - Airyscan Confocal,8-2.
1.5465717350728157e-05,Correctly Tracked,/root/vast/mustafa/dreem-experiments/paper-plots/uncertainty-microscopy/no-post-processing-no-weight-iou-entropies/8-2.frame_meta_entropy_histogram.csv,Lysosomes - Airyscan Confocal,8-2.
1.9213156209859837e-05,Correctly Tracked,/root/vast/mustafa/dreem-experiments/paper-plots/uncertainty-microscopy/no-post-processing-no-weight-iou-entropies/8-2.frame_meta_entropy_histogram.csv,Lysosomes - Airyscan Confocal,8-2.
1.0849425221657238e-05,Correctly Tracked,/root/vast/mustafa/dreem-experiments/paper-plots/uncertainty-microscopy/no-post-processing-no-weight-iou-entropies/8-2.frame_meta_entropy_histogram.csv,Lysosomes - Airyscan Confocal,8-2.
1.7541617028824594e-05,Correctly Tracked,/root/vast/mustafa/dreem-experiments/paper-plots/uncertainty-microscopy/no-post-processing-no-weight-iou-entropies/8-2.frame_meta_entropy_histogram.csv,Lysosomes - Airyscan Confocal,8-2.
1.544747467726183e-05,Correctly Tracked,/root/vast/mustafa/dreem-experiments/paper-plots/uncertainty-microscopy/no-post-processing-no-weight-iou-entropies/8-2.frame_meta_entropy_histogram.csv,Lysosomes - Airyscan Confocal,8-2.
1.2250341014352993e-05,Correctly Tracked,/root/vast/mustafa/dreem-experiments/paper-plots/uncertainty-microscopy/no-post-processing-no-weight-iou-entropies/8-2.frame_meta_entropy_histogram.csv,Lysosomes - Airyscan Confocal,8-2.
1.9153619991625836e-05,Correctly Tracked,/root/vast/mustafa/dreem-experiments/paper-plots/uncertainty-microscopy/no-post-processing-no-weight-iou-entropies/8-2.frame_meta_entropy_histogram.csv,Lysosomes - Airyscan Confocal,8-2.
2.402338560780514e-05,Correctly Tracked,/root/vast/mustafa/dreem-experiments/paper-plots/uncertainty-microscopy/no-post-processing-no-weight-iou-entropies/8-2.frame_meta_entropy_histogram.csv,Lysosomes - Airyscan Confocal,8-2.
0.0005127383226746,Correctly Tracked,/root/vast/mustafa/dreem-experiments/paper-plots/uncertainty-microscopy/no-post-processing-no-weight-iou-entropies/8-2.frame_meta_entropy_histogram.csv,Lysosomes - Airyscan Confocal,8-2.
3.211874498075903e-05,Correctly Tracked,/root/vast/mustafa/dreem-experiments/paper-plots/uncertainty-microscopy/no-post-processing-no-weight-iou-entropies/8-2.frame_meta_entropy_histogram.csv,Lysosomes - Airyscan Confocal,8-2.
2.191670452270085e-05,Correctly Tracked,/root/vast/mustafa/dreem-experiments/paper-plots/uncertainty-microscopy/no-post-processing-no-weight-iou-entropies/8-2.frame_meta_entropy_histogram.csv,Lysosomes - Airyscan Confocal,8-2.
2.041035607789139e-05,Correctly Tracked,/root/vast/mustafa/dreem-experiments/paper-plots/uncertainty-microscopy/no-post-processing-no-weight-iou-entropies/8-2.frame_meta_entropy_histogram.csv,Lysosomes - Airyscan Confocal,8-2.
2.1742846115791085e-05,Correctly Tracked,/root/vast/mustafa/dreem-experiments/paper-plots/uncertainty-microscopy/no-post-processing-no-weight-iou-entropies/8-2.frame_meta_entropy_histogram.csv,Lysosomes - Airyscan Confocal,8-2.
2.919517194550074e-05,Correctly Tracked,/root/vast/mustafa/dreem-experiments/paper-plots/uncertainty-microscopy/no-post-processing-no-weight-iou-entropies/8-2.frame_meta_entropy_histogram.csv,Lysosomes - Airyscan Confocal,8-2.
3.688921568221251e-05,Correctly Tracked,/root/vast/mustafa/dreem-experiments/paper-plots/uncertainty-microscopy/no-post-processing-no-weight-iou-entropies/8-2.frame_meta_entropy_histogram.csv,Lysosomes - Airyscan Confocal,8-2.
3.9492361406652896e-05,Correctly Tracked,/root/vast/mustafa/dreem-experiments/paper-plots/uncertainty-microscopy/no-post-processing-no-weight-iou-entropies/8-2.frame_meta_entropy_histogram.csv,Lysosomes - Airyscan Confocal,8-2.
0.0582341336762163,Correctly Tracked,/root/vast/mustafa/dreem-experiments/paper-plots/uncertainty-microscopy/no-post-processing-no-weight-iou-entropies/8-2.frame_meta_entropy_histogram.csv,Lysosomes - Airyscan Confocal,8-2.
4.5801448792449815e-05,Correctly Tracked,/root/vast/mustafa/dreem-experiments/paper-plots/uncertainty-microscopy/no-post-processing-no-weight-iou-entropies/8-2.frame_meta_entropy_histogram.csv,Lysosomes - Airyscan Confocal,8-2.
3.559378718024223e-05,Correctly Tracked,/root/vast/mustafa/dreem-experiments/paper-plots/uncertainty-microscopy/no-post-processing-no-weight-iou-entropies/8-2.frame_meta_entropy_histogram.csv,Lysosomes - Airyscan Confocal,8-2.
6.16340362739932e-05,Correctly Tracked,/root/vast/mustafa/dreem-experiments/paper-plots/uncertainty-microscopy/no-post-processing-no-weight-iou-entropies/8-2.frame_meta_entropy_histogram.csv,Lysosomes - Airyscan Confocal,8-2.
2.3437234170835703e-05,Correctly Tracked,/root/vast/mustafa/dreem-experiments/paper-plots/uncertainty-microscopy/no-post-processing-no-weight-iou-entropies/8-2.frame_meta_entropy_histogram.csv,Lysosomes - Airyscan Confocal,8-2.
2.592623486815968e-05,Correctly Tracked,/root/vast/mustafa/dreem-experiments/paper-plots/uncertainty-microscopy/no-post-processing-no-weight-iou-entropies/8-2.frame_meta_entropy_histogram.csv,Lysosomes - Airyscan Confocal,8-2.
7.404805470059772e-05,Correctly Tracked,/root/vast/mustafa/dreem-experiments/paper-plots/uncertainty-microscopy/no-post-processing-no-weight-iou-entropies/8-2.frame_meta_entropy_histogram.csv,Lysosomes - Airyscan Confocal,8-2.
3.056308767240802e-05,Correctly Tracked,/root/vast/mustafa/dreem-experiments/paper-plots/uncertainty-microscopy/no-post-processing-no-weight-iou-entropies/8-2.frame_meta_entropy_histogram.csv,Lysosomes - Airyscan Confocal,8-2.
3.476163450025167e-05,Correctly Tracked,/root/vast/mustafa/dreem-experiments/paper-plots/uncertainty-microscopy/no-post-processing-no-weight-iou-entropies/8-2.frame_meta_entropy_histogram.csv,Lysosomes - Airyscan Confocal,8-2.
2.821095835326226e-05,Correctly Tracked,/root/vast/mustafa/dreem-experiments/paper-plots/uncertainty-microscopy/no-post-processing-no-weight-iou-entropies/8-2.frame_meta_entropy_histogram.csv,Lysosomes - Airyscan Confocal,8-2.
0.0001449621048591,Correctly Tracked,/root/vast/mustafa/dreem-experiments/paper-plots/uncertainty-microscopy/no-post-processing-no-weight-iou-entropies/8-2.frame_meta_entropy_histogram.csv,Lysosomes - Airyscan Confocal,8-2.
0.016468381176929,Correctly Tracked,/root/vast/mustafa/dreem-experiments/paper-plots/uncertainty-microscopy/no-post-processing-no-weight-iou-entropies/8-2.frame_meta_entropy_histogram.csv,Lysosomes - Airyscan Confocal,8-2.
4.234005962304497e-05,Correctly Tracked,/root/vast/mustafa/dreem-experiments/paper-plots/uncertainty-microscopy/no-post-processing-no-weight-iou-entropies/8-2.frame_meta_entropy_histogram.csv,Lysosomes - Airyscan Confocal,8-2.
6.793203367731803e-05,Correctly Tracked,/root/vast/mustafa/dreem-experiments/paper-plots/uncertainty-microscopy/no-post-processing-no-weight-iou-entropies/8-2.frame_meta_entropy_histogram.csv,Lysosomes - Airyscan Confocal,8-2.
0.0001903131063133,Correctly Tracked,/root/vast/mustafa/dreem-experiments/paper-plots/uncertainty-microscopy/no-post-processing-no-weight-iou-entropies/8-2.frame_meta_entropy_histogram.csv,Lysosomes - Airyscan Confocal,8-2.
0.000255485300662,Correctly Tracked,/root/vast/mustafa/dreem-experiments/paper-plots/uncertainty-microscopy/no-post-processing-no-weight-iou-entropies/8-2.frame_meta_entropy_histogram.csv,Lysosomes - Airyscan Confocal,8-2.
0.0004575746504112,Correctly Tracked,/root/vast/mustafa/dreem-experiments/paper-plots/uncertainty-microscopy/no-post-processing-no-weight-iou-entropies/8-2.frame_meta_entropy_histogram.csv,Lysosomes - Airyscan Confocal,8-2.
0.0001773933595191,Correctly Tracked,/root/vast/mustafa/dreem-experiments/paper-plots/uncertainty-microscopy/no-post-processing-no-weight-iou-entropies/8-2.frame_meta_entropy_histogram.csv,Lysosomes - Airyscan Confocal,8-2.
0.0001333259746925,Correctly Tracked,/root/vast/mustafa/dreem-experiments/paper-plots/uncertainty-microscopy/no-post-processing-no-weight-iou-entropies/8-2.frame_meta_entropy_histogram.csv,Lysosomes - Airyscan Confocal,8-2.
0.0002452115197067,Correctly Tracked,/root/vast/mustafa/dreem-experiments/paper-plots/uncertainty-microscopy/no-post-processing-no-weight-iou-entropies/8-2.frame_meta_entropy_histogram.csv,Lysosomes - Airyscan Confocal,8-2.
0.000213579975637,Correctly Tracked,/root/vast/mustafa/dreem-experiments/paper-plots/uncertainty-microscopy/no-post-processing-no-weight-iou-entropies/8-2.frame_meta_entropy_histogram.csv,Lysosomes - Airyscan Confocal,8-2.
0.0251125364620773,Correctly Tracked,/root/vast/mustafa/dreem-experiments/paper-plots/uncertainty-microscopy/no-post-processing-no-weight-iou-entropies/8-2.frame_meta_entropy_histogram.csv,Lysosomes - Airyscan Confocal,8-2.
0.0027485585283065,Correctly Tracked,/root/vast/mustafa/dreem-experiments/paper-plots/uncertainty-microscopy/no-post-processing-no-weight-iou-entropies/8-2.frame_meta_entropy_histogram.csv,Lysosomes - Airyscan Confocal,8-2.
0.0325285210848236,Correctly Tracked,/root/vast/mustafa/dreem-experiments/paper-plots/uncertainty-microscopy/no-post-processing-no-weight-iou-entropies/8-2.frame_meta_entropy_histogram.csv,Lysosomes - Airyscan Confocal,8-2.
0.0545274502543122,Correctly Tracked,/root/vast/mustafa/dreem-experiments/paper-plots/uncertainty-microscopy/no-post-processing-no-weight-iou-entropies/8-2.frame_meta_entropy_histogram.csv,Lysosomes - Airyscan Confocal,8-2.
0.0140912785285828,Correctly Tracked,/root/vast/mustafa/dreem-experiments/paper-plots/uncertainty-microscopy/no-post-processing-no-weight-iou-entropies/8-2.frame_meta_entropy_histogram.csv,Lysosomes - Airyscan Confocal,8-2.
0.0339683096734943,Correctly Tracked,/root/vast/mustafa/dreem-experiments/paper-plots/uncertainty-microscopy/no-post-processing-no-weight-iou-entropies/8-2.frame_meta_entropy_histogram.csv,Lysosomes - Airyscan Confocal,8-2.
0.0096726609626765,Correctly Tracked,/root/vast/mustafa/dreem-experiments/paper-plots/uncertainty-microscopy/no-post-processing-no-weight-iou-entropies/8-2.frame_meta_entropy_histogram.csv,Lysosomes - Airyscan Confocal,8-2.
0.0164853424855409,Correctly Tracked,/root/vast/mustafa/dreem-experiments/paper-plots/uncertainty-microscopy/no-post-processing-no-weight-iou-entropies/8-2.frame_meta_entropy_histogram.csv,Lysosomes - Airyscan Confocal,8-2.
0.0121618906785695,Correctly Tracked,/root/vast/mustafa/dreem-experiments/paper-plots/uncertainty-microscopy/no-post-processing-no-weight-iou-entropies/8-2.frame_meta_entropy_histogram.csv,Lysosomes - Airyscan Confocal,8-2.
0.0042683173812666,Correctly Tracked,/root/vast/mustafa/dreem-experiments/paper-plots/uncertainty-microscopy/no-post-processing-no-weight-iou-entropies/8-2.frame_meta_entropy_histogram.csv,Lysosomes - Airyscan Confocal,8-2.
0.0091233783760885,Correctly Tracked,/root/vast/mustafa/dreem-experiments/paper-plots/uncertainty-microscopy/no-post-processing-no-weight-iou-entropies/8-2.frame_meta_entropy_histogram.csv,Lysosomes - Airyscan Confocal,8-2.
0.0026042856779447,Correctly Tracked,/root/vast/mustafa/dreem-experiments/paper-plots/uncertainty-microscopy/no-post-processing-no-weight-iou-entropies/8-2.frame_meta_entropy_histogram.csv,Lysosomes - Airyscan Confocal,8-2.
0.0005699463929729,Correctly Tracked,/root/vast/mustafa/dreem-experiments/paper-plots/uncertainty-microscopy/no-post-processing-no-weight-iou-entropies/8-2.frame_meta_entropy_histogram.csv,Lysosomes - Airyscan Confocal,8-2.
0.0073348029575169,Correctly Tracked,/root/vast/mustafa/dreem-experiments/paper-plots/uncertainty-microscopy/no-post-processing-no-weight-iou-entropies/8-2.frame_meta_entropy_histogram.csv,Lysosomes - Airyscan Confocal,8-2.
0.0088977415993342,Correctly Tracked,/root/vast/mustafa/dreem-experiments/paper-plots/uncertainty-microscopy/no-post-processing-no-weight-iou-entropies/8-2.frame_meta_entropy_histogram.csv,Lysosomes - Airyscan Confocal,8-2.
0.0005593782125546,Correctly Tracked,/root/vast/mustafa/dreem-experiments/paper-plots/uncertainty-microscopy/no-post-processing-no-weight-iou-entropies/8-2.frame_meta_entropy_histogram.csv,Lysosomes - Airyscan Confocal,8-2.
0.0007476947908799,Correctly Tracked,/root/vast/mustafa/dreem-experiments/paper-plots/uncertainty-microscopy/no-post-processing-no-weight-iou-entropies/8-2.frame_meta_entropy_histogram.csv,Lysosomes - Airyscan Confocal,8-2.
0.0003369938173783,Correctly Tracked,/root/vast/mustafa/dreem-experiments/paper-plots/uncertainty-microscopy/no-post-processing-no-weight-iou-entropies/8-2.frame_meta_entropy_histogram.csv,Lysosomes - Airyscan Confocal,8-2.
0.0003369443313532,Correctly Tracked,/root/vast/mustafa/dreem-experiments/paper-plots/uncertainty-microscopy/no-post-processing-no-weight-iou-entropies/8-2.frame_meta_entropy_histogram.csv,Lysosomes - Airyscan Confocal,8-2.
0.0002001561363221,Correctly Tracked,/root/vast/mustafa/dreem-experiments/paper-plots/uncertainty-microscopy/no-post-processing-no-weight-iou-entropies/8-2.frame_meta_entropy_histogram.csv,Lysosomes - Airyscan Confocal,8-2.
0.0002737995805126,Correctly Tracked,/root/vast/mustafa/dreem-experiments/paper-plots/uncertainty-microscopy/no-post-processing-no-weight-iou-entropies/8-2.frame_meta_entropy_histogram.csv,Lysosomes - Airyscan Confocal,8-2.
8.822846328254004e-05,Correctly Tracked,/root/vast/mustafa/dreem-experiments/paper-plots/uncertainty-microscopy/no-post-processing-no-weight-iou-entropies/8-2.frame_meta_entropy_histogram.csv,Lysosomes - Airyscan Confocal,8-2.
6.50369687516752e-05,Correctly Tracked,/root/vast/mustafa/dreem-experiments/paper-plots/uncertainty-microscopy/no-post-processing-no-weight-iou-entropies/8-2.frame_meta_entropy_histogram.csv,Lysosomes - Airyscan Confocal,8-2.
0.000206503646242,Correctly Tracked,/root/vast/mustafa/dreem-experiments/paper-plots/uncertainty-microscopy/no-post-processing-no-weight-iou-entropies/8-2.frame_meta_entropy_histogram.csv,Lysosomes - Airyscan Confocal,8-2.
4.832676595372463e-05,Correctly Tracked,/root/vast/mustafa/dreem-experiments/paper-plots/uncertainty-microscopy/no-post-processing-no-weight-iou-entropies/8-2.frame_meta_entropy_histogram.csv,Lysosomes - Airyscan Confocal,8-2.
0.000355623424936,Correctly Tracked,/root/vast/mustafa/dreem-experiments/paper-plots/uncertainty-microscopy/no-post-processing-no-weight-iou-entropies/8-2.frame_meta_entropy_histogram.csv,Lysosomes - Airyscan Confocal,8-2.
0.0002893308012803,Correctly Tracked,/root/vast/mustafa/dreem-experiments/paper-plots/uncertainty-microscopy/no-post-processing-no-weight-iou-entropies/8-2.frame_meta_entropy_histogram.csv,Lysosomes - Airyscan Confocal,8-2.
0.0006689687239432,Correctly Tracked,/root/vast/mustafa/dreem-experiments/paper-plots/uncertainty-microscopy/no-post-processing-no-weight-iou-entropies/8-2.frame_meta_entropy_histogram.csv,Lysosomes - Airyscan Confocal,8-2.
0.0005041901681589,Correctly Tracked,/root/vast/mustafa/dreem-experiments/paper-plots/uncertainty-microscopy/no-post-processing-no-weight-iou-entropies/8-2.frame_meta_entropy_histogram.csv,Lysosomes - Airyscan Confocal,8-2.
0.0004428385174762,Correctly Tracked,/root/vast/mustafa/dreem-experiments/paper-plots/uncertainty-microscopy/no-post-processing-no-weight-iou-entropies/8-2.frame_meta_entropy_histogram.csv,Lysosomes - Airyscan Confocal,8-2.
0.0001799555329076,Correctly Tracked,/root/vast/mustafa/dreem-experiments/paper-plots/uncertainty-microscopy/no-post-processing-no-weight-iou-entropies/8-2.frame_meta_entropy_histogram.csv,Lysosomes - Airyscan Confocal,8-2.
0.0001743599165142,Correctly Tracked,/root/vast/mustafa/dreem-experiments/paper-plots/uncertainty-microscopy/no-post-processing-no-weight-iou-entropies/8-2.frame_meta_entropy_histogram.csv,Lysosomes - Airyscan Confocal,8-2.
5.809871940715946e-05,Correctly Tracked,/root/vast/mustafa/dreem-experiments/paper-plots/uncertainty-microscopy/no-post-processing-no-weight-iou-entropies/8-2.frame_meta_entropy_histogram.csv,Lysosomes - Airyscan Confocal,8-2.
0.0001337382743454,Correctly Tracked,/root/vast/mustafa/dreem-experiments/paper-plots/uncertainty-microscopy/no-post-processing-no-weight-iou-entropies/8-2.frame_meta_entropy_histogram.csv,Lysosomes - Airyscan Confocal,8-2.
2.578512816971219e-05,Correctly Tracked,/root/vast/mustafa/dreem-experiments/paper-plots/uncertainty-microscopy/no-post-processing-no-weight-iou-entropies/8-2.frame_meta_entropy_histogram.csv,Lysosomes - Airyscan Confocal,8-2.
0.0001548794566256,Correctly Tracked,/root/vast/mustafa/dreem-experiments/paper-plots/uncertainty-microscopy/no-post-processing-no-weight-iou-entropies/8-2.frame_meta_entropy_histogram.csv,Lysosomes - Airyscan Confocal,8-2.
7.99094465473445e-05,Correctly Tracked,/root/vast/mustafa/dreem-experiments/paper-plots/uncertainty-microscopy/no-post-processing-no-weight-iou-entropies/8-2.frame_meta_entropy_histogram.csv,Lysosomes - Airyscan Confocal,8-2.
5.2752116003275005e-05,Correctly Tracked,/root/vast/mustafa/dreem-experiments/paper-plots/uncertainty-microscopy/no-post-processing-no-weight-iou-entropies/8-2.frame_meta_entropy_histogram.csv,Lysosomes - Airyscan Confocal,8-2.
0.0002506688639866,Correctly Tracked,/root/vast/mustafa/dreem-experiments/paper-plots/uncertainty-microscopy/no-post-processing-no-weight-iou-entropies/8-2.frame_meta_entropy_histogram.csv,Lysosomes - Airyscan Confocal,8-2.
0.0006720070811118,Correctly Tracked,/root/vast/mustafa/dreem-experiments/paper-plots/uncertainty-microscopy/no-post-processing-no-weight-iou-entropies/8-2.frame_meta_entropy_histogram.csv,Lysosomes - Airyscan Confocal,8-2.
0.0001772304371132,Correctly Tracked,/root/vast/mustafa/dreem-experiments/paper-plots/uncertainty-microscopy/no-post-processing-no-weight-iou-entropies/8-2.frame_meta_entropy_histogram.csv,Lysosomes - Airyscan Confocal,8-2.
0.0001399071656763,Correctly Tracked,/root/vast/mustafa/dreem-experiments/paper-plots/uncertainty-microscopy/no-post-processing-no-weight-iou-entropies/8-2.frame_meta_entropy_histogram.csv,Lysosomes - Airyscan Confocal,8-2.
8.054414190729082e-05,Correctly Tracked,/root/vast/mustafa/dreem-experiments/paper-plots/uncertainty-microscopy/no-post-processing-no-weight-iou-entropies/8-2.frame_meta_entropy_histogram.csv,Lysosomes - Airyscan Confocal,8-2.
0.0001175016790342,Correctly Tracked,/root/vast/mustafa/dreem-experiments/paper-plots/uncertainty-microscopy/no-post-processing-no-weight-iou-entropies/8-2.frame_meta_entropy_histogram.csv,Lysosomes - Airyscan Confocal,8-2.
5.111002703397924e-05,Correctly Tracked,/root/vast/mustafa/dreem-experiments/paper-plots/uncertainty-microscopy/no-post-processing-no-weight-iou-entropies/8-2.frame_meta_entropy_histogram.csv,Lysosomes - Airyscan Confocal,8-2.
1.901635620887224e-05,Correctly Tracked,/root/vast/mustafa/dreem-experiments/paper-plots/uncertainty-microscopy/no-post-processing-no-weight-iou-entropies/8-2.frame_meta_entropy_histogram.csv,Lysosomes - Airyscan Confocal,8-2.
5.786393232527352e-05,Correctly Tracked,/root/vast/mustafa/dreem-experiments/paper-plots/uncertainty-microscopy/no-post-processing-no-weight-iou-entropies/8-2.frame_meta_entropy_histogram.csv,Lysosomes - Airyscan Confocal,8-2.
0.0001132793660659,Correctly Tracked,/root/vast/mustafa/dreem-experiments/paper-plots/uncertainty-microscopy/no-post-processing-no-weight-iou-entropies/8-2.frame_meta_entropy_histogram.csv,Lysosomes - Airyscan Confocal,8-2.
9.332671598309765e-05,Correctly Tracked,/root/vast/mustafa/dreem-experiments/paper-plots/uncertainty-microscopy/no-post-processing-no-weight-iou-entropies/8-2.frame_meta_entropy_histogram.csv,Lysosomes - Airyscan Confocal,8-2.
2.931700280400495e-05,Correctly Tracked,/root/vast/mustafa/dreem-experiments/paper-plots/uncertainty-microscopy/no-post-processing-no-weight-iou-entropies/8-2.frame_meta_entropy_histogram.csv,Lysosomes - Airyscan Confocal,8-2.
6.134428606010615e-05,Correctly Tracked,/root/vast/mustafa/dreem-experiments/paper-plots/uncertainty-microscopy/no-post-processing-no-weight-iou-entropies/8-2.frame_meta_entropy_histogram.csv,Lysosomes - Airyscan Confocal,8-2.
0.0001791254896092,Correctly Tracked,/root/vast/mustafa/dreem-experiments/paper-plots/uncertainty-microscopy/no-post-processing-no-weight-iou-entropies/8-2.frame_meta_entropy_histogram.csv,Lysosomes - Airyscan Confocal,8-2.
0.0001657418113297,Correctly Tracked,/root/vast/mustafa/dreem-experiments/paper-plots/uncertainty-microscopy/no-post-processing-no-weight-iou-entropies/8-2.frame_meta_entropy_histogram.csv,Lysosomes - Airyscan Confocal,8-2.
3.559394281749998e-05,Correctly Tracked,/root/vast/mustafa/dreem-experiments/paper-plots/uncertainty-microscopy/no-post-processing-no-weight-iou-entropies/8-2.frame_meta_entropy_histogram.csv,Lysosomes - Airyscan Confocal,8-2.
3.056754816998637e-05,Correctly Tracked,/root/vast/mustafa/dreem-experiments/paper-plots/uncertainty-microscopy/no-post-processing-no-weight-iou-entropies/8-2.frame_meta_entropy_histogram.csv,Lysosomes - Airyscan Confocal,8-2.
3.039753599020152e-05,Correctly Tracked,/root/vast/mustafa/dreem-experiments/paper-plots/uncertainty-microscopy/no-post-processing-no-weight-iou-entropies/8-2.frame_meta_entropy_histogram.csv,Lysosomes - Airyscan Confocal,8-2.
0.0,Correctly Tracked,/root/vast/mustafa/dreem-experiments/paper-plots/uncertainty-microscopy/no-post-processing-no-weight-iou-entropies/8-3.frame_meta_entropy_histogram.csv,Lysosomes - Airyscan Confocal,8-3.
0.0,Correctly Tracked,/root/vast/mustafa/dreem-experiments/paper-plots/uncertainty-microscopy/no-post-processing-no-weight-iou-entropies/8-3.frame_meta_entropy_histogram.csv,Lysosomes - Airyscan Confocal,8-3.
0.0,Correctly Tracked,/root/vast/mustafa/dreem-experiments/paper-plots/uncertainty-microscopy/no-post-processing-no-weight-iou-entropies/8-3.frame_meta_entropy_histogram.csv,Lysosomes - Airyscan Confocal,8-3.
0.0,Correctly Tracked,/root/vast/mustafa/dreem-experiments/paper-plots/uncertainty-microscopy/no-post-processing-no-weight-iou-entropies/8-3.frame_meta_entropy_histogram.csv,Lysosomes - Airyscan Confocal,8-3.
0.0,Correctly Tracked,/root/vast/mustafa/dreem-experiments/paper-plots/uncertainty-microscopy/no-post-processing-no-weight-iou-entropies/8-3.frame_meta_entropy_histogram.csv,Lysosomes - Airyscan Confocal,8-3.
0.0,Correctly Tracked,/root/vast/mustafa/dreem-experiments/paper-plots/uncertainty-microscopy/no-post-processing-no-weight-iou-entropies/8-3.frame_meta_entropy_histogram.csv,Lysosomes - Airyscan Confocal,8-3.
0.0,Correctly Tracked,/root/vast/mustafa/dreem-experiments/paper-plots/uncertainty-microscopy/no-post-processing-no-weight-iou-entropies/8-3.frame_meta_entropy_histogram.csv,Lysosomes - Airyscan Confocal,8-3.
0.0,Correctly Tracked,/root/vast/mustafa/dreem-experiments/paper-plots/uncertainty-microscopy/no-post-processing-no-weight-iou-entropies/8-3.frame_meta_entropy_histogram.csv,Lysosomes - Airyscan Confocal,8-3.
0.0,Correctly Tracked,/root/vast/mustafa/dreem-experiments/paper-plots/uncertainty-microscopy/no-post-processing-no-weight-iou-entropies/8-3.frame_meta_entropy_histogram.csv,Lysosomes - Airyscan Confocal,8-3.
0.0,Correctly Tracked,/root/vast/mustafa/dreem-experiments/paper-plots/uncertainty-microscopy/no-post-processing-no-weight-iou-entropies/8-3.frame_meta_entropy_histogram.csv,Lysosomes - Airyscan Confocal,8-3.
0.0,Correctly Tracked,/root/vast/mustafa/dreem-experiments/paper-plots/uncertainty-microscopy/no-post-processing-no-weight-iou-entropies/8-3.frame_meta_entropy_histogram.csv,Lysosomes - Airyscan Confocal,8-3.
0.0,Correctly Tracked,/root/vast/mustafa/dreem-experiments/paper-plots/uncertainty-microscopy/no-post-processing-no-weight-iou-entropies/8-3.frame_meta_entropy_histogram.csv,Lysosomes - Airyscan Confocal,8-3.
0.0,Correctly Tracked,/root/vast/mustafa/dreem-experiments/paper-plots/uncertainty-microscopy/no-post-processing-no-weight-iou-entropies/8-3.frame_meta_entropy_histogram.csv,Lysosomes - Airyscan Confocal,8-3.
0.0,Correctly Tracked,/root/vast/mustafa/dreem-experiments/paper-plots/uncertainty-microscopy/no-post-processing-no-weight-iou-entropies/8-3.frame_meta_entropy_histogram.csv,Lysosomes - Airyscan Confocal,8-3.
0.0,Correctly Tracked,/root/vast/mustafa/dreem-experiments/paper-plots/uncertainty-microscopy/no-post-processing-no-weight-iou-entropies/8-3.frame_meta_entropy_histogram.csv,Lysosomes - Airyscan Confocal,8-3.
0.0,Correctly Tracked,/root/vast/mustafa/dreem-experiments/paper-plots/uncertainty-microscopy/no-post-processing-no-weight-iou-entropies/8-3.frame_meta_entropy_histogram.csv,Lysosomes - Airyscan Confocal,8-3.
0.0,Correctly Tracked,/root/vast/mustafa/dreem-experiments/paper-plots/uncertainty-microscopy/no-post-processing-no-weight-iou-entropies/8-3.frame_meta_entropy_histogram.csv,Lysosomes - Airyscan Confocal,8-3.
0.0,Correctly Tracked,/root/vast/mustafa/dreem-experiments/paper-plots/uncertainty-microscopy/no-post-processing-no-weight-iou-entropies/8-3.frame_meta_entropy_histogram.csv,Lysosomes - Airyscan Confocal,8-3.
0.0,Correctly Tracked,/root/vast/mustafa/dreem-experiments/paper-plots/uncertainty-microscopy/no-post-processing-no-weight-iou-entropies/8-3.frame_meta_entropy_histogram.csv,Lysosomes - Airyscan Confocal,8-3.
0.0,Correctly Tracked,/root/vast/mustafa/dreem-experiments/paper-plots/uncertainty-microscopy/no-post-processing-no-weight-iou-entropies/8-3.frame_meta_entropy_histogram.csv,Lysosomes - Airyscan Confocal,8-3.
0.0,Correctly Tracked,/root/vast/mustafa/dreem-experiments/paper-plots/uncertainty-microscopy/no-post-processing-no-weight-iou-entropies/8-3.frame_meta_entropy_histogram.csv,Lysosomes - Airyscan Confocal,8-3.
0.0,Correctly Tracked,/root/vast/mustafa/dreem-experiments/paper-plots/uncertainty-microscopy/no-post-processing-no-weight-iou-entropies/8-3.frame_meta_entropy_histogram.csv,Lysosomes - Airyscan Confocal,8-3.
0.0,Correctly Tracked,/root/vast/mustafa/dreem-experiments/paper-plots/uncertainty-microscopy/no-post-processing-no-weight-iou-entropies/8-3.frame_meta_entropy_histogram.csv,Lysosomes - Airyscan Confocal,8-3.
0.0,Correctly Tracked,/root/vast/mustafa/dreem-experiments/paper-plots/uncertainty-microscopy/no-post-processing-no-weight-iou-entropies/8-3.frame_meta_entropy_histogram.csv,Lysosomes - Airyscan Confocal,8-3.
0.0,Correctly Tracked,/root/vast/mustafa/dreem-experiments/paper-plots/uncertainty-microscopy/no-post-processing-no-weight-iou-entropies/8-3.frame_meta_entropy_histogram.csv,Lysosomes - Airyscan Confocal,8-3.
0.0,Correctly Tracked,/root/vast/mustafa/dreem-experiments/paper-plots/uncertainty-microscopy/no-post-processing-no-weight-iou-entropies/8-3.frame_meta_entropy_histogram.csv,Lysosomes - Airyscan Confocal,8-3.
0.0,Correctly Tracked,/root/vast/mustafa/dreem-experiments/paper-plots/uncertainty-microscopy/no-post-processing-no-weight-iou-entropies/8-3.frame_meta_entropy_histogram.csv,Lysosomes - Airyscan Confocal,8-3.
0.0,Correctly Tracked,/root/vast/mustafa/dreem-experiments/paper-plots/uncertainty-microscopy/no-post-processing-no-weight-iou-entropies/8-3.frame_meta_entropy_histogram.csv,Lysosomes - Airyscan Confocal,8-3.
0.0,Correctly Tracked,/root/vast/mustafa/dreem-experiments/paper-plots/uncertainty-microscopy/no-post-processing-no-weight-iou-entropies/8-3.frame_meta_entropy_histogram.csv,Lysosomes - Airyscan Confocal,8-3.
0.0,Correctly Tracked,/root/vast/mustafa/dreem-experiments/paper-plots/uncertainty-microscopy/no-post-processing-no-weight-iou-entropies/8-3.frame_meta_entropy_histogram.csv,Lysosomes - Airyscan Confocal,8-3.
0.0,Correctly Tracked,/root/vast/mustafa/dreem-experiments/paper-plots/uncertainty-microscopy/no-post-processing-no-weight-iou-entropies/8-3.frame_meta_entropy_histogram.csv,Lysosomes - Airyscan Confocal,8-3.
0.0,Correctly Tracked,/root/vast/mustafa/dreem-experiments/paper-plots/uncertainty-microscopy/no-post-processing-no-weight-iou-entropies/8-3.frame_meta_entropy_histogram.csv,Lysosomes - Airyscan Confocal,8-3.
0.0,Correctly Tracked,/root/vast/mustafa/dreem-experiments/paper-plots/uncertainty-microscopy/no-post-processing-no-weight-iou-entropies/8-3.frame_meta_entropy_histogram.csv,Lysosomes - Airyscan Confocal,8-3.
0.0,Correctly Tracked,/root/vast/mustafa/dreem-experiments/paper-plots/uncertainty-microscopy/no-post-processing-no-weight-iou-entropies/8-3.frame_meta_entropy_histogram.csv,Lysosomes - Airyscan Confocal,8-3.
0.0,Correctly Tracked,/root/vast/mustafa/dreem-experiments/paper-plots/uncertainty-microscopy/no-post-processing-no-weight-iou-entropies/8-3.frame_meta_entropy_histogram.csv,Lysosomes - Airyscan Confocal,8-3.
0.0,Correctly Tracked,/root/vast/mustafa/dreem-experiments/paper-plots/uncertainty-microscopy/no-post-processing-no-weight-iou-entropies/8-3.frame_meta_entropy_histogram.csv,Lysosomes - Airyscan Confocal,8-3.
0.0,Correctly Tracked,/root/vast/mustafa/dreem-experiments/paper-plots/uncertainty-microscopy/no-post-processing-no-weight-iou-entropies/8-3.frame_meta_entropy_histogram.csv,Lysosomes - Airyscan Confocal,8-3.
0.0,Correctly Tracked,/root/vast/mustafa/dreem-experiments/paper-plots/uncertainty-microscopy/no-post-processing-no-weight-iou-entropies/8-3.frame_meta_entropy_histogram.csv,Lysosomes - Airyscan Confocal,8-3.
0.0,Correctly Tracked,/root/vast/mustafa/dreem-experiments/paper-plots/uncertainty-microscopy/no-post-processing-no-weight-iou-entropies/8-3.frame_meta_entropy_histogram.csv,Lysosomes - Airyscan Confocal,8-3.
0.0,Correctly Tracked,/root/vast/mustafa/dreem-experiments/paper-plots/uncertainty-microscopy/no-post-processing-no-weight-iou-entropies/8-3.frame_meta_entropy_histogram.csv,Lysosomes - Airyscan Confocal,8-3.
0.0,Correctly Tracked,/root/vast/mustafa/dreem-experiments/paper-plots/uncertainty-microscopy/no-post-processing-no-weight-iou-entropies/8-3.frame_meta_entropy_histogram.csv,Lysosomes - Airyscan Confocal,8-3.
0.0,Correctly Tracked,/root/vast/mustafa/dreem-experiments/paper-plots/uncertainty-microscopy/no-post-processing-no-weight-iou-entropies/8-3.frame_meta_entropy_histogram.csv,Lysosomes - Airyscan Confocal,8-3.
0.0,Correctly Tracked,/root/vast/mustafa/dreem-experiments/paper-plots/uncertainty-microscopy/no-post-processing-no-weight-iou-entropies/8-3.frame_meta_entropy_histogram.csv,Lysosomes - Airyscan Confocal,8-3.
0.0,Correctly Tracked,/root/vast/mustafa/dreem-experiments/paper-plots/uncertainty-microscopy/no-post-processing-no-weight-iou-entropies/8-3.frame_meta_entropy_histogram.csv,Lysosomes - Airyscan Confocal,8-3.
0.0,Correctly Tracked,/root/vast/mustafa/dreem-experiments/paper-plots/uncertainty-microscopy/no-post-processing-no-weight-iou-entropies/8-3.frame_meta_entropy_histogram.csv,Lysosomes - Airyscan Confocal,8-3.
0.0,Correctly Tracked,/root/vast/mustafa/dreem-experiments/paper-plots/uncertainty-microscopy/no-post-processing-no-weight-iou-entropies/8-3.frame_meta_entropy_histogram.csv,Lysosomes - Airyscan Confocal,8-3.
0.0,Correctly Tracked,/root/vast/mustafa/dreem-experiments/paper-plots/uncertainty-microscopy/no-post-processing-no-weight-iou-entropies/8-3.frame_meta_entropy_histogram.csv,Lysosomes - Airyscan Confocal,8-3.
0.0,Correctly Tracked,/root/vast/mustafa/dreem-experiments/paper-plots/uncertainty-microscopy/no-post-processing-no-weight-iou-entropies/8-3.frame_meta_entropy_histogram.csv,Lysosomes - Airyscan Confocal,8-3.
0.0,Correctly Tracked,/root/vast/mustafa/dreem-experiments/paper-plots/uncertainty-microscopy/no-post-processing-no-weight-iou-entropies/8-3.frame_meta_entropy_histogram.csv,Lysosomes - Airyscan Confocal,8-3.
0.0,Correctly Tracked,/root/vast/mustafa/dreem-experiments/paper-plots/uncertainty-microscopy/no-post-processing-no-weight-iou-entropies/8-3.frame_meta_entropy_histogram.csv,Lysosomes - Airyscan Confocal,8-3.
0.0,Correctly Tracked,/root/vast/mustafa/dreem-experiments/paper-plots/uncertainty-microscopy/no-post-processing-no-weight-iou-entropies/8-3.frame_meta_entropy_histogram.csv,Lysosomes - Airyscan Confocal,8-3.
0.0,Correctly Tracked,/root/vast/mustafa/dreem-experiments/paper-plots/uncertainty-microscopy/no-post-processing-no-weight-iou-entropies/8-3.frame_meta_entropy_histogram.csv,Lysosomes - Airyscan Confocal,8-3.
0.0,Correctly Tracked,/root/vast/mustafa/dreem-experiments/paper-plots/uncertainty-microscopy/no-post-processing-no-weight-iou-entropies/8-3.frame_meta_entropy_histogram.csv,Lysosomes - Airyscan Confocal,8-3.
0.0,Correctly Tracked,/root/vast/mustafa/dreem-experiments/paper-plots/uncertainty-microscopy/no-post-processing-no-weight-iou-entropies/8-3.frame_meta_entropy_histogram.csv,Lysosomes - Airyscan Confocal,8-3.
0.0,Correctly Tracked,/root/vast/mustafa/dreem-experiments/paper-plots/uncertainty-microscopy/no-post-processing-no-weight-iou-entropies/8-3.frame_meta_entropy_histogram.csv,Lysosomes - Airyscan Confocal,8-3.
0.0,Correctly Tracked,/root/vast/mustafa/dreem-experiments/paper-plots/uncertainty-microscopy/no-post-processing-no-weight-iou-entropies/8-3.frame_meta_entropy_histogram.csv,Lysosomes - Airyscan Confocal,8-3.
0.0,Correctly Tracked,/root/vast/mustafa/dreem-experiments/paper-plots/uncertainty-microscopy/no-post-processing-no-weight-iou-entropies/8-3.frame_meta_entropy_histogram.csv,Lysosomes - Airyscan Confocal,8-3.
0.0,Correctly Tracked,/root/vast/mustafa/dreem-experiments/paper-plots/uncertainty-microscopy/no-post-processing-no-weight-iou-entropies/8-3.frame_meta_entropy_histogram.csv,Lysosomes - Airyscan Confocal,8-3.
0.0,Correctly Tracked,/root/vast/mustafa/dreem-experiments/paper-plots/uncertainty-microscopy/no-post-processing-no-weight-iou-entropies/8-3.frame_meta_entropy_histogram.csv,Lysosomes - Airyscan Confocal,8-3.
0.0,Correctly Tracked,/root/vast/mustafa/dreem-experiments/paper-plots/uncertainty-microscopy/no-post-processing-no-weight-iou-entropies/8-3.frame_meta_entropy_histogram.csv,Lysosomes - Airyscan Confocal,8-3.
0.0,Correctly Tracked,/root/vast/mustafa/dreem-experiments/paper-plots/uncertainty-microscopy/no-post-processing-no-weight-iou-entropies/8-3.frame_meta_entropy_histogram.csv,Lysosomes - Airyscan Confocal,8-3.
0.0,Correctly Tracked,/root/vast/mustafa/dreem-experiments/paper-plots/uncertainty-microscopy/no-post-processing-no-weight-iou-entropies/8-3.frame_meta_entropy_histogram.csv,Lysosomes - Airyscan Confocal,8-3.
0.0,Correctly Tracked,/root/vast/mustafa/dreem-experiments/paper-plots/uncertainty-microscopy/no-post-processing-no-weight-iou-entropies/8-3.frame_meta_entropy_histogram.csv,Lysosomes - Airyscan Confocal,8-3.
0.0,Correctly Tracked,/root/vast/mustafa/dreem-experiments/paper-plots/uncertainty-microscopy/no-post-processing-no-weight-iou-entropies/8-3.frame_meta_entropy_histogram.csv,Lysosomes - Airyscan Confocal,8-3.
0.0,Correctly Tracked,/root/vast/mustafa/dreem-experiments/paper-plots/uncertainty-microscopy/no-post-processing-no-weight-iou-entropies/8-3.frame_meta_entropy_histogram.csv,Lysosomes - Airyscan Confocal,8-3.
0.0,Correctly Tracked,/root/vast/mustafa/dreem-experiments/paper-plots/uncertainty-microscopy/no-post-processing-no-weight-iou-entropies/8-3.frame_meta_entropy_histogram.csv,Lysosomes - Airyscan Confocal,8-3.
0.0,Correctly Tracked,/root/vast/mustafa/dreem-experiments/paper-plots/uncertainty-microscopy/no-post-processing-no-weight-iou-entropies/8-3.frame_meta_entropy_histogram.csv,Lysosomes - Airyscan Confocal,8-3.
0.0,Correctly Tracked,/root/vast/mustafa/dreem-experiments/paper-plots/uncertainty-microscopy/no-post-processing-no-weight-iou-entropies/8-3.frame_meta_entropy_histogram.csv,Lysosomes - Airyscan Confocal,8-3.
0.0,Correctly Tracked,/root/vast/mustafa/dreem-experiments/paper-plots/uncertainty-microscopy/no-post-processing-no-weight-iou-entropies/8-3.frame_meta_entropy_histogram.csv,Lysosomes - Airyscan Confocal,8-3.
0.0,Correctly Tracked,/root/vast/mustafa/dreem-experiments/paper-plots/uncertainty-microscopy/no-post-processing-no-weight-iou-entropies/8-3.frame_meta_entropy_histogram.csv,Lysosomes - Airyscan Confocal,8-3.
0.0,Correctly Tracked,/root/vast/mustafa/dreem-experiments/paper-plots/uncertainty-microscopy/no-post-processing-no-weight-iou-entropies/8-3.frame_meta_entropy_histogram.csv,Lysosomes - Airyscan Confocal,8-3.
0.0,Correctly Tracked,/root/vast/mustafa/dreem-experiments/paper-plots/uncertainty-microscopy/no-post-processing-no-weight-iou-entropies/8-3.frame_meta_entropy_histogram.csv,Lysosomes - Airyscan Confocal,8-3.
0.0,Correctly Tracked,/root/vast/mustafa/dreem-experiments/paper-plots/uncertainty-microscopy/no-post-processing-no-weight-iou-entropies/8-3.frame_meta_entropy_histogram.csv,Lysosomes - Airyscan Confocal,8-3.
0.0,Correctly Tracked,/root/vast/mustafa/dreem-experiments/paper-plots/uncertainty-microscopy/no-post-processing-no-weight-iou-entropies/8-3.frame_meta_entropy_histogram.csv,Lysosomes - Airyscan Confocal,8-3.
0.0,Correctly Tracked,/root/vast/mustafa/dreem-experiments/paper-plots/uncertainty-microscopy/no-post-processing-no-weight-iou-entropies/8-3.frame_meta_entropy_histogram.csv,Lysosomes - Airyscan Confocal,8-3.
0.0,Correctly Tracked,/root/vast/mustafa/dreem-experiments/paper-plots/uncertainty-microscopy/no-post-processing-no-weight-iou-entropies/8-3.frame_meta_entropy_histogram.csv,Lysosomes - Airyscan Confocal,8-3.
0.0,Correctly Tracked,/root/vast/mustafa/dreem-experiments/paper-plots/uncertainty-microscopy/no-post-processing-no-weight-iou-entropies/8-3.frame_meta_entropy_histogram.csv,Lysosomes - Airyscan Confocal,8-3.
0.0,Correctly Tracked,/root/vast/mustafa/dreem-experiments/paper-plots/uncertainty-microscopy/no-post-processing-no-weight-iou-entropies/8-3.frame_meta_entropy_histogram.csv,Lysosomes - Airyscan Confocal,8-3.
0.0,Correctly Tracked,/root/vast/mustafa/dreem-experiments/paper-plots/uncertainty-microscopy/no-post-processing-no-weight-iou-entropies/8-3.frame_meta_entropy_histogram.csv,Lysosomes - Airyscan Confocal,8-3.
0.0,Correctly Tracked,/root/vast/mustafa/dreem-experiments/paper-plots/uncertainty-microscopy/no-post-processing-no-weight-iou-entropies/8-3.frame_meta_entropy_histogram.csv,Lysosomes - Airyscan Confocal,8-3.
0.0,Correctly Tracked,/root/vast/mustafa/dreem-experiments/paper-plots/uncertainty-microscopy/no-post-processing-no-weight-iou-entropies/8-3.frame_meta_entropy_histogram.csv,Lysosomes - Airyscan Confocal,8-3.
0.0,Correctly Tracked,/root/vast/mustafa/dreem-experiments/paper-plots/uncertainty-microscopy/no-post-processing-no-weight-iou-entropies/8-3.frame_meta_entropy_histogram.csv,Lysosomes - Airyscan Confocal,8-3.
0.0,Correctly Tracked,/root/vast/mustafa/dreem-experiments/paper-plots/uncertainty-microscopy/no-post-processing-no-weight-iou-entropies/8-3.frame_meta_entropy_histogram.csv,Lysosomes - Airyscan Confocal,8-3.
0.0,Correctly Tracked,/root/vast/mustafa/dreem-experiments/paper-plots/uncertainty-microscopy/no-post-processing-no-weight-iou-entropies/8-3.frame_meta_entropy_histogram.csv,Lysosomes - Airyscan Confocal,8-3.
0.0,Correctly Tracked,/root/vast/mustafa/dreem-experiments/paper-plots/uncertainty-microscopy/no-post-processing-no-weight-iou-entropies/8-3.frame_meta_entropy_histogram.csv,Lysosomes - Airyscan Confocal,8-3.
0.0,Correctly Tracked,/root/vast/mustafa/dreem-experiments/paper-plots/uncertainty-microscopy/no-post-processing-no-weight-iou-entropies/8-3.frame_meta_entropy_histogram.csv,Lysosomes - Airyscan Confocal,8-3.
0.0,Correctly Tracked,/root/vast/mustafa/dreem-experiments/paper-plots/uncertainty-microscopy/no-post-processing-no-weight-iou-entropies/8-3.frame_meta_entropy_histogram.csv,Lysosomes - Airyscan Confocal,8-3.
0.0,Correctly Tracked,/root/vast/mustafa/dreem-experiments/paper-plots/uncertainty-microscopy/no-post-processing-no-weight-iou-entropies/8-3.frame_meta_entropy_histogram.csv,Lysosomes - Airyscan Confocal,8-3.
0.0,Correctly Tracked,/root/vast/mustafa/dreem-experiments/paper-plots/uncertainty-microscopy/no-post-processing-no-weight-iou-entropies/8-3.frame_meta_entropy_histogram.csv,Lysosomes - Airyscan Confocal,8-3.
0.0,Correctly Tracked,/root/vast/mustafa/dreem-experiments/paper-plots/uncertainty-microscopy/no-post-processing-no-weight-iou-entropies/8-3.frame_meta_entropy_histogram.csv,Lysosomes - Airyscan Confocal,8-3.
0.0,Correctly Tracked,/root/vast/mustafa/dreem-experiments/paper-plots/uncertainty-microscopy/no-post-processing-no-weight-iou-entropies/8-3.frame_meta_entropy_histogram.csv,Lysosomes - Airyscan Confocal,8-3.
0.0,Correctly Tracked,/root/vast/mustafa/dreem-experiments/paper-plots/uncertainty-microscopy/no-post-processing-no-weight-iou-entropies/8-3.frame_meta_entropy_histogram.csv,Lysosomes - Airyscan Confocal,8-3.
0.0,Correctly Tracked,/root/vast/mustafa/dreem-experiments/paper-plots/uncertainty-microscopy/no-post-processing-no-weight-iou-entropies/8-3.frame_meta_entropy_histogram.csv,Lysosomes - Airyscan Confocal,8-3.
0.0,Correctly Tracked,/root/vast/mustafa/dreem-experiments/paper-plots/uncertainty-microscopy/no-post-processing-no-weight-iou-entropies/8-3.frame_meta_entropy_histogram.csv,Lysosomes - Airyscan Confocal,8-3.
0.0,Correctly Tracked,/root/vast/mustafa/dreem-experiments/paper-plots/uncertainty-microscopy/no-post-processing-no-weight-iou-entropies/8-3.frame_meta_entropy_histogram.csv,Lysosomes - Airyscan Confocal,8-3.
0.0,Correctly Tracked,/root/vast/mustafa/dreem-experiments/paper-plots/uncertainty-microscopy/no-post-processing-no-weight-iou-entropies/8-3.frame_meta_entropy_histogram.csv,Lysosomes - Airyscan Confocal,8-3.
0.0,Correctly Tracked,/root/vast/mustafa/dreem-experiments/paper-plots/uncertainty-microscopy/no-post-processing-no-weight-iou-entropies/8-3.frame_meta_entropy_histogram.csv,Lysosomes - Airyscan Confocal,8-3.
0.0,Correctly Tracked,/root/vast/mustafa/dreem-experiments/paper-plots/uncertainty-microscopy/no-post-processing-no-weight-iou-entropies/8-3.frame_meta_entropy_histogram.csv,Lysosomes - Airyscan Confocal,8-3.
0.0,Correctly Tracked,/root/vast/mustafa/dreem-experiments/paper-plots/uncertainty-microscopy/no-post-processing-no-weight-iou-entropies/8-3.frame_meta_entropy_histogram.csv,Lysosomes - Airyscan Confocal,8-3.
0.0,Correctly Tracked,/root/vast/mustafa/dreem-experiments/paper-plots/uncertainty-microscopy/no-post-processing-no-weight-iou-entropies/8-3.frame_meta_entropy_histogram.csv,Lysosomes - Airyscan Confocal,8-3.
0.0,Correctly Tracked,/root/vast/mustafa/dreem-experiments/paper-plots/uncertainty-microscopy/no-post-processing-no-weight-iou-entropies/8-3.frame_meta_entropy_histogram.csv,Lysosomes - Airyscan Confocal,8-3.
0.0,Correctly Tracked,/root/vast/mustafa/dreem-experiments/paper-plots/uncertainty-microscopy/no-post-processing-no-weight-iou-entropies/8-3.frame_meta_entropy_histogram.csv,Lysosomes - Airyscan Confocal,8-3.
0.0,Correctly Tracked,/root/vast/mustafa/dreem-experiments/paper-plots/uncertainty-microscopy/no-post-processing-no-weight-iou-entropies/8-3.frame_meta_entropy_histogram.csv,Lysosomes - Airyscan Confocal,8-3.
0.0,Correctly Tracked,/root/vast/mustafa/dreem-experiments/paper-plots/uncertainty-microscopy/no-post-processing-no-weight-iou-entropies/8-3.frame_meta_entropy_histogram.csv,Lysosomes - Airyscan Confocal,8-3.
0.0,Correctly Tracked,/root/vast/mustafa/dreem-experiments/paper-plots/uncertainty-microscopy/no-post-processing-no-weight-iou-entropies/8-3.frame_meta_entropy_histogram.csv,Lysosomes - Airyscan Confocal,8-3.
0.0,Correctly Tracked,/root/vast/mustafa/dreem-experiments/paper-plots/uncertainty-microscopy/no-post-processing-no-weight-iou-entropies/8-3.frame_meta_entropy_histogram.csv,Lysosomes - Airyscan Confocal,8-3.
0.0,Correctly Tracked,/root/vast/mustafa/dreem-experiments/paper-plots/uncertainty-microscopy/no-post-processing-no-weight-iou-entropies/8-3.frame_meta_entropy_histogram.csv,Lysosomes - Airyscan Confocal,8-3.
0.0,Correctly Tracked,/root/vast/mustafa/dreem-experiments/paper-plots/uncertainty-microscopy/no-post-processing-no-weight-iou-entropies/8-3.frame_meta_entropy_histogram.csv,Lysosomes - Airyscan Confocal,8-3.
0.0,Correctly Tracked,/root/vast/mustafa/dreem-experiments/paper-plots/uncertainty-microscopy/no-post-processing-no-weight-iou-entropies/8-3.frame_meta_entropy_histogram.csv,Lysosomes - Airyscan Confocal,8-3.
0.0,Correctly Tracked,/root/vast/mustafa/dreem-experiments/paper-plots/uncertainty-microscopy/no-post-processing-no-weight-iou-entropies/8-3.frame_meta_entropy_histogram.csv,Lysosomes - Airyscan Confocal,8-3.
0.0,Correctly Tracked,/root/vast/mustafa/dreem-experiments/paper-plots/uncertainty-microscopy/no-post-processing-no-weight-iou-entropies/8-3.frame_meta_entropy_histogram.csv,Lysosomes - Airyscan Confocal,8-3.
0.0,Correctly Tracked,/root/vast/mustafa/dreem-experiments/paper-plots/uncertainty-microscopy/no-post-processing-no-weight-iou-entropies/8-3.frame_meta_entropy_histogram.csv,Lysosomes - Airyscan Confocal,8-3.
0.0,Correctly Tracked,/root/vast/mustafa/dreem-experiments/paper-plots/uncertainty-microscopy/no-post-processing-no-weight-iou-entropies/8-3.frame_meta_entropy_histogram.csv,Lysosomes - Airyscan Confocal,8-3.
0.0,Correctly Tracked,/root/vast/mustafa/dreem-experiments/paper-plots/uncertainty-microscopy/no-post-processing-no-weight-iou-entropies/8-3.frame_meta_entropy_histogram.csv,Lysosomes - Airyscan Confocal,8-3.
0.0,Correctly Tracked,/root/vast/mustafa/dreem-experiments/paper-plots/uncertainty-microscopy/no-post-processing-no-weight-iou-entropies/8-3.frame_meta_entropy_histogram.csv,Lysosomes - Airyscan Confocal,8-3.
0.0,Correctly Tracked,/root/vast/mustafa/dreem-experiments/paper-plots/uncertainty-microscopy/no-post-processing-no-weight-iou-entropies/8-3.frame_meta_entropy_histogram.csv,Lysosomes - Airyscan Confocal,8-3.
0.0,Correctly Tracked,/root/vast/mustafa/dreem-experiments/paper-plots/uncertainty-microscopy/no-post-processing-no-weight-iou-entropies/8-3.frame_meta_entropy_histogram.csv,Lysosomes - Airyscan Confocal,8-3.
0.0,Correctly Tracked,/root/vast/mustafa/dreem-experiments/paper-plots/uncertainty-microscopy/no-post-processing-no-weight-iou-entropies/8-3.frame_meta_entropy_histogram.csv,Lysosomes - Airyscan Confocal,8-3.
0.0,Correctly Tracked,/root/vast/mustafa/dreem-experiments/paper-plots/uncertainty-microscopy/no-post-processing-no-weight-iou-entropies/8-3.frame_meta_entropy_histogram.csv,Lysosomes - Airyscan Confocal,8-3.
0.0,Correctly Tracked,/root/vast/mustafa/dreem-experiments/paper-plots/uncertainty-microscopy/no-post-processing-no-weight-iou-entropies/8-3.frame_meta_entropy_histogram.csv,Lysosomes - Airyscan Confocal,8-3.
0.0,Correctly Tracked,/root/vast/mustafa/dreem-experiments/paper-plots/uncertainty-microscopy/no-post-processing-no-weight-iou-entropies/8-3.frame_meta_entropy_histogram.csv,Lysosomes - Airyscan Confocal,8-3.
0.0,Correctly Tracked,/root/vast/mustafa/dreem-experiments/paper-plots/uncertainty-microscopy/no-post-processing-no-weight-iou-entropies/8-3.frame_meta_entropy_histogram.csv,Lysosomes - Airyscan Confocal,8-3.
0.0,Correctly Tracked,/root/vast/mustafa/dreem-experiments/paper-plots/uncertainty-microscopy/no-post-processing-no-weight-iou-entropies/8-3.frame_meta_entropy_histogram.csv,Lysosomes - Airyscan Confocal,8-3.
0.0,Correctly Tracked,/root/vast/mustafa/dreem-experiments/paper-plots/uncertainty-microscopy/no-post-processing-no-weight-iou-entropies/8-3.frame_meta_entropy_histogram.csv,Lysosomes - Airyscan Confocal,8-3.
0.0,Correctly Tracked,/root/vast/mustafa/dreem-experiments/paper-plots/uncertainty-microscopy/no-post-processing-no-weight-iou-entropies/8-3.frame_meta_entropy_histogram.csv,Lysosomes - Airyscan Confocal,8-3.
0.0,Correctly Tracked,/root/vast/mustafa/dreem-experiments/paper-plots/uncertainty-microscopy/no-post-processing-no-weight-iou-entropies/8-3.frame_meta_entropy_histogram.csv,Lysosomes - Airyscan Confocal,8-3.
0.0,Correctly Tracked,/root/vast/mustafa/dreem-experiments/paper-plots/uncertainty-microscopy/no-post-processing-no-weight-iou-entropies/8-3.frame_meta_entropy_histogram.csv,Lysosomes - Airyscan Confocal,8-3.
0.0,Correctly Tracked,/root/vast/mustafa/dreem-experiments/paper-plots/uncertainty-microscopy/no-post-processing-no-weight-iou-entropies/8-3.frame_meta_entropy_histogram.csv,Lysosomes - Airyscan Confocal,8-3.
0.0,Correctly Tracked,/root/vast/mustafa/dreem-experiments/paper-plots/uncertainty-microscopy/no-post-processing-no-weight-iou-entropies/8-3.frame_meta_entropy_histogram.csv,Lysosomes - Airyscan Confocal,8-3.
0.0,Correctly Tracked,/root/vast/mustafa/dreem-experiments/paper-plots/uncertainty-microscopy/no-post-processing-no-weight-iou-entropies/8-3.frame_meta_entropy_histogram.csv,Lysosomes - Airyscan Confocal,8-3.
0.0,Correctly Tracked,/root/vast/mustafa/dreem-experiments/paper-plots/uncertainty-microscopy/no-post-processing-no-weight-iou-entropies/8-3.frame_meta_entropy_histogram.csv,Lysosomes - Airyscan Confocal,8-3.
0.0,Correctly Tracked,/root/vast/mustafa/dreem-experiments/paper-plots/uncertainty-microscopy/no-post-processing-no-weight-iou-entropies/8-3.frame_meta_entropy_histogram.csv,Lysosomes - Airyscan Confocal,8-3.
0.0,Correctly Tracked,/root/vast/mustafa/dreem-experiments/paper-plots/uncertainty-microscopy/no-post-processing-no-weight-iou-entropies/8-3.frame_meta_entropy_histogram.csv,Lysosomes - Airyscan Confocal,8-3.
0.0,Correctly Tracked,/root/vast/mustafa/dreem-experiments/paper-plots/uncertainty-microscopy/no-post-processing-no-weight-iou-entropies/8-3.frame_meta_entropy_histogram.csv,Lysosomes - Airyscan Confocal,8-3.
0.0,Correctly Tracked,/root/vast/mustafa/dreem-experiments/paper-plots/uncertainty-microscopy/no-post-processing-no-weight-iou-entropies/8-3.frame_meta_entropy_histogram.csv,Lysosomes - Airyscan Confocal,8-3.
0.0,Correctly Tracked,/root/vast/mustafa/dreem-experiments/paper-plots/uncertainty-microscopy/no-post-processing-no-weight-iou-entropies/8-3.frame_meta_entropy_histogram.csv,Lysosomes - Airyscan Confocal,8-3.
0.0,Correctly Tracked,/root/vast/mustafa/dreem-experiments/paper-plots/uncertainty-microscopy/no-post-processing-no-weight-iou-entropies/8-3.frame_meta_entropy_histogram.csv,Lysosomes - Airyscan Confocal,8-3.
0.0,Correctly Tracked,/root/vast/mustafa/dreem-experiments/paper-plots/uncertainty-microscopy/no-post-processing-no-weight-iou-entropies/8-3.frame_meta_entropy_histogram.csv,Lysosomes - Airyscan Confocal,8-3.
0.0,Correctly Tracked,/root/vast/mustafa/dreem-experiments/paper-plots/uncertainty-microscopy/no-post-processing-no-weight-iou-entropies/8-3.frame_meta_entropy_histogram.csv,Lysosomes - Airyscan Confocal,8-3.
0.0,Correctly Tracked,/root/vast/mustafa/dreem-experiments/paper-plots/uncertainty-microscopy/no-post-processing-no-weight-iou-entropies/8-3.frame_meta_entropy_histogram.csv,Lysosomes - Airyscan Confocal,8-3.
0.0,Correctly Tracked,/root/vast/mustafa/dreem-experiments/paper-plots/uncertainty-microscopy/no-post-processing-no-weight-iou-entropies/8-3.frame_meta_entropy_histogram.csv,Lysosomes - Airyscan Confocal,8-3.
0.0,Correctly Tracked,/root/vast/mustafa/dreem-experiments/paper-plots/uncertainty-microscopy/no-post-processing-no-weight-iou-entropies/8-3.frame_meta_entropy_histogram.csv,Lysosomes - Airyscan Confocal,8-3.
0.0,Correctly Tracked,/root/vast/mustafa/dreem-experiments/paper-plots/uncertainty-microscopy/no-post-processing-no-weight-iou-entropies/8-3.frame_meta_entropy_histogram.csv,Lysosomes - Airyscan Confocal,8-3.
0.0,Correctly Tracked,/root/vast/mustafa/dreem-experiments/paper-plots/uncertainty-microscopy/no-post-processing-no-weight-iou-entropies/8-3.frame_meta_entropy_histogram.csv,Lysosomes - Airyscan Confocal,8-3.
0.0,Correctly Tracked,/root/vast/mustafa/dreem-experiments/paper-plots/uncertainty-microscopy/no-post-processing-no-weight-iou-entropies/8-3.frame_meta_entropy_histogram.csv,Lysosomes - Airyscan Confocal,8-3.
0.0,Correctly Tracked,/root/vast/mustafa/dreem-experiments/paper-plots/uncertainty-microscopy/no-post-processing-no-weight-iou-entropies/8-3.frame_meta_entropy_histogram.csv,Lysosomes - Airyscan Confocal,8-3.
0.0,Correctly Tracked,/root/vast/mustafa/dreem-experiments/paper-plots/uncertainty-microscopy/no-post-processing-no-weight-iou-entropies/8-3.frame_meta_entropy_histogram.csv,Lysosomes - Airyscan Confocal,8-3.
0.0,Correctly Tracked,/root/vast/mustafa/dreem-experiments/paper-plots/uncertainty-microscopy/no-post-processing-no-weight-iou-entropies/8-3.frame_meta_entropy_histogram.csv,Lysosomes - Airyscan Confocal,8-3.
0.0,Correctly Tracked,/root/vast/mustafa/dreem-experiments/paper-plots/uncertainty-microscopy/no-post-processing-no-weight-iou-entropies/8-3.frame_meta_entropy_histogram.csv,Lysosomes - Airyscan Confocal,8-3.
0.0,Correctly Tracked,/root/vast/mustafa/dreem-experiments/paper-plots/uncertainty-microscopy/no-post-processing-no-weight-iou-entropies/8-3.frame_meta_entropy_histogram.csv,Lysosomes - Airyscan Confocal,8-3.
0.0,Correctly Tracked,/root/vast/mustafa/dreem-experiments/paper-plots/uncertainty-microscopy/no-post-processing-no-weight-iou-entropies/8-3.frame_meta_entropy_histogram.csv,Lysosomes - Airyscan Confocal,8-3.
0.0,Correctly Tracked,/root/vast/mustafa/dreem-experiments/paper-plots/uncertainty-microscopy/no-post-processing-no-weight-iou-entropies/8-3.frame_meta_entropy_histogram.csv,Lysosomes - Airyscan Confocal,8-3.
0.0,Correctly Tracked,/root/vast/mustafa/dreem-experiments/paper-plots/uncertainty-microscopy/no-post-processing-no-weight-iou-entropies/8-3.frame_meta_entropy_histogram.csv,Lysosomes - Airyscan Confocal,8-3.
0.0,Correctly Tracked,/root/vast/mustafa/dreem-experiments/paper-plots/uncertainty-microscopy/no-post-processing-no-weight-iou-entropies/8-3.frame_meta_entropy_histogram.csv,Lysosomes - Airyscan Confocal,8-3.
0.0,Correctly Tracked,/root/vast/mustafa/dreem-experiments/paper-plots/uncertainty-microscopy/no-post-processing-no-weight-iou-entropies/8-3.frame_meta_entropy_histogram.csv,Lysosomes - Airyscan Confocal,8-3.
0.0,Correctly Tracked,/root/vast/mustafa/dreem-experiments/paper-plots/uncertainty-microscopy/no-post-processing-no-weight-iou-entropies/8-3.frame_meta_entropy_histogram.csv,Lysosomes - Airyscan Confocal,8-3.
0.0,Correctly Tracked,/root/vast/mustafa/dreem-experiments/paper-plots/uncertainty-microscopy/no-post-processing-no-weight-iou-entropies/8-3.frame_meta_entropy_histogram.csv,Lysosomes - Airyscan Confocal,8-3.
0.0,Correctly Tracked,/root/vast/mustafa/dreem-experiments/paper-plots/uncertainty-microscopy/no-post-processing-no-weight-iou-entropies/8-3.frame_meta_entropy_histogram.csv,Lysosomes - Airyscan Confocal,8-3.
0.0,Correctly Tracked,/root/vast/mustafa/dreem-experiments/paper-plots/uncertainty-microscopy/no-post-processing-no-weight-iou-entropies/8-3.frame_meta_entropy_histogram.csv,Lysosomes - Airyscan Confocal,8-3.
0.0,Correctly Tracked,/root/vast/mustafa/dreem-experiments/paper-plots/uncertainty-microscopy/no-post-processing-no-weight-iou-entropies/8-3.frame_meta_entropy_histogram.csv,Lysosomes - Airyscan Confocal,8-3.
0.0,Correctly Tracked,/root/vast/mustafa/dreem-experiments/paper-plots/uncertainty-microscopy/no-post-processing-no-weight-iou-entropies/8-3.frame_meta_entropy_histogram.csv,Lysosomes - Airyscan Confocal,8-3.
0.0,Correctly Tracked,/root/vast/mustafa/dreem-experiments/paper-plots/uncertainty-microscopy/no-post-processing-no-weight-iou-entropies/8-3.frame_meta_entropy_histogram.csv,Lysosomes - Airyscan Confocal,8-3.
0.0,Correctly Tracked,/root/vast/mustafa/dreem-experiments/paper-plots/uncertainty-microscopy/no-post-processing-no-weight-iou-entropies/8-3.frame_meta_entropy_histogram.csv,Lysosomes - Airyscan Confocal,8-3.
0.0,Correctly Tracked,/root/vast/mustafa/dreem-experiments/paper-plots/uncertainty-microscopy/no-post-processing-no-weight-iou-entropies/8-3.frame_meta_entropy_histogram.csv,Lysosomes - Airyscan Confocal,8-3.
0.0,Correctly Tracked,/root/vast/mustafa/dreem-experiments/paper-plots/uncertainty-microscopy/no-post-processing-no-weight-iou-entropies/8-3.frame_meta_entropy_histogram.csv,Lysosomes - Airyscan Confocal,8-3.
0.0,Correctly Tracked,/root/vast/mustafa/dreem-experiments/paper-plots/uncertainty-microscopy/no-post-processing-no-weight-iou-entropies/8-3.frame_meta_entropy_histogram.csv,Lysosomes - Airyscan Confocal,8-3.
0.0,Correctly Tracked,/root/vast/mustafa/dreem-experiments/paper-plots/uncertainty-microscopy/no-post-processing-no-weight-iou-entropies/8-3.frame_meta_entropy_histogram.csv,Lysosomes - Airyscan Confocal,8-3.
0.0,Correctly Tracked,/root/vast/mustafa/dreem-experiments/paper-plots/uncertainty-microscopy/no-post-processing-no-weight-iou-entropies/8-3.frame_meta_entropy_histogram.csv,Lysosomes - Airyscan Confocal,8-3.
0.0,Correctly Tracked,/root/vast/mustafa/dreem-experiments/paper-plots/uncertainty-microscopy/no-post-processing-no-weight-iou-entropies/8-3.frame_meta_entropy_histogram.csv,Lysosomes - Airyscan Confocal,8-3.
0.0,Correctly Tracked,/root/vast/mustafa/dreem-experiments/paper-plots/uncertainty-microscopy/no-post-processing-no-weight-iou-entropies/8-3.frame_meta_entropy_histogram.csv,Lysosomes - Airyscan Confocal,8-3.
0.0,Correctly Tracked,/root/vast/mustafa/dreem-experiments/paper-plots/uncertainty-microscopy/no-post-processing-no-weight-iou-entropies/8-3.frame_meta_entropy_histogram.csv,Lysosomes - Airyscan Confocal,8-3.
0.0,Correctly Tracked,/root/vast/mustafa/dreem-experiments/paper-plots/uncertainty-microscopy/no-post-processing-no-weight-iou-entropies/8-3.frame_meta_entropy_histogram.csv,Lysosomes - Airyscan Confocal,8-3.
0.0,Correctly Tracked,/root/vast/mustafa/dreem-experiments/paper-plots/uncertainty-microscopy/no-post-processing-no-weight-iou-entropies/8-3.frame_meta_entropy_histogram.csv,Lysosomes - Airyscan Confocal,8-3.
0.0,Correctly Tracked,/root/vast/mustafa/dreem-experiments/paper-plots/uncertainty-microscopy/no-post-processing-no-weight-iou-entropies/8-3.frame_meta_entropy_histogram.csv,Lysosomes - Airyscan Confocal,8-3.
0.0,Correctly Tracked,/root/vast/mustafa/dreem-experiments/paper-plots/uncertainty-microscopy/no-post-processing-no-weight-iou-entropies/8-3.frame_meta_entropy_histogram.csv,Lysosomes - Airyscan Confocal,8-3.
0.0,Correctly Tracked,/root/vast/mustafa/dreem-experiments/paper-plots/uncertainty-microscopy/no-post-processing-no-weight-iou-entropies/8-3.frame_meta_entropy_histogram.csv,Lysosomes - Airyscan Confocal,8-3.
0.0,Correctly Tracked,/root/vast/mustafa/dreem-experiments/paper-plots/uncertainty-microscopy/no-post-processing-no-weight-iou-entropies/8-3.frame_meta_entropy_histogram.csv,Lysosomes - Airyscan Confocal,8-3.
0.0,Correctly Tracked,/root/vast/mustafa/dreem-experiments/paper-plots/uncertainty-microscopy/no-post-processing-no-weight-iou-entropies/8-3.frame_meta_entropy_histogram.csv,Lysosomes - Airyscan Confocal,8-3.
0.0,Correctly Tracked,/root/vast/mustafa/dreem-experiments/paper-plots/uncertainty-microscopy/no-post-processing-no-weight-iou-entropies/8-3.frame_meta_entropy_histogram.csv,Lysosomes - Airyscan Confocal,8-3.
0.0,Correctly Tracked,/root/vast/mustafa/dreem-experiments/paper-plots/uncertainty-microscopy/no-post-processing-no-weight-iou-entropies/8-3.frame_meta_entropy_histogram.csv,Lysosomes - Airyscan Confocal,8-3.
0.0,Correctly Tracked,/root/vast/mustafa/dreem-experiments/paper-plots/uncertainty-microscopy/no-post-processing-no-weight-iou-entropies/8-3.frame_meta_entropy_histogram.csv,Lysosomes - Airyscan Confocal,8-3.
0.0,Correctly Tracked,/root/vast/mustafa/dreem-experiments/paper-plots/uncertainty-microscopy/no-post-processing-no-weight-iou-entropies/8-3.frame_meta_entropy_histogram.csv,Lysosomes - Airyscan Confocal,8-3.
0.0,Correctly Tracked,/root/vast/mustafa/dreem-experiments/paper-plots/uncertainty-microscopy/no-post-processing-no-weight-iou-entropies/8-3.frame_meta_entropy_histogram.csv,Lysosomes - Airyscan Confocal,8-3.
0.0,Correctly Tracked,/root/vast/mustafa/dreem-experiments/paper-plots/uncertainty-microscopy/no-post-processing-no-weight-iou-entropies/8-3.frame_meta_entropy_histogram.csv,Lysosomes - Airyscan Confocal,8-3.
0.0,Correctly Tracked,/root/vast/mustafa/dreem-experiments/paper-plots/uncertainty-microscopy/no-post-processing-no-weight-iou-entropies/8-3.frame_meta_entropy_histogram.csv,Lysosomes - Airyscan Confocal,8-3.
0.0,Correctly Tracked,/root/vast/mustafa/dreem-experiments/paper-plots/uncertainty-microscopy/no-post-processing-no-weight-iou-entropies/8-3.frame_meta_entropy_histogram.csv,Lysosomes - Airyscan Confocal,8-3.
0.0,Correctly Tracked,/root/vast/mustafa/dreem-experiments/paper-plots/uncertainty-microscopy/no-post-processing-no-weight-iou-entropies/8-3.frame_meta_entropy_histogram.csv,Lysosomes - Airyscan Confocal,8-3.
0.0,Correctly Tracked,/root/vast/mustafa/dreem-experiments/paper-plots/uncertainty-microscopy/no-post-processing-no-weight-iou-entropies/8-3.frame_meta_entropy_histogram.csv,Lysosomes - Airyscan Confocal,8-3.
0.0,Correctly Tracked,/root/vast/mustafa/dreem-experiments/paper-plots/uncertainty-microscopy/no-post-processing-no-weight-iou-entropies/8-3.frame_meta_entropy_histogram.csv,Lysosomes - Airyscan Confocal,8-3.
0.0,Correctly Tracked,/root/vast/mustafa/dreem-experiments/paper-plots/uncertainty-microscopy/no-post-processing-no-weight-iou-entropies/8-3.frame_meta_entropy_histogram.csv,Lysosomes - Airyscan Confocal,8-3.
0.0,Correctly Tracked,/root/vast/mustafa/dreem-experiments/paper-plots/uncertainty-microscopy/no-post-processing-no-weight-iou-entropies/8-3.frame_meta_entropy_histogram.csv,Lysosomes - Airyscan Confocal,8-3.
0.0,Correctly Tracked,/root/vast/mustafa/dreem-experiments/paper-plots/uncertainty-microscopy/no-post-processing-no-weight-iou-entropies/8-3.frame_meta_entropy_histogram.csv,Lysosomes - Airyscan Confocal,8-3.
0.0,Correctly Tracked,/root/vast/mustafa/dreem-experiments/paper-plots/uncertainty-microscopy/no-post-processing-no-weight-iou-entropies/8-3.frame_meta_entropy_histogram.csv,Lysosomes - Airyscan Confocal,8-3.
0.0,Correctly Tracked,/root/vast/mustafa/dreem-experiments/paper-plots/uncertainty-microscopy/no-post-processing-no-weight-iou-entropies/8-3.frame_meta_entropy_histogram.csv,Lysosomes - Airyscan Confocal,8-3.
0.0,Correctly Tracked,/root/vast/mustafa/dreem-experiments/paper-plots/uncertainty-microscopy/no-post-processing-no-weight-iou-entropies/8-3.frame_meta_entropy_histogram.csv,Lysosomes - Airyscan Confocal,8-3.
0.0,Correctly Tracked,/root/vast/mustafa/dreem-experiments/paper-plots/uncertainty-microscopy/no-post-processing-no-weight-iou-entropies/8-3.frame_meta_entropy_histogram.csv,Lysosomes - Airyscan Confocal,8-3.
0.0,Correctly Tracked,/root/vast/mustafa/dreem-experiments/paper-plots/uncertainty-microscopy/no-post-processing-no-weight-iou-entropies/8-3.frame_meta_entropy_histogram.csv,Lysosomes - Airyscan Confocal,8-3.
0.0,Correctly Tracked,/root/vast/mustafa/dreem-experiments/paper-plots/uncertainty-microscopy/no-post-processing-no-weight-iou-entropies/8-3.frame_meta_entropy_histogram.csv,Lysosomes - Airyscan Confocal,8-3.
0.0,Correctly Tracked,/root/vast/mustafa/dreem-experiments/paper-plots/uncertainty-microscopy/no-post-processing-no-weight-iou-entropies/8-3.frame_meta_entropy_histogram.csv,Lysosomes - Airyscan Confocal,8-3.
0.0171973838766378,ID Switch,/root/vast/mustafa/dreem-experiments/paper-plots/uncertainty-microscopy/no-post-processing-no-weight-iou-entropies/9-1.frame_meta_entropy_histogram.csv,Lysosomes - Airyscan Confocal,9-1.
0.0027863149666373,ID Switch,/root/vast/mustafa/dreem-experiments/paper-plots/uncertainty-microscopy/no-post-processing-no-weight-iou-entropies/9-1.frame_meta_entropy_histogram.csv,Lysosomes - Airyscan Confocal,9-1.
0.0212537366308753,ID Switch,/root/vast/mustafa/dreem-experiments/paper-plots/uncertainty-microscopy/no-post-processing-no-weight-iou-entropies/9-1.frame_meta_entropy_histogram.csv,Lysosomes - Airyscan Confocal,9-1.
0.0010757494982657,ID Switch,/root/vast/mustafa/dreem-experiments/paper-plots/uncertainty-microscopy/no-post-processing-no-weight-iou-entropies/9-1.frame_meta_entropy_histogram.csv,Lysosomes - Airyscan Confocal,9-1.
0.0089789236378484,ID Switch,/root/vast/mustafa/dreem-experiments/paper-plots/uncertainty-microscopy/no-post-processing-no-weight-iou-entropies/9-1.frame_meta_entropy_histogram.csv,Lysosomes - Airyscan Confocal,9-1.
0.0917057411499965,ID Switch,/root/vast/mustafa/dreem-experiments/paper-plots/uncertainty-microscopy/no-post-processing-no-weight-iou-entropies/9-1.frame_meta_entropy_histogram.csv,Lysosomes - Airyscan Confocal,9-1.
0.0078825210420221,ID Switch,/root/vast/mustafa/dreem-experiments/paper-plots/uncertainty-microscopy/no-post-processing-no-weight-iou-entropies/9-1.frame_meta_entropy_histogram.csv,Lysosomes - Airyscan Confocal,9-1.
0.0213018574164295,ID Switch,/root/vast/mustafa/dreem-experiments/paper-plots/uncertainty-microscopy/no-post-processing-no-weight-iou-entropies/9-1.frame_meta_entropy_histogram.csv,Lysosomes - Airyscan Confocal,9-1.
0.0998782143903191,ID Switch,/root/vast/mustafa/dreem-experiments/paper-plots/uncertainty-microscopy/no-post-processing-no-weight-iou-entropies/9-1.frame_meta_entropy_histogram.csv,Lysosomes - Airyscan Confocal,9-1.
0.0780199139911433,ID Switch,/root/vast/mustafa/dreem-experiments/paper-plots/uncertainty-microscopy/no-post-processing-no-weight-iou-entropies/9-1.frame_meta_entropy_histogram.csv,Lysosomes - Airyscan Confocal,9-1.
0.0673338214840878,ID Switch,/root/vast/mustafa/dreem-experiments/paper-plots/uncertainty-microscopy/no-post-processing-no-weight-iou-entropies/9-1.frame_meta_entropy_histogram.csv,Lysosomes - Airyscan Confocal,9-1.
0.0519432979012179,ID Switch,/root/vast/mustafa/dreem-experiments/paper-plots/uncertainty-microscopy/no-post-processing-no-weight-iou-entropies/9-1.frame_meta_entropy_histogram.csv,Lysosomes - Airyscan Confocal,9-1.
0.0757105067657709,ID Switch,/root/vast/mustafa/dreem-experiments/paper-plots/uncertainty-microscopy/no-post-processing-no-weight-iou-entropies/9-1.frame_meta_entropy_histogram.csv,Lysosomes - Airyscan Confocal,9-1.
0.0897330106970464,ID Switch,/root/vast/mustafa/dreem-experiments/paper-plots/uncertainty-microscopy/no-post-processing-no-weight-iou-entropies/9-1.frame_meta_entropy_histogram.csv,Lysosomes - Airyscan Confocal,9-1.
0.0453607388865504,ID Switch,/root/vast/mustafa/dreem-experiments/paper-plots/uncertainty-microscopy/no-post-processing-no-weight-iou-entropies/9-1.frame_meta_entropy_histogram.csv,Lysosomes - Airyscan Confocal,9-1.
0.036513600855774,ID Switch,/root/vast/mustafa/dreem-experiments/paper-plots/uncertainty-microscopy/no-post-processing-no-weight-iou-entropies/9-1.frame_meta_entropy_histogram.csv,Lysosomes - Airyscan Confocal,9-1.
0.0517425278795814,ID Switch,/root/vast/mustafa/dreem-experiments/paper-plots/uncertainty-microscopy/no-post-processing-no-weight-iou-entropies/9-1.frame_meta_entropy_histogram.csv,Lysosomes - Airyscan Confocal,9-1.
0.0927572829964568,ID Switch,/root/vast/mustafa/dreem-experiments/paper-plots/uncertainty-microscopy/no-post-processing-no-weight-iou-entropies/9-1.frame_meta_entropy_histogram.csv,Lysosomes - Airyscan Confocal,9-1.
0.0793571627577254,ID Switch,/root/vast/mustafa/dreem-experiments/paper-plots/uncertainty-microscopy/no-post-processing-no-weight-iou-entropies/9-1.frame_meta_entropy_histogram.csv,Lysosomes - Airyscan Confocal,9-1.
0.0609130084719162,ID Switch,/root/vast/mustafa/dreem-experiments/paper-plots/uncertainty-microscopy/no-post-processing-no-weight-iou-entropies/9-1.frame_meta_entropy_histogram.csv,Lysosomes - Airyscan Confocal,9-1.
0.0099952842102277,ID Switch,/root/vast/mustafa/dreem-experiments/paper-plots/uncertainty-microscopy/no-post-processing-no-weight-iou-entropies/9-1.frame_meta_entropy_histogram.csv,Lysosomes - Airyscan Confocal,9-1.
0.0173651148476035,ID Switch,/root/vast/mustafa/dreem-experiments/paper-plots/uncertainty-microscopy/no-post-processing-no-weight-iou-entropies/9-1.frame_meta_entropy_histogram.csv,Lysosomes - Airyscan Confocal,9-1.
0.0975051683660986,ID Switch,/root/vast/mustafa/dreem-experiments/paper-plots/uncertainty-microscopy/no-post-processing-no-weight-iou-entropies/9-1.frame_meta_entropy_histogram.csv,Lysosomes - Airyscan Confocal,9-1.
0.0758356825138875,ID Switch,/root/vast/mustafa/dreem-experiments/paper-plots/uncertainty-microscopy/no-post-processing-no-weight-iou-entropies/9-1.frame_meta_entropy_histogram.csv,Lysosomes - Airyscan Confocal,9-1.
0.0709782792113445,ID Switch,/root/vast/mustafa/dreem-experiments/paper-plots/uncertainty-microscopy/no-post-processing-no-weight-iou-entropies/9-1.frame_meta_entropy_histogram.csv,Lysosomes - Airyscan Confocal,9-1.
0.06639677741139,ID Switch,/root/vast/mustafa/dreem-experiments/paper-plots/uncertainty-microscopy/no-post-processing-no-weight-iou-entropies/9-1.frame_meta_entropy_histogram.csv,Lysosomes - Airyscan Confocal,9-1.
0.0050133418006463,ID Switch,/root/vast/mustafa/dreem-experiments/paper-plots/uncertainty-microscopy/no-post-processing-no-weight-iou-entropies/9-1.frame_meta_entropy_histogram.csv,Lysosomes - Airyscan Confocal,9-1.
0.0898647041071616,ID Switch,/root/vast/mustafa/dreem-experiments/paper-plots/uncertainty-microscopy/no-post-processing-no-weight-iou-entropies/9-1.frame_meta_entropy_histogram.csv,Lysosomes - Airyscan Confocal,9-1.
0.1118620640314923,ID Switch,/root/vast/mustafa/dreem-experiments/paper-plots/uncertainty-microscopy/no-post-processing-no-weight-iou-entropies/9-1.frame_meta_entropy_histogram.csv,Lysosomes - Airyscan Confocal,9-1.
0.0165927670800224,ID Switch,/root/vast/mustafa/dreem-experiments/paper-plots/uncertainty-microscopy/no-post-processing-no-weight-iou-entropies/9-1.frame_meta_entropy_histogram.csv,Lysosomes - Airyscan Confocal,9-1.
0.0378897145565514,ID Switch,/root/vast/mustafa/dreem-experiments/paper-plots/uncertainty-microscopy/no-post-processing-no-weight-iou-entropies/9-1.frame_meta_entropy_histogram.csv,Lysosomes - Airyscan Confocal,9-1.
0.0585559577158253,ID Switch,/root/vast/mustafa/dreem-experiments/paper-plots/uncertainty-microscopy/no-post-processing-no-weight-iou-entropies/9-1.frame_meta_entropy_histogram.csv,Lysosomes - Airyscan Confocal,9-1.
0.0308407907938075,ID Switch,/root/vast/mustafa/dreem-experiments/paper-plots/uncertainty-microscopy/no-post-processing-no-weight-iou-entropies/9-1.frame_meta_entropy_histogram.csv,Lysosomes - Airyscan Confocal,9-1.
0.065219370448717,ID Switch,/root/vast/mustafa/dreem-experiments/paper-plots/uncertainty-microscopy/no-post-processing-no-weight-iou-entropies/9-1.frame_meta_entropy_histogram.csv,Lysosomes - Airyscan Confocal,9-1.
0.026291855610444,ID Switch,/root/vast/mustafa/dreem-experiments/paper-plots/uncertainty-microscopy/no-post-processing-no-weight-iou-entropies/9-1.frame_meta_entropy_histogram.csv,Lysosomes - Airyscan Confocal,9-1.
0.0473535718916705,ID Switch,/root/vast/mustafa/dreem-experiments/paper-plots/uncertainty-microscopy/no-post-processing-no-weight-iou-entropies/9-1.frame_meta_entropy_histogram.csv,Lysosomes - Airyscan Confocal,9-1.
0.0705284400145484,ID Switch,/root/vast/mustafa/dreem-experiments/paper-plots/uncertainty-microscopy/no-post-processing-no-weight-iou-entropies/9-1.frame_meta_entropy_histogram.csv,Lysosomes - Airyscan Confocal,9-1.
0.0002556451005128,ID Switch,/root/vast/mustafa/dreem-experiments/paper-plots/uncertainty-microscopy/no-post-processing-no-weight-iou-entropies/9-1.frame_meta_entropy_histogram.csv,Lysosomes - Airyscan Confocal,9-1.
0.0154242905676839,ID Switch,/root/vast/mustafa/dreem-experiments/paper-plots/uncertainty-microscopy/no-post-processing-no-weight-iou-entropies/9-1.frame_meta_entropy_histogram.csv,Lysosomes - Airyscan Confocal,9-1.
0.4004260629959692,Correctly Tracked,/root/vast/mustafa/dreem-experiments/paper-plots/uncertainty-microscopy/no-post-processing-no-weight-iou-entropies/9-1.frame_meta_entropy_histogram.csv,Lysosomes - Airyscan Confocal,9-1.
0.0003495828775635,Correctly Tracked,/root/vast/mustafa/dreem-experiments/paper-plots/uncertainty-microscopy/no-post-processing-no-weight-iou-entropies/9-1.frame_meta_entropy_histogram.csv,Lysosomes - Airyscan Confocal,9-1.
0.0016774177247197,Correctly Tracked,/root/vast/mustafa/dreem-experiments/paper-plots/uncertainty-microscopy/no-post-processing-no-weight-iou-entropies/9-1.frame_meta_entropy_histogram.csv,Lysosomes - Airyscan Confocal,9-1.
0.00089373688725,Correctly Tracked,/root/vast/mustafa/dreem-experiments/paper-plots/uncertainty-microscopy/no-post-processing-no-weight-iou-entropies/9-1.frame_meta_entropy_histogram.csv,Lysosomes - Airyscan Confocal,9-1.
0.0044775922139671,Correctly Tracked,/root/vast/mustafa/dreem-experiments/paper-plots/uncertainty-microscopy/no-post-processing-no-weight-iou-entropies/9-1.frame_meta_entropy_histogram.csv,Lysosomes - Airyscan Confocal,9-1.
0.0413898051063897,Correctly Tracked,/root/vast/mustafa/dreem-experiments/paper-plots/uncertainty-microscopy/no-post-processing-no-weight-iou-entropies/9-1.frame_meta_entropy_histogram.csv,Lysosomes - Airyscan Confocal,9-1.
0.0020769586607738,Correctly Tracked,/root/vast/mustafa/dreem-experiments/paper-plots/uncertainty-microscopy/no-post-processing-no-weight-iou-entropies/9-1.frame_meta_entropy_histogram.csv,Lysosomes - Airyscan Confocal,9-1.
0.0292163093378563,Correctly Tracked,/root/vast/mustafa/dreem-experiments/paper-plots/uncertainty-microscopy/no-post-processing-no-weight-iou-entropies/9-1.frame_meta_entropy_histogram.csv,Lysosomes - Airyscan Confocal,9-1.
0.0031789342010876,Correctly Tracked,/root/vast/mustafa/dreem-experiments/paper-plots/uncertainty-microscopy/no-post-processing-no-weight-iou-entropies/9-1.frame_meta_entropy_histogram.csv,Lysosomes - Airyscan Confocal,9-1.
0.010275390617164,Correctly Tracked,/root/vast/mustafa/dreem-experiments/paper-plots/uncertainty-microscopy/no-post-processing-no-weight-iou-entropies/9-1.frame_meta_entropy_histogram.csv,Lysosomes - Airyscan Confocal,9-1.
0.033126014697127,Correctly Tracked,/root/vast/mustafa/dreem-experiments/paper-plots/uncertainty-microscopy/no-post-processing-no-weight-iou-entropies/9-1.frame_meta_entropy_histogram.csv,Lysosomes - Airyscan Confocal,9-1.
0.0001548860668273,Correctly Tracked,/root/vast/mustafa/dreem-experiments/paper-plots/uncertainty-microscopy/no-post-processing-no-weight-iou-entropies/9-1.frame_meta_entropy_histogram.csv,Lysosomes - Airyscan Confocal,9-1.
0.0566506744588969,Correctly Tracked,/root/vast/mustafa/dreem-experiments/paper-plots/uncertainty-microscopy/no-post-processing-no-weight-iou-entropies/9-1.frame_meta_entropy_histogram.csv,Lysosomes - Airyscan Confocal,9-1.
0.010031023486806,Correctly Tracked,/root/vast/mustafa/dreem-experiments/paper-plots/uncertainty-microscopy/no-post-processing-no-weight-iou-entropies/9-1.frame_meta_entropy_histogram.csv,Lysosomes - Airyscan Confocal,9-1.
0.0060063388807756,Correctly Tracked,/root/vast/mustafa/dreem-experiments/paper-plots/uncertainty-microscopy/no-post-processing-no-weight-iou-entropies/9-1.frame_meta_entropy_histogram.csv,Lysosomes - Airyscan Confocal,9-1.
0.0122465868645438,Correctly Tracked,/root/vast/mustafa/dreem-experiments/paper-plots/uncertainty-microscopy/no-post-processing-no-weight-iou-entropies/9-1.frame_meta_entropy_histogram.csv,Lysosomes - Airyscan Confocal,9-1.
0.0342023737950433,Correctly Tracked,/root/vast/mustafa/dreem-experiments/paper-plots/uncertainty-microscopy/no-post-processing-no-weight-iou-entropies/9-1.frame_meta_entropy_histogram.csv,Lysosomes - Airyscan Confocal,9-1.
0.0324894676237015,Correctly Tracked,/root/vast/mustafa/dreem-experiments/paper-plots/uncertainty-microscopy/no-post-processing-no-weight-iou-entropies/9-1.frame_meta_entropy_histogram.csv,Lysosomes - Airyscan Confocal,9-1.
0.047338670935134,Correctly Tracked,/root/vast/mustafa/dreem-experiments/paper-plots/uncertainty-microscopy/no-post-processing-no-weight-iou-entropies/9-1.frame_meta_entropy_histogram.csv,Lysosomes - Airyscan Confocal,9-1.
0.0614601257023428,Correctly Tracked,/root/vast/mustafa/dreem-experiments/paper-plots/uncertainty-microscopy/no-post-processing-no-weight-iou-entropies/9-1.frame_meta_entropy_histogram.csv,Lysosomes - Airyscan Confocal,9-1.
0.0189787050107514,Correctly Tracked,/root/vast/mustafa/dreem-experiments/paper-plots/uncertainty-microscopy/no-post-processing-no-weight-iou-entropies/9-1.frame_meta_entropy_histogram.csv,Lysosomes - Airyscan Confocal,9-1.
0.0200129331123391,Correctly Tracked,/root/vast/mustafa/dreem-experiments/paper-plots/uncertainty-microscopy/no-post-processing-no-weight-iou-entropies/9-1.frame_meta_entropy_histogram.csv,Lysosomes - Airyscan Confocal,9-1.
3.5510589615614075e-05,Correctly Tracked,/root/vast/mustafa/dreem-experiments/paper-plots/uncertainty-microscopy/no-post-processing-no-weight-iou-entropies/9-1.frame_meta_entropy_histogram.csv,Lysosomes - Airyscan Confocal,9-1.
0.084257721467229,Correctly Tracked,/root/vast/mustafa/dreem-experiments/paper-plots/uncertainty-microscopy/no-post-processing-no-weight-iou-entropies/9-1.frame_meta_entropy_histogram.csv,Lysosomes - Airyscan Confocal,9-1.
0.1172530960894086,Correctly Tracked,/root/vast/mustafa/dreem-experiments/paper-plots/uncertainty-microscopy/no-post-processing-no-weight-iou-entropies/9-1.frame_meta_entropy_histogram.csv,Lysosomes - Airyscan Confocal,9-1.
0.0495911064670903,Correctly Tracked,/root/vast/mustafa/dreem-experiments/paper-plots/uncertainty-microscopy/no-post-processing-no-weight-iou-entropies/9-1.frame_meta_entropy_histogram.csv,Lysosomes - Airyscan Confocal,9-1.
0.0128235795245712,Correctly Tracked,/root/vast/mustafa/dreem-experiments/paper-plots/uncertainty-microscopy/no-post-processing-no-weight-iou-entropies/9-1.frame_meta_entropy_histogram.csv,Lysosomes - Airyscan Confocal,9-1.
0.0014272824092595,Correctly Tracked,/root/vast/mustafa/dreem-experiments/paper-plots/uncertainty-microscopy/no-post-processing-no-weight-iou-entropies/9-1.frame_meta_entropy_histogram.csv,Lysosomes - Airyscan Confocal,9-1.
0.0017909240798984,Correctly Tracked,/root/vast/mustafa/dreem-experiments/paper-plots/uncertainty-microscopy/no-post-processing-no-weight-iou-entropies/9-1.frame_meta_entropy_histogram.csv,Lysosomes - Airyscan Confocal,9-1.
0.0224663085975781,Correctly Tracked,/root/vast/mustafa/dreem-experiments/paper-plots/uncertainty-microscopy/no-post-processing-no-weight-iou-entropies/9-1.frame_meta_entropy_histogram.csv,Lysosomes - Airyscan Confocal,9-1.
0.0343124003176937,Correctly Tracked,/root/vast/mustafa/dreem-experiments/paper-plots/uncertainty-microscopy/no-post-processing-no-weight-iou-entropies/9-1.frame_meta_entropy_histogram.csv,Lysosomes - Airyscan Confocal,9-1.
0.0119968680925245,Correctly Tracked,/root/vast/mustafa/dreem-experiments/paper-plots/uncertainty-microscopy/no-post-processing-no-weight-iou-entropies/9-1.frame_meta_entropy_histogram.csv,Lysosomes - Airyscan Confocal,9-1.
0.0253043888412421,Correctly Tracked,/root/vast/mustafa/dreem-experiments/paper-plots/uncertainty-microscopy/no-post-processing-no-weight-iou-entropies/9-1.frame_meta_entropy_histogram.csv,Lysosomes - Airyscan Confocal,9-1.
9.924728417545465e-05,Correctly Tracked,/root/vast/mustafa/dreem-experiments/paper-plots/uncertainty-microscopy/no-post-processing-no-weight-iou-entropies/9-1.frame_meta_entropy_histogram.csv,Lysosomes - Airyscan Confocal,9-1.
0.0036820340131363,Correctly Tracked,/root/vast/mustafa/dreem-experiments/paper-plots/uncertainty-microscopy/no-post-processing-no-weight-iou-entropies/9-1.frame_meta_entropy_histogram.csv,Lysosomes - Airyscan Confocal,9-1.
0.0030840469610944,Correctly Tracked,/root/vast/mustafa/dreem-experiments/paper-plots/uncertainty-microscopy/no-post-processing-no-weight-iou-entropies/9-1.frame_meta_entropy_histogram.csv,Lysosomes - Airyscan Confocal,9-1.
0.0165430024167008,Correctly Tracked,/root/vast/mustafa/dreem-experiments/paper-plots/uncertainty-microscopy/no-post-processing-no-weight-iou-entropies/9-1.frame_meta_entropy_histogram.csv,Lysosomes - Airyscan Confocal,9-1.
0.0190549766004775,Correctly Tracked,/root/vast/mustafa/dreem-experiments/paper-plots/uncertainty-microscopy/no-post-processing-no-weight-iou-entropies/9-1.frame_meta_entropy_histogram.csv,Lysosomes - Airyscan Confocal,9-1.
0.0017730773401998,Correctly Tracked,/root/vast/mustafa/dreem-experiments/paper-plots/uncertainty-microscopy/no-post-processing-no-weight-iou-entropies/9-1.frame_meta_entropy_histogram.csv,Lysosomes - Airyscan Confocal,9-1.
0.0315757728822833,Correctly Tracked,/root/vast/mustafa/dreem-experiments/paper-plots/uncertainty-microscopy/no-post-processing-no-weight-iou-entropies/9-1.frame_meta_entropy_histogram.csv,Lysosomes - Airyscan Confocal,9-1.
0.0128607812979755,Correctly Tracked,/root/vast/mustafa/dreem-experiments/paper-plots/uncertainty-microscopy/no-post-processing-no-weight-iou-entropies/9-1.frame_meta_entropy_histogram.csv,Lysosomes - Airyscan Confocal,9-1.
0.018073978080526,Correctly Tracked,/root/vast/mustafa/dreem-experiments/paper-plots/uncertainty-microscopy/no-post-processing-no-weight-iou-entropies/9-1.frame_meta_entropy_histogram.csv,Lysosomes - Airyscan Confocal,9-1.
0.0375111381840846,Correctly Tracked,/root/vast/mustafa/dreem-experiments/paper-plots/uncertainty-microscopy/no-post-processing-no-weight-iou-entropies/9-1.frame_meta_entropy_histogram.csv,Lysosomes - Airyscan Confocal,9-1.
2.717526724825824e-05,Correctly Tracked,/root/vast/mustafa/dreem-experiments/paper-plots/uncertainty-microscopy/no-post-processing-no-weight-iou-entropies/9-1.frame_meta_entropy_histogram.csv,Lysosomes - Airyscan Confocal,9-1.
0.0178130534613798,Correctly Tracked,/root/vast/mustafa/dreem-experiments/paper-plots/uncertainty-microscopy/no-post-processing-no-weight-iou-entropies/9-1.frame_meta_entropy_histogram.csv,Lysosomes - Airyscan Confocal,9-1.
0.0508597173109394,Correctly Tracked,/root/vast/mustafa/dreem-experiments/paper-plots/uncertainty-microscopy/no-post-processing-no-weight-iou-entropies/9-1.frame_meta_entropy_histogram.csv,Lysosomes - Airyscan Confocal,9-1.
0.0085918048858983,Correctly Tracked,/root/vast/mustafa/dreem-experiments/paper-plots/uncertainty-microscopy/no-post-processing-no-weight-iou-entropies/9-1.frame_meta_entropy_histogram.csv,Lysosomes - Airyscan Confocal,9-1.
0.0292193415933275,Correctly Tracked,/root/vast/mustafa/dreem-experiments/paper-plots/uncertainty-microscopy/no-post-processing-no-weight-iou-entropies/9-1.frame_meta_entropy_histogram.csv,Lysosomes - Airyscan Confocal,9-1.
0.0038457978032803,Correctly Tracked,/root/vast/mustafa/dreem-experiments/paper-plots/uncertainty-microscopy/no-post-processing-no-weight-iou-entropies/9-1.frame_meta_entropy_histogram.csv,Lysosomes - Airyscan Confocal,9-1.
0.0097538065204469,Correctly Tracked,/root/vast/mustafa/dreem-experiments/paper-plots/uncertainty-microscopy/no-post-processing-no-weight-iou-entropies/9-1.frame_meta_entropy_histogram.csv,Lysosomes - Airyscan Confocal,9-1.
0.0119329991025815,Correctly Tracked,/root/vast/mustafa/dreem-experiments/paper-plots/uncertainty-microscopy/no-post-processing-no-weight-iou-entropies/9-1.frame_meta_entropy_histogram.csv,Lysosomes - Airyscan Confocal,9-1.
0.0064506884417723,Correctly Tracked,/root/vast/mustafa/dreem-experiments/paper-plots/uncertainty-microscopy/no-post-processing-no-weight-iou-entropies/9-1.frame_meta_entropy_histogram.csv,Lysosomes - Airyscan Confocal,9-1.
0.0091926042464227,Correctly Tracked,/root/vast/mustafa/dreem-experiments/paper-plots/uncertainty-microscopy/no-post-processing-no-weight-iou-entropies/9-1.frame_meta_entropy_histogram.csv,Lysosomes - Airyscan Confocal,9-1.
2.460247124422335e-05,Correctly Tracked,/root/vast/mustafa/dreem-experiments/paper-plots/uncertainty-microscopy/no-post-processing-no-weight-iou-entropies/9-1.frame_meta_entropy_histogram.csv,Lysosomes - Airyscan Confocal,9-1.
0.001233324266381,Correctly Tracked,/root/vast/mustafa/dreem-experiments/paper-plots/uncertainty-microscopy/no-post-processing-no-weight-iou-entropies/9-1.frame_meta_entropy_histogram.csv,Lysosomes - Airyscan Confocal,9-1.
0.0149798289241122,Correctly Tracked,/root/vast/mustafa/dreem-experiments/paper-plots/uncertainty-microscopy/no-post-processing-no-weight-iou-entropies/9-1.frame_meta_entropy_histogram.csv,Lysosomes - Airyscan Confocal,9-1.
0.0012379053403389,Correctly Tracked,/root/vast/mustafa/dreem-experiments/paper-plots/uncertainty-microscopy/no-post-processing-no-weight-iou-entropies/9-1.frame_meta_entropy_histogram.csv,Lysosomes - Airyscan Confocal,9-1.
0.0079958865407389,Correctly Tracked,/root/vast/mustafa/dreem-experiments/paper-plots/uncertainty-microscopy/no-post-processing-no-weight-iou-entropies/9-1.frame_meta_entropy_histogram.csv,Lysosomes - Airyscan Confocal,9-1.
0.0025449469490536,Correctly Tracked,/root/vast/mustafa/dreem-experiments/paper-plots/uncertainty-microscopy/no-post-processing-no-weight-iou-entropies/9-1.frame_meta_entropy_histogram.csv,Lysosomes - Airyscan Confocal,9-1.
0.0008748340253843,Correctly Tracked,/root/vast/mustafa/dreem-experiments/paper-plots/uncertainty-microscopy/no-post-processing-no-weight-iou-entropies/9-1.frame_meta_entropy_histogram.csv,Lysosomes - Airyscan Confocal,9-1.
0.0261778977613441,Correctly Tracked,/root/vast/mustafa/dreem-experiments/paper-plots/uncertainty-microscopy/no-post-processing-no-weight-iou-entropies/9-1.frame_meta_entropy_histogram.csv,Lysosomes - Airyscan Confocal,9-1.
1.2959724281349318e-05,Correctly Tracked,/root/vast/mustafa/dreem-experiments/paper-plots/uncertainty-microscopy/no-post-processing-no-weight-iou-entropies/9-1.frame_meta_entropy_histogram.csv,Lysosomes - Airyscan Confocal,9-1.
0.0151220665326047,Correctly Tracked,/root/vast/mustafa/dreem-experiments/paper-plots/uncertainty-microscopy/no-post-processing-no-weight-iou-entropies/9-1.frame_meta_entropy_histogram.csv,Lysosomes - Airyscan Confocal,9-1.
0.0084795668414714,Correctly Tracked,/root/vast/mustafa/dreem-experiments/paper-plots/uncertainty-microscopy/no-post-processing-no-weight-iou-entropies/9-1.frame_meta_entropy_histogram.csv,Lysosomes - Airyscan Confocal,9-1.
0.1191454741827497,Correctly Tracked,/root/vast/mustafa/dreem-experiments/paper-plots/uncertainty-microscopy/no-post-processing-no-weight-iou-entropies/9-1.frame_meta_entropy_histogram.csv,Lysosomes - Airyscan Confocal,9-1.
0.0985638352898028,Correctly Tracked,/root/vast/mustafa/dreem-experiments/paper-plots/uncertainty-microscopy/no-post-processing-no-weight-iou-entropies/9-1.frame_meta_entropy_histogram.csv,Lysosomes - Airyscan Confocal,9-1.
0.0749845394908582,Correctly Tracked,/root/vast/mustafa/dreem-experiments/paper-plots/uncertainty-microscopy/no-post-processing-no-weight-iou-entropies/9-1.frame_meta_entropy_histogram.csv,Lysosomes - Airyscan Confocal,9-1.
0.0860916527158437,Correctly Tracked,/root/vast/mustafa/dreem-experiments/paper-plots/uncertainty-microscopy/no-post-processing-no-weight-iou-entropies/9-1.frame_meta_entropy_histogram.csv,Lysosomes - Airyscan Confocal,9-1.
0.0027617700878906,Correctly Tracked,/root/vast/mustafa/dreem-experiments/paper-plots/uncertainty-microscopy/no-post-processing-no-weight-iou-entropies/9-1.frame_meta_entropy_histogram.csv,Lysosomes - Airyscan Confocal,9-1.
0.0016387082599026,Correctly Tracked,/root/vast/mustafa/dreem-experiments/paper-plots/uncertainty-microscopy/no-post-processing-no-weight-iou-entropies/9-1.frame_meta_entropy_histogram.csv,Lysosomes - Airyscan Confocal,9-1.
0.0113466397138092,Correctly Tracked,/root/vast/mustafa/dreem-experiments/paper-plots/uncertainty-microscopy/no-post-processing-no-weight-iou-entropies/9-1.frame_meta_entropy_histogram.csv,Lysosomes - Airyscan Confocal,9-1.
0.0004259641018245,Correctly Tracked,/root/vast/mustafa/dreem-experiments/paper-plots/uncertainty-microscopy/no-post-processing-no-weight-iou-entropies/9-1.frame_meta_entropy_histogram.csv,Lysosomes - Airyscan Confocal,9-1.
8.05477320411841e-05,Correctly Tracked,/root/vast/mustafa/dreem-experiments/paper-plots/uncertainty-microscopy/no-post-processing-no-weight-iou-entropies/9-1.frame_meta_entropy_histogram.csv,Lysosomes - Airyscan Confocal,9-1.
0.0011773361578204,Correctly Tracked,/root/vast/mustafa/dreem-experiments/paper-plots/uncertainty-microscopy/no-post-processing-no-weight-iou-entropies/9-1.frame_meta_entropy_histogram.csv,Lysosomes - Airyscan Confocal,9-1.
0.0090832707074352,Correctly Tracked,/root/vast/mustafa/dreem-experiments/paper-plots/uncertainty-microscopy/no-post-processing-no-weight-iou-entropies/9-1.frame_meta_entropy_histogram.csv,Lysosomes - Airyscan Confocal,9-1.
0.056944518815005,Correctly Tracked,/root/vast/mustafa/dreem-experiments/paper-plots/uncertainty-microscopy/no-post-processing-no-weight-iou-entropies/9-1.frame_meta_entropy_histogram.csv,Lysosomes - Airyscan Confocal,9-1.
0.0313097225944093,Correctly Tracked,/root/vast/mustafa/dreem-experiments/paper-plots/uncertainty-microscopy/no-post-processing-no-weight-iou-entropies/9-1.frame_meta_entropy_histogram.csv,Lysosomes - Airyscan Confocal,9-1.
0.0547612514889324,Correctly Tracked,/root/vast/mustafa/dreem-experiments/paper-plots/uncertainty-microscopy/no-post-processing-no-weight-iou-entropies/9-1.frame_meta_entropy_histogram.csv,Lysosomes - Airyscan Confocal,9-1.
0.025063905432369,Correctly Tracked,/root/vast/mustafa/dreem-experiments/paper-plots/uncertainty-microscopy/no-post-processing-no-weight-iou-entropies/9-1.frame_meta_entropy_histogram.csv,Lysosomes - Airyscan Confocal,9-1.
0.0378850673478483,Correctly Tracked,/root/vast/mustafa/dreem-experiments/paper-plots/uncertainty-microscopy/no-post-processing-no-weight-iou-entropies/9-1.frame_meta_entropy_histogram.csv,Lysosomes - Airyscan Confocal,9-1.
0.0364700260430487,Correctly Tracked,/root/vast/mustafa/dreem-experiments/paper-plots/uncertainty-microscopy/no-post-processing-no-weight-iou-entropies/9-1.frame_meta_entropy_histogram.csv,Lysosomes - Airyscan Confocal,9-1.
0.0733111249519809,Correctly Tracked,/root/vast/mustafa/dreem-experiments/paper-plots/uncertainty-microscopy/no-post-processing-no-weight-iou-entropies/9-1.frame_meta_entropy_histogram.csv,Lysosomes - Airyscan Confocal,9-1.
0.0002862851095344,Correctly Tracked,/root/vast/mustafa/dreem-experiments/paper-plots/uncertainty-microscopy/no-post-processing-no-weight-iou-entropies/9-1.frame_meta_entropy_histogram.csv,Lysosomes - Airyscan Confocal,9-1.
0.0135678945965004,Correctly Tracked,/root/vast/mustafa/dreem-experiments/paper-plots/uncertainty-microscopy/no-post-processing-no-weight-iou-entropies/9-1.frame_meta_entropy_histogram.csv,Lysosomes - Airyscan Confocal,9-1.
0.0298429883239216,Correctly Tracked,/root/vast/mustafa/dreem-experiments/paper-plots/uncertainty-microscopy/no-post-processing-no-weight-iou-entropies/9-1.frame_meta_entropy_histogram.csv,Lysosomes - Airyscan Confocal,9-1.
0.0011552647788045,Correctly Tracked,/root/vast/mustafa/dreem-experiments/paper-plots/uncertainty-microscopy/no-post-processing-no-weight-iou-entropies/9-1.frame_meta_entropy_histogram.csv,Lysosomes - Airyscan Confocal,9-1.
0.0073558468296522,Correctly Tracked,/root/vast/mustafa/dreem-experiments/paper-plots/uncertainty-microscopy/no-post-processing-no-weight-iou-entropies/9-1.frame_meta_entropy_histogram.csv,Lysosomes - Airyscan Confocal,9-1.
0.0037211436006944,Correctly Tracked,/root/vast/mustafa/dreem-experiments/paper-plots/uncertainty-microscopy/no-post-processing-no-weight-iou-entropies/9-1.frame_meta_entropy_histogram.csv,Lysosomes - Airyscan Confocal,9-1.
0.0216792213687835,Correctly Tracked,/root/vast/mustafa/dreem-experiments/paper-plots/uncertainty-microscopy/no-post-processing-no-weight-iou-entropies/9-1.frame_meta_entropy_histogram.csv,Lysosomes - Airyscan Confocal,9-1.
0.006157460539827,Correctly Tracked,/root/vast/mustafa/dreem-experiments/paper-plots/uncertainty-microscopy/no-post-processing-no-weight-iou-entropies/9-1.frame_meta_entropy_histogram.csv,Lysosomes - Airyscan Confocal,9-1.
0.0094981377304382,Correctly Tracked,/root/vast/mustafa/dreem-experiments/paper-plots/uncertainty-microscopy/no-post-processing-no-weight-iou-entropies/9-1.frame_meta_entropy_histogram.csv,Lysosomes - Airyscan Confocal,9-1.
0.0187574094156132,Correctly Tracked,/root/vast/mustafa/dreem-experiments/paper-plots/uncertainty-microscopy/no-post-processing-no-weight-iou-entropies/9-1.frame_meta_entropy_histogram.csv,Lysosomes - Airyscan Confocal,9-1.
0.0048683931195454,Correctly Tracked,/root/vast/mustafa/dreem-experiments/paper-plots/uncertainty-microscopy/no-post-processing-no-weight-iou-entropies/9-1.frame_meta_entropy_histogram.csv,Lysosomes - Airyscan Confocal,9-1.
0.0673825786094229,Correctly Tracked,/root/vast/mustafa/dreem-experiments/paper-plots/uncertainty-microscopy/no-post-processing-no-weight-iou-entropies/9-1.frame_meta_entropy_histogram.csv,Lysosomes - Airyscan Confocal,9-1.
0.020798339102508,Correctly Tracked,/root/vast/mustafa/dreem-experiments/paper-plots/uncertainty-microscopy/no-post-processing-no-weight-iou-entropies/9-1.frame_meta_entropy_histogram.csv,Lysosomes - Airyscan Confocal,9-1.
0.0279679697726343,Correctly Tracked,/root/vast/mustafa/dreem-experiments/paper-plots/uncertainty-microscopy/no-post-processing-no-weight-iou-entropies/9-1.frame_meta_entropy_histogram.csv,Lysosomes - Airyscan Confocal,9-1.
0.0053075895937651,Correctly Tracked,/root/vast/mustafa/dreem-experiments/paper-plots/uncertainty-microscopy/no-post-processing-no-weight-iou-entropies/9-1.frame_meta_entropy_histogram.csv,Lysosomes - Airyscan Confocal,9-1.
0.005208513418178,Correctly Tracked,/root/vast/mustafa/dreem-experiments/paper-plots/uncertainty-microscopy/no-post-processing-no-weight-iou-entropies/9-1.frame_meta_entropy_histogram.csv,Lysosomes - Airyscan Confocal,9-1.
0.0052167960794363,Correctly Tracked,/root/vast/mustafa/dreem-experiments/paper-plots/uncertainty-microscopy/no-post-processing-no-weight-iou-entropies/9-1.frame_meta_entropy_histogram.csv,Lysosomes - Airyscan Confocal,9-1.
0.0072892059050575,Correctly Tracked,/root/vast/mustafa/dreem-experiments/paper-plots/uncertainty-microscopy/no-post-processing-no-weight-iou-entropies/9-1.frame_meta_entropy_histogram.csv,Lysosomes - Airyscan Confocal,9-1.
0.0030302036369706,Correctly Tracked,/root/vast/mustafa/dreem-experiments/paper-plots/uncertainty-microscopy/no-post-processing-no-weight-iou-entropies/9-1.frame_meta_entropy_histogram.csv,Lysosomes - Airyscan Confocal,9-1.
0.0034912607327834,Correctly Tracked,/root/vast/mustafa/dreem-experiments/paper-plots/uncertainty-microscopy/no-post-processing-no-weight-iou-entropies/9-1.frame_meta_entropy_histogram.csv,Lysosomes - Airyscan Confocal,9-1.
0.0060554834743675,Correctly Tracked,/root/vast/mustafa/dreem-experiments/paper-plots/uncertainty-microscopy/no-post-processing-no-weight-iou-entropies/9-1.frame_meta_entropy_histogram.csv,Lysosomes - Airyscan Confocal,9-1.
0.1758295902254364,Correctly Tracked,/root/vast/mustafa/dreem-experiments/paper-plots/uncertainty-microscopy/no-post-processing-no-weight-iou-entropies/9-1.frame_meta_entropy_histogram.csv,Lysosomes - Airyscan Confocal,9-1.
0.0752920555107443,Correctly Tracked,/root/vast/mustafa/dreem-experiments/paper-plots/uncertainty-microscopy/no-post-processing-no-weight-iou-entropies/9-1.frame_meta_entropy_histogram.csv,Lysosomes - Airyscan Confocal,9-1.
0.0053645058484881,Correctly Tracked,/root/vast/mustafa/dreem-experiments/paper-plots/uncertainty-microscopy/no-post-processing-no-weight-iou-entropies/9-1.frame_meta_entropy_histogram.csv,Lysosomes - Airyscan Confocal,9-1.
0.0086862802525579,Correctly Tracked,/root/vast/mustafa/dreem-experiments/paper-plots/uncertainty-microscopy/no-post-processing-no-weight-iou-entropies/9-1.frame_meta_entropy_histogram.csv,Lysosomes - Airyscan Confocal,9-1.
0.0126174729261356,Correctly Tracked,/root/vast/mustafa/dreem-experiments/paper-plots/uncertainty-microscopy/no-post-processing-no-weight-iou-entropies/9-1.frame_meta_entropy_histogram.csv,Lysosomes - Airyscan Confocal,9-1.
0.0080355740164124,Correctly Tracked,/root/vast/mustafa/dreem-experiments/paper-plots/uncertainty-microscopy/no-post-processing-no-weight-iou-entropies/9-1.frame_meta_entropy_histogram.csv,Lysosomes - Airyscan Confocal,9-1.
0.0166341315761602,Correctly Tracked,/root/vast/mustafa/dreem-experiments/paper-plots/uncertainty-microscopy/no-post-processing-no-weight-iou-entropies/9-1.frame_meta_entropy_histogram.csv,Lysosomes - Airyscan Confocal,9-1.
0.0124837391310789,Correctly Tracked,/root/vast/mustafa/dreem-experiments/paper-plots/uncertainty-microscopy/no-post-processing-no-weight-iou-entropies/9-1.frame_meta_entropy_histogram.csv,Lysosomes - Airyscan Confocal,9-1.
0.0421615743832609,Correctly Tracked,/root/vast/mustafa/dreem-experiments/paper-plots/uncertainty-microscopy/no-post-processing-no-weight-iou-entropies/9-1.frame_meta_entropy_histogram.csv,Lysosomes - Airyscan Confocal,9-1.
0.0078506371649878,Correctly Tracked,/root/vast/mustafa/dreem-experiments/paper-plots/uncertainty-microscopy/no-post-processing-no-weight-iou-entropies/9-1.frame_meta_entropy_histogram.csv,Lysosomes - Airyscan Confocal,9-1.
0.0360194082941721,Correctly Tracked,/root/vast/mustafa/dreem-experiments/paper-plots/uncertainty-microscopy/no-post-processing-no-weight-iou-entropies/9-1.frame_meta_entropy_histogram.csv,Lysosomes - Airyscan Confocal,9-1.
0.0292410325845719,Correctly Tracked,/root/vast/mustafa/dreem-experiments/paper-plots/uncertainty-microscopy/no-post-processing-no-weight-iou-entropies/9-1.frame_meta_entropy_histogram.csv,Lysosomes - Airyscan Confocal,9-1.
0.083503861298586,Correctly Tracked,/root/vast/mustafa/dreem-experiments/paper-plots/uncertainty-microscopy/no-post-processing-no-weight-iou-entropies/9-1.frame_meta_entropy_histogram.csv,Lysosomes - Airyscan Confocal,9-1.
0.053879380967694,Correctly Tracked,/root/vast/mustafa/dreem-experiments/paper-plots/uncertainty-microscopy/no-post-processing-no-weight-iou-entropies/9-1.frame_meta_entropy_histogram.csv,Lysosomes - Airyscan Confocal,9-1.
0.0090187665829002,Correctly Tracked,/root/vast/mustafa/dreem-experiments/paper-plots/uncertainty-microscopy/no-post-processing-no-weight-iou-entropies/9-1.frame_meta_entropy_histogram.csv,Lysosomes - Airyscan Confocal,9-1.
0.004545332572208,Correctly Tracked,/root/vast/mustafa/dreem-experiments/paper-plots/uncertainty-microscopy/no-post-processing-no-weight-iou-entropies/9-1.frame_meta_entropy_histogram.csv,Lysosomes - Airyscan Confocal,9-1.
0.0065743100987005,Correctly Tracked,/root/vast/mustafa/dreem-experiments/paper-plots/uncertainty-microscopy/no-post-processing-no-weight-iou-entropies/9-1.frame_meta_entropy_histogram.csv,Lysosomes - Airyscan Confocal,9-1.
0.0048043789043304,Correctly Tracked,/root/vast/mustafa/dreem-experiments/paper-plots/uncertainty-microscopy/no-post-processing-no-weight-iou-entropies/9-1.frame_meta_entropy_histogram.csv,Lysosomes - Airyscan Confocal,9-1.
0.0089269811980417,Correctly Tracked,/root/vast/mustafa/dreem-experiments/paper-plots/uncertainty-microscopy/no-post-processing-no-weight-iou-entropies/9-1.frame_meta_entropy_histogram.csv,Lysosomes - Airyscan Confocal,9-1.
0.0125070679741457,Correctly Tracked,/root/vast/mustafa/dreem-experiments/paper-plots/uncertainty-microscopy/no-post-processing-no-weight-iou-entropies/9-1.frame_meta_entropy_histogram.csv,Lysosomes - Airyscan Confocal,9-1.
0.006409409514052,Correctly Tracked,/root/vast/mustafa/dreem-experiments/paper-plots/uncertainty-microscopy/no-post-processing-no-weight-iou-entropies/9-1.frame_meta_entropy_histogram.csv,Lysosomes - Airyscan Confocal,9-1.
0.0084911041155675,Correctly Tracked,/root/vast/mustafa/dreem-experiments/paper-plots/uncertainty-microscopy/no-post-processing-no-weight-iou-entropies/9-1.frame_meta_entropy_histogram.csv,Lysosomes - Airyscan Confocal,9-1.
0.0065809922689947,Correctly Tracked,/root/vast/mustafa/dreem-experiments/paper-plots/uncertainty-microscopy/no-post-processing-no-weight-iou-entropies/9-1.frame_meta_entropy_histogram.csv,Lysosomes - Airyscan Confocal,9-1.
0.057793497318628,Correctly Tracked,/root/vast/mustafa/dreem-experiments/paper-plots/uncertainty-microscopy/no-post-processing-no-weight-iou-entropies/9-1.frame_meta_entropy_histogram.csv,Lysosomes - Airyscan Confocal,9-1.
0.0067525280215672,Correctly Tracked,/root/vast/mustafa/dreem-experiments/paper-plots/uncertainty-microscopy/no-post-processing-no-weight-iou-entropies/9-1.frame_meta_entropy_histogram.csv,Lysosomes - Airyscan Confocal,9-1.
0.0140355030996032,Correctly Tracked,/root/vast/mustafa/dreem-experiments/paper-plots/uncertainty-microscopy/no-post-processing-no-weight-iou-entropies/9-1.frame_meta_entropy_histogram.csv,Lysosomes - Airyscan Confocal,9-1.
0.0048593135270747,Correctly Tracked,/root/vast/mustafa/dreem-experiments/paper-plots/uncertainty-microscopy/no-post-processing-no-weight-iou-entropies/9-1.frame_meta_entropy_histogram.csv,Lysosomes - Airyscan Confocal,9-1.
0.0650126901803274,Correctly Tracked,/root/vast/mustafa/dreem-experiments/paper-plots/uncertainty-microscopy/no-post-processing-no-weight-iou-entropies/9-1.frame_meta_entropy_histogram.csv,Lysosomes - Airyscan Confocal,9-1.
0.0211279221325998,Correctly Tracked,/root/vast/mustafa/dreem-experiments/paper-plots/uncertainty-microscopy/no-post-processing-no-weight-iou-entropies/9-1.frame_meta_entropy_histogram.csv,Lysosomes - Airyscan Confocal,9-1.
0.0109975940868952,Correctly Tracked,/root/vast/mustafa/dreem-experiments/paper-plots/uncertainty-microscopy/no-post-processing-no-weight-iou-entropies/9-1.frame_meta_entropy_histogram.csv,Lysosomes - Airyscan Confocal,9-1.
0.0115865687357519,Correctly Tracked,/root/vast/mustafa/dreem-experiments/paper-plots/uncertainty-microscopy/no-post-processing-no-weight-iou-entropies/9-1.frame_meta_entropy_histogram.csv,Lysosomes - Airyscan Confocal,9-1.
0.0341194447413971,Correctly Tracked,/root/vast/mustafa/dreem-experiments/paper-plots/uncertainty-microscopy/no-post-processing-no-weight-iou-entropies/9-1.frame_meta_entropy_histogram.csv,Lysosomes - Airyscan Confocal,9-1.
0.0117421779159667,Correctly Tracked,/root/vast/mustafa/dreem-experiments/paper-plots/uncertainty-microscopy/no-post-processing-no-weight-iou-entropies/9-1.frame_meta_entropy_histogram.csv,Lysosomes - Airyscan Confocal,9-1.
0.0051225141456078,Correctly Tracked,/root/vast/mustafa/dreem-experiments/paper-plots/uncertainty-microscopy/no-post-processing-no-weight-iou-entropies/9-1.frame_meta_entropy_histogram.csv,Lysosomes - Airyscan Confocal,9-1.
0.0647480885296062,Correctly Tracked,/root/vast/mustafa/dreem-experiments/paper-plots/uncertainty-microscopy/no-post-processing-no-weight-iou-entropies/9-1.frame_meta_entropy_histogram.csv,Lysosomes - Airyscan Confocal,9-1.
0.0232090521030786,Correctly Tracked,/root/vast/mustafa/dreem-experiments/paper-plots/uncertainty-microscopy/no-post-processing-no-weight-iou-entropies/9-1.frame_meta_entropy_histogram.csv,Lysosomes - Airyscan Confocal,9-1.
0.0582594908684989,Correctly Tracked,/root/vast/mustafa/dreem-experiments/paper-plots/uncertainty-microscopy/no-post-processing-no-weight-iou-entropies/9-1.frame_meta_entropy_histogram.csv,Lysosomes - Airyscan Confocal,9-1.
0.0500419917679203,Correctly Tracked,/root/vast/mustafa/dreem-experiments/paper-plots/uncertainty-microscopy/no-post-processing-no-weight-iou-entropies/9-1.frame_meta_entropy_histogram.csv,Lysosomes - Airyscan Confocal,9-1.
0.03346357607826,Correctly Tracked,/root/vast/mustafa/dreem-experiments/paper-plots/uncertainty-microscopy/no-post-processing-no-weight-iou-entropies/9-1.frame_meta_entropy_histogram.csv,Lysosomes - Airyscan Confocal,9-1.
0.0050717009678745,Correctly Tracked,/root/vast/mustafa/dreem-experiments/paper-plots/uncertainty-microscopy/no-post-processing-no-weight-iou-entropies/9-1.frame_meta_entropy_histogram.csv,Lysosomes - Airyscan Confocal,9-1.
0.0087720824767301,Correctly Tracked,/root/vast/mustafa/dreem-experiments/paper-plots/uncertainty-microscopy/no-post-processing-no-weight-iou-entropies/9-1.frame_meta_entropy_histogram.csv,Lysosomes - Airyscan Confocal,9-1.
0.0140918794296636,Correctly Tracked,/root/vast/mustafa/dreem-experiments/paper-plots/uncertainty-microscopy/no-post-processing-no-weight-iou-entropies/9-1.frame_meta_entropy_histogram.csv,Lysosomes - Airyscan Confocal,9-1.
0.0567777158395531,Correctly Tracked,/root/vast/mustafa/dreem-experiments/paper-plots/uncertainty-microscopy/no-post-processing-no-weight-iou-entropies/9-1.frame_meta_entropy_histogram.csv,Lysosomes - Airyscan Confocal,9-1.
0.0309585232947898,Correctly Tracked,/root/vast/mustafa/dreem-experiments/paper-plots/uncertainty-microscopy/no-post-processing-no-weight-iou-entropies/9-1.frame_meta_entropy_histogram.csv,Lysosomes - Airyscan Confocal,9-1.
0.0408481594339279,Correctly Tracked,/root/vast/mustafa/dreem-experiments/paper-plots/uncertainty-microscopy/no-post-processing-no-weight-iou-entropies/9-1.frame_meta_entropy_histogram.csv,Lysosomes - Airyscan Confocal,9-1.
0.0384194047543414,Correctly Tracked,/root/vast/mustafa/dreem-experiments/paper-plots/uncertainty-microscopy/no-post-processing-no-weight-iou-entropies/9-1.frame_meta_entropy_histogram.csv,Lysosomes - Airyscan Confocal,9-1.
0.0332708639501372,Correctly Tracked,/root/vast/mustafa/dreem-experiments/paper-plots/uncertainty-microscopy/no-post-processing-no-weight-iou-entropies/9-1.frame_meta_entropy_histogram.csv,Lysosomes - Airyscan Confocal,9-1.
0.0268207335108621,Correctly Tracked,/root/vast/mustafa/dreem-experiments/paper-plots/uncertainty-microscopy/no-post-processing-no-weight-iou-entropies/9-1.frame_meta_entropy_histogram.csv,Lysosomes - Airyscan Confocal,9-1.
0.0330701541879496,Correctly Tracked,/root/vast/mustafa/dreem-experiments/paper-plots/uncertainty-microscopy/no-post-processing-no-weight-iou-entropies/9-1.frame_meta_entropy_histogram.csv,Lysosomes - Airyscan Confocal,9-1.
0.0741849785561308,Correctly Tracked,/root/vast/mustafa/dreem-experiments/paper-plots/uncertainty-microscopy/no-post-processing-no-weight-iou-entropies/9-1.frame_meta_entropy_histogram.csv,Lysosomes - Airyscan Confocal,9-1.
0.0447967249066381,Correctly Tracked,/root/vast/mustafa/dreem-experiments/paper-plots/uncertainty-microscopy/no-post-processing-no-weight-iou-entropies/9-1.frame_meta_entropy_histogram.csv,Lysosomes - Airyscan Confocal,9-1.
0.0439545774141482,Correctly Tracked,/root/vast/mustafa/dreem-experiments/paper-plots/uncertainty-microscopy/no-post-processing-no-weight-iou-entropies/9-1.frame_meta_entropy_histogram.csv,Lysosomes - Airyscan Confocal,9-1.
0.0630059348321217,Correctly Tracked,/root/vast/mustafa/dreem-experiments/paper-plots/uncertainty-microscopy/no-post-processing-no-weight-iou-entropies/9-1.frame_meta_entropy_histogram.csv,Lysosomes - Airyscan Confocal,9-1.
0.0666506914462453,Correctly Tracked,/root/vast/mustafa/dreem-experiments/paper-plots/uncertainty-microscopy/no-post-processing-no-weight-iou-entropies/9-1.frame_meta_entropy_histogram.csv,Lysosomes - Airyscan Confocal,9-1.
0.0284478591514333,Correctly Tracked,/root/vast/mustafa/dreem-experiments/paper-plots/uncertainty-microscopy/no-post-processing-no-weight-iou-entropies/9-1.frame_meta_entropy_histogram.csv,Lysosomes - Airyscan Confocal,9-1.
0.0403199299251806,Correctly Tracked,/root/vast/mustafa/dreem-experiments/paper-plots/uncertainty-microscopy/no-post-processing-no-weight-iou-entropies/9-1.frame_meta_entropy_histogram.csv,Lysosomes - Airyscan Confocal,9-1.
0.0109319233394285,Correctly Tracked,/root/vast/mustafa/dreem-experiments/paper-plots/uncertainty-microscopy/no-post-processing-no-weight-iou-entropies/9-1.frame_meta_entropy_histogram.csv,Lysosomes - Airyscan Confocal,9-1.
0.0086496370842454,Correctly Tracked,/root/vast/mustafa/dreem-experiments/paper-plots/uncertainty-microscopy/no-post-processing-no-weight-iou-entropies/9-1.frame_meta_entropy_histogram.csv,Lysosomes - Airyscan Confocal,9-1.
0.0318259050341224,Correctly Tracked,/root/vast/mustafa/dreem-experiments/paper-plots/uncertainty-microscopy/no-post-processing-no-weight-iou-entropies/9-1.frame_meta_entropy_histogram.csv,Lysosomes - Airyscan Confocal,9-1.
0.0051472524571856,Correctly Tracked,/root/vast/mustafa/dreem-experiments/paper-plots/uncertainty-microscopy/no-post-processing-no-weight-iou-entropies/9-1.frame_meta_entropy_histogram.csv,Lysosomes - Airyscan Confocal,9-1.
0.0047250750591331,Correctly Tracked,/root/vast/mustafa/dreem-experiments/paper-plots/uncertainty-microscopy/no-post-processing-no-weight-iou-entropies/9-1.frame_meta_entropy_histogram.csv,Lysosomes - Airyscan Confocal,9-1.
0.0035244932162854,Correctly Tracked,/root/vast/mustafa/dreem-experiments/paper-plots/uncertainty-microscopy/no-post-processing-no-weight-iou-entropies/9-1.frame_meta_entropy_histogram.csv,Lysosomes - Airyscan Confocal,9-1.
0.0019894226216067,Correctly Tracked,/root/vast/mustafa/dreem-experiments/paper-plots/uncertainty-microscopy/no-post-processing-no-weight-iou-entropies/9-1.frame_meta_entropy_histogram.csv,Lysosomes - Airyscan Confocal,9-1.
0.0023396341182093,Correctly Tracked,/root/vast/mustafa/dreem-experiments/paper-plots/uncertainty-microscopy/no-post-processing-no-weight-iou-entropies/9-1.frame_meta_entropy_histogram.csv,Lysosomes - Airyscan Confocal,9-1.
0.0090654833232939,Correctly Tracked,/root/vast/mustafa/dreem-experiments/paper-plots/uncertainty-microscopy/no-post-processing-no-weight-iou-entropies/9-1.frame_meta_entropy_histogram.csv,Lysosomes - Airyscan Confocal,9-1.
0.0376379795033702,Correctly Tracked,/root/vast/mustafa/dreem-experiments/paper-plots/uncertainty-microscopy/no-post-processing-no-weight-iou-entropies/9-1.frame_meta_entropy_histogram.csv,Lysosomes - Airyscan Confocal,9-1.
0.0217611718089787,Correctly Tracked,/root/vast/mustafa/dreem-experiments/paper-plots/uncertainty-microscopy/no-post-processing-no-weight-iou-entropies/9-1.frame_meta_entropy_histogram.csv,Lysosomes - Airyscan Confocal,9-1.
0.0248990211177717,Correctly Tracked,/root/vast/mustafa/dreem-experiments/paper-plots/uncertainty-microscopy/no-post-processing-no-weight-iou-entropies/9-1.frame_meta_entropy_histogram.csv,Lysosomes - Airyscan Confocal,9-1.
0.0243252306448616,Correctly Tracked,/root/vast/mustafa/dreem-experiments/paper-plots/uncertainty-microscopy/no-post-processing-no-weight-iou-entropies/9-1.frame_meta_entropy_histogram.csv,Lysosomes - Airyscan Confocal,9-1.
0.0212632576238096,Correctly Tracked,/root/vast/mustafa/dreem-experiments/paper-plots/uncertainty-microscopy/no-post-processing-no-weight-iou-entropies/9-1.frame_meta_entropy_histogram.csv,Lysosomes - Airyscan Confocal,9-1.
0.040545406320887,Correctly Tracked,/root/vast/mustafa/dreem-experiments/paper-plots/uncertainty-microscopy/no-post-processing-no-weight-iou-entropies/9-1.frame_meta_entropy_histogram.csv,Lysosomes - Airyscan Confocal,9-1.
0.024300220563169,Correctly Tracked,/root/vast/mustafa/dreem-experiments/paper-plots/uncertainty-microscopy/no-post-processing-no-weight-iou-entropies/9-1.frame_meta_entropy_histogram.csv,Lysosomes - Airyscan Confocal,9-1.
0.0196957454508965,Correctly Tracked,/root/vast/mustafa/dreem-experiments/paper-plots/uncertainty-microscopy/no-post-processing-no-weight-iou-entropies/9-1.frame_meta_entropy_histogram.csv,Lysosomes - Airyscan Confocal,9-1.
0.0336837134867893,Correctly Tracked,/root/vast/mustafa/dreem-experiments/paper-plots/uncertainty-microscopy/no-post-processing-no-weight-iou-entropies/9-1.frame_meta_entropy_histogram.csv,Lysosomes - Airyscan Confocal,9-1.
0.0200557390144959,Correctly Tracked,/root/vast/mustafa/dreem-experiments/paper-plots/uncertainty-microscopy/no-post-processing-no-weight-iou-entropies/9-1.frame_meta_entropy_histogram.csv,Lysosomes - Airyscan Confocal,9-1.
0.0639876287461141,Correctly Tracked,/root/vast/mustafa/dreem-experiments/paper-plots/uncertainty-microscopy/no-post-processing-no-weight-iou-entropies/9-1.frame_meta_entropy_histogram.csv,Lysosomes - Airyscan Confocal,9-1.
0.0048986584277809,Correctly Tracked,/root/vast/mustafa/dreem-experiments/paper-plots/uncertainty-microscopy/no-post-processing-no-weight-iou-entropies/9-1.frame_meta_entropy_histogram.csv,Lysosomes - Airyscan Confocal,9-1.
0.0532090452160528,Correctly Tracked,/root/vast/mustafa/dreem-experiments/paper-plots/uncertainty-microscopy/no-post-processing-no-weight-iou-entropies/9-1.frame_meta_entropy_histogram.csv,Lysosomes - Airyscan Confocal,9-1.
0.061270858004322,Correctly Tracked,/root/vast/mustafa/dreem-experiments/paper-plots/uncertainty-microscopy/no-post-processing-no-weight-iou-entropies/9-1.frame_meta_entropy_histogram.csv,Lysosomes - Airyscan Confocal,9-1.
0.0465681695170687,Correctly Tracked,/root/vast/mustafa/dreem-experiments/paper-plots/uncertainty-microscopy/no-post-processing-no-weight-iou-entropies/9-1.frame_meta_entropy_histogram.csv,Lysosomes - Airyscan Confocal,9-1.
0.0315198882693262,Correctly Tracked,/root/vast/mustafa/dreem-experiments/paper-plots/uncertainty-microscopy/no-post-processing-no-weight-iou-entropies/9-1.frame_meta_entropy_histogram.csv,Lysosomes - Airyscan Confocal,9-1.
0.0280798498759344,Correctly Tracked,/root/vast/mustafa/dreem-experiments/paper-plots/uncertainty-microscopy/no-post-processing-no-weight-iou-entropies/9-1.frame_meta_entropy_histogram.csv,Lysosomes - Airyscan Confocal,9-1.
0.0239662868008629,Correctly Tracked,/root/vast/mustafa/dreem-experiments/paper-plots/uncertainty-microscopy/no-post-processing-no-weight-iou-entropies/9-1.frame_meta_entropy_histogram.csv,Lysosomes - Airyscan Confocal,9-1.
0.0346846277546191,Correctly Tracked,/root/vast/mustafa/dreem-experiments/paper-plots/uncertainty-microscopy/no-post-processing-no-weight-iou-entropies/9-1.frame_meta_entropy_histogram.csv,Lysosomes - Airyscan Confocal,9-1.
0.0824124035931406,Correctly Tracked,/root/vast/mustafa/dreem-experiments/paper-plots/uncertainty-microscopy/no-post-processing-no-weight-iou-entropies/9-1.frame_meta_entropy_histogram.csv,Lysosomes - Airyscan Confocal,9-1.
0.0025245974837915,Correctly Tracked,/root/vast/mustafa/dreem-experiments/paper-plots/uncertainty-microscopy/no-post-processing-no-weight-iou-entropies/9-1.frame_meta_entropy_histogram.csv,Lysosomes - Airyscan Confocal,9-1.
0.0020664679426573,Correctly Tracked,/root/vast/mustafa/dreem-experiments/paper-plots/uncertainty-microscopy/no-post-processing-no-weight-iou-entropies/9-1.frame_meta_entropy_histogram.csv,Lysosomes - Airyscan Confocal,9-1.
0.0005318401796041,Correctly Tracked,/root/vast/mustafa/dreem-experiments/paper-plots/uncertainty-microscopy/no-post-processing-no-weight-iou-entropies/9-1.frame_meta_entropy_histogram.csv,Lysosomes - Airyscan Confocal,9-1.
0.002627820865304,Correctly Tracked,/root/vast/mustafa/dreem-experiments/paper-plots/uncertainty-microscopy/no-post-processing-no-weight-iou-entropies/9-1.frame_meta_entropy_histogram.csv,Lysosomes - Airyscan Confocal,9-1.
0.0054545949298586,Correctly Tracked,/root/vast/mustafa/dreem-experiments/paper-plots/uncertainty-microscopy/no-post-processing-no-weight-iou-entropies/9-1.frame_meta_entropy_histogram.csv,Lysosomes - Airyscan Confocal,9-1.
0.0034792591596331,Correctly Tracked,/root/vast/mustafa/dreem-experiments/paper-plots/uncertainty-microscopy/no-post-processing-no-weight-iou-entropies/9-1.frame_meta_entropy_histogram.csv,Lysosomes - Airyscan Confocal,9-1.
0.0041937515289793,Correctly Tracked,/root/vast/mustafa/dreem-experiments/paper-plots/uncertainty-microscopy/no-post-processing-no-weight-iou-entropies/9-1.frame_meta_entropy_histogram.csv,Lysosomes - Airyscan Confocal,9-1.
0.0031730875280532,Correctly Tracked,/root/vast/mustafa/dreem-experiments/paper-plots/uncertainty-microscopy/no-post-processing-no-weight-iou-entropies/9-1.frame_meta_entropy_histogram.csv,Lysosomes - Airyscan Confocal,9-1.
0.0014848280739269,Correctly Tracked,/root/vast/mustafa/dreem-experiments/paper-plots/uncertainty-microscopy/no-post-processing-no-weight-iou-entropies/9-1.frame_meta_entropy_histogram.csv,Lysosomes - Airyscan Confocal,9-1.
0.0022668471817674,Correctly Tracked,/root/vast/mustafa/dreem-experiments/paper-plots/uncertainty-microscopy/no-post-processing-no-weight-iou-entropies/9-1.frame_meta_entropy_histogram.csv,Lysosomes - Airyscan Confocal,9-1.
0.0031908688862496,Correctly Tracked,/root/vast/mustafa/dreem-experiments/paper-plots/uncertainty-microscopy/no-post-processing-no-weight-iou-entropies/9-1.frame_meta_entropy_histogram.csv,Lysosomes - Airyscan Confocal,9-1.
0.0020471624723483,Correctly Tracked,/root/vast/mustafa/dreem-experiments/paper-plots/uncertainty-microscopy/no-post-processing-no-weight-iou-entropies/9-1.frame_meta_entropy_histogram.csv,Lysosomes - Airyscan Confocal,9-1.
0.0018445510726005,Correctly Tracked,/root/vast/mustafa/dreem-experiments/paper-plots/uncertainty-microscopy/no-post-processing-no-weight-iou-entropies/9-1.frame_meta_entropy_histogram.csv,Lysosomes - Airyscan Confocal,9-1.
5.688270715797349e-05,Correctly Tracked,/root/vast/mustafa/dreem-experiments/paper-plots/uncertainty-microscopy/no-post-processing-no-weight-iou-entropies/9-1.frame_meta_entropy_histogram.csv,Lysosomes - Airyscan Confocal,9-1.
0.0127877673340597,Correctly Tracked,/root/vast/mustafa/dreem-experiments/paper-plots/uncertainty-microscopy/no-post-processing-no-weight-iou-entropies/9-1.frame_meta_entropy_histogram.csv,Lysosomes - Airyscan Confocal,9-1.
0.0059907172212296,Correctly Tracked,/root/vast/mustafa/dreem-experiments/paper-plots/uncertainty-microscopy/no-post-processing-no-weight-iou-entropies/9-1.frame_meta_entropy_histogram.csv,Lysosomes - Airyscan Confocal,9-1.
0.0041734410817105,Correctly Tracked,/root/vast/mustafa/dreem-experiments/paper-plots/uncertainty-microscopy/no-post-processing-no-weight-iou-entropies/9-1.frame_meta_entropy_histogram.csv,Lysosomes - Airyscan Confocal,9-1.
0.0026677210568323,Correctly Tracked,/root/vast/mustafa/dreem-experiments/paper-plots/uncertainty-microscopy/no-post-processing-no-weight-iou-entropies/9-1.frame_meta_entropy_histogram.csv,Lysosomes - Airyscan Confocal,9-1.
0.00347882318252,Correctly Tracked,/root/vast/mustafa/dreem-experiments/paper-plots/uncertainty-microscopy/no-post-processing-no-weight-iou-entropies/9-1.frame_meta_entropy_histogram.csv,Lysosomes - Airyscan Confocal,9-1.
0.0109931939419328,Correctly Tracked,/root/vast/mustafa/dreem-experiments/paper-plots/uncertainty-microscopy/no-post-processing-no-weight-iou-entropies/9-1.frame_meta_entropy_histogram.csv,Lysosomes - Airyscan Confocal,9-1.
0.0051064785036475,Correctly Tracked,/root/vast/mustafa/dreem-experiments/paper-plots/uncertainty-microscopy/no-post-processing-no-weight-iou-entropies/9-1.frame_meta_entropy_histogram.csv,Lysosomes - Airyscan Confocal,9-1.
0.0055492793968062,Correctly Tracked,/root/vast/mustafa/dreem-experiments/paper-plots/uncertainty-microscopy/no-post-processing-no-weight-iou-entropies/9-1.frame_meta_entropy_histogram.csv,Lysosomes - Airyscan Confocal,9-1.
0.0065287593786441,Correctly Tracked,/root/vast/mustafa/dreem-experiments/paper-plots/uncertainty-microscopy/no-post-processing-no-weight-iou-entropies/9-1.frame_meta_entropy_histogram.csv,Lysosomes - Airyscan Confocal,9-1.
0.0049685446249989,Correctly Tracked,/root/vast/mustafa/dreem-experiments/paper-plots/uncertainty-microscopy/no-post-processing-no-weight-iou-entropies/9-1.frame_meta_entropy_histogram.csv,Lysosomes - Airyscan Confocal,9-1.
0.0444512068678657,Correctly Tracked,/root/vast/mustafa/dreem-experiments/paper-plots/uncertainty-microscopy/no-post-processing-no-weight-iou-entropies/9-1.frame_meta_entropy_histogram.csv,Lysosomes - Airyscan Confocal,9-1.
1.8620674634090096e-05,Correctly Tracked,/root/vast/mustafa/dreem-experiments/paper-plots/uncertainty-microscopy/no-post-processing-no-weight-iou-entropies/9-1.frame_meta_entropy_histogram.csv,Lysosomes - Airyscan Confocal,9-1.
0.0064294518067731,Correctly Tracked,/root/vast/mustafa/dreem-experiments/paper-plots/uncertainty-microscopy/no-post-processing-no-weight-iou-entropies/9-1.frame_meta_entropy_histogram.csv,Lysosomes - Airyscan Confocal,9-1.
0.0494812269774954,Correctly Tracked,/root/vast/mustafa/dreem-experiments/paper-plots/uncertainty-microscopy/no-post-processing-no-weight-iou-entropies/9-1.frame_meta_entropy_histogram.csv,Lysosomes - Airyscan Confocal,9-1.
0.0212521313191553,Correctly Tracked,/root/vast/mustafa/dreem-experiments/paper-plots/uncertainty-microscopy/no-post-processing-no-weight-iou-entropies/9-1.frame_meta_entropy_histogram.csv,Lysosomes - Airyscan Confocal,9-1.
0.0134604098174067,Correctly Tracked,/root/vast/mustafa/dreem-experiments/paper-plots/uncertainty-microscopy/no-post-processing-no-weight-iou-entropies/9-1.frame_meta_entropy_histogram.csv,Lysosomes - Airyscan Confocal,9-1.
0.0104302815047473,Correctly Tracked,/root/vast/mustafa/dreem-experiments/paper-plots/uncertainty-microscopy/no-post-processing-no-weight-iou-entropies/9-1.frame_meta_entropy_histogram.csv,Lysosomes - Airyscan Confocal,9-1.
0.0029929259366606,Correctly Tracked,/root/vast/mustafa/dreem-experiments/paper-plots/uncertainty-microscopy/no-post-processing-no-weight-iou-entropies/9-1.frame_meta_entropy_histogram.csv,Lysosomes - Airyscan Confocal,9-1.
0.0076172348439609,Correctly Tracked,/root/vast/mustafa/dreem-experiments/paper-plots/uncertainty-microscopy/no-post-processing-no-weight-iou-entropies/9-1.frame_meta_entropy_histogram.csv,Lysosomes - Airyscan Confocal,9-1.
0.0264324577774921,Correctly Tracked,/root/vast/mustafa/dreem-experiments/paper-plots/uncertainty-microscopy/no-post-processing-no-weight-iou-entropies/9-1.frame_meta_entropy_histogram.csv,Lysosomes - Airyscan Confocal,9-1.
0.0050009250398927,Correctly Tracked,/root/vast/mustafa/dreem-experiments/paper-plots/uncertainty-microscopy/no-post-processing-no-weight-iou-entropies/9-1.frame_meta_entropy_histogram.csv,Lysosomes - Airyscan Confocal,9-1.
1.300884985555262e-05,Correctly Tracked,/root/vast/mustafa/dreem-experiments/paper-plots/uncertainty-microscopy/no-post-processing-no-weight-iou-entropies/9-1.frame_meta_entropy_histogram.csv,Lysosomes - Airyscan Confocal,9-1.
0.0121816970795356,Correctly Tracked,/root/vast/mustafa/dreem-experiments/paper-plots/uncertainty-microscopy/no-post-processing-no-weight-iou-entropies/9-1.frame_meta_entropy_histogram.csv,Lysosomes - Airyscan Confocal,9-1.
0.0401143319164941,Correctly Tracked,/root/vast/mustafa/dreem-experiments/paper-plots/uncertainty-microscopy/no-post-processing-no-weight-iou-entropies/9-1.frame_meta_entropy_histogram.csv,Lysosomes - Airyscan Confocal,9-1.
0.0486130570445705,Correctly Tracked,/root/vast/mustafa/dreem-experiments/paper-plots/uncertainty-microscopy/no-post-processing-no-weight-iou-entropies/9-1.frame_meta_entropy_histogram.csv,Lysosomes - Airyscan Confocal,9-1.
0.0433840168477018,Correctly Tracked,/root/vast/mustafa/dreem-experiments/paper-plots/uncertainty-microscopy/no-post-processing-no-weight-iou-entropies/9-1.frame_meta_entropy_histogram.csv,Lysosomes - Airyscan Confocal,9-1.
0.0017890141566639,Correctly Tracked,/root/vast/mustafa/dreem-experiments/paper-plots/uncertainty-microscopy/no-post-processing-no-weight-iou-entropies/9-1.frame_meta_entropy_histogram.csv,Lysosomes - Airyscan Confocal,9-1.
0.0005513466528375,Correctly Tracked,/root/vast/mustafa/dreem-experiments/paper-plots/uncertainty-microscopy/no-post-processing-no-weight-iou-entropies/9-1.frame_meta_entropy_histogram.csv,Lysosomes - Airyscan Confocal,9-1.
0.0013721288940669,Correctly Tracked,/root/vast/mustafa/dreem-experiments/paper-plots/uncertainty-microscopy/no-post-processing-no-weight-iou-entropies/9-1.frame_meta_entropy_histogram.csv,Lysosomes - Airyscan Confocal,9-1.
0.0045121419690231,Correctly Tracked,/root/vast/mustafa/dreem-experiments/paper-plots/uncertainty-microscopy/no-post-processing-no-weight-iou-entropies/9-1.frame_meta_entropy_histogram.csv,Lysosomes - Airyscan Confocal,9-1.
0.0095365013060183,Correctly Tracked,/root/vast/mustafa/dreem-experiments/paper-plots/uncertainty-microscopy/no-post-processing-no-weight-iou-entropies/9-1.frame_meta_entropy_histogram.csv,Lysosomes - Airyscan Confocal,9-1.
0.0011671909523193,Correctly Tracked,/root/vast/mustafa/dreem-experiments/paper-plots/uncertainty-microscopy/no-post-processing-no-weight-iou-entropies/9-1.frame_meta_entropy_histogram.csv,Lysosomes - Airyscan Confocal,9-1.
1.090479586310189e-05,Correctly Tracked,/root/vast/mustafa/dreem-experiments/paper-plots/uncertainty-microscopy/no-post-processing-no-weight-iou-entropies/9-1.frame_meta_entropy_histogram.csv,Lysosomes - Airyscan Confocal,9-1.
0.0430232073711636,Correctly Tracked,/root/vast/mustafa/dreem-experiments/paper-plots/uncertainty-microscopy/no-post-processing-no-weight-iou-entropies/9-1.frame_meta_entropy_histogram.csv,Lysosomes - Airyscan Confocal,9-1.
0.0054832440796733,Correctly Tracked,/root/vast/mustafa/dreem-experiments/paper-plots/uncertainty-microscopy/no-post-processing-no-weight-iou-entropies/9-1.frame_meta_entropy_histogram.csv,Lysosomes - Airyscan Confocal,9-1.
0.0237631666607173,Correctly Tracked,/root/vast/mustafa/dreem-experiments/paper-plots/uncertainty-microscopy/no-post-processing-no-weight-iou-entropies/9-1.frame_meta_entropy_histogram.csv,Lysosomes - Airyscan Confocal,9-1.
0.0349340729487401,Correctly Tracked,/root/vast/mustafa/dreem-experiments/paper-plots/uncertainty-microscopy/no-post-processing-no-weight-iou-entropies/9-1.frame_meta_entropy_histogram.csv,Lysosomes - Airyscan Confocal,9-1.
0.0013804383707799,Correctly Tracked,/root/vast/mustafa/dreem-experiments/paper-plots/uncertainty-microscopy/no-post-processing-no-weight-iou-entropies/9-1.frame_meta_entropy_histogram.csv,Lysosomes - Airyscan Confocal,9-1.
0.0024926947756793,Correctly Tracked,/root/vast/mustafa/dreem-experiments/paper-plots/uncertainty-microscopy/no-post-processing-no-weight-iou-entropies/9-1.frame_meta_entropy_histogram.csv,Lysosomes - Airyscan Confocal,9-1.
0.005493859986795,Correctly Tracked,/root/vast/mustafa/dreem-experiments/paper-plots/uncertainty-microscopy/no-post-processing-no-weight-iou-entropies/9-1.frame_meta_entropy_histogram.csv,Lysosomes - Airyscan Confocal,9-1.
0.0015650751301488,Correctly Tracked,/root/vast/mustafa/dreem-experiments/paper-plots/uncertainty-microscopy/no-post-processing-no-weight-iou-entropies/9-1.frame_meta_entropy_histogram.csv,Lysosomes - Airyscan Confocal,9-1.
0.0019710107989256,Correctly Tracked,/root/vast/mustafa/dreem-experiments/paper-plots/uncertainty-microscopy/no-post-processing-no-weight-iou-entropies/9-1.frame_meta_entropy_histogram.csv,Lysosomes - Airyscan Confocal,9-1.
1.5959831571929928e-05,Correctly Tracked,/root/vast/mustafa/dreem-experiments/paper-plots/uncertainty-microscopy/no-post-processing-no-weight-iou-entropies/9-1.frame_meta_entropy_histogram.csv,Lysosomes - Airyscan Confocal,9-1.
0.0032674866665099,Correctly Tracked,/root/vast/mustafa/dreem-experiments/paper-plots/uncertainty-microscopy/no-post-processing-no-weight-iou-entropies/9-1.frame_meta_entropy_histogram.csv,Lysosomes - Airyscan Confocal,9-1.
0.000227720871869,Correctly Tracked,/root/vast/mustafa/dreem-experiments/paper-plots/uncertainty-microscopy/no-post-processing-no-weight-iou-entropies/9-1.frame_meta_entropy_histogram.csv,Lysosomes - Airyscan Confocal,9-1.
0.0446117187568471,Correctly Tracked,/root/vast/mustafa/dreem-experiments/paper-plots/uncertainty-microscopy/no-post-processing-no-weight-iou-entropies/9-1.frame_meta_entropy_histogram.csv,Lysosomes - Airyscan Confocal,9-1.
0.0171534125567383,Correctly Tracked,/root/vast/mustafa/dreem-experiments/paper-plots/uncertainty-microscopy/no-post-processing-no-weight-iou-entropies/9-1.frame_meta_entropy_histogram.csv,Lysosomes - Airyscan Confocal,9-1.
0.0036581007677965,Correctly Tracked,/root/vast/mustafa/dreem-experiments/paper-plots/uncertainty-microscopy/no-post-processing-no-weight-iou-entropies/9-1.frame_meta_entropy_histogram.csv,Lysosomes - Airyscan Confocal,9-1.
0.0406209764906273,Correctly Tracked,/root/vast/mustafa/dreem-experiments/paper-plots/uncertainty-microscopy/no-post-processing-no-weight-iou-entropies/9-1.frame_meta_entropy_histogram.csv,Lysosomes - Airyscan Confocal,9-1.
0.0659995953314651,Correctly Tracked,/root/vast/mustafa/dreem-experiments/paper-plots/uncertainty-microscopy/no-post-processing-no-weight-iou-entropies/9-1.frame_meta_entropy_histogram.csv,Lysosomes - Airyscan Confocal,9-1.
0.0185245428010875,Correctly Tracked,/root/vast/mustafa/dreem-experiments/paper-plots/uncertainty-microscopy/no-post-processing-no-weight-iou-entropies/9-1.frame_meta_entropy_histogram.csv,Lysosomes - Airyscan Confocal,9-1.
0.0059475160170877,Correctly Tracked,/root/vast/mustafa/dreem-experiments/paper-plots/uncertainty-microscopy/no-post-processing-no-weight-iou-entropies/9-1.frame_meta_entropy_histogram.csv,Lysosomes - Airyscan Confocal,9-1.
1.464312024242853e-05,Correctly Tracked,/root/vast/mustafa/dreem-experiments/paper-plots/uncertainty-microscopy/no-post-processing-no-weight-iou-entropies/9-1.frame_meta_entropy_histogram.csv,Lysosomes - Airyscan Confocal,9-1.
0.0025657759288807,Correctly Tracked,/root/vast/mustafa/dreem-experiments/paper-plots/uncertainty-microscopy/no-post-processing-no-weight-iou-entropies/9-1.frame_meta_entropy_histogram.csv,Lysosomes - Airyscan Confocal,9-1.
0.0026779564255338,Correctly Tracked,/root/vast/mustafa/dreem-experiments/paper-plots/uncertainty-microscopy/no-post-processing-no-weight-iou-entropies/9-1.frame_meta_entropy_histogram.csv,Lysosomes - Airyscan Confocal,9-1.
0.0019288505767644,Correctly Tracked,/root/vast/mustafa/dreem-experiments/paper-plots/uncertainty-microscopy/no-post-processing-no-weight-iou-entropies/9-1.frame_meta_entropy_histogram.csv,Lysosomes - Airyscan Confocal,9-1.
0.0031584468923361,Correctly Tracked,/root/vast/mustafa/dreem-experiments/paper-plots/uncertainty-microscopy/no-post-processing-no-weight-iou-entropies/9-1.frame_meta_entropy_histogram.csv,Lysosomes - Airyscan Confocal,9-1.
0.0031831140977641,Correctly Tracked,/root/vast/mustafa/dreem-experiments/paper-plots/uncertainty-microscopy/no-post-processing-no-weight-iou-entropies/9-1.frame_meta_entropy_histogram.csv,Lysosomes - Airyscan Confocal,9-1.
0.0027727617126765,Correctly Tracked,/root/vast/mustafa/dreem-experiments/paper-plots/uncertainty-microscopy/no-post-processing-no-weight-iou-entropies/9-1.frame_meta_entropy_histogram.csv,Lysosomes - Airyscan Confocal,9-1.
0.0016274537532707,Correctly Tracked,/root/vast/mustafa/dreem-experiments/paper-plots/uncertainty-microscopy/no-post-processing-no-weight-iou-entropies/9-1.frame_meta_entropy_histogram.csv,Lysosomes - Airyscan Confocal,9-1.
0.0017800240494749,Correctly Tracked,/root/vast/mustafa/dreem-experiments/paper-plots/uncertainty-microscopy/no-post-processing-no-weight-iou-entropies/9-1.frame_meta_entropy_histogram.csv,Lysosomes - Airyscan Confocal,9-1.
0.0215559257154741,Correctly Tracked,/root/vast/mustafa/dreem-experiments/paper-plots/uncertainty-microscopy/no-post-processing-no-weight-iou-entropies/9-1.frame_meta_entropy_histogram.csv,Lysosomes - Airyscan Confocal,9-1.
0.0171609630656919,Correctly Tracked,/root/vast/mustafa/dreem-experiments/paper-plots/uncertainty-microscopy/no-post-processing-no-weight-iou-entropies/9-1.frame_meta_entropy_histogram.csv,Lysosomes - Airyscan Confocal,9-1.
1.6670392869046124e-05,Correctly Tracked,/root/vast/mustafa/dreem-experiments/paper-plots/uncertainty-microscopy/no-post-processing-no-weight-iou-entropies/9-1.frame_meta_entropy_histogram.csv,Lysosomes - Airyscan Confocal,9-1.
0.0282311806352737,Correctly Tracked,/root/vast/mustafa/dreem-experiments/paper-plots/uncertainty-microscopy/no-post-processing-no-weight-iou-entropies/9-1.frame_meta_entropy_histogram.csv,Lysosomes - Airyscan Confocal,9-1.
0.004737985947368,Correctly Tracked,/root/vast/mustafa/dreem-experiments/paper-plots/uncertainty-microscopy/no-post-processing-no-weight-iou-entropies/9-1.frame_meta_entropy_histogram.csv,Lysosomes - Airyscan Confocal,9-1.
0.0220075461815813,Correctly Tracked,/root/vast/mustafa/dreem-experiments/paper-plots/uncertainty-microscopy/no-post-processing-no-weight-iou-entropies/9-1.frame_meta_entropy_histogram.csv,Lysosomes - Airyscan Confocal,9-1.
0.040264939562446,Correctly Tracked,/root/vast/mustafa/dreem-experiments/paper-plots/uncertainty-microscopy/no-post-processing-no-weight-iou-entropies/9-1.frame_meta_entropy_histogram.csv,Lysosomes - Airyscan Confocal,9-1.
0.0036376794431415,Correctly Tracked,/root/vast/mustafa/dreem-experiments/paper-plots/uncertainty-microscopy/no-post-processing-no-weight-iou-entropies/9-1.frame_meta_entropy_histogram.csv,Lysosomes - Airyscan Confocal,9-1.
0.0080382278425442,Correctly Tracked,/root/vast/mustafa/dreem-experiments/paper-plots/uncertainty-microscopy/no-post-processing-no-weight-iou-entropies/9-1.frame_meta_entropy_histogram.csv,Lysosomes - Airyscan Confocal,9-1.
0.0083076406076697,Correctly Tracked,/root/vast/mustafa/dreem-experiments/paper-plots/uncertainty-microscopy/no-post-processing-no-weight-iou-entropies/9-1.frame_meta_entropy_histogram.csv,Lysosomes - Airyscan Confocal,9-1.
0.0242777413783324,Correctly Tracked,/root/vast/mustafa/dreem-experiments/paper-plots/uncertainty-microscopy/no-post-processing-no-weight-iou-entropies/9-1.frame_meta_entropy_histogram.csv,Lysosomes - Airyscan Confocal,9-1.
0.0078609806994002,Correctly Tracked,/root/vast/mustafa/dreem-experiments/paper-plots/uncertainty-microscopy/no-post-processing-no-weight-iou-entropies/9-1.frame_meta_entropy_histogram.csv,Lysosomes - Airyscan Confocal,9-1.
2.312990920710333e-05,Correctly Tracked,/root/vast/mustafa/dreem-experiments/paper-plots/uncertainty-microscopy/no-post-processing-no-weight-iou-entropies/9-1.frame_meta_entropy_histogram.csv,Lysosomes - Airyscan Confocal,9-1.
0.0174493659935597,Correctly Tracked,/root/vast/mustafa/dreem-experiments/paper-plots/uncertainty-microscopy/no-post-processing-no-weight-iou-entropies/9-1.frame_meta_entropy_histogram.csv,Lysosomes - Airyscan Confocal,9-1.
0.0050326308502554,Correctly Tracked,/root/vast/mustafa/dreem-experiments/paper-plots/uncertainty-microscopy/no-post-processing-no-weight-iou-entropies/9-1.frame_meta_entropy_histogram.csv,Lysosomes - Airyscan Confocal,9-1.
0.002873806865758,Correctly Tracked,/root/vast/mustafa/dreem-experiments/paper-plots/uncertainty-microscopy/no-post-processing-no-weight-iou-entropies/9-1.frame_meta_entropy_histogram.csv,Lysosomes - Airyscan Confocal,9-1.
0.0114427969216891,Correctly Tracked,/root/vast/mustafa/dreem-experiments/paper-plots/uncertainty-microscopy/no-post-processing-no-weight-iou-entropies/9-1.frame_meta_entropy_histogram.csv,Lysosomes - Airyscan Confocal,9-1.
0.0133292948980015,Correctly Tracked,/root/vast/mustafa/dreem-experiments/paper-plots/uncertainty-microscopy/no-post-processing-no-weight-iou-entropies/9-1.frame_meta_entropy_histogram.csv,Lysosomes - Airyscan Confocal,9-1.
0.0239998874695979,Correctly Tracked,/root/vast/mustafa/dreem-experiments/paper-plots/uncertainty-microscopy/no-post-processing-no-weight-iou-entropies/9-1.frame_meta_entropy_histogram.csv,Lysosomes - Airyscan Confocal,9-1.
0.0013569825309244,Correctly Tracked,/root/vast/mustafa/dreem-experiments/paper-plots/uncertainty-microscopy/no-post-processing-no-weight-iou-entropies/9-1.frame_meta_entropy_histogram.csv,Lysosomes - Airyscan Confocal,9-1.
0.0009303043546298,Correctly Tracked,/root/vast/mustafa/dreem-experiments/paper-plots/uncertainty-microscopy/no-post-processing-no-weight-iou-entropies/9-1.frame_meta_entropy_histogram.csv,Lysosomes - Airyscan Confocal,9-1.
1.5983708201634346e-05,Correctly Tracked,/root/vast/mustafa/dreem-experiments/paper-plots/uncertainty-microscopy/no-post-processing-no-weight-iou-entropies/9-1.frame_meta_entropy_histogram.csv,Lysosomes - Airyscan Confocal,9-1.
0.0075148130637681,Correctly Tracked,/root/vast/mustafa/dreem-experiments/paper-plots/uncertainty-microscopy/no-post-processing-no-weight-iou-entropies/9-1.frame_meta_entropy_histogram.csv,Lysosomes - Airyscan Confocal,9-1.
0.0137667423417154,Correctly Tracked,/root/vast/mustafa/dreem-experiments/paper-plots/uncertainty-microscopy/no-post-processing-no-weight-iou-entropies/9-1.frame_meta_entropy_histogram.csv,Lysosomes - Airyscan Confocal,9-1.
0.085691414276668,Correctly Tracked,/root/vast/mustafa/dreem-experiments/paper-plots/uncertainty-microscopy/no-post-processing-no-weight-iou-entropies/9-1.frame_meta_entropy_histogram.csv,Lysosomes - Airyscan Confocal,9-1.
0.1341653394847448,Correctly Tracked,/root/vast/mustafa/dreem-experiments/paper-plots/uncertainty-microscopy/no-post-processing-no-weight-iou-entropies/9-1.frame_meta_entropy_histogram.csv,Lysosomes - Airyscan Confocal,9-1.
0.1374627172483124,Correctly Tracked,/root/vast/mustafa/dreem-experiments/paper-plots/uncertainty-microscopy/no-post-processing-no-weight-iou-entropies/9-1.frame_meta_entropy_histogram.csv,Lysosomes - Airyscan Confocal,9-1.
0.1173578607569766,Correctly Tracked,/root/vast/mustafa/dreem-experiments/paper-plots/uncertainty-microscopy/no-post-processing-no-weight-iou-entropies/9-1.frame_meta_entropy_histogram.csv,Lysosomes - Airyscan Confocal,9-1.
0.1393696058169608,Correctly Tracked,/root/vast/mustafa/dreem-experiments/paper-plots/uncertainty-microscopy/no-post-processing-no-weight-iou-entropies/9-1.frame_meta_entropy_histogram.csv,Lysosomes - Airyscan Confocal,9-1.
0.0589823101897983,Correctly Tracked,/root/vast/mustafa/dreem-experiments/paper-plots/uncertainty-microscopy/no-post-processing-no-weight-iou-entropies/9-1.frame_meta_entropy_histogram.csv,Lysosomes - Airyscan Confocal,9-1.
0.0464242651322181,Correctly Tracked,/root/vast/mustafa/dreem-experiments/paper-plots/uncertainty-microscopy/no-post-processing-no-weight-iou-entropies/9-1.frame_meta_entropy_histogram.csv,Lysosomes - Airyscan Confocal,9-1.
1.366092064808852e-05,Correctly Tracked,/root/vast/mustafa/dreem-experiments/paper-plots/uncertainty-microscopy/no-post-processing-no-weight-iou-entropies/9-1.frame_meta_entropy_histogram.csv,Lysosomes - Airyscan Confocal,9-1.
0.0777342793823603,Correctly Tracked,/root/vast/mustafa/dreem-experiments/paper-plots/uncertainty-microscopy/no-post-processing-no-weight-iou-entropies/9-1.frame_meta_entropy_histogram.csv,Lysosomes - Airyscan Confocal,9-1.
0.0746640845620934,Correctly Tracked,/root/vast/mustafa/dreem-experiments/paper-plots/uncertainty-microscopy/no-post-processing-no-weight-iou-entropies/9-1.frame_meta_entropy_histogram.csv,Lysosomes - Airyscan Confocal,9-1.
0.0166360912134401,Correctly Tracked,/root/vast/mustafa/dreem-experiments/paper-plots/uncertainty-microscopy/no-post-processing-no-weight-iou-entropies/9-1.frame_meta_entropy_histogram.csv,Lysosomes - Airyscan Confocal,9-1.
0.0064976474251508,Correctly Tracked,/root/vast/mustafa/dreem-experiments/paper-plots/uncertainty-microscopy/no-post-processing-no-weight-iou-entropies/9-1.frame_meta_entropy_histogram.csv,Lysosomes - Airyscan Confocal,9-1.
0.0911637242793292,Correctly Tracked,/root/vast/mustafa/dreem-experiments/paper-plots/uncertainty-microscopy/no-post-processing-no-weight-iou-entropies/9-1.frame_meta_entropy_histogram.csv,Lysosomes - Airyscan Confocal,9-1.
0.0670452751387314,Correctly Tracked,/root/vast/mustafa/dreem-experiments/paper-plots/uncertainty-microscopy/no-post-processing-no-weight-iou-entropies/9-1.frame_meta_entropy_histogram.csv,Lysosomes - Airyscan Confocal,9-1.
0.0169195914325412,Correctly Tracked,/root/vast/mustafa/dreem-experiments/paper-plots/uncertainty-microscopy/no-post-processing-no-weight-iou-entropies/9-1.frame_meta_entropy_histogram.csv,Lysosomes - Airyscan Confocal,9-1.
0.0478995658859686,Correctly Tracked,/root/vast/mustafa/dreem-experiments/paper-plots/uncertainty-microscopy/no-post-processing-no-weight-iou-entropies/9-1.frame_meta_entropy_histogram.csv,Lysosomes - Airyscan Confocal,9-1.
1.362098581679259e-05,Correctly Tracked,/root/vast/mustafa/dreem-experiments/paper-plots/uncertainty-microscopy/no-post-processing-no-weight-iou-entropies/9-1.frame_meta_entropy_histogram.csv,Lysosomes - Airyscan Confocal,9-1.
0.0430314412222683,Correctly Tracked,/root/vast/mustafa/dreem-experiments/paper-plots/uncertainty-microscopy/no-post-processing-no-weight-iou-entropies/9-1.frame_meta_entropy_histogram.csv,Lysosomes - Airyscan Confocal,9-1.
0.077229078624624,Correctly Tracked,/root/vast/mustafa/dreem-experiments/paper-plots/uncertainty-microscopy/no-post-processing-no-weight-iou-entropies/9-1.frame_meta_entropy_histogram.csv,Lysosomes - Airyscan Confocal,9-1.
0.0456170295540723,Correctly Tracked,/root/vast/mustafa/dreem-experiments/paper-plots/uncertainty-microscopy/no-post-processing-no-weight-iou-entropies/9-1.frame_meta_entropy_histogram.csv,Lysosomes - Airyscan Confocal,9-1.
0.0580709800291569,Correctly Tracked,/root/vast/mustafa/dreem-experiments/paper-plots/uncertainty-microscopy/no-post-processing-no-weight-iou-entropies/9-1.frame_meta_entropy_histogram.csv,Lysosomes - Airyscan Confocal,9-1.
0.0017291536252651,Correctly Tracked,/root/vast/mustafa/dreem-experiments/paper-plots/uncertainty-microscopy/no-post-processing-no-weight-iou-entropies/9-1.frame_meta_entropy_histogram.csv,Lysosomes - Airyscan Confocal,9-1.
0.0039378754464662,Correctly Tracked,/root/vast/mustafa/dreem-experiments/paper-plots/uncertainty-microscopy/no-post-processing-no-weight-iou-entropies/9-1.frame_meta_entropy_histogram.csv,Lysosomes - Airyscan Confocal,9-1.
0.0557956989349143,Correctly Tracked,/root/vast/mustafa/dreem-experiments/paper-plots/uncertainty-microscopy/no-post-processing-no-weight-iou-entropies/9-1.frame_meta_entropy_histogram.csv,Lysosomes - Airyscan Confocal,9-1.
0.0976167881485793,Correctly Tracked,/root/vast/mustafa/dreem-experiments/paper-plots/uncertainty-microscopy/no-post-processing-no-weight-iou-entropies/9-1.frame_meta_entropy_histogram.csv,Lysosomes - Airyscan Confocal,9-1.
0.0094306652254479,Correctly Tracked,/root/vast/mustafa/dreem-experiments/paper-plots/uncertainty-microscopy/no-post-processing-no-weight-iou-entropies/9-1.frame_meta_entropy_histogram.csv,Lysosomes - Airyscan Confocal,9-1.
1.4275716499067338e-05,Correctly Tracked,/root/vast/mustafa/dreem-experiments/paper-plots/uncertainty-microscopy/no-post-processing-no-weight-iou-entropies/9-1.frame_meta_entropy_histogram.csv,Lysosomes - Airyscan Confocal,9-1.
0.0664304648537315,Correctly Tracked,/root/vast/mustafa/dreem-experiments/paper-plots/uncertainty-microscopy/no-post-processing-no-weight-iou-entropies/9-1.frame_meta_entropy_histogram.csv,Lysosomes - Airyscan Confocal,9-1.
0.0028261973816282,Correctly Tracked,/root/vast/mustafa/dreem-experiments/paper-plots/uncertainty-microscopy/no-post-processing-no-weight-iou-entropies/9-1.frame_meta_entropy_histogram.csv,Lysosomes - Airyscan Confocal,9-1.
0.0045033196843994,Correctly Tracked,/root/vast/mustafa/dreem-experiments/paper-plots/uncertainty-microscopy/no-post-processing-no-weight-iou-entropies/9-1.frame_meta_entropy_histogram.csv,Lysosomes - Airyscan Confocal,9-1.
0.0021084419631213,Correctly Tracked,/root/vast/mustafa/dreem-experiments/paper-plots/uncertainty-microscopy/no-post-processing-no-weight-iou-entropies/9-1.frame_meta_entropy_histogram.csv,Lysosomes - Airyscan Confocal,9-1.
0.0039818109119935,Correctly Tracked,/root/vast/mustafa/dreem-experiments/paper-plots/uncertainty-microscopy/no-post-processing-no-weight-iou-entropies/9-1.frame_meta_entropy_histogram.csv,Lysosomes - Airyscan Confocal,9-1.
0.0086578359848696,Correctly Tracked,/root/vast/mustafa/dreem-experiments/paper-plots/uncertainty-microscopy/no-post-processing-no-weight-iou-entropies/9-1.frame_meta_entropy_histogram.csv,Lysosomes - Airyscan Confocal,9-1.
0.0022073457966843,Correctly Tracked,/root/vast/mustafa/dreem-experiments/paper-plots/uncertainty-microscopy/no-post-processing-no-weight-iou-entropies/9-1.frame_meta_entropy_histogram.csv,Lysosomes - Airyscan Confocal,9-1.
0.0031029810825493,Correctly Tracked,/root/vast/mustafa/dreem-experiments/paper-plots/uncertainty-microscopy/no-post-processing-no-weight-iou-entropies/9-1.frame_meta_entropy_histogram.csv,Lysosomes - Airyscan Confocal,9-1.
0.0014693811667828,Correctly Tracked,/root/vast/mustafa/dreem-experiments/paper-plots/uncertainty-microscopy/no-post-processing-no-weight-iou-entropies/9-1.frame_meta_entropy_histogram.csv,Lysosomes - Airyscan Confocal,9-1.
1.646430319974945e-05,Correctly Tracked,/root/vast/mustafa/dreem-experiments/paper-plots/uncertainty-microscopy/no-post-processing-no-weight-iou-entropies/9-1.frame_meta_entropy_histogram.csv,Lysosomes - Airyscan Confocal,9-1.
0.0025358257775631,Correctly Tracked,/root/vast/mustafa/dreem-experiments/paper-plots/uncertainty-microscopy/no-post-processing-no-weight-iou-entropies/9-1.frame_meta_entropy_histogram.csv,Lysosomes - Airyscan Confocal,9-1.
0.0063900716542892,Correctly Tracked,/root/vast/mustafa/dreem-experiments/paper-plots/uncertainty-microscopy/no-post-processing-no-weight-iou-entropies/9-1.frame_meta_entropy_histogram.csv,Lysosomes - Airyscan Confocal,9-1.
0.0023473080083845,Correctly Tracked,/root/vast/mustafa/dreem-experiments/paper-plots/uncertainty-microscopy/no-post-processing-no-weight-iou-entropies/9-1.frame_meta_entropy_histogram.csv,Lysosomes - Airyscan Confocal,9-1.
0.0069659802468299,Correctly Tracked,/root/vast/mustafa/dreem-experiments/paper-plots/uncertainty-microscopy/no-post-processing-no-weight-iou-entropies/9-1.frame_meta_entropy_histogram.csv,Lysosomes - Airyscan Confocal,9-1.
0.0156213666850998,Correctly Tracked,/root/vast/mustafa/dreem-experiments/paper-plots/uncertainty-microscopy/no-post-processing-no-weight-iou-entropies/9-1.frame_meta_entropy_histogram.csv,Lysosomes - Airyscan Confocal,9-1.
0.0231915214241899,Correctly Tracked,/root/vast/mustafa/dreem-experiments/paper-plots/uncertainty-microscopy/no-post-processing-no-weight-iou-entropies/9-1.frame_meta_entropy_histogram.csv,Lysosomes - Airyscan Confocal,9-1.
0.0040500218965307,Correctly Tracked,/root/vast/mustafa/dreem-experiments/paper-plots/uncertainty-microscopy/no-post-processing-no-weight-iou-entropies/9-1.frame_meta_entropy_histogram.csv,Lysosomes - Airyscan Confocal,9-1.
0.011647447651838,Correctly Tracked,/root/vast/mustafa/dreem-experiments/paper-plots/uncertainty-microscopy/no-post-processing-no-weight-iou-entropies/9-1.frame_meta_entropy_histogram.csv,Lysosomes - Airyscan Confocal,9-1.
0.0037474025594664,Correctly Tracked,/root/vast/mustafa/dreem-experiments/paper-plots/uncertainty-microscopy/no-post-processing-no-weight-iou-entropies/9-1.frame_meta_entropy_histogram.csv,Lysosomes - Airyscan Confocal,9-1.
0.0043956619606873,Correctly Tracked,/root/vast/mustafa/dreem-experiments/paper-plots/uncertainty-microscopy/no-post-processing-no-weight-iou-entropies/9-1.frame_meta_entropy_histogram.csv,Lysosomes - Airyscan Confocal,9-1.
1.940452530905042e-05,Correctly Tracked,/root/vast/mustafa/dreem-experiments/paper-plots/uncertainty-microscopy/no-post-processing-no-weight-iou-entropies/9-1.frame_meta_entropy_histogram.csv,Lysosomes - Airyscan Confocal,9-1.
0.0029356357720568,Correctly Tracked,/root/vast/mustafa/dreem-experiments/paper-plots/uncertainty-microscopy/no-post-processing-no-weight-iou-entropies/9-1.frame_meta_entropy_histogram.csv,Lysosomes - Airyscan Confocal,9-1.
0.0092583551389564,Correctly Tracked,/root/vast/mustafa/dreem-experiments/paper-plots/uncertainty-microscopy/no-post-processing-no-weight-iou-entropies/9-1.frame_meta_entropy_histogram.csv,Lysosomes - Airyscan Confocal,9-1.
0.0354815661981281,Correctly Tracked,/root/vast/mustafa/dreem-experiments/paper-plots/uncertainty-microscopy/no-post-processing-no-weight-iou-entropies/9-1.frame_meta_entropy_histogram.csv,Lysosomes - Airyscan Confocal,9-1.
0.03509398465361,Correctly Tracked,/root/vast/mustafa/dreem-experiments/paper-plots/uncertainty-microscopy/no-post-processing-no-weight-iou-entropies/9-1.frame_meta_entropy_histogram.csv,Lysosomes - Airyscan Confocal,9-1.
0.0751774179350601,Correctly Tracked,/root/vast/mustafa/dreem-experiments/paper-plots/uncertainty-microscopy/no-post-processing-no-weight-iou-entropies/9-1.frame_meta_entropy_histogram.csv,Lysosomes - Airyscan Confocal,9-1.
0.0368270729195944,Correctly Tracked,/root/vast/mustafa/dreem-experiments/paper-plots/uncertainty-microscopy/no-post-processing-no-weight-iou-entropies/9-1.frame_meta_entropy_histogram.csv,Lysosomes - Airyscan Confocal,9-1.
0.0218836599856722,Correctly Tracked,/root/vast/mustafa/dreem-experiments/paper-plots/uncertainty-microscopy/no-post-processing-no-weight-iou-entropies/9-1.frame_meta_entropy_histogram.csv,Lysosomes - Airyscan Confocal,9-1.
0.020671914778609,Correctly Tracked,/root/vast/mustafa/dreem-experiments/paper-plots/uncertainty-microscopy/no-post-processing-no-weight-iou-entropies/9-1.frame_meta_entropy_histogram.csv,Lysosomes - Airyscan Confocal,9-1.
0.0844672700853887,Correctly Tracked,/root/vast/mustafa/dreem-experiments/paper-plots/uncertainty-microscopy/no-post-processing-no-weight-iou-entropies/9-1.frame_meta_entropy_histogram.csv,Lysosomes - Airyscan Confocal,9-1.
1.3386942589448414e-05,Correctly Tracked,/root/vast/mustafa/dreem-experiments/paper-plots/uncertainty-microscopy/no-post-processing-no-weight-iou-entropies/9-1.frame_meta_entropy_histogram.csv,Lysosomes - Airyscan Confocal,9-1.
0.0671859881831656,Correctly Tracked,/root/vast/mustafa/dreem-experiments/paper-plots/uncertainty-microscopy/no-post-processing-no-weight-iou-entropies/9-1.frame_meta_entropy_histogram.csv,Lysosomes - Airyscan Confocal,9-1.
0.0675322341560813,Correctly Tracked,/root/vast/mustafa/dreem-experiments/paper-plots/uncertainty-microscopy/no-post-processing-no-weight-iou-entropies/9-1.frame_meta_entropy_histogram.csv,Lysosomes - Airyscan Confocal,9-1.
0.014512932687696,Correctly Tracked,/root/vast/mustafa/dreem-experiments/paper-plots/uncertainty-microscopy/no-post-processing-no-weight-iou-entropies/9-1.frame_meta_entropy_histogram.csv,Lysosomes - Airyscan Confocal,9-1.
0.0048421477191493,Correctly Tracked,/root/vast/mustafa/dreem-experiments/paper-plots/uncertainty-microscopy/no-post-processing-no-weight-iou-entropies/9-1.frame_meta_entropy_histogram.csv,Lysosomes - Airyscan Confocal,9-1.
0.0046363008389387,Correctly Tracked,/root/vast/mustafa/dreem-experiments/paper-plots/uncertainty-microscopy/no-post-processing-no-weight-iou-entropies/9-1.frame_meta_entropy_histogram.csv,Lysosomes - Airyscan Confocal,9-1.
0.0352164390850121,Correctly Tracked,/root/vast/mustafa/dreem-experiments/paper-plots/uncertainty-microscopy/no-post-processing-no-weight-iou-entropies/9-1.frame_meta_entropy_histogram.csv,Lysosomes - Airyscan Confocal,9-1.
0.0039412532898772,Correctly Tracked,/root/vast/mustafa/dreem-experiments/paper-plots/uncertainty-microscopy/no-post-processing-no-weight-iou-entropies/9-1.frame_meta_entropy_histogram.csv,Lysosomes - Airyscan Confocal,9-1.
1.4833083447476676e-05,Correctly Tracked,/root/vast/mustafa/dreem-experiments/paper-plots/uncertainty-microscopy/no-post-processing-no-weight-iou-entropies/9-1.frame_meta_entropy_histogram.csv,Lysosomes - Airyscan Confocal,9-1.
0.0042796329943269,Correctly Tracked,/root/vast/mustafa/dreem-experiments/paper-plots/uncertainty-microscopy/no-post-processing-no-weight-iou-entropies/9-1.frame_meta_entropy_histogram.csv,Lysosomes - Airyscan Confocal,9-1.
0.0009539149106205,Correctly Tracked,/root/vast/mustafa/dreem-experiments/paper-plots/uncertainty-microscopy/no-post-processing-no-weight-iou-entropies/9-1.frame_meta_entropy_histogram.csv,Lysosomes - Airyscan Confocal,9-1.
0.0046001026866566,Correctly Tracked,/root/vast/mustafa/dreem-experiments/paper-plots/uncertainty-microscopy/no-post-processing-no-weight-iou-entropies/9-1.frame_meta_entropy_histogram.csv,Lysosomes - Airyscan Confocal,9-1.
0.0019414401314878,Correctly Tracked,/root/vast/mustafa/dreem-experiments/paper-plots/uncertainty-microscopy/no-post-processing-no-weight-iou-entropies/9-1.frame_meta_entropy_histogram.csv,Lysosomes - Airyscan Confocal,9-1.
0.0006501955373156,Correctly Tracked,/root/vast/mustafa/dreem-experiments/paper-plots/uncertainty-microscopy/no-post-processing-no-weight-iou-entropies/9-1.frame_meta_entropy_histogram.csv,Lysosomes - Airyscan Confocal,9-1.
0.0005078979706713,Correctly Tracked,/root/vast/mustafa/dreem-experiments/paper-plots/uncertainty-microscopy/no-post-processing-no-weight-iou-entropies/9-1.frame_meta_entropy_histogram.csv,Lysosomes - Airyscan Confocal,9-1.
0.0003155077786545,Correctly Tracked,/root/vast/mustafa/dreem-experiments/paper-plots/uncertainty-microscopy/no-post-processing-no-weight-iou-entropies/9-1.frame_meta_entropy_histogram.csv,Lysosomes - Airyscan Confocal,9-1.
0.0409237778112274,Correctly Tracked,/root/vast/mustafa/dreem-experiments/paper-plots/uncertainty-microscopy/no-post-processing-no-weight-iou-entropies/9-1.frame_meta_entropy_histogram.csv,Lysosomes - Airyscan Confocal,9-1.
0.0002767798593812,Correctly Tracked,/root/vast/mustafa/dreem-experiments/paper-plots/uncertainty-microscopy/no-post-processing-no-weight-iou-entropies/9-1.frame_meta_entropy_histogram.csv,Lysosomes - Airyscan Confocal,9-1.
2.0423819772766075e-05,Correctly Tracked,/root/vast/mustafa/dreem-experiments/paper-plots/uncertainty-microscopy/no-post-processing-no-weight-iou-entropies/9-1.frame_meta_entropy_histogram.csv,Lysosomes - Airyscan Confocal,9-1.
0.0537609639193717,Correctly Tracked,/root/vast/mustafa/dreem-experiments/paper-plots/uncertainty-microscopy/no-post-processing-no-weight-iou-entropies/9-1.frame_meta_entropy_histogram.csv,Lysosomes - Airyscan Confocal,9-1.
0.0119910723387244,Correctly Tracked,/root/vast/mustafa/dreem-experiments/paper-plots/uncertainty-microscopy/no-post-processing-no-weight-iou-entropies/9-1.frame_meta_entropy_histogram.csv,Lysosomes - Airyscan Confocal,9-1.
0.0162426247311375,Correctly Tracked,/root/vast/mustafa/dreem-experiments/paper-plots/uncertainty-microscopy/no-post-processing-no-weight-iou-entropies/9-1.frame_meta_entropy_histogram.csv,Lysosomes - Airyscan Confocal,9-1.
0.0083239534430952,Correctly Tracked,/root/vast/mustafa/dreem-experiments/paper-plots/uncertainty-microscopy/no-post-processing-no-weight-iou-entropies/9-1.frame_meta_entropy_histogram.csv,Lysosomes - Airyscan Confocal,9-1.
0.0056592950727557,Correctly Tracked,/root/vast/mustafa/dreem-experiments/paper-plots/uncertainty-microscopy/no-post-processing-no-weight-iou-entropies/9-1.frame_meta_entropy_histogram.csv,Lysosomes - Airyscan Confocal,9-1.
0.0025836726839219,Correctly Tracked,/root/vast/mustafa/dreem-experiments/paper-plots/uncertainty-microscopy/no-post-processing-no-weight-iou-entropies/9-1.frame_meta_entropy_histogram.csv,Lysosomes - Airyscan Confocal,9-1.
0.0376561899088432,Correctly Tracked,/root/vast/mustafa/dreem-experiments/paper-plots/uncertainty-microscopy/no-post-processing-no-weight-iou-entropies/9-1.frame_meta_entropy_histogram.csv,Lysosomes - Airyscan Confocal,9-1.
0.0399843498747291,Correctly Tracked,/root/vast/mustafa/dreem-experiments/paper-plots/uncertainty-microscopy/no-post-processing-no-weight-iou-entropies/9-1.frame_meta_entropy_histogram.csv,Lysosomes - Airyscan Confocal,9-1.
0.012130953802763,Correctly Tracked,/root/vast/mustafa/dreem-experiments/paper-plots/uncertainty-microscopy/no-post-processing-no-weight-iou-entropies/9-1.frame_meta_entropy_histogram.csv,Lysosomes - Airyscan Confocal,9-1.
0.0058872529525699,Correctly Tracked,/root/vast/mustafa/dreem-experiments/paper-plots/uncertainty-microscopy/no-post-processing-no-weight-iou-entropies/9-1.frame_meta_entropy_histogram.csv,Lysosomes - Airyscan Confocal,9-1.
2.330562434791321e-05,Correctly Tracked,/root/vast/mustafa/dreem-experiments/paper-plots/uncertainty-microscopy/no-post-processing-no-weight-iou-entropies/9-1.frame_meta_entropy_histogram.csv,Lysosomes - Airyscan Confocal,9-1.
0.0538632700014225,Correctly Tracked,/root/vast/mustafa/dreem-experiments/paper-plots/uncertainty-microscopy/no-post-processing-no-weight-iou-entropies/9-1.frame_meta_entropy_histogram.csv,Lysosomes - Airyscan Confocal,9-1.
0.069771441533804,Correctly Tracked,/root/vast/mustafa/dreem-experiments/paper-plots/uncertainty-microscopy/no-post-processing-no-weight-iou-entropies/9-1.frame_meta_entropy_histogram.csv,Lysosomes - Airyscan Confocal,9-1.
0.0566433276268808,Correctly Tracked,/root/vast/mustafa/dreem-experiments/paper-plots/uncertainty-microscopy/no-post-processing-no-weight-iou-entropies/9-1.frame_meta_entropy_histogram.csv,Lysosomes - Airyscan Confocal,9-1.
0.0881553893989774,Correctly Tracked,/root/vast/mustafa/dreem-experiments/paper-plots/uncertainty-microscopy/no-post-processing-no-weight-iou-entropies/9-1.frame_meta_entropy_histogram.csv,Lysosomes - Airyscan Confocal,9-1.
0.1608762320720593,Correctly Tracked,/root/vast/mustafa/dreem-experiments/paper-plots/uncertainty-microscopy/no-post-processing-no-weight-iou-entropies/9-1.frame_meta_entropy_histogram.csv,Lysosomes - Airyscan Confocal,9-1.
0.0471302648361264,Correctly Tracked,/root/vast/mustafa/dreem-experiments/paper-plots/uncertainty-microscopy/no-post-processing-no-weight-iou-entropies/9-1.frame_meta_entropy_histogram.csv,Lysosomes - Airyscan Confocal,9-1.
0.0221528847413169,Correctly Tracked,/root/vast/mustafa/dreem-experiments/paper-plots/uncertainty-microscopy/no-post-processing-no-weight-iou-entropies/9-1.frame_meta_entropy_histogram.csv,Lysosomes - Airyscan Confocal,9-1.
0.01393861795758,Correctly Tracked,/root/vast/mustafa/dreem-experiments/paper-plots/uncertainty-microscopy/no-post-processing-no-weight-iou-entropies/9-1.frame_meta_entropy_histogram.csv,Lysosomes - Airyscan Confocal,9-1.
0.0090061072778646,Correctly Tracked,/root/vast/mustafa/dreem-experiments/paper-plots/uncertainty-microscopy/no-post-processing-no-weight-iou-entropies/9-1.frame_meta_entropy_histogram.csv,Lysosomes - Airyscan Confocal,9-1.
2.2960003453793868e-05,Correctly Tracked,/root/vast/mustafa/dreem-experiments/paper-plots/uncertainty-microscopy/no-post-processing-no-weight-iou-entropies/9-1.frame_meta_entropy_histogram.csv,Lysosomes - Airyscan Confocal,9-1.
0.0048305815205177,Correctly Tracked,/root/vast/mustafa/dreem-experiments/paper-plots/uncertainty-microscopy/no-post-processing-no-weight-iou-entropies/9-1.frame_meta_entropy_histogram.csv,Lysosomes - Airyscan Confocal,9-1.
0.0040327696162961,Correctly Tracked,/root/vast/mustafa/dreem-experiments/paper-plots/uncertainty-microscopy/no-post-processing-no-weight-iou-entropies/9-1.frame_meta_entropy_histogram.csv,Lysosomes - Airyscan Confocal,9-1.
0.0042053957635974,Correctly Tracked,/root/vast/mustafa/dreem-experiments/paper-plots/uncertainty-microscopy/no-post-processing-no-weight-iou-entropies/9-1.frame_meta_entropy_histogram.csv,Lysosomes - Airyscan Confocal,9-1.
0.0923351197593748,Correctly Tracked,/root/vast/mustafa/dreem-experiments/paper-plots/uncertainty-microscopy/no-post-processing-no-weight-iou-entropies/9-1.frame_meta_entropy_histogram.csv,Lysosomes - Airyscan Confocal,9-1.
0.0803440630881071,Correctly Tracked,/root/vast/mustafa/dreem-experiments/paper-plots/uncertainty-microscopy/no-post-processing-no-weight-iou-entropies/9-1.frame_meta_entropy_histogram.csv,Lysosomes - Airyscan Confocal,9-1.
0.0432121810030735,Correctly Tracked,/root/vast/mustafa/dreem-experiments/paper-plots/uncertainty-microscopy/no-post-processing-no-weight-iou-entropies/9-1.frame_meta_entropy_histogram.csv,Lysosomes - Airyscan Confocal,9-1.
0.0955933529849039,Correctly Tracked,/root/vast/mustafa/dreem-experiments/paper-plots/uncertainty-microscopy/no-post-processing-no-weight-iou-entropies/9-1.frame_meta_entropy_histogram.csv,Lysosomes - Airyscan Confocal,9-1.
0.0971119200230012,Correctly Tracked,/root/vast/mustafa/dreem-experiments/paper-plots/uncertainty-microscopy/no-post-processing-no-weight-iou-entropies/9-1.frame_meta_entropy_histogram.csv,Lysosomes - Airyscan Confocal,9-1.
0.0240398563568981,Correctly Tracked,/root/vast/mustafa/dreem-experiments/paper-plots/uncertainty-microscopy/no-post-processing-no-weight-iou-entropies/9-1.frame_meta_entropy_histogram.csv,Lysosomes - Airyscan Confocal,9-1.
0.0642894851985547,Correctly Tracked,/root/vast/mustafa/dreem-experiments/paper-plots/uncertainty-microscopy/no-post-processing-no-weight-iou-entropies/9-1.frame_meta_entropy_histogram.csv,Lysosomes - Airyscan Confocal,9-1.
0.0135825280010836,Correctly Tracked,/root/vast/mustafa/dreem-experiments/paper-plots/uncertainty-microscopy/no-post-processing-no-weight-iou-entropies/9-1.frame_meta_entropy_histogram.csv,Lysosomes - Airyscan Confocal,9-1.
0.0275417498694489,Correctly Tracked,/root/vast/mustafa/dreem-experiments/paper-plots/uncertainty-microscopy/no-post-processing-no-weight-iou-entropies/9-1.frame_meta_entropy_histogram.csv,Lysosomes - Airyscan Confocal,9-1.
0.0581720134316459,Correctly Tracked,/root/vast/mustafa/dreem-experiments/paper-plots/uncertainty-microscopy/no-post-processing-no-weight-iou-entropies/9-1.frame_meta_entropy_histogram.csv,Lysosomes - Airyscan Confocal,9-1.
0.0614592579662779,Correctly Tracked,/root/vast/mustafa/dreem-experiments/paper-plots/uncertainty-microscopy/no-post-processing-no-weight-iou-entropies/9-1.frame_meta_entropy_histogram.csv,Lysosomes - Airyscan Confocal,9-1.
0.031072179846645,Correctly Tracked,/root/vast/mustafa/dreem-experiments/paper-plots/uncertainty-microscopy/no-post-processing-no-weight-iou-entropies/9-1.frame_meta_entropy_histogram.csv,Lysosomes - Airyscan Confocal,9-1.
0.0903651274957851,Correctly Tracked,/root/vast/mustafa/dreem-experiments/paper-plots/uncertainty-microscopy/no-post-processing-no-weight-iou-entropies/9-1.frame_meta_entropy_histogram.csv,Lysosomes - Airyscan Confocal,9-1.
0.05096754797927,Correctly Tracked,/root/vast/mustafa/dreem-experiments/paper-plots/uncertainty-microscopy/no-post-processing-no-weight-iou-entropies/9-1.frame_meta_entropy_histogram.csv,Lysosomes - Airyscan Confocal,9-1.
0.0620015447992765,Correctly Tracked,/root/vast/mustafa/dreem-experiments/paper-plots/uncertainty-microscopy/no-post-processing-no-weight-iou-entropies/9-1.frame_meta_entropy_histogram.csv,Lysosomes - Airyscan Confocal,9-1.
0.0416769196872389,Correctly Tracked,/root/vast/mustafa/dreem-experiments/paper-plots/uncertainty-microscopy/no-post-processing-no-weight-iou-entropies/9-1.frame_meta_entropy_histogram.csv,Lysosomes - Airyscan Confocal,9-1.
0.0654781148810002,Correctly Tracked,/root/vast/mustafa/dreem-experiments/paper-plots/uncertainty-microscopy/no-post-processing-no-weight-iou-entropies/9-1.frame_meta_entropy_histogram.csv,Lysosomes - Airyscan Confocal,9-1.
0.0389698724101295,Correctly Tracked,/root/vast/mustafa/dreem-experiments/paper-plots/uncertainty-microscopy/no-post-processing-no-weight-iou-entropies/9-1.frame_meta_entropy_histogram.csv,Lysosomes - Airyscan Confocal,9-1.
0.0365776831641663,Correctly Tracked,/root/vast/mustafa/dreem-experiments/paper-plots/uncertainty-microscopy/no-post-processing-no-weight-iou-entropies/9-1.frame_meta_entropy_histogram.csv,Lysosomes - Airyscan Confocal,9-1.
0.044922864805938,Correctly Tracked,/root/vast/mustafa/dreem-experiments/paper-plots/uncertainty-microscopy/no-post-processing-no-weight-iou-entropies/9-1.frame_meta_entropy_histogram.csv,Lysosomes - Airyscan Confocal,9-1.
0.0019449763066009,Correctly Tracked,/root/vast/mustafa/dreem-experiments/paper-plots/uncertainty-microscopy/no-post-processing-no-weight-iou-entropies/9-1.frame_meta_entropy_histogram.csv,Lysosomes - Airyscan Confocal,9-1.
0.0465864642857701,Correctly Tracked,/root/vast/mustafa/dreem-experiments/paper-plots/uncertainty-microscopy/no-post-processing-no-weight-iou-entropies/9-1.frame_meta_entropy_histogram.csv,Lysosomes - Airyscan Confocal,9-1.
0.0112744742029346,Correctly Tracked,/root/vast/mustafa/dreem-experiments/paper-plots/uncertainty-microscopy/no-post-processing-no-weight-iou-entropies/9-1.frame_meta_entropy_histogram.csv,Lysosomes - Airyscan Confocal,9-1.
0.002077211901108,Correctly Tracked,/root/vast/mustafa/dreem-experiments/paper-plots/uncertainty-microscopy/no-post-processing-no-weight-iou-entropies/9-1.frame_meta_entropy_histogram.csv,Lysosomes - Airyscan Confocal,9-1.
0.0004210301334687,Correctly Tracked,/root/vast/mustafa/dreem-experiments/paper-plots/uncertainty-microscopy/no-post-processing-no-weight-iou-entropies/9-1.frame_meta_entropy_histogram.csv,Lysosomes - Airyscan Confocal,9-1.
0.0002616434013857,Correctly Tracked,/root/vast/mustafa/dreem-experiments/paper-plots/uncertainty-microscopy/no-post-processing-no-weight-iou-entropies/9-1.frame_meta_entropy_histogram.csv,Lysosomes - Airyscan Confocal,9-1.
0.0002095062670657,Correctly Tracked,/root/vast/mustafa/dreem-experiments/paper-plots/uncertainty-microscopy/no-post-processing-no-weight-iou-entropies/9-1.frame_meta_entropy_histogram.csv,Lysosomes - Airyscan Confocal,9-1.
0.0002383059336852,Correctly Tracked,/root/vast/mustafa/dreem-experiments/paper-plots/uncertainty-microscopy/no-post-processing-no-weight-iou-entropies/9-1.frame_meta_entropy_histogram.csv,Lysosomes - Airyscan Confocal,9-1.
4.3406561753e-05,Correctly Tracked,/root/vast/mustafa/dreem-experiments/paper-plots/uncertainty-microscopy/no-post-processing-no-weight-iou-entropies/9-1.frame_meta_entropy_histogram.csv,Lysosomes - Airyscan Confocal,9-1.
6.977843166754448e-05,Correctly Tracked,/root/vast/mustafa/dreem-experiments/paper-plots/uncertainty-microscopy/no-post-processing-no-weight-iou-entropies/9-1.frame_meta_entropy_histogram.csv,Lysosomes - Airyscan Confocal,9-1.
0.0002181627628804,Correctly Tracked,/root/vast/mustafa/dreem-experiments/paper-plots/uncertainty-microscopy/no-post-processing-no-weight-iou-entropies/9-1.frame_meta_entropy_histogram.csv,Lysosomes - Airyscan Confocal,9-1.
0.0002982059915163,Correctly Tracked,/root/vast/mustafa/dreem-experiments/paper-plots/uncertainty-microscopy/no-post-processing-no-weight-iou-entropies/9-1.frame_meta_entropy_histogram.csv,Lysosomes - Airyscan Confocal,9-1.
0.0001323464436465,Correctly Tracked,/root/vast/mustafa/dreem-experiments/paper-plots/uncertainty-microscopy/no-post-processing-no-weight-iou-entropies/9-1.frame_meta_entropy_histogram.csv,Lysosomes - Airyscan Confocal,9-1.
0.0010014984831873,Correctly Tracked,/root/vast/mustafa/dreem-experiments/paper-plots/uncertainty-microscopy/no-post-processing-no-weight-iou-entropies/9-1.frame_meta_entropy_histogram.csv,Lysosomes - Airyscan Confocal,9-1.
6.505425564172754e-05,Correctly Tracked,/root/vast/mustafa/dreem-experiments/paper-plots/uncertainty-microscopy/no-post-processing-no-weight-iou-entropies/9-1.frame_meta_entropy_histogram.csv,Lysosomes - Airyscan Confocal,9-1.
0.0002036453577364,Correctly Tracked,/root/vast/mustafa/dreem-experiments/paper-plots/uncertainty-microscopy/no-post-processing-no-weight-iou-entropies/9-1.frame_meta_entropy_histogram.csv,Lysosomes - Airyscan Confocal,9-1.
0.000279759971598,Correctly Tracked,/root/vast/mustafa/dreem-experiments/paper-plots/uncertainty-microscopy/no-post-processing-no-weight-iou-entropies/9-1.frame_meta_entropy_histogram.csv,Lysosomes - Airyscan Confocal,9-1.
0.0058756409567571,Correctly Tracked,/root/vast/mustafa/dreem-experiments/paper-plots/uncertainty-microscopy/no-post-processing-no-weight-iou-entropies/9-1.frame_meta_entropy_histogram.csv,Lysosomes - Airyscan Confocal,9-1.
0.0001742464485592,Correctly Tracked,/root/vast/mustafa/dreem-experiments/paper-plots/uncertainty-microscopy/no-post-processing-no-weight-iou-entropies/9-1.frame_meta_entropy_histogram.csv,Lysosomes - Airyscan Confocal,9-1.
0.0027323363600506,Correctly Tracked,/root/vast/mustafa/dreem-experiments/paper-plots/uncertainty-microscopy/no-post-processing-no-weight-iou-entropies/9-1.frame_meta_entropy_histogram.csv,Lysosomes - Airyscan Confocal,9-1.
0.0002281289224938,Correctly Tracked,/root/vast/mustafa/dreem-experiments/paper-plots/uncertainty-microscopy/no-post-processing-no-weight-iou-entropies/9-1.frame_meta_entropy_histogram.csv,Lysosomes - Airyscan Confocal,9-1.
4.537060079731714e-05,Correctly Tracked,/root/vast/mustafa/dreem-experiments/paper-plots/uncertainty-microscopy/no-post-processing-no-weight-iou-entropies/9-1.frame_meta_entropy_histogram.csv,Lysosomes - Airyscan Confocal,9-1.
0.0002803238682226,Correctly Tracked,/root/vast/mustafa/dreem-experiments/paper-plots/uncertainty-microscopy/no-post-processing-no-weight-iou-entropies/9-1.frame_meta_entropy_histogram.csv,Lysosomes - Airyscan Confocal,9-1.
0.0002828997713545,Correctly Tracked,/root/vast/mustafa/dreem-experiments/paper-plots/uncertainty-microscopy/no-post-processing-no-weight-iou-entropies/9-1.frame_meta_entropy_histogram.csv,Lysosomes - Airyscan Confocal,9-1.
0.0060953005078562,Correctly Tracked,/root/vast/mustafa/dreem-experiments/paper-plots/uncertainty-microscopy/no-post-processing-no-weight-iou-entropies/9-1.frame_meta_entropy_histogram.csv,Lysosomes - Airyscan Confocal,9-1.
0.0409538641488996,Correctly Tracked,/root/vast/mustafa/dreem-experiments/paper-plots/uncertainty-microscopy/no-post-processing-no-weight-iou-entropies/9-1.frame_meta_entropy_histogram.csv,Lysosomes - Airyscan Confocal,9-1.
0.0079122765553196,Correctly Tracked,/root/vast/mustafa/dreem-experiments/paper-plots/uncertainty-microscopy/no-post-processing-no-weight-iou-entropies/9-1.frame_meta_entropy_histogram.csv,Lysosomes - Airyscan Confocal,9-1.
0.0006581902337322,Correctly Tracked,/root/vast/mustafa/dreem-experiments/paper-plots/uncertainty-microscopy/no-post-processing-no-weight-iou-entropies/9-1.frame_meta_entropy_histogram.csv,Lysosomes - Airyscan Confocal,9-1.
0.0030415447665604,Correctly Tracked,/root/vast/mustafa/dreem-experiments/paper-plots/uncertainty-microscopy/no-post-processing-no-weight-iou-entropies/9-1.frame_meta_entropy_histogram.csv,Lysosomes - Airyscan Confocal,9-1.
0.0022518532750308,Correctly Tracked,/root/vast/mustafa/dreem-experiments/paper-plots/uncertainty-microscopy/no-post-processing-no-weight-iou-entropies/9-1.frame_meta_entropy_histogram.csv,Lysosomes - Airyscan Confocal,9-1.
0.0016480614302715,Correctly Tracked,/root/vast/mustafa/dreem-experiments/paper-plots/uncertainty-microscopy/no-post-processing-no-weight-iou-entropies/9-1.frame_meta_entropy_histogram.csv,Lysosomes - Airyscan Confocal,9-1.
9.85071863328136e-06,Correctly Tracked,/root/vast/mustafa/dreem-experiments/paper-plots/uncertainty-microscopy/no-post-processing-no-weight-iou-entropies/9-1.frame_meta_entropy_histogram.csv,Lysosomes - Airyscan Confocal,9-1.
0.0007306509405823,Correctly Tracked,/root/vast/mustafa/dreem-experiments/paper-plots/uncertainty-microscopy/no-post-processing-no-weight-iou-entropies/9-1.frame_meta_entropy_histogram.csv,Lysosomes - Airyscan Confocal,9-1.
0.0003761215531652,Correctly Tracked,/root/vast/mustafa/dreem-experiments/paper-plots/uncertainty-microscopy/no-post-processing-no-weight-iou-entropies/9-1.frame_meta_entropy_histogram.csv,Lysosomes - Airyscan Confocal,9-1.
0.0003674877299681,Correctly Tracked,/root/vast/mustafa/dreem-experiments/paper-plots/uncertainty-microscopy/no-post-processing-no-weight-iou-entropies/9-1.frame_meta_entropy_histogram.csv,Lysosomes - Airyscan Confocal,9-1.
0.0001333883765966,Correctly Tracked,/root/vast/mustafa/dreem-experiments/paper-plots/uncertainty-microscopy/no-post-processing-no-weight-iou-entropies/9-1.frame_meta_entropy_histogram.csv,Lysosomes - Airyscan Confocal,9-1.
4.611218276427705e-05,Correctly Tracked,/root/vast/mustafa/dreem-experiments/paper-plots/uncertainty-microscopy/no-post-processing-no-weight-iou-entropies/9-1.frame_meta_entropy_histogram.csv,Lysosomes - Airyscan Confocal,9-1.
6.059328159028131e-05,Correctly Tracked,/root/vast/mustafa/dreem-experiments/paper-plots/uncertainty-microscopy/no-post-processing-no-weight-iou-entropies/9-1.frame_meta_entropy_histogram.csv,Lysosomes - Airyscan Confocal,9-1.
6.394218634241717e-05,Correctly Tracked,/root/vast/mustafa/dreem-experiments/paper-plots/uncertainty-microscopy/no-post-processing-no-weight-iou-entropies/9-1.frame_meta_entropy_histogram.csv,Lysosomes - Airyscan Confocal,9-1.
0.0002930324541888,Correctly Tracked,/root/vast/mustafa/dreem-experiments/paper-plots/uncertainty-microscopy/no-post-processing-no-weight-iou-entropies/9-1.frame_meta_entropy_histogram.csv,Lysosomes - Airyscan Confocal,9-1.
0.000166260075479,Correctly Tracked,/root/vast/mustafa/dreem-experiments/paper-plots/uncertainty-microscopy/no-post-processing-no-weight-iou-entropies/9-1.frame_meta_entropy_histogram.csv,Lysosomes - Airyscan Confocal,9-1.
7.467168723313253e-05,Correctly Tracked,/root/vast/mustafa/dreem-experiments/paper-plots/uncertainty-microscopy/no-post-processing-no-weight-iou-entropies/9-1.frame_meta_entropy_histogram.csv,Lysosomes - Airyscan Confocal,9-1.
2.035082816133962e-05,Correctly Tracked,/root/vast/mustafa/dreem-experiments/paper-plots/uncertainty-microscopy/no-post-processing-no-weight-iou-entropies/9-1.frame_meta_entropy_histogram.csv,Lysosomes - Airyscan Confocal,9-1.
6.22681694350233e-05,Correctly Tracked,/root/vast/mustafa/dreem-experiments/paper-plots/uncertainty-microscopy/no-post-processing-no-weight-iou-entropies/9-1.frame_meta_entropy_histogram.csv,Lysosomes - Airyscan Confocal,9-1.
5.32401176242828e-05,Correctly Tracked,/root/vast/mustafa/dreem-experiments/paper-plots/uncertainty-microscopy/no-post-processing-no-weight-iou-entropies/9-1.frame_meta_entropy_histogram.csv,Lysosomes - Airyscan Confocal,9-1.
0.0001026263892686,Correctly Tracked,/root/vast/mustafa/dreem-experiments/paper-plots/uncertainty-microscopy/no-post-processing-no-weight-iou-entropies/9-1.frame_meta_entropy_histogram.csv,Lysosomes - Airyscan Confocal,9-1.
0.0005915655038643,Correctly Tracked,/root/vast/mustafa/dreem-experiments/paper-plots/uncertainty-microscopy/no-post-processing-no-weight-iou-entropies/9-1.frame_meta_entropy_histogram.csv,Lysosomes - Airyscan Confocal,9-1.
0.0093058715222376,Correctly Tracked,/root/vast/mustafa/dreem-experiments/paper-plots/uncertainty-microscopy/no-post-processing-no-weight-iou-entropies/9-1.frame_meta_entropy_histogram.csv,Lysosomes - Airyscan Confocal,9-1.
0.0332556882105134,Correctly Tracked,/root/vast/mustafa/dreem-experiments/paper-plots/uncertainty-microscopy/no-post-processing-no-weight-iou-entropies/9-1.frame_meta_entropy_histogram.csv,Lysosomes - Airyscan Confocal,9-1.
0.0427201650127677,Correctly Tracked,/root/vast/mustafa/dreem-experiments/paper-plots/uncertainty-microscopy/no-post-processing-no-weight-iou-entropies/9-1.frame_meta_entropy_histogram.csv,Lysosomes - Airyscan Confocal,9-1.
0.0256847006858388,Correctly Tracked,/root/vast/mustafa/dreem-experiments/paper-plots/uncertainty-microscopy/no-post-processing-no-weight-iou-entropies/9-1.frame_meta_entropy_histogram.csv,Lysosomes - Airyscan Confocal,9-1.
0.0326444886716946,Correctly Tracked,/root/vast/mustafa/dreem-experiments/paper-plots/uncertainty-microscopy/no-post-processing-no-weight-iou-entropies/9-1.frame_meta_entropy_histogram.csv,Lysosomes - Airyscan Confocal,9-1.
0.0134155912496551,Correctly Tracked,/root/vast/mustafa/dreem-experiments/paper-plots/uncertainty-microscopy/no-post-processing-no-weight-iou-entropies/9-1.frame_meta_entropy_histogram.csv,Lysosomes - Airyscan Confocal,9-1.
0.022446931579289,ID Switch,/root/vast/mustafa/dreem-experiments/paper-plots/uncertainty-microscopy/no-post-processing-no-weight-iou-entropies/9-2.frame_meta_entropy_histogram.csv,Lysosomes - Airyscan Confocal,9-2.
0.0757314427761075,ID Switch,/root/vast/mustafa/dreem-experiments/paper-plots/uncertainty-microscopy/no-post-processing-no-weight-iou-entropies/9-2.frame_meta_entropy_histogram.csv,Lysosomes - Airyscan Confocal,9-2.
0.0819897606427669,ID Switch,/root/vast/mustafa/dreem-experiments/paper-plots/uncertainty-microscopy/no-post-processing-no-weight-iou-entropies/9-2.frame_meta_entropy_histogram.csv,Lysosomes - Airyscan Confocal,9-2.
0.0758028866172358,ID Switch,/root/vast/mustafa/dreem-experiments/paper-plots/uncertainty-microscopy/no-post-processing-no-weight-iou-entropies/9-2.frame_meta_entropy_histogram.csv,Lysosomes - Airyscan Confocal,9-2.
0.0523940944029747,ID Switch,/root/vast/mustafa/dreem-experiments/paper-plots/uncertainty-microscopy/no-post-processing-no-weight-iou-entropies/9-2.frame_meta_entropy_histogram.csv,Lysosomes - Airyscan Confocal,9-2.
0.0562298771363403,ID Switch,/root/vast/mustafa/dreem-experiments/paper-plots/uncertainty-microscopy/no-post-processing-no-weight-iou-entropies/9-2.frame_meta_entropy_histogram.csv,Lysosomes - Airyscan Confocal,9-2.
0.0627567883862793,ID Switch,/root/vast/mustafa/dreem-experiments/paper-plots/uncertainty-microscopy/no-post-processing-no-weight-iou-entropies/9-2.frame_meta_entropy_histogram.csv,Lysosomes - Airyscan Confocal,9-2.
0.0486798220988419,ID Switch,/root/vast/mustafa/dreem-experiments/paper-plots/uncertainty-microscopy/no-post-processing-no-weight-iou-entropies/9-2.frame_meta_entropy_histogram.csv,Lysosomes - Airyscan Confocal,9-2.
0.0556206141323668,ID Switch,/root/vast/mustafa/dreem-experiments/paper-plots/uncertainty-microscopy/no-post-processing-no-weight-iou-entropies/9-2.frame_meta_entropy_histogram.csv,Lysosomes - Airyscan Confocal,9-2.
0.0614298798184287,ID Switch,/root/vast/mustafa/dreem-experiments/paper-plots/uncertainty-microscopy/no-post-processing-no-weight-iou-entropies/9-2.frame_meta_entropy_histogram.csv,Lysosomes - Airyscan Confocal,9-2.
0.0843551937792749,ID Switch,/root/vast/mustafa/dreem-experiments/paper-plots/uncertainty-microscopy/no-post-processing-no-weight-iou-entropies/9-2.frame_meta_entropy_histogram.csv,Lysosomes - Airyscan Confocal,9-2.
0.0602037255302821,ID Switch,/root/vast/mustafa/dreem-experiments/paper-plots/uncertainty-microscopy/no-post-processing-no-weight-iou-entropies/9-2.frame_meta_entropy_histogram.csv,Lysosomes - Airyscan Confocal,9-2.
0.1296070553460617,ID Switch,/root/vast/mustafa/dreem-experiments/paper-plots/uncertainty-microscopy/no-post-processing-no-weight-iou-entropies/9-2.frame_meta_entropy_histogram.csv,Lysosomes - Airyscan Confocal,9-2.
0.0753342188589825,ID Switch,/root/vast/mustafa/dreem-experiments/paper-plots/uncertainty-microscopy/no-post-processing-no-weight-iou-entropies/9-2.frame_meta_entropy_histogram.csv,Lysosomes - Airyscan Confocal,9-2.
0.0879594686544167,ID Switch,/root/vast/mustafa/dreem-experiments/paper-plots/uncertainty-microscopy/no-post-processing-no-weight-iou-entropies/9-2.frame_meta_entropy_histogram.csv,Lysosomes - Airyscan Confocal,9-2.
0.0663200986627183,ID Switch,/root/vast/mustafa/dreem-experiments/paper-plots/uncertainty-microscopy/no-post-processing-no-weight-iou-entropies/9-2.frame_meta_entropy_histogram.csv,Lysosomes - Airyscan Confocal,9-2.
0.088526372400021,ID Switch,/root/vast/mustafa/dreem-experiments/paper-plots/uncertainty-microscopy/no-post-processing-no-weight-iou-entropies/9-2.frame_meta_entropy_histogram.csv,Lysosomes - Airyscan Confocal,9-2.
0.0764932036273264,ID Switch,/root/vast/mustafa/dreem-experiments/paper-plots/uncertainty-microscopy/no-post-processing-no-weight-iou-entropies/9-2.frame_meta_entropy_histogram.csv,Lysosomes - Airyscan Confocal,9-2.
0.0956133947818856,ID Switch,/root/vast/mustafa/dreem-experiments/paper-plots/uncertainty-microscopy/no-post-processing-no-weight-iou-entropies/9-2.frame_meta_entropy_histogram.csv,Lysosomes - Airyscan Confocal,9-2.
0.0707631738080592,ID Switch,/root/vast/mustafa/dreem-experiments/paper-plots/uncertainty-microscopy/no-post-processing-no-weight-iou-entropies/9-2.frame_meta_entropy_histogram.csv,Lysosomes - Airyscan Confocal,9-2.
0.0872405187731998,ID Switch,/root/vast/mustafa/dreem-experiments/paper-plots/uncertainty-microscopy/no-post-processing-no-weight-iou-entropies/9-2.frame_meta_entropy_histogram.csv,Lysosomes - Airyscan Confocal,9-2.
0.0905651446228484,ID Switch,/root/vast/mustafa/dreem-experiments/paper-plots/uncertainty-microscopy/no-post-processing-no-weight-iou-entropies/9-2.frame_meta_entropy_histogram.csv,Lysosomes - Airyscan Confocal,9-2.
0.0768488700742304,ID Switch,/root/vast/mustafa/dreem-experiments/paper-plots/uncertainty-microscopy/no-post-processing-no-weight-iou-entropies/9-2.frame_meta_entropy_histogram.csv,Lysosomes - Airyscan Confocal,9-2.
0.0526205995548648,ID Switch,/root/vast/mustafa/dreem-experiments/paper-plots/uncertainty-microscopy/no-post-processing-no-weight-iou-entropies/9-2.frame_meta_entropy_histogram.csv,Lysosomes - Airyscan Confocal,9-2.
0.1342511929855732,ID Switch,/root/vast/mustafa/dreem-experiments/paper-plots/uncertainty-microscopy/no-post-processing-no-weight-iou-entropies/9-2.frame_meta_entropy_histogram.csv,Lysosomes - Airyscan Confocal,9-2.
0.0644179296840559,ID Switch,/root/vast/mustafa/dreem-experiments/paper-plots/uncertainty-microscopy/no-post-processing-no-weight-iou-entropies/9-2.frame_meta_entropy_histogram.csv,Lysosomes - Airyscan Confocal,9-2.
0.0863690597519468,ID Switch,/root/vast/mustafa/dreem-experiments/paper-plots/uncertainty-microscopy/no-post-processing-no-weight-iou-entropies/9-2.frame_meta_entropy_histogram.csv,Lysosomes - Airyscan Confocal,9-2.
0.0580391290321284,ID Switch,/root/vast/mustafa/dreem-experiments/paper-plots/uncertainty-microscopy/no-post-processing-no-weight-iou-entropies/9-2.frame_meta_entropy_histogram.csv,Lysosomes - Airyscan Confocal,9-2.
0.06869775624529,ID Switch,/root/vast/mustafa/dreem-experiments/paper-plots/uncertainty-microscopy/no-post-processing-no-weight-iou-entropies/9-2.frame_meta_entropy_histogram.csv,Lysosomes - Airyscan Confocal,9-2.
0.1957514720619794,ID Switch,/root/vast/mustafa/dreem-experiments/paper-plots/uncertainty-microscopy/no-post-processing-no-weight-iou-entropies/9-2.frame_meta_entropy_histogram.csv,Lysosomes - Airyscan Confocal,9-2.
0.1272961099252645,ID Switch,/root/vast/mustafa/dreem-experiments/paper-plots/uncertainty-microscopy/no-post-processing-no-weight-iou-entropies/9-2.frame_meta_entropy_histogram.csv,Lysosomes - Airyscan Confocal,9-2.
0.0593047685633802,ID Switch,/root/vast/mustafa/dreem-experiments/paper-plots/uncertainty-microscopy/no-post-processing-no-weight-iou-entropies/9-2.frame_meta_entropy_histogram.csv,Lysosomes - Airyscan Confocal,9-2.
0.056683141527914,ID Switch,/root/vast/mustafa/dreem-experiments/paper-plots/uncertainty-microscopy/no-post-processing-no-weight-iou-entropies/9-2.frame_meta_entropy_histogram.csv,Lysosomes - Airyscan Confocal,9-2.
0.0910953185663078,ID Switch,/root/vast/mustafa/dreem-experiments/paper-plots/uncertainty-microscopy/no-post-processing-no-weight-iou-entropies/9-2.frame_meta_entropy_histogram.csv,Lysosomes - Airyscan Confocal,9-2.
0.0470489652428493,ID Switch,/root/vast/mustafa/dreem-experiments/paper-plots/uncertainty-microscopy/no-post-processing-no-weight-iou-entropies/9-2.frame_meta_entropy_histogram.csv,Lysosomes - Airyscan Confocal,9-2.
0.0933058259055439,ID Switch,/root/vast/mustafa/dreem-experiments/paper-plots/uncertainty-microscopy/no-post-processing-no-weight-iou-entropies/9-2.frame_meta_entropy_histogram.csv,Lysosomes - Airyscan Confocal,9-2.
0.0843171709525809,ID Switch,/root/vast/mustafa/dreem-experiments/paper-plots/uncertainty-microscopy/no-post-processing-no-weight-iou-entropies/9-2.frame_meta_entropy_histogram.csv,Lysosomes - Airyscan Confocal,9-2.
0.0597891050688976,ID Switch,/root/vast/mustafa/dreem-experiments/paper-plots/uncertainty-microscopy/no-post-processing-no-weight-iou-entropies/9-2.frame_meta_entropy_histogram.csv,Lysosomes - Airyscan Confocal,9-2.
0.0561990760493763,ID Switch,/root/vast/mustafa/dreem-experiments/paper-plots/uncertainty-microscopy/no-post-processing-no-weight-iou-entropies/9-2.frame_meta_entropy_histogram.csv,Lysosomes - Airyscan Confocal,9-2.
0.0496745249927189,ID Switch,/root/vast/mustafa/dreem-experiments/paper-plots/uncertainty-microscopy/no-post-processing-no-weight-iou-entropies/9-2.frame_meta_entropy_histogram.csv,Lysosomes - Airyscan Confocal,9-2.
0.0781567164111754,ID Switch,/root/vast/mustafa/dreem-experiments/paper-plots/uncertainty-microscopy/no-post-processing-no-weight-iou-entropies/9-2.frame_meta_entropy_histogram.csv,Lysosomes - Airyscan Confocal,9-2.
0.0611823361972393,ID Switch,/root/vast/mustafa/dreem-experiments/paper-plots/uncertainty-microscopy/no-post-processing-no-weight-iou-entropies/9-2.frame_meta_entropy_histogram.csv,Lysosomes - Airyscan Confocal,9-2.
0.0630738165493897,ID Switch,/root/vast/mustafa/dreem-experiments/paper-plots/uncertainty-microscopy/no-post-processing-no-weight-iou-entropies/9-2.frame_meta_entropy_histogram.csv,Lysosomes - Airyscan Confocal,9-2.
0.0512323598400659,ID Switch,/root/vast/mustafa/dreem-experiments/paper-plots/uncertainty-microscopy/no-post-processing-no-weight-iou-entropies/9-2.frame_meta_entropy_histogram.csv,Lysosomes - Airyscan Confocal,9-2.
0.1161124526348625,ID Switch,/root/vast/mustafa/dreem-experiments/paper-plots/uncertainty-microscopy/no-post-processing-no-weight-iou-entropies/9-2.frame_meta_entropy_histogram.csv,Lysosomes - Airyscan Confocal,9-2.
0.0925025640480582,ID Switch,/root/vast/mustafa/dreem-experiments/paper-plots/uncertainty-microscopy/no-post-processing-no-weight-iou-entropies/9-2.frame_meta_entropy_histogram.csv,Lysosomes - Airyscan Confocal,9-2.
0.1304610048951469,ID Switch,/root/vast/mustafa/dreem-experiments/paper-plots/uncertainty-microscopy/no-post-processing-no-weight-iou-entropies/9-2.frame_meta_entropy_histogram.csv,Lysosomes - Airyscan Confocal,9-2.
0.1065649287569642,ID Switch,/root/vast/mustafa/dreem-experiments/paper-plots/uncertainty-microscopy/no-post-processing-no-weight-iou-entropies/9-2.frame_meta_entropy_histogram.csv,Lysosomes - Airyscan Confocal,9-2.
0.0419511482017014,ID Switch,/root/vast/mustafa/dreem-experiments/paper-plots/uncertainty-microscopy/no-post-processing-no-weight-iou-entropies/9-2.frame_meta_entropy_histogram.csv,Lysosomes - Airyscan Confocal,9-2.
0.0739419871426284,ID Switch,/root/vast/mustafa/dreem-experiments/paper-plots/uncertainty-microscopy/no-post-processing-no-weight-iou-entropies/9-2.frame_meta_entropy_histogram.csv,Lysosomes - Airyscan Confocal,9-2.
0.0840561267999651,ID Switch,/root/vast/mustafa/dreem-experiments/paper-plots/uncertainty-microscopy/no-post-processing-no-weight-iou-entropies/9-2.frame_meta_entropy_histogram.csv,Lysosomes - Airyscan Confocal,9-2.
0.0899831085375441,ID Switch,/root/vast/mustafa/dreem-experiments/paper-plots/uncertainty-microscopy/no-post-processing-no-weight-iou-entropies/9-2.frame_meta_entropy_histogram.csv,Lysosomes - Airyscan Confocal,9-2.
0.0974853216667297,ID Switch,/root/vast/mustafa/dreem-experiments/paper-plots/uncertainty-microscopy/no-post-processing-no-weight-iou-entropies/9-2.frame_meta_entropy_histogram.csv,Lysosomes - Airyscan Confocal,9-2.
0.0741918909570994,ID Switch,/root/vast/mustafa/dreem-experiments/paper-plots/uncertainty-microscopy/no-post-processing-no-weight-iou-entropies/9-2.frame_meta_entropy_histogram.csv,Lysosomes - Airyscan Confocal,9-2.
0.0917187088515983,ID Switch,/root/vast/mustafa/dreem-experiments/paper-plots/uncertainty-microscopy/no-post-processing-no-weight-iou-entropies/9-2.frame_meta_entropy_histogram.csv,Lysosomes - Airyscan Confocal,9-2.
0.1029366454085371,ID Switch,/root/vast/mustafa/dreem-experiments/paper-plots/uncertainty-microscopy/no-post-processing-no-weight-iou-entropies/9-2.frame_meta_entropy_histogram.csv,Lysosomes - Airyscan Confocal,9-2.
0.0820140796677997,ID Switch,/root/vast/mustafa/dreem-experiments/paper-plots/uncertainty-microscopy/no-post-processing-no-weight-iou-entropies/9-2.frame_meta_entropy_histogram.csv,Lysosomes - Airyscan Confocal,9-2.
0.0538129319345028,ID Switch,/root/vast/mustafa/dreem-experiments/paper-plots/uncertainty-microscopy/no-post-processing-no-weight-iou-entropies/9-2.frame_meta_entropy_histogram.csv,Lysosomes - Airyscan Confocal,9-2.
0.0549496699049295,ID Switch,/root/vast/mustafa/dreem-experiments/paper-plots/uncertainty-microscopy/no-post-processing-no-weight-iou-entropies/9-2.frame_meta_entropy_histogram.csv,Lysosomes - Airyscan Confocal,9-2.
0.0923342506472682,ID Switch,/root/vast/mustafa/dreem-experiments/paper-plots/uncertainty-microscopy/no-post-processing-no-weight-iou-entropies/9-2.frame_meta_entropy_histogram.csv,Lysosomes - Airyscan Confocal,9-2.
0.0814491916853569,ID Switch,/root/vast/mustafa/dreem-experiments/paper-plots/uncertainty-microscopy/no-post-processing-no-weight-iou-entropies/9-2.frame_meta_entropy_histogram.csv,Lysosomes - Airyscan Confocal,9-2.
0.0575965927918345,ID Switch,/root/vast/mustafa/dreem-experiments/paper-plots/uncertainty-microscopy/no-post-processing-no-weight-iou-entropies/9-2.frame_meta_entropy_histogram.csv,Lysosomes - Airyscan Confocal,9-2.
0.0447265378769849,ID Switch,/root/vast/mustafa/dreem-experiments/paper-plots/uncertainty-microscopy/no-post-processing-no-weight-iou-entropies/9-2.frame_meta_entropy_histogram.csv,Lysosomes - Airyscan Confocal,9-2.
0.0930445728362979,ID Switch,/root/vast/mustafa/dreem-experiments/paper-plots/uncertainty-microscopy/no-post-processing-no-weight-iou-entropies/9-2.frame_meta_entropy_histogram.csv,Lysosomes - Airyscan Confocal,9-2.
0.0879570632899719,ID Switch,/root/vast/mustafa/dreem-experiments/paper-plots/uncertainty-microscopy/no-post-processing-no-weight-iou-entropies/9-2.frame_meta_entropy_histogram.csv,Lysosomes - Airyscan Confocal,9-2.
0.1040226618089918,ID Switch,/root/vast/mustafa/dreem-experiments/paper-plots/uncertainty-microscopy/no-post-processing-no-weight-iou-entropies/9-2.frame_meta_entropy_histogram.csv,Lysosomes - Airyscan Confocal,9-2.
0.0973199613307393,ID Switch,/root/vast/mustafa/dreem-experiments/paper-plots/uncertainty-microscopy/no-post-processing-no-weight-iou-entropies/9-2.frame_meta_entropy_histogram.csv,Lysosomes - Airyscan Confocal,9-2.
0.0930881121913079,ID Switch,/root/vast/mustafa/dreem-experiments/paper-plots/uncertainty-microscopy/no-post-processing-no-weight-iou-entropies/9-2.frame_meta_entropy_histogram.csv,Lysosomes - Airyscan Confocal,9-2.
0.1020520246395823,ID Switch,/root/vast/mustafa/dreem-experiments/paper-plots/uncertainty-microscopy/no-post-processing-no-weight-iou-entropies/9-2.frame_meta_entropy_histogram.csv,Lysosomes - Airyscan Confocal,9-2.
0.0933690768269318,ID Switch,/root/vast/mustafa/dreem-experiments/paper-plots/uncertainty-microscopy/no-post-processing-no-weight-iou-entropies/9-2.frame_meta_entropy_histogram.csv,Lysosomes - Airyscan Confocal,9-2.
0.091804093642995,ID Switch,/root/vast/mustafa/dreem-experiments/paper-plots/uncertainty-microscopy/no-post-processing-no-weight-iou-entropies/9-2.frame_meta_entropy_histogram.csv,Lysosomes - Airyscan Confocal,9-2.
0.0918296435822273,ID Switch,/root/vast/mustafa/dreem-experiments/paper-plots/uncertainty-microscopy/no-post-processing-no-weight-iou-entropies/9-2.frame_meta_entropy_histogram.csv,Lysosomes - Airyscan Confocal,9-2.
0.0989933157817887,ID Switch,/root/vast/mustafa/dreem-experiments/paper-plots/uncertainty-microscopy/no-post-processing-no-weight-iou-entropies/9-2.frame_meta_entropy_histogram.csv,Lysosomes - Airyscan Confocal,9-2.
0.0807647412800978,ID Switch,/root/vast/mustafa/dreem-experiments/paper-plots/uncertainty-microscopy/no-post-processing-no-weight-iou-entropies/9-2.frame_meta_entropy_histogram.csv,Lysosomes - Airyscan Confocal,9-2.
0.0759138439334465,ID Switch,/root/vast/mustafa/dreem-experiments/paper-plots/uncertainty-microscopy/no-post-processing-no-weight-iou-entropies/9-2.frame_meta_entropy_histogram.csv,Lysosomes - Airyscan Confocal,9-2.
0.0909578909484129,ID Switch,/root/vast/mustafa/dreem-experiments/paper-plots/uncertainty-microscopy/no-post-processing-no-weight-iou-entropies/9-2.frame_meta_entropy_histogram.csv,Lysosomes - Airyscan Confocal,9-2.
0.0917011146834993,ID Switch,/root/vast/mustafa/dreem-experiments/paper-plots/uncertainty-microscopy/no-post-processing-no-weight-iou-entropies/9-2.frame_meta_entropy_histogram.csv,Lysosomes - Airyscan Confocal,9-2.
0.0911093724444844,ID Switch,/root/vast/mustafa/dreem-experiments/paper-plots/uncertainty-microscopy/no-post-processing-no-weight-iou-entropies/9-2.frame_meta_entropy_histogram.csv,Lysosomes - Airyscan Confocal,9-2.
0.092280982552966,ID Switch,/root/vast/mustafa/dreem-experiments/paper-plots/uncertainty-microscopy/no-post-processing-no-weight-iou-entropies/9-2.frame_meta_entropy_histogram.csv,Lysosomes - Airyscan Confocal,9-2.
0.0837332094464416,ID Switch,/root/vast/mustafa/dreem-experiments/paper-plots/uncertainty-microscopy/no-post-processing-no-weight-iou-entropies/9-2.frame_meta_entropy_histogram.csv,Lysosomes - Airyscan Confocal,9-2.
0.081020246318816,ID Switch,/root/vast/mustafa/dreem-experiments/paper-plots/uncertainty-microscopy/no-post-processing-no-weight-iou-entropies/9-2.frame_meta_entropy_histogram.csv,Lysosomes - Airyscan Confocal,9-2.
0.0833964697169533,ID Switch,/root/vast/mustafa/dreem-experiments/paper-plots/uncertainty-microscopy/no-post-processing-no-weight-iou-entropies/9-2.frame_meta_entropy_histogram.csv,Lysosomes - Airyscan Confocal,9-2.
0.0724085842482223,ID Switch,/root/vast/mustafa/dreem-experiments/paper-plots/uncertainty-microscopy/no-post-processing-no-weight-iou-entropies/9-2.frame_meta_entropy_histogram.csv,Lysosomes - Airyscan Confocal,9-2.
0.0799892709808224,ID Switch,/root/vast/mustafa/dreem-experiments/paper-plots/uncertainty-microscopy/no-post-processing-no-weight-iou-entropies/9-2.frame_meta_entropy_histogram.csv,Lysosomes - Airyscan Confocal,9-2.
0.0656672906573394,ID Switch,/root/vast/mustafa/dreem-experiments/paper-plots/uncertainty-microscopy/no-post-processing-no-weight-iou-entropies/9-2.frame_meta_entropy_histogram.csv,Lysosomes - Airyscan Confocal,9-2.
0.0851200883799466,ID Switch,/root/vast/mustafa/dreem-experiments/paper-plots/uncertainty-microscopy/no-post-processing-no-weight-iou-entropies/9-2.frame_meta_entropy_histogram.csv,Lysosomes - Airyscan Confocal,9-2.
0.0842948846298959,ID Switch,/root/vast/mustafa/dreem-experiments/paper-plots/uncertainty-microscopy/no-post-processing-no-weight-iou-entropies/9-2.frame_meta_entropy_histogram.csv,Lysosomes - Airyscan Confocal,9-2.
0.0925735166527859,ID Switch,/root/vast/mustafa/dreem-experiments/paper-plots/uncertainty-microscopy/no-post-processing-no-weight-iou-entropies/9-2.frame_meta_entropy_histogram.csv,Lysosomes - Airyscan Confocal,9-2.
0.0563365262528528,ID Switch,/root/vast/mustafa/dreem-experiments/paper-plots/uncertainty-microscopy/no-post-processing-no-weight-iou-entropies/9-2.frame_meta_entropy_histogram.csv,Lysosomes - Airyscan Confocal,9-2.
0.08902366173661,ID Switch,/root/vast/mustafa/dreem-experiments/paper-plots/uncertainty-microscopy/no-post-processing-no-weight-iou-entropies/9-2.frame_meta_entropy_histogram.csv,Lysosomes - Airyscan Confocal,9-2.
0.0948863987872089,ID Switch,/root/vast/mustafa/dreem-experiments/paper-plots/uncertainty-microscopy/no-post-processing-no-weight-iou-entropies/9-2.frame_meta_entropy_histogram.csv,Lysosomes - Airyscan Confocal,9-2.
0.0707463136713636,ID Switch,/root/vast/mustafa/dreem-experiments/paper-plots/uncertainty-microscopy/no-post-processing-no-weight-iou-entropies/9-2.frame_meta_entropy_histogram.csv,Lysosomes - Airyscan Confocal,9-2.
0.0826190683504475,ID Switch,/root/vast/mustafa/dreem-experiments/paper-plots/uncertainty-microscopy/no-post-processing-no-weight-iou-entropies/9-2.frame_meta_entropy_histogram.csv,Lysosomes - Airyscan Confocal,9-2.
0.0982162701381938,ID Switch,/root/vast/mustafa/dreem-experiments/paper-plots/uncertainty-microscopy/no-post-processing-no-weight-iou-entropies/9-2.frame_meta_entropy_histogram.csv,Lysosomes - Airyscan Confocal,9-2.
0.0523412272027467,ID Switch,/root/vast/mustafa/dreem-experiments/paper-plots/uncertainty-microscopy/no-post-processing-no-weight-iou-entropies/9-2.frame_meta_entropy_histogram.csv,Lysosomes - Airyscan Confocal,9-2.
0.0403461433670955,ID Switch,/root/vast/mustafa/dreem-experiments/paper-plots/uncertainty-microscopy/no-post-processing-no-weight-iou-entropies/9-2.frame_meta_entropy_histogram.csv,Lysosomes - Airyscan Confocal,9-2.
0.0410901208959691,ID Switch,/root/vast/mustafa/dreem-experiments/paper-plots/uncertainty-microscopy/no-post-processing-no-weight-iou-entropies/9-2.frame_meta_entropy_histogram.csv,Lysosomes - Airyscan Confocal,9-2.
0.0371213288491173,ID Switch,/root/vast/mustafa/dreem-experiments/paper-plots/uncertainty-microscopy/no-post-processing-no-weight-iou-entropies/9-2.frame_meta_entropy_histogram.csv,Lysosomes - Airyscan Confocal,9-2.
0.0967066950324198,ID Switch,/root/vast/mustafa/dreem-experiments/paper-plots/uncertainty-microscopy/no-post-processing-no-weight-iou-entropies/9-2.frame_meta_entropy_histogram.csv,Lysosomes - Airyscan Confocal,9-2.
0.0672565025239824,ID Switch,/root/vast/mustafa/dreem-experiments/paper-plots/uncertainty-microscopy/no-post-processing-no-weight-iou-entropies/9-2.frame_meta_entropy_histogram.csv,Lysosomes - Airyscan Confocal,9-2.
0.1231447783843861,ID Switch,/root/vast/mustafa/dreem-experiments/paper-plots/uncertainty-microscopy/no-post-processing-no-weight-iou-entropies/9-2.frame_meta_entropy_histogram.csv,Lysosomes - Airyscan Confocal,9-2.
0.0793952588908525,ID Switch,/root/vast/mustafa/dreem-experiments/paper-plots/uncertainty-microscopy/no-post-processing-no-weight-iou-entropies/9-2.frame_meta_entropy_histogram.csv,Lysosomes - Airyscan Confocal,9-2.
0.0961670351446708,ID Switch,/root/vast/mustafa/dreem-experiments/paper-plots/uncertainty-microscopy/no-post-processing-no-weight-iou-entropies/9-2.frame_meta_entropy_histogram.csv,Lysosomes - Airyscan Confocal,9-2.
0.1077085835617687,ID Switch,/root/vast/mustafa/dreem-experiments/paper-plots/uncertainty-microscopy/no-post-processing-no-weight-iou-entropies/9-2.frame_meta_entropy_histogram.csv,Lysosomes - Airyscan Confocal,9-2.
0.0692620795881917,ID Switch,/root/vast/mustafa/dreem-experiments/paper-plots/uncertainty-microscopy/no-post-processing-no-weight-iou-entropies/9-2.frame_meta_entropy_histogram.csv,Lysosomes - Airyscan Confocal,9-2.
0.0688230441130524,ID Switch,/root/vast/mustafa/dreem-experiments/paper-plots/uncertainty-microscopy/no-post-processing-no-weight-iou-entropies/9-2.frame_meta_entropy_histogram.csv,Lysosomes - Airyscan Confocal,9-2.
0.0495749508096556,ID Switch,/root/vast/mustafa/dreem-experiments/paper-plots/uncertainty-microscopy/no-post-processing-no-weight-iou-entropies/9-2.frame_meta_entropy_histogram.csv,Lysosomes - Airyscan Confocal,9-2.
0.107684981628953,ID Switch,/root/vast/mustafa/dreem-experiments/paper-plots/uncertainty-microscopy/no-post-processing-no-weight-iou-entropies/9-2.frame_meta_entropy_histogram.csv,Lysosomes - Airyscan Confocal,9-2.
0.0623049807647215,ID Switch,/root/vast/mustafa/dreem-experiments/paper-plots/uncertainty-microscopy/no-post-processing-no-weight-iou-entropies/9-2.frame_meta_entropy_histogram.csv,Lysosomes - Airyscan Confocal,9-2.
0.1027902682539167,ID Switch,/root/vast/mustafa/dreem-experiments/paper-plots/uncertainty-microscopy/no-post-processing-no-weight-iou-entropies/9-2.frame_meta_entropy_histogram.csv,Lysosomes - Airyscan Confocal,9-2.
0.1718933622865365,ID Switch,/root/vast/mustafa/dreem-experiments/paper-plots/uncertainty-microscopy/no-post-processing-no-weight-iou-entropies/9-2.frame_meta_entropy_histogram.csv,Lysosomes - Airyscan Confocal,9-2.
0.5760058253483161,Correctly Tracked,/root/vast/mustafa/dreem-experiments/paper-plots/uncertainty-microscopy/no-post-processing-no-weight-iou-entropies/9-2.frame_meta_entropy_histogram.csv,Lysosomes - Airyscan Confocal,9-2.
0.0569078906508314,Correctly Tracked,/root/vast/mustafa/dreem-experiments/paper-plots/uncertainty-microscopy/no-post-processing-no-weight-iou-entropies/9-2.frame_meta_entropy_histogram.csv,Lysosomes - Airyscan Confocal,9-2.
0.008459296207841,Correctly Tracked,/root/vast/mustafa/dreem-experiments/paper-plots/uncertainty-microscopy/no-post-processing-no-weight-iou-entropies/9-2.frame_meta_entropy_histogram.csv,Lysosomes - Airyscan Confocal,9-2.
0.0060431259737735,Correctly Tracked,/root/vast/mustafa/dreem-experiments/paper-plots/uncertainty-microscopy/no-post-processing-no-weight-iou-entropies/9-2.frame_meta_entropy_histogram.csv,Lysosomes - Airyscan Confocal,9-2.
0.0083720608103484,Correctly Tracked,/root/vast/mustafa/dreem-experiments/paper-plots/uncertainty-microscopy/no-post-processing-no-weight-iou-entropies/9-2.frame_meta_entropy_histogram.csv,Lysosomes - Airyscan Confocal,9-2.
0.0472418489332678,Correctly Tracked,/root/vast/mustafa/dreem-experiments/paper-plots/uncertainty-microscopy/no-post-processing-no-weight-iou-entropies/9-2.frame_meta_entropy_histogram.csv,Lysosomes - Airyscan Confocal,9-2.
0.0875867049222098,Correctly Tracked,/root/vast/mustafa/dreem-experiments/paper-plots/uncertainty-microscopy/no-post-processing-no-weight-iou-entropies/9-2.frame_meta_entropy_histogram.csv,Lysosomes - Airyscan Confocal,9-2.
0.0278638320714767,Correctly Tracked,/root/vast/mustafa/dreem-experiments/paper-plots/uncertainty-microscopy/no-post-processing-no-weight-iou-entropies/9-2.frame_meta_entropy_histogram.csv,Lysosomes - Airyscan Confocal,9-2.
0.0132197135970369,Correctly Tracked,/root/vast/mustafa/dreem-experiments/paper-plots/uncertainty-microscopy/no-post-processing-no-weight-iou-entropies/9-2.frame_meta_entropy_histogram.csv,Lysosomes - Airyscan Confocal,9-2.
0.0109472744755407,Correctly Tracked,/root/vast/mustafa/dreem-experiments/paper-plots/uncertainty-microscopy/no-post-processing-no-weight-iou-entropies/9-2.frame_meta_entropy_histogram.csv,Lysosomes - Airyscan Confocal,9-2.
0.0112824805028756,Correctly Tracked,/root/vast/mustafa/dreem-experiments/paper-plots/uncertainty-microscopy/no-post-processing-no-weight-iou-entropies/9-2.frame_meta_entropy_histogram.csv,Lysosomes - Airyscan Confocal,9-2.
0.0093321435365656,Correctly Tracked,/root/vast/mustafa/dreem-experiments/paper-plots/uncertainty-microscopy/no-post-processing-no-weight-iou-entropies/9-2.frame_meta_entropy_histogram.csv,Lysosomes - Airyscan Confocal,9-2.
0.0223951428405844,Correctly Tracked,/root/vast/mustafa/dreem-experiments/paper-plots/uncertainty-microscopy/no-post-processing-no-weight-iou-entropies/9-2.frame_meta_entropy_histogram.csv,Lysosomes - Airyscan Confocal,9-2.
0.0483293842140879,Correctly Tracked,/root/vast/mustafa/dreem-experiments/paper-plots/uncertainty-microscopy/no-post-processing-no-weight-iou-entropies/9-2.frame_meta_entropy_histogram.csv,Lysosomes - Airyscan Confocal,9-2.
0.053993464134961,Correctly Tracked,/root/vast/mustafa/dreem-experiments/paper-plots/uncertainty-microscopy/no-post-processing-no-weight-iou-entropies/9-2.frame_meta_entropy_histogram.csv,Lysosomes - Airyscan Confocal,9-2.
0.0406892127058388,Correctly Tracked,/root/vast/mustafa/dreem-experiments/paper-plots/uncertainty-microscopy/no-post-processing-no-weight-iou-entropies/9-2.frame_meta_entropy_histogram.csv,Lysosomes - Airyscan Confocal,9-2.
0.0504739811796979,Correctly Tracked,/root/vast/mustafa/dreem-experiments/paper-plots/uncertainty-microscopy/no-post-processing-no-weight-iou-entropies/9-2.frame_meta_entropy_histogram.csv,Lysosomes - Airyscan Confocal,9-2.
0.0549861794976535,Correctly Tracked,/root/vast/mustafa/dreem-experiments/paper-plots/uncertainty-microscopy/no-post-processing-no-weight-iou-entropies/9-2.frame_meta_entropy_histogram.csv,Lysosomes - Airyscan Confocal,9-2.
0.0855333254744556,Correctly Tracked,/root/vast/mustafa/dreem-experiments/paper-plots/uncertainty-microscopy/no-post-processing-no-weight-iou-entropies/9-2.frame_meta_entropy_histogram.csv,Lysosomes - Airyscan Confocal,9-2.
0.0685729087963695,Correctly Tracked,/root/vast/mustafa/dreem-experiments/paper-plots/uncertainty-microscopy/no-post-processing-no-weight-iou-entropies/9-2.frame_meta_entropy_histogram.csv,Lysosomes - Airyscan Confocal,9-2.
0.0069239643636028,Correctly Tracked,/root/vast/mustafa/dreem-experiments/paper-plots/uncertainty-microscopy/no-post-processing-no-weight-iou-entropies/9-2.frame_meta_entropy_histogram.csv,Lysosomes - Airyscan Confocal,9-2.
0.0184525980627981,Correctly Tracked,/root/vast/mustafa/dreem-experiments/paper-plots/uncertainty-microscopy/no-post-processing-no-weight-iou-entropies/9-2.frame_meta_entropy_histogram.csv,Lysosomes - Airyscan Confocal,9-2.
0.0172286261064777,Correctly Tracked,/root/vast/mustafa/dreem-experiments/paper-plots/uncertainty-microscopy/no-post-processing-no-weight-iou-entropies/9-2.frame_meta_entropy_histogram.csv,Lysosomes - Airyscan Confocal,9-2.
0.0446907312604896,Correctly Tracked,/root/vast/mustafa/dreem-experiments/paper-plots/uncertainty-microscopy/no-post-processing-no-weight-iou-entropies/9-2.frame_meta_entropy_histogram.csv,Lysosomes - Airyscan Confocal,9-2.
0.0184811744699704,Correctly Tracked,/root/vast/mustafa/dreem-experiments/paper-plots/uncertainty-microscopy/no-post-processing-no-weight-iou-entropies/9-2.frame_meta_entropy_histogram.csv,Lysosomes - Airyscan Confocal,9-2.
0.0593374047288526,Correctly Tracked,/root/vast/mustafa/dreem-experiments/paper-plots/uncertainty-microscopy/no-post-processing-no-weight-iou-entropies/9-2.frame_meta_entropy_histogram.csv,Lysosomes - Airyscan Confocal,9-2.
0.0389333870034244,Correctly Tracked,/root/vast/mustafa/dreem-experiments/paper-plots/uncertainty-microscopy/no-post-processing-no-weight-iou-entropies/9-2.frame_meta_entropy_histogram.csv,Lysosomes - Airyscan Confocal,9-2.
0.0329342048077321,Correctly Tracked,/root/vast/mustafa/dreem-experiments/paper-plots/uncertainty-microscopy/no-post-processing-no-weight-iou-entropies/9-2.frame_meta_entropy_histogram.csv,Lysosomes - Airyscan Confocal,9-2.
0.0629895723298658,Correctly Tracked,/root/vast/mustafa/dreem-experiments/paper-plots/uncertainty-microscopy/no-post-processing-no-weight-iou-entropies/9-2.frame_meta_entropy_histogram.csv,Lysosomes - Airyscan Confocal,9-2.
0.0445861063767317,Correctly Tracked,/root/vast/mustafa/dreem-experiments/paper-plots/uncertainty-microscopy/no-post-processing-no-weight-iou-entropies/9-2.frame_meta_entropy_histogram.csv,Lysosomes - Airyscan Confocal,9-2.
0.0697779342728902,Correctly Tracked,/root/vast/mustafa/dreem-experiments/paper-plots/uncertainty-microscopy/no-post-processing-no-weight-iou-entropies/9-2.frame_meta_entropy_histogram.csv,Lysosomes - Airyscan Confocal,9-2.
0.0658689234374465,Correctly Tracked,/root/vast/mustafa/dreem-experiments/paper-plots/uncertainty-microscopy/no-post-processing-no-weight-iou-entropies/9-2.frame_meta_entropy_histogram.csv,Lysosomes - Airyscan Confocal,9-2.
0.0626924872353451,Correctly Tracked,/root/vast/mustafa/dreem-experiments/paper-plots/uncertainty-microscopy/no-post-processing-no-weight-iou-entropies/9-2.frame_meta_entropy_histogram.csv,Lysosomes - Airyscan Confocal,9-2.
0.082634770976084,Correctly Tracked,/root/vast/mustafa/dreem-experiments/paper-plots/uncertainty-microscopy/no-post-processing-no-weight-iou-entropies/9-2.frame_meta_entropy_histogram.csv,Lysosomes - Airyscan Confocal,9-2.
0.0695467256736232,Correctly Tracked,/root/vast/mustafa/dreem-experiments/paper-plots/uncertainty-microscopy/no-post-processing-no-weight-iou-entropies/9-2.frame_meta_entropy_histogram.csv,Lysosomes - Airyscan Confocal,9-2.
0.0188381325298246,Correctly Tracked,/root/vast/mustafa/dreem-experiments/paper-plots/uncertainty-microscopy/no-post-processing-no-weight-iou-entropies/9-2.frame_meta_entropy_histogram.csv,Lysosomes - Airyscan Confocal,9-2.
0.0269727151246022,Correctly Tracked,/root/vast/mustafa/dreem-experiments/paper-plots/uncertainty-microscopy/no-post-processing-no-weight-iou-entropies/9-2.frame_meta_entropy_histogram.csv,Lysosomes - Airyscan Confocal,9-2.
0.0299945925451334,Correctly Tracked,/root/vast/mustafa/dreem-experiments/paper-plots/uncertainty-microscopy/no-post-processing-no-weight-iou-entropies/9-2.frame_meta_entropy_histogram.csv,Lysosomes - Airyscan Confocal,9-2.
0.0622592280227107,Correctly Tracked,/root/vast/mustafa/dreem-experiments/paper-plots/uncertainty-microscopy/no-post-processing-no-weight-iou-entropies/9-2.frame_meta_entropy_histogram.csv,Lysosomes - Airyscan Confocal,9-2.
0.0270079881567312,Correctly Tracked,/root/vast/mustafa/dreem-experiments/paper-plots/uncertainty-microscopy/no-post-processing-no-weight-iou-entropies/9-2.frame_meta_entropy_histogram.csv,Lysosomes - Airyscan Confocal,9-2.
0.0184249660152582,Correctly Tracked,/root/vast/mustafa/dreem-experiments/paper-plots/uncertainty-microscopy/no-post-processing-no-weight-iou-entropies/9-2.frame_meta_entropy_histogram.csv,Lysosomes - Airyscan Confocal,9-2.
0.0266322148957705,Correctly Tracked,/root/vast/mustafa/dreem-experiments/paper-plots/uncertainty-microscopy/no-post-processing-no-weight-iou-entropies/9-2.frame_meta_entropy_histogram.csv,Lysosomes - Airyscan Confocal,9-2.
0.0259719790572292,Correctly Tracked,/root/vast/mustafa/dreem-experiments/paper-plots/uncertainty-microscopy/no-post-processing-no-weight-iou-entropies/9-2.frame_meta_entropy_histogram.csv,Lysosomes - Airyscan Confocal,9-2.
0.0490199722511581,Correctly Tracked,/root/vast/mustafa/dreem-experiments/paper-plots/uncertainty-microscopy/no-post-processing-no-weight-iou-entropies/9-2.frame_meta_entropy_histogram.csv,Lysosomes - Airyscan Confocal,9-2.
0.0390560436509256,Correctly Tracked,/root/vast/mustafa/dreem-experiments/paper-plots/uncertainty-microscopy/no-post-processing-no-weight-iou-entropies/9-2.frame_meta_entropy_histogram.csv,Lysosomes - Airyscan Confocal,9-2.
0.0333749765494601,Correctly Tracked,/root/vast/mustafa/dreem-experiments/paper-plots/uncertainty-microscopy/no-post-processing-no-weight-iou-entropies/9-2.frame_meta_entropy_histogram.csv,Lysosomes - Airyscan Confocal,9-2.
0.0367554988904744,Correctly Tracked,/root/vast/mustafa/dreem-experiments/paper-plots/uncertainty-microscopy/no-post-processing-no-weight-iou-entropies/9-2.frame_meta_entropy_histogram.csv,Lysosomes - Airyscan Confocal,9-2.
0.0488961524462024,Correctly Tracked,/root/vast/mustafa/dreem-experiments/paper-plots/uncertainty-microscopy/no-post-processing-no-weight-iou-entropies/9-2.frame_meta_entropy_histogram.csv,Lysosomes - Airyscan Confocal,9-2.
0.049121742882036,Correctly Tracked,/root/vast/mustafa/dreem-experiments/paper-plots/uncertainty-microscopy/no-post-processing-no-weight-iou-entropies/9-2.frame_meta_entropy_histogram.csv,Lysosomes - Airyscan Confocal,9-2.
0.0759521603727018,Correctly Tracked,/root/vast/mustafa/dreem-experiments/paper-plots/uncertainty-microscopy/no-post-processing-no-weight-iou-entropies/9-2.frame_meta_entropy_histogram.csv,Lysosomes - Airyscan Confocal,9-2.
0.0469518613577781,Correctly Tracked,/root/vast/mustafa/dreem-experiments/paper-plots/uncertainty-microscopy/no-post-processing-no-weight-iou-entropies/9-2.frame_meta_entropy_histogram.csv,Lysosomes - Airyscan Confocal,9-2.
0.0397229845840168,Correctly Tracked,/root/vast/mustafa/dreem-experiments/paper-plots/uncertainty-microscopy/no-post-processing-no-weight-iou-entropies/9-2.frame_meta_entropy_histogram.csv,Lysosomes - Airyscan Confocal,9-2.
0.0558706139355597,Correctly Tracked,/root/vast/mustafa/dreem-experiments/paper-plots/uncertainty-microscopy/no-post-processing-no-weight-iou-entropies/9-2.frame_meta_entropy_histogram.csv,Lysosomes - Airyscan Confocal,9-2.
0.047559176355335,Correctly Tracked,/root/vast/mustafa/dreem-experiments/paper-plots/uncertainty-microscopy/no-post-processing-no-weight-iou-entropies/9-2.frame_meta_entropy_histogram.csv,Lysosomes - Airyscan Confocal,9-2.
0.0456256162413882,Correctly Tracked,/root/vast/mustafa/dreem-experiments/paper-plots/uncertainty-microscopy/no-post-processing-no-weight-iou-entropies/9-2.frame_meta_entropy_histogram.csv,Lysosomes - Airyscan Confocal,9-2.
0.0511843146615184,Correctly Tracked,/root/vast/mustafa/dreem-experiments/paper-plots/uncertainty-microscopy/no-post-processing-no-weight-iou-entropies/9-2.frame_meta_entropy_histogram.csv,Lysosomes - Airyscan Confocal,9-2.
0.0733002517186494,Correctly Tracked,/root/vast/mustafa/dreem-experiments/paper-plots/uncertainty-microscopy/no-post-processing-no-weight-iou-entropies/9-2.frame_meta_entropy_histogram.csv,Lysosomes - Airyscan Confocal,9-2.
0.051802052905003,Correctly Tracked,/root/vast/mustafa/dreem-experiments/paper-plots/uncertainty-microscopy/no-post-processing-no-weight-iou-entropies/9-2.frame_meta_entropy_histogram.csv,Lysosomes - Airyscan Confocal,9-2.
0.0026239634080171,Correctly Tracked,/root/vast/mustafa/dreem-experiments/paper-plots/uncertainty-microscopy/no-post-processing-no-weight-iou-entropies/9-2.frame_meta_entropy_histogram.csv,Lysosomes - Airyscan Confocal,9-2.
0.0389326049776601,Correctly Tracked,/root/vast/mustafa/dreem-experiments/paper-plots/uncertainty-microscopy/no-post-processing-no-weight-iou-entropies/9-2.frame_meta_entropy_histogram.csv,Lysosomes - Airyscan Confocal,9-2.
0.0221894347745898,Correctly Tracked,/root/vast/mustafa/dreem-experiments/paper-plots/uncertainty-microscopy/no-post-processing-no-weight-iou-entropies/9-2.frame_meta_entropy_histogram.csv,Lysosomes - Airyscan Confocal,9-2.
0.040665209878949,Correctly Tracked,/root/vast/mustafa/dreem-experiments/paper-plots/uncertainty-microscopy/no-post-processing-no-weight-iou-entropies/9-2.frame_meta_entropy_histogram.csv,Lysosomes - Airyscan Confocal,9-2.
0.0742148661400245,Correctly Tracked,/root/vast/mustafa/dreem-experiments/paper-plots/uncertainty-microscopy/no-post-processing-no-weight-iou-entropies/9-2.frame_meta_entropy_histogram.csv,Lysosomes - Airyscan Confocal,9-2.
0.0193141589528966,Correctly Tracked,/root/vast/mustafa/dreem-experiments/paper-plots/uncertainty-microscopy/no-post-processing-no-weight-iou-entropies/9-2.frame_meta_entropy_histogram.csv,Lysosomes - Airyscan Confocal,9-2.
0.0393712762602954,Correctly Tracked,/root/vast/mustafa/dreem-experiments/paper-plots/uncertainty-microscopy/no-post-processing-no-weight-iou-entropies/9-2.frame_meta_entropy_histogram.csv,Lysosomes - Airyscan Confocal,9-2.
0.0683569962822694,Correctly Tracked,/root/vast/mustafa/dreem-experiments/paper-plots/uncertainty-microscopy/no-post-processing-no-weight-iou-entropies/9-2.frame_meta_entropy_histogram.csv,Lysosomes - Airyscan Confocal,9-2.
0.064396580663009,Correctly Tracked,/root/vast/mustafa/dreem-experiments/paper-plots/uncertainty-microscopy/no-post-processing-no-weight-iou-entropies/9-2.frame_meta_entropy_histogram.csv,Lysosomes - Airyscan Confocal,9-2.
0.003489425075095,Correctly Tracked,/root/vast/mustafa/dreem-experiments/paper-plots/uncertainty-microscopy/no-post-processing-no-weight-iou-entropies/9-2.frame_meta_entropy_histogram.csv,Lysosomes - Airyscan Confocal,9-2.
0.0336668810761917,Correctly Tracked,/root/vast/mustafa/dreem-experiments/paper-plots/uncertainty-microscopy/no-post-processing-no-weight-iou-entropies/9-2.frame_meta_entropy_histogram.csv,Lysosomes - Airyscan Confocal,9-2.
0.0388224155712252,Correctly Tracked,/root/vast/mustafa/dreem-experiments/paper-plots/uncertainty-microscopy/no-post-processing-no-weight-iou-entropies/9-2.frame_meta_entropy_histogram.csv,Lysosomes - Airyscan Confocal,9-2.
0.0708887778739646,Correctly Tracked,/root/vast/mustafa/dreem-experiments/paper-plots/uncertainty-microscopy/no-post-processing-no-weight-iou-entropies/9-2.frame_meta_entropy_histogram.csv,Lysosomes - Airyscan Confocal,9-2.
0.0653079766390002,Correctly Tracked,/root/vast/mustafa/dreem-experiments/paper-plots/uncertainty-microscopy/no-post-processing-no-weight-iou-entropies/9-2.frame_meta_entropy_histogram.csv,Lysosomes - Airyscan Confocal,9-2.
0.1229040386696662,Correctly Tracked,/root/vast/mustafa/dreem-experiments/paper-plots/uncertainty-microscopy/no-post-processing-no-weight-iou-entropies/9-2.frame_meta_entropy_histogram.csv,Lysosomes - Airyscan Confocal,9-2.
0.0360337992146927,Correctly Tracked,/root/vast/mustafa/dreem-experiments/paper-plots/uncertainty-microscopy/no-post-processing-no-weight-iou-entropies/9-2.frame_meta_entropy_histogram.csv,Lysosomes - Airyscan Confocal,9-2.
0.0388066988296002,Correctly Tracked,/root/vast/mustafa/dreem-experiments/paper-plots/uncertainty-microscopy/no-post-processing-no-weight-iou-entropies/9-2.frame_meta_entropy_histogram.csv,Lysosomes - Airyscan Confocal,9-2.
0.0626102418397966,Correctly Tracked,/root/vast/mustafa/dreem-experiments/paper-plots/uncertainty-microscopy/no-post-processing-no-weight-iou-entropies/9-2.frame_meta_entropy_histogram.csv,Lysosomes - Airyscan Confocal,9-2.
0.0050400671204886,Correctly Tracked,/root/vast/mustafa/dreem-experiments/paper-plots/uncertainty-microscopy/no-post-processing-no-weight-iou-entropies/9-2.frame_meta_entropy_histogram.csv,Lysosomes - Airyscan Confocal,9-2.
0.0747760557334735,Correctly Tracked,/root/vast/mustafa/dreem-experiments/paper-plots/uncertainty-microscopy/no-post-processing-no-weight-iou-entropies/9-2.frame_meta_entropy_histogram.csv,Lysosomes - Airyscan Confocal,9-2.
0.0495294916802061,Correctly Tracked,/root/vast/mustafa/dreem-experiments/paper-plots/uncertainty-microscopy/no-post-processing-no-weight-iou-entropies/9-2.frame_meta_entropy_histogram.csv,Lysosomes - Airyscan Confocal,9-2.
0.063763139793888,Correctly Tracked,/root/vast/mustafa/dreem-experiments/paper-plots/uncertainty-microscopy/no-post-processing-no-weight-iou-entropies/9-2.frame_meta_entropy_histogram.csv,Lysosomes - Airyscan Confocal,9-2.
0.0539846670509116,Correctly Tracked,/root/vast/mustafa/dreem-experiments/paper-plots/uncertainty-microscopy/no-post-processing-no-weight-iou-entropies/9-2.frame_meta_entropy_histogram.csv,Lysosomes - Airyscan Confocal,9-2.
0.0780944592553798,Correctly Tracked,/root/vast/mustafa/dreem-experiments/paper-plots/uncertainty-microscopy/no-post-processing-no-weight-iou-entropies/9-2.frame_meta_entropy_histogram.csv,Lysosomes - Airyscan Confocal,9-2.
0.0738763703815636,Correctly Tracked,/root/vast/mustafa/dreem-experiments/paper-plots/uncertainty-microscopy/no-post-processing-no-weight-iou-entropies/9-2.frame_meta_entropy_histogram.csv,Lysosomes - Airyscan Confocal,9-2.
0.0604843062110181,Correctly Tracked,/root/vast/mustafa/dreem-experiments/paper-plots/uncertainty-microscopy/no-post-processing-no-weight-iou-entropies/9-2.frame_meta_entropy_histogram.csv,Lysosomes - Airyscan Confocal,9-2.
0.0611283171323475,Correctly Tracked,/root/vast/mustafa/dreem-experiments/paper-plots/uncertainty-microscopy/no-post-processing-no-weight-iou-entropies/9-2.frame_meta_entropy_histogram.csv,Lysosomes - Airyscan Confocal,9-2.
0.0027419206664881,Correctly Tracked,/root/vast/mustafa/dreem-experiments/paper-plots/uncertainty-microscopy/no-post-processing-no-weight-iou-entropies/9-2.frame_meta_entropy_histogram.csv,Lysosomes - Airyscan Confocal,9-2.
0.0512489884745497,Correctly Tracked,/root/vast/mustafa/dreem-experiments/paper-plots/uncertainty-microscopy/no-post-processing-no-weight-iou-entropies/9-2.frame_meta_entropy_histogram.csv,Lysosomes - Airyscan Confocal,9-2.
0.0745253444844588,Correctly Tracked,/root/vast/mustafa/dreem-experiments/paper-plots/uncertainty-microscopy/no-post-processing-no-weight-iou-entropies/9-2.frame_meta_entropy_histogram.csv,Lysosomes - Airyscan Confocal,9-2.
0.0513007546276727,Correctly Tracked,/root/vast/mustafa/dreem-experiments/paper-plots/uncertainty-microscopy/no-post-processing-no-weight-iou-entropies/9-2.frame_meta_entropy_histogram.csv,Lysosomes - Airyscan Confocal,9-2.
0.0653531308630975,Correctly Tracked,/root/vast/mustafa/dreem-experiments/paper-plots/uncertainty-microscopy/no-post-processing-no-weight-iou-entropies/9-2.frame_meta_entropy_histogram.csv,Lysosomes - Airyscan Confocal,9-2.
0.0738101833345623,Correctly Tracked,/root/vast/mustafa/dreem-experiments/paper-plots/uncertainty-microscopy/no-post-processing-no-weight-iou-entropies/9-2.frame_meta_entropy_histogram.csv,Lysosomes - Airyscan Confocal,9-2.
0.0923048046952027,Correctly Tracked,/root/vast/mustafa/dreem-experiments/paper-plots/uncertainty-microscopy/no-post-processing-no-weight-iou-entropies/9-2.frame_meta_entropy_histogram.csv,Lysosomes - Airyscan Confocal,9-2.
0.0320020611518052,Correctly Tracked,/root/vast/mustafa/dreem-experiments/paper-plots/uncertainty-microscopy/no-post-processing-no-weight-iou-entropies/9-2.frame_meta_entropy_histogram.csv,Lysosomes - Airyscan Confocal,9-2.
0.037797795251266,Correctly Tracked,/root/vast/mustafa/dreem-experiments/paper-plots/uncertainty-microscopy/no-post-processing-no-weight-iou-entropies/9-2.frame_meta_entropy_histogram.csv,Lysosomes - Airyscan Confocal,9-2.
0.4046580968358728,Correctly Tracked,/root/vast/mustafa/dreem-experiments/paper-plots/uncertainty-microscopy/no-post-processing-no-weight-iou-entropies/9-2.frame_meta_entropy_histogram.csv,Lysosomes - Airyscan Confocal,9-2.
0.0093072965735619,Correctly Tracked,/root/vast/mustafa/dreem-experiments/paper-plots/uncertainty-microscopy/no-post-processing-no-weight-iou-entropies/9-2.frame_meta_entropy_histogram.csv,Lysosomes - Airyscan Confocal,9-2.
0.0888641680054511,Correctly Tracked,/root/vast/mustafa/dreem-experiments/paper-plots/uncertainty-microscopy/no-post-processing-no-weight-iou-entropies/9-2.frame_meta_entropy_histogram.csv,Lysosomes - Airyscan Confocal,9-2.
0.0509310512417782,Correctly Tracked,/root/vast/mustafa/dreem-experiments/paper-plots/uncertainty-microscopy/no-post-processing-no-weight-iou-entropies/9-2.frame_meta_entropy_histogram.csv,Lysosomes - Airyscan Confocal,9-2.
0.0345385151357025,Correctly Tracked,/root/vast/mustafa/dreem-experiments/paper-plots/uncertainty-microscopy/no-post-processing-no-weight-iou-entropies/9-2.frame_meta_entropy_histogram.csv,Lysosomes - Airyscan Confocal,9-2.
0.0214846771082371,Correctly Tracked,/root/vast/mustafa/dreem-experiments/paper-plots/uncertainty-microscopy/no-post-processing-no-weight-iou-entropies/9-2.frame_meta_entropy_histogram.csv,Lysosomes - Airyscan Confocal,9-2.
0.0169307025222385,Correctly Tracked,/root/vast/mustafa/dreem-experiments/paper-plots/uncertainty-microscopy/no-post-processing-no-weight-iou-entropies/9-2.frame_meta_entropy_histogram.csv,Lysosomes - Airyscan Confocal,9-2.
0.0442137124834242,Correctly Tracked,/root/vast/mustafa/dreem-experiments/paper-plots/uncertainty-microscopy/no-post-processing-no-weight-iou-entropies/9-2.frame_meta_entropy_histogram.csv,Lysosomes - Airyscan Confocal,9-2.
0.0692347962055684,Correctly Tracked,/root/vast/mustafa/dreem-experiments/paper-plots/uncertainty-microscopy/no-post-processing-no-weight-iou-entropies/9-2.frame_meta_entropy_histogram.csv,Lysosomes - Airyscan Confocal,9-2.
0.0856486643935048,Correctly Tracked,/root/vast/mustafa/dreem-experiments/paper-plots/uncertainty-microscopy/no-post-processing-no-weight-iou-entropies/9-2.frame_meta_entropy_histogram.csv,Lysosomes - Airyscan Confocal,9-2.
0.0136674064079393,Correctly Tracked,/root/vast/mustafa/dreem-experiments/paper-plots/uncertainty-microscopy/no-post-processing-no-weight-iou-entropies/9-2.frame_meta_entropy_histogram.csv,Lysosomes - Airyscan Confocal,9-2.
0.0331185567946855,Correctly Tracked,/root/vast/mustafa/dreem-experiments/paper-plots/uncertainty-microscopy/no-post-processing-no-weight-iou-entropies/9-2.frame_meta_entropy_histogram.csv,Lysosomes - Airyscan Confocal,9-2.
0.0372649900875454,Correctly Tracked,/root/vast/mustafa/dreem-experiments/paper-plots/uncertainty-microscopy/no-post-processing-no-weight-iou-entropies/9-2.frame_meta_entropy_histogram.csv,Lysosomes - Airyscan Confocal,9-2.
0.0607838644267286,Correctly Tracked,/root/vast/mustafa/dreem-experiments/paper-plots/uncertainty-microscopy/no-post-processing-no-weight-iou-entropies/9-2.frame_meta_entropy_histogram.csv,Lysosomes - Airyscan Confocal,9-2.
0.0666286120615498,Correctly Tracked,/root/vast/mustafa/dreem-experiments/paper-plots/uncertainty-microscopy/no-post-processing-no-weight-iou-entropies/9-2.frame_meta_entropy_histogram.csv,Lysosomes - Airyscan Confocal,9-2.
0.0632362576989529,Correctly Tracked,/root/vast/mustafa/dreem-experiments/paper-plots/uncertainty-microscopy/no-post-processing-no-weight-iou-entropies/9-2.frame_meta_entropy_histogram.csv,Lysosomes - Airyscan Confocal,9-2.
0.0717335012129492,Correctly Tracked,/root/vast/mustafa/dreem-experiments/paper-plots/uncertainty-microscopy/no-post-processing-no-weight-iou-entropies/9-2.frame_meta_entropy_histogram.csv,Lysosomes - Airyscan Confocal,9-2.
0.0693566623577121,Correctly Tracked,/root/vast/mustafa/dreem-experiments/paper-plots/uncertainty-microscopy/no-post-processing-no-weight-iou-entropies/9-2.frame_meta_entropy_histogram.csv,Lysosomes - Airyscan Confocal,9-2.
0.0512766106408976,Correctly Tracked,/root/vast/mustafa/dreem-experiments/paper-plots/uncertainty-microscopy/no-post-processing-no-weight-iou-entropies/9-2.frame_meta_entropy_histogram.csv,Lysosomes - Airyscan Confocal,9-2.
0.0063145580823457,Correctly Tracked,/root/vast/mustafa/dreem-experiments/paper-plots/uncertainty-microscopy/no-post-processing-no-weight-iou-entropies/9-2.frame_meta_entropy_histogram.csv,Lysosomes - Airyscan Confocal,9-2.
0.0442150337399502,Correctly Tracked,/root/vast/mustafa/dreem-experiments/paper-plots/uncertainty-microscopy/no-post-processing-no-weight-iou-entropies/9-2.frame_meta_entropy_histogram.csv,Lysosomes - Airyscan Confocal,9-2.
0.0441123032218525,Correctly Tracked,/root/vast/mustafa/dreem-experiments/paper-plots/uncertainty-microscopy/no-post-processing-no-weight-iou-entropies/9-2.frame_meta_entropy_histogram.csv,Lysosomes - Airyscan Confocal,9-2.
0.0478773846150862,Correctly Tracked,/root/vast/mustafa/dreem-experiments/paper-plots/uncertainty-microscopy/no-post-processing-no-weight-iou-entropies/9-2.frame_meta_entropy_histogram.csv,Lysosomes - Airyscan Confocal,9-2.
0.0381101736077559,Correctly Tracked,/root/vast/mustafa/dreem-experiments/paper-plots/uncertainty-microscopy/no-post-processing-no-weight-iou-entropies/9-2.frame_meta_entropy_histogram.csv,Lysosomes - Airyscan Confocal,9-2.
0.0363731080540927,Correctly Tracked,/root/vast/mustafa/dreem-experiments/paper-plots/uncertainty-microscopy/no-post-processing-no-weight-iou-entropies/9-2.frame_meta_entropy_histogram.csv,Lysosomes - Airyscan Confocal,9-2.
0.032074095041254,Correctly Tracked,/root/vast/mustafa/dreem-experiments/paper-plots/uncertainty-microscopy/no-post-processing-no-weight-iou-entropies/9-2.frame_meta_entropy_histogram.csv,Lysosomes - Airyscan Confocal,9-2.
0.0530048028841733,Correctly Tracked,/root/vast/mustafa/dreem-experiments/paper-plots/uncertainty-microscopy/no-post-processing-no-weight-iou-entropies/9-2.frame_meta_entropy_histogram.csv,Lysosomes - Airyscan Confocal,9-2.
0.0764552937285406,Correctly Tracked,/root/vast/mustafa/dreem-experiments/paper-plots/uncertainty-microscopy/no-post-processing-no-weight-iou-entropies/9-2.frame_meta_entropy_histogram.csv,Lysosomes - Airyscan Confocal,9-2.
0.0167754944051961,Correctly Tracked,/root/vast/mustafa/dreem-experiments/paper-plots/uncertainty-microscopy/no-post-processing-no-weight-iou-entropies/9-2.frame_meta_entropy_histogram.csv,Lysosomes - Airyscan Confocal,9-2.
0.0248833653148857,Correctly Tracked,/root/vast/mustafa/dreem-experiments/paper-plots/uncertainty-microscopy/no-post-processing-no-weight-iou-entropies/9-2.frame_meta_entropy_histogram.csv,Lysosomes - Airyscan Confocal,9-2.
0.0474298343756679,Correctly Tracked,/root/vast/mustafa/dreem-experiments/paper-plots/uncertainty-microscopy/no-post-processing-no-weight-iou-entropies/9-2.frame_meta_entropy_histogram.csv,Lysosomes - Airyscan Confocal,9-2.
0.05859787938276,Correctly Tracked,/root/vast/mustafa/dreem-experiments/paper-plots/uncertainty-microscopy/no-post-processing-no-weight-iou-entropies/9-2.frame_meta_entropy_histogram.csv,Lysosomes - Airyscan Confocal,9-2.
0.0586389794949527,Correctly Tracked,/root/vast/mustafa/dreem-experiments/paper-plots/uncertainty-microscopy/no-post-processing-no-weight-iou-entropies/9-2.frame_meta_entropy_histogram.csv,Lysosomes - Airyscan Confocal,9-2.
0.0509498480920996,Correctly Tracked,/root/vast/mustafa/dreem-experiments/paper-plots/uncertainty-microscopy/no-post-processing-no-weight-iou-entropies/9-2.frame_meta_entropy_histogram.csv,Lysosomes - Airyscan Confocal,9-2.
0.0590725379665439,Correctly Tracked,/root/vast/mustafa/dreem-experiments/paper-plots/uncertainty-microscopy/no-post-processing-no-weight-iou-entropies/9-2.frame_meta_entropy_histogram.csv,Lysosomes - Airyscan Confocal,9-2.
0.0601488933844513,Correctly Tracked,/root/vast/mustafa/dreem-experiments/paper-plots/uncertainty-microscopy/no-post-processing-no-weight-iou-entropies/9-2.frame_meta_entropy_histogram.csv,Lysosomes - Airyscan Confocal,9-2.
0.0119723810913046,Correctly Tracked,/root/vast/mustafa/dreem-experiments/paper-plots/uncertainty-microscopy/no-post-processing-no-weight-iou-entropies/9-2.frame_meta_entropy_histogram.csv,Lysosomes - Airyscan Confocal,9-2.
0.0691702861380041,Correctly Tracked,/root/vast/mustafa/dreem-experiments/paper-plots/uncertainty-microscopy/no-post-processing-no-weight-iou-entropies/9-2.frame_meta_entropy_histogram.csv,Lysosomes - Airyscan Confocal,9-2.
0.0587929736369818,Correctly Tracked,/root/vast/mustafa/dreem-experiments/paper-plots/uncertainty-microscopy/no-post-processing-no-weight-iou-entropies/9-2.frame_meta_entropy_histogram.csv,Lysosomes - Airyscan Confocal,9-2.
0.0686996590805433,Correctly Tracked,/root/vast/mustafa/dreem-experiments/paper-plots/uncertainty-microscopy/no-post-processing-no-weight-iou-entropies/9-2.frame_meta_entropy_histogram.csv,Lysosomes - Airyscan Confocal,9-2.
0.1028021595626511,Correctly Tracked,/root/vast/mustafa/dreem-experiments/paper-plots/uncertainty-microscopy/no-post-processing-no-weight-iou-entropies/9-2.frame_meta_entropy_histogram.csv,Lysosomes - Airyscan Confocal,9-2.
0.100778785060108,Correctly Tracked,/root/vast/mustafa/dreem-experiments/paper-plots/uncertainty-microscopy/no-post-processing-no-weight-iou-entropies/9-2.frame_meta_entropy_histogram.csv,Lysosomes - Airyscan Confocal,9-2.
0.2121228115996843,Correctly Tracked,/root/vast/mustafa/dreem-experiments/paper-plots/uncertainty-microscopy/no-post-processing-no-weight-iou-entropies/9-2.frame_meta_entropy_histogram.csv,Lysosomes - Airyscan Confocal,9-2.
0.0149801269957223,Correctly Tracked,/root/vast/mustafa/dreem-experiments/paper-plots/uncertainty-microscopy/no-post-processing-no-weight-iou-entropies/9-2.frame_meta_entropy_histogram.csv,Lysosomes - Airyscan Confocal,9-2.
0.1527549615067785,Correctly Tracked,/root/vast/mustafa/dreem-experiments/paper-plots/uncertainty-microscopy/no-post-processing-no-weight-iou-entropies/9-2.frame_meta_entropy_histogram.csv,Lysosomes - Airyscan Confocal,9-2.
0.1236521634759689,Correctly Tracked,/root/vast/mustafa/dreem-experiments/paper-plots/uncertainty-microscopy/no-post-processing-no-weight-iou-entropies/9-2.frame_meta_entropy_histogram.csv,Lysosomes - Airyscan Confocal,9-2.
0.0702138981089263,Correctly Tracked,/root/vast/mustafa/dreem-experiments/paper-plots/uncertainty-microscopy/no-post-processing-no-weight-iou-entropies/9-2.frame_meta_entropy_histogram.csv,Lysosomes - Airyscan Confocal,9-2.
0.0580017781264883,Correctly Tracked,/root/vast/mustafa/dreem-experiments/paper-plots/uncertainty-microscopy/no-post-processing-no-weight-iou-entropies/9-2.frame_meta_entropy_histogram.csv,Lysosomes - Airyscan Confocal,9-2.
0.041109095607746,Correctly Tracked,/root/vast/mustafa/dreem-experiments/paper-plots/uncertainty-microscopy/no-post-processing-no-weight-iou-entropies/9-2.frame_meta_entropy_histogram.csv,Lysosomes - Airyscan Confocal,9-2.
0.0334092586391947,Correctly Tracked,/root/vast/mustafa/dreem-experiments/paper-plots/uncertainty-microscopy/no-post-processing-no-weight-iou-entropies/9-2.frame_meta_entropy_histogram.csv,Lysosomes - Airyscan Confocal,9-2.
0.091436761743173,Correctly Tracked,/root/vast/mustafa/dreem-experiments/paper-plots/uncertainty-microscopy/no-post-processing-no-weight-iou-entropies/9-2.frame_meta_entropy_histogram.csv,Lysosomes - Airyscan Confocal,9-2.
0.0186105093916432,Correctly Tracked,/root/vast/mustafa/dreem-experiments/paper-plots/uncertainty-microscopy/no-post-processing-no-weight-iou-entropies/9-2.frame_meta_entropy_histogram.csv,Lysosomes - Airyscan Confocal,9-2.
0.0418568703375332,Correctly Tracked,/root/vast/mustafa/dreem-experiments/paper-plots/uncertainty-microscopy/no-post-processing-no-weight-iou-entropies/9-2.frame_meta_entropy_histogram.csv,Lysosomes - Airyscan Confocal,9-2.
0.0484588447680587,Correctly Tracked,/root/vast/mustafa/dreem-experiments/paper-plots/uncertainty-microscopy/no-post-processing-no-weight-iou-entropies/9-2.frame_meta_entropy_histogram.csv,Lysosomes - Airyscan Confocal,9-2.
0.0930300672464885,Correctly Tracked,/root/vast/mustafa/dreem-experiments/paper-plots/uncertainty-microscopy/no-post-processing-no-weight-iou-entropies/9-2.frame_meta_entropy_histogram.csv,Lysosomes - Airyscan Confocal,9-2.
0.1125794239770097,Correctly Tracked,/root/vast/mustafa/dreem-experiments/paper-plots/uncertainty-microscopy/no-post-processing-no-weight-iou-entropies/9-2.frame_meta_entropy_histogram.csv,Lysosomes - Airyscan Confocal,9-2.
0.1102350970665459,Correctly Tracked,/root/vast/mustafa/dreem-experiments/paper-plots/uncertainty-microscopy/no-post-processing-no-weight-iou-entropies/9-2.frame_meta_entropy_histogram.csv,Lysosomes - Airyscan Confocal,9-2.
0.0514678540534495,Correctly Tracked,/root/vast/mustafa/dreem-experiments/paper-plots/uncertainty-microscopy/no-post-processing-no-weight-iou-entropies/9-2.frame_meta_entropy_histogram.csv,Lysosomes - Airyscan Confocal,9-2.
0.0402824520268656,Correctly Tracked,/root/vast/mustafa/dreem-experiments/paper-plots/uncertainty-microscopy/no-post-processing-no-weight-iou-entropies/9-2.frame_meta_entropy_histogram.csv,Lysosomes - Airyscan Confocal,9-2.
0.0615286352741574,Correctly Tracked,/root/vast/mustafa/dreem-experiments/paper-plots/uncertainty-microscopy/no-post-processing-no-weight-iou-entropies/9-2.frame_meta_entropy_histogram.csv,Lysosomes - Airyscan Confocal,9-2.
0.0148331146216182,Correctly Tracked,/root/vast/mustafa/dreem-experiments/paper-plots/uncertainty-microscopy/no-post-processing-no-weight-iou-entropies/9-2.frame_meta_entropy_histogram.csv,Lysosomes - Airyscan Confocal,9-2.
0.0565401917353077,Correctly Tracked,/root/vast/mustafa/dreem-experiments/paper-plots/uncertainty-microscopy/no-post-processing-no-weight-iou-entropies/9-2.frame_meta_entropy_histogram.csv,Lysosomes - Airyscan Confocal,9-2.
0.0455072649703875,Correctly Tracked,/root/vast/mustafa/dreem-experiments/paper-plots/uncertainty-microscopy/no-post-processing-no-weight-iou-entropies/9-2.frame_meta_entropy_histogram.csv,Lysosomes - Airyscan Confocal,9-2.
0.0780430036540044,Correctly Tracked,/root/vast/mustafa/dreem-experiments/paper-plots/uncertainty-microscopy/no-post-processing-no-weight-iou-entropies/9-2.frame_meta_entropy_histogram.csv,Lysosomes - Airyscan Confocal,9-2.
0.0975641905178228,Correctly Tracked,/root/vast/mustafa/dreem-experiments/paper-plots/uncertainty-microscopy/no-post-processing-no-weight-iou-entropies/9-2.frame_meta_entropy_histogram.csv,Lysosomes - Airyscan Confocal,9-2.
0.0738615994111699,Correctly Tracked,/root/vast/mustafa/dreem-experiments/paper-plots/uncertainty-microscopy/no-post-processing-no-weight-iou-entropies/9-2.frame_meta_entropy_histogram.csv,Lysosomes - Airyscan Confocal,9-2.
0.0605186362951136,Correctly Tracked,/root/vast/mustafa/dreem-experiments/paper-plots/uncertainty-microscopy/no-post-processing-no-weight-iou-entropies/9-2.frame_meta_entropy_histogram.csv,Lysosomes - Airyscan Confocal,9-2.
0.0109458685230835,Correctly Tracked,/root/vast/mustafa/dreem-experiments/paper-plots/uncertainty-microscopy/no-post-processing-no-weight-iou-entropies/9-2.frame_meta_entropy_histogram.csv,Lysosomes - Airyscan Confocal,9-2.
0.0378536042235029,Correctly Tracked,/root/vast/mustafa/dreem-experiments/paper-plots/uncertainty-microscopy/no-post-processing-no-weight-iou-entropies/9-2.frame_meta_entropy_histogram.csv,Lysosomes - Airyscan Confocal,9-2.
0.0374020902145064,Correctly Tracked,/root/vast/mustafa/dreem-experiments/paper-plots/uncertainty-microscopy/no-post-processing-no-weight-iou-entropies/9-2.frame_meta_entropy_histogram.csv,Lysosomes - Airyscan Confocal,9-2.
0.0606338566398592,Correctly Tracked,/root/vast/mustafa/dreem-experiments/paper-plots/uncertainty-microscopy/no-post-processing-no-weight-iou-entropies/9-2.frame_meta_entropy_histogram.csv,Lysosomes - Airyscan Confocal,9-2.
0.0437682683494939,Correctly Tracked,/root/vast/mustafa/dreem-experiments/paper-plots/uncertainty-microscopy/no-post-processing-no-weight-iou-entropies/9-2.frame_meta_entropy_histogram.csv,Lysosomes - Airyscan Confocal,9-2.
0.0580354475823208,Correctly Tracked,/root/vast/mustafa/dreem-experiments/paper-plots/uncertainty-microscopy/no-post-processing-no-weight-iou-entropies/9-2.frame_meta_entropy_histogram.csv,Lysosomes - Airyscan Confocal,9-2.
0.0606013503414813,Correctly Tracked,/root/vast/mustafa/dreem-experiments/paper-plots/uncertainty-microscopy/no-post-processing-no-weight-iou-entropies/9-2.frame_meta_entropy_histogram.csv,Lysosomes - Airyscan Confocal,9-2.
0.0109528291170258,Correctly Tracked,/root/vast/mustafa/dreem-experiments/paper-plots/uncertainty-microscopy/no-post-processing-no-weight-iou-entropies/9-2.frame_meta_entropy_histogram.csv,Lysosomes - Airyscan Confocal,9-2.
0.0607761006330392,Correctly Tracked,/root/vast/mustafa/dreem-experiments/paper-plots/uncertainty-microscopy/no-post-processing-no-weight-iou-entropies/9-2.frame_meta_entropy_histogram.csv,Lysosomes - Airyscan Confocal,9-2.
0.0612526620520764,Correctly Tracked,/root/vast/mustafa/dreem-experiments/paper-plots/uncertainty-microscopy/no-post-processing-no-weight-iou-entropies/9-2.frame_meta_entropy_histogram.csv,Lysosomes - Airyscan Confocal,9-2.
0.0444390911794299,Correctly Tracked,/root/vast/mustafa/dreem-experiments/paper-plots/uncertainty-microscopy/no-post-processing-no-weight-iou-entropies/9-2.frame_meta_entropy_histogram.csv,Lysosomes - Airyscan Confocal,9-2.
0.0672003604144163,Correctly Tracked,/root/vast/mustafa/dreem-experiments/paper-plots/uncertainty-microscopy/no-post-processing-no-weight-iou-entropies/9-2.frame_meta_entropy_histogram.csv,Lysosomes - Airyscan Confocal,9-2.
0.059825140364407,Correctly Tracked,/root/vast/mustafa/dreem-experiments/paper-plots/uncertainty-microscopy/no-post-processing-no-weight-iou-entropies/9-2.frame_meta_entropy_histogram.csv,Lysosomes - Airyscan Confocal,9-2.
0.0083873611303118,Correctly Tracked,/root/vast/mustafa/dreem-experiments/paper-plots/uncertainty-microscopy/no-post-processing-no-weight-iou-entropies/9-2.frame_meta_entropy_histogram.csv,Lysosomes - Airyscan Confocal,9-2.
0.1944659007549287,Correctly Tracked,/root/vast/mustafa/dreem-experiments/paper-plots/uncertainty-microscopy/no-post-processing-no-weight-iou-entropies/9-2.frame_meta_entropy_histogram.csv,Lysosomes - Airyscan Confocal,9-2.
0.0111066348106081,Correctly Tracked,/root/vast/mustafa/dreem-experiments/paper-plots/uncertainty-microscopy/no-post-processing-no-weight-iou-entropies/9-2.frame_meta_entropy_histogram.csv,Lysosomes - Airyscan Confocal,9-2.
0.0060064455775884,Correctly Tracked,/root/vast/mustafa/dreem-experiments/paper-plots/uncertainty-microscopy/no-post-processing-no-weight-iou-entropies/9-2.frame_meta_entropy_histogram.csv,Lysosomes - Airyscan Confocal,9-2.
0.011961047364117,Correctly Tracked,/root/vast/mustafa/dreem-experiments/paper-plots/uncertainty-microscopy/no-post-processing-no-weight-iou-entropies/9-2.frame_meta_entropy_histogram.csv,Lysosomes - Airyscan Confocal,9-2.
0.0202475589318023,Correctly Tracked,/root/vast/mustafa/dreem-experiments/paper-plots/uncertainty-microscopy/no-post-processing-no-weight-iou-entropies/9-2.frame_meta_entropy_histogram.csv,Lysosomes - Airyscan Confocal,9-2.
0.0314248837897516,Correctly Tracked,/root/vast/mustafa/dreem-experiments/paper-plots/uncertainty-microscopy/no-post-processing-no-weight-iou-entropies/9-2.frame_meta_entropy_histogram.csv,Lysosomes - Airyscan Confocal,9-2.
0.0746608297423325,Correctly Tracked,/root/vast/mustafa/dreem-experiments/paper-plots/uncertainty-microscopy/no-post-processing-no-weight-iou-entropies/9-2.frame_meta_entropy_histogram.csv,Lysosomes - Airyscan Confocal,9-2.
0.0908880563299765,Correctly Tracked,/root/vast/mustafa/dreem-experiments/paper-plots/uncertainty-microscopy/no-post-processing-no-weight-iou-entropies/9-2.frame_meta_entropy_histogram.csv,Lysosomes - Airyscan Confocal,9-2.
0.0258086288380049,Correctly Tracked,/root/vast/mustafa/dreem-experiments/paper-plots/uncertainty-microscopy/no-post-processing-no-weight-iou-entropies/9-2.frame_meta_entropy_histogram.csv,Lysosomes - Airyscan Confocal,9-2.
0.0483641603634209,Correctly Tracked,/root/vast/mustafa/dreem-experiments/paper-plots/uncertainty-microscopy/no-post-processing-no-weight-iou-entropies/9-2.frame_meta_entropy_histogram.csv,Lysosomes - Airyscan Confocal,9-2.
0.0746482608661488,Correctly Tracked,/root/vast/mustafa/dreem-experiments/paper-plots/uncertainty-microscopy/no-post-processing-no-weight-iou-entropies/9-2.frame_meta_entropy_histogram.csv,Lysosomes - Airyscan Confocal,9-2.
0.0131103217439538,Correctly Tracked,/root/vast/mustafa/dreem-experiments/paper-plots/uncertainty-microscopy/no-post-processing-no-weight-iou-entropies/9-2.frame_meta_entropy_histogram.csv,Lysosomes - Airyscan Confocal,9-2.
0.0676157600783675,Correctly Tracked,/root/vast/mustafa/dreem-experiments/paper-plots/uncertainty-microscopy/no-post-processing-no-weight-iou-entropies/9-2.frame_meta_entropy_histogram.csv,Lysosomes - Airyscan Confocal,9-2.
0.0550325138183916,Correctly Tracked,/root/vast/mustafa/dreem-experiments/paper-plots/uncertainty-microscopy/no-post-processing-no-weight-iou-entropies/9-2.frame_meta_entropy_histogram.csv,Lysosomes - Airyscan Confocal,9-2.
0.0661590634656124,Correctly Tracked,/root/vast/mustafa/dreem-experiments/paper-plots/uncertainty-microscopy/no-post-processing-no-weight-iou-entropies/9-2.frame_meta_entropy_histogram.csv,Lysosomes - Airyscan Confocal,9-2.
0.0667410656725443,Correctly Tracked,/root/vast/mustafa/dreem-experiments/paper-plots/uncertainty-microscopy/no-post-processing-no-weight-iou-entropies/9-2.frame_meta_entropy_histogram.csv,Lysosomes - Airyscan Confocal,9-2.
0.067997597567999,Correctly Tracked,/root/vast/mustafa/dreem-experiments/paper-plots/uncertainty-microscopy/no-post-processing-no-weight-iou-entropies/9-2.frame_meta_entropy_histogram.csv,Lysosomes - Airyscan Confocal,9-2.
0.077864588851825,Correctly Tracked,/root/vast/mustafa/dreem-experiments/paper-plots/uncertainty-microscopy/no-post-processing-no-weight-iou-entropies/9-2.frame_meta_entropy_histogram.csv,Lysosomes - Airyscan Confocal,9-2.
0.0765738962641371,Correctly Tracked,/root/vast/mustafa/dreem-experiments/paper-plots/uncertainty-microscopy/no-post-processing-no-weight-iou-entropies/9-2.frame_meta_entropy_histogram.csv,Lysosomes - Airyscan Confocal,9-2.
0.0855964408823536,Correctly Tracked,/root/vast/mustafa/dreem-experiments/paper-plots/uncertainty-microscopy/no-post-processing-no-weight-iou-entropies/9-2.frame_meta_entropy_histogram.csv,Lysosomes - Airyscan Confocal,9-2.
0.0199891092978776,Correctly Tracked,/root/vast/mustafa/dreem-experiments/paper-plots/uncertainty-microscopy/no-post-processing-no-weight-iou-entropies/9-2.frame_meta_entropy_histogram.csv,Lysosomes - Airyscan Confocal,9-2.
0.0531096959717132,Correctly Tracked,/root/vast/mustafa/dreem-experiments/paper-plots/uncertainty-microscopy/no-post-processing-no-weight-iou-entropies/9-2.frame_meta_entropy_histogram.csv,Lysosomes - Airyscan Confocal,9-2.
0.0544699690900441,Correctly Tracked,/root/vast/mustafa/dreem-experiments/paper-plots/uncertainty-microscopy/no-post-processing-no-weight-iou-entropies/9-2.frame_meta_entropy_histogram.csv,Lysosomes - Airyscan Confocal,9-2.
0.0512983436168324,Correctly Tracked,/root/vast/mustafa/dreem-experiments/paper-plots/uncertainty-microscopy/no-post-processing-no-weight-iou-entropies/9-2.frame_meta_entropy_histogram.csv,Lysosomes - Airyscan Confocal,9-2.
0.0789970129761582,Correctly Tracked,/root/vast/mustafa/dreem-experiments/paper-plots/uncertainty-microscopy/no-post-processing-no-weight-iou-entropies/9-2.frame_meta_entropy_histogram.csv,Lysosomes - Airyscan Confocal,9-2.
0.0768481021644546,Correctly Tracked,/root/vast/mustafa/dreem-experiments/paper-plots/uncertainty-microscopy/no-post-processing-no-weight-iou-entropies/9-2.frame_meta_entropy_histogram.csv,Lysosomes - Airyscan Confocal,9-2.
0.0600436671595822,Correctly Tracked,/root/vast/mustafa/dreem-experiments/paper-plots/uncertainty-microscopy/no-post-processing-no-weight-iou-entropies/9-2.frame_meta_entropy_histogram.csv,Lysosomes - Airyscan Confocal,9-2.
0.0488278197689452,Correctly Tracked,/root/vast/mustafa/dreem-experiments/paper-plots/uncertainty-microscopy/no-post-processing-no-weight-iou-entropies/9-2.frame_meta_entropy_histogram.csv,Lysosomes - Airyscan Confocal,9-2.
0.1037772807572446,Correctly Tracked,/root/vast/mustafa/dreem-experiments/paper-plots/uncertainty-microscopy/no-post-processing-no-weight-iou-entropies/9-2.frame_meta_entropy_histogram.csv,Lysosomes - Airyscan Confocal,9-2.
0.0104690212552787,Correctly Tracked,/root/vast/mustafa/dreem-experiments/paper-plots/uncertainty-microscopy/no-post-processing-no-weight-iou-entropies/9-2.frame_meta_entropy_histogram.csv,Lysosomes - Airyscan Confocal,9-2.
0.0791832988535397,Correctly Tracked,/root/vast/mustafa/dreem-experiments/paper-plots/uncertainty-microscopy/no-post-processing-no-weight-iou-entropies/9-2.frame_meta_entropy_histogram.csv,Lysosomes - Airyscan Confocal,9-2.
0.0636762304757304,Correctly Tracked,/root/vast/mustafa/dreem-experiments/paper-plots/uncertainty-microscopy/no-post-processing-no-weight-iou-entropies/9-2.frame_meta_entropy_histogram.csv,Lysosomes - Airyscan Confocal,9-2.
0.0696660961189955,Correctly Tracked,/root/vast/mustafa/dreem-experiments/paper-plots/uncertainty-microscopy/no-post-processing-no-weight-iou-entropies/9-2.frame_meta_entropy_histogram.csv,Lysosomes - Airyscan Confocal,9-2.
0.1039166337959744,Correctly Tracked,/root/vast/mustafa/dreem-experiments/paper-plots/uncertainty-microscopy/no-post-processing-no-weight-iou-entropies/9-2.frame_meta_entropy_histogram.csv,Lysosomes - Airyscan Confocal,9-2.
0.0702060326801195,Correctly Tracked,/root/vast/mustafa/dreem-experiments/paper-plots/uncertainty-microscopy/no-post-processing-no-weight-iou-entropies/9-2.frame_meta_entropy_histogram.csv,Lysosomes - Airyscan Confocal,9-2.
0.0761432739181593,Correctly Tracked,/root/vast/mustafa/dreem-experiments/paper-plots/uncertainty-microscopy/no-post-processing-no-weight-iou-entropies/9-2.frame_meta_entropy_histogram.csv,Lysosomes - Airyscan Confocal,9-2.
0.085313787974502,Correctly Tracked,/root/vast/mustafa/dreem-experiments/paper-plots/uncertainty-microscopy/no-post-processing-no-weight-iou-entropies/9-2.frame_meta_entropy_histogram.csv,Lysosomes - Airyscan Confocal,9-2.
0.0861557332869446,Correctly Tracked,/root/vast/mustafa/dreem-experiments/paper-plots/uncertainty-microscopy/no-post-processing-no-weight-iou-entropies/9-2.frame_meta_entropy_histogram.csv,Lysosomes - Airyscan Confocal,9-2.
0.0086894242281863,Correctly Tracked,/root/vast/mustafa/dreem-experiments/paper-plots/uncertainty-microscopy/no-post-processing-no-weight-iou-entropies/9-2.frame_meta_entropy_histogram.csv,Lysosomes - Airyscan Confocal,9-2.
0.0576592395489135,Correctly Tracked,/root/vast/mustafa/dreem-experiments/paper-plots/uncertainty-microscopy/no-post-processing-no-weight-iou-entropies/9-2.frame_meta_entropy_histogram.csv,Lysosomes - Airyscan Confocal,9-2.
0.0799711573443456,Correctly Tracked,/root/vast/mustafa/dreem-experiments/paper-plots/uncertainty-microscopy/no-post-processing-no-weight-iou-entropies/9-2.frame_meta_entropy_histogram.csv,Lysosomes - Airyscan Confocal,9-2.
0.0826345281810813,Correctly Tracked,/root/vast/mustafa/dreem-experiments/paper-plots/uncertainty-microscopy/no-post-processing-no-weight-iou-entropies/9-2.frame_meta_entropy_histogram.csv,Lysosomes - Airyscan Confocal,9-2.
0.1019366010246019,Correctly Tracked,/root/vast/mustafa/dreem-experiments/paper-plots/uncertainty-microscopy/no-post-processing-no-weight-iou-entropies/9-2.frame_meta_entropy_histogram.csv,Lysosomes - Airyscan Confocal,9-2.
0.0575755882009077,Correctly Tracked,/root/vast/mustafa/dreem-experiments/paper-plots/uncertainty-microscopy/no-post-processing-no-weight-iou-entropies/9-2.frame_meta_entropy_histogram.csv,Lysosomes - Airyscan Confocal,9-2.
0.0846653841575432,Correctly Tracked,/root/vast/mustafa/dreem-experiments/paper-plots/uncertainty-microscopy/no-post-processing-no-weight-iou-entropies/9-2.frame_meta_entropy_histogram.csv,Lysosomes - Airyscan Confocal,9-2.
0.0073583359161331,Correctly Tracked,/root/vast/mustafa/dreem-experiments/paper-plots/uncertainty-microscopy/no-post-processing-no-weight-iou-entropies/9-2.frame_meta_entropy_histogram.csv,Lysosomes - Airyscan Confocal,9-2.
0.0386678116184917,Correctly Tracked,/root/vast/mustafa/dreem-experiments/paper-plots/uncertainty-microscopy/no-post-processing-no-weight-iou-entropies/9-2.frame_meta_entropy_histogram.csv,Lysosomes - Airyscan Confocal,9-2.
0.0418124388520484,Correctly Tracked,/root/vast/mustafa/dreem-experiments/paper-plots/uncertainty-microscopy/no-post-processing-no-weight-iou-entropies/9-2.frame_meta_entropy_histogram.csv,Lysosomes - Airyscan Confocal,9-2.
0.0874944202356214,Correctly Tracked,/root/vast/mustafa/dreem-experiments/paper-plots/uncertainty-microscopy/no-post-processing-no-weight-iou-entropies/9-2.frame_meta_entropy_histogram.csv,Lysosomes - Airyscan Confocal,9-2.
0.0745096249196361,Correctly Tracked,/root/vast/mustafa/dreem-experiments/paper-plots/uncertainty-microscopy/no-post-processing-no-weight-iou-entropies/9-2.frame_meta_entropy_histogram.csv,Lysosomes - Airyscan Confocal,9-2.
0.0884890271407763,Correctly Tracked,/root/vast/mustafa/dreem-experiments/paper-plots/uncertainty-microscopy/no-post-processing-no-weight-iou-entropies/9-2.frame_meta_entropy_histogram.csv,Lysosomes - Airyscan Confocal,9-2.
0.0105875807371101,Correctly Tracked,/root/vast/mustafa/dreem-experiments/paper-plots/uncertainty-microscopy/no-post-processing-no-weight-iou-entropies/9-2.frame_meta_entropy_histogram.csv,Lysosomes - Airyscan Confocal,9-2.
0.0537025900753918,Correctly Tracked,/root/vast/mustafa/dreem-experiments/paper-plots/uncertainty-microscopy/no-post-processing-no-weight-iou-entropies/9-2.frame_meta_entropy_histogram.csv,Lysosomes - Airyscan Confocal,9-2.
0.0535245084105417,Correctly Tracked,/root/vast/mustafa/dreem-experiments/paper-plots/uncertainty-microscopy/no-post-processing-no-weight-iou-entropies/9-2.frame_meta_entropy_histogram.csv,Lysosomes - Airyscan Confocal,9-2.
0.0794039148150167,Correctly Tracked,/root/vast/mustafa/dreem-experiments/paper-plots/uncertainty-microscopy/no-post-processing-no-weight-iou-entropies/9-2.frame_meta_entropy_histogram.csv,Lysosomes - Airyscan Confocal,9-2.
0.059152383644043,Correctly Tracked,/root/vast/mustafa/dreem-experiments/paper-plots/uncertainty-microscopy/no-post-processing-no-weight-iou-entropies/9-2.frame_meta_entropy_histogram.csv,Lysosomes - Airyscan Confocal,9-2.
0.0792808742126276,Correctly Tracked,/root/vast/mustafa/dreem-experiments/paper-plots/uncertainty-microscopy/no-post-processing-no-weight-iou-entropies/9-2.frame_meta_entropy_histogram.csv,Lysosomes - Airyscan Confocal,9-2.
0.0777669457359922,Correctly Tracked,/root/vast/mustafa/dreem-experiments/paper-plots/uncertainty-microscopy/no-post-processing-no-weight-iou-entropies/9-2.frame_meta_entropy_histogram.csv,Lysosomes - Airyscan Confocal,9-2.
0.0719875494816515,Correctly Tracked,/root/vast/mustafa/dreem-experiments/paper-plots/uncertainty-microscopy/no-post-processing-no-weight-iou-entropies/9-2.frame_meta_entropy_histogram.csv,Lysosomes - Airyscan Confocal,9-2.
0.0810474280663219,Correctly Tracked,/root/vast/mustafa/dreem-experiments/paper-plots/uncertainty-microscopy/no-post-processing-no-weight-iou-entropies/9-2.frame_meta_entropy_histogram.csv,Lysosomes - Airyscan Confocal,9-2.
0.00646392006274,Correctly Tracked,/root/vast/mustafa/dreem-experiments/paper-plots/uncertainty-microscopy/no-post-processing-no-weight-iou-entropies/9-2.frame_meta_entropy_histogram.csv,Lysosomes - Airyscan Confocal,9-2.
0.0783805846964088,Correctly Tracked,/root/vast/mustafa/dreem-experiments/paper-plots/uncertainty-microscopy/no-post-processing-no-weight-iou-entropies/9-2.frame_meta_entropy_histogram.csv,Lysosomes - Airyscan Confocal,9-2.
0.0821695249334493,Correctly Tracked,/root/vast/mustafa/dreem-experiments/paper-plots/uncertainty-microscopy/no-post-processing-no-weight-iou-entropies/9-2.frame_meta_entropy_histogram.csv,Lysosomes - Airyscan Confocal,9-2.
0.0957281069510443,Correctly Tracked,/root/vast/mustafa/dreem-experiments/paper-plots/uncertainty-microscopy/no-post-processing-no-weight-iou-entropies/9-2.frame_meta_entropy_histogram.csv,Lysosomes - Airyscan Confocal,9-2.
0.0786419224615859,Correctly Tracked,/root/vast/mustafa/dreem-experiments/paper-plots/uncertainty-microscopy/no-post-processing-no-weight-iou-entropies/9-2.frame_meta_entropy_histogram.csv,Lysosomes - Airyscan Confocal,9-2.
0.0909336904976837,Correctly Tracked,/root/vast/mustafa/dreem-experiments/paper-plots/uncertainty-microscopy/no-post-processing-no-weight-iou-entropies/9-2.frame_meta_entropy_histogram.csv,Lysosomes - Airyscan Confocal,9-2.
0.0922827442283341,Correctly Tracked,/root/vast/mustafa/dreem-experiments/paper-plots/uncertainty-microscopy/no-post-processing-no-weight-iou-entropies/9-2.frame_meta_entropy_histogram.csv,Lysosomes - Airyscan Confocal,9-2.
0.0966841546219413,Correctly Tracked,/root/vast/mustafa/dreem-experiments/paper-plots/uncertainty-microscopy/no-post-processing-no-weight-iou-entropies/9-2.frame_meta_entropy_histogram.csv,Lysosomes - Airyscan Confocal,9-2.
0.1102206761726676,Correctly Tracked,/root/vast/mustafa/dreem-experiments/paper-plots/uncertainty-microscopy/no-post-processing-no-weight-iou-entropies/9-2.frame_meta_entropy_histogram.csv,Lysosomes - Airyscan Confocal,9-2.
0.00604415150034,Correctly Tracked,/root/vast/mustafa/dreem-experiments/paper-plots/uncertainty-microscopy/no-post-processing-no-weight-iou-entropies/9-2.frame_meta_entropy_histogram.csv,Lysosomes - Airyscan Confocal,9-2.
0.0899765191941001,Correctly Tracked,/root/vast/mustafa/dreem-experiments/paper-plots/uncertainty-microscopy/no-post-processing-no-weight-iou-entropies/9-2.frame_meta_entropy_histogram.csv,Lysosomes - Airyscan Confocal,9-2.
0.0929402669738807,Correctly Tracked,/root/vast/mustafa/dreem-experiments/paper-plots/uncertainty-microscopy/no-post-processing-no-weight-iou-entropies/9-2.frame_meta_entropy_histogram.csv,Lysosomes - Airyscan Confocal,9-2.
0.1038854205221455,Correctly Tracked,/root/vast/mustafa/dreem-experiments/paper-plots/uncertainty-microscopy/no-post-processing-no-weight-iou-entropies/9-2.frame_meta_entropy_histogram.csv,Lysosomes - Airyscan Confocal,9-2.
0.0954759389320137,Correctly Tracked,/root/vast/mustafa/dreem-experiments/paper-plots/uncertainty-microscopy/no-post-processing-no-weight-iou-entropies/9-2.frame_meta_entropy_histogram.csv,Lysosomes - Airyscan Confocal,9-2.
0.0865760001437397,Correctly Tracked,/root/vast/mustafa/dreem-experiments/paper-plots/uncertainty-microscopy/no-post-processing-no-weight-iou-entropies/9-2.frame_meta_entropy_histogram.csv,Lysosomes - Airyscan Confocal,9-2.
0.0971965762982302,Correctly Tracked,/root/vast/mustafa/dreem-experiments/paper-plots/uncertainty-microscopy/no-post-processing-no-weight-iou-entropies/9-2.frame_meta_entropy_histogram.csv,Lysosomes - Airyscan Confocal,9-2.
0.0208760267381656,Correctly Tracked,/root/vast/mustafa/dreem-experiments/paper-plots/uncertainty-microscopy/no-post-processing-no-weight-iou-entropies/9-2.frame_meta_entropy_histogram.csv,Lysosomes - Airyscan Confocal,9-2.
0.0930334550837348,Correctly Tracked,/root/vast/mustafa/dreem-experiments/paper-plots/uncertainty-microscopy/no-post-processing-no-weight-iou-entropies/9-2.frame_meta_entropy_histogram.csv,Lysosomes - Airyscan Confocal,9-2.
0.0754384513182593,Correctly Tracked,/root/vast/mustafa/dreem-experiments/paper-plots/uncertainty-microscopy/no-post-processing-no-weight-iou-entropies/9-2.frame_meta_entropy_histogram.csv,Lysosomes - Airyscan Confocal,9-2.
0.079453953171144,Correctly Tracked,/root/vast/mustafa/dreem-experiments/paper-plots/uncertainty-microscopy/no-post-processing-no-weight-iou-entropies/9-2.frame_meta_entropy_histogram.csv,Lysosomes - Airyscan Confocal,9-2.
0.0866034472718298,Correctly Tracked,/root/vast/mustafa/dreem-experiments/paper-plots/uncertainty-microscopy/no-post-processing-no-weight-iou-entropies/9-2.frame_meta_entropy_histogram.csv,Lysosomes - Airyscan Confocal,9-2.
0.0918274979519714,Correctly Tracked,/root/vast/mustafa/dreem-experiments/paper-plots/uncertainty-microscopy/no-post-processing-no-weight-iou-entropies/9-2.frame_meta_entropy_histogram.csv,Lysosomes - Airyscan Confocal,9-2.
0.1001761113995785,Correctly Tracked,/root/vast/mustafa/dreem-experiments/paper-plots/uncertainty-microscopy/no-post-processing-no-weight-iou-entropies/9-2.frame_meta_entropy_histogram.csv,Lysosomes - Airyscan Confocal,9-2.
0.0906069223024903,Correctly Tracked,/root/vast/mustafa/dreem-experiments/paper-plots/uncertainty-microscopy/no-post-processing-no-weight-iou-entropies/9-2.frame_meta_entropy_histogram.csv,Lysosomes - Airyscan Confocal,9-2.
0.0896461937697981,Correctly Tracked,/root/vast/mustafa/dreem-experiments/paper-plots/uncertainty-microscopy/no-post-processing-no-weight-iou-entropies/9-2.frame_meta_entropy_histogram.csv,Lysosomes - Airyscan Confocal,9-2.
0.0186939165330475,Correctly Tracked,/root/vast/mustafa/dreem-experiments/paper-plots/uncertainty-microscopy/no-post-processing-no-weight-iou-entropies/9-2.frame_meta_entropy_histogram.csv,Lysosomes - Airyscan Confocal,9-2.
0.0845712418068648,Correctly Tracked,/root/vast/mustafa/dreem-experiments/paper-plots/uncertainty-microscopy/no-post-processing-no-weight-iou-entropies/9-2.frame_meta_entropy_histogram.csv,Lysosomes - Airyscan Confocal,9-2.
0.090816652013616,Correctly Tracked,/root/vast/mustafa/dreem-experiments/paper-plots/uncertainty-microscopy/no-post-processing-no-weight-iou-entropies/9-2.frame_meta_entropy_histogram.csv,Lysosomes - Airyscan Confocal,9-2.
0.096791108643806,Correctly Tracked,/root/vast/mustafa/dreem-experiments/paper-plots/uncertainty-microscopy/no-post-processing-no-weight-iou-entropies/9-2.frame_meta_entropy_histogram.csv,Lysosomes - Airyscan Confocal,9-2.
0.0977691659640129,Correctly Tracked,/root/vast/mustafa/dreem-experiments/paper-plots/uncertainty-microscopy/no-post-processing-no-weight-iou-entropies/9-2.frame_meta_entropy_histogram.csv,Lysosomes - Airyscan Confocal,9-2.
0.0946394706231192,Correctly Tracked,/root/vast/mustafa/dreem-experiments/paper-plots/uncertainty-microscopy/no-post-processing-no-weight-iou-entropies/9-2.frame_meta_entropy_histogram.csv,Lysosomes - Airyscan Confocal,9-2.
0.0057462632060721,Correctly Tracked,/root/vast/mustafa/dreem-experiments/paper-plots/uncertainty-microscopy/no-post-processing-no-weight-iou-entropies/9-2.frame_meta_entropy_histogram.csv,Lysosomes - Airyscan Confocal,9-2.
0.09794122292496,Correctly Tracked,/root/vast/mustafa/dreem-experiments/paper-plots/uncertainty-microscopy/no-post-processing-no-weight-iou-entropies/9-2.frame_meta_entropy_histogram.csv,Lysosomes - Airyscan Confocal,9-2.
0.0842385166645134,Correctly Tracked,/root/vast/mustafa/dreem-experiments/paper-plots/uncertainty-microscopy/no-post-processing-no-weight-iou-entropies/9-2.frame_meta_entropy_histogram.csv,Lysosomes - Airyscan Confocal,9-2.
0.072626444768739,Correctly Tracked,/root/vast/mustafa/dreem-experiments/paper-plots/uncertainty-microscopy/no-post-processing-no-weight-iou-entropies/9-2.frame_meta_entropy_histogram.csv,Lysosomes - Airyscan Confocal,9-2.
0.0923472655886893,Correctly Tracked,/root/vast/mustafa/dreem-experiments/paper-plots/uncertainty-microscopy/no-post-processing-no-weight-iou-entropies/9-2.frame_meta_entropy_histogram.csv,Lysosomes - Airyscan Confocal,9-2.
0.0691267919541574,Correctly Tracked,/root/vast/mustafa/dreem-experiments/paper-plots/uncertainty-microscopy/no-post-processing-no-weight-iou-entropies/9-2.frame_meta_entropy_histogram.csv,Lysosomes - Airyscan Confocal,9-2.
0.0718716007518979,Correctly Tracked,/root/vast/mustafa/dreem-experiments/paper-plots/uncertainty-microscopy/no-post-processing-no-weight-iou-entropies/9-2.frame_meta_entropy_histogram.csv,Lysosomes - Airyscan Confocal,9-2.
0.0105759145783927,Correctly Tracked,/root/vast/mustafa/dreem-experiments/paper-plots/uncertainty-microscopy/no-post-processing-no-weight-iou-entropies/9-2.frame_meta_entropy_histogram.csv,Lysosomes - Airyscan Confocal,9-2.
0.081077997651074,Correctly Tracked,/root/vast/mustafa/dreem-experiments/paper-plots/uncertainty-microscopy/no-post-processing-no-weight-iou-entropies/9-2.frame_meta_entropy_histogram.csv,Lysosomes - Airyscan Confocal,9-2.
0.0835277709958279,Correctly Tracked,/root/vast/mustafa/dreem-experiments/paper-plots/uncertainty-microscopy/no-post-processing-no-weight-iou-entropies/9-2.frame_meta_entropy_histogram.csv,Lysosomes - Airyscan Confocal,9-2.
0.0911809913238705,Correctly Tracked,/root/vast/mustafa/dreem-experiments/paper-plots/uncertainty-microscopy/no-post-processing-no-weight-iou-entropies/9-2.frame_meta_entropy_histogram.csv,Lysosomes - Airyscan Confocal,9-2.
0.0571041988800665,Correctly Tracked,/root/vast/mustafa/dreem-experiments/paper-plots/uncertainty-microscopy/no-post-processing-no-weight-iou-entropies/9-2.frame_meta_entropy_histogram.csv,Lysosomes - Airyscan Confocal,9-2.
0.0753799207834346,Correctly Tracked,/root/vast/mustafa/dreem-experiments/paper-plots/uncertainty-microscopy/no-post-processing-no-weight-iou-entropies/9-2.frame_meta_entropy_histogram.csv,Lysosomes - Airyscan Confocal,9-2.
0.0090604460474091,Correctly Tracked,/root/vast/mustafa/dreem-experiments/paper-plots/uncertainty-microscopy/no-post-processing-no-weight-iou-entropies/9-2.frame_meta_entropy_histogram.csv,Lysosomes - Airyscan Confocal,9-2.
0.0845321292258567,Correctly Tracked,/root/vast/mustafa/dreem-experiments/paper-plots/uncertainty-microscopy/no-post-processing-no-weight-iou-entropies/9-2.frame_meta_entropy_histogram.csv,Lysosomes - Airyscan Confocal,9-2.
0.0836265603299291,Correctly Tracked,/root/vast/mustafa/dreem-experiments/paper-plots/uncertainty-microscopy/no-post-processing-no-weight-iou-entropies/9-2.frame_meta_entropy_histogram.csv,Lysosomes - Airyscan Confocal,9-2.
0.085191656441774,Correctly Tracked,/root/vast/mustafa/dreem-experiments/paper-plots/uncertainty-microscopy/no-post-processing-no-weight-iou-entropies/9-2.frame_meta_entropy_histogram.csv,Lysosomes - Airyscan Confocal,9-2.
0.055900895554146,Correctly Tracked,/root/vast/mustafa/dreem-experiments/paper-plots/uncertainty-microscopy/no-post-processing-no-weight-iou-entropies/9-2.frame_meta_entropy_histogram.csv,Lysosomes - Airyscan Confocal,9-2.
0.0949488592132392,Correctly Tracked,/root/vast/mustafa/dreem-experiments/paper-plots/uncertainty-microscopy/no-post-processing-no-weight-iou-entropies/9-2.frame_meta_entropy_histogram.csv,Lysosomes - Airyscan Confocal,9-2.
0.0948922371600633,Correctly Tracked,/root/vast/mustafa/dreem-experiments/paper-plots/uncertainty-microscopy/no-post-processing-no-weight-iou-entropies/9-2.frame_meta_entropy_histogram.csv,Lysosomes - Airyscan Confocal,9-2.
0.1147746860486376,Correctly Tracked,/root/vast/mustafa/dreem-experiments/paper-plots/uncertainty-microscopy/no-post-processing-no-weight-iou-entropies/9-2.frame_meta_entropy_histogram.csv,Lysosomes - Airyscan Confocal,9-2.
0.0838078378545815,Correctly Tracked,/root/vast/mustafa/dreem-experiments/paper-plots/uncertainty-microscopy/no-post-processing-no-weight-iou-entropies/9-2.frame_meta_entropy_histogram.csv,Lysosomes - Airyscan Confocal,9-2.
0.0105290389094946,Correctly Tracked,/root/vast/mustafa/dreem-experiments/paper-plots/uncertainty-microscopy/no-post-processing-no-weight-iou-entropies/9-2.frame_meta_entropy_histogram.csv,Lysosomes - Airyscan Confocal,9-2.
0.0803421763403707,Correctly Tracked,/root/vast/mustafa/dreem-experiments/paper-plots/uncertainty-microscopy/no-post-processing-no-weight-iou-entropies/9-2.frame_meta_entropy_histogram.csv,Lysosomes - Airyscan Confocal,9-2.
0.0833582718520017,Correctly Tracked,/root/vast/mustafa/dreem-experiments/paper-plots/uncertainty-microscopy/no-post-processing-no-weight-iou-entropies/9-2.frame_meta_entropy_histogram.csv,Lysosomes - Airyscan Confocal,9-2.
0.0781311551791523,Correctly Tracked,/root/vast/mustafa/dreem-experiments/paper-plots/uncertainty-microscopy/no-post-processing-no-weight-iou-entropies/9-2.frame_meta_entropy_histogram.csv,Lysosomes - Airyscan Confocal,9-2.
0.083148417920177,Correctly Tracked,/root/vast/mustafa/dreem-experiments/paper-plots/uncertainty-microscopy/no-post-processing-no-weight-iou-entropies/9-2.frame_meta_entropy_histogram.csv,Lysosomes - Airyscan Confocal,9-2.
0.081914567595086,Correctly Tracked,/root/vast/mustafa/dreem-experiments/paper-plots/uncertainty-microscopy/no-post-processing-no-weight-iou-entropies/9-2.frame_meta_entropy_histogram.csv,Lysosomes - Airyscan Confocal,9-2.
0.0411989099963422,Correctly Tracked,/root/vast/mustafa/dreem-experiments/paper-plots/uncertainty-microscopy/no-post-processing-no-weight-iou-entropies/9-2.frame_meta_entropy_histogram.csv,Lysosomes - Airyscan Confocal,9-2.
0.0388887353085186,Correctly Tracked,/root/vast/mustafa/dreem-experiments/paper-plots/uncertainty-microscopy/no-post-processing-no-weight-iou-entropies/9-2.frame_meta_entropy_histogram.csv,Lysosomes - Airyscan Confocal,9-2.
0.0419594117013846,Correctly Tracked,/root/vast/mustafa/dreem-experiments/paper-plots/uncertainty-microscopy/no-post-processing-no-weight-iou-entropies/9-2.frame_meta_entropy_histogram.csv,Lysosomes - Airyscan Confocal,9-2.
0.0075358938778089,Correctly Tracked,/root/vast/mustafa/dreem-experiments/paper-plots/uncertainty-microscopy/no-post-processing-no-weight-iou-entropies/9-2.frame_meta_entropy_histogram.csv,Lysosomes - Airyscan Confocal,9-2.
0.1291286136773528,Correctly Tracked,/root/vast/mustafa/dreem-experiments/paper-plots/uncertainty-microscopy/no-post-processing-no-weight-iou-entropies/9-2.frame_meta_entropy_histogram.csv,Lysosomes - Airyscan Confocal,9-2.
0.0399544642102635,Correctly Tracked,/root/vast/mustafa/dreem-experiments/paper-plots/uncertainty-microscopy/no-post-processing-no-weight-iou-entropies/9-2.frame_meta_entropy_histogram.csv,Lysosomes - Airyscan Confocal,9-2.
0.0361582683551206,Correctly Tracked,/root/vast/mustafa/dreem-experiments/paper-plots/uncertainty-microscopy/no-post-processing-no-weight-iou-entropies/9-2.frame_meta_entropy_histogram.csv,Lysosomes - Airyscan Confocal,9-2.
0.039989867109487,Correctly Tracked,/root/vast/mustafa/dreem-experiments/paper-plots/uncertainty-microscopy/no-post-processing-no-weight-iou-entropies/9-2.frame_meta_entropy_histogram.csv,Lysosomes - Airyscan Confocal,9-2.
0.0810675122947968,Correctly Tracked,/root/vast/mustafa/dreem-experiments/paper-plots/uncertainty-microscopy/no-post-processing-no-weight-iou-entropies/9-2.frame_meta_entropy_histogram.csv,Lysosomes - Airyscan Confocal,9-2.
0.0470820107719889,Correctly Tracked,/root/vast/mustafa/dreem-experiments/paper-plots/uncertainty-microscopy/no-post-processing-no-weight-iou-entropies/9-2.frame_meta_entropy_histogram.csv,Lysosomes - Airyscan Confocal,9-2.
0.0334895955530945,Correctly Tracked,/root/vast/mustafa/dreem-experiments/paper-plots/uncertainty-microscopy/no-post-processing-no-weight-iou-entropies/9-2.frame_meta_entropy_histogram.csv,Lysosomes - Airyscan Confocal,9-2.
0.0249346628171896,Correctly Tracked,/root/vast/mustafa/dreem-experiments/paper-plots/uncertainty-microscopy/no-post-processing-no-weight-iou-entropies/9-2.frame_meta_entropy_histogram.csv,Lysosomes - Airyscan Confocal,9-2.
0.0027335936448565,Correctly Tracked,/root/vast/mustafa/dreem-experiments/paper-plots/uncertainty-microscopy/no-post-processing-no-weight-iou-entropies/9-2.frame_meta_entropy_histogram.csv,Lysosomes - Airyscan Confocal,9-2.
0.0576381220300784,Correctly Tracked,/root/vast/mustafa/dreem-experiments/paper-plots/uncertainty-microscopy/no-post-processing-no-weight-iou-entropies/9-2.frame_meta_entropy_histogram.csv,Lysosomes - Airyscan Confocal,9-2.
0.0381877183791253,Correctly Tracked,/root/vast/mustafa/dreem-experiments/paper-plots/uncertainty-microscopy/no-post-processing-no-weight-iou-entropies/9-2.frame_meta_entropy_histogram.csv,Lysosomes - Airyscan Confocal,9-2.
0.0274105789726938,Correctly Tracked,/root/vast/mustafa/dreem-experiments/paper-plots/uncertainty-microscopy/no-post-processing-no-weight-iou-entropies/9-2.frame_meta_entropy_histogram.csv,Lysosomes - Airyscan Confocal,9-2.
0.0244642192675797,Correctly Tracked,/root/vast/mustafa/dreem-experiments/paper-plots/uncertainty-microscopy/no-post-processing-no-weight-iou-entropies/9-2.frame_meta_entropy_histogram.csv,Lysosomes - Airyscan Confocal,9-2.
0.0540763080484231,Correctly Tracked,/root/vast/mustafa/dreem-experiments/paper-plots/uncertainty-microscopy/no-post-processing-no-weight-iou-entropies/9-2.frame_meta_entropy_histogram.csv,Lysosomes - Airyscan Confocal,9-2.
0.0374034820509751,Correctly Tracked,/root/vast/mustafa/dreem-experiments/paper-plots/uncertainty-microscopy/no-post-processing-no-weight-iou-entropies/9-2.frame_meta_entropy_histogram.csv,Lysosomes - Airyscan Confocal,9-2.
0.0361247654679527,Correctly Tracked,/root/vast/mustafa/dreem-experiments/paper-plots/uncertainty-microscopy/no-post-processing-no-weight-iou-entropies/9-2.frame_meta_entropy_histogram.csv,Lysosomes - Airyscan Confocal,9-2.
0.0466999869513088,Correctly Tracked,/root/vast/mustafa/dreem-experiments/paper-plots/uncertainty-microscopy/no-post-processing-no-weight-iou-entropies/9-2.frame_meta_entropy_histogram.csv,Lysosomes - Airyscan Confocal,9-2.
0.0018914265349441,Correctly Tracked,/root/vast/mustafa/dreem-experiments/paper-plots/uncertainty-microscopy/no-post-processing-no-weight-iou-entropies/9-2.frame_meta_entropy_histogram.csv,Lysosomes - Airyscan Confocal,9-2.
0.0612877148747845,Correctly Tracked,/root/vast/mustafa/dreem-experiments/paper-plots/uncertainty-microscopy/no-post-processing-no-weight-iou-entropies/9-2.frame_meta_entropy_histogram.csv,Lysosomes - Airyscan Confocal,9-2.
0.0363789069021792,Correctly Tracked,/root/vast/mustafa/dreem-experiments/paper-plots/uncertainty-microscopy/no-post-processing-no-weight-iou-entropies/9-2.frame_meta_entropy_histogram.csv,Lysosomes - Airyscan Confocal,9-2.
0.0309896539851188,Correctly Tracked,/root/vast/mustafa/dreem-experiments/paper-plots/uncertainty-microscopy/no-post-processing-no-weight-iou-entropies/9-2.frame_meta_entropy_histogram.csv,Lysosomes - Airyscan Confocal,9-2.
0.0407523676385047,Correctly Tracked,/root/vast/mustafa/dreem-experiments/paper-plots/uncertainty-microscopy/no-post-processing-no-weight-iou-entropies/9-2.frame_meta_entropy_histogram.csv,Lysosomes - Airyscan Confocal,9-2.
0.0649601812672983,Correctly Tracked,/root/vast/mustafa/dreem-experiments/paper-plots/uncertainty-microscopy/no-post-processing-no-weight-iou-entropies/9-2.frame_meta_entropy_histogram.csv,Lysosomes - Airyscan Confocal,9-2.
0.0364337870423711,Correctly Tracked,/root/vast/mustafa/dreem-experiments/paper-plots/uncertainty-microscopy/no-post-processing-no-weight-iou-entropies/9-2.frame_meta_entropy_histogram.csv,Lysosomes - Airyscan Confocal,9-2.
0.0348869965444468,Correctly Tracked,/root/vast/mustafa/dreem-experiments/paper-plots/uncertainty-microscopy/no-post-processing-no-weight-iou-entropies/9-2.frame_meta_entropy_histogram.csv,Lysosomes - Airyscan Confocal,9-2.
0.0655402975781631,Correctly Tracked,/root/vast/mustafa/dreem-experiments/paper-plots/uncertainty-microscopy/no-post-processing-no-weight-iou-entropies/9-2.frame_meta_entropy_histogram.csv,Lysosomes - Airyscan Confocal,9-2.
0.0052027133047851,Correctly Tracked,/root/vast/mustafa/dreem-experiments/paper-plots/uncertainty-microscopy/no-post-processing-no-weight-iou-entropies/9-2.frame_meta_entropy_histogram.csv,Lysosomes - Airyscan Confocal,9-2.
0.0595998774195072,Correctly Tracked,/root/vast/mustafa/dreem-experiments/paper-plots/uncertainty-microscopy/no-post-processing-no-weight-iou-entropies/9-2.frame_meta_entropy_histogram.csv,Lysosomes - Airyscan Confocal,9-2.
0.0604211117535844,Correctly Tracked,/root/vast/mustafa/dreem-experiments/paper-plots/uncertainty-microscopy/no-post-processing-no-weight-iou-entropies/9-2.frame_meta_entropy_histogram.csv,Lysosomes - Airyscan Confocal,9-2.
0.059446391453065,Correctly Tracked,/root/vast/mustafa/dreem-experiments/paper-plots/uncertainty-microscopy/no-post-processing-no-weight-iou-entropies/9-2.frame_meta_entropy_histogram.csv,Lysosomes - Airyscan Confocal,9-2.
0.0627555235937074,Correctly Tracked,/root/vast/mustafa/dreem-experiments/paper-plots/uncertainty-microscopy/no-post-processing-no-weight-iou-entropies/9-2.frame_meta_entropy_histogram.csv,Lysosomes - Airyscan Confocal,9-2.
0.0598864206937966,Correctly Tracked,/root/vast/mustafa/dreem-experiments/paper-plots/uncertainty-microscopy/no-post-processing-no-weight-iou-entropies/9-2.frame_meta_entropy_histogram.csv,Lysosomes - Airyscan Confocal,9-2.
0.0426383032303621,Correctly Tracked,/root/vast/mustafa/dreem-experiments/paper-plots/uncertainty-microscopy/no-post-processing-no-weight-iou-entropies/9-2.frame_meta_entropy_histogram.csv,Lysosomes - Airyscan Confocal,9-2.
0.0559747899308825,Correctly Tracked,/root/vast/mustafa/dreem-experiments/paper-plots/uncertainty-microscopy/no-post-processing-no-weight-iou-entropies/9-2.frame_meta_entropy_histogram.csv,Lysosomes - Airyscan Confocal,9-2.
0.0066689724410675,Correctly Tracked,/root/vast/mustafa/dreem-experiments/paper-plots/uncertainty-microscopy/no-post-processing-no-weight-iou-entropies/9-2.frame_meta_entropy_histogram.csv,Lysosomes - Airyscan Confocal,9-2.
0.1153713406516596,Correctly Tracked,/root/vast/mustafa/dreem-experiments/paper-plots/uncertainty-microscopy/no-post-processing-no-weight-iou-entropies/9-2.frame_meta_entropy_histogram.csv,Lysosomes - Airyscan Confocal,9-2.
0.0534117668333813,Correctly Tracked,/root/vast/mustafa/dreem-experiments/paper-plots/uncertainty-microscopy/no-post-processing-no-weight-iou-entropies/9-2.frame_meta_entropy_histogram.csv,Lysosomes - Airyscan Confocal,9-2.
0.0576458293598136,Correctly Tracked,/root/vast/mustafa/dreem-experiments/paper-plots/uncertainty-microscopy/no-post-processing-no-weight-iou-entropies/9-2.frame_meta_entropy_histogram.csv,Lysosomes - Airyscan Confocal,9-2.
0.0961183745090236,Correctly Tracked,/root/vast/mustafa/dreem-experiments/paper-plots/uncertainty-microscopy/no-post-processing-no-weight-iou-entropies/9-2.frame_meta_entropy_histogram.csv,Lysosomes - Airyscan Confocal,9-2.
0.0944101366271284,Correctly Tracked,/root/vast/mustafa/dreem-experiments/paper-plots/uncertainty-microscopy/no-post-processing-no-weight-iou-entropies/9-2.frame_meta_entropy_histogram.csv,Lysosomes - Airyscan Confocal,9-2.
0.1040602555096346,Correctly Tracked,/root/vast/mustafa/dreem-experiments/paper-plots/uncertainty-microscopy/no-post-processing-no-weight-iou-entropies/9-2.frame_meta_entropy_histogram.csv,Lysosomes - Airyscan Confocal,9-2.
0.1084610899709099,Correctly Tracked,/root/vast/mustafa/dreem-experiments/paper-plots/uncertainty-microscopy/no-post-processing-no-weight-iou-entropies/9-2.frame_meta_entropy_histogram.csv,Lysosomes - Airyscan Confocal,9-2.
0.0317896973972206,Correctly Tracked,/root/vast/mustafa/dreem-experiments/paper-plots/uncertainty-microscopy/no-post-processing-no-weight-iou-entropies/9-2.frame_meta_entropy_histogram.csv,Lysosomes - Airyscan Confocal,9-2.
0.0218711192333259,Correctly Tracked,/root/vast/mustafa/dreem-experiments/paper-plots/uncertainty-microscopy/no-post-processing-no-weight-iou-entropies/9-2.frame_meta_entropy_histogram.csv,Lysosomes - Airyscan Confocal,9-2.
0.0448758680964051,Correctly Tracked,/root/vast/mustafa/dreem-experiments/paper-plots/uncertainty-microscopy/no-post-processing-no-weight-iou-entropies/9-2.frame_meta_entropy_histogram.csv,Lysosomes - Airyscan Confocal,9-2.
0.0412968100231663,Correctly Tracked,/root/vast/mustafa/dreem-experiments/paper-plots/uncertainty-microscopy/no-post-processing-no-weight-iou-entropies/9-2.frame_meta_entropy_histogram.csv,Lysosomes - Airyscan Confocal,9-2.
0.0055998705238643,Correctly Tracked,/root/vast/mustafa/dreem-experiments/paper-plots/uncertainty-microscopy/no-post-processing-no-weight-iou-entropies/9-2.frame_meta_entropy_histogram.csv,Lysosomes - Airyscan Confocal,9-2.
0.0118325932801282,Correctly Tracked,/root/vast/mustafa/dreem-experiments/paper-plots/uncertainty-microscopy/no-post-processing-no-weight-iou-entropies/9-2.frame_meta_entropy_histogram.csv,Lysosomes - Airyscan Confocal,9-2.
0.0305719449454447,Correctly Tracked,/root/vast/mustafa/dreem-experiments/paper-plots/uncertainty-microscopy/no-post-processing-no-weight-iou-entropies/9-2.frame_meta_entropy_histogram.csv,Lysosomes - Airyscan Confocal,9-2.
0.0621612348303623,Correctly Tracked,/root/vast/mustafa/dreem-experiments/paper-plots/uncertainty-microscopy/no-post-processing-no-weight-iou-entropies/9-2.frame_meta_entropy_histogram.csv,Lysosomes - Airyscan Confocal,9-2.
0.0960259994801087,Correctly Tracked,/root/vast/mustafa/dreem-experiments/paper-plots/uncertainty-microscopy/no-post-processing-no-weight-iou-entropies/9-2.frame_meta_entropy_histogram.csv,Lysosomes - Airyscan Confocal,9-2.
0.0144274338157672,Correctly Tracked,/root/vast/mustafa/dreem-experiments/paper-plots/uncertainty-microscopy/no-post-processing-no-weight-iou-entropies/9-2.frame_meta_entropy_histogram.csv,Lysosomes - Airyscan Confocal,9-2.
0.0971142066819826,Correctly Tracked,/root/vast/mustafa/dreem-experiments/paper-plots/uncertainty-microscopy/no-post-processing-no-weight-iou-entropies/9-2.frame_meta_entropy_histogram.csv,Lysosomes - Airyscan Confocal,9-2.
0.0661450095874358,Correctly Tracked,/root/vast/mustafa/dreem-experiments/paper-plots/uncertainty-microscopy/no-post-processing-no-weight-iou-entropies/9-2.frame_meta_entropy_histogram.csv,Lysosomes - Airyscan Confocal,9-2.
0.0886187191969589,Correctly Tracked,/root/vast/mustafa/dreem-experiments/paper-plots/uncertainty-microscopy/no-post-processing-no-weight-iou-entropies/9-2.frame_meta_entropy_histogram.csv,Lysosomes - Airyscan Confocal,9-2.
0.0443449996463102,Correctly Tracked,/root/vast/mustafa/dreem-experiments/paper-plots/uncertainty-microscopy/no-post-processing-no-weight-iou-entropies/9-2.frame_meta_entropy_histogram.csv,Lysosomes - Airyscan Confocal,9-2.
0.0387461355924277,Correctly Tracked,/root/vast/mustafa/dreem-experiments/paper-plots/uncertainty-microscopy/no-post-processing-no-weight-iou-entropies/9-2.frame_meta_entropy_histogram.csv,Lysosomes - Airyscan Confocal,9-2.
0.0737512801376405,Correctly Tracked,/root/vast/mustafa/dreem-experiments/paper-plots/uncertainty-microscopy/no-post-processing-no-weight-iou-entropies/9-2.frame_meta_entropy_histogram.csv,Lysosomes - Airyscan Confocal,9-2.
0.1115772452556093,Correctly Tracked,/root/vast/mustafa/dreem-experiments/paper-plots/uncertainty-microscopy/no-post-processing-no-weight-iou-entropies/9-2.frame_meta_entropy_histogram.csv,Lysosomes - Airyscan Confocal,9-2.
0.0167252824224099,Correctly Tracked,/root/vast/mustafa/dreem-experiments/paper-plots/uncertainty-microscopy/no-post-processing-no-weight-iou-entropies/9-2.frame_meta_entropy_histogram.csv,Lysosomes - Airyscan Confocal,9-2.
0.0039948593370635,Correctly Tracked,/root/vast/mustafa/dreem-experiments/paper-plots/uncertainty-microscopy/no-post-processing-no-weight-iou-entropies/9-2.frame_meta_entropy_histogram.csv,Lysosomes - Airyscan Confocal,9-2.
0.0247855810391676,Correctly Tracked,/root/vast/mustafa/dreem-experiments/paper-plots/uncertainty-microscopy/no-post-processing-no-weight-iou-entropies/9-2.frame_meta_entropy_histogram.csv,Lysosomes - Airyscan Confocal,9-2.
0.0709058130489179,Correctly Tracked,/root/vast/mustafa/dreem-experiments/paper-plots/uncertainty-microscopy/no-post-processing-no-weight-iou-entropies/9-2.frame_meta_entropy_histogram.csv,Lysosomes - Airyscan Confocal,9-2.
0.1088941007421463,Correctly Tracked,/root/vast/mustafa/dreem-experiments/paper-plots/uncertainty-microscopy/no-post-processing-no-weight-iou-entropies/9-2.frame_meta_entropy_histogram.csv,Lysosomes - Airyscan Confocal,9-2.
0.098377474727162,Correctly Tracked,/root/vast/mustafa/dreem-experiments/paper-plots/uncertainty-microscopy/no-post-processing-no-weight-iou-entropies/9-2.frame_meta_entropy_histogram.csv,Lysosomes - Airyscan Confocal,9-2.
0.0615564155395768,Correctly Tracked,/root/vast/mustafa/dreem-experiments/paper-plots/uncertainty-microscopy/no-post-processing-no-weight-iou-entropies/9-2.frame_meta_entropy_histogram.csv,Lysosomes - Airyscan Confocal,9-2.
0.0921838024415568,Correctly Tracked,/root/vast/mustafa/dreem-experiments/paper-plots/uncertainty-microscopy/no-post-processing-no-weight-iou-entropies/9-2.frame_meta_entropy_histogram.csv,Lysosomes - Airyscan Confocal,9-2.
0.1922077943023825,Correctly Tracked,/root/vast/mustafa/dreem-experiments/paper-plots/uncertainty-microscopy/no-post-processing-no-weight-iou-entropies/9-2.frame_meta_entropy_histogram.csv,Lysosomes - Airyscan Confocal,9-2.
0.1419819100906242,Correctly Tracked,/root/vast/mustafa/dreem-experiments/paper-plots/uncertainty-microscopy/no-post-processing-no-weight-iou-entropies/9-2.frame_meta_entropy_histogram.csv,Lysosomes - Airyscan Confocal,9-2.
0.0222341951626073,Correctly Tracked,/root/vast/mustafa/dreem-experiments/paper-plots/uncertainty-microscopy/no-post-processing-no-weight-iou-entropies/9-2.frame_meta_entropy_histogram.csv,Lysosomes - Airyscan Confocal,9-2.
0.0050321784003008,Correctly Tracked,/root/vast/mustafa/dreem-experiments/paper-plots/uncertainty-microscopy/no-post-processing-no-weight-iou-entropies/9-2.frame_meta_entropy_histogram.csv,Lysosomes - Airyscan Confocal,9-2.
0.0318672986325441,Correctly Tracked,/root/vast/mustafa/dreem-experiments/paper-plots/uncertainty-microscopy/no-post-processing-no-weight-iou-entropies/9-2.frame_meta_entropy_histogram.csv,Lysosomes - Airyscan Confocal,9-2.
0.1457667228126197,Correctly Tracked,/root/vast/mustafa/dreem-experiments/paper-plots/uncertainty-microscopy/no-post-processing-no-weight-iou-entropies/9-2.frame_meta_entropy_histogram.csv,Lysosomes - Airyscan Confocal,9-2.
0.1268471085622257,Correctly Tracked,/root/vast/mustafa/dreem-experiments/paper-plots/uncertainty-microscopy/no-post-processing-no-weight-iou-entropies/9-2.frame_meta_entropy_histogram.csv,Lysosomes - Airyscan Confocal,9-2.
0.1253190245722963,Correctly Tracked,/root/vast/mustafa/dreem-experiments/paper-plots/uncertainty-microscopy/no-post-processing-no-weight-iou-entropies/9-2.frame_meta_entropy_histogram.csv,Lysosomes - Airyscan Confocal,9-2.
0.1195400856759839,Correctly Tracked,/root/vast/mustafa/dreem-experiments/paper-plots/uncertainty-microscopy/no-post-processing-no-weight-iou-entropies/9-2.frame_meta_entropy_histogram.csv,Lysosomes - Airyscan Confocal,9-2.
0.2094360985643218,Correctly Tracked,/root/vast/mustafa/dreem-experiments/paper-plots/uncertainty-microscopy/no-post-processing-no-weight-iou-entropies/9-2.frame_meta_entropy_histogram.csv,Lysosomes - Airyscan Confocal,9-2.
0.1137991357279929,Correctly Tracked,/root/vast/mustafa/dreem-experiments/paper-plots/uncertainty-microscopy/no-post-processing-no-weight-iou-entropies/9-2.frame_meta_entropy_histogram.csv,Lysosomes - Airyscan Confocal,9-2.
0.1602910812404039,Correctly Tracked,/root/vast/mustafa/dreem-experiments/paper-plots/uncertainty-microscopy/no-post-processing-no-weight-iou-entropies/9-2.frame_meta_entropy_histogram.csv,Lysosomes - Airyscan Confocal,9-2.
0.0041539786416268,Correctly Tracked,/root/vast/mustafa/dreem-experiments/paper-plots/uncertainty-microscopy/no-post-processing-no-weight-iou-entropies/9-2.frame_meta_entropy_histogram.csv,Lysosomes - Airyscan Confocal,9-2.
0.1273405131787723,Correctly Tracked,/root/vast/mustafa/dreem-experiments/paper-plots/uncertainty-microscopy/no-post-processing-no-weight-iou-entropies/9-2.frame_meta_entropy_histogram.csv,Lysosomes - Airyscan Confocal,9-2.
0.1011336158404914,Correctly Tracked,/root/vast/mustafa/dreem-experiments/paper-plots/uncertainty-microscopy/no-post-processing-no-weight-iou-entropies/9-2.frame_meta_entropy_histogram.csv,Lysosomes - Airyscan Confocal,9-2.
0.0517557016450787,Correctly Tracked,/root/vast/mustafa/dreem-experiments/paper-plots/uncertainty-microscopy/no-post-processing-no-weight-iou-entropies/9-2.frame_meta_entropy_histogram.csv,Lysosomes - Airyscan Confocal,9-2.
0.023950281534123,Correctly Tracked,/root/vast/mustafa/dreem-experiments/paper-plots/uncertainty-microscopy/no-post-processing-no-weight-iou-entropies/9-2.frame_meta_entropy_histogram.csv,Lysosomes - Airyscan Confocal,9-2.
0.0146143916142026,Correctly Tracked,/root/vast/mustafa/dreem-experiments/paper-plots/uncertainty-microscopy/no-post-processing-no-weight-iou-entropies/9-2.frame_meta_entropy_histogram.csv,Lysosomes - Airyscan Confocal,9-2.
0.0072403947145991,Correctly Tracked,/root/vast/mustafa/dreem-experiments/paper-plots/uncertainty-microscopy/no-post-processing-no-weight-iou-entropies/9-2.frame_meta_entropy_histogram.csv,Lysosomes - Airyscan Confocal,9-2.
0.006370157432153,Correctly Tracked,/root/vast/mustafa/dreem-experiments/paper-plots/uncertainty-microscopy/no-post-processing-no-weight-iou-entropies/9-2.frame_meta_entropy_histogram.csv,Lysosomes - Airyscan Confocal,9-2.
0.0128153173461418,Correctly Tracked,/root/vast/mustafa/dreem-experiments/paper-plots/uncertainty-microscopy/no-post-processing-no-weight-iou-entropies/9-2.frame_meta_entropy_histogram.csv,Lysosomes - Airyscan Confocal,9-2.
0.0075026168464574,Correctly Tracked,/root/vast/mustafa/dreem-experiments/paper-plots/uncertainty-microscopy/no-post-processing-no-weight-iou-entropies/9-2.frame_meta_entropy_histogram.csv,Lysosomes - Airyscan Confocal,9-2.
0.0074201011297286,Correctly Tracked,/root/vast/mustafa/dreem-experiments/paper-plots/uncertainty-microscopy/no-post-processing-no-weight-iou-entropies/9-2.frame_meta_entropy_histogram.csv,Lysosomes - Airyscan Confocal,9-2.
