Frame ID,Mean Entropy,Frame Type,pred_path,dataset,id,animal
1575.0,0.0213752560979064,ID Switch,/root/vast/mustafa/dreem-experiments/paper-plots/uncertainty-animals/no-post-processing-no-weight-iou-entropies/20200111_USVpairs_court1_M1_F1_top-01112020145828-0000@0-2560_frame_meta_entropy_histogram.csv,Mice-hc,20200111_USVpairs_court1,Mice
1576.0,0.0171265416027987,ID Switch,/root/vast/mustafa/dreem-experiments/paper-plots/uncertainty-animals/no-post-processing-no-weight-iou-entropies/20200111_USVpairs_court1_M1_F1_top-01112020145828-0000@0-2560_frame_meta_entropy_histogram.csv,Mice-hc,20200111_USVpairs_court1,Mice
1577.0,0.0541648771210472,ID Switch,/root/vast/mustafa/dreem-experiments/paper-plots/uncertainty-animals/no-post-processing-no-weight-iou-entropies/20200111_USVpairs_court1_M1_F1_top-01112020145828-0000@0-2560_frame_meta_entropy_histogram.csv,Mice-hc,20200111_USVpairs_court1,Mice
1.0,0.921097802184996,Correctly Tracked,/root/vast/mustafa/dreem-experiments/paper-plots/uncertainty-animals/no-post-processing-no-weight-iou-entropies/20200111_USVpairs_court1_M1_F1_top-01112020145828-0000@0-2560_frame_meta_entropy_histogram.csv,Mice-hc,20200111_USVpairs_court1,Mice
10.0,0.0954900239787983,Correctly Tracked,/root/vast/mustafa/dreem-experiments/paper-plots/uncertainty-animals/no-post-processing-no-weight-iou-entropies/20200111_USVpairs_court1_M1_F1_top-01112020145828-0000@0-2560_frame_meta_entropy_histogram.csv,Mice-hc,20200111_USVpairs_court1,Mice
100.0,0.0200418074250441,Correctly Tracked,/root/vast/mustafa/dreem-experiments/paper-plots/uncertainty-animals/no-post-processing-no-weight-iou-entropies/20200111_USVpairs_court1_M1_F1_top-01112020145828-0000@0-2560_frame_meta_entropy_histogram.csv,Mice-hc,20200111_USVpairs_court1,Mice
1000.0,0.3004910112925639,Correctly Tracked,/root/vast/mustafa/dreem-experiments/paper-plots/uncertainty-animals/no-post-processing-no-weight-iou-entropies/20200111_USVpairs_court1_M1_F1_top-01112020145828-0000@0-2560_frame_meta_entropy_histogram.csv,Mice-hc,20200111_USVpairs_court1,Mice
1001.0,0.3970246152478821,Correctly Tracked,/root/vast/mustafa/dreem-experiments/paper-plots/uncertainty-animals/no-post-processing-no-weight-iou-entropies/20200111_USVpairs_court1_M1_F1_top-01112020145828-0000@0-2560_frame_meta_entropy_histogram.csv,Mice-hc,20200111_USVpairs_court1,Mice
1002.0,0.2364120813989154,Correctly Tracked,/root/vast/mustafa/dreem-experiments/paper-plots/uncertainty-animals/no-post-processing-no-weight-iou-entropies/20200111_USVpairs_court1_M1_F1_top-01112020145828-0000@0-2560_frame_meta_entropy_histogram.csv,Mice-hc,20200111_USVpairs_court1,Mice
1003.0,0.1050605037850962,Correctly Tracked,/root/vast/mustafa/dreem-experiments/paper-plots/uncertainty-animals/no-post-processing-no-weight-iou-entropies/20200111_USVpairs_court1_M1_F1_top-01112020145828-0000@0-2560_frame_meta_entropy_histogram.csv,Mice-hc,20200111_USVpairs_court1,Mice
1004.0,0.0529568548580133,Correctly Tracked,/root/vast/mustafa/dreem-experiments/paper-plots/uncertainty-animals/no-post-processing-no-weight-iou-entropies/20200111_USVpairs_court1_M1_F1_top-01112020145828-0000@0-2560_frame_meta_entropy_histogram.csv,Mice-hc,20200111_USVpairs_court1,Mice
1005.0,0.0221564174214988,Correctly Tracked,/root/vast/mustafa/dreem-experiments/paper-plots/uncertainty-animals/no-post-processing-no-weight-iou-entropies/20200111_USVpairs_court1_M1_F1_top-01112020145828-0000@0-2560_frame_meta_entropy_histogram.csv,Mice-hc,20200111_USVpairs_court1,Mice
1006.0,0.0135315990007291,Correctly Tracked,/root/vast/mustafa/dreem-experiments/paper-plots/uncertainty-animals/no-post-processing-no-weight-iou-entropies/20200111_USVpairs_court1_M1_F1_top-01112020145828-0000@0-2560_frame_meta_entropy_histogram.csv,Mice-hc,20200111_USVpairs_court1,Mice
1007.0,0.00812551516411,Correctly Tracked,/root/vast/mustafa/dreem-experiments/paper-plots/uncertainty-animals/no-post-processing-no-weight-iou-entropies/20200111_USVpairs_court1_M1_F1_top-01112020145828-0000@0-2560_frame_meta_entropy_histogram.csv,Mice-hc,20200111_USVpairs_court1,Mice
1008.0,0.0121748883307231,Correctly Tracked,/root/vast/mustafa/dreem-experiments/paper-plots/uncertainty-animals/no-post-processing-no-weight-iou-entropies/20200111_USVpairs_court1_M1_F1_top-01112020145828-0000@0-2560_frame_meta_entropy_histogram.csv,Mice-hc,20200111_USVpairs_court1,Mice
1009.0,0.0130231940997184,Correctly Tracked,/root/vast/mustafa/dreem-experiments/paper-plots/uncertainty-animals/no-post-processing-no-weight-iou-entropies/20200111_USVpairs_court1_M1_F1_top-01112020145828-0000@0-2560_frame_meta_entropy_histogram.csv,Mice-hc,20200111_USVpairs_court1,Mice
101.0,0.0176081051177447,Correctly Tracked,/root/vast/mustafa/dreem-experiments/paper-plots/uncertainty-animals/no-post-processing-no-weight-iou-entropies/20200111_USVpairs_court1_M1_F1_top-01112020145828-0000@0-2560_frame_meta_entropy_histogram.csv,Mice-hc,20200111_USVpairs_court1,Mice
1010.0,0.0088048466350181,Correctly Tracked,/root/vast/mustafa/dreem-experiments/paper-plots/uncertainty-animals/no-post-processing-no-weight-iou-entropies/20200111_USVpairs_court1_M1_F1_top-01112020145828-0000@0-2560_frame_meta_entropy_histogram.csv,Mice-hc,20200111_USVpairs_court1,Mice
1011.0,0.0098424797739386,Correctly Tracked,/root/vast/mustafa/dreem-experiments/paper-plots/uncertainty-animals/no-post-processing-no-weight-iou-entropies/20200111_USVpairs_court1_M1_F1_top-01112020145828-0000@0-2560_frame_meta_entropy_histogram.csv,Mice-hc,20200111_USVpairs_court1,Mice
1012.0,0.0098743301547097,Correctly Tracked,/root/vast/mustafa/dreem-experiments/paper-plots/uncertainty-animals/no-post-processing-no-weight-iou-entropies/20200111_USVpairs_court1_M1_F1_top-01112020145828-0000@0-2560_frame_meta_entropy_histogram.csv,Mice-hc,20200111_USVpairs_court1,Mice
1013.0,0.0074888165800135,Correctly Tracked,/root/vast/mustafa/dreem-experiments/paper-plots/uncertainty-animals/no-post-processing-no-weight-iou-entropies/20200111_USVpairs_court1_M1_F1_top-01112020145828-0000@0-2560_frame_meta_entropy_histogram.csv,Mice-hc,20200111_USVpairs_court1,Mice
1014.0,0.0078798083878344,Correctly Tracked,/root/vast/mustafa/dreem-experiments/paper-plots/uncertainty-animals/no-post-processing-no-weight-iou-entropies/20200111_USVpairs_court1_M1_F1_top-01112020145828-0000@0-2560_frame_meta_entropy_histogram.csv,Mice-hc,20200111_USVpairs_court1,Mice
1015.0,0.0074595136922583,Correctly Tracked,/root/vast/mustafa/dreem-experiments/paper-plots/uncertainty-animals/no-post-processing-no-weight-iou-entropies/20200111_USVpairs_court1_M1_F1_top-01112020145828-0000@0-2560_frame_meta_entropy_histogram.csv,Mice-hc,20200111_USVpairs_court1,Mice
1016.0,0.0078882032909796,Correctly Tracked,/root/vast/mustafa/dreem-experiments/paper-plots/uncertainty-animals/no-post-processing-no-weight-iou-entropies/20200111_USVpairs_court1_M1_F1_top-01112020145828-0000@0-2560_frame_meta_entropy_histogram.csv,Mice-hc,20200111_USVpairs_court1,Mice
1017.0,0.0068365508787849,Correctly Tracked,/root/vast/mustafa/dreem-experiments/paper-plots/uncertainty-animals/no-post-processing-no-weight-iou-entropies/20200111_USVpairs_court1_M1_F1_top-01112020145828-0000@0-2560_frame_meta_entropy_histogram.csv,Mice-hc,20200111_USVpairs_court1,Mice
1018.0,0.007023788928225,Correctly Tracked,/root/vast/mustafa/dreem-experiments/paper-plots/uncertainty-animals/no-post-processing-no-weight-iou-entropies/20200111_USVpairs_court1_M1_F1_top-01112020145828-0000@0-2560_frame_meta_entropy_histogram.csv,Mice-hc,20200111_USVpairs_court1,Mice
1019.0,0.0114276196818808,Correctly Tracked,/root/vast/mustafa/dreem-experiments/paper-plots/uncertainty-animals/no-post-processing-no-weight-iou-entropies/20200111_USVpairs_court1_M1_F1_top-01112020145828-0000@0-2560_frame_meta_entropy_histogram.csv,Mice-hc,20200111_USVpairs_court1,Mice
102.0,0.0478873545052773,Correctly Tracked,/root/vast/mustafa/dreem-experiments/paper-plots/uncertainty-animals/no-post-processing-no-weight-iou-entropies/20200111_USVpairs_court1_M1_F1_top-01112020145828-0000@0-2560_frame_meta_entropy_histogram.csv,Mice-hc,20200111_USVpairs_court1,Mice
1020.0,0.0058072360569855,Correctly Tracked,/root/vast/mustafa/dreem-experiments/paper-plots/uncertainty-animals/no-post-processing-no-weight-iou-entropies/20200111_USVpairs_court1_M1_F1_top-01112020145828-0000@0-2560_frame_meta_entropy_histogram.csv,Mice-hc,20200111_USVpairs_court1,Mice
1021.0,0.0062283557318399,Correctly Tracked,/root/vast/mustafa/dreem-experiments/paper-plots/uncertainty-animals/no-post-processing-no-weight-iou-entropies/20200111_USVpairs_court1_M1_F1_top-01112020145828-0000@0-2560_frame_meta_entropy_histogram.csv,Mice-hc,20200111_USVpairs_court1,Mice
1022.0,0.0116799907858774,Correctly Tracked,/root/vast/mustafa/dreem-experiments/paper-plots/uncertainty-animals/no-post-processing-no-weight-iou-entropies/20200111_USVpairs_court1_M1_F1_top-01112020145828-0000@0-2560_frame_meta_entropy_histogram.csv,Mice-hc,20200111_USVpairs_court1,Mice
1023.0,0.0092312520891577,Correctly Tracked,/root/vast/mustafa/dreem-experiments/paper-plots/uncertainty-animals/no-post-processing-no-weight-iou-entropies/20200111_USVpairs_court1_M1_F1_top-01112020145828-0000@0-2560_frame_meta_entropy_histogram.csv,Mice-hc,20200111_USVpairs_court1,Mice
1024.0,0.0099413845779438,Correctly Tracked,/root/vast/mustafa/dreem-experiments/paper-plots/uncertainty-animals/no-post-processing-no-weight-iou-entropies/20200111_USVpairs_court1_M1_F1_top-01112020145828-0000@0-2560_frame_meta_entropy_histogram.csv,Mice-hc,20200111_USVpairs_court1,Mice
1025.0,0.0391536186655475,Correctly Tracked,/root/vast/mustafa/dreem-experiments/paper-plots/uncertainty-animals/no-post-processing-no-weight-iou-entropies/20200111_USVpairs_court1_M1_F1_top-01112020145828-0000@0-2560_frame_meta_entropy_histogram.csv,Mice-hc,20200111_USVpairs_court1,Mice
1026.0,0.0234024317269998,Correctly Tracked,/root/vast/mustafa/dreem-experiments/paper-plots/uncertainty-animals/no-post-processing-no-weight-iou-entropies/20200111_USVpairs_court1_M1_F1_top-01112020145828-0000@0-2560_frame_meta_entropy_histogram.csv,Mice-hc,20200111_USVpairs_court1,Mice
1027.0,0.0165027833695651,Correctly Tracked,/root/vast/mustafa/dreem-experiments/paper-plots/uncertainty-animals/no-post-processing-no-weight-iou-entropies/20200111_USVpairs_court1_M1_F1_top-01112020145828-0000@0-2560_frame_meta_entropy_histogram.csv,Mice-hc,20200111_USVpairs_court1,Mice
1028.0,0.0098802843821886,Correctly Tracked,/root/vast/mustafa/dreem-experiments/paper-plots/uncertainty-animals/no-post-processing-no-weight-iou-entropies/20200111_USVpairs_court1_M1_F1_top-01112020145828-0000@0-2560_frame_meta_entropy_histogram.csv,Mice-hc,20200111_USVpairs_court1,Mice
1029.0,0.0065159040060103,Correctly Tracked,/root/vast/mustafa/dreem-experiments/paper-plots/uncertainty-animals/no-post-processing-no-weight-iou-entropies/20200111_USVpairs_court1_M1_F1_top-01112020145828-0000@0-2560_frame_meta_entropy_histogram.csv,Mice-hc,20200111_USVpairs_court1,Mice
103.0,0.0372947898665885,Correctly Tracked,/root/vast/mustafa/dreem-experiments/paper-plots/uncertainty-animals/no-post-processing-no-weight-iou-entropies/20200111_USVpairs_court1_M1_F1_top-01112020145828-0000@0-2560_frame_meta_entropy_histogram.csv,Mice-hc,20200111_USVpairs_court1,Mice
1030.0,0.0047012015213349,Correctly Tracked,/root/vast/mustafa/dreem-experiments/paper-plots/uncertainty-animals/no-post-processing-no-weight-iou-entropies/20200111_USVpairs_court1_M1_F1_top-01112020145828-0000@0-2560_frame_meta_entropy_histogram.csv,Mice-hc,20200111_USVpairs_court1,Mice
1031.0,0.0045464859957994,Correctly Tracked,/root/vast/mustafa/dreem-experiments/paper-plots/uncertainty-animals/no-post-processing-no-weight-iou-entropies/20200111_USVpairs_court1_M1_F1_top-01112020145828-0000@0-2560_frame_meta_entropy_histogram.csv,Mice-hc,20200111_USVpairs_court1,Mice
1032.0,0.0044316133416496,Correctly Tracked,/root/vast/mustafa/dreem-experiments/paper-plots/uncertainty-animals/no-post-processing-no-weight-iou-entropies/20200111_USVpairs_court1_M1_F1_top-01112020145828-0000@0-2560_frame_meta_entropy_histogram.csv,Mice-hc,20200111_USVpairs_court1,Mice
1033.0,0.0043725137878252,Correctly Tracked,/root/vast/mustafa/dreem-experiments/paper-plots/uncertainty-animals/no-post-processing-no-weight-iou-entropies/20200111_USVpairs_court1_M1_F1_top-01112020145828-0000@0-2560_frame_meta_entropy_histogram.csv,Mice-hc,20200111_USVpairs_court1,Mice
1034.0,0.0043737499131283,Correctly Tracked,/root/vast/mustafa/dreem-experiments/paper-plots/uncertainty-animals/no-post-processing-no-weight-iou-entropies/20200111_USVpairs_court1_M1_F1_top-01112020145828-0000@0-2560_frame_meta_entropy_histogram.csv,Mice-hc,20200111_USVpairs_court1,Mice
1035.0,0.0043769389820488,Correctly Tracked,/root/vast/mustafa/dreem-experiments/paper-plots/uncertainty-animals/no-post-processing-no-weight-iou-entropies/20200111_USVpairs_court1_M1_F1_top-01112020145828-0000@0-2560_frame_meta_entropy_histogram.csv,Mice-hc,20200111_USVpairs_court1,Mice
1036.0,0.0043766568230122,Correctly Tracked,/root/vast/mustafa/dreem-experiments/paper-plots/uncertainty-animals/no-post-processing-no-weight-iou-entropies/20200111_USVpairs_court1_M1_F1_top-01112020145828-0000@0-2560_frame_meta_entropy_histogram.csv,Mice-hc,20200111_USVpairs_court1,Mice
1037.0,0.004370229979147,Correctly Tracked,/root/vast/mustafa/dreem-experiments/paper-plots/uncertainty-animals/no-post-processing-no-weight-iou-entropies/20200111_USVpairs_court1_M1_F1_top-01112020145828-0000@0-2560_frame_meta_entropy_histogram.csv,Mice-hc,20200111_USVpairs_court1,Mice
1038.0,0.0043692676152902,Correctly Tracked,/root/vast/mustafa/dreem-experiments/paper-plots/uncertainty-animals/no-post-processing-no-weight-iou-entropies/20200111_USVpairs_court1_M1_F1_top-01112020145828-0000@0-2560_frame_meta_entropy_histogram.csv,Mice-hc,20200111_USVpairs_court1,Mice
1039.0,0.112831916076381,Correctly Tracked,/root/vast/mustafa/dreem-experiments/paper-plots/uncertainty-animals/no-post-processing-no-weight-iou-entropies/20200111_USVpairs_court1_M1_F1_top-01112020145828-0000@0-2560_frame_meta_entropy_histogram.csv,Mice-hc,20200111_USVpairs_court1,Mice
104.0,0.0432074378524083,Correctly Tracked,/root/vast/mustafa/dreem-experiments/paper-plots/uncertainty-animals/no-post-processing-no-weight-iou-entropies/20200111_USVpairs_court1_M1_F1_top-01112020145828-0000@0-2560_frame_meta_entropy_histogram.csv,Mice-hc,20200111_USVpairs_court1,Mice
1040.0,0.0147094987711873,Correctly Tracked,/root/vast/mustafa/dreem-experiments/paper-plots/uncertainty-animals/no-post-processing-no-weight-iou-entropies/20200111_USVpairs_court1_M1_F1_top-01112020145828-0000@0-2560_frame_meta_entropy_histogram.csv,Mice-hc,20200111_USVpairs_court1,Mice
1041.0,0.0069416188423175,Correctly Tracked,/root/vast/mustafa/dreem-experiments/paper-plots/uncertainty-animals/no-post-processing-no-weight-iou-entropies/20200111_USVpairs_court1_M1_F1_top-01112020145828-0000@0-2560_frame_meta_entropy_histogram.csv,Mice-hc,20200111_USVpairs_court1,Mice
1042.0,0.0055256178252338,Correctly Tracked,/root/vast/mustafa/dreem-experiments/paper-plots/uncertainty-animals/no-post-processing-no-weight-iou-entropies/20200111_USVpairs_court1_M1_F1_top-01112020145828-0000@0-2560_frame_meta_entropy_histogram.csv,Mice-hc,20200111_USVpairs_court1,Mice
1043.0,0.0050878474081854,Correctly Tracked,/root/vast/mustafa/dreem-experiments/paper-plots/uncertainty-animals/no-post-processing-no-weight-iou-entropies/20200111_USVpairs_court1_M1_F1_top-01112020145828-0000@0-2560_frame_meta_entropy_histogram.csv,Mice-hc,20200111_USVpairs_court1,Mice
1044.0,0.0047860346511019,Correctly Tracked,/root/vast/mustafa/dreem-experiments/paper-plots/uncertainty-animals/no-post-processing-no-weight-iou-entropies/20200111_USVpairs_court1_M1_F1_top-01112020145828-0000@0-2560_frame_meta_entropy_histogram.csv,Mice-hc,20200111_USVpairs_court1,Mice
1045.0,0.0047132812871363,Correctly Tracked,/root/vast/mustafa/dreem-experiments/paper-plots/uncertainty-animals/no-post-processing-no-weight-iou-entropies/20200111_USVpairs_court1_M1_F1_top-01112020145828-0000@0-2560_frame_meta_entropy_histogram.csv,Mice-hc,20200111_USVpairs_court1,Mice
1046.0,0.0045995181226267,Correctly Tracked,/root/vast/mustafa/dreem-experiments/paper-plots/uncertainty-animals/no-post-processing-no-weight-iou-entropies/20200111_USVpairs_court1_M1_F1_top-01112020145828-0000@0-2560_frame_meta_entropy_histogram.csv,Mice-hc,20200111_USVpairs_court1,Mice
1047.0,0.0046069321872163,Correctly Tracked,/root/vast/mustafa/dreem-experiments/paper-plots/uncertainty-animals/no-post-processing-no-weight-iou-entropies/20200111_USVpairs_court1_M1_F1_top-01112020145828-0000@0-2560_frame_meta_entropy_histogram.csv,Mice-hc,20200111_USVpairs_court1,Mice
1048.0,0.0045646667789595,Correctly Tracked,/root/vast/mustafa/dreem-experiments/paper-plots/uncertainty-animals/no-post-processing-no-weight-iou-entropies/20200111_USVpairs_court1_M1_F1_top-01112020145828-0000@0-2560_frame_meta_entropy_histogram.csv,Mice-hc,20200111_USVpairs_court1,Mice
1049.0,0.0044899241937861,Correctly Tracked,/root/vast/mustafa/dreem-experiments/paper-plots/uncertainty-animals/no-post-processing-no-weight-iou-entropies/20200111_USVpairs_court1_M1_F1_top-01112020145828-0000@0-2560_frame_meta_entropy_histogram.csv,Mice-hc,20200111_USVpairs_court1,Mice
105.0,0.0200929722636757,Correctly Tracked,/root/vast/mustafa/dreem-experiments/paper-plots/uncertainty-animals/no-post-processing-no-weight-iou-entropies/20200111_USVpairs_court1_M1_F1_top-01112020145828-0000@0-2560_frame_meta_entropy_histogram.csv,Mice-hc,20200111_USVpairs_court1,Mice
1050.0,0.0044696154612252,Correctly Tracked,/root/vast/mustafa/dreem-experiments/paper-plots/uncertainty-animals/no-post-processing-no-weight-iou-entropies/20200111_USVpairs_court1_M1_F1_top-01112020145828-0000@0-2560_frame_meta_entropy_histogram.csv,Mice-hc,20200111_USVpairs_court1,Mice
1051.0,0.00444674915854,Correctly Tracked,/root/vast/mustafa/dreem-experiments/paper-plots/uncertainty-animals/no-post-processing-no-weight-iou-entropies/20200111_USVpairs_court1_M1_F1_top-01112020145828-0000@0-2560_frame_meta_entropy_histogram.csv,Mice-hc,20200111_USVpairs_court1,Mice
1052.0,0.0044476990939631,Correctly Tracked,/root/vast/mustafa/dreem-experiments/paper-plots/uncertainty-animals/no-post-processing-no-weight-iou-entropies/20200111_USVpairs_court1_M1_F1_top-01112020145828-0000@0-2560_frame_meta_entropy_histogram.csv,Mice-hc,20200111_USVpairs_court1,Mice
1053.0,0.0045192123017823,Correctly Tracked,/root/vast/mustafa/dreem-experiments/paper-plots/uncertainty-animals/no-post-processing-no-weight-iou-entropies/20200111_USVpairs_court1_M1_F1_top-01112020145828-0000@0-2560_frame_meta_entropy_histogram.csv,Mice-hc,20200111_USVpairs_court1,Mice
1054.0,0.0045810783577795,Correctly Tracked,/root/vast/mustafa/dreem-experiments/paper-plots/uncertainty-animals/no-post-processing-no-weight-iou-entropies/20200111_USVpairs_court1_M1_F1_top-01112020145828-0000@0-2560_frame_meta_entropy_histogram.csv,Mice-hc,20200111_USVpairs_court1,Mice
1055.0,0.0046216477886843,Correctly Tracked,/root/vast/mustafa/dreem-experiments/paper-plots/uncertainty-animals/no-post-processing-no-weight-iou-entropies/20200111_USVpairs_court1_M1_F1_top-01112020145828-0000@0-2560_frame_meta_entropy_histogram.csv,Mice-hc,20200111_USVpairs_court1,Mice
1056.0,0.0055493950985228,Correctly Tracked,/root/vast/mustafa/dreem-experiments/paper-plots/uncertainty-animals/no-post-processing-no-weight-iou-entropies/20200111_USVpairs_court1_M1_F1_top-01112020145828-0000@0-2560_frame_meta_entropy_histogram.csv,Mice-hc,20200111_USVpairs_court1,Mice
1057.0,0.0064412420377044,Correctly Tracked,/root/vast/mustafa/dreem-experiments/paper-plots/uncertainty-animals/no-post-processing-no-weight-iou-entropies/20200111_USVpairs_court1_M1_F1_top-01112020145828-0000@0-2560_frame_meta_entropy_histogram.csv,Mice-hc,20200111_USVpairs_court1,Mice
1058.0,0.0065146960966108,Correctly Tracked,/root/vast/mustafa/dreem-experiments/paper-plots/uncertainty-animals/no-post-processing-no-weight-iou-entropies/20200111_USVpairs_court1_M1_F1_top-01112020145828-0000@0-2560_frame_meta_entropy_histogram.csv,Mice-hc,20200111_USVpairs_court1,Mice
1059.0,0.0068088898878997,Correctly Tracked,/root/vast/mustafa/dreem-experiments/paper-plots/uncertainty-animals/no-post-processing-no-weight-iou-entropies/20200111_USVpairs_court1_M1_F1_top-01112020145828-0000@0-2560_frame_meta_entropy_histogram.csv,Mice-hc,20200111_USVpairs_court1,Mice
106.0,0.022691353333634,Correctly Tracked,/root/vast/mustafa/dreem-experiments/paper-plots/uncertainty-animals/no-post-processing-no-weight-iou-entropies/20200111_USVpairs_court1_M1_F1_top-01112020145828-0000@0-2560_frame_meta_entropy_histogram.csv,Mice-hc,20200111_USVpairs_court1,Mice
1060.0,0.006426979570213,Correctly Tracked,/root/vast/mustafa/dreem-experiments/paper-plots/uncertainty-animals/no-post-processing-no-weight-iou-entropies/20200111_USVpairs_court1_M1_F1_top-01112020145828-0000@0-2560_frame_meta_entropy_histogram.csv,Mice-hc,20200111_USVpairs_court1,Mice
1061.0,0.0061766124671833,Correctly Tracked,/root/vast/mustafa/dreem-experiments/paper-plots/uncertainty-animals/no-post-processing-no-weight-iou-entropies/20200111_USVpairs_court1_M1_F1_top-01112020145828-0000@0-2560_frame_meta_entropy_histogram.csv,Mice-hc,20200111_USVpairs_court1,Mice
1062.0,0.0054968523832625,Correctly Tracked,/root/vast/mustafa/dreem-experiments/paper-plots/uncertainty-animals/no-post-processing-no-weight-iou-entropies/20200111_USVpairs_court1_M1_F1_top-01112020145828-0000@0-2560_frame_meta_entropy_histogram.csv,Mice-hc,20200111_USVpairs_court1,Mice
1063.0,0.0052967025347667,Correctly Tracked,/root/vast/mustafa/dreem-experiments/paper-plots/uncertainty-animals/no-post-processing-no-weight-iou-entropies/20200111_USVpairs_court1_M1_F1_top-01112020145828-0000@0-2560_frame_meta_entropy_histogram.csv,Mice-hc,20200111_USVpairs_court1,Mice
1064.0,0.0050123718813241,Correctly Tracked,/root/vast/mustafa/dreem-experiments/paper-plots/uncertainty-animals/no-post-processing-no-weight-iou-entropies/20200111_USVpairs_court1_M1_F1_top-01112020145828-0000@0-2560_frame_meta_entropy_histogram.csv,Mice-hc,20200111_USVpairs_court1,Mice
1065.0,0.0046902389709569,Correctly Tracked,/root/vast/mustafa/dreem-experiments/paper-plots/uncertainty-animals/no-post-processing-no-weight-iou-entropies/20200111_USVpairs_court1_M1_F1_top-01112020145828-0000@0-2560_frame_meta_entropy_histogram.csv,Mice-hc,20200111_USVpairs_court1,Mice
1066.0,0.0077801054768401,Correctly Tracked,/root/vast/mustafa/dreem-experiments/paper-plots/uncertainty-animals/no-post-processing-no-weight-iou-entropies/20200111_USVpairs_court1_M1_F1_top-01112020145828-0000@0-2560_frame_meta_entropy_histogram.csv,Mice-hc,20200111_USVpairs_court1,Mice
1067.0,0.4930290715821581,Correctly Tracked,/root/vast/mustafa/dreem-experiments/paper-plots/uncertainty-animals/no-post-processing-no-weight-iou-entropies/20200111_USVpairs_court1_M1_F1_top-01112020145828-0000@0-2560_frame_meta_entropy_histogram.csv,Mice-hc,20200111_USVpairs_court1,Mice
1068.0,0.2900698945461828,Correctly Tracked,/root/vast/mustafa/dreem-experiments/paper-plots/uncertainty-animals/no-post-processing-no-weight-iou-entropies/20200111_USVpairs_court1_M1_F1_top-01112020145828-0000@0-2560_frame_meta_entropy_histogram.csv,Mice-hc,20200111_USVpairs_court1,Mice
1069.0,0.1164863216799864,Correctly Tracked,/root/vast/mustafa/dreem-experiments/paper-plots/uncertainty-animals/no-post-processing-no-weight-iou-entropies/20200111_USVpairs_court1_M1_F1_top-01112020145828-0000@0-2560_frame_meta_entropy_histogram.csv,Mice-hc,20200111_USVpairs_court1,Mice
107.0,0.1711538019748067,Correctly Tracked,/root/vast/mustafa/dreem-experiments/paper-plots/uncertainty-animals/no-post-processing-no-weight-iou-entropies/20200111_USVpairs_court1_M1_F1_top-01112020145828-0000@0-2560_frame_meta_entropy_histogram.csv,Mice-hc,20200111_USVpairs_court1,Mice
1070.0,0.128226115401858,Correctly Tracked,/root/vast/mustafa/dreem-experiments/paper-plots/uncertainty-animals/no-post-processing-no-weight-iou-entropies/20200111_USVpairs_court1_M1_F1_top-01112020145828-0000@0-2560_frame_meta_entropy_histogram.csv,Mice-hc,20200111_USVpairs_court1,Mice
1071.0,0.138175494485838,Correctly Tracked,/root/vast/mustafa/dreem-experiments/paper-plots/uncertainty-animals/no-post-processing-no-weight-iou-entropies/20200111_USVpairs_court1_M1_F1_top-01112020145828-0000@0-2560_frame_meta_entropy_histogram.csv,Mice-hc,20200111_USVpairs_court1,Mice
1072.0,0.1277116722974647,Correctly Tracked,/root/vast/mustafa/dreem-experiments/paper-plots/uncertainty-animals/no-post-processing-no-weight-iou-entropies/20200111_USVpairs_court1_M1_F1_top-01112020145828-0000@0-2560_frame_meta_entropy_histogram.csv,Mice-hc,20200111_USVpairs_court1,Mice
1073.0,0.1078000476774369,Correctly Tracked,/root/vast/mustafa/dreem-experiments/paper-plots/uncertainty-animals/no-post-processing-no-weight-iou-entropies/20200111_USVpairs_court1_M1_F1_top-01112020145828-0000@0-2560_frame_meta_entropy_histogram.csv,Mice-hc,20200111_USVpairs_court1,Mice
1074.0,0.0959890746359395,Correctly Tracked,/root/vast/mustafa/dreem-experiments/paper-plots/uncertainty-animals/no-post-processing-no-weight-iou-entropies/20200111_USVpairs_court1_M1_F1_top-01112020145828-0000@0-2560_frame_meta_entropy_histogram.csv,Mice-hc,20200111_USVpairs_court1,Mice
1075.0,0.0484931633929415,Correctly Tracked,/root/vast/mustafa/dreem-experiments/paper-plots/uncertainty-animals/no-post-processing-no-weight-iou-entropies/20200111_USVpairs_court1_M1_F1_top-01112020145828-0000@0-2560_frame_meta_entropy_histogram.csv,Mice-hc,20200111_USVpairs_court1,Mice
1076.0,0.0275571160513627,Correctly Tracked,/root/vast/mustafa/dreem-experiments/paper-plots/uncertainty-animals/no-post-processing-no-weight-iou-entropies/20200111_USVpairs_court1_M1_F1_top-01112020145828-0000@0-2560_frame_meta_entropy_histogram.csv,Mice-hc,20200111_USVpairs_court1,Mice
1077.0,0.0259383696585504,Correctly Tracked,/root/vast/mustafa/dreem-experiments/paper-plots/uncertainty-animals/no-post-processing-no-weight-iou-entropies/20200111_USVpairs_court1_M1_F1_top-01112020145828-0000@0-2560_frame_meta_entropy_histogram.csv,Mice-hc,20200111_USVpairs_court1,Mice
1078.0,0.0235379164346749,Correctly Tracked,/root/vast/mustafa/dreem-experiments/paper-plots/uncertainty-animals/no-post-processing-no-weight-iou-entropies/20200111_USVpairs_court1_M1_F1_top-01112020145828-0000@0-2560_frame_meta_entropy_histogram.csv,Mice-hc,20200111_USVpairs_court1,Mice
1079.0,0.0220851023968125,Correctly Tracked,/root/vast/mustafa/dreem-experiments/paper-plots/uncertainty-animals/no-post-processing-no-weight-iou-entropies/20200111_USVpairs_court1_M1_F1_top-01112020145828-0000@0-2560_frame_meta_entropy_histogram.csv,Mice-hc,20200111_USVpairs_court1,Mice
108.0,0.1926053055060816,Correctly Tracked,/root/vast/mustafa/dreem-experiments/paper-plots/uncertainty-animals/no-post-processing-no-weight-iou-entropies/20200111_USVpairs_court1_M1_F1_top-01112020145828-0000@0-2560_frame_meta_entropy_histogram.csv,Mice-hc,20200111_USVpairs_court1,Mice
1080.0,0.0209051898918935,Correctly Tracked,/root/vast/mustafa/dreem-experiments/paper-plots/uncertainty-animals/no-post-processing-no-weight-iou-entropies/20200111_USVpairs_court1_M1_F1_top-01112020145828-0000@0-2560_frame_meta_entropy_histogram.csv,Mice-hc,20200111_USVpairs_court1,Mice
1081.0,0.0204899619664455,Correctly Tracked,/root/vast/mustafa/dreem-experiments/paper-plots/uncertainty-animals/no-post-processing-no-weight-iou-entropies/20200111_USVpairs_court1_M1_F1_top-01112020145828-0000@0-2560_frame_meta_entropy_histogram.csv,Mice-hc,20200111_USVpairs_court1,Mice
1082.0,0.0193040045400715,Correctly Tracked,/root/vast/mustafa/dreem-experiments/paper-plots/uncertainty-animals/no-post-processing-no-weight-iou-entropies/20200111_USVpairs_court1_M1_F1_top-01112020145828-0000@0-2560_frame_meta_entropy_histogram.csv,Mice-hc,20200111_USVpairs_court1,Mice
1083.0,0.0179796884146929,Correctly Tracked,/root/vast/mustafa/dreem-experiments/paper-plots/uncertainty-animals/no-post-processing-no-weight-iou-entropies/20200111_USVpairs_court1_M1_F1_top-01112020145828-0000@0-2560_frame_meta_entropy_histogram.csv,Mice-hc,20200111_USVpairs_court1,Mice
1084.0,0.0167964209044676,Correctly Tracked,/root/vast/mustafa/dreem-experiments/paper-plots/uncertainty-animals/no-post-processing-no-weight-iou-entropies/20200111_USVpairs_court1_M1_F1_top-01112020145828-0000@0-2560_frame_meta_entropy_histogram.csv,Mice-hc,20200111_USVpairs_court1,Mice
1085.0,0.0151467686918493,Correctly Tracked,/root/vast/mustafa/dreem-experiments/paper-plots/uncertainty-animals/no-post-processing-no-weight-iou-entropies/20200111_USVpairs_court1_M1_F1_top-01112020145828-0000@0-2560_frame_meta_entropy_histogram.csv,Mice-hc,20200111_USVpairs_court1,Mice
1086.0,0.0144735143891432,Correctly Tracked,/root/vast/mustafa/dreem-experiments/paper-plots/uncertainty-animals/no-post-processing-no-weight-iou-entropies/20200111_USVpairs_court1_M1_F1_top-01112020145828-0000@0-2560_frame_meta_entropy_histogram.csv,Mice-hc,20200111_USVpairs_court1,Mice
1087.0,0.0138220602310484,Correctly Tracked,/root/vast/mustafa/dreem-experiments/paper-plots/uncertainty-animals/no-post-processing-no-weight-iou-entropies/20200111_USVpairs_court1_M1_F1_top-01112020145828-0000@0-2560_frame_meta_entropy_histogram.csv,Mice-hc,20200111_USVpairs_court1,Mice
1088.0,0.0143784711330957,Correctly Tracked,/root/vast/mustafa/dreem-experiments/paper-plots/uncertainty-animals/no-post-processing-no-weight-iou-entropies/20200111_USVpairs_court1_M1_F1_top-01112020145828-0000@0-2560_frame_meta_entropy_histogram.csv,Mice-hc,20200111_USVpairs_court1,Mice
1089.0,0.0471030491238488,Correctly Tracked,/root/vast/mustafa/dreem-experiments/paper-plots/uncertainty-animals/no-post-processing-no-weight-iou-entropies/20200111_USVpairs_court1_M1_F1_top-01112020145828-0000@0-2560_frame_meta_entropy_histogram.csv,Mice-hc,20200111_USVpairs_court1,Mice
109.0,0.0572517614746367,Correctly Tracked,/root/vast/mustafa/dreem-experiments/paper-plots/uncertainty-animals/no-post-processing-no-weight-iou-entropies/20200111_USVpairs_court1_M1_F1_top-01112020145828-0000@0-2560_frame_meta_entropy_histogram.csv,Mice-hc,20200111_USVpairs_court1,Mice
1090.0,0.0263496742297755,Correctly Tracked,/root/vast/mustafa/dreem-experiments/paper-plots/uncertainty-animals/no-post-processing-no-weight-iou-entropies/20200111_USVpairs_court1_M1_F1_top-01112020145828-0000@0-2560_frame_meta_entropy_histogram.csv,Mice-hc,20200111_USVpairs_court1,Mice
1091.0,0.0488490277443237,Correctly Tracked,/root/vast/mustafa/dreem-experiments/paper-plots/uncertainty-animals/no-post-processing-no-weight-iou-entropies/20200111_USVpairs_court1_M1_F1_top-01112020145828-0000@0-2560_frame_meta_entropy_histogram.csv,Mice-hc,20200111_USVpairs_court1,Mice
1092.0,0.4186949882002113,Correctly Tracked,/root/vast/mustafa/dreem-experiments/paper-plots/uncertainty-animals/no-post-processing-no-weight-iou-entropies/20200111_USVpairs_court1_M1_F1_top-01112020145828-0000@0-2560_frame_meta_entropy_histogram.csv,Mice-hc,20200111_USVpairs_court1,Mice
1093.0,0.3719594337545092,Correctly Tracked,/root/vast/mustafa/dreem-experiments/paper-plots/uncertainty-animals/no-post-processing-no-weight-iou-entropies/20200111_USVpairs_court1_M1_F1_top-01112020145828-0000@0-2560_frame_meta_entropy_histogram.csv,Mice-hc,20200111_USVpairs_court1,Mice
1094.0,0.4056439127568362,Correctly Tracked,/root/vast/mustafa/dreem-experiments/paper-plots/uncertainty-animals/no-post-processing-no-weight-iou-entropies/20200111_USVpairs_court1_M1_F1_top-01112020145828-0000@0-2560_frame_meta_entropy_histogram.csv,Mice-hc,20200111_USVpairs_court1,Mice
1095.0,0.4968065415213716,Correctly Tracked,/root/vast/mustafa/dreem-experiments/paper-plots/uncertainty-animals/no-post-processing-no-weight-iou-entropies/20200111_USVpairs_court1_M1_F1_top-01112020145828-0000@0-2560_frame_meta_entropy_histogram.csv,Mice-hc,20200111_USVpairs_court1,Mice
1096.0,0.3946307887305227,Correctly Tracked,/root/vast/mustafa/dreem-experiments/paper-plots/uncertainty-animals/no-post-processing-no-weight-iou-entropies/20200111_USVpairs_court1_M1_F1_top-01112020145828-0000@0-2560_frame_meta_entropy_histogram.csv,Mice-hc,20200111_USVpairs_court1,Mice
1097.0,0.413643642766057,Correctly Tracked,/root/vast/mustafa/dreem-experiments/paper-plots/uncertainty-animals/no-post-processing-no-weight-iou-entropies/20200111_USVpairs_court1_M1_F1_top-01112020145828-0000@0-2560_frame_meta_entropy_histogram.csv,Mice-hc,20200111_USVpairs_court1,Mice
1098.0,0.5184391642818365,Correctly Tracked,/root/vast/mustafa/dreem-experiments/paper-plots/uncertainty-animals/no-post-processing-no-weight-iou-entropies/20200111_USVpairs_court1_M1_F1_top-01112020145828-0000@0-2560_frame_meta_entropy_histogram.csv,Mice-hc,20200111_USVpairs_court1,Mice
1099.0,0.2948050068810631,Correctly Tracked,/root/vast/mustafa/dreem-experiments/paper-plots/uncertainty-animals/no-post-processing-no-weight-iou-entropies/20200111_USVpairs_court1_M1_F1_top-01112020145828-0000@0-2560_frame_meta_entropy_histogram.csv,Mice-hc,20200111_USVpairs_court1,Mice
11.0,0.0555340363790238,Correctly Tracked,/root/vast/mustafa/dreem-experiments/paper-plots/uncertainty-animals/no-post-processing-no-weight-iou-entropies/20200111_USVpairs_court1_M1_F1_top-01112020145828-0000@0-2560_frame_meta_entropy_histogram.csv,Mice-hc,20200111_USVpairs_court1,Mice
110.0,0.126985389562871,Correctly Tracked,/root/vast/mustafa/dreem-experiments/paper-plots/uncertainty-animals/no-post-processing-no-weight-iou-entropies/20200111_USVpairs_court1_M1_F1_top-01112020145828-0000@0-2560_frame_meta_entropy_histogram.csv,Mice-hc,20200111_USVpairs_court1,Mice
1100.0,0.0976260055068517,Correctly Tracked,/root/vast/mustafa/dreem-experiments/paper-plots/uncertainty-animals/no-post-processing-no-weight-iou-entropies/20200111_USVpairs_court1_M1_F1_top-01112020145828-0000@0-2560_frame_meta_entropy_histogram.csv,Mice-hc,20200111_USVpairs_court1,Mice
1101.0,0.0897928944395699,Correctly Tracked,/root/vast/mustafa/dreem-experiments/paper-plots/uncertainty-animals/no-post-processing-no-weight-iou-entropies/20200111_USVpairs_court1_M1_F1_top-01112020145828-0000@0-2560_frame_meta_entropy_histogram.csv,Mice-hc,20200111_USVpairs_court1,Mice
1102.0,0.0342578342263276,Correctly Tracked,/root/vast/mustafa/dreem-experiments/paper-plots/uncertainty-animals/no-post-processing-no-weight-iou-entropies/20200111_USVpairs_court1_M1_F1_top-01112020145828-0000@0-2560_frame_meta_entropy_histogram.csv,Mice-hc,20200111_USVpairs_court1,Mice
1103.0,0.0261773019307194,Correctly Tracked,/root/vast/mustafa/dreem-experiments/paper-plots/uncertainty-animals/no-post-processing-no-weight-iou-entropies/20200111_USVpairs_court1_M1_F1_top-01112020145828-0000@0-2560_frame_meta_entropy_histogram.csv,Mice-hc,20200111_USVpairs_court1,Mice
1104.0,0.015309264081011,Correctly Tracked,/root/vast/mustafa/dreem-experiments/paper-plots/uncertainty-animals/no-post-processing-no-weight-iou-entropies/20200111_USVpairs_court1_M1_F1_top-01112020145828-0000@0-2560_frame_meta_entropy_histogram.csv,Mice-hc,20200111_USVpairs_court1,Mice
1105.0,0.0159265743084517,Correctly Tracked,/root/vast/mustafa/dreem-experiments/paper-plots/uncertainty-animals/no-post-processing-no-weight-iou-entropies/20200111_USVpairs_court1_M1_F1_top-01112020145828-0000@0-2560_frame_meta_entropy_histogram.csv,Mice-hc,20200111_USVpairs_court1,Mice
1106.0,0.009197372178745,Correctly Tracked,/root/vast/mustafa/dreem-experiments/paper-plots/uncertainty-animals/no-post-processing-no-weight-iou-entropies/20200111_USVpairs_court1_M1_F1_top-01112020145828-0000@0-2560_frame_meta_entropy_histogram.csv,Mice-hc,20200111_USVpairs_court1,Mice
1107.0,0.3428176829942411,Correctly Tracked,/root/vast/mustafa/dreem-experiments/paper-plots/uncertainty-animals/no-post-processing-no-weight-iou-entropies/20200111_USVpairs_court1_M1_F1_top-01112020145828-0000@0-2560_frame_meta_entropy_histogram.csv,Mice-hc,20200111_USVpairs_court1,Mice
1108.0,0.0080071803514007,Correctly Tracked,/root/vast/mustafa/dreem-experiments/paper-plots/uncertainty-animals/no-post-processing-no-weight-iou-entropies/20200111_USVpairs_court1_M1_F1_top-01112020145828-0000@0-2560_frame_meta_entropy_histogram.csv,Mice-hc,20200111_USVpairs_court1,Mice
1109.0,0.1424986331294921,Correctly Tracked,/root/vast/mustafa/dreem-experiments/paper-plots/uncertainty-animals/no-post-processing-no-weight-iou-entropies/20200111_USVpairs_court1_M1_F1_top-01112020145828-0000@0-2560_frame_meta_entropy_histogram.csv,Mice-hc,20200111_USVpairs_court1,Mice
111.0,0.0388252554149299,Correctly Tracked,/root/vast/mustafa/dreem-experiments/paper-plots/uncertainty-animals/no-post-processing-no-weight-iou-entropies/20200111_USVpairs_court1_M1_F1_top-01112020145828-0000@0-2560_frame_meta_entropy_histogram.csv,Mice-hc,20200111_USVpairs_court1,Mice
1110.0,0.0625029400001778,Correctly Tracked,/root/vast/mustafa/dreem-experiments/paper-plots/uncertainty-animals/no-post-processing-no-weight-iou-entropies/20200111_USVpairs_court1_M1_F1_top-01112020145828-0000@0-2560_frame_meta_entropy_histogram.csv,Mice-hc,20200111_USVpairs_court1,Mice
1111.0,0.0154979666702124,Correctly Tracked,/root/vast/mustafa/dreem-experiments/paper-plots/uncertainty-animals/no-post-processing-no-weight-iou-entropies/20200111_USVpairs_court1_M1_F1_top-01112020145828-0000@0-2560_frame_meta_entropy_histogram.csv,Mice-hc,20200111_USVpairs_court1,Mice
1112.0,0.0119938147844249,Correctly Tracked,/root/vast/mustafa/dreem-experiments/paper-plots/uncertainty-animals/no-post-processing-no-weight-iou-entropies/20200111_USVpairs_court1_M1_F1_top-01112020145828-0000@0-2560_frame_meta_entropy_histogram.csv,Mice-hc,20200111_USVpairs_court1,Mice
1113.0,0.0083765869929239,Correctly Tracked,/root/vast/mustafa/dreem-experiments/paper-plots/uncertainty-animals/no-post-processing-no-weight-iou-entropies/20200111_USVpairs_court1_M1_F1_top-01112020145828-0000@0-2560_frame_meta_entropy_histogram.csv,Mice-hc,20200111_USVpairs_court1,Mice
1114.0,0.0076628079344938,Correctly Tracked,/root/vast/mustafa/dreem-experiments/paper-plots/uncertainty-animals/no-post-processing-no-weight-iou-entropies/20200111_USVpairs_court1_M1_F1_top-01112020145828-0000@0-2560_frame_meta_entropy_histogram.csv,Mice-hc,20200111_USVpairs_court1,Mice
1115.0,0.006638424177762,Correctly Tracked,/root/vast/mustafa/dreem-experiments/paper-plots/uncertainty-animals/no-post-processing-no-weight-iou-entropies/20200111_USVpairs_court1_M1_F1_top-01112020145828-0000@0-2560_frame_meta_entropy_histogram.csv,Mice-hc,20200111_USVpairs_court1,Mice
1116.0,0.0069351023121871,Correctly Tracked,/root/vast/mustafa/dreem-experiments/paper-plots/uncertainty-animals/no-post-processing-no-weight-iou-entropies/20200111_USVpairs_court1_M1_F1_top-01112020145828-0000@0-2560_frame_meta_entropy_histogram.csv,Mice-hc,20200111_USVpairs_court1,Mice
1117.0,0.0081107884778227,Correctly Tracked,/root/vast/mustafa/dreem-experiments/paper-plots/uncertainty-animals/no-post-processing-no-weight-iou-entropies/20200111_USVpairs_court1_M1_F1_top-01112020145828-0000@0-2560_frame_meta_entropy_histogram.csv,Mice-hc,20200111_USVpairs_court1,Mice
1118.0,0.008616194431359,Correctly Tracked,/root/vast/mustafa/dreem-experiments/paper-plots/uncertainty-animals/no-post-processing-no-weight-iou-entropies/20200111_USVpairs_court1_M1_F1_top-01112020145828-0000@0-2560_frame_meta_entropy_histogram.csv,Mice-hc,20200111_USVpairs_court1,Mice
1119.0,0.0050449659526988,Correctly Tracked,/root/vast/mustafa/dreem-experiments/paper-plots/uncertainty-animals/no-post-processing-no-weight-iou-entropies/20200111_USVpairs_court1_M1_F1_top-01112020145828-0000@0-2560_frame_meta_entropy_histogram.csv,Mice-hc,20200111_USVpairs_court1,Mice
112.0,0.0124293998125542,Correctly Tracked,/root/vast/mustafa/dreem-experiments/paper-plots/uncertainty-animals/no-post-processing-no-weight-iou-entropies/20200111_USVpairs_court1_M1_F1_top-01112020145828-0000@0-2560_frame_meta_entropy_histogram.csv,Mice-hc,20200111_USVpairs_court1,Mice
1120.0,0.0051981423678705,Correctly Tracked,/root/vast/mustafa/dreem-experiments/paper-plots/uncertainty-animals/no-post-processing-no-weight-iou-entropies/20200111_USVpairs_court1_M1_F1_top-01112020145828-0000@0-2560_frame_meta_entropy_histogram.csv,Mice-hc,20200111_USVpairs_court1,Mice
1121.0,0.0051592799991369,Correctly Tracked,/root/vast/mustafa/dreem-experiments/paper-plots/uncertainty-animals/no-post-processing-no-weight-iou-entropies/20200111_USVpairs_court1_M1_F1_top-01112020145828-0000@0-2560_frame_meta_entropy_histogram.csv,Mice-hc,20200111_USVpairs_court1,Mice
1122.0,0.0050661722197188,Correctly Tracked,/root/vast/mustafa/dreem-experiments/paper-plots/uncertainty-animals/no-post-processing-no-weight-iou-entropies/20200111_USVpairs_court1_M1_F1_top-01112020145828-0000@0-2560_frame_meta_entropy_histogram.csv,Mice-hc,20200111_USVpairs_court1,Mice
1123.0,0.0051539253596107,Correctly Tracked,/root/vast/mustafa/dreem-experiments/paper-plots/uncertainty-animals/no-post-processing-no-weight-iou-entropies/20200111_USVpairs_court1_M1_F1_top-01112020145828-0000@0-2560_frame_meta_entropy_histogram.csv,Mice-hc,20200111_USVpairs_court1,Mice
1124.0,0.0057164701975709,Correctly Tracked,/root/vast/mustafa/dreem-experiments/paper-plots/uncertainty-animals/no-post-processing-no-weight-iou-entropies/20200111_USVpairs_court1_M1_F1_top-01112020145828-0000@0-2560_frame_meta_entropy_histogram.csv,Mice-hc,20200111_USVpairs_court1,Mice
1125.0,0.0052424436879375,Correctly Tracked,/root/vast/mustafa/dreem-experiments/paper-plots/uncertainty-animals/no-post-processing-no-weight-iou-entropies/20200111_USVpairs_court1_M1_F1_top-01112020145828-0000@0-2560_frame_meta_entropy_histogram.csv,Mice-hc,20200111_USVpairs_court1,Mice
1126.0,0.004832365164907,Correctly Tracked,/root/vast/mustafa/dreem-experiments/paper-plots/uncertainty-animals/no-post-processing-no-weight-iou-entropies/20200111_USVpairs_court1_M1_F1_top-01112020145828-0000@0-2560_frame_meta_entropy_histogram.csv,Mice-hc,20200111_USVpairs_court1,Mice
1127.0,0.0047716888795139,Correctly Tracked,/root/vast/mustafa/dreem-experiments/paper-plots/uncertainty-animals/no-post-processing-no-weight-iou-entropies/20200111_USVpairs_court1_M1_F1_top-01112020145828-0000@0-2560_frame_meta_entropy_histogram.csv,Mice-hc,20200111_USVpairs_court1,Mice
1128.0,0.0049300439207175,Correctly Tracked,/root/vast/mustafa/dreem-experiments/paper-plots/uncertainty-animals/no-post-processing-no-weight-iou-entropies/20200111_USVpairs_court1_M1_F1_top-01112020145828-0000@0-2560_frame_meta_entropy_histogram.csv,Mice-hc,20200111_USVpairs_court1,Mice
1129.0,0.004758129122385,Correctly Tracked,/root/vast/mustafa/dreem-experiments/paper-plots/uncertainty-animals/no-post-processing-no-weight-iou-entropies/20200111_USVpairs_court1_M1_F1_top-01112020145828-0000@0-2560_frame_meta_entropy_histogram.csv,Mice-hc,20200111_USVpairs_court1,Mice
113.0,0.0126666324124315,Correctly Tracked,/root/vast/mustafa/dreem-experiments/paper-plots/uncertainty-animals/no-post-processing-no-weight-iou-entropies/20200111_USVpairs_court1_M1_F1_top-01112020145828-0000@0-2560_frame_meta_entropy_histogram.csv,Mice-hc,20200111_USVpairs_court1,Mice
1130.0,0.0050442047951073,Correctly Tracked,/root/vast/mustafa/dreem-experiments/paper-plots/uncertainty-animals/no-post-processing-no-weight-iou-entropies/20200111_USVpairs_court1_M1_F1_top-01112020145828-0000@0-2560_frame_meta_entropy_histogram.csv,Mice-hc,20200111_USVpairs_court1,Mice
1131.0,0.0052605643443505,Correctly Tracked,/root/vast/mustafa/dreem-experiments/paper-plots/uncertainty-animals/no-post-processing-no-weight-iou-entropies/20200111_USVpairs_court1_M1_F1_top-01112020145828-0000@0-2560_frame_meta_entropy_histogram.csv,Mice-hc,20200111_USVpairs_court1,Mice
1132.0,0.005576004039286,Correctly Tracked,/root/vast/mustafa/dreem-experiments/paper-plots/uncertainty-animals/no-post-processing-no-weight-iou-entropies/20200111_USVpairs_court1_M1_F1_top-01112020145828-0000@0-2560_frame_meta_entropy_histogram.csv,Mice-hc,20200111_USVpairs_court1,Mice
1133.0,0.0051829343317029,Correctly Tracked,/root/vast/mustafa/dreem-experiments/paper-plots/uncertainty-animals/no-post-processing-no-weight-iou-entropies/20200111_USVpairs_court1_M1_F1_top-01112020145828-0000@0-2560_frame_meta_entropy_histogram.csv,Mice-hc,20200111_USVpairs_court1,Mice
1134.0,0.3650446133025937,Correctly Tracked,/root/vast/mustafa/dreem-experiments/paper-plots/uncertainty-animals/no-post-processing-no-weight-iou-entropies/20200111_USVpairs_court1_M1_F1_top-01112020145828-0000@0-2560_frame_meta_entropy_histogram.csv,Mice-hc,20200111_USVpairs_court1,Mice
1138.0,0.2166081071694122,Correctly Tracked,/root/vast/mustafa/dreem-experiments/paper-plots/uncertainty-animals/no-post-processing-no-weight-iou-entropies/20200111_USVpairs_court1_M1_F1_top-01112020145828-0000@0-2560_frame_meta_entropy_histogram.csv,Mice-hc,20200111_USVpairs_court1,Mice
1139.0,0.0954413313907728,Correctly Tracked,/root/vast/mustafa/dreem-experiments/paper-plots/uncertainty-animals/no-post-processing-no-weight-iou-entropies/20200111_USVpairs_court1_M1_F1_top-01112020145828-0000@0-2560_frame_meta_entropy_histogram.csv,Mice-hc,20200111_USVpairs_court1,Mice
114.0,0.0106287293654905,Correctly Tracked,/root/vast/mustafa/dreem-experiments/paper-plots/uncertainty-animals/no-post-processing-no-weight-iou-entropies/20200111_USVpairs_court1_M1_F1_top-01112020145828-0000@0-2560_frame_meta_entropy_histogram.csv,Mice-hc,20200111_USVpairs_court1,Mice
1140.0,0.1244819133566708,Correctly Tracked,/root/vast/mustafa/dreem-experiments/paper-plots/uncertainty-animals/no-post-processing-no-weight-iou-entropies/20200111_USVpairs_court1_M1_F1_top-01112020145828-0000@0-2560_frame_meta_entropy_histogram.csv,Mice-hc,20200111_USVpairs_court1,Mice
1141.0,0.2127280280811277,Correctly Tracked,/root/vast/mustafa/dreem-experiments/paper-plots/uncertainty-animals/no-post-processing-no-weight-iou-entropies/20200111_USVpairs_court1_M1_F1_top-01112020145828-0000@0-2560_frame_meta_entropy_histogram.csv,Mice-hc,20200111_USVpairs_court1,Mice
1142.0,0.0561472190228438,Correctly Tracked,/root/vast/mustafa/dreem-experiments/paper-plots/uncertainty-animals/no-post-processing-no-weight-iou-entropies/20200111_USVpairs_court1_M1_F1_top-01112020145828-0000@0-2560_frame_meta_entropy_histogram.csv,Mice-hc,20200111_USVpairs_court1,Mice
1143.0,0.0490179792009651,Correctly Tracked,/root/vast/mustafa/dreem-experiments/paper-plots/uncertainty-animals/no-post-processing-no-weight-iou-entropies/20200111_USVpairs_court1_M1_F1_top-01112020145828-0000@0-2560_frame_meta_entropy_histogram.csv,Mice-hc,20200111_USVpairs_court1,Mice
1144.0,0.0467837095879436,Correctly Tracked,/root/vast/mustafa/dreem-experiments/paper-plots/uncertainty-animals/no-post-processing-no-weight-iou-entropies/20200111_USVpairs_court1_M1_F1_top-01112020145828-0000@0-2560_frame_meta_entropy_histogram.csv,Mice-hc,20200111_USVpairs_court1,Mice
1145.0,0.0305505547064975,Correctly Tracked,/root/vast/mustafa/dreem-experiments/paper-plots/uncertainty-animals/no-post-processing-no-weight-iou-entropies/20200111_USVpairs_court1_M1_F1_top-01112020145828-0000@0-2560_frame_meta_entropy_histogram.csv,Mice-hc,20200111_USVpairs_court1,Mice
1146.0,0.0293544906121564,Correctly Tracked,/root/vast/mustafa/dreem-experiments/paper-plots/uncertainty-animals/no-post-processing-no-weight-iou-entropies/20200111_USVpairs_court1_M1_F1_top-01112020145828-0000@0-2560_frame_meta_entropy_histogram.csv,Mice-hc,20200111_USVpairs_court1,Mice
1147.0,0.0251315721710637,Correctly Tracked,/root/vast/mustafa/dreem-experiments/paper-plots/uncertainty-animals/no-post-processing-no-weight-iou-entropies/20200111_USVpairs_court1_M1_F1_top-01112020145828-0000@0-2560_frame_meta_entropy_histogram.csv,Mice-hc,20200111_USVpairs_court1,Mice
1148.0,0.0284292803823218,Correctly Tracked,/root/vast/mustafa/dreem-experiments/paper-plots/uncertainty-animals/no-post-processing-no-weight-iou-entropies/20200111_USVpairs_court1_M1_F1_top-01112020145828-0000@0-2560_frame_meta_entropy_histogram.csv,Mice-hc,20200111_USVpairs_court1,Mice
1149.0,0.0271835777953755,Correctly Tracked,/root/vast/mustafa/dreem-experiments/paper-plots/uncertainty-animals/no-post-processing-no-weight-iou-entropies/20200111_USVpairs_court1_M1_F1_top-01112020145828-0000@0-2560_frame_meta_entropy_histogram.csv,Mice-hc,20200111_USVpairs_court1,Mice
115.0,0.0119404007351873,Correctly Tracked,/root/vast/mustafa/dreem-experiments/paper-plots/uncertainty-animals/no-post-processing-no-weight-iou-entropies/20200111_USVpairs_court1_M1_F1_top-01112020145828-0000@0-2560_frame_meta_entropy_histogram.csv,Mice-hc,20200111_USVpairs_court1,Mice
1150.0,0.0223827250922029,Correctly Tracked,/root/vast/mustafa/dreem-experiments/paper-plots/uncertainty-animals/no-post-processing-no-weight-iou-entropies/20200111_USVpairs_court1_M1_F1_top-01112020145828-0000@0-2560_frame_meta_entropy_histogram.csv,Mice-hc,20200111_USVpairs_court1,Mice
1151.0,0.0265327443871611,Correctly Tracked,/root/vast/mustafa/dreem-experiments/paper-plots/uncertainty-animals/no-post-processing-no-weight-iou-entropies/20200111_USVpairs_court1_M1_F1_top-01112020145828-0000@0-2560_frame_meta_entropy_histogram.csv,Mice-hc,20200111_USVpairs_court1,Mice
1152.0,0.0292890350901296,Correctly Tracked,/root/vast/mustafa/dreem-experiments/paper-plots/uncertainty-animals/no-post-processing-no-weight-iou-entropies/20200111_USVpairs_court1_M1_F1_top-01112020145828-0000@0-2560_frame_meta_entropy_histogram.csv,Mice-hc,20200111_USVpairs_court1,Mice
1153.0,0.0171302540095513,Correctly Tracked,/root/vast/mustafa/dreem-experiments/paper-plots/uncertainty-animals/no-post-processing-no-weight-iou-entropies/20200111_USVpairs_court1_M1_F1_top-01112020145828-0000@0-2560_frame_meta_entropy_histogram.csv,Mice-hc,20200111_USVpairs_court1,Mice
1154.0,0.0144474630483809,Correctly Tracked,/root/vast/mustafa/dreem-experiments/paper-plots/uncertainty-animals/no-post-processing-no-weight-iou-entropies/20200111_USVpairs_court1_M1_F1_top-01112020145828-0000@0-2560_frame_meta_entropy_histogram.csv,Mice-hc,20200111_USVpairs_court1,Mice
1155.0,0.0105461709750041,Correctly Tracked,/root/vast/mustafa/dreem-experiments/paper-plots/uncertainty-animals/no-post-processing-no-weight-iou-entropies/20200111_USVpairs_court1_M1_F1_top-01112020145828-0000@0-2560_frame_meta_entropy_histogram.csv,Mice-hc,20200111_USVpairs_court1,Mice
1156.0,0.0087035501972744,Correctly Tracked,/root/vast/mustafa/dreem-experiments/paper-plots/uncertainty-animals/no-post-processing-no-weight-iou-entropies/20200111_USVpairs_court1_M1_F1_top-01112020145828-0000@0-2560_frame_meta_entropy_histogram.csv,Mice-hc,20200111_USVpairs_court1,Mice
1157.0,0.0075240152480186,Correctly Tracked,/root/vast/mustafa/dreem-experiments/paper-plots/uncertainty-animals/no-post-processing-no-weight-iou-entropies/20200111_USVpairs_court1_M1_F1_top-01112020145828-0000@0-2560_frame_meta_entropy_histogram.csv,Mice-hc,20200111_USVpairs_court1,Mice
1158.0,0.0068255755640695,Correctly Tracked,/root/vast/mustafa/dreem-experiments/paper-plots/uncertainty-animals/no-post-processing-no-weight-iou-entropies/20200111_USVpairs_court1_M1_F1_top-01112020145828-0000@0-2560_frame_meta_entropy_histogram.csv,Mice-hc,20200111_USVpairs_court1,Mice
1159.0,0.007970060314718,Correctly Tracked,/root/vast/mustafa/dreem-experiments/paper-plots/uncertainty-animals/no-post-processing-no-weight-iou-entropies/20200111_USVpairs_court1_M1_F1_top-01112020145828-0000@0-2560_frame_meta_entropy_histogram.csv,Mice-hc,20200111_USVpairs_court1,Mice
116.0,0.0119512692325532,Correctly Tracked,/root/vast/mustafa/dreem-experiments/paper-plots/uncertainty-animals/no-post-processing-no-weight-iou-entropies/20200111_USVpairs_court1_M1_F1_top-01112020145828-0000@0-2560_frame_meta_entropy_histogram.csv,Mice-hc,20200111_USVpairs_court1,Mice
1160.0,0.0065636688282513,Correctly Tracked,/root/vast/mustafa/dreem-experiments/paper-plots/uncertainty-animals/no-post-processing-no-weight-iou-entropies/20200111_USVpairs_court1_M1_F1_top-01112020145828-0000@0-2560_frame_meta_entropy_histogram.csv,Mice-hc,20200111_USVpairs_court1,Mice
1161.0,0.0059536524119059,Correctly Tracked,/root/vast/mustafa/dreem-experiments/paper-plots/uncertainty-animals/no-post-processing-no-weight-iou-entropies/20200111_USVpairs_court1_M1_F1_top-01112020145828-0000@0-2560_frame_meta_entropy_histogram.csv,Mice-hc,20200111_USVpairs_court1,Mice
1162.0,0.0051883558160484,Correctly Tracked,/root/vast/mustafa/dreem-experiments/paper-plots/uncertainty-animals/no-post-processing-no-weight-iou-entropies/20200111_USVpairs_court1_M1_F1_top-01112020145828-0000@0-2560_frame_meta_entropy_histogram.csv,Mice-hc,20200111_USVpairs_court1,Mice
1163.0,0.0049156188758764,Correctly Tracked,/root/vast/mustafa/dreem-experiments/paper-plots/uncertainty-animals/no-post-processing-no-weight-iou-entropies/20200111_USVpairs_court1_M1_F1_top-01112020145828-0000@0-2560_frame_meta_entropy_histogram.csv,Mice-hc,20200111_USVpairs_court1,Mice
1164.0,0.0047540458780414,Correctly Tracked,/root/vast/mustafa/dreem-experiments/paper-plots/uncertainty-animals/no-post-processing-no-weight-iou-entropies/20200111_USVpairs_court1_M1_F1_top-01112020145828-0000@0-2560_frame_meta_entropy_histogram.csv,Mice-hc,20200111_USVpairs_court1,Mice
1165.0,0.0045811653568158,Correctly Tracked,/root/vast/mustafa/dreem-experiments/paper-plots/uncertainty-animals/no-post-processing-no-weight-iou-entropies/20200111_USVpairs_court1_M1_F1_top-01112020145828-0000@0-2560_frame_meta_entropy_histogram.csv,Mice-hc,20200111_USVpairs_court1,Mice
1166.0,0.0044843146034162,Correctly Tracked,/root/vast/mustafa/dreem-experiments/paper-plots/uncertainty-animals/no-post-processing-no-weight-iou-entropies/20200111_USVpairs_court1_M1_F1_top-01112020145828-0000@0-2560_frame_meta_entropy_histogram.csv,Mice-hc,20200111_USVpairs_court1,Mice
1167.0,0.0045076226193551,Correctly Tracked,/root/vast/mustafa/dreem-experiments/paper-plots/uncertainty-animals/no-post-processing-no-weight-iou-entropies/20200111_USVpairs_court1_M1_F1_top-01112020145828-0000@0-2560_frame_meta_entropy_histogram.csv,Mice-hc,20200111_USVpairs_court1,Mice
1168.0,0.0045603457148566,Correctly Tracked,/root/vast/mustafa/dreem-experiments/paper-plots/uncertainty-animals/no-post-processing-no-weight-iou-entropies/20200111_USVpairs_court1_M1_F1_top-01112020145828-0000@0-2560_frame_meta_entropy_histogram.csv,Mice-hc,20200111_USVpairs_court1,Mice
1169.0,0.0044465489599855,Correctly Tracked,/root/vast/mustafa/dreem-experiments/paper-plots/uncertainty-animals/no-post-processing-no-weight-iou-entropies/20200111_USVpairs_court1_M1_F1_top-01112020145828-0000@0-2560_frame_meta_entropy_histogram.csv,Mice-hc,20200111_USVpairs_court1,Mice
117.0,0.0131337937239822,Correctly Tracked,/root/vast/mustafa/dreem-experiments/paper-plots/uncertainty-animals/no-post-processing-no-weight-iou-entropies/20200111_USVpairs_court1_M1_F1_top-01112020145828-0000@0-2560_frame_meta_entropy_histogram.csv,Mice-hc,20200111_USVpairs_court1,Mice
1170.0,0.004389669729056,Correctly Tracked,/root/vast/mustafa/dreem-experiments/paper-plots/uncertainty-animals/no-post-processing-no-weight-iou-entropies/20200111_USVpairs_court1_M1_F1_top-01112020145828-0000@0-2560_frame_meta_entropy_histogram.csv,Mice-hc,20200111_USVpairs_court1,Mice
1171.0,0.0043988647546121,Correctly Tracked,/root/vast/mustafa/dreem-experiments/paper-plots/uncertainty-animals/no-post-processing-no-weight-iou-entropies/20200111_USVpairs_court1_M1_F1_top-01112020145828-0000@0-2560_frame_meta_entropy_histogram.csv,Mice-hc,20200111_USVpairs_court1,Mice
1172.0,0.0043873566967633,Correctly Tracked,/root/vast/mustafa/dreem-experiments/paper-plots/uncertainty-animals/no-post-processing-no-weight-iou-entropies/20200111_USVpairs_court1_M1_F1_top-01112020145828-0000@0-2560_frame_meta_entropy_histogram.csv,Mice-hc,20200111_USVpairs_court1,Mice
1173.0,0.0043863106929063,Correctly Tracked,/root/vast/mustafa/dreem-experiments/paper-plots/uncertainty-animals/no-post-processing-no-weight-iou-entropies/20200111_USVpairs_court1_M1_F1_top-01112020145828-0000@0-2560_frame_meta_entropy_histogram.csv,Mice-hc,20200111_USVpairs_court1,Mice
1174.0,0.0043960995960537,Correctly Tracked,/root/vast/mustafa/dreem-experiments/paper-plots/uncertainty-animals/no-post-processing-no-weight-iou-entropies/20200111_USVpairs_court1_M1_F1_top-01112020145828-0000@0-2560_frame_meta_entropy_histogram.csv,Mice-hc,20200111_USVpairs_court1,Mice
1175.0,0.0044482358679398,Correctly Tracked,/root/vast/mustafa/dreem-experiments/paper-plots/uncertainty-animals/no-post-processing-no-weight-iou-entropies/20200111_USVpairs_court1_M1_F1_top-01112020145828-0000@0-2560_frame_meta_entropy_histogram.csv,Mice-hc,20200111_USVpairs_court1,Mice
1176.0,0.0046910128928857,Correctly Tracked,/root/vast/mustafa/dreem-experiments/paper-plots/uncertainty-animals/no-post-processing-no-weight-iou-entropies/20200111_USVpairs_court1_M1_F1_top-01112020145828-0000@0-2560_frame_meta_entropy_histogram.csv,Mice-hc,20200111_USVpairs_court1,Mice
1177.0,0.0045572171085868,Correctly Tracked,/root/vast/mustafa/dreem-experiments/paper-plots/uncertainty-animals/no-post-processing-no-weight-iou-entropies/20200111_USVpairs_court1_M1_F1_top-01112020145828-0000@0-2560_frame_meta_entropy_histogram.csv,Mice-hc,20200111_USVpairs_court1,Mice
1178.0,0.4979951566171472,Correctly Tracked,/root/vast/mustafa/dreem-experiments/paper-plots/uncertainty-animals/no-post-processing-no-weight-iou-entropies/20200111_USVpairs_court1_M1_F1_top-01112020145828-0000@0-2560_frame_meta_entropy_histogram.csv,Mice-hc,20200111_USVpairs_court1,Mice
1179.0,0.0076068934187465,Correctly Tracked,/root/vast/mustafa/dreem-experiments/paper-plots/uncertainty-animals/no-post-processing-no-weight-iou-entropies/20200111_USVpairs_court1_M1_F1_top-01112020145828-0000@0-2560_frame_meta_entropy_histogram.csv,Mice-hc,20200111_USVpairs_court1,Mice
118.0,0.0099058191031911,Correctly Tracked,/root/vast/mustafa/dreem-experiments/paper-plots/uncertainty-animals/no-post-processing-no-weight-iou-entropies/20200111_USVpairs_court1_M1_F1_top-01112020145828-0000@0-2560_frame_meta_entropy_histogram.csv,Mice-hc,20200111_USVpairs_court1,Mice
1180.0,0.0053753768717533,Correctly Tracked,/root/vast/mustafa/dreem-experiments/paper-plots/uncertainty-animals/no-post-processing-no-weight-iou-entropies/20200111_USVpairs_court1_M1_F1_top-01112020145828-0000@0-2560_frame_meta_entropy_histogram.csv,Mice-hc,20200111_USVpairs_court1,Mice
1181.0,0.1799257878309799,Correctly Tracked,/root/vast/mustafa/dreem-experiments/paper-plots/uncertainty-animals/no-post-processing-no-weight-iou-entropies/20200111_USVpairs_court1_M1_F1_top-01112020145828-0000@0-2560_frame_meta_entropy_histogram.csv,Mice-hc,20200111_USVpairs_court1,Mice
1182.0,0.0058399483664326,Correctly Tracked,/root/vast/mustafa/dreem-experiments/paper-plots/uncertainty-animals/no-post-processing-no-weight-iou-entropies/20200111_USVpairs_court1_M1_F1_top-01112020145828-0000@0-2560_frame_meta_entropy_histogram.csv,Mice-hc,20200111_USVpairs_court1,Mice
1183.0,0.0605534897803587,Correctly Tracked,/root/vast/mustafa/dreem-experiments/paper-plots/uncertainty-animals/no-post-processing-no-weight-iou-entropies/20200111_USVpairs_court1_M1_F1_top-01112020145828-0000@0-2560_frame_meta_entropy_histogram.csv,Mice-hc,20200111_USVpairs_court1,Mice
1184.0,0.0152150659584588,Correctly Tracked,/root/vast/mustafa/dreem-experiments/paper-plots/uncertainty-animals/no-post-processing-no-weight-iou-entropies/20200111_USVpairs_court1_M1_F1_top-01112020145828-0000@0-2560_frame_meta_entropy_histogram.csv,Mice-hc,20200111_USVpairs_court1,Mice
1185.0,0.01694087961312,Correctly Tracked,/root/vast/mustafa/dreem-experiments/paper-plots/uncertainty-animals/no-post-processing-no-weight-iou-entropies/20200111_USVpairs_court1_M1_F1_top-01112020145828-0000@0-2560_frame_meta_entropy_histogram.csv,Mice-hc,20200111_USVpairs_court1,Mice
1186.0,0.0115722329061962,Correctly Tracked,/root/vast/mustafa/dreem-experiments/paper-plots/uncertainty-animals/no-post-processing-no-weight-iou-entropies/20200111_USVpairs_court1_M1_F1_top-01112020145828-0000@0-2560_frame_meta_entropy_histogram.csv,Mice-hc,20200111_USVpairs_court1,Mice
1187.0,0.0207688721432533,Correctly Tracked,/root/vast/mustafa/dreem-experiments/paper-plots/uncertainty-animals/no-post-processing-no-weight-iou-entropies/20200111_USVpairs_court1_M1_F1_top-01112020145828-0000@0-2560_frame_meta_entropy_histogram.csv,Mice-hc,20200111_USVpairs_court1,Mice
1188.0,0.0112728151418874,Correctly Tracked,/root/vast/mustafa/dreem-experiments/paper-plots/uncertainty-animals/no-post-processing-no-weight-iou-entropies/20200111_USVpairs_court1_M1_F1_top-01112020145828-0000@0-2560_frame_meta_entropy_histogram.csv,Mice-hc,20200111_USVpairs_court1,Mice
1189.0,0.0061963407582975,Correctly Tracked,/root/vast/mustafa/dreem-experiments/paper-plots/uncertainty-animals/no-post-processing-no-weight-iou-entropies/20200111_USVpairs_court1_M1_F1_top-01112020145828-0000@0-2560_frame_meta_entropy_histogram.csv,Mice-hc,20200111_USVpairs_court1,Mice
119.0,0.5092768745484457,Correctly Tracked,/root/vast/mustafa/dreem-experiments/paper-plots/uncertainty-animals/no-post-processing-no-weight-iou-entropies/20200111_USVpairs_court1_M1_F1_top-01112020145828-0000@0-2560_frame_meta_entropy_histogram.csv,Mice-hc,20200111_USVpairs_court1,Mice
1191.0,0.0065332406633859,Correctly Tracked,/root/vast/mustafa/dreem-experiments/paper-plots/uncertainty-animals/no-post-processing-no-weight-iou-entropies/20200111_USVpairs_court1_M1_F1_top-01112020145828-0000@0-2560_frame_meta_entropy_histogram.csv,Mice-hc,20200111_USVpairs_court1,Mice
1193.0,0.0045232048521497,Correctly Tracked,/root/vast/mustafa/dreem-experiments/paper-plots/uncertainty-animals/no-post-processing-no-weight-iou-entropies/20200111_USVpairs_court1_M1_F1_top-01112020145828-0000@0-2560_frame_meta_entropy_histogram.csv,Mice-hc,20200111_USVpairs_court1,Mice
1194.0,0.0045126023904469,Correctly Tracked,/root/vast/mustafa/dreem-experiments/paper-plots/uncertainty-animals/no-post-processing-no-weight-iou-entropies/20200111_USVpairs_court1_M1_F1_top-01112020145828-0000@0-2560_frame_meta_entropy_histogram.csv,Mice-hc,20200111_USVpairs_court1,Mice
1195.0,0.0044739513050872,Correctly Tracked,/root/vast/mustafa/dreem-experiments/paper-plots/uncertainty-animals/no-post-processing-no-weight-iou-entropies/20200111_USVpairs_court1_M1_F1_top-01112020145828-0000@0-2560_frame_meta_entropy_histogram.csv,Mice-hc,20200111_USVpairs_court1,Mice
1196.0,0.0044563969821691,Correctly Tracked,/root/vast/mustafa/dreem-experiments/paper-plots/uncertainty-animals/no-post-processing-no-weight-iou-entropies/20200111_USVpairs_court1_M1_F1_top-01112020145828-0000@0-2560_frame_meta_entropy_histogram.csv,Mice-hc,20200111_USVpairs_court1,Mice
1197.0,0.0117738288197544,Correctly Tracked,/root/vast/mustafa/dreem-experiments/paper-plots/uncertainty-animals/no-post-processing-no-weight-iou-entropies/20200111_USVpairs_court1_M1_F1_top-01112020145828-0000@0-2560_frame_meta_entropy_histogram.csv,Mice-hc,20200111_USVpairs_court1,Mice
1198.0,0.3256698733181571,Correctly Tracked,/root/vast/mustafa/dreem-experiments/paper-plots/uncertainty-animals/no-post-processing-no-weight-iou-entropies/20200111_USVpairs_court1_M1_F1_top-01112020145828-0000@0-2560_frame_meta_entropy_histogram.csv,Mice-hc,20200111_USVpairs_court1,Mice
1199.0,0.4953626611760529,Correctly Tracked,/root/vast/mustafa/dreem-experiments/paper-plots/uncertainty-animals/no-post-processing-no-weight-iou-entropies/20200111_USVpairs_court1_M1_F1_top-01112020145828-0000@0-2560_frame_meta_entropy_histogram.csv,Mice-hc,20200111_USVpairs_court1,Mice
12.0,0.1709872690241931,Correctly Tracked,/root/vast/mustafa/dreem-experiments/paper-plots/uncertainty-animals/no-post-processing-no-weight-iou-entropies/20200111_USVpairs_court1_M1_F1_top-01112020145828-0000@0-2560_frame_meta_entropy_histogram.csv,Mice-hc,20200111_USVpairs_court1,Mice
120.0,0.0152108147623078,Correctly Tracked,/root/vast/mustafa/dreem-experiments/paper-plots/uncertainty-animals/no-post-processing-no-weight-iou-entropies/20200111_USVpairs_court1_M1_F1_top-01112020145828-0000@0-2560_frame_meta_entropy_histogram.csv,Mice-hc,20200111_USVpairs_court1,Mice
1200.0,0.3342628789793606,Correctly Tracked,/root/vast/mustafa/dreem-experiments/paper-plots/uncertainty-animals/no-post-processing-no-weight-iou-entropies/20200111_USVpairs_court1_M1_F1_top-01112020145828-0000@0-2560_frame_meta_entropy_histogram.csv,Mice-hc,20200111_USVpairs_court1,Mice
1201.0,0.0072126231916435,Correctly Tracked,/root/vast/mustafa/dreem-experiments/paper-plots/uncertainty-animals/no-post-processing-no-weight-iou-entropies/20200111_USVpairs_court1_M1_F1_top-01112020145828-0000@0-2560_frame_meta_entropy_histogram.csv,Mice-hc,20200111_USVpairs_court1,Mice
1202.0,0.0069966600086659,Correctly Tracked,/root/vast/mustafa/dreem-experiments/paper-plots/uncertainty-animals/no-post-processing-no-weight-iou-entropies/20200111_USVpairs_court1_M1_F1_top-01112020145828-0000@0-2560_frame_meta_entropy_histogram.csv,Mice-hc,20200111_USVpairs_court1,Mice
1203.0,0.2460602651166563,Correctly Tracked,/root/vast/mustafa/dreem-experiments/paper-plots/uncertainty-animals/no-post-processing-no-weight-iou-entropies/20200111_USVpairs_court1_M1_F1_top-01112020145828-0000@0-2560_frame_meta_entropy_histogram.csv,Mice-hc,20200111_USVpairs_court1,Mice
1204.0,0.0688020625620045,Correctly Tracked,/root/vast/mustafa/dreem-experiments/paper-plots/uncertainty-animals/no-post-processing-no-weight-iou-entropies/20200111_USVpairs_court1_M1_F1_top-01112020145828-0000@0-2560_frame_meta_entropy_histogram.csv,Mice-hc,20200111_USVpairs_court1,Mice
1205.0,0.0175254782029208,Correctly Tracked,/root/vast/mustafa/dreem-experiments/paper-plots/uncertainty-animals/no-post-processing-no-weight-iou-entropies/20200111_USVpairs_court1_M1_F1_top-01112020145828-0000@0-2560_frame_meta_entropy_histogram.csv,Mice-hc,20200111_USVpairs_court1,Mice
1206.0,0.0082478754457411,Correctly Tracked,/root/vast/mustafa/dreem-experiments/paper-plots/uncertainty-animals/no-post-processing-no-weight-iou-entropies/20200111_USVpairs_court1_M1_F1_top-01112020145828-0000@0-2560_frame_meta_entropy_histogram.csv,Mice-hc,20200111_USVpairs_court1,Mice
1207.0,0.0063937298149819,Correctly Tracked,/root/vast/mustafa/dreem-experiments/paper-plots/uncertainty-animals/no-post-processing-no-weight-iou-entropies/20200111_USVpairs_court1_M1_F1_top-01112020145828-0000@0-2560_frame_meta_entropy_histogram.csv,Mice-hc,20200111_USVpairs_court1,Mice
1208.0,0.0066448305315067,Correctly Tracked,/root/vast/mustafa/dreem-experiments/paper-plots/uncertainty-animals/no-post-processing-no-weight-iou-entropies/20200111_USVpairs_court1_M1_F1_top-01112020145828-0000@0-2560_frame_meta_entropy_histogram.csv,Mice-hc,20200111_USVpairs_court1,Mice
1209.0,0.0063037687806288,Correctly Tracked,/root/vast/mustafa/dreem-experiments/paper-plots/uncertainty-animals/no-post-processing-no-weight-iou-entropies/20200111_USVpairs_court1_M1_F1_top-01112020145828-0000@0-2560_frame_meta_entropy_histogram.csv,Mice-hc,20200111_USVpairs_court1,Mice
121.0,0.0063318241223581,Correctly Tracked,/root/vast/mustafa/dreem-experiments/paper-plots/uncertainty-animals/no-post-processing-no-weight-iou-entropies/20200111_USVpairs_court1_M1_F1_top-01112020145828-0000@0-2560_frame_meta_entropy_histogram.csv,Mice-hc,20200111_USVpairs_court1,Mice
1210.0,0.0062846034639733,Correctly Tracked,/root/vast/mustafa/dreem-experiments/paper-plots/uncertainty-animals/no-post-processing-no-weight-iou-entropies/20200111_USVpairs_court1_M1_F1_top-01112020145828-0000@0-2560_frame_meta_entropy_histogram.csv,Mice-hc,20200111_USVpairs_court1,Mice
1211.0,0.0065854044793685,Correctly Tracked,/root/vast/mustafa/dreem-experiments/paper-plots/uncertainty-animals/no-post-processing-no-weight-iou-entropies/20200111_USVpairs_court1_M1_F1_top-01112020145828-0000@0-2560_frame_meta_entropy_histogram.csv,Mice-hc,20200111_USVpairs_court1,Mice
1212.0,0.0066553510327274,Correctly Tracked,/root/vast/mustafa/dreem-experiments/paper-plots/uncertainty-animals/no-post-processing-no-weight-iou-entropies/20200111_USVpairs_court1_M1_F1_top-01112020145828-0000@0-2560_frame_meta_entropy_histogram.csv,Mice-hc,20200111_USVpairs_court1,Mice
1213.0,0.0065833527800883,Correctly Tracked,/root/vast/mustafa/dreem-experiments/paper-plots/uncertainty-animals/no-post-processing-no-weight-iou-entropies/20200111_USVpairs_court1_M1_F1_top-01112020145828-0000@0-2560_frame_meta_entropy_histogram.csv,Mice-hc,20200111_USVpairs_court1,Mice
1214.0,0.0060497134559068,Correctly Tracked,/root/vast/mustafa/dreem-experiments/paper-plots/uncertainty-animals/no-post-processing-no-weight-iou-entropies/20200111_USVpairs_court1_M1_F1_top-01112020145828-0000@0-2560_frame_meta_entropy_histogram.csv,Mice-hc,20200111_USVpairs_court1,Mice
1215.0,0.0054630759311632,Correctly Tracked,/root/vast/mustafa/dreem-experiments/paper-plots/uncertainty-animals/no-post-processing-no-weight-iou-entropies/20200111_USVpairs_court1_M1_F1_top-01112020145828-0000@0-2560_frame_meta_entropy_histogram.csv,Mice-hc,20200111_USVpairs_court1,Mice
1216.0,0.0047486851922502,Correctly Tracked,/root/vast/mustafa/dreem-experiments/paper-plots/uncertainty-animals/no-post-processing-no-weight-iou-entropies/20200111_USVpairs_court1_M1_F1_top-01112020145828-0000@0-2560_frame_meta_entropy_histogram.csv,Mice-hc,20200111_USVpairs_court1,Mice
1217.0,0.0254695153927802,Correctly Tracked,/root/vast/mustafa/dreem-experiments/paper-plots/uncertainty-animals/no-post-processing-no-weight-iou-entropies/20200111_USVpairs_court1_M1_F1_top-01112020145828-0000@0-2560_frame_meta_entropy_histogram.csv,Mice-hc,20200111_USVpairs_court1,Mice
1218.0,0.0057450105841202,Correctly Tracked,/root/vast/mustafa/dreem-experiments/paper-plots/uncertainty-animals/no-post-processing-no-weight-iou-entropies/20200111_USVpairs_court1_M1_F1_top-01112020145828-0000@0-2560_frame_meta_entropy_histogram.csv,Mice-hc,20200111_USVpairs_court1,Mice
1219.0,0.0059990034307698,Correctly Tracked,/root/vast/mustafa/dreem-experiments/paper-plots/uncertainty-animals/no-post-processing-no-weight-iou-entropies/20200111_USVpairs_court1_M1_F1_top-01112020145828-0000@0-2560_frame_meta_entropy_histogram.csv,Mice-hc,20200111_USVpairs_court1,Mice
122.0,0.0058188348088103,Correctly Tracked,/root/vast/mustafa/dreem-experiments/paper-plots/uncertainty-animals/no-post-processing-no-weight-iou-entropies/20200111_USVpairs_court1_M1_F1_top-01112020145828-0000@0-2560_frame_meta_entropy_histogram.csv,Mice-hc,20200111_USVpairs_court1,Mice
1220.0,0.0057284082120468,Correctly Tracked,/root/vast/mustafa/dreem-experiments/paper-plots/uncertainty-animals/no-post-processing-no-weight-iou-entropies/20200111_USVpairs_court1_M1_F1_top-01112020145828-0000@0-2560_frame_meta_entropy_histogram.csv,Mice-hc,20200111_USVpairs_court1,Mice
1221.0,0.0059955644495598,Correctly Tracked,/root/vast/mustafa/dreem-experiments/paper-plots/uncertainty-animals/no-post-processing-no-weight-iou-entropies/20200111_USVpairs_court1_M1_F1_top-01112020145828-0000@0-2560_frame_meta_entropy_histogram.csv,Mice-hc,20200111_USVpairs_court1,Mice
1222.0,0.0062403407728219,Correctly Tracked,/root/vast/mustafa/dreem-experiments/paper-plots/uncertainty-animals/no-post-processing-no-weight-iou-entropies/20200111_USVpairs_court1_M1_F1_top-01112020145828-0000@0-2560_frame_meta_entropy_histogram.csv,Mice-hc,20200111_USVpairs_court1,Mice
1223.0,0.0058640682614089,Correctly Tracked,/root/vast/mustafa/dreem-experiments/paper-plots/uncertainty-animals/no-post-processing-no-weight-iou-entropies/20200111_USVpairs_court1_M1_F1_top-01112020145828-0000@0-2560_frame_meta_entropy_histogram.csv,Mice-hc,20200111_USVpairs_court1,Mice
1224.0,0.0064088777244024,Correctly Tracked,/root/vast/mustafa/dreem-experiments/paper-plots/uncertainty-animals/no-post-processing-no-weight-iou-entropies/20200111_USVpairs_court1_M1_F1_top-01112020145828-0000@0-2560_frame_meta_entropy_histogram.csv,Mice-hc,20200111_USVpairs_court1,Mice
1225.0,0.0062645641261116,Correctly Tracked,/root/vast/mustafa/dreem-experiments/paper-plots/uncertainty-animals/no-post-processing-no-weight-iou-entropies/20200111_USVpairs_court1_M1_F1_top-01112020145828-0000@0-2560_frame_meta_entropy_histogram.csv,Mice-hc,20200111_USVpairs_court1,Mice
1226.0,0.0043651581704647,Correctly Tracked,/root/vast/mustafa/dreem-experiments/paper-plots/uncertainty-animals/no-post-processing-no-weight-iou-entropies/20200111_USVpairs_court1_M1_F1_top-01112020145828-0000@0-2560_frame_meta_entropy_histogram.csv,Mice-hc,20200111_USVpairs_court1,Mice
1227.0,0.0043640409550413,Correctly Tracked,/root/vast/mustafa/dreem-experiments/paper-plots/uncertainty-animals/no-post-processing-no-weight-iou-entropies/20200111_USVpairs_court1_M1_F1_top-01112020145828-0000@0-2560_frame_meta_entropy_histogram.csv,Mice-hc,20200111_USVpairs_court1,Mice
1228.0,0.0043653832258867,Correctly Tracked,/root/vast/mustafa/dreem-experiments/paper-plots/uncertainty-animals/no-post-processing-no-weight-iou-entropies/20200111_USVpairs_court1_M1_F1_top-01112020145828-0000@0-2560_frame_meta_entropy_histogram.csv,Mice-hc,20200111_USVpairs_court1,Mice
1229.0,0.2968386587318531,Correctly Tracked,/root/vast/mustafa/dreem-experiments/paper-plots/uncertainty-animals/no-post-processing-no-weight-iou-entropies/20200111_USVpairs_court1_M1_F1_top-01112020145828-0000@0-2560_frame_meta_entropy_histogram.csv,Mice-hc,20200111_USVpairs_court1,Mice
123.0,0.005748884224608,Correctly Tracked,/root/vast/mustafa/dreem-experiments/paper-plots/uncertainty-animals/no-post-processing-no-weight-iou-entropies/20200111_USVpairs_court1_M1_F1_top-01112020145828-0000@0-2560_frame_meta_entropy_histogram.csv,Mice-hc,20200111_USVpairs_court1,Mice
1230.0,0.0068510578841081,Correctly Tracked,/root/vast/mustafa/dreem-experiments/paper-plots/uncertainty-animals/no-post-processing-no-weight-iou-entropies/20200111_USVpairs_court1_M1_F1_top-01112020145828-0000@0-2560_frame_meta_entropy_histogram.csv,Mice-hc,20200111_USVpairs_court1,Mice
1231.0,0.0068133708421233,Correctly Tracked,/root/vast/mustafa/dreem-experiments/paper-plots/uncertainty-animals/no-post-processing-no-weight-iou-entropies/20200111_USVpairs_court1_M1_F1_top-01112020145828-0000@0-2560_frame_meta_entropy_histogram.csv,Mice-hc,20200111_USVpairs_court1,Mice
1232.0,0.0064193236550207,Correctly Tracked,/root/vast/mustafa/dreem-experiments/paper-plots/uncertainty-animals/no-post-processing-no-weight-iou-entropies/20200111_USVpairs_court1_M1_F1_top-01112020145828-0000@0-2560_frame_meta_entropy_histogram.csv,Mice-hc,20200111_USVpairs_court1,Mice
1233.0,0.0061038342463502,Correctly Tracked,/root/vast/mustafa/dreem-experiments/paper-plots/uncertainty-animals/no-post-processing-no-weight-iou-entropies/20200111_USVpairs_court1_M1_F1_top-01112020145828-0000@0-2560_frame_meta_entropy_histogram.csv,Mice-hc,20200111_USVpairs_court1,Mice
1234.0,0.0059712907107278,Correctly Tracked,/root/vast/mustafa/dreem-experiments/paper-plots/uncertainty-animals/no-post-processing-no-weight-iou-entropies/20200111_USVpairs_court1_M1_F1_top-01112020145828-0000@0-2560_frame_meta_entropy_histogram.csv,Mice-hc,20200111_USVpairs_court1,Mice
1235.0,0.0059018560744781,Correctly Tracked,/root/vast/mustafa/dreem-experiments/paper-plots/uncertainty-animals/no-post-processing-no-weight-iou-entropies/20200111_USVpairs_court1_M1_F1_top-01112020145828-0000@0-2560_frame_meta_entropy_histogram.csv,Mice-hc,20200111_USVpairs_court1,Mice
1236.0,0.006054520236637,Correctly Tracked,/root/vast/mustafa/dreem-experiments/paper-plots/uncertainty-animals/no-post-processing-no-weight-iou-entropies/20200111_USVpairs_court1_M1_F1_top-01112020145828-0000@0-2560_frame_meta_entropy_histogram.csv,Mice-hc,20200111_USVpairs_court1,Mice
1237.0,0.0057058999826152,Correctly Tracked,/root/vast/mustafa/dreem-experiments/paper-plots/uncertainty-animals/no-post-processing-no-weight-iou-entropies/20200111_USVpairs_court1_M1_F1_top-01112020145828-0000@0-2560_frame_meta_entropy_histogram.csv,Mice-hc,20200111_USVpairs_court1,Mice
1238.0,0.0043829597184434,Correctly Tracked,/root/vast/mustafa/dreem-experiments/paper-plots/uncertainty-animals/no-post-processing-no-weight-iou-entropies/20200111_USVpairs_court1_M1_F1_top-01112020145828-0000@0-2560_frame_meta_entropy_histogram.csv,Mice-hc,20200111_USVpairs_court1,Mice
1239.0,0.0043797118663903,Correctly Tracked,/root/vast/mustafa/dreem-experiments/paper-plots/uncertainty-animals/no-post-processing-no-weight-iou-entropies/20200111_USVpairs_court1_M1_F1_top-01112020145828-0000@0-2560_frame_meta_entropy_histogram.csv,Mice-hc,20200111_USVpairs_court1,Mice
124.0,0.006298238463512,Correctly Tracked,/root/vast/mustafa/dreem-experiments/paper-plots/uncertainty-animals/no-post-processing-no-weight-iou-entropies/20200111_USVpairs_court1_M1_F1_top-01112020145828-0000@0-2560_frame_meta_entropy_histogram.csv,Mice-hc,20200111_USVpairs_court1,Mice
1240.0,0.0043778046056645,Correctly Tracked,/root/vast/mustafa/dreem-experiments/paper-plots/uncertainty-animals/no-post-processing-no-weight-iou-entropies/20200111_USVpairs_court1_M1_F1_top-01112020145828-0000@0-2560_frame_meta_entropy_histogram.csv,Mice-hc,20200111_USVpairs_court1,Mice
1241.0,0.0043783921010871,Correctly Tracked,/root/vast/mustafa/dreem-experiments/paper-plots/uncertainty-animals/no-post-processing-no-weight-iou-entropies/20200111_USVpairs_court1_M1_F1_top-01112020145828-0000@0-2560_frame_meta_entropy_histogram.csv,Mice-hc,20200111_USVpairs_court1,Mice
1242.0,0.0043771049184346,Correctly Tracked,/root/vast/mustafa/dreem-experiments/paper-plots/uncertainty-animals/no-post-processing-no-weight-iou-entropies/20200111_USVpairs_court1_M1_F1_top-01112020145828-0000@0-2560_frame_meta_entropy_histogram.csv,Mice-hc,20200111_USVpairs_court1,Mice
1243.0,0.0043710250630037,Correctly Tracked,/root/vast/mustafa/dreem-experiments/paper-plots/uncertainty-animals/no-post-processing-no-weight-iou-entropies/20200111_USVpairs_court1_M1_F1_top-01112020145828-0000@0-2560_frame_meta_entropy_histogram.csv,Mice-hc,20200111_USVpairs_court1,Mice
1244.0,0.0043714503169802,Correctly Tracked,/root/vast/mustafa/dreem-experiments/paper-plots/uncertainty-animals/no-post-processing-no-weight-iou-entropies/20200111_USVpairs_court1_M1_F1_top-01112020145828-0000@0-2560_frame_meta_entropy_histogram.csv,Mice-hc,20200111_USVpairs_court1,Mice
1245.0,0.0043701067025203,Correctly Tracked,/root/vast/mustafa/dreem-experiments/paper-plots/uncertainty-animals/no-post-processing-no-weight-iou-entropies/20200111_USVpairs_court1_M1_F1_top-01112020145828-0000@0-2560_frame_meta_entropy_histogram.csv,Mice-hc,20200111_USVpairs_court1,Mice
1246.0,0.0043684231536021,Correctly Tracked,/root/vast/mustafa/dreem-experiments/paper-plots/uncertainty-animals/no-post-processing-no-weight-iou-entropies/20200111_USVpairs_court1_M1_F1_top-01112020145828-0000@0-2560_frame_meta_entropy_histogram.csv,Mice-hc,20200111_USVpairs_court1,Mice
1247.0,0.0043660204350443,Correctly Tracked,/root/vast/mustafa/dreem-experiments/paper-plots/uncertainty-animals/no-post-processing-no-weight-iou-entropies/20200111_USVpairs_court1_M1_F1_top-01112020145828-0000@0-2560_frame_meta_entropy_histogram.csv,Mice-hc,20200111_USVpairs_court1,Mice
1248.0,0.0043673838678174,Correctly Tracked,/root/vast/mustafa/dreem-experiments/paper-plots/uncertainty-animals/no-post-processing-no-weight-iou-entropies/20200111_USVpairs_court1_M1_F1_top-01112020145828-0000@0-2560_frame_meta_entropy_histogram.csv,Mice-hc,20200111_USVpairs_court1,Mice
1249.0,0.0043666845164911,Correctly Tracked,/root/vast/mustafa/dreem-experiments/paper-plots/uncertainty-animals/no-post-processing-no-weight-iou-entropies/20200111_USVpairs_court1_M1_F1_top-01112020145828-0000@0-2560_frame_meta_entropy_histogram.csv,Mice-hc,20200111_USVpairs_court1,Mice
125.0,0.0051871176753236,Correctly Tracked,/root/vast/mustafa/dreem-experiments/paper-plots/uncertainty-animals/no-post-processing-no-weight-iou-entropies/20200111_USVpairs_court1_M1_F1_top-01112020145828-0000@0-2560_frame_meta_entropy_histogram.csv,Mice-hc,20200111_USVpairs_court1,Mice
1250.0,0.0043654618273326,Correctly Tracked,/root/vast/mustafa/dreem-experiments/paper-plots/uncertainty-animals/no-post-processing-no-weight-iou-entropies/20200111_USVpairs_court1_M1_F1_top-01112020145828-0000@0-2560_frame_meta_entropy_histogram.csv,Mice-hc,20200111_USVpairs_court1,Mice
1251.0,0.0043661511015505,Correctly Tracked,/root/vast/mustafa/dreem-experiments/paper-plots/uncertainty-animals/no-post-processing-no-weight-iou-entropies/20200111_USVpairs_court1_M1_F1_top-01112020145828-0000@0-2560_frame_meta_entropy_histogram.csv,Mice-hc,20200111_USVpairs_court1,Mice
1252.0,0.0043700395217974,Correctly Tracked,/root/vast/mustafa/dreem-experiments/paper-plots/uncertainty-animals/no-post-processing-no-weight-iou-entropies/20200111_USVpairs_court1_M1_F1_top-01112020145828-0000@0-2560_frame_meta_entropy_histogram.csv,Mice-hc,20200111_USVpairs_court1,Mice
1253.0,0.0043691749058924,Correctly Tracked,/root/vast/mustafa/dreem-experiments/paper-plots/uncertainty-animals/no-post-processing-no-weight-iou-entropies/20200111_USVpairs_court1_M1_F1_top-01112020145828-0000@0-2560_frame_meta_entropy_histogram.csv,Mice-hc,20200111_USVpairs_court1,Mice
1254.0,0.0043682028008307,Correctly Tracked,/root/vast/mustafa/dreem-experiments/paper-plots/uncertainty-animals/no-post-processing-no-weight-iou-entropies/20200111_USVpairs_court1_M1_F1_top-01112020145828-0000@0-2560_frame_meta_entropy_histogram.csv,Mice-hc,20200111_USVpairs_court1,Mice
1255.0,0.0043654517502241,Correctly Tracked,/root/vast/mustafa/dreem-experiments/paper-plots/uncertainty-animals/no-post-processing-no-weight-iou-entropies/20200111_USVpairs_court1_M1_F1_top-01112020145828-0000@0-2560_frame_meta_entropy_histogram.csv,Mice-hc,20200111_USVpairs_court1,Mice
1256.0,0.0043662888220326,Correctly Tracked,/root/vast/mustafa/dreem-experiments/paper-plots/uncertainty-animals/no-post-processing-no-weight-iou-entropies/20200111_USVpairs_court1_M1_F1_top-01112020145828-0000@0-2560_frame_meta_entropy_histogram.csv,Mice-hc,20200111_USVpairs_court1,Mice
1257.0,0.004364738290946,Correctly Tracked,/root/vast/mustafa/dreem-experiments/paper-plots/uncertainty-animals/no-post-processing-no-weight-iou-entropies/20200111_USVpairs_court1_M1_F1_top-01112020145828-0000@0-2560_frame_meta_entropy_histogram.csv,Mice-hc,20200111_USVpairs_court1,Mice
1258.0,0.0043685397121565,Correctly Tracked,/root/vast/mustafa/dreem-experiments/paper-plots/uncertainty-animals/no-post-processing-no-weight-iou-entropies/20200111_USVpairs_court1_M1_F1_top-01112020145828-0000@0-2560_frame_meta_entropy_histogram.csv,Mice-hc,20200111_USVpairs_court1,Mice
1259.0,0.0043680966552884,Correctly Tracked,/root/vast/mustafa/dreem-experiments/paper-plots/uncertainty-animals/no-post-processing-no-weight-iou-entropies/20200111_USVpairs_court1_M1_F1_top-01112020145828-0000@0-2560_frame_meta_entropy_histogram.csv,Mice-hc,20200111_USVpairs_court1,Mice
126.0,0.0046778374094923,Correctly Tracked,/root/vast/mustafa/dreem-experiments/paper-plots/uncertainty-animals/no-post-processing-no-weight-iou-entropies/20200111_USVpairs_court1_M1_F1_top-01112020145828-0000@0-2560_frame_meta_entropy_histogram.csv,Mice-hc,20200111_USVpairs_court1,Mice
1260.0,0.0043713105810764,Correctly Tracked,/root/vast/mustafa/dreem-experiments/paper-plots/uncertainty-animals/no-post-processing-no-weight-iou-entropies/20200111_USVpairs_court1_M1_F1_top-01112020145828-0000@0-2560_frame_meta_entropy_histogram.csv,Mice-hc,20200111_USVpairs_court1,Mice
1261.0,0.0043720085887883,Correctly Tracked,/root/vast/mustafa/dreem-experiments/paper-plots/uncertainty-animals/no-post-processing-no-weight-iou-entropies/20200111_USVpairs_court1_M1_F1_top-01112020145828-0000@0-2560_frame_meta_entropy_histogram.csv,Mice-hc,20200111_USVpairs_court1,Mice
1262.0,0.0043689673174584,Correctly Tracked,/root/vast/mustafa/dreem-experiments/paper-plots/uncertainty-animals/no-post-processing-no-weight-iou-entropies/20200111_USVpairs_court1_M1_F1_top-01112020145828-0000@0-2560_frame_meta_entropy_histogram.csv,Mice-hc,20200111_USVpairs_court1,Mice
1263.0,0.0043700173521588,Correctly Tracked,/root/vast/mustafa/dreem-experiments/paper-plots/uncertainty-animals/no-post-processing-no-weight-iou-entropies/20200111_USVpairs_court1_M1_F1_top-01112020145828-0000@0-2560_frame_meta_entropy_histogram.csv,Mice-hc,20200111_USVpairs_court1,Mice
1264.0,0.0043677694851674,Correctly Tracked,/root/vast/mustafa/dreem-experiments/paper-plots/uncertainty-animals/no-post-processing-no-weight-iou-entropies/20200111_USVpairs_court1_M1_F1_top-01112020145828-0000@0-2560_frame_meta_entropy_histogram.csv,Mice-hc,20200111_USVpairs_court1,Mice
127.0,0.0048199780472979,Correctly Tracked,/root/vast/mustafa/dreem-experiments/paper-plots/uncertainty-animals/no-post-processing-no-weight-iou-entropies/20200111_USVpairs_court1_M1_F1_top-01112020145828-0000@0-2560_frame_meta_entropy_histogram.csv,Mice-hc,20200111_USVpairs_court1,Mice
1270.0,0.0043795892615708,Correctly Tracked,/root/vast/mustafa/dreem-experiments/paper-plots/uncertainty-animals/no-post-processing-no-weight-iou-entropies/20200111_USVpairs_court1_M1_F1_top-01112020145828-0000@0-2560_frame_meta_entropy_histogram.csv,Mice-hc,20200111_USVpairs_court1,Mice
1271.0,0.0043814528548267,Correctly Tracked,/root/vast/mustafa/dreem-experiments/paper-plots/uncertainty-animals/no-post-processing-no-weight-iou-entropies/20200111_USVpairs_court1_M1_F1_top-01112020145828-0000@0-2560_frame_meta_entropy_histogram.csv,Mice-hc,20200111_USVpairs_court1,Mice
1272.0,0.0043811095613322,Correctly Tracked,/root/vast/mustafa/dreem-experiments/paper-plots/uncertainty-animals/no-post-processing-no-weight-iou-entropies/20200111_USVpairs_court1_M1_F1_top-01112020145828-0000@0-2560_frame_meta_entropy_histogram.csv,Mice-hc,20200111_USVpairs_court1,Mice
1273.0,0.0043831723454317,Correctly Tracked,/root/vast/mustafa/dreem-experiments/paper-plots/uncertainty-animals/no-post-processing-no-weight-iou-entropies/20200111_USVpairs_court1_M1_F1_top-01112020145828-0000@0-2560_frame_meta_entropy_histogram.csv,Mice-hc,20200111_USVpairs_court1,Mice
1274.0,0.0043822596953098,Correctly Tracked,/root/vast/mustafa/dreem-experiments/paper-plots/uncertainty-animals/no-post-processing-no-weight-iou-entropies/20200111_USVpairs_court1_M1_F1_top-01112020145828-0000@0-2560_frame_meta_entropy_histogram.csv,Mice-hc,20200111_USVpairs_court1,Mice
1275.0,0.0043843815984456,Correctly Tracked,/root/vast/mustafa/dreem-experiments/paper-plots/uncertainty-animals/no-post-processing-no-weight-iou-entropies/20200111_USVpairs_court1_M1_F1_top-01112020145828-0000@0-2560_frame_meta_entropy_histogram.csv,Mice-hc,20200111_USVpairs_court1,Mice
1276.0,0.0043850315719405,Correctly Tracked,/root/vast/mustafa/dreem-experiments/paper-plots/uncertainty-animals/no-post-processing-no-weight-iou-entropies/20200111_USVpairs_court1_M1_F1_top-01112020145828-0000@0-2560_frame_meta_entropy_histogram.csv,Mice-hc,20200111_USVpairs_court1,Mice
1277.0,0.0043868881112205,Correctly Tracked,/root/vast/mustafa/dreem-experiments/paper-plots/uncertainty-animals/no-post-processing-no-weight-iou-entropies/20200111_USVpairs_court1_M1_F1_top-01112020145828-0000@0-2560_frame_meta_entropy_histogram.csv,Mice-hc,20200111_USVpairs_court1,Mice
1278.0,0.0044015869175078,Correctly Tracked,/root/vast/mustafa/dreem-experiments/paper-plots/uncertainty-animals/no-post-processing-no-weight-iou-entropies/20200111_USVpairs_court1_M1_F1_top-01112020145828-0000@0-2560_frame_meta_entropy_histogram.csv,Mice-hc,20200111_USVpairs_court1,Mice
1279.0,0.0044175671960862,Correctly Tracked,/root/vast/mustafa/dreem-experiments/paper-plots/uncertainty-animals/no-post-processing-no-weight-iou-entropies/20200111_USVpairs_court1_M1_F1_top-01112020145828-0000@0-2560_frame_meta_entropy_histogram.csv,Mice-hc,20200111_USVpairs_court1,Mice
128.0,0.0577349144854887,Correctly Tracked,/root/vast/mustafa/dreem-experiments/paper-plots/uncertainty-animals/no-post-processing-no-weight-iou-entropies/20200111_USVpairs_court1_M1_F1_top-01112020145828-0000@0-2560_frame_meta_entropy_histogram.csv,Mice-hc,20200111_USVpairs_court1,Mice
1280.0,0.0044003380278673,Correctly Tracked,/root/vast/mustafa/dreem-experiments/paper-plots/uncertainty-animals/no-post-processing-no-weight-iou-entropies/20200111_USVpairs_court1_M1_F1_top-01112020145828-0000@0-2560_frame_meta_entropy_histogram.csv,Mice-hc,20200111_USVpairs_court1,Mice
1281.0,0.0043942239102677,Correctly Tracked,/root/vast/mustafa/dreem-experiments/paper-plots/uncertainty-animals/no-post-processing-no-weight-iou-entropies/20200111_USVpairs_court1_M1_F1_top-01112020145828-0000@0-2560_frame_meta_entropy_histogram.csv,Mice-hc,20200111_USVpairs_court1,Mice
1282.0,0.0044135262755981,Correctly Tracked,/root/vast/mustafa/dreem-experiments/paper-plots/uncertainty-animals/no-post-processing-no-weight-iou-entropies/20200111_USVpairs_court1_M1_F1_top-01112020145828-0000@0-2560_frame_meta_entropy_histogram.csv,Mice-hc,20200111_USVpairs_court1,Mice
1283.0,0.0044076835681194,Correctly Tracked,/root/vast/mustafa/dreem-experiments/paper-plots/uncertainty-animals/no-post-processing-no-weight-iou-entropies/20200111_USVpairs_court1_M1_F1_top-01112020145828-0000@0-2560_frame_meta_entropy_histogram.csv,Mice-hc,20200111_USVpairs_court1,Mice
1284.0,0.0043885323594157,Correctly Tracked,/root/vast/mustafa/dreem-experiments/paper-plots/uncertainty-animals/no-post-processing-no-weight-iou-entropies/20200111_USVpairs_court1_M1_F1_top-01112020145828-0000@0-2560_frame_meta_entropy_histogram.csv,Mice-hc,20200111_USVpairs_court1,Mice
1285.0,0.0043943844721957,Correctly Tracked,/root/vast/mustafa/dreem-experiments/paper-plots/uncertainty-animals/no-post-processing-no-weight-iou-entropies/20200111_USVpairs_court1_M1_F1_top-01112020145828-0000@0-2560_frame_meta_entropy_histogram.csv,Mice-hc,20200111_USVpairs_court1,Mice
1286.0,0.0043889320847175,Correctly Tracked,/root/vast/mustafa/dreem-experiments/paper-plots/uncertainty-animals/no-post-processing-no-weight-iou-entropies/20200111_USVpairs_court1_M1_F1_top-01112020145828-0000@0-2560_frame_meta_entropy_histogram.csv,Mice-hc,20200111_USVpairs_court1,Mice
1287.0,0.0043889905319465,Correctly Tracked,/root/vast/mustafa/dreem-experiments/paper-plots/uncertainty-animals/no-post-processing-no-weight-iou-entropies/20200111_USVpairs_court1_M1_F1_top-01112020145828-0000@0-2560_frame_meta_entropy_histogram.csv,Mice-hc,20200111_USVpairs_court1,Mice
1288.0,0.0043943891748463,Correctly Tracked,/root/vast/mustafa/dreem-experiments/paper-plots/uncertainty-animals/no-post-processing-no-weight-iou-entropies/20200111_USVpairs_court1_M1_F1_top-01112020145828-0000@0-2560_frame_meta_entropy_histogram.csv,Mice-hc,20200111_USVpairs_court1,Mice
1289.0,0.0043938053743635,Correctly Tracked,/root/vast/mustafa/dreem-experiments/paper-plots/uncertainty-animals/no-post-processing-no-weight-iou-entropies/20200111_USVpairs_court1_M1_F1_top-01112020145828-0000@0-2560_frame_meta_entropy_histogram.csv,Mice-hc,20200111_USVpairs_court1,Mice
129.0,0.0359211671213762,Correctly Tracked,/root/vast/mustafa/dreem-experiments/paper-plots/uncertainty-animals/no-post-processing-no-weight-iou-entropies/20200111_USVpairs_court1_M1_F1_top-01112020145828-0000@0-2560_frame_meta_entropy_histogram.csv,Mice-hc,20200111_USVpairs_court1,Mice
1290.0,0.0043951180856907,Correctly Tracked,/root/vast/mustafa/dreem-experiments/paper-plots/uncertainty-animals/no-post-processing-no-weight-iou-entropies/20200111_USVpairs_court1_M1_F1_top-01112020145828-0000@0-2560_frame_meta_entropy_histogram.csv,Mice-hc,20200111_USVpairs_court1,Mice
1291.0,0.0043927271237594,Correctly Tracked,/root/vast/mustafa/dreem-experiments/paper-plots/uncertainty-animals/no-post-processing-no-weight-iou-entropies/20200111_USVpairs_court1_M1_F1_top-01112020145828-0000@0-2560_frame_meta_entropy_histogram.csv,Mice-hc,20200111_USVpairs_court1,Mice
1292.0,0.0043967808085848,Correctly Tracked,/root/vast/mustafa/dreem-experiments/paper-plots/uncertainty-animals/no-post-processing-no-weight-iou-entropies/20200111_USVpairs_court1_M1_F1_top-01112020145828-0000@0-2560_frame_meta_entropy_histogram.csv,Mice-hc,20200111_USVpairs_court1,Mice
1293.0,0.0043989413406363,Correctly Tracked,/root/vast/mustafa/dreem-experiments/paper-plots/uncertainty-animals/no-post-processing-no-weight-iou-entropies/20200111_USVpairs_court1_M1_F1_top-01112020145828-0000@0-2560_frame_meta_entropy_histogram.csv,Mice-hc,20200111_USVpairs_court1,Mice
1294.0,0.0044010420818443,Correctly Tracked,/root/vast/mustafa/dreem-experiments/paper-plots/uncertainty-animals/no-post-processing-no-weight-iou-entropies/20200111_USVpairs_court1_M1_F1_top-01112020145828-0000@0-2560_frame_meta_entropy_histogram.csv,Mice-hc,20200111_USVpairs_court1,Mice
1295.0,0.0043948701888229,Correctly Tracked,/root/vast/mustafa/dreem-experiments/paper-plots/uncertainty-animals/no-post-processing-no-weight-iou-entropies/20200111_USVpairs_court1_M1_F1_top-01112020145828-0000@0-2560_frame_meta_entropy_histogram.csv,Mice-hc,20200111_USVpairs_court1,Mice
1296.0,0.004391042903034,Correctly Tracked,/root/vast/mustafa/dreem-experiments/paper-plots/uncertainty-animals/no-post-processing-no-weight-iou-entropies/20200111_USVpairs_court1_M1_F1_top-01112020145828-0000@0-2560_frame_meta_entropy_histogram.csv,Mice-hc,20200111_USVpairs_court1,Mice
1297.0,0.0043927533242414,Correctly Tracked,/root/vast/mustafa/dreem-experiments/paper-plots/uncertainty-animals/no-post-processing-no-weight-iou-entropies/20200111_USVpairs_court1_M1_F1_top-01112020145828-0000@0-2560_frame_meta_entropy_histogram.csv,Mice-hc,20200111_USVpairs_court1,Mice
1298.0,0.0043939860905083,Correctly Tracked,/root/vast/mustafa/dreem-experiments/paper-plots/uncertainty-animals/no-post-processing-no-weight-iou-entropies/20200111_USVpairs_court1_M1_F1_top-01112020145828-0000@0-2560_frame_meta_entropy_histogram.csv,Mice-hc,20200111_USVpairs_court1,Mice
1299.0,0.0043896680495379,Correctly Tracked,/root/vast/mustafa/dreem-experiments/paper-plots/uncertainty-animals/no-post-processing-no-weight-iou-entropies/20200111_USVpairs_court1_M1_F1_top-01112020145828-0000@0-2560_frame_meta_entropy_histogram.csv,Mice-hc,20200111_USVpairs_court1,Mice
13.0,0.1118313962560709,Correctly Tracked,/root/vast/mustafa/dreem-experiments/paper-plots/uncertainty-animals/no-post-processing-no-weight-iou-entropies/20200111_USVpairs_court1_M1_F1_top-01112020145828-0000@0-2560_frame_meta_entropy_histogram.csv,Mice-hc,20200111_USVpairs_court1,Mice
130.0,0.0097097823944606,Correctly Tracked,/root/vast/mustafa/dreem-experiments/paper-plots/uncertainty-animals/no-post-processing-no-weight-iou-entropies/20200111_USVpairs_court1_M1_F1_top-01112020145828-0000@0-2560_frame_meta_entropy_histogram.csv,Mice-hc,20200111_USVpairs_court1,Mice
1300.0,0.0043933048779772,Correctly Tracked,/root/vast/mustafa/dreem-experiments/paper-plots/uncertainty-animals/no-post-processing-no-weight-iou-entropies/20200111_USVpairs_court1_M1_F1_top-01112020145828-0000@0-2560_frame_meta_entropy_histogram.csv,Mice-hc,20200111_USVpairs_court1,Mice
1301.0,0.0043915004037576,Correctly Tracked,/root/vast/mustafa/dreem-experiments/paper-plots/uncertainty-animals/no-post-processing-no-weight-iou-entropies/20200111_USVpairs_court1_M1_F1_top-01112020145828-0000@0-2560_frame_meta_entropy_histogram.csv,Mice-hc,20200111_USVpairs_court1,Mice
1302.0,0.0043909501936362,Correctly Tracked,/root/vast/mustafa/dreem-experiments/paper-plots/uncertainty-animals/no-post-processing-no-weight-iou-entropies/20200111_USVpairs_court1_M1_F1_top-01112020145828-0000@0-2560_frame_meta_entropy_histogram.csv,Mice-hc,20200111_USVpairs_court1,Mice
1303.0,0.0043815163406099,Correctly Tracked,/root/vast/mustafa/dreem-experiments/paper-plots/uncertainty-animals/no-post-processing-no-weight-iou-entropies/20200111_USVpairs_court1_M1_F1_top-01112020145828-0000@0-2560_frame_meta_entropy_histogram.csv,Mice-hc,20200111_USVpairs_court1,Mice
1304.0,0.0043798274172339,Correctly Tracked,/root/vast/mustafa/dreem-experiments/paper-plots/uncertainty-animals/no-post-processing-no-weight-iou-entropies/20200111_USVpairs_court1_M1_F1_top-01112020145828-0000@0-2560_frame_meta_entropy_histogram.csv,Mice-hc,20200111_USVpairs_court1,Mice
1305.0,0.0043799735353064,Correctly Tracked,/root/vast/mustafa/dreem-experiments/paper-plots/uncertainty-animals/no-post-processing-no-weight-iou-entropies/20200111_USVpairs_court1_M1_F1_top-01112020145828-0000@0-2560_frame_meta_entropy_histogram.csv,Mice-hc,20200111_USVpairs_court1,Mice
1306.0,0.0043788200422926,Correctly Tracked,/root/vast/mustafa/dreem-experiments/paper-plots/uncertainty-animals/no-post-processing-no-weight-iou-entropies/20200111_USVpairs_court1_M1_F1_top-01112020145828-0000@0-2560_frame_meta_entropy_histogram.csv,Mice-hc,20200111_USVpairs_court1,Mice
1307.0,0.0043814118745857,Correctly Tracked,/root/vast/mustafa/dreem-experiments/paper-plots/uncertainty-animals/no-post-processing-no-weight-iou-entropies/20200111_USVpairs_court1_M1_F1_top-01112020145828-0000@0-2560_frame_meta_entropy_histogram.csv,Mice-hc,20200111_USVpairs_court1,Mice
1308.0,0.0043796752528963,Correctly Tracked,/root/vast/mustafa/dreem-experiments/paper-plots/uncertainty-animals/no-post-processing-no-weight-iou-entropies/20200111_USVpairs_court1_M1_F1_top-01112020145828-0000@0-2560_frame_meta_entropy_histogram.csv,Mice-hc,20200111_USVpairs_court1,Mice
1309.0,0.0043828136003709,Correctly Tracked,/root/vast/mustafa/dreem-experiments/paper-plots/uncertainty-animals/no-post-processing-no-weight-iou-entropies/20200111_USVpairs_court1_M1_F1_top-01112020145828-0000@0-2560_frame_meta_entropy_histogram.csv,Mice-hc,20200111_USVpairs_court1,Mice
131.0,0.0111903091523649,Correctly Tracked,/root/vast/mustafa/dreem-experiments/paper-plots/uncertainty-animals/no-post-processing-no-weight-iou-entropies/20200111_USVpairs_court1_M1_F1_top-01112020145828-0000@0-2560_frame_meta_entropy_histogram.csv,Mice-hc,20200111_USVpairs_court1,Mice
1310.0,0.0043889183126693,Correctly Tracked,/root/vast/mustafa/dreem-experiments/paper-plots/uncertainty-animals/no-post-processing-no-weight-iou-entropies/20200111_USVpairs_court1_M1_F1_top-01112020145828-0000@0-2560_frame_meta_entropy_histogram.csv,Mice-hc,20200111_USVpairs_court1,Mice
1311.0,0.0043925544693013,Correctly Tracked,/root/vast/mustafa/dreem-experiments/paper-plots/uncertainty-animals/no-post-processing-no-weight-iou-entropies/20200111_USVpairs_court1_M1_F1_top-01112020145828-0000@0-2560_frame_meta_entropy_histogram.csv,Mice-hc,20200111_USVpairs_court1,Mice
1312.0,0.0043953518746068,Correctly Tracked,/root/vast/mustafa/dreem-experiments/paper-plots/uncertainty-animals/no-post-processing-no-weight-iou-entropies/20200111_USVpairs_court1_M1_F1_top-01112020145828-0000@0-2560_frame_meta_entropy_histogram.csv,Mice-hc,20200111_USVpairs_court1,Mice
1313.0,0.0044088289994464,Correctly Tracked,/root/vast/mustafa/dreem-experiments/paper-plots/uncertainty-animals/no-post-processing-no-weight-iou-entropies/20200111_USVpairs_court1_M1_F1_top-01112020145828-0000@0-2560_frame_meta_entropy_histogram.csv,Mice-hc,20200111_USVpairs_court1,Mice
1314.0,0.0044094873705318,Correctly Tracked,/root/vast/mustafa/dreem-experiments/paper-plots/uncertainty-animals/no-post-processing-no-weight-iou-entropies/20200111_USVpairs_court1_M1_F1_top-01112020145828-0000@0-2560_frame_meta_entropy_histogram.csv,Mice-hc,20200111_USVpairs_court1,Mice
1315.0,0.004419699512234,Correctly Tracked,/root/vast/mustafa/dreem-experiments/paper-plots/uncertainty-animals/no-post-processing-no-weight-iou-entropies/20200111_USVpairs_court1_M1_F1_top-01112020145828-0000@0-2560_frame_meta_entropy_histogram.csv,Mice-hc,20200111_USVpairs_court1,Mice
1316.0,0.0044245986664583,Correctly Tracked,/root/vast/mustafa/dreem-experiments/paper-plots/uncertainty-animals/no-post-processing-no-weight-iou-entropies/20200111_USVpairs_court1_M1_F1_top-01112020145828-0000@0-2560_frame_meta_entropy_histogram.csv,Mice-hc,20200111_USVpairs_court1,Mice
1317.0,0.0044402259103374,Correctly Tracked,/root/vast/mustafa/dreem-experiments/paper-plots/uncertainty-animals/no-post-processing-no-weight-iou-entropies/20200111_USVpairs_court1_M1_F1_top-01112020145828-0000@0-2560_frame_meta_entropy_histogram.csv,Mice-hc,20200111_USVpairs_court1,Mice
1318.0,0.0044374288409355,Correctly Tracked,/root/vast/mustafa/dreem-experiments/paper-plots/uncertainty-animals/no-post-processing-no-weight-iou-entropies/20200111_USVpairs_court1_M1_F1_top-01112020145828-0000@0-2560_frame_meta_entropy_histogram.csv,Mice-hc,20200111_USVpairs_court1,Mice
1319.0,0.0044226054144071,Correctly Tracked,/root/vast/mustafa/dreem-experiments/paper-plots/uncertainty-animals/no-post-processing-no-weight-iou-entropies/20200111_USVpairs_court1_M1_F1_top-01112020145828-0000@0-2560_frame_meta_entropy_histogram.csv,Mice-hc,20200111_USVpairs_court1,Mice
132.0,0.0223472966661252,Correctly Tracked,/root/vast/mustafa/dreem-experiments/paper-plots/uncertainty-animals/no-post-processing-no-weight-iou-entropies/20200111_USVpairs_court1_M1_F1_top-01112020145828-0000@0-2560_frame_meta_entropy_histogram.csv,Mice-hc,20200111_USVpairs_court1,Mice
1320.0,0.0044488808028806,Correctly Tracked,/root/vast/mustafa/dreem-experiments/paper-plots/uncertainty-animals/no-post-processing-no-weight-iou-entropies/20200111_USVpairs_court1_M1_F1_top-01112020145828-0000@0-2560_frame_meta_entropy_histogram.csv,Mice-hc,20200111_USVpairs_court1,Mice
1321.0,0.0044370348259952,Correctly Tracked,/root/vast/mustafa/dreem-experiments/paper-plots/uncertainty-animals/no-post-processing-no-weight-iou-entropies/20200111_USVpairs_court1_M1_F1_top-01112020145828-0000@0-2560_frame_meta_entropy_histogram.csv,Mice-hc,20200111_USVpairs_court1,Mice
1322.0,0.0044328776828564,Correctly Tracked,/root/vast/mustafa/dreem-experiments/paper-plots/uncertainty-animals/no-post-processing-no-weight-iou-entropies/20200111_USVpairs_court1_M1_F1_top-01112020145828-0000@0-2560_frame_meta_entropy_histogram.csv,Mice-hc,20200111_USVpairs_court1,Mice
1323.0,0.0044366099079222,Correctly Tracked,/root/vast/mustafa/dreem-experiments/paper-plots/uncertainty-animals/no-post-processing-no-weight-iou-entropies/20200111_USVpairs_court1_M1_F1_top-01112020145828-0000@0-2560_frame_meta_entropy_histogram.csv,Mice-hc,20200111_USVpairs_court1,Mice
1324.0,0.0044243154997109,Correctly Tracked,/root/vast/mustafa/dreem-experiments/paper-plots/uncertainty-animals/no-post-processing-no-weight-iou-entropies/20200111_USVpairs_court1_M1_F1_top-01112020145828-0000@0-2560_frame_meta_entropy_histogram.csv,Mice-hc,20200111_USVpairs_court1,Mice
1325.0,0.0044212869927183,Correctly Tracked,/root/vast/mustafa/dreem-experiments/paper-plots/uncertainty-animals/no-post-processing-no-weight-iou-entropies/20200111_USVpairs_court1_M1_F1_top-01112020145828-0000@0-2560_frame_meta_entropy_histogram.csv,Mice-hc,20200111_USVpairs_court1,Mice
1326.0,0.0044386726920218,Correctly Tracked,/root/vast/mustafa/dreem-experiments/paper-plots/uncertainty-animals/no-post-processing-no-weight-iou-entropies/20200111_USVpairs_court1_M1_F1_top-01112020145828-0000@0-2560_frame_meta_entropy_histogram.csv,Mice-hc,20200111_USVpairs_court1,Mice
1327.0,0.0044546203879495,Correctly Tracked,/root/vast/mustafa/dreem-experiments/paper-plots/uncertainty-animals/no-post-processing-no-weight-iou-entropies/20200111_USVpairs_court1_M1_F1_top-01112020145828-0000@0-2560_frame_meta_entropy_histogram.csv,Mice-hc,20200111_USVpairs_court1,Mice
1328.0,0.0044470759927574,Correctly Tracked,/root/vast/mustafa/dreem-experiments/paper-plots/uncertainty-animals/no-post-processing-no-weight-iou-entropies/20200111_USVpairs_court1_M1_F1_top-01112020145828-0000@0-2560_frame_meta_entropy_histogram.csv,Mice-hc,20200111_USVpairs_court1,Mice
1329.0,0.0044842507817293,Correctly Tracked,/root/vast/mustafa/dreem-experiments/paper-plots/uncertainty-animals/no-post-processing-no-weight-iou-entropies/20200111_USVpairs_court1_M1_F1_top-01112020145828-0000@0-2560_frame_meta_entropy_histogram.csv,Mice-hc,20200111_USVpairs_court1,Mice
133.0,0.0222446472086203,Correctly Tracked,/root/vast/mustafa/dreem-experiments/paper-plots/uncertainty-animals/no-post-processing-no-weight-iou-entropies/20200111_USVpairs_court1_M1_F1_top-01112020145828-0000@0-2560_frame_meta_entropy_histogram.csv,Mice-hc,20200111_USVpairs_court1,Mice
1330.0,0.0045185572897331,Correctly Tracked,/root/vast/mustafa/dreem-experiments/paper-plots/uncertainty-animals/no-post-processing-no-weight-iou-entropies/20200111_USVpairs_court1_M1_F1_top-01112020145828-0000@0-2560_frame_meta_entropy_histogram.csv,Mice-hc,20200111_USVpairs_court1,Mice
1331.0,0.0045171034988875,Correctly Tracked,/root/vast/mustafa/dreem-experiments/paper-plots/uncertainty-animals/no-post-processing-no-weight-iou-entropies/20200111_USVpairs_court1_M1_F1_top-01112020145828-0000@0-2560_frame_meta_entropy_histogram.csv,Mice-hc,20200111_USVpairs_court1,Mice
1332.0,0.0045095530574303,Correctly Tracked,/root/vast/mustafa/dreem-experiments/paper-plots/uncertainty-animals/no-post-processing-no-weight-iou-entropies/20200111_USVpairs_court1_M1_F1_top-01112020145828-0000@0-2560_frame_meta_entropy_histogram.csv,Mice-hc,20200111_USVpairs_court1,Mice
1333.0,0.0045447624743511,Correctly Tracked,/root/vast/mustafa/dreem-experiments/paper-plots/uncertainty-animals/no-post-processing-no-weight-iou-entropies/20200111_USVpairs_court1_M1_F1_top-01112020145828-0000@0-2560_frame_meta_entropy_histogram.csv,Mice-hc,20200111_USVpairs_court1,Mice
1334.0,0.0045993629351566,Correctly Tracked,/root/vast/mustafa/dreem-experiments/paper-plots/uncertainty-animals/no-post-processing-no-weight-iou-entropies/20200111_USVpairs_court1_M1_F1_top-01112020145828-0000@0-2560_frame_meta_entropy_histogram.csv,Mice-hc,20200111_USVpairs_court1,Mice
1335.0,0.0045777068931961,Correctly Tracked,/root/vast/mustafa/dreem-experiments/paper-plots/uncertainty-animals/no-post-processing-no-weight-iou-entropies/20200111_USVpairs_court1_M1_F1_top-01112020145828-0000@0-2560_frame_meta_entropy_histogram.csv,Mice-hc,20200111_USVpairs_court1,Mice
1336.0,0.0047329309768046,Correctly Tracked,/root/vast/mustafa/dreem-experiments/paper-plots/uncertainty-animals/no-post-processing-no-weight-iou-entropies/20200111_USVpairs_court1_M1_F1_top-01112020145828-0000@0-2560_frame_meta_entropy_histogram.csv,Mice-hc,20200111_USVpairs_court1,Mice
1337.0,0.0047448259956178,Correctly Tracked,/root/vast/mustafa/dreem-experiments/paper-plots/uncertainty-animals/no-post-processing-no-weight-iou-entropies/20200111_USVpairs_court1_M1_F1_top-01112020145828-0000@0-2560_frame_meta_entropy_histogram.csv,Mice-hc,20200111_USVpairs_court1,Mice
1338.0,0.0046845998210688,Correctly Tracked,/root/vast/mustafa/dreem-experiments/paper-plots/uncertainty-animals/no-post-processing-no-weight-iou-entropies/20200111_USVpairs_court1_M1_F1_top-01112020145828-0000@0-2560_frame_meta_entropy_histogram.csv,Mice-hc,20200111_USVpairs_court1,Mice
1339.0,0.0045620319510037,Correctly Tracked,/root/vast/mustafa/dreem-experiments/paper-plots/uncertainty-animals/no-post-processing-no-weight-iou-entropies/20200111_USVpairs_court1_M1_F1_top-01112020145828-0000@0-2560_frame_meta_entropy_histogram.csv,Mice-hc,20200111_USVpairs_court1,Mice
134.0,0.0179873443298852,Correctly Tracked,/root/vast/mustafa/dreem-experiments/paper-plots/uncertainty-animals/no-post-processing-no-weight-iou-entropies/20200111_USVpairs_court1_M1_F1_top-01112020145828-0000@0-2560_frame_meta_entropy_histogram.csv,Mice-hc,20200111_USVpairs_court1,Mice
1340.0,0.0046015852734732,Correctly Tracked,/root/vast/mustafa/dreem-experiments/paper-plots/uncertainty-animals/no-post-processing-no-weight-iou-entropies/20200111_USVpairs_court1_M1_F1_top-01112020145828-0000@0-2560_frame_meta_entropy_histogram.csv,Mice-hc,20200111_USVpairs_court1,Mice
1341.0,0.0045706996078843,Correctly Tracked,/root/vast/mustafa/dreem-experiments/paper-plots/uncertainty-animals/no-post-processing-no-weight-iou-entropies/20200111_USVpairs_court1_M1_F1_top-01112020145828-0000@0-2560_frame_meta_entropy_histogram.csv,Mice-hc,20200111_USVpairs_court1,Mice
1342.0,0.004595743909609,Correctly Tracked,/root/vast/mustafa/dreem-experiments/paper-plots/uncertainty-animals/no-post-processing-no-weight-iou-entropies/20200111_USVpairs_court1_M1_F1_top-01112020145828-0000@0-2560_frame_meta_entropy_histogram.csv,Mice-hc,20200111_USVpairs_court1,Mice
1343.0,0.0045726619568029,Correctly Tracked,/root/vast/mustafa/dreem-experiments/paper-plots/uncertainty-animals/no-post-processing-no-weight-iou-entropies/20200111_USVpairs_court1_M1_F1_top-01112020145828-0000@0-2560_frame_meta_entropy_histogram.csv,Mice-hc,20200111_USVpairs_court1,Mice
1344.0,0.0046224845245892,Correctly Tracked,/root/vast/mustafa/dreem-experiments/paper-plots/uncertainty-animals/no-post-processing-no-weight-iou-entropies/20200111_USVpairs_court1_M1_F1_top-01112020145828-0000@0-2560_frame_meta_entropy_histogram.csv,Mice-hc,20200111_USVpairs_court1,Mice
1345.0,0.0046460461477574,Correctly Tracked,/root/vast/mustafa/dreem-experiments/paper-plots/uncertainty-animals/no-post-processing-no-weight-iou-entropies/20200111_USVpairs_court1_M1_F1_top-01112020145828-0000@0-2560_frame_meta_entropy_histogram.csv,Mice-hc,20200111_USVpairs_court1,Mice
1346.0,0.0046515112995729,Correctly Tracked,/root/vast/mustafa/dreem-experiments/paper-plots/uncertainty-animals/no-post-processing-no-weight-iou-entropies/20200111_USVpairs_court1_M1_F1_top-01112020145828-0000@0-2560_frame_meta_entropy_histogram.csv,Mice-hc,20200111_USVpairs_court1,Mice
1347.0,0.0046837667801037,Correctly Tracked,/root/vast/mustafa/dreem-experiments/paper-plots/uncertainty-animals/no-post-processing-no-weight-iou-entropies/20200111_USVpairs_court1_M1_F1_top-01112020145828-0000@0-2560_frame_meta_entropy_histogram.csv,Mice-hc,20200111_USVpairs_court1,Mice
1348.0,0.0047528245324974,Correctly Tracked,/root/vast/mustafa/dreem-experiments/paper-plots/uncertainty-animals/no-post-processing-no-weight-iou-entropies/20200111_USVpairs_court1_M1_F1_top-01112020145828-0000@0-2560_frame_meta_entropy_histogram.csv,Mice-hc,20200111_USVpairs_court1,Mice
1349.0,0.0050601756683845,Correctly Tracked,/root/vast/mustafa/dreem-experiments/paper-plots/uncertainty-animals/no-post-processing-no-weight-iou-entropies/20200111_USVpairs_court1_M1_F1_top-01112020145828-0000@0-2560_frame_meta_entropy_histogram.csv,Mice-hc,20200111_USVpairs_court1,Mice
135.0,0.0163869019968596,Correctly Tracked,/root/vast/mustafa/dreem-experiments/paper-plots/uncertainty-animals/no-post-processing-no-weight-iou-entropies/20200111_USVpairs_court1_M1_F1_top-01112020145828-0000@0-2560_frame_meta_entropy_histogram.csv,Mice-hc,20200111_USVpairs_court1,Mice
1350.0,0.0050555354958473,Correctly Tracked,/root/vast/mustafa/dreem-experiments/paper-plots/uncertainty-animals/no-post-processing-no-weight-iou-entropies/20200111_USVpairs_court1_M1_F1_top-01112020145828-0000@0-2560_frame_meta_entropy_histogram.csv,Mice-hc,20200111_USVpairs_court1,Mice
1351.0,0.005304412530441,Correctly Tracked,/root/vast/mustafa/dreem-experiments/paper-plots/uncertainty-animals/no-post-processing-no-weight-iou-entropies/20200111_USVpairs_court1_M1_F1_top-01112020145828-0000@0-2560_frame_meta_entropy_histogram.csv,Mice-hc,20200111_USVpairs_court1,Mice
1352.0,0.0055231872266759,Correctly Tracked,/root/vast/mustafa/dreem-experiments/paper-plots/uncertainty-animals/no-post-processing-no-weight-iou-entropies/20200111_USVpairs_court1_M1_F1_top-01112020145828-0000@0-2560_frame_meta_entropy_histogram.csv,Mice-hc,20200111_USVpairs_court1,Mice
1353.0,0.0064470269697614,Correctly Tracked,/root/vast/mustafa/dreem-experiments/paper-plots/uncertainty-animals/no-post-processing-no-weight-iou-entropies/20200111_USVpairs_court1_M1_F1_top-01112020145828-0000@0-2560_frame_meta_entropy_histogram.csv,Mice-hc,20200111_USVpairs_court1,Mice
1354.0,0.006444103936504,Correctly Tracked,/root/vast/mustafa/dreem-experiments/paper-plots/uncertainty-animals/no-post-processing-no-weight-iou-entropies/20200111_USVpairs_court1_M1_F1_top-01112020145828-0000@0-2560_frame_meta_entropy_histogram.csv,Mice-hc,20200111_USVpairs_court1,Mice
1355.0,0.0061828609462289,Correctly Tracked,/root/vast/mustafa/dreem-experiments/paper-plots/uncertainty-animals/no-post-processing-no-weight-iou-entropies/20200111_USVpairs_court1_M1_F1_top-01112020145828-0000@0-2560_frame_meta_entropy_histogram.csv,Mice-hc,20200111_USVpairs_court1,Mice
1356.0,0.0058953113284441,Correctly Tracked,/root/vast/mustafa/dreem-experiments/paper-plots/uncertainty-animals/no-post-processing-no-weight-iou-entropies/20200111_USVpairs_court1_M1_F1_top-01112020145828-0000@0-2560_frame_meta_entropy_histogram.csv,Mice-hc,20200111_USVpairs_court1,Mice
1357.0,0.005323174426855,Correctly Tracked,/root/vast/mustafa/dreem-experiments/paper-plots/uncertainty-animals/no-post-processing-no-weight-iou-entropies/20200111_USVpairs_court1_M1_F1_top-01112020145828-0000@0-2560_frame_meta_entropy_histogram.csv,Mice-hc,20200111_USVpairs_court1,Mice
1358.0,0.005118650441485,Correctly Tracked,/root/vast/mustafa/dreem-experiments/paper-plots/uncertainty-animals/no-post-processing-no-weight-iou-entropies/20200111_USVpairs_court1_M1_F1_top-01112020145828-0000@0-2560_frame_meta_entropy_histogram.csv,Mice-hc,20200111_USVpairs_court1,Mice
1359.0,0.0050798092346792,Correctly Tracked,/root/vast/mustafa/dreem-experiments/paper-plots/uncertainty-animals/no-post-processing-no-weight-iou-entropies/20200111_USVpairs_court1_M1_F1_top-01112020145828-0000@0-2560_frame_meta_entropy_histogram.csv,Mice-hc,20200111_USVpairs_court1,Mice
136.0,0.0159895280203543,Correctly Tracked,/root/vast/mustafa/dreem-experiments/paper-plots/uncertainty-animals/no-post-processing-no-weight-iou-entropies/20200111_USVpairs_court1_M1_F1_top-01112020145828-0000@0-2560_frame_meta_entropy_histogram.csv,Mice-hc,20200111_USVpairs_court1,Mice
1360.0,0.0052580067742262,Correctly Tracked,/root/vast/mustafa/dreem-experiments/paper-plots/uncertainty-animals/no-post-processing-no-weight-iou-entropies/20200111_USVpairs_court1_M1_F1_top-01112020145828-0000@0-2560_frame_meta_entropy_histogram.csv,Mice-hc,20200111_USVpairs_court1,Mice
1361.0,0.0054828774492654,Correctly Tracked,/root/vast/mustafa/dreem-experiments/paper-plots/uncertainty-animals/no-post-processing-no-weight-iou-entropies/20200111_USVpairs_court1_M1_F1_top-01112020145828-0000@0-2560_frame_meta_entropy_histogram.csv,Mice-hc,20200111_USVpairs_court1,Mice
1362.0,0.0050804461079332,Correctly Tracked,/root/vast/mustafa/dreem-experiments/paper-plots/uncertainty-animals/no-post-processing-no-weight-iou-entropies/20200111_USVpairs_court1_M1_F1_top-01112020145828-0000@0-2560_frame_meta_entropy_histogram.csv,Mice-hc,20200111_USVpairs_court1,Mice
1363.0,0.0066526147618799,Correctly Tracked,/root/vast/mustafa/dreem-experiments/paper-plots/uncertainty-animals/no-post-processing-no-weight-iou-entropies/20200111_USVpairs_court1_M1_F1_top-01112020145828-0000@0-2560_frame_meta_entropy_histogram.csv,Mice-hc,20200111_USVpairs_court1,Mice
1364.0,0.0052149721466911,Correctly Tracked,/root/vast/mustafa/dreem-experiments/paper-plots/uncertainty-animals/no-post-processing-no-weight-iou-entropies/20200111_USVpairs_court1_M1_F1_top-01112020145828-0000@0-2560_frame_meta_entropy_histogram.csv,Mice-hc,20200111_USVpairs_court1,Mice
1365.0,0.0255700419394385,Correctly Tracked,/root/vast/mustafa/dreem-experiments/paper-plots/uncertainty-animals/no-post-processing-no-weight-iou-entropies/20200111_USVpairs_court1_M1_F1_top-01112020145828-0000@0-2560_frame_meta_entropy_histogram.csv,Mice-hc,20200111_USVpairs_court1,Mice
1366.0,0.0058256408878567,Correctly Tracked,/root/vast/mustafa/dreem-experiments/paper-plots/uncertainty-animals/no-post-processing-no-weight-iou-entropies/20200111_USVpairs_court1_M1_F1_top-01112020145828-0000@0-2560_frame_meta_entropy_histogram.csv,Mice-hc,20200111_USVpairs_court1,Mice
1367.0,0.0555369493351728,Correctly Tracked,/root/vast/mustafa/dreem-experiments/paper-plots/uncertainty-animals/no-post-processing-no-weight-iou-entropies/20200111_USVpairs_court1_M1_F1_top-01112020145828-0000@0-2560_frame_meta_entropy_histogram.csv,Mice-hc,20200111_USVpairs_court1,Mice
1368.0,0.0258642639466309,Correctly Tracked,/root/vast/mustafa/dreem-experiments/paper-plots/uncertainty-animals/no-post-processing-no-weight-iou-entropies/20200111_USVpairs_court1_M1_F1_top-01112020145828-0000@0-2560_frame_meta_entropy_histogram.csv,Mice-hc,20200111_USVpairs_court1,Mice
1369.0,0.0289596103840887,Correctly Tracked,/root/vast/mustafa/dreem-experiments/paper-plots/uncertainty-animals/no-post-processing-no-weight-iou-entropies/20200111_USVpairs_court1_M1_F1_top-01112020145828-0000@0-2560_frame_meta_entropy_histogram.csv,Mice-hc,20200111_USVpairs_court1,Mice
137.0,0.0147360190333961,Correctly Tracked,/root/vast/mustafa/dreem-experiments/paper-plots/uncertainty-animals/no-post-processing-no-weight-iou-entropies/20200111_USVpairs_court1_M1_F1_top-01112020145828-0000@0-2560_frame_meta_entropy_histogram.csv,Mice-hc,20200111_USVpairs_court1,Mice
1370.0,0.0312049271951992,Correctly Tracked,/root/vast/mustafa/dreem-experiments/paper-plots/uncertainty-animals/no-post-processing-no-weight-iou-entropies/20200111_USVpairs_court1_M1_F1_top-01112020145828-0000@0-2560_frame_meta_entropy_histogram.csv,Mice-hc,20200111_USVpairs_court1,Mice
1371.0,0.0209165031256455,Correctly Tracked,/root/vast/mustafa/dreem-experiments/paper-plots/uncertainty-animals/no-post-processing-no-weight-iou-entropies/20200111_USVpairs_court1_M1_F1_top-01112020145828-0000@0-2560_frame_meta_entropy_histogram.csv,Mice-hc,20200111_USVpairs_court1,Mice
1372.0,0.0085219566721802,Correctly Tracked,/root/vast/mustafa/dreem-experiments/paper-plots/uncertainty-animals/no-post-processing-no-weight-iou-entropies/20200111_USVpairs_court1_M1_F1_top-01112020145828-0000@0-2560_frame_meta_entropy_histogram.csv,Mice-hc,20200111_USVpairs_court1,Mice
1373.0,0.0080520745413482,Correctly Tracked,/root/vast/mustafa/dreem-experiments/paper-plots/uncertainty-animals/no-post-processing-no-weight-iou-entropies/20200111_USVpairs_court1_M1_F1_top-01112020145828-0000@0-2560_frame_meta_entropy_histogram.csv,Mice-hc,20200111_USVpairs_court1,Mice
1374.0,0.00909679390293,Correctly Tracked,/root/vast/mustafa/dreem-experiments/paper-plots/uncertainty-animals/no-post-processing-no-weight-iou-entropies/20200111_USVpairs_court1_M1_F1_top-01112020145828-0000@0-2560_frame_meta_entropy_histogram.csv,Mice-hc,20200111_USVpairs_court1,Mice
1375.0,0.0063671672289176,Correctly Tracked,/root/vast/mustafa/dreem-experiments/paper-plots/uncertainty-animals/no-post-processing-no-weight-iou-entropies/20200111_USVpairs_court1_M1_F1_top-01112020145828-0000@0-2560_frame_meta_entropy_histogram.csv,Mice-hc,20200111_USVpairs_court1,Mice
1376.0,0.0050660331556222,Correctly Tracked,/root/vast/mustafa/dreem-experiments/paper-plots/uncertainty-animals/no-post-processing-no-weight-iou-entropies/20200111_USVpairs_court1_M1_F1_top-01112020145828-0000@0-2560_frame_meta_entropy_histogram.csv,Mice-hc,20200111_USVpairs_court1,Mice
1377.0,0.0066114430557935,Correctly Tracked,/root/vast/mustafa/dreem-experiments/paper-plots/uncertainty-animals/no-post-processing-no-weight-iou-entropies/20200111_USVpairs_court1_M1_F1_top-01112020145828-0000@0-2560_frame_meta_entropy_histogram.csv,Mice-hc,20200111_USVpairs_court1,Mice
1378.0,0.0281256611355971,Correctly Tracked,/root/vast/mustafa/dreem-experiments/paper-plots/uncertainty-animals/no-post-processing-no-weight-iou-entropies/20200111_USVpairs_court1_M1_F1_top-01112020145828-0000@0-2560_frame_meta_entropy_histogram.csv,Mice-hc,20200111_USVpairs_court1,Mice
1379.0,0.0080792457847629,Correctly Tracked,/root/vast/mustafa/dreem-experiments/paper-plots/uncertainty-animals/no-post-processing-no-weight-iou-entropies/20200111_USVpairs_court1_M1_F1_top-01112020145828-0000@0-2560_frame_meta_entropy_histogram.csv,Mice-hc,20200111_USVpairs_court1,Mice
138.0,0.0134165815721212,Correctly Tracked,/root/vast/mustafa/dreem-experiments/paper-plots/uncertainty-animals/no-post-processing-no-weight-iou-entropies/20200111_USVpairs_court1_M1_F1_top-01112020145828-0000@0-2560_frame_meta_entropy_histogram.csv,Mice-hc,20200111_USVpairs_court1,Mice
1380.0,0.0214373848305306,Correctly Tracked,/root/vast/mustafa/dreem-experiments/paper-plots/uncertainty-animals/no-post-processing-no-weight-iou-entropies/20200111_USVpairs_court1_M1_F1_top-01112020145828-0000@0-2560_frame_meta_entropy_histogram.csv,Mice-hc,20200111_USVpairs_court1,Mice
1381.0,0.0192529418161388,Correctly Tracked,/root/vast/mustafa/dreem-experiments/paper-plots/uncertainty-animals/no-post-processing-no-weight-iou-entropies/20200111_USVpairs_court1_M1_F1_top-01112020145828-0000@0-2560_frame_meta_entropy_histogram.csv,Mice-hc,20200111_USVpairs_court1,Mice
1382.0,0.0162367799532588,Correctly Tracked,/root/vast/mustafa/dreem-experiments/paper-plots/uncertainty-animals/no-post-processing-no-weight-iou-entropies/20200111_USVpairs_court1_M1_F1_top-01112020145828-0000@0-2560_frame_meta_entropy_histogram.csv,Mice-hc,20200111_USVpairs_court1,Mice
1383.0,0.0160634577187795,Correctly Tracked,/root/vast/mustafa/dreem-experiments/paper-plots/uncertainty-animals/no-post-processing-no-weight-iou-entropies/20200111_USVpairs_court1_M1_F1_top-01112020145828-0000@0-2560_frame_meta_entropy_histogram.csv,Mice-hc,20200111_USVpairs_court1,Mice
1384.0,0.0174099287029868,Correctly Tracked,/root/vast/mustafa/dreem-experiments/paper-plots/uncertainty-animals/no-post-processing-no-weight-iou-entropies/20200111_USVpairs_court1_M1_F1_top-01112020145828-0000@0-2560_frame_meta_entropy_histogram.csv,Mice-hc,20200111_USVpairs_court1,Mice
1385.0,0.0186181162305993,Correctly Tracked,/root/vast/mustafa/dreem-experiments/paper-plots/uncertainty-animals/no-post-processing-no-weight-iou-entropies/20200111_USVpairs_court1_M1_F1_top-01112020145828-0000@0-2560_frame_meta_entropy_histogram.csv,Mice-hc,20200111_USVpairs_court1,Mice
1386.0,0.019032347194118,Correctly Tracked,/root/vast/mustafa/dreem-experiments/paper-plots/uncertainty-animals/no-post-processing-no-weight-iou-entropies/20200111_USVpairs_court1_M1_F1_top-01112020145828-0000@0-2560_frame_meta_entropy_histogram.csv,Mice-hc,20200111_USVpairs_court1,Mice
1387.0,0.011167020282932,Correctly Tracked,/root/vast/mustafa/dreem-experiments/paper-plots/uncertainty-animals/no-post-processing-no-weight-iou-entropies/20200111_USVpairs_court1_M1_F1_top-01112020145828-0000@0-2560_frame_meta_entropy_histogram.csv,Mice-hc,20200111_USVpairs_court1,Mice
1388.0,0.0080811127370548,Correctly Tracked,/root/vast/mustafa/dreem-experiments/paper-plots/uncertainty-animals/no-post-processing-no-weight-iou-entropies/20200111_USVpairs_court1_M1_F1_top-01112020145828-0000@0-2560_frame_meta_entropy_histogram.csv,Mice-hc,20200111_USVpairs_court1,Mice
1389.0,0.0070141189349574,Correctly Tracked,/root/vast/mustafa/dreem-experiments/paper-plots/uncertainty-animals/no-post-processing-no-weight-iou-entropies/20200111_USVpairs_court1_M1_F1_top-01112020145828-0000@0-2560_frame_meta_entropy_histogram.csv,Mice-hc,20200111_USVpairs_court1,Mice
139.0,0.0126076652046314,Correctly Tracked,/root/vast/mustafa/dreem-experiments/paper-plots/uncertainty-animals/no-post-processing-no-weight-iou-entropies/20200111_USVpairs_court1_M1_F1_top-01112020145828-0000@0-2560_frame_meta_entropy_histogram.csv,Mice-hc,20200111_USVpairs_court1,Mice
1390.0,0.0045683093177602,Correctly Tracked,/root/vast/mustafa/dreem-experiments/paper-plots/uncertainty-animals/no-post-processing-no-weight-iou-entropies/20200111_USVpairs_court1_M1_F1_top-01112020145828-0000@0-2560_frame_meta_entropy_histogram.csv,Mice-hc,20200111_USVpairs_court1,Mice
1391.0,0.0054631444555006,Correctly Tracked,/root/vast/mustafa/dreem-experiments/paper-plots/uncertainty-animals/no-post-processing-no-weight-iou-entropies/20200111_USVpairs_court1_M1_F1_top-01112020145828-0000@0-2560_frame_meta_entropy_histogram.csv,Mice-hc,20200111_USVpairs_court1,Mice
1392.0,0.0053477430890608,Correctly Tracked,/root/vast/mustafa/dreem-experiments/paper-plots/uncertainty-animals/no-post-processing-no-weight-iou-entropies/20200111_USVpairs_court1_M1_F1_top-01112020145828-0000@0-2560_frame_meta_entropy_histogram.csv,Mice-hc,20200111_USVpairs_court1,Mice
1393.0,0.0048069345740251,Correctly Tracked,/root/vast/mustafa/dreem-experiments/paper-plots/uncertainty-animals/no-post-processing-no-weight-iou-entropies/20200111_USVpairs_court1_M1_F1_top-01112020145828-0000@0-2560_frame_meta_entropy_histogram.csv,Mice-hc,20200111_USVpairs_court1,Mice
1394.0,0.0048701005770123,Correctly Tracked,/root/vast/mustafa/dreem-experiments/paper-plots/uncertainty-animals/no-post-processing-no-weight-iou-entropies/20200111_USVpairs_court1_M1_F1_top-01112020145828-0000@0-2560_frame_meta_entropy_histogram.csv,Mice-hc,20200111_USVpairs_court1,Mice
1395.0,0.0049580757491937,Correctly Tracked,/root/vast/mustafa/dreem-experiments/paper-plots/uncertainty-animals/no-post-processing-no-weight-iou-entropies/20200111_USVpairs_court1_M1_F1_top-01112020145828-0000@0-2560_frame_meta_entropy_histogram.csv,Mice-hc,20200111_USVpairs_court1,Mice
1396.0,0.004812327842467,Correctly Tracked,/root/vast/mustafa/dreem-experiments/paper-plots/uncertainty-animals/no-post-processing-no-weight-iou-entropies/20200111_USVpairs_court1_M1_F1_top-01112020145828-0000@0-2560_frame_meta_entropy_histogram.csv,Mice-hc,20200111_USVpairs_court1,Mice
1397.0,0.0049012962816379,Correctly Tracked,/root/vast/mustafa/dreem-experiments/paper-plots/uncertainty-animals/no-post-processing-no-weight-iou-entropies/20200111_USVpairs_court1_M1_F1_top-01112020145828-0000@0-2560_frame_meta_entropy_histogram.csv,Mice-hc,20200111_USVpairs_court1,Mice
1398.0,0.0047792070742241,Correctly Tracked,/root/vast/mustafa/dreem-experiments/paper-plots/uncertainty-animals/no-post-processing-no-weight-iou-entropies/20200111_USVpairs_court1_M1_F1_top-01112020145828-0000@0-2560_frame_meta_entropy_histogram.csv,Mice-hc,20200111_USVpairs_court1,Mice
1399.0,0.0046614244870578,Correctly Tracked,/root/vast/mustafa/dreem-experiments/paper-plots/uncertainty-animals/no-post-processing-no-weight-iou-entropies/20200111_USVpairs_court1_M1_F1_top-01112020145828-0000@0-2560_frame_meta_entropy_histogram.csv,Mice-hc,20200111_USVpairs_court1,Mice
14.0,0.0933984354724989,Correctly Tracked,/root/vast/mustafa/dreem-experiments/paper-plots/uncertainty-animals/no-post-processing-no-weight-iou-entropies/20200111_USVpairs_court1_M1_F1_top-01112020145828-0000@0-2560_frame_meta_entropy_histogram.csv,Mice-hc,20200111_USVpairs_court1,Mice
140.0,0.0114090697406479,Correctly Tracked,/root/vast/mustafa/dreem-experiments/paper-plots/uncertainty-animals/no-post-processing-no-weight-iou-entropies/20200111_USVpairs_court1_M1_F1_top-01112020145828-0000@0-2560_frame_meta_entropy_histogram.csv,Mice-hc,20200111_USVpairs_court1,Mice
1400.0,0.0046324480976164,Correctly Tracked,/root/vast/mustafa/dreem-experiments/paper-plots/uncertainty-animals/no-post-processing-no-weight-iou-entropies/20200111_USVpairs_court1_M1_F1_top-01112020145828-0000@0-2560_frame_meta_entropy_histogram.csv,Mice-hc,20200111_USVpairs_court1,Mice
1401.0,0.0046056033525155,Correctly Tracked,/root/vast/mustafa/dreem-experiments/paper-plots/uncertainty-animals/no-post-processing-no-weight-iou-entropies/20200111_USVpairs_court1_M1_F1_top-01112020145828-0000@0-2560_frame_meta_entropy_histogram.csv,Mice-hc,20200111_USVpairs_court1,Mice
1402.0,0.0046453914716119,Correctly Tracked,/root/vast/mustafa/dreem-experiments/paper-plots/uncertainty-animals/no-post-processing-no-weight-iou-entropies/20200111_USVpairs_court1_M1_F1_top-01112020145828-0000@0-2560_frame_meta_entropy_histogram.csv,Mice-hc,20200111_USVpairs_court1,Mice
1403.0,0.0046082936045677,Correctly Tracked,/root/vast/mustafa/dreem-experiments/paper-plots/uncertainty-animals/no-post-processing-no-weight-iou-entropies/20200111_USVpairs_court1_M1_F1_top-01112020145828-0000@0-2560_frame_meta_entropy_histogram.csv,Mice-hc,20200111_USVpairs_court1,Mice
1404.0,0.0045659935982386,Correctly Tracked,/root/vast/mustafa/dreem-experiments/paper-plots/uncertainty-animals/no-post-processing-no-weight-iou-entropies/20200111_USVpairs_court1_M1_F1_top-01112020145828-0000@0-2560_frame_meta_entropy_histogram.csv,Mice-hc,20200111_USVpairs_court1,Mice
1405.0,0.0045661044464316,Correctly Tracked,/root/vast/mustafa/dreem-experiments/paper-plots/uncertainty-animals/no-post-processing-no-weight-iou-entropies/20200111_USVpairs_court1_M1_F1_top-01112020145828-0000@0-2560_frame_meta_entropy_histogram.csv,Mice-hc,20200111_USVpairs_court1,Mice
1406.0,0.0045611223240144,Correctly Tracked,/root/vast/mustafa/dreem-experiments/paper-plots/uncertainty-animals/no-post-processing-no-weight-iou-entropies/20200111_USVpairs_court1_M1_F1_top-01112020145828-0000@0-2560_frame_meta_entropy_histogram.csv,Mice-hc,20200111_USVpairs_court1,Mice
1407.0,0.00457838743392,Correctly Tracked,/root/vast/mustafa/dreem-experiments/paper-plots/uncertainty-animals/no-post-processing-no-weight-iou-entropies/20200111_USVpairs_court1_M1_F1_top-01112020145828-0000@0-2560_frame_meta_entropy_histogram.csv,Mice-hc,20200111_USVpairs_court1,Mice
1408.0,0.0046059547076967,Correctly Tracked,/root/vast/mustafa/dreem-experiments/paper-plots/uncertainty-animals/no-post-processing-no-weight-iou-entropies/20200111_USVpairs_court1_M1_F1_top-01112020145828-0000@0-2560_frame_meta_entropy_histogram.csv,Mice-hc,20200111_USVpairs_court1,Mice
1409.0,0.0046318898258083,Correctly Tracked,/root/vast/mustafa/dreem-experiments/paper-plots/uncertainty-animals/no-post-processing-no-weight-iou-entropies/20200111_USVpairs_court1_M1_F1_top-01112020145828-0000@0-2560_frame_meta_entropy_histogram.csv,Mice-hc,20200111_USVpairs_court1,Mice
141.0,0.0109276983625697,Correctly Tracked,/root/vast/mustafa/dreem-experiments/paper-plots/uncertainty-animals/no-post-processing-no-weight-iou-entropies/20200111_USVpairs_court1_M1_F1_top-01112020145828-0000@0-2560_frame_meta_entropy_histogram.csv,Mice-hc,20200111_USVpairs_court1,Mice
1410.0,0.0046924401473457,Correctly Tracked,/root/vast/mustafa/dreem-experiments/paper-plots/uncertainty-animals/no-post-processing-no-weight-iou-entropies/20200111_USVpairs_court1_M1_F1_top-01112020145828-0000@0-2560_frame_meta_entropy_histogram.csv,Mice-hc,20200111_USVpairs_court1,Mice
1411.0,0.0047005337449484,Correctly Tracked,/root/vast/mustafa/dreem-experiments/paper-plots/uncertainty-animals/no-post-processing-no-weight-iou-entropies/20200111_USVpairs_court1_M1_F1_top-01112020145828-0000@0-2560_frame_meta_entropy_histogram.csv,Mice-hc,20200111_USVpairs_court1,Mice
1412.0,0.004715804595092,Correctly Tracked,/root/vast/mustafa/dreem-experiments/paper-plots/uncertainty-animals/no-post-processing-no-weight-iou-entropies/20200111_USVpairs_court1_M1_F1_top-01112020145828-0000@0-2560_frame_meta_entropy_histogram.csv,Mice-hc,20200111_USVpairs_court1,Mice
1413.0,0.0047395798529593,Correctly Tracked,/root/vast/mustafa/dreem-experiments/paper-plots/uncertainty-animals/no-post-processing-no-weight-iou-entropies/20200111_USVpairs_court1_M1_F1_top-01112020145828-0000@0-2560_frame_meta_entropy_histogram.csv,Mice-hc,20200111_USVpairs_court1,Mice
1414.0,0.0047473849093566,Correctly Tracked,/root/vast/mustafa/dreem-experiments/paper-plots/uncertainty-animals/no-post-processing-no-weight-iou-entropies/20200111_USVpairs_court1_M1_F1_top-01112020145828-0000@0-2560_frame_meta_entropy_histogram.csv,Mice-hc,20200111_USVpairs_court1,Mice
1415.0,0.0047814596438661,Correctly Tracked,/root/vast/mustafa/dreem-experiments/paper-plots/uncertainty-animals/no-post-processing-no-weight-iou-entropies/20200111_USVpairs_court1_M1_F1_top-01112020145828-0000@0-2560_frame_meta_entropy_histogram.csv,Mice-hc,20200111_USVpairs_court1,Mice
1416.0,0.0048078814863157,Correctly Tracked,/root/vast/mustafa/dreem-experiments/paper-plots/uncertainty-animals/no-post-processing-no-weight-iou-entropies/20200111_USVpairs_court1_M1_F1_top-01112020145828-0000@0-2560_frame_meta_entropy_histogram.csv,Mice-hc,20200111_USVpairs_court1,Mice
1417.0,0.0048841054064311,Correctly Tracked,/root/vast/mustafa/dreem-experiments/paper-plots/uncertainty-animals/no-post-processing-no-weight-iou-entropies/20200111_USVpairs_court1_M1_F1_top-01112020145828-0000@0-2560_frame_meta_entropy_histogram.csv,Mice-hc,20200111_USVpairs_court1,Mice
1418.0,0.0049069760758633,Correctly Tracked,/root/vast/mustafa/dreem-experiments/paper-plots/uncertainty-animals/no-post-processing-no-weight-iou-entropies/20200111_USVpairs_court1_M1_F1_top-01112020145828-0000@0-2560_frame_meta_entropy_histogram.csv,Mice-hc,20200111_USVpairs_court1,Mice
1419.0,0.0048635558309783,Correctly Tracked,/root/vast/mustafa/dreem-experiments/paper-plots/uncertainty-animals/no-post-processing-no-weight-iou-entropies/20200111_USVpairs_court1_M1_F1_top-01112020145828-0000@0-2560_frame_meta_entropy_histogram.csv,Mice-hc,20200111_USVpairs_court1,Mice
142.0,0.0111201281382827,Correctly Tracked,/root/vast/mustafa/dreem-experiments/paper-plots/uncertainty-animals/no-post-processing-no-weight-iou-entropies/20200111_USVpairs_court1_M1_F1_top-01112020145828-0000@0-2560_frame_meta_entropy_histogram.csv,Mice-hc,20200111_USVpairs_court1,Mice
1420.0,0.0048551911591584,Correctly Tracked,/root/vast/mustafa/dreem-experiments/paper-plots/uncertainty-animals/no-post-processing-no-weight-iou-entropies/20200111_USVpairs_court1_M1_F1_top-01112020145828-0000@0-2560_frame_meta_entropy_histogram.csv,Mice-hc,20200111_USVpairs_court1,Mice
1421.0,0.0048220750935661,Correctly Tracked,/root/vast/mustafa/dreem-experiments/paper-plots/uncertainty-animals/no-post-processing-no-weight-iou-entropies/20200111_USVpairs_court1_M1_F1_top-01112020145828-0000@0-2560_frame_meta_entropy_histogram.csv,Mice-hc,20200111_USVpairs_court1,Mice
1422.0,0.0047663285296263,Correctly Tracked,/root/vast/mustafa/dreem-experiments/paper-plots/uncertainty-animals/no-post-processing-no-weight-iou-entropies/20200111_USVpairs_court1_M1_F1_top-01112020145828-0000@0-2560_frame_meta_entropy_histogram.csv,Mice-hc,20200111_USVpairs_court1,Mice
1423.0,0.0046574977737989,Correctly Tracked,/root/vast/mustafa/dreem-experiments/paper-plots/uncertainty-animals/no-post-processing-no-weight-iou-entropies/20200111_USVpairs_court1_M1_F1_top-01112020145828-0000@0-2560_frame_meta_entropy_histogram.csv,Mice-hc,20200111_USVpairs_court1,Mice
1424.0,0.0045880819481516,Correctly Tracked,/root/vast/mustafa/dreem-experiments/paper-plots/uncertainty-animals/no-post-processing-no-weight-iou-entropies/20200111_USVpairs_court1_M1_F1_top-01112020145828-0000@0-2560_frame_meta_entropy_histogram.csv,Mice-hc,20200111_USVpairs_court1,Mice
1425.0,0.0045335678145751,Correctly Tracked,/root/vast/mustafa/dreem-experiments/paper-plots/uncertainty-animals/no-post-processing-no-weight-iou-entropies/20200111_USVpairs_court1_M1_F1_top-01112020145828-0000@0-2560_frame_meta_entropy_histogram.csv,Mice-hc,20200111_USVpairs_court1,Mice
1426.0,0.0044956449682526,Correctly Tracked,/root/vast/mustafa/dreem-experiments/paper-plots/uncertainty-animals/no-post-processing-no-weight-iou-entropies/20200111_USVpairs_court1_M1_F1_top-01112020145828-0000@0-2560_frame_meta_entropy_histogram.csv,Mice-hc,20200111_USVpairs_court1,Mice
1427.0,0.004467353486282,Correctly Tracked,/root/vast/mustafa/dreem-experiments/paper-plots/uncertainty-animals/no-post-processing-no-weight-iou-entropies/20200111_USVpairs_court1_M1_F1_top-01112020145828-0000@0-2560_frame_meta_entropy_histogram.csv,Mice-hc,20200111_USVpairs_court1,Mice
1428.0,0.004463676349409,Correctly Tracked,/root/vast/mustafa/dreem-experiments/paper-plots/uncertainty-animals/no-post-processing-no-weight-iou-entropies/20200111_USVpairs_court1_M1_F1_top-01112020145828-0000@0-2560_frame_meta_entropy_histogram.csv,Mice-hc,20200111_USVpairs_court1,Mice
1429.0,0.0044366109156331,Correctly Tracked,/root/vast/mustafa/dreem-experiments/paper-plots/uncertainty-animals/no-post-processing-no-weight-iou-entropies/20200111_USVpairs_court1_M1_F1_top-01112020145828-0000@0-2560_frame_meta_entropy_histogram.csv,Mice-hc,20200111_USVpairs_court1,Mice
143.0,0.0110257486277784,Correctly Tracked,/root/vast/mustafa/dreem-experiments/paper-plots/uncertainty-animals/no-post-processing-no-weight-iou-entropies/20200111_USVpairs_court1_M1_F1_top-01112020145828-0000@0-2560_frame_meta_entropy_histogram.csv,Mice-hc,20200111_USVpairs_court1,Mice
1430.0,0.0044172312924712,Correctly Tracked,/root/vast/mustafa/dreem-experiments/paper-plots/uncertainty-animals/no-post-processing-no-weight-iou-entropies/20200111_USVpairs_court1_M1_F1_top-01112020145828-0000@0-2560_frame_meta_entropy_histogram.csv,Mice-hc,20200111_USVpairs_court1,Mice
1431.0,0.0044065038746236,Correctly Tracked,/root/vast/mustafa/dreem-experiments/paper-plots/uncertainty-animals/no-post-processing-no-weight-iou-entropies/20200111_USVpairs_court1_M1_F1_top-01112020145828-0000@0-2560_frame_meta_entropy_histogram.csv,Mice-hc,20200111_USVpairs_court1,Mice
1432.0,0.004403458908354,Correctly Tracked,/root/vast/mustafa/dreem-experiments/paper-plots/uncertainty-animals/no-post-processing-no-weight-iou-entropies/20200111_USVpairs_court1_M1_F1_top-01112020145828-0000@0-2560_frame_meta_entropy_histogram.csv,Mice-hc,20200111_USVpairs_court1,Mice
1433.0,0.0043992288741307,Correctly Tracked,/root/vast/mustafa/dreem-experiments/paper-plots/uncertainty-animals/no-post-processing-no-weight-iou-entropies/20200111_USVpairs_court1_M1_F1_top-01112020145828-0000@0-2560_frame_meta_entropy_histogram.csv,Mice-hc,20200111_USVpairs_court1,Mice
1434.0,0.0043948802659313,Correctly Tracked,/root/vast/mustafa/dreem-experiments/paper-plots/uncertainty-animals/no-post-processing-no-weight-iou-entropies/20200111_USVpairs_court1_M1_F1_top-01112020145828-0000@0-2560_frame_meta_entropy_histogram.csv,Mice-hc,20200111_USVpairs_court1,Mice
1435.0,0.0043897086938753,Correctly Tracked,/root/vast/mustafa/dreem-experiments/paper-plots/uncertainty-animals/no-post-processing-no-weight-iou-entropies/20200111_USVpairs_court1_M1_F1_top-01112020145828-0000@0-2560_frame_meta_entropy_histogram.csv,Mice-hc,20200111_USVpairs_court1,Mice
1436.0,0.0043859764688094,Correctly Tracked,/root/vast/mustafa/dreem-experiments/paper-plots/uncertainty-animals/no-post-processing-no-weight-iou-entropies/20200111_USVpairs_court1_M1_F1_top-01112020145828-0000@0-2560_frame_meta_entropy_histogram.csv,Mice-hc,20200111_USVpairs_court1,Mice
1437.0,0.0043842133107345,Correctly Tracked,/root/vast/mustafa/dreem-experiments/paper-plots/uncertainty-animals/no-post-processing-no-weight-iou-entropies/20200111_USVpairs_court1_M1_F1_top-01112020145828-0000@0-2560_frame_meta_entropy_histogram.csv,Mice-hc,20200111_USVpairs_court1,Mice
1438.0,0.0043870893174858,Correctly Tracked,/root/vast/mustafa/dreem-experiments/paper-plots/uncertainty-animals/no-post-processing-no-weight-iou-entropies/20200111_USVpairs_court1_M1_F1_top-01112020145828-0000@0-2560_frame_meta_entropy_histogram.csv,Mice-hc,20200111_USVpairs_court1,Mice
1439.0,0.0043823409839847,Correctly Tracked,/root/vast/mustafa/dreem-experiments/paper-plots/uncertainty-animals/no-post-processing-no-weight-iou-entropies/20200111_USVpairs_court1_M1_F1_top-01112020145828-0000@0-2560_frame_meta_entropy_histogram.csv,Mice-hc,20200111_USVpairs_court1,Mice
144.0,0.0112051144400981,Correctly Tracked,/root/vast/mustafa/dreem-experiments/paper-plots/uncertainty-animals/no-post-processing-no-weight-iou-entropies/20200111_USVpairs_court1_M1_F1_top-01112020145828-0000@0-2560_frame_meta_entropy_histogram.csv,Mice-hc,20200111_USVpairs_court1,Mice
1440.0,0.0043816208066342,Correctly Tracked,/root/vast/mustafa/dreem-experiments/paper-plots/uncertainty-animals/no-post-processing-no-weight-iou-entropies/20200111_USVpairs_court1_M1_F1_top-01112020145828-0000@0-2560_frame_meta_entropy_histogram.csv,Mice-hc,20200111_USVpairs_court1,Mice
1441.0,0.0043801609695235,Correctly Tracked,/root/vast/mustafa/dreem-experiments/paper-plots/uncertainty-animals/no-post-processing-no-weight-iou-entropies/20200111_USVpairs_court1_M1_F1_top-01112020145828-0000@0-2560_frame_meta_entropy_histogram.csv,Mice-hc,20200111_USVpairs_court1,Mice
1442.0,0.0043780810543396,Correctly Tracked,/root/vast/mustafa/dreem-experiments/paper-plots/uncertainty-animals/no-post-processing-no-weight-iou-entropies/20200111_USVpairs_court1_M1_F1_top-01112020145828-0000@0-2560_frame_meta_entropy_histogram.csv,Mice-hc,20200111_USVpairs_court1,Mice
1443.0,0.0043770007883139,Correctly Tracked,/root/vast/mustafa/dreem-experiments/paper-plots/uncertainty-animals/no-post-processing-no-weight-iou-entropies/20200111_USVpairs_court1_M1_F1_top-01112020145828-0000@0-2560_frame_meta_entropy_histogram.csv,Mice-hc,20200111_USVpairs_court1,Mice
1444.0,0.0043946562182202,Correctly Tracked,/root/vast/mustafa/dreem-experiments/paper-plots/uncertainty-animals/no-post-processing-no-weight-iou-entropies/20200111_USVpairs_court1_M1_F1_top-01112020145828-0000@0-2560_frame_meta_entropy_histogram.csv,Mice-hc,20200111_USVpairs_court1,Mice
1445.0,0.0044666470809798,Correctly Tracked,/root/vast/mustafa/dreem-experiments/paper-plots/uncertainty-animals/no-post-processing-no-weight-iou-entropies/20200111_USVpairs_court1_M1_F1_top-01112020145828-0000@0-2560_frame_meta_entropy_histogram.csv,Mice-hc,20200111_USVpairs_court1,Mice
1446.0,0.0044119747368006,Correctly Tracked,/root/vast/mustafa/dreem-experiments/paper-plots/uncertainty-animals/no-post-processing-no-weight-iou-entropies/20200111_USVpairs_court1_M1_F1_top-01112020145828-0000@0-2560_frame_meta_entropy_histogram.csv,Mice-hc,20200111_USVpairs_court1,Mice
1447.0,0.0044036325705229,Correctly Tracked,/root/vast/mustafa/dreem-experiments/paper-plots/uncertainty-animals/no-post-processing-no-weight-iou-entropies/20200111_USVpairs_court1_M1_F1_top-01112020145828-0000@0-2560_frame_meta_entropy_histogram.csv,Mice-hc,20200111_USVpairs_court1,Mice
1448.0,0.0043883707897769,Correctly Tracked,/root/vast/mustafa/dreem-experiments/paper-plots/uncertainty-animals/no-post-processing-no-weight-iou-entropies/20200111_USVpairs_court1_M1_F1_top-01112020145828-0000@0-2560_frame_meta_entropy_histogram.csv,Mice-hc,20200111_USVpairs_court1,Mice
1449.0,0.0043678165116735,Correctly Tracked,/root/vast/mustafa/dreem-experiments/paper-plots/uncertainty-animals/no-post-processing-no-weight-iou-entropies/20200111_USVpairs_court1_M1_F1_top-01112020145828-0000@0-2560_frame_meta_entropy_histogram.csv,Mice-hc,20200111_USVpairs_court1,Mice
145.0,0.011300649459038,Correctly Tracked,/root/vast/mustafa/dreem-experiments/paper-plots/uncertainty-animals/no-post-processing-no-weight-iou-entropies/20200111_USVpairs_court1_M1_F1_top-01112020145828-0000@0-2560_frame_meta_entropy_histogram.csv,Mice-hc,20200111_USVpairs_court1,Mice
1450.0,0.0043574874755133,Correctly Tracked,/root/vast/mustafa/dreem-experiments/paper-plots/uncertainty-animals/no-post-processing-no-weight-iou-entropies/20200111_USVpairs_court1_M1_F1_top-01112020145828-0000@0-2560_frame_meta_entropy_histogram.csv,Mice-hc,20200111_USVpairs_court1,Mice
1451.0,0.004356322225873,Correctly Tracked,/root/vast/mustafa/dreem-experiments/paper-plots/uncertainty-animals/no-post-processing-no-weight-iou-entropies/20200111_USVpairs_court1_M1_F1_top-01112020145828-0000@0-2560_frame_meta_entropy_histogram.csv,Mice-hc,20200111_USVpairs_court1,Mice
1452.0,0.0043562002928607,Correctly Tracked,/root/vast/mustafa/dreem-experiments/paper-plots/uncertainty-animals/no-post-processing-no-weight-iou-entropies/20200111_USVpairs_court1_M1_F1_top-01112020145828-0000@0-2560_frame_meta_entropy_histogram.csv,Mice-hc,20200111_USVpairs_court1,Mice
1453.0,0.0043646959670905,Correctly Tracked,/root/vast/mustafa/dreem-experiments/paper-plots/uncertainty-animals/no-post-processing-no-weight-iou-entropies/20200111_USVpairs_court1_M1_F1_top-01112020145828-0000@0-2560_frame_meta_entropy_histogram.csv,Mice-hc,20200111_USVpairs_court1,Mice
1454.0,0.0043618172731102,Correctly Tracked,/root/vast/mustafa/dreem-experiments/paper-plots/uncertainty-animals/no-post-processing-no-weight-iou-entropies/20200111_USVpairs_court1_M1_F1_top-01112020145828-0000@0-2560_frame_meta_entropy_histogram.csv,Mice-hc,20200111_USVpairs_court1,Mice
1455.0,0.0043605092644335,Correctly Tracked,/root/vast/mustafa/dreem-experiments/paper-plots/uncertainty-animals/no-post-processing-no-weight-iou-entropies/20200111_USVpairs_court1_M1_F1_top-01112020145828-0000@0-2560_frame_meta_entropy_histogram.csv,Mice-hc,20200111_USVpairs_court1,Mice
1456.0,0.0043582593820205,Correctly Tracked,/root/vast/mustafa/dreem-experiments/paper-plots/uncertainty-animals/no-post-processing-no-weight-iou-entropies/20200111_USVpairs_court1_M1_F1_top-01112020145828-0000@0-2560_frame_meta_entropy_histogram.csv,Mice-hc,20200111_USVpairs_court1,Mice
1457.0,0.0043557790697276,Correctly Tracked,/root/vast/mustafa/dreem-experiments/paper-plots/uncertainty-animals/no-post-processing-no-weight-iou-entropies/20200111_USVpairs_court1_M1_F1_top-01112020145828-0000@0-2560_frame_meta_entropy_histogram.csv,Mice-hc,20200111_USVpairs_court1,Mice
1458.0,0.0043545906427378,Correctly Tracked,/root/vast/mustafa/dreem-experiments/paper-plots/uncertainty-animals/no-post-processing-no-weight-iou-entropies/20200111_USVpairs_court1_M1_F1_top-01112020145828-0000@0-2560_frame_meta_entropy_histogram.csv,Mice-hc,20200111_USVpairs_court1,Mice
1459.0,0.0043545127130991,Correctly Tracked,/root/vast/mustafa/dreem-experiments/paper-plots/uncertainty-animals/no-post-processing-no-weight-iou-entropies/20200111_USVpairs_court1_M1_F1_top-01112020145828-0000@0-2560_frame_meta_entropy_histogram.csv,Mice-hc,20200111_USVpairs_court1,Mice
146.0,0.0120546805194568,Correctly Tracked,/root/vast/mustafa/dreem-experiments/paper-plots/uncertainty-animals/no-post-processing-no-weight-iou-entropies/20200111_USVpairs_court1_M1_F1_top-01112020145828-0000@0-2560_frame_meta_entropy_histogram.csv,Mice-hc,20200111_USVpairs_court1,Mice
1460.0,0.0043544757637015,Correctly Tracked,/root/vast/mustafa/dreem-experiments/paper-plots/uncertainty-animals/no-post-processing-no-weight-iou-entropies/20200111_USVpairs_court1_M1_F1_top-01112020145828-0000@0-2560_frame_meta_entropy_histogram.csv,Mice-hc,20200111_USVpairs_court1,Mice
1461.0,0.0043544559453882,Correctly Tracked,/root/vast/mustafa/dreem-experiments/paper-plots/uncertainty-animals/no-post-processing-no-weight-iou-entropies/20200111_USVpairs_court1_M1_F1_top-01112020145828-0000@0-2560_frame_meta_entropy_histogram.csv,Mice-hc,20200111_USVpairs_court1,Mice
1462.0,0.0043544451964725,Correctly Tracked,/root/vast/mustafa/dreem-experiments/paper-plots/uncertainty-animals/no-post-processing-no-weight-iou-entropies/20200111_USVpairs_court1_M1_F1_top-01112020145828-0000@0-2560_frame_meta_entropy_histogram.csv,Mice-hc,20200111_USVpairs_court1,Mice
1463.0,0.0043544193318942,Correctly Tracked,/root/vast/mustafa/dreem-experiments/paper-plots/uncertainty-animals/no-post-processing-no-weight-iou-entropies/20200111_USVpairs_court1_M1_F1_top-01112020145828-0000@0-2560_frame_meta_entropy_histogram.csv,Mice-hc,20200111_USVpairs_court1,Mice
1464.0,0.0043543911159905,Correctly Tracked,/root/vast/mustafa/dreem-experiments/paper-plots/uncertainty-animals/no-post-processing-no-weight-iou-entropies/20200111_USVpairs_court1_M1_F1_top-01112020145828-0000@0-2560_frame_meta_entropy_histogram.csv,Mice-hc,20200111_USVpairs_court1,Mice
1465.0,0.0043543672668339,Correctly Tracked,/root/vast/mustafa/dreem-experiments/paper-plots/uncertainty-animals/no-post-processing-no-weight-iou-entropies/20200111_USVpairs_court1_M1_F1_top-01112020145828-0000@0-2560_frame_meta_entropy_histogram.csv,Mice-hc,20200111_USVpairs_court1,Mice
1466.0,0.0043543622282796,Correctly Tracked,/root/vast/mustafa/dreem-experiments/paper-plots/uncertainty-animals/no-post-processing-no-weight-iou-entropies/20200111_USVpairs_court1_M1_F1_top-01112020145828-0000@0-2560_frame_meta_entropy_histogram.csv,Mice-hc,20200111_USVpairs_court1,Mice
1467.0,0.004354347112617,Correctly Tracked,/root/vast/mustafa/dreem-experiments/paper-plots/uncertainty-animals/no-post-processing-no-weight-iou-entropies/20200111_USVpairs_court1_M1_F1_top-01112020145828-0000@0-2560_frame_meta_entropy_histogram.csv,Mice-hc,20200111_USVpairs_court1,Mice
1468.0,0.0043543397227374,Correctly Tracked,/root/vast/mustafa/dreem-experiments/paper-plots/uncertainty-animals/no-post-processing-no-weight-iou-entropies/20200111_USVpairs_court1_M1_F1_top-01112020145828-0000@0-2560_frame_meta_entropy_histogram.csv,Mice-hc,20200111_USVpairs_court1,Mice
1469.0,0.0043543363637013,Correctly Tracked,/root/vast/mustafa/dreem-experiments/paper-plots/uncertainty-animals/no-post-processing-no-weight-iou-entropies/20200111_USVpairs_court1_M1_F1_top-01112020145828-0000@0-2560_frame_meta_entropy_histogram.csv,Mice-hc,20200111_USVpairs_court1,Mice
147.0,0.0119984757829861,Correctly Tracked,/root/vast/mustafa/dreem-experiments/paper-plots/uncertainty-animals/no-post-processing-no-weight-iou-entropies/20200111_USVpairs_court1_M1_F1_top-01112020145828-0000@0-2560_frame_meta_entropy_histogram.csv,Mice-hc,20200111_USVpairs_court1,Mice
1470.0,0.0043543350200868,Correctly Tracked,/root/vast/mustafa/dreem-experiments/paper-plots/uncertainty-animals/no-post-processing-no-weight-iou-entropies/20200111_USVpairs_court1_M1_F1_top-01112020145828-0000@0-2560_frame_meta_entropy_histogram.csv,Mice-hc,20200111_USVpairs_court1,Mice
1471.0,0.0043543343482796,Correctly Tracked,/root/vast/mustafa/dreem-experiments/paper-plots/uncertainty-animals/no-post-processing-no-weight-iou-entropies/20200111_USVpairs_court1_M1_F1_top-01112020145828-0000@0-2560_frame_meta_entropy_histogram.csv,Mice-hc,20200111_USVpairs_court1,Mice
1472.0,0.0043543326687615,Correctly Tracked,/root/vast/mustafa/dreem-experiments/paper-plots/uncertainty-animals/no-post-processing-no-weight-iou-entropies/20200111_USVpairs_court1_M1_F1_top-01112020145828-0000@0-2560_frame_meta_entropy_histogram.csv,Mice-hc,20200111_USVpairs_court1,Mice
1473.0,0.0043543326687615,Correctly Tracked,/root/vast/mustafa/dreem-experiments/paper-plots/uncertainty-animals/no-post-processing-no-weight-iou-entropies/20200111_USVpairs_court1_M1_F1_top-01112020145828-0000@0-2560_frame_meta_entropy_histogram.csv,Mice-hc,20200111_USVpairs_court1,Mice
1474.0,0.0043543326687615,Correctly Tracked,/root/vast/mustafa/dreem-experiments/paper-plots/uncertainty-animals/no-post-processing-no-weight-iou-entropies/20200111_USVpairs_court1_M1_F1_top-01112020145828-0000@0-2560_frame_meta_entropy_histogram.csv,Mice-hc,20200111_USVpairs_court1,Mice
1475.0,0.0043543326687615,Correctly Tracked,/root/vast/mustafa/dreem-experiments/paper-plots/uncertainty-animals/no-post-processing-no-weight-iou-entropies/20200111_USVpairs_court1_M1_F1_top-01112020145828-0000@0-2560_frame_meta_entropy_histogram.csv,Mice-hc,20200111_USVpairs_court1,Mice
1476.0,0.0043543326687615,Correctly Tracked,/root/vast/mustafa/dreem-experiments/paper-plots/uncertainty-animals/no-post-processing-no-weight-iou-entropies/20200111_USVpairs_court1_M1_F1_top-01112020145828-0000@0-2560_frame_meta_entropy_histogram.csv,Mice-hc,20200111_USVpairs_court1,Mice
1477.0,0.0043543326687615,Correctly Tracked,/root/vast/mustafa/dreem-experiments/paper-plots/uncertainty-animals/no-post-processing-no-weight-iou-entropies/20200111_USVpairs_court1_M1_F1_top-01112020145828-0000@0-2560_frame_meta_entropy_histogram.csv,Mice-hc,20200111_USVpairs_court1,Mice
1478.0,0.0043543326687615,Correctly Tracked,/root/vast/mustafa/dreem-experiments/paper-plots/uncertainty-animals/no-post-processing-no-weight-iou-entropies/20200111_USVpairs_court1_M1_F1_top-01112020145828-0000@0-2560_frame_meta_entropy_histogram.csv,Mice-hc,20200111_USVpairs_court1,Mice
1479.0,0.0043543326687615,Correctly Tracked,/root/vast/mustafa/dreem-experiments/paper-plots/uncertainty-animals/no-post-processing-no-weight-iou-entropies/20200111_USVpairs_court1_M1_F1_top-01112020145828-0000@0-2560_frame_meta_entropy_histogram.csv,Mice-hc,20200111_USVpairs_court1,Mice
148.0,0.0136157294201336,Correctly Tracked,/root/vast/mustafa/dreem-experiments/paper-plots/uncertainty-animals/no-post-processing-no-weight-iou-entropies/20200111_USVpairs_court1_M1_F1_top-01112020145828-0000@0-2560_frame_meta_entropy_histogram.csv,Mice-hc,20200111_USVpairs_court1,Mice
1480.0,0.0043543326687615,Correctly Tracked,/root/vast/mustafa/dreem-experiments/paper-plots/uncertainty-animals/no-post-processing-no-weight-iou-entropies/20200111_USVpairs_court1_M1_F1_top-01112020145828-0000@0-2560_frame_meta_entropy_histogram.csv,Mice-hc,20200111_USVpairs_court1,Mice
1481.0,0.0043543326687615,Correctly Tracked,/root/vast/mustafa/dreem-experiments/paper-plots/uncertainty-animals/no-post-processing-no-weight-iou-entropies/20200111_USVpairs_court1_M1_F1_top-01112020145828-0000@0-2560_frame_meta_entropy_histogram.csv,Mice-hc,20200111_USVpairs_court1,Mice
1482.0,0.0043543326687615,Correctly Tracked,/root/vast/mustafa/dreem-experiments/paper-plots/uncertainty-animals/no-post-processing-no-weight-iou-entropies/20200111_USVpairs_court1_M1_F1_top-01112020145828-0000@0-2560_frame_meta_entropy_histogram.csv,Mice-hc,20200111_USVpairs_court1,Mice
1483.0,0.0043543326687615,Correctly Tracked,/root/vast/mustafa/dreem-experiments/paper-plots/uncertainty-animals/no-post-processing-no-weight-iou-entropies/20200111_USVpairs_court1_M1_F1_top-01112020145828-0000@0-2560_frame_meta_entropy_histogram.csv,Mice-hc,20200111_USVpairs_court1,Mice
1484.0,0.0043543326687615,Correctly Tracked,/root/vast/mustafa/dreem-experiments/paper-plots/uncertainty-animals/no-post-processing-no-weight-iou-entropies/20200111_USVpairs_court1_M1_F1_top-01112020145828-0000@0-2560_frame_meta_entropy_histogram.csv,Mice-hc,20200111_USVpairs_court1,Mice
1485.0,0.0043543326687615,Correctly Tracked,/root/vast/mustafa/dreem-experiments/paper-plots/uncertainty-animals/no-post-processing-no-weight-iou-entropies/20200111_USVpairs_court1_M1_F1_top-01112020145828-0000@0-2560_frame_meta_entropy_histogram.csv,Mice-hc,20200111_USVpairs_court1,Mice
1486.0,0.0043543333405688,Correctly Tracked,/root/vast/mustafa/dreem-experiments/paper-plots/uncertainty-animals/no-post-processing-no-weight-iou-entropies/20200111_USVpairs_court1_M1_F1_top-01112020145828-0000@0-2560_frame_meta_entropy_histogram.csv,Mice-hc,20200111_USVpairs_court1,Mice
1487.0,0.0043543397227374,Correctly Tracked,/root/vast/mustafa/dreem-experiments/paper-plots/uncertainty-animals/no-post-processing-no-weight-iou-entropies/20200111_USVpairs_court1_M1_F1_top-01112020145828-0000@0-2560_frame_meta_entropy_histogram.csv,Mice-hc,20200111_USVpairs_court1,Mice
1488.0,0.004354347112617,Correctly Tracked,/root/vast/mustafa/dreem-experiments/paper-plots/uncertainty-animals/no-post-processing-no-weight-iou-entropies/20200111_USVpairs_court1_M1_F1_top-01112020145828-0000@0-2560_frame_meta_entropy_histogram.csv,Mice-hc,20200111_USVpairs_court1,Mice
1489.0,0.0043543712976772,Correctly Tracked,/root/vast/mustafa/dreem-experiments/paper-plots/uncertainty-animals/no-post-processing-no-weight-iou-entropies/20200111_USVpairs_court1_M1_F1_top-01112020145828-0000@0-2560_frame_meta_entropy_histogram.csv,Mice-hc,20200111_USVpairs_court1,Mice
149.0,0.0226940486242405,Correctly Tracked,/root/vast/mustafa/dreem-experiments/paper-plots/uncertainty-animals/no-post-processing-no-weight-iou-entropies/20200111_USVpairs_court1_M1_F1_top-01112020145828-0000@0-2560_frame_meta_entropy_histogram.csv,Mice-hc,20200111_USVpairs_court1,Mice
1490.0,0.0043544233627376,Correctly Tracked,/root/vast/mustafa/dreem-experiments/paper-plots/uncertainty-animals/no-post-processing-no-weight-iou-entropies/20200111_USVpairs_court1_M1_F1_top-01112020145828-0000@0-2560_frame_meta_entropy_histogram.csv,Mice-hc,20200111_USVpairs_court1,Mice
1491.0,0.0043544404938219,Correctly Tracked,/root/vast/mustafa/dreem-experiments/paper-plots/uncertainty-animals/no-post-processing-no-weight-iou-entropies/20200111_USVpairs_court1_M1_F1_top-01112020145828-0000@0-2560_frame_meta_entropy_histogram.csv,Mice-hc,20200111_USVpairs_court1,Mice
1492.0,0.0043544734123762,Correctly Tracked,/root/vast/mustafa/dreem-experiments/paper-plots/uncertainty-animals/no-post-processing-no-weight-iou-entropies/20200111_USVpairs_court1_M1_F1_top-01112020145828-0000@0-2560_frame_meta_entropy_histogram.csv,Mice-hc,20200111_USVpairs_court1,Mice
1493.0,0.0043544764355087,Correctly Tracked,/root/vast/mustafa/dreem-experiments/paper-plots/uncertainty-animals/no-post-processing-no-weight-iou-entropies/20200111_USVpairs_court1_M1_F1_top-01112020145828-0000@0-2560_frame_meta_entropy_histogram.csv,Mice-hc,20200111_USVpairs_court1,Mice
1494.0,0.0043544556094846,Correctly Tracked,/root/vast/mustafa/dreem-experiments/paper-plots/uncertainty-animals/no-post-processing-no-weight-iou-entropies/20200111_USVpairs_court1_M1_F1_top-01112020145828-0000@0-2560_frame_meta_entropy_histogram.csv,Mice-hc,20200111_USVpairs_court1,Mice
1495.0,0.0043544095906893,Correctly Tracked,/root/vast/mustafa/dreem-experiments/paper-plots/uncertainty-animals/no-post-processing-no-weight-iou-entropies/20200111_USVpairs_court1_M1_F1_top-01112020145828-0000@0-2560_frame_meta_entropy_histogram.csv,Mice-hc,20200111_USVpairs_court1,Mice
1496.0,0.0043543847338218,Correctly Tracked,/root/vast/mustafa/dreem-experiments/paper-plots/uncertainty-animals/no-post-processing-no-weight-iou-entropies/20200111_USVpairs_court1_M1_F1_top-01112020145828-0000@0-2560_frame_meta_entropy_histogram.csv,Mice-hc,20200111_USVpairs_court1,Mice
1497.0,0.0043543790234604,Correctly Tracked,/root/vast/mustafa/dreem-experiments/paper-plots/uncertainty-animals/no-post-processing-no-weight-iou-entropies/20200111_USVpairs_court1_M1_F1_top-01112020145828-0000@0-2560_frame_meta_entropy_histogram.csv,Mice-hc,20200111_USVpairs_court1,Mice
1498.0,0.0043543823824965,Correctly Tracked,/root/vast/mustafa/dreem-experiments/paper-plots/uncertainty-animals/no-post-processing-no-weight-iou-entropies/20200111_USVpairs_court1_M1_F1_top-01112020145828-0000@0-2560_frame_meta_entropy_histogram.csv,Mice-hc,20200111_USVpairs_court1,Mice
1499.0,0.0043543605487616,Correctly Tracked,/root/vast/mustafa/dreem-experiments/paper-plots/uncertainty-animals/no-post-processing-no-weight-iou-entropies/20200111_USVpairs_court1_M1_F1_top-01112020145828-0000@0-2560_frame_meta_entropy_histogram.csv,Mice-hc,20200111_USVpairs_court1,Mice
15.0,0.1143570152285696,Correctly Tracked,/root/vast/mustafa/dreem-experiments/paper-plots/uncertainty-animals/no-post-processing-no-weight-iou-entropies/20200111_USVpairs_court1_M1_F1_top-01112020145828-0000@0-2560_frame_meta_entropy_histogram.csv,Mice-hc,20200111_USVpairs_court1,Mice
150.0,0.0250351570846527,Correctly Tracked,/root/vast/mustafa/dreem-experiments/paper-plots/uncertainty-animals/no-post-processing-no-weight-iou-entropies/20200111_USVpairs_court1_M1_F1_top-01112020145828-0000@0-2560_frame_meta_entropy_histogram.csv,Mice-hc,20200111_USVpairs_court1,Mice
1500.0,0.0043543736490025,Correctly Tracked,/root/vast/mustafa/dreem-experiments/paper-plots/uncertainty-animals/no-post-processing-no-weight-iou-entropies/20200111_USVpairs_court1_M1_F1_top-01112020145828-0000@0-2560_frame_meta_entropy_histogram.csv,Mice-hc,20200111_USVpairs_court1,Mice
1501.0,0.0043543921237014,Correctly Tracked,/root/vast/mustafa/dreem-experiments/paper-plots/uncertainty-animals/no-post-processing-no-weight-iou-entropies/20200111_USVpairs_court1_M1_F1_top-01112020145828-0000@0-2560_frame_meta_entropy_histogram.csv,Mice-hc,20200111_USVpairs_court1,Mice
1502.0,0.0043543854056291,Correctly Tracked,/root/vast/mustafa/dreem-experiments/paper-plots/uncertainty-animals/no-post-processing-no-weight-iou-entropies/20200111_USVpairs_court1_M1_F1_top-01112020145828-0000@0-2560_frame_meta_entropy_histogram.csv,Mice-hc,20200111_USVpairs_court1,Mice
1503.0,0.0043543807029785,Correctly Tracked,/root/vast/mustafa/dreem-experiments/paper-plots/uncertainty-animals/no-post-processing-no-weight-iou-entropies/20200111_USVpairs_court1_M1_F1_top-01112020145828-0000@0-2560_frame_meta_entropy_histogram.csv,Mice-hc,20200111_USVpairs_court1,Mice
1504.0,0.004354405559846,Correctly Tracked,/root/vast/mustafa/dreem-experiments/paper-plots/uncertainty-animals/no-post-processing-no-weight-iou-entropies/20200111_USVpairs_court1_M1_F1_top-01112020145828-0000@0-2560_frame_meta_entropy_histogram.csv,Mice-hc,20200111_USVpairs_court1,Mice
1505.0,0.0043544492273159,Correctly Tracked,/root/vast/mustafa/dreem-experiments/paper-plots/uncertainty-animals/no-post-processing-no-weight-iou-entropies/20200111_USVpairs_court1_M1_F1_top-01112020145828-0000@0-2560_frame_meta_entropy_histogram.csv,Mice-hc,20200111_USVpairs_court1,Mice
1506.0,0.0043545654499667,Correctly Tracked,/root/vast/mustafa/dreem-experiments/paper-plots/uncertainty-animals/no-post-processing-no-weight-iou-entropies/20200111_USVpairs_court1_M1_F1_top-01112020145828-0000@0-2560_frame_meta_entropy_histogram.csv,Mice-hc,20200111_USVpairs_court1,Mice
1507.0,0.0043549789473167,Correctly Tracked,/root/vast/mustafa/dreem-experiments/paper-plots/uncertainty-animals/no-post-processing-no-weight-iou-entropies/20200111_USVpairs_court1_M1_F1_top-01112020145828-0000@0-2560_frame_meta_entropy_histogram.csv,Mice-hc,20200111_USVpairs_court1,Mice
1508.0,0.0043554411506909,Correctly Tracked,/root/vast/mustafa/dreem-experiments/paper-plots/uncertainty-animals/no-post-processing-no-weight-iou-entropies/20200111_USVpairs_court1_M1_F1_top-01112020145828-0000@0-2560_frame_meta_entropy_histogram.csv,Mice-hc,20200111_USVpairs_court1,Mice
1509.0,0.0043568237299701,Correctly Tracked,/root/vast/mustafa/dreem-experiments/paper-plots/uncertainty-animals/no-post-processing-no-weight-iou-entropies/20200111_USVpairs_court1_M1_F1_top-01112020145828-0000@0-2560_frame_meta_entropy_histogram.csv,Mice-hc,20200111_USVpairs_court1,Mice
151.0,0.0266656654784467,Correctly Tracked,/root/vast/mustafa/dreem-experiments/paper-plots/uncertainty-animals/no-post-processing-no-weight-iou-entropies/20200111_USVpairs_court1_M1_F1_top-01112020145828-0000@0-2560_frame_meta_entropy_histogram.csv,Mice-hc,20200111_USVpairs_court1,Mice
1510.0,0.0043598730629868,Correctly Tracked,/root/vast/mustafa/dreem-experiments/paper-plots/uncertainty-animals/no-post-processing-no-weight-iou-entropies/20200111_USVpairs_court1_M1_F1_top-01112020145828-0000@0-2560_frame_meta_entropy_histogram.csv,Mice-hc,20200111_USVpairs_court1,Mice
1511.0,0.0043655679728749,Correctly Tracked,/root/vast/mustafa/dreem-experiments/paper-plots/uncertainty-animals/no-post-processing-no-weight-iou-entropies/20200111_USVpairs_court1_M1_F1_top-01112020145828-0000@0-2560_frame_meta_entropy_histogram.csv,Mice-hc,20200111_USVpairs_court1,Mice
1512.0,0.0043730881830068,Correctly Tracked,/root/vast/mustafa/dreem-experiments/paper-plots/uncertainty-animals/no-post-processing-no-weight-iou-entropies/20200111_USVpairs_court1_M1_F1_top-01112020145828-0000@0-2560_frame_meta_entropy_histogram.csv,Mice-hc,20200111_USVpairs_court1,Mice
1513.0,0.0043873640866429,Correctly Tracked,/root/vast/mustafa/dreem-experiments/paper-plots/uncertainty-animals/no-post-processing-no-weight-iou-entropies/20200111_USVpairs_court1_M1_F1_top-01112020145828-0000@0-2560_frame_meta_entropy_histogram.csv,Mice-hc,20200111_USVpairs_court1,Mice
1514.0,0.0043969541348502,Correctly Tracked,/root/vast/mustafa/dreem-experiments/paper-plots/uncertainty-animals/no-post-processing-no-weight-iou-entropies/20200111_USVpairs_court1_M1_F1_top-01112020145828-0000@0-2560_frame_meta_entropy_histogram.csv,Mice-hc,20200111_USVpairs_court1,Mice
1515.0,0.0044187952597025,Correctly Tracked,/root/vast/mustafa/dreem-experiments/paper-plots/uncertainty-animals/no-post-processing-no-weight-iou-entropies/20200111_USVpairs_court1_M1_F1_top-01112020145828-0000@0-2560_frame_meta_entropy_histogram.csv,Mice-hc,20200111_USVpairs_court1,Mice
1516.0,0.0044292663830918,Correctly Tracked,/root/vast/mustafa/dreem-experiments/paper-plots/uncertainty-animals/no-post-processing-no-weight-iou-entropies/20200111_USVpairs_court1_M1_F1_top-01112020145828-0000@0-2560_frame_meta_entropy_histogram.csv,Mice-hc,20200111_USVpairs_court1,Mice
1517.0,0.004418321971509,Correctly Tracked,/root/vast/mustafa/dreem-experiments/paper-plots/uncertainty-animals/no-post-processing-no-weight-iou-entropies/20200111_USVpairs_court1_M1_F1_top-01112020145828-0000@0-2560_frame_meta_entropy_histogram.csv,Mice-hc,20200111_USVpairs_court1,Mice
1518.0,0.0044163082293373,Correctly Tracked,/root/vast/mustafa/dreem-experiments/paper-plots/uncertainty-animals/no-post-processing-no-weight-iou-entropies/20200111_USVpairs_court1_M1_F1_top-01112020145828-0000@0-2560_frame_meta_entropy_histogram.csv,Mice-hc,20200111_USVpairs_court1,Mice
1519.0,0.004416916550784,Correctly Tracked,/root/vast/mustafa/dreem-experiments/paper-plots/uncertainty-animals/no-post-processing-no-weight-iou-entropies/20200111_USVpairs_court1_M1_F1_top-01112020145828-0000@0-2560_frame_meta_entropy_histogram.csv,Mice-hc,20200111_USVpairs_court1,Mice
152.0,0.0313618640513404,Correctly Tracked,/root/vast/mustafa/dreem-experiments/paper-plots/uncertainty-animals/no-post-processing-no-weight-iou-entropies/20200111_USVpairs_court1_M1_F1_top-01112020145828-0000@0-2560_frame_meta_entropy_histogram.csv,Mice-hc,20200111_USVpairs_court1,Mice
1520.0,0.004427465603812,Correctly Tracked,/root/vast/mustafa/dreem-experiments/paper-plots/uncertainty-animals/no-post-processing-no-weight-iou-entropies/20200111_USVpairs_court1_M1_F1_top-01112020145828-0000@0-2560_frame_meta_entropy_histogram.csv,Mice-hc,20200111_USVpairs_court1,Mice
1521.0,0.0044294968129717,Correctly Tracked,/root/vast/mustafa/dreem-experiments/paper-plots/uncertainty-animals/no-post-processing-no-weight-iou-entropies/20200111_USVpairs_court1_M1_F1_top-01112020145828-0000@0-2560_frame_meta_entropy_histogram.csv,Mice-hc,20200111_USVpairs_court1,Mice
1522.0,0.0044419081156411,Correctly Tracked,/root/vast/mustafa/dreem-experiments/paper-plots/uncertainty-animals/no-post-processing-no-weight-iou-entropies/20200111_USVpairs_court1_M1_F1_top-01112020145828-0000@0-2560_frame_meta_entropy_histogram.csv,Mice-hc,20200111_USVpairs_court1,Mice
1523.0,0.0044593593161495,Correctly Tracked,/root/vast/mustafa/dreem-experiments/paper-plots/uncertainty-animals/no-post-processing-no-weight-iou-entropies/20200111_USVpairs_court1_M1_F1_top-01112020145828-0000@0-2560_frame_meta_entropy_histogram.csv,Mice-hc,20200111_USVpairs_court1,Mice
1524.0,0.0044771672462969,Correctly Tracked,/root/vast/mustafa/dreem-experiments/paper-plots/uncertainty-animals/no-post-processing-no-weight-iou-entropies/20200111_USVpairs_court1_M1_F1_top-01112020145828-0000@0-2560_frame_meta_entropy_histogram.csv,Mice-hc,20200111_USVpairs_court1,Mice
1525.0,0.004502082896937,Correctly Tracked,/root/vast/mustafa/dreem-experiments/paper-plots/uncertainty-animals/no-post-processing-no-weight-iou-entropies/20200111_USVpairs_court1_M1_F1_top-01112020145828-0000@0-2560_frame_meta_entropy_histogram.csv,Mice-hc,20200111_USVpairs_court1,Mice
1526.0,0.0045379207895214,Correctly Tracked,/root/vast/mustafa/dreem-experiments/paper-plots/uncertainty-animals/no-post-processing-no-weight-iou-entropies/20200111_USVpairs_court1_M1_F1_top-01112020145828-0000@0-2560_frame_meta_entropy_histogram.csv,Mice-hc,20200111_USVpairs_court1,Mice
1527.0,0.0046079009332418,Correctly Tracked,/root/vast/mustafa/dreem-experiments/paper-plots/uncertainty-animals/no-post-processing-no-weight-iou-entropies/20200111_USVpairs_court1_M1_F1_top-01112020145828-0000@0-2560_frame_meta_entropy_histogram.csv,Mice-hc,20200111_USVpairs_court1,Mice
1528.0,0.0047056616495344,Correctly Tracked,/root/vast/mustafa/dreem-experiments/paper-plots/uncertainty-animals/no-post-processing-no-weight-iou-entropies/20200111_USVpairs_court1_M1_F1_top-01112020145828-0000@0-2560_frame_meta_entropy_histogram.csv,Mice-hc,20200111_USVpairs_court1,Mice
1529.0,0.0048501032271025,Correctly Tracked,/root/vast/mustafa/dreem-experiments/paper-plots/uncertainty-animals/no-post-processing-no-weight-iou-entropies/20200111_USVpairs_court1_M1_F1_top-01112020145828-0000@0-2560_frame_meta_entropy_histogram.csv,Mice-hc,20200111_USVpairs_court1,Mice
153.0,0.0364723177728131,Correctly Tracked,/root/vast/mustafa/dreem-experiments/paper-plots/uncertainty-animals/no-post-processing-no-weight-iou-entropies/20200111_USVpairs_court1_M1_F1_top-01112020145828-0000@0-2560_frame_meta_entropy_histogram.csv,Mice-hc,20200111_USVpairs_court1,Mice
1530.0,0.0050100124943326,Correctly Tracked,/root/vast/mustafa/dreem-experiments/paper-plots/uncertainty-animals/no-post-processing-no-weight-iou-entropies/20200111_USVpairs_court1_M1_F1_top-01112020145828-0000@0-2560_frame_meta_entropy_histogram.csv,Mice-hc,20200111_USVpairs_court1,Mice
1531.0,0.0052532443327732,Correctly Tracked,/root/vast/mustafa/dreem-experiments/paper-plots/uncertainty-animals/no-post-processing-no-weight-iou-entropies/20200111_USVpairs_court1_M1_F1_top-01112020145828-0000@0-2560_frame_meta_entropy_histogram.csv,Mice-hc,20200111_USVpairs_court1,Mice
1532.0,0.0058788453332385,Correctly Tracked,/root/vast/mustafa/dreem-experiments/paper-plots/uncertainty-animals/no-post-processing-no-weight-iou-entropies/20200111_USVpairs_court1_M1_F1_top-01112020145828-0000@0-2560_frame_meta_entropy_histogram.csv,Mice-hc,20200111_USVpairs_court1,Mice
1533.0,0.0066138487974839,Correctly Tracked,/root/vast/mustafa/dreem-experiments/paper-plots/uncertainty-animals/no-post-processing-no-weight-iou-entropies/20200111_USVpairs_court1_M1_F1_top-01112020145828-0000@0-2560_frame_meta_entropy_histogram.csv,Mice-hc,20200111_USVpairs_court1,Mice
1534.0,0.0083778069948535,Correctly Tracked,/root/vast/mustafa/dreem-experiments/paper-plots/uncertainty-animals/no-post-processing-no-weight-iou-entropies/20200111_USVpairs_court1_M1_F1_top-01112020145828-0000@0-2560_frame_meta_entropy_histogram.csv,Mice-hc,20200111_USVpairs_court1,Mice
1535.0,0.0119621122012443,Correctly Tracked,/root/vast/mustafa/dreem-experiments/paper-plots/uncertainty-animals/no-post-processing-no-weight-iou-entropies/20200111_USVpairs_court1_M1_F1_top-01112020145828-0000@0-2560_frame_meta_entropy_histogram.csv,Mice-hc,20200111_USVpairs_court1,Mice
1536.0,0.015570194009117,Correctly Tracked,/root/vast/mustafa/dreem-experiments/paper-plots/uncertainty-animals/no-post-processing-no-weight-iou-entropies/20200111_USVpairs_court1_M1_F1_top-01112020145828-0000@0-2560_frame_meta_entropy_histogram.csv,Mice-hc,20200111_USVpairs_court1,Mice
1537.0,0.0207105861479844,Correctly Tracked,/root/vast/mustafa/dreem-experiments/paper-plots/uncertainty-animals/no-post-processing-no-weight-iou-entropies/20200111_USVpairs_court1_M1_F1_top-01112020145828-0000@0-2560_frame_meta_entropy_histogram.csv,Mice-hc,20200111_USVpairs_court1,Mice
1538.0,0.0281237988859557,Correctly Tracked,/root/vast/mustafa/dreem-experiments/paper-plots/uncertainty-animals/no-post-processing-no-weight-iou-entropies/20200111_USVpairs_court1_M1_F1_top-01112020145828-0000@0-2560_frame_meta_entropy_histogram.csv,Mice-hc,20200111_USVpairs_court1,Mice
1539.0,0.0356699085301524,Correctly Tracked,/root/vast/mustafa/dreem-experiments/paper-plots/uncertainty-animals/no-post-processing-no-weight-iou-entropies/20200111_USVpairs_court1_M1_F1_top-01112020145828-0000@0-2560_frame_meta_entropy_histogram.csv,Mice-hc,20200111_USVpairs_court1,Mice
154.0,0.0244909126115395,Correctly Tracked,/root/vast/mustafa/dreem-experiments/paper-plots/uncertainty-animals/no-post-processing-no-weight-iou-entropies/20200111_USVpairs_court1_M1_F1_top-01112020145828-0000@0-2560_frame_meta_entropy_histogram.csv,Mice-hc,20200111_USVpairs_court1,Mice
1540.0,0.03913485643323,Correctly Tracked,/root/vast/mustafa/dreem-experiments/paper-plots/uncertainty-animals/no-post-processing-no-weight-iou-entropies/20200111_USVpairs_court1_M1_F1_top-01112020145828-0000@0-2560_frame_meta_entropy_histogram.csv,Mice-hc,20200111_USVpairs_court1,Mice
1541.0,0.0360265011205718,Correctly Tracked,/root/vast/mustafa/dreem-experiments/paper-plots/uncertainty-animals/no-post-processing-no-weight-iou-entropies/20200111_USVpairs_court1_M1_F1_top-01112020145828-0000@0-2560_frame_meta_entropy_histogram.csv,Mice-hc,20200111_USVpairs_court1,Mice
1542.0,0.0468604675948068,Correctly Tracked,/root/vast/mustafa/dreem-experiments/paper-plots/uncertainty-animals/no-post-processing-no-weight-iou-entropies/20200111_USVpairs_court1_M1_F1_top-01112020145828-0000@0-2560_frame_meta_entropy_histogram.csv,Mice-hc,20200111_USVpairs_court1,Mice
1543.0,0.0424948331130161,Correctly Tracked,/root/vast/mustafa/dreem-experiments/paper-plots/uncertainty-animals/no-post-processing-no-weight-iou-entropies/20200111_USVpairs_court1_M1_F1_top-01112020145828-0000@0-2560_frame_meta_entropy_histogram.csv,Mice-hc,20200111_USVpairs_court1,Mice
1544.0,0.0462937740112982,Correctly Tracked,/root/vast/mustafa/dreem-experiments/paper-plots/uncertainty-animals/no-post-processing-no-weight-iou-entropies/20200111_USVpairs_court1_M1_F1_top-01112020145828-0000@0-2560_frame_meta_entropy_histogram.csv,Mice-hc,20200111_USVpairs_court1,Mice
1545.0,0.0501636093829406,Correctly Tracked,/root/vast/mustafa/dreem-experiments/paper-plots/uncertainty-animals/no-post-processing-no-weight-iou-entropies/20200111_USVpairs_court1_M1_F1_top-01112020145828-0000@0-2560_frame_meta_entropy_histogram.csv,Mice-hc,20200111_USVpairs_court1,Mice
1546.0,0.0423490025740001,Correctly Tracked,/root/vast/mustafa/dreem-experiments/paper-plots/uncertainty-animals/no-post-processing-no-weight-iou-entropies/20200111_USVpairs_court1_M1_F1_top-01112020145828-0000@0-2560_frame_meta_entropy_histogram.csv,Mice-hc,20200111_USVpairs_court1,Mice
1547.0,0.0542181165004049,Correctly Tracked,/root/vast/mustafa/dreem-experiments/paper-plots/uncertainty-animals/no-post-processing-no-weight-iou-entropies/20200111_USVpairs_court1_M1_F1_top-01112020145828-0000@0-2560_frame_meta_entropy_histogram.csv,Mice-hc,20200111_USVpairs_court1,Mice
1548.0,0.078124586381421,Correctly Tracked,/root/vast/mustafa/dreem-experiments/paper-plots/uncertainty-animals/no-post-processing-no-weight-iou-entropies/20200111_USVpairs_court1_M1_F1_top-01112020145828-0000@0-2560_frame_meta_entropy_histogram.csv,Mice-hc,20200111_USVpairs_court1,Mice
1549.0,0.4791326584141296,Correctly Tracked,/root/vast/mustafa/dreem-experiments/paper-plots/uncertainty-animals/no-post-processing-no-weight-iou-entropies/20200111_USVpairs_court1_M1_F1_top-01112020145828-0000@0-2560_frame_meta_entropy_histogram.csv,Mice-hc,20200111_USVpairs_court1,Mice
155.0,0.0284107788112095,Correctly Tracked,/root/vast/mustafa/dreem-experiments/paper-plots/uncertainty-animals/no-post-processing-no-weight-iou-entropies/20200111_USVpairs_court1_M1_F1_top-01112020145828-0000@0-2560_frame_meta_entropy_histogram.csv,Mice-hc,20200111_USVpairs_court1,Mice
1550.0,0.5216941079320659,Correctly Tracked,/root/vast/mustafa/dreem-experiments/paper-plots/uncertainty-animals/no-post-processing-no-weight-iou-entropies/20200111_USVpairs_court1_M1_F1_top-01112020145828-0000@0-2560_frame_meta_entropy_histogram.csv,Mice-hc,20200111_USVpairs_court1,Mice
1551.0,0.5579852849778578,Correctly Tracked,/root/vast/mustafa/dreem-experiments/paper-plots/uncertainty-animals/no-post-processing-no-weight-iou-entropies/20200111_USVpairs_court1_M1_F1_top-01112020145828-0000@0-2560_frame_meta_entropy_histogram.csv,Mice-hc,20200111_USVpairs_court1,Mice
1552.0,0.6146302217922986,Correctly Tracked,/root/vast/mustafa/dreem-experiments/paper-plots/uncertainty-animals/no-post-processing-no-weight-iou-entropies/20200111_USVpairs_court1_M1_F1_top-01112020145828-0000@0-2560_frame_meta_entropy_histogram.csv,Mice-hc,20200111_USVpairs_court1,Mice
1553.0,0.6312594822781998,Correctly Tracked,/root/vast/mustafa/dreem-experiments/paper-plots/uncertainty-animals/no-post-processing-no-weight-iou-entropies/20200111_USVpairs_court1_M1_F1_top-01112020145828-0000@0-2560_frame_meta_entropy_histogram.csv,Mice-hc,20200111_USVpairs_court1,Mice
1554.0,0.6316530215790367,Correctly Tracked,/root/vast/mustafa/dreem-experiments/paper-plots/uncertainty-animals/no-post-processing-no-weight-iou-entropies/20200111_USVpairs_court1_M1_F1_top-01112020145828-0000@0-2560_frame_meta_entropy_histogram.csv,Mice-hc,20200111_USVpairs_court1,Mice
1555.0,0.4473462229423873,Correctly Tracked,/root/vast/mustafa/dreem-experiments/paper-plots/uncertainty-animals/no-post-processing-no-weight-iou-entropies/20200111_USVpairs_court1_M1_F1_top-01112020145828-0000@0-2560_frame_meta_entropy_histogram.csv,Mice-hc,20200111_USVpairs_court1,Mice
1556.0,0.3170389669802698,Correctly Tracked,/root/vast/mustafa/dreem-experiments/paper-plots/uncertainty-animals/no-post-processing-no-weight-iou-entropies/20200111_USVpairs_court1_M1_F1_top-01112020145828-0000@0-2560_frame_meta_entropy_histogram.csv,Mice-hc,20200111_USVpairs_court1,Mice
1557.0,0.2496289051220596,Correctly Tracked,/root/vast/mustafa/dreem-experiments/paper-plots/uncertainty-animals/no-post-processing-no-weight-iou-entropies/20200111_USVpairs_court1_M1_F1_top-01112020145828-0000@0-2560_frame_meta_entropy_histogram.csv,Mice-hc,20200111_USVpairs_court1,Mice
1558.0,0.1673430318948199,Correctly Tracked,/root/vast/mustafa/dreem-experiments/paper-plots/uncertainty-animals/no-post-processing-no-weight-iou-entropies/20200111_USVpairs_court1_M1_F1_top-01112020145828-0000@0-2560_frame_meta_entropy_histogram.csv,Mice-hc,20200111_USVpairs_court1,Mice
1559.0,0.1055135705809629,Correctly Tracked,/root/vast/mustafa/dreem-experiments/paper-plots/uncertainty-animals/no-post-processing-no-weight-iou-entropies/20200111_USVpairs_court1_M1_F1_top-01112020145828-0000@0-2560_frame_meta_entropy_histogram.csv,Mice-hc,20200111_USVpairs_court1,Mice
156.0,0.0308868291590549,Correctly Tracked,/root/vast/mustafa/dreem-experiments/paper-plots/uncertainty-animals/no-post-processing-no-weight-iou-entropies/20200111_USVpairs_court1_M1_F1_top-01112020145828-0000@0-2560_frame_meta_entropy_histogram.csv,Mice-hc,20200111_USVpairs_court1,Mice
1560.0,0.0697423562077656,Correctly Tracked,/root/vast/mustafa/dreem-experiments/paper-plots/uncertainty-animals/no-post-processing-no-weight-iou-entropies/20200111_USVpairs_court1_M1_F1_top-01112020145828-0000@0-2560_frame_meta_entropy_histogram.csv,Mice-hc,20200111_USVpairs_court1,Mice
1561.0,0.0429295031396983,Correctly Tracked,/root/vast/mustafa/dreem-experiments/paper-plots/uncertainty-animals/no-post-processing-no-weight-iou-entropies/20200111_USVpairs_court1_M1_F1_top-01112020145828-0000@0-2560_frame_meta_entropy_histogram.csv,Mice-hc,20200111_USVpairs_court1,Mice
1562.0,0.0295288299627819,Correctly Tracked,/root/vast/mustafa/dreem-experiments/paper-plots/uncertainty-animals/no-post-processing-no-weight-iou-entropies/20200111_USVpairs_court1_M1_F1_top-01112020145828-0000@0-2560_frame_meta_entropy_histogram.csv,Mice-hc,20200111_USVpairs_court1,Mice
1563.0,0.022241610639941,Correctly Tracked,/root/vast/mustafa/dreem-experiments/paper-plots/uncertainty-animals/no-post-processing-no-weight-iou-entropies/20200111_USVpairs_court1_M1_F1_top-01112020145828-0000@0-2560_frame_meta_entropy_histogram.csv,Mice-hc,20200111_USVpairs_court1,Mice
1564.0,0.0158612692712444,Correctly Tracked,/root/vast/mustafa/dreem-experiments/paper-plots/uncertainty-animals/no-post-processing-no-weight-iou-entropies/20200111_USVpairs_court1_M1_F1_top-01112020145828-0000@0-2560_frame_meta_entropy_histogram.csv,Mice-hc,20200111_USVpairs_court1,Mice
1565.0,0.0119924066764709,Correctly Tracked,/root/vast/mustafa/dreem-experiments/paper-plots/uncertainty-animals/no-post-processing-no-weight-iou-entropies/20200111_USVpairs_court1_M1_F1_top-01112020145828-0000@0-2560_frame_meta_entropy_histogram.csv,Mice-hc,20200111_USVpairs_court1,Mice
1566.0,0.0101998227730339,Correctly Tracked,/root/vast/mustafa/dreem-experiments/paper-plots/uncertainty-animals/no-post-processing-no-weight-iou-entropies/20200111_USVpairs_court1_M1_F1_top-01112020145828-0000@0-2560_frame_meta_entropy_histogram.csv,Mice-hc,20200111_USVpairs_court1,Mice
1567.0,0.0092994391793814,Correctly Tracked,/root/vast/mustafa/dreem-experiments/paper-plots/uncertainty-animals/no-post-processing-no-weight-iou-entropies/20200111_USVpairs_court1_M1_F1_top-01112020145828-0000@0-2560_frame_meta_entropy_histogram.csv,Mice-hc,20200111_USVpairs_court1,Mice
1568.0,0.0085700822549036,Correctly Tracked,/root/vast/mustafa/dreem-experiments/paper-plots/uncertainty-animals/no-post-processing-no-weight-iou-entropies/20200111_USVpairs_court1_M1_F1_top-01112020145828-0000@0-2560_frame_meta_entropy_histogram.csv,Mice-hc,20200111_USVpairs_court1,Mice
1569.0,0.0084204103221469,Correctly Tracked,/root/vast/mustafa/dreem-experiments/paper-plots/uncertainty-animals/no-post-processing-no-weight-iou-entropies/20200111_USVpairs_court1_M1_F1_top-01112020145828-0000@0-2560_frame_meta_entropy_histogram.csv,Mice-hc,20200111_USVpairs_court1,Mice
157.0,0.024783191752223,Correctly Tracked,/root/vast/mustafa/dreem-experiments/paper-plots/uncertainty-animals/no-post-processing-no-weight-iou-entropies/20200111_USVpairs_court1_M1_F1_top-01112020145828-0000@0-2560_frame_meta_entropy_histogram.csv,Mice-hc,20200111_USVpairs_court1,Mice
1570.0,0.0083717681196636,Correctly Tracked,/root/vast/mustafa/dreem-experiments/paper-plots/uncertainty-animals/no-post-processing-no-weight-iou-entropies/20200111_USVpairs_court1_M1_F1_top-01112020145828-0000@0-2560_frame_meta_entropy_histogram.csv,Mice-hc,20200111_USVpairs_court1,Mice
1571.0,0.0079104065199289,Correctly Tracked,/root/vast/mustafa/dreem-experiments/paper-plots/uncertainty-animals/no-post-processing-no-weight-iou-entropies/20200111_USVpairs_court1_M1_F1_top-01112020145828-0000@0-2560_frame_meta_entropy_histogram.csv,Mice-hc,20200111_USVpairs_court1,Mice
1572.0,0.0075469628393786,Correctly Tracked,/root/vast/mustafa/dreem-experiments/paper-plots/uncertainty-animals/no-post-processing-no-weight-iou-entropies/20200111_USVpairs_court1_M1_F1_top-01112020145828-0000@0-2560_frame_meta_entropy_histogram.csv,Mice-hc,20200111_USVpairs_court1,Mice
1573.0,0.0073208083407229,Correctly Tracked,/root/vast/mustafa/dreem-experiments/paper-plots/uncertainty-animals/no-post-processing-no-weight-iou-entropies/20200111_USVpairs_court1_M1_F1_top-01112020145828-0000@0-2560_frame_meta_entropy_histogram.csv,Mice-hc,20200111_USVpairs_court1,Mice
1574.0,0.0068769412730629,Correctly Tracked,/root/vast/mustafa/dreem-experiments/paper-plots/uncertainty-animals/no-post-processing-no-weight-iou-entropies/20200111_USVpairs_court1_M1_F1_top-01112020145828-0000@0-2560_frame_meta_entropy_histogram.csv,Mice-hc,20200111_USVpairs_court1,Mice
1578.0,0.1360888182340039,Correctly Tracked,/root/vast/mustafa/dreem-experiments/paper-plots/uncertainty-animals/no-post-processing-no-weight-iou-entropies/20200111_USVpairs_court1_M1_F1_top-01112020145828-0000@0-2560_frame_meta_entropy_histogram.csv,Mice-hc,20200111_USVpairs_court1,Mice
1579.0,0.3814878745515868,Correctly Tracked,/root/vast/mustafa/dreem-experiments/paper-plots/uncertainty-animals/no-post-processing-no-weight-iou-entropies/20200111_USVpairs_court1_M1_F1_top-01112020145828-0000@0-2560_frame_meta_entropy_histogram.csv,Mice-hc,20200111_USVpairs_court1,Mice
158.0,0.0235549239065078,Correctly Tracked,/root/vast/mustafa/dreem-experiments/paper-plots/uncertainty-animals/no-post-processing-no-weight-iou-entropies/20200111_USVpairs_court1_M1_F1_top-01112020145828-0000@0-2560_frame_meta_entropy_histogram.csv,Mice-hc,20200111_USVpairs_court1,Mice
1580.0,0.558428226295155,Correctly Tracked,/root/vast/mustafa/dreem-experiments/paper-plots/uncertainty-animals/no-post-processing-no-weight-iou-entropies/20200111_USVpairs_court1_M1_F1_top-01112020145828-0000@0-2560_frame_meta_entropy_histogram.csv,Mice-hc,20200111_USVpairs_court1,Mice
1581.0,0.3320960265654773,Correctly Tracked,/root/vast/mustafa/dreem-experiments/paper-plots/uncertainty-animals/no-post-processing-no-weight-iou-entropies/20200111_USVpairs_court1_M1_F1_top-01112020145828-0000@0-2560_frame_meta_entropy_histogram.csv,Mice-hc,20200111_USVpairs_court1,Mice
1582.0,0.2233154735487244,Correctly Tracked,/root/vast/mustafa/dreem-experiments/paper-plots/uncertainty-animals/no-post-processing-no-weight-iou-entropies/20200111_USVpairs_court1_M1_F1_top-01112020145828-0000@0-2560_frame_meta_entropy_histogram.csv,Mice-hc,20200111_USVpairs_court1,Mice
1583.0,0.193000865603066,Correctly Tracked,/root/vast/mustafa/dreem-experiments/paper-plots/uncertainty-animals/no-post-processing-no-weight-iou-entropies/20200111_USVpairs_court1_M1_F1_top-01112020145828-0000@0-2560_frame_meta_entropy_histogram.csv,Mice-hc,20200111_USVpairs_court1,Mice
1584.0,0.1414578371221331,Correctly Tracked,/root/vast/mustafa/dreem-experiments/paper-plots/uncertainty-animals/no-post-processing-no-weight-iou-entropies/20200111_USVpairs_court1_M1_F1_top-01112020145828-0000@0-2560_frame_meta_entropy_histogram.csv,Mice-hc,20200111_USVpairs_court1,Mice
1585.0,0.4296289142158025,Correctly Tracked,/root/vast/mustafa/dreem-experiments/paper-plots/uncertainty-animals/no-post-processing-no-weight-iou-entropies/20200111_USVpairs_court1_M1_F1_top-01112020145828-0000@0-2560_frame_meta_entropy_histogram.csv,Mice-hc,20200111_USVpairs_court1,Mice
1586.0,0.3112159783873568,Correctly Tracked,/root/vast/mustafa/dreem-experiments/paper-plots/uncertainty-animals/no-post-processing-no-weight-iou-entropies/20200111_USVpairs_court1_M1_F1_top-01112020145828-0000@0-2560_frame_meta_entropy_histogram.csv,Mice-hc,20200111_USVpairs_court1,Mice
1587.0,0.0948406174891403,Correctly Tracked,/root/vast/mustafa/dreem-experiments/paper-plots/uncertainty-animals/no-post-processing-no-weight-iou-entropies/20200111_USVpairs_court1_M1_F1_top-01112020145828-0000@0-2560_frame_meta_entropy_histogram.csv,Mice-hc,20200111_USVpairs_court1,Mice
1588.0,0.0295960805537271,Correctly Tracked,/root/vast/mustafa/dreem-experiments/paper-plots/uncertainty-animals/no-post-processing-no-weight-iou-entropies/20200111_USVpairs_court1_M1_F1_top-01112020145828-0000@0-2560_frame_meta_entropy_histogram.csv,Mice-hc,20200111_USVpairs_court1,Mice
1589.0,0.0114079209502847,Correctly Tracked,/root/vast/mustafa/dreem-experiments/paper-plots/uncertainty-animals/no-post-processing-no-weight-iou-entropies/20200111_USVpairs_court1_M1_F1_top-01112020145828-0000@0-2560_frame_meta_entropy_histogram.csv,Mice-hc,20200111_USVpairs_court1,Mice
159.0,0.0148044211019334,Correctly Tracked,/root/vast/mustafa/dreem-experiments/paper-plots/uncertainty-animals/no-post-processing-no-weight-iou-entropies/20200111_USVpairs_court1_M1_F1_top-01112020145828-0000@0-2560_frame_meta_entropy_histogram.csv,Mice-hc,20200111_USVpairs_court1,Mice
1590.0,0.0067730933114599,Correctly Tracked,/root/vast/mustafa/dreem-experiments/paper-plots/uncertainty-animals/no-post-processing-no-weight-iou-entropies/20200111_USVpairs_court1_M1_F1_top-01112020145828-0000@0-2560_frame_meta_entropy_histogram.csv,Mice-hc,20200111_USVpairs_court1,Mice
1591.0,0.0051965256637716,Correctly Tracked,/root/vast/mustafa/dreem-experiments/paper-plots/uncertainty-animals/no-post-processing-no-weight-iou-entropies/20200111_USVpairs_court1_M1_F1_top-01112020145828-0000@0-2560_frame_meta_entropy_histogram.csv,Mice-hc,20200111_USVpairs_court1,Mice
1592.0,0.0045182422121422,Correctly Tracked,/root/vast/mustafa/dreem-experiments/paper-plots/uncertainty-animals/no-post-processing-no-weight-iou-entropies/20200111_USVpairs_court1_M1_F1_top-01112020145828-0000@0-2560_frame_meta_entropy_histogram.csv,Mice-hc,20200111_USVpairs_court1,Mice
1593.0,0.0044346848443049,Correctly Tracked,/root/vast/mustafa/dreem-experiments/paper-plots/uncertainty-animals/no-post-processing-no-weight-iou-entropies/20200111_USVpairs_court1_M1_F1_top-01112020145828-0000@0-2560_frame_meta_entropy_histogram.csv,Mice-hc,20200111_USVpairs_court1,Mice
1594.0,0.0043550998726181,Correctly Tracked,/root/vast/mustafa/dreem-experiments/paper-plots/uncertainty-animals/no-post-processing-no-weight-iou-entropies/20200111_USVpairs_court1_M1_F1_top-01112020145828-0000@0-2560_frame_meta_entropy_histogram.csv,Mice-hc,20200111_USVpairs_court1,Mice
1595.0,0.0043547700152682,Correctly Tracked,/root/vast/mustafa/dreem-experiments/paper-plots/uncertainty-animals/no-post-processing-no-weight-iou-entropies/20200111_USVpairs_court1_M1_F1_top-01112020145828-0000@0-2560_frame_meta_entropy_histogram.csv,Mice-hc,20200111_USVpairs_court1,Mice
1596.0,0.0043545157362317,Correctly Tracked,/root/vast/mustafa/dreem-experiments/paper-plots/uncertainty-animals/no-post-processing-no-weight-iou-entropies/20200111_USVpairs_court1_M1_F1_top-01112020145828-0000@0-2560_frame_meta_entropy_histogram.csv,Mice-hc,20200111_USVpairs_court1,Mice
1597.0,0.004354477107316,Correctly Tracked,/root/vast/mustafa/dreem-experiments/paper-plots/uncertainty-animals/no-post-processing-no-weight-iou-entropies/20200111_USVpairs_court1_M1_F1_top-01112020145828-0000@0-2560_frame_meta_entropy_histogram.csv,Mice-hc,20200111_USVpairs_court1,Mice
1598.0,0.0043621696360023,Correctly Tracked,/root/vast/mustafa/dreem-experiments/paper-plots/uncertainty-animals/no-post-processing-no-weight-iou-entropies/20200111_USVpairs_court1_M1_F1_top-01112020145828-0000@0-2560_frame_meta_entropy_histogram.csv,Mice-hc,20200111_USVpairs_court1,Mice
1599.0,0.0043648357029943,Correctly Tracked,/root/vast/mustafa/dreem-experiments/paper-plots/uncertainty-animals/no-post-processing-no-weight-iou-entropies/20200111_USVpairs_court1_M1_F1_top-01112020145828-0000@0-2560_frame_meta_entropy_histogram.csv,Mice-hc,20200111_USVpairs_court1,Mice
16.0,0.0613130350345208,Correctly Tracked,/root/vast/mustafa/dreem-experiments/paper-plots/uncertainty-animals/no-post-processing-no-weight-iou-entropies/20200111_USVpairs_court1_M1_F1_top-01112020145828-0000@0-2560_frame_meta_entropy_histogram.csv,Mice-hc,20200111_USVpairs_court1,Mice
160.0,0.0140656897793691,Correctly Tracked,/root/vast/mustafa/dreem-experiments/paper-plots/uncertainty-animals/no-post-processing-no-weight-iou-entropies/20200111_USVpairs_court1_M1_F1_top-01112020145828-0000@0-2560_frame_meta_entropy_histogram.csv,Mice-hc,20200111_USVpairs_court1,Mice
1600.0,0.0043678205425169,Correctly Tracked,/root/vast/mustafa/dreem-experiments/paper-plots/uncertainty-animals/no-post-processing-no-weight-iou-entropies/20200111_USVpairs_court1_M1_F1_top-01112020145828-0000@0-2560_frame_meta_entropy_histogram.csv,Mice-hc,20200111_USVpairs_court1,Mice
1601.0,0.0043696031830015,Correctly Tracked,/root/vast/mustafa/dreem-experiments/paper-plots/uncertainty-animals/no-post-processing-no-weight-iou-entropies/20200111_USVpairs_court1_M1_F1_top-01112020145828-0000@0-2560_frame_meta_entropy_histogram.csv,Mice-hc,20200111_USVpairs_court1,Mice
1602.0,0.0043715531034864,Correctly Tracked,/root/vast/mustafa/dreem-experiments/paper-plots/uncertainty-animals/no-post-processing-no-weight-iou-entropies/20200111_USVpairs_court1_M1_F1_top-01112020145828-0000@0-2560_frame_meta_entropy_histogram.csv,Mice-hc,20200111_USVpairs_court1,Mice
1603.0,0.0043733585854168,Correctly Tracked,/root/vast/mustafa/dreem-experiments/paper-plots/uncertainty-animals/no-post-processing-no-weight-iou-entropies/20200111_USVpairs_court1_M1_F1_top-01112020145828-0000@0-2560_frame_meta_entropy_histogram.csv,Mice-hc,20200111_USVpairs_court1,Mice
1604.0,0.0043739662350563,Correctly Tracked,/root/vast/mustafa/dreem-experiments/paper-plots/uncertainty-animals/no-post-processing-no-weight-iou-entropies/20200111_USVpairs_court1_M1_F1_top-01112020145828-0000@0-2560_frame_meta_entropy_histogram.csv,Mice-hc,20200111_USVpairs_court1,Mice
1605.0,0.0043790262871122,Correctly Tracked,/root/vast/mustafa/dreem-experiments/paper-plots/uncertainty-animals/no-post-processing-no-weight-iou-entropies/20200111_USVpairs_court1_M1_F1_top-01112020145828-0000@0-2560_frame_meta_entropy_histogram.csv,Mice-hc,20200111_USVpairs_court1,Mice
1606.0,0.0043855320683268,Correctly Tracked,/root/vast/mustafa/dreem-experiments/paper-plots/uncertainty-animals/no-post-processing-no-weight-iou-entropies/20200111_USVpairs_court1_M1_F1_top-01112020145828-0000@0-2560_frame_meta_entropy_histogram.csv,Mice-hc,20200111_USVpairs_court1,Mice
1607.0,0.0043860157695324,Correctly Tracked,/root/vast/mustafa/dreem-experiments/paper-plots/uncertainty-animals/no-post-processing-no-weight-iou-entropies/20200111_USVpairs_court1_M1_F1_top-01112020145828-0000@0-2560_frame_meta_entropy_histogram.csv,Mice-hc,20200111_USVpairs_court1,Mice
1608.0,0.0043857208461584,Correctly Tracked,/root/vast/mustafa/dreem-experiments/paper-plots/uncertainty-animals/no-post-processing-no-weight-iou-entropies/20200111_USVpairs_court1_M1_F1_top-01112020145828-0000@0-2560_frame_meta_entropy_histogram.csv,Mice-hc,20200111_USVpairs_court1,Mice
1609.0,0.004383317791697,Correctly Tracked,/root/vast/mustafa/dreem-experiments/paper-plots/uncertainty-animals/no-post-processing-no-weight-iou-entropies/20200111_USVpairs_court1_M1_F1_top-01112020145828-0000@0-2560_frame_meta_entropy_histogram.csv,Mice-hc,20200111_USVpairs_court1,Mice
161.0,0.0113388873829513,Correctly Tracked,/root/vast/mustafa/dreem-experiments/paper-plots/uncertainty-animals/no-post-processing-no-weight-iou-entropies/20200111_USVpairs_court1_M1_F1_top-01112020145828-0000@0-2560_frame_meta_entropy_histogram.csv,Mice-hc,20200111_USVpairs_court1,Mice
1610.0,0.0043817377010922,Correctly Tracked,/root/vast/mustafa/dreem-experiments/paper-plots/uncertainty-animals/no-post-processing-no-weight-iou-entropies/20200111_USVpairs_court1_M1_F1_top-01112020145828-0000@0-2560_frame_meta_entropy_histogram.csv,Mice-hc,20200111_USVpairs_court1,Mice
1611.0,0.0043816685049475,Correctly Tracked,/root/vast/mustafa/dreem-experiments/paper-plots/uncertainty-animals/no-post-processing-no-weight-iou-entropies/20200111_USVpairs_court1_M1_F1_top-01112020145828-0000@0-2560_frame_meta_entropy_histogram.csv,Mice-hc,20200111_USVpairs_court1,Mice
1612.0,0.0043830000268772,Correctly Tracked,/root/vast/mustafa/dreem-experiments/paper-plots/uncertainty-animals/no-post-processing-no-weight-iou-entropies/20200111_USVpairs_court1_M1_F1_top-01112020145828-0000@0-2560_frame_meta_entropy_histogram.csv,Mice-hc,20200111_USVpairs_court1,Mice
1613.0,0.0043817444191645,Correctly Tracked,/root/vast/mustafa/dreem-experiments/paper-plots/uncertainty-animals/no-post-processing-no-weight-iou-entropies/20200111_USVpairs_court1_M1_F1_top-01112020145828-0000@0-2560_frame_meta_entropy_histogram.csv,Mice-hc,20200111_USVpairs_court1,Mice
1614.0,0.0043824430986836,Correctly Tracked,/root/vast/mustafa/dreem-experiments/paper-plots/uncertainty-animals/no-post-processing-no-weight-iou-entropies/20200111_USVpairs_court1_M1_F1_top-01112020145828-0000@0-2560_frame_meta_entropy_histogram.csv,Mice-hc,20200111_USVpairs_court1,Mice
1615.0,0.0043832479237451,Correctly Tracked,/root/vast/mustafa/dreem-experiments/paper-plots/uncertainty-animals/no-post-processing-no-weight-iou-entropies/20200111_USVpairs_court1_M1_F1_top-01112020145828-0000@0-2560_frame_meta_entropy_histogram.csv,Mice-hc,20200111_USVpairs_court1,Mice
1616.0,0.0043844941261566,Correctly Tracked,/root/vast/mustafa/dreem-experiments/paper-plots/uncertainty-animals/no-post-processing-no-weight-iou-entropies/20200111_USVpairs_court1_M1_F1_top-01112020145828-0000@0-2560_frame_meta_entropy_histogram.csv,Mice-hc,20200111_USVpairs_court1,Mice
1617.0,0.0043865001425452,Correctly Tracked,/root/vast/mustafa/dreem-experiments/paper-plots/uncertainty-animals/no-post-processing-no-weight-iou-entropies/20200111_USVpairs_court1_M1_F1_top-01112020145828-0000@0-2560_frame_meta_entropy_histogram.csv,Mice-hc,20200111_USVpairs_court1,Mice
1618.0,0.0043855958900137,Correctly Tracked,/root/vast/mustafa/dreem-experiments/paper-plots/uncertainty-animals/no-post-processing-no-weight-iou-entropies/20200111_USVpairs_court1_M1_F1_top-01112020145828-0000@0-2560_frame_meta_entropy_histogram.csv,Mice-hc,20200111_USVpairs_court1,Mice
1619.0,0.0043853728500133,Correctly Tracked,/root/vast/mustafa/dreem-experiments/paper-plots/uncertainty-animals/no-post-processing-no-weight-iou-entropies/20200111_USVpairs_court1_M1_F1_top-01112020145828-0000@0-2560_frame_meta_entropy_histogram.csv,Mice-hc,20200111_USVpairs_court1,Mice
162.0,0.0090735157824129,Correctly Tracked,/root/vast/mustafa/dreem-experiments/paper-plots/uncertainty-animals/no-post-processing-no-weight-iou-entropies/20200111_USVpairs_court1_M1_F1_top-01112020145828-0000@0-2560_frame_meta_entropy_histogram.csv,Mice-hc,20200111_USVpairs_court1,Mice
1620.0,0.0043856744914596,Correctly Tracked,/root/vast/mustafa/dreem-experiments/paper-plots/uncertainty-animals/no-post-processing-no-weight-iou-entropies/20200111_USVpairs_court1_M1_F1_top-01112020145828-0000@0-2560_frame_meta_entropy_histogram.csv,Mice-hc,20200111_USVpairs_court1,Mice
1621.0,0.0043805244172349,Correctly Tracked,/root/vast/mustafa/dreem-experiments/paper-plots/uncertainty-animals/no-post-processing-no-weight-iou-entropies/20200111_USVpairs_court1_M1_F1_top-01112020145828-0000@0-2560_frame_meta_entropy_histogram.csv,Mice-hc,20200111_USVpairs_court1,Mice
1622.0,0.0043748106967443,Correctly Tracked,/root/vast/mustafa/dreem-experiments/paper-plots/uncertainty-animals/no-post-processing-no-weight-iou-entropies/20200111_USVpairs_court1_M1_F1_top-01112020145828-0000@0-2560_frame_meta_entropy_histogram.csv,Mice-hc,20200111_USVpairs_court1,Mice
1623.0,0.0043780897878336,Correctly Tracked,/root/vast/mustafa/dreem-experiments/paper-plots/uncertainty-animals/no-post-processing-no-weight-iou-entropies/20200111_USVpairs_court1_M1_F1_top-01112020145828-0000@0-2560_frame_meta_entropy_histogram.csv,Mice-hc,20200111_USVpairs_court1,Mice
1624.0,0.0043774737406038,Correctly Tracked,/root/vast/mustafa/dreem-experiments/paper-plots/uncertainty-animals/no-post-processing-no-weight-iou-entropies/20200111_USVpairs_court1_M1_F1_top-01112020145828-0000@0-2560_frame_meta_entropy_histogram.csv,Mice-hc,20200111_USVpairs_court1,Mice
1625.0,0.0043816973926584,Correctly Tracked,/root/vast/mustafa/dreem-experiments/paper-plots/uncertainty-animals/no-post-processing-no-weight-iou-entropies/20200111_USVpairs_court1_M1_F1_top-01112020145828-0000@0-2560_frame_meta_entropy_histogram.csv,Mice-hc,20200111_USVpairs_court1,Mice
1626.0,0.0043779231796406,Correctly Tracked,/root/vast/mustafa/dreem-experiments/paper-plots/uncertainty-animals/no-post-processing-no-weight-iou-entropies/20200111_USVpairs_court1_M1_F1_top-01112020145828-0000@0-2560_frame_meta_entropy_histogram.csv,Mice-hc,20200111_USVpairs_court1,Mice
1627.0,0.0043759672128907,Correctly Tracked,/root/vast/mustafa/dreem-experiments/paper-plots/uncertainty-animals/no-post-processing-no-weight-iou-entropies/20200111_USVpairs_court1_M1_F1_top-01112020145828-0000@0-2560_frame_meta_entropy_histogram.csv,Mice-hc,20200111_USVpairs_court1,Mice
1628.0,0.0043740656625263,Correctly Tracked,/root/vast/mustafa/dreem-experiments/paper-plots/uncertainty-animals/no-post-processing-no-weight-iou-entropies/20200111_USVpairs_court1_M1_F1_top-01112020145828-0000@0-2560_frame_meta_entropy_histogram.csv,Mice-hc,20200111_USVpairs_court1,Mice
1629.0,0.0043714556914381,Correctly Tracked,/root/vast/mustafa/dreem-experiments/paper-plots/uncertainty-animals/no-post-processing-no-weight-iou-entropies/20200111_USVpairs_court1_M1_F1_top-01112020145828-0000@0-2560_frame_meta_entropy_histogram.csv,Mice-hc,20200111_USVpairs_court1,Mice
163.0,0.009160061348809,Correctly Tracked,/root/vast/mustafa/dreem-experiments/paper-plots/uncertainty-animals/no-post-processing-no-weight-iou-entropies/20200111_USVpairs_court1_M1_F1_top-01112020145828-0000@0-2560_frame_meta_entropy_histogram.csv,Mice-hc,20200111_USVpairs_court1,Mice
1630.0,0.0043693861892662,Correctly Tracked,/root/vast/mustafa/dreem-experiments/paper-plots/uncertainty-animals/no-post-processing-no-weight-iou-entropies/20200111_USVpairs_court1_M1_F1_top-01112020145828-0000@0-2560_frame_meta_entropy_histogram.csv,Mice-hc,20200111_USVpairs_court1,Mice
1631.0,0.0043675377116731,Correctly Tracked,/root/vast/mustafa/dreem-experiments/paper-plots/uncertainty-animals/no-post-processing-no-weight-iou-entropies/20200111_USVpairs_court1_M1_F1_top-01112020145828-0000@0-2560_frame_meta_entropy_histogram.csv,Mice-hc,20200111_USVpairs_court1,Mice
1632.0,0.0043652324051636,Correctly Tracked,/root/vast/mustafa/dreem-experiments/paper-plots/uncertainty-animals/no-post-processing-no-weight-iou-entropies/20200111_USVpairs_court1_M1_F1_top-01112020145828-0000@0-2560_frame_meta_entropy_histogram.csv,Mice-hc,20200111_USVpairs_court1,Mice
1633.0,0.0043638474745591,Correctly Tracked,/root/vast/mustafa/dreem-experiments/paper-plots/uncertainty-animals/no-post-processing-no-weight-iou-entropies/20200111_USVpairs_court1_M1_F1_top-01112020145828-0000@0-2560_frame_meta_entropy_histogram.csv,Mice-hc,20200111_USVpairs_court1,Mice
1634.0,0.0043621528408216,Correctly Tracked,/root/vast/mustafa/dreem-experiments/paper-plots/uncertainty-animals/no-post-processing-no-weight-iou-entropies/20200111_USVpairs_court1_M1_F1_top-01112020145828-0000@0-2560_frame_meta_entropy_histogram.csv,Mice-hc,20200111_USVpairs_court1,Mice
1635.0,0.0043613533902179,Correctly Tracked,/root/vast/mustafa/dreem-experiments/paper-plots/uncertainty-animals/no-post-processing-no-weight-iou-entropies/20200111_USVpairs_court1_M1_F1_top-01112020145828-0000@0-2560_frame_meta_entropy_histogram.csv,Mice-hc,20200111_USVpairs_court1,Mice
1636.0,0.0043607645511809,Correctly Tracked,/root/vast/mustafa/dreem-experiments/paper-plots/uncertainty-animals/no-post-processing-no-weight-iou-entropies/20200111_USVpairs_court1_M1_F1_top-01112020145828-0000@0-2560_frame_meta_entropy_histogram.csv,Mice-hc,20200111_USVpairs_court1,Mice
1637.0,0.0043600786359991,Correctly Tracked,/root/vast/mustafa/dreem-experiments/paper-plots/uncertainty-animals/no-post-processing-no-weight-iou-entropies/20200111_USVpairs_court1_M1_F1_top-01112020145828-0000@0-2560_frame_meta_entropy_histogram.csv,Mice-hc,20200111_USVpairs_court1,Mice
1638.0,0.0043597208986492,Correctly Tracked,/root/vast/mustafa/dreem-experiments/paper-plots/uncertainty-animals/no-post-processing-no-weight-iou-entropies/20200111_USVpairs_court1_M1_F1_top-01112020145828-0000@0-2560_frame_meta_entropy_histogram.csv,Mice-hc,20200111_USVpairs_court1,Mice
1639.0,0.004359549251902,Correctly Tracked,/root/vast/mustafa/dreem-experiments/paper-plots/uncertainty-animals/no-post-processing-no-weight-iou-entropies/20200111_USVpairs_court1_M1_F1_top-01112020145828-0000@0-2560_frame_meta_entropy_histogram.csv,Mice-hc,20200111_USVpairs_court1,Mice
164.0,0.0108757978950212,Correctly Tracked,/root/vast/mustafa/dreem-experiments/paper-plots/uncertainty-animals/no-post-processing-no-weight-iou-entropies/20200111_USVpairs_court1_M1_F1_top-01112020145828-0000@0-2560_frame_meta_entropy_histogram.csv,Mice-hc,20200111_USVpairs_court1,Mice
1640.0,0.004359042373347,Correctly Tracked,/root/vast/mustafa/dreem-experiments/paper-plots/uncertainty-animals/no-post-processing-no-weight-iou-entropies/20200111_USVpairs_court1_M1_F1_top-01112020145828-0000@0-2560_frame_meta_entropy_histogram.csv,Mice-hc,20200111_USVpairs_court1,Mice
1641.0,0.0043590500991301,Correctly Tracked,/root/vast/mustafa/dreem-experiments/paper-plots/uncertainty-animals/no-post-processing-no-weight-iou-entropies/20200111_USVpairs_court1_M1_F1_top-01112020145828-0000@0-2560_frame_meta_entropy_histogram.csv,Mice-hc,20200111_USVpairs_court1,Mice
1642.0,0.004359455870697,Correctly Tracked,/root/vast/mustafa/dreem-experiments/paper-plots/uncertainty-animals/no-post-processing-no-weight-iou-entropies/20200111_USVpairs_court1_M1_F1_top-01112020145828-0000@0-2560_frame_meta_entropy_histogram.csv,Mice-hc,20200111_USVpairs_court1,Mice
1643.0,0.0043601777275656,Correctly Tracked,/root/vast/mustafa/dreem-experiments/paper-plots/uncertainty-animals/no-post-processing-no-weight-iou-entropies/20200111_USVpairs_court1_M1_F1_top-01112020145828-0000@0-2560_frame_meta_entropy_histogram.csv,Mice-hc,20200111_USVpairs_court1,Mice
1644.0,0.004360716516964,Correctly Tracked,/root/vast/mustafa/dreem-experiments/paper-plots/uncertainty-animals/no-post-processing-no-weight-iou-entropies/20200111_USVpairs_court1_M1_F1_top-01112020145828-0000@0-2560_frame_meta_entropy_histogram.csv,Mice-hc,20200111_USVpairs_court1,Mice
1645.0,0.0043613265179287,Correctly Tracked,/root/vast/mustafa/dreem-experiments/paper-plots/uncertainty-animals/no-post-processing-no-weight-iou-entropies/20200111_USVpairs_court1_M1_F1_top-01112020145828-0000@0-2560_frame_meta_entropy_histogram.csv,Mice-hc,20200111_USVpairs_court1,Mice
1646.0,0.0043631125174495,Correctly Tracked,/root/vast/mustafa/dreem-experiments/paper-plots/uncertainty-animals/no-post-processing-no-weight-iou-entropies/20200111_USVpairs_court1_M1_F1_top-01112020145828-0000@0-2560_frame_meta_entropy_histogram.csv,Mice-hc,20200111_USVpairs_court1,Mice
1647.0,0.0043628733540757,Correctly Tracked,/root/vast/mustafa/dreem-experiments/paper-plots/uncertainty-animals/no-post-processing-no-weight-iou-entropies/20200111_USVpairs_court1_M1_F1_top-01112020145828-0000@0-2560_frame_meta_entropy_histogram.csv,Mice-hc,20200111_USVpairs_court1,Mice
1648.0,0.0043652938755251,Correctly Tracked,/root/vast/mustafa/dreem-experiments/paper-plots/uncertainty-animals/no-post-processing-no-weight-iou-entropies/20200111_USVpairs_court1_M1_F1_top-01112020145828-0000@0-2560_frame_meta_entropy_histogram.csv,Mice-hc,20200111_USVpairs_court1,Mice
1649.0,0.0043692279786636,Correctly Tracked,/root/vast/mustafa/dreem-experiments/paper-plots/uncertainty-animals/no-post-processing-no-weight-iou-entropies/20200111_USVpairs_court1_M1_F1_top-01112020145828-0000@0-2560_frame_meta_entropy_histogram.csv,Mice-hc,20200111_USVpairs_court1,Mice
165.0,0.0144810950619258,Correctly Tracked,/root/vast/mustafa/dreem-experiments/paper-plots/uncertainty-animals/no-post-processing-no-weight-iou-entropies/20200111_USVpairs_court1_M1_F1_top-01112020145828-0000@0-2560_frame_meta_entropy_histogram.csv,Mice-hc,20200111_USVpairs_court1,Mice
1650.0,0.0043702061299904,Correctly Tracked,/root/vast/mustafa/dreem-experiments/paper-plots/uncertainty-animals/no-post-processing-no-weight-iou-entropies/20200111_USVpairs_court1_M1_F1_top-01112020145828-0000@0-2560_frame_meta_entropy_histogram.csv,Mice-hc,20200111_USVpairs_court1,Mice
1651.0,0.0043777421275921,Correctly Tracked,/root/vast/mustafa/dreem-experiments/paper-plots/uncertainty-animals/no-post-processing-no-weight-iou-entropies/20200111_USVpairs_court1_M1_F1_top-01112020145828-0000@0-2560_frame_meta_entropy_histogram.csv,Mice-hc,20200111_USVpairs_court1,Mice
1652.0,0.004382345014828,Correctly Tracked,/root/vast/mustafa/dreem-experiments/paper-plots/uncertainty-animals/no-post-processing-no-weight-iou-entropies/20200111_USVpairs_court1_M1_F1_top-01112020145828-0000@0-2560_frame_meta_entropy_histogram.csv,Mice-hc,20200111_USVpairs_court1,Mice
1653.0,0.0043864511006174,Correctly Tracked,/root/vast/mustafa/dreem-experiments/paper-plots/uncertainty-animals/no-post-processing-no-weight-iou-entropies/20200111_USVpairs_court1_M1_F1_top-01112020145828-0000@0-2560_frame_meta_entropy_histogram.csv,Mice-hc,20200111_USVpairs_court1,Mice
1654.0,0.0043849653989284,Correctly Tracked,/root/vast/mustafa/dreem-experiments/paper-plots/uncertainty-animals/no-post-processing-no-weight-iou-entropies/20200111_USVpairs_court1_M1_F1_top-01112020145828-0000@0-2560_frame_meta_entropy_histogram.csv,Mice-hc,20200111_USVpairs_court1,Mice
1655.0,0.0043818216769959,Correctly Tracked,/root/vast/mustafa/dreem-experiments/paper-plots/uncertainty-animals/no-post-processing-no-weight-iou-entropies/20200111_USVpairs_court1_M1_F1_top-01112020145828-0000@0-2560_frame_meta_entropy_histogram.csv,Mice-hc,20200111_USVpairs_court1,Mice
1656.0,0.0043785173931355,Correctly Tracked,/root/vast/mustafa/dreem-experiments/paper-plots/uncertainty-animals/no-post-processing-no-weight-iou-entropies/20200111_USVpairs_court1_M1_F1_top-01112020145828-0000@0-2560_frame_meta_entropy_histogram.csv,Mice-hc,20200111_USVpairs_court1,Mice
1657.0,0.0043738412789115,Correctly Tracked,/root/vast/mustafa/dreem-experiments/paper-plots/uncertainty-animals/no-post-processing-no-weight-iou-entropies/20200111_USVpairs_court1_M1_F1_top-01112020145828-0000@0-2560_frame_meta_entropy_histogram.csv,Mice-hc,20200111_USVpairs_court1,Mice
1658.0,0.0043736320109594,Correctly Tracked,/root/vast/mustafa/dreem-experiments/paper-plots/uncertainty-animals/no-post-processing-no-weight-iou-entropies/20200111_USVpairs_court1_M1_F1_top-01112020145828-0000@0-2560_frame_meta_entropy_histogram.csv,Mice-hc,20200111_USVpairs_court1,Mice
1659.0,0.0043672938456486,Correctly Tracked,/root/vast/mustafa/dreem-experiments/paper-plots/uncertainty-animals/no-post-processing-no-weight-iou-entropies/20200111_USVpairs_court1_M1_F1_top-01112020145828-0000@0-2560_frame_meta_entropy_histogram.csv,Mice-hc,20200111_USVpairs_court1,Mice
166.0,0.0133305096298222,Correctly Tracked,/root/vast/mustafa/dreem-experiments/paper-plots/uncertainty-animals/no-post-processing-no-weight-iou-entropies/20200111_USVpairs_court1_M1_F1_top-01112020145828-0000@0-2560_frame_meta_entropy_histogram.csv,Mice-hc,20200111_USVpairs_court1,Mice
1660.0,0.0043647752403436,Correctly Tracked,/root/vast/mustafa/dreem-experiments/paper-plots/uncertainty-animals/no-post-processing-no-weight-iou-entropies/20200111_USVpairs_court1_M1_F1_top-01112020145828-0000@0-2560_frame_meta_entropy_histogram.csv,Mice-hc,20200111_USVpairs_court1,Mice
1661.0,0.0043647073878134,Correctly Tracked,/root/vast/mustafa/dreem-experiments/paper-plots/uncertainty-animals/no-post-processing-no-weight-iou-entropies/20200111_USVpairs_court1_M1_F1_top-01112020145828-0000@0-2560_frame_meta_entropy_histogram.csv,Mice-hc,20200111_USVpairs_court1,Mice
1662.0,0.0043625780947981,Correctly Tracked,/root/vast/mustafa/dreem-experiments/paper-plots/uncertainty-animals/no-post-processing-no-weight-iou-entropies/20200111_USVpairs_court1_M1_F1_top-01112020145828-0000@0-2560_frame_meta_entropy_histogram.csv,Mice-hc,20200111_USVpairs_court1,Mice
1663.0,0.0043626096697379,Correctly Tracked,/root/vast/mustafa/dreem-experiments/paper-plots/uncertainty-animals/no-post-processing-no-weight-iou-entropies/20200111_USVpairs_court1_M1_F1_top-01112020145828-0000@0-2560_frame_meta_entropy_histogram.csv,Mice-hc,20200111_USVpairs_court1,Mice
1664.0,0.0043632032114256,Correctly Tracked,/root/vast/mustafa/dreem-experiments/paper-plots/uncertainty-animals/no-post-processing-no-weight-iou-entropies/20200111_USVpairs_court1_M1_F1_top-01112020145828-0000@0-2560_frame_meta_entropy_histogram.csv,Mice-hc,20200111_USVpairs_court1,Mice
1665.0,0.0043619442446767,Correctly Tracked,/root/vast/mustafa/dreem-experiments/paper-plots/uncertainty-animals/no-post-processing-no-weight-iou-entropies/20200111_USVpairs_court1_M1_F1_top-01112020145828-0000@0-2560_frame_meta_entropy_histogram.csv,Mice-hc,20200111_USVpairs_court1,Mice
1666.0,0.0043610285714223,Correctly Tracked,/root/vast/mustafa/dreem-experiments/paper-plots/uncertainty-animals/no-post-processing-no-weight-iou-entropies/20200111_USVpairs_court1_M1_F1_top-01112020145828-0000@0-2560_frame_meta_entropy_histogram.csv,Mice-hc,20200111_USVpairs_court1,Mice
1667.0,0.0043626019439548,Correctly Tracked,/root/vast/mustafa/dreem-experiments/paper-plots/uncertainty-animals/no-post-processing-no-weight-iou-entropies/20200111_USVpairs_court1_M1_F1_top-01112020145828-0000@0-2560_frame_meta_entropy_histogram.csv,Mice-hc,20200111_USVpairs_court1,Mice
1668.0,0.0043602304644331,Correctly Tracked,/root/vast/mustafa/dreem-experiments/paper-plots/uncertainty-animals/no-post-processing-no-weight-iou-entropies/20200111_USVpairs_court1_M1_F1_top-01112020145828-0000@0-2560_frame_meta_entropy_histogram.csv,Mice-hc,20200111_USVpairs_court1,Mice
1669.0,0.0043603083940718,Correctly Tracked,/root/vast/mustafa/dreem-experiments/paper-plots/uncertainty-animals/no-post-processing-no-weight-iou-entropies/20200111_USVpairs_court1_M1_F1_top-01112020145828-0000@0-2560_frame_meta_entropy_histogram.csv,Mice-hc,20200111_USVpairs_court1,Mice
167.0,0.0100800146870693,Correctly Tracked,/root/vast/mustafa/dreem-experiments/paper-plots/uncertainty-animals/no-post-processing-no-weight-iou-entropies/20200111_USVpairs_court1_M1_F1_top-01112020145828-0000@0-2560_frame_meta_entropy_histogram.csv,Mice-hc,20200111_USVpairs_court1,Mice
1670.0,0.0043609902784102,Correctly Tracked,/root/vast/mustafa/dreem-experiments/paper-plots/uncertainty-animals/no-post-processing-no-weight-iou-entropies/20200111_USVpairs_court1_M1_F1_top-01112020145828-0000@0-2560_frame_meta_entropy_histogram.csv,Mice-hc,20200111_USVpairs_court1,Mice
1671.0,0.0043604397323852,Correctly Tracked,/root/vast/mustafa/dreem-experiments/paper-plots/uncertainty-animals/no-post-processing-no-weight-iou-entropies/20200111_USVpairs_court1_M1_F1_top-01112020145828-0000@0-2560_frame_meta_entropy_histogram.csv,Mice-hc,20200111_USVpairs_court1,Mice
1672.0,0.0043590823458771,Correctly Tracked,/root/vast/mustafa/dreem-experiments/paper-plots/uncertainty-animals/no-post-processing-no-weight-iou-entropies/20200111_USVpairs_court1_M1_F1_top-01112020145828-0000@0-2560_frame_meta_entropy_histogram.csv,Mice-hc,20200111_USVpairs_court1,Mice
1673.0,0.0043582069810565,Correctly Tracked,/root/vast/mustafa/dreem-experiments/paper-plots/uncertainty-animals/no-post-processing-no-weight-iou-entropies/20200111_USVpairs_court1_M1_F1_top-01112020145828-0000@0-2560_frame_meta_entropy_histogram.csv,Mice-hc,20200111_USVpairs_court1,Mice
1674.0,0.0043583917280448,Correctly Tracked,/root/vast/mustafa/dreem-experiments/paper-plots/uncertainty-animals/no-post-processing-no-weight-iou-entropies/20200111_USVpairs_court1_M1_F1_top-01112020145828-0000@0-2560_frame_meta_entropy_histogram.csv,Mice-hc,20200111_USVpairs_court1,Mice
1675.0,0.0043578485718994,Correctly Tracked,/root/vast/mustafa/dreem-experiments/paper-plots/uncertainty-animals/no-post-processing-no-weight-iou-entropies/20200111_USVpairs_court1_M1_F1_top-01112020145828-0000@0-2560_frame_meta_entropy_histogram.csv,Mice-hc,20200111_USVpairs_court1,Mice
1676.0,0.004357831440815,Correctly Tracked,/root/vast/mustafa/dreem-experiments/paper-plots/uncertainty-animals/no-post-processing-no-weight-iou-entropies/20200111_USVpairs_court1_M1_F1_top-01112020145828-0000@0-2560_frame_meta_entropy_histogram.csv,Mice-hc,20200111_USVpairs_court1,Mice
1677.0,0.0043585388538281,Correctly Tracked,/root/vast/mustafa/dreem-experiments/paper-plots/uncertainty-animals/no-post-processing-no-weight-iou-entropies/20200111_USVpairs_court1_M1_F1_top-01112020145828-0000@0-2560_frame_meta_entropy_histogram.csv,Mice-hc,20200111_USVpairs_court1,Mice
1678.0,0.0043582204172011,Correctly Tracked,/root/vast/mustafa/dreem-experiments/paper-plots/uncertainty-animals/no-post-processing-no-weight-iou-entropies/20200111_USVpairs_court1_M1_F1_top-01112020145828-0000@0-2560_frame_meta_entropy_histogram.csv,Mice-hc,20200111_USVpairs_court1,Mice
1679.0,0.0043616217772063,Correctly Tracked,/root/vast/mustafa/dreem-experiments/paper-plots/uncertainty-animals/no-post-processing-no-weight-iou-entropies/20200111_USVpairs_court1_M1_F1_top-01112020145828-0000@0-2560_frame_meta_entropy_histogram.csv,Mice-hc,20200111_USVpairs_court1,Mice
168.0,0.0102798954767696,Correctly Tracked,/root/vast/mustafa/dreem-experiments/paper-plots/uncertainty-animals/no-post-processing-no-weight-iou-entropies/20200111_USVpairs_court1_M1_F1_top-01112020145828-0000@0-2560_frame_meta_entropy_histogram.csv,Mice-hc,20200111_USVpairs_court1,Mice
1680.0,0.0043615881868448,Correctly Tracked,/root/vast/mustafa/dreem-experiments/paper-plots/uncertainty-animals/no-post-processing-no-weight-iou-entropies/20200111_USVpairs_court1_M1_F1_top-01112020145828-0000@0-2560_frame_meta_entropy_histogram.csv,Mice-hc,20200111_USVpairs_court1,Mice
1681.0,0.004361946596002,Correctly Tracked,/root/vast/mustafa/dreem-experiments/paper-plots/uncertainty-animals/no-post-processing-no-weight-iou-entropies/20200111_USVpairs_court1_M1_F1_top-01112020145828-0000@0-2560_frame_meta_entropy_histogram.csv,Mice-hc,20200111_USVpairs_court1,Mice
1682.0,0.004360268085638,Correctly Tracked,/root/vast/mustafa/dreem-experiments/paper-plots/uncertainty-animals/no-post-processing-no-weight-iou-entropies/20200111_USVpairs_court1_M1_F1_top-01112020145828-0000@0-2560_frame_meta_entropy_histogram.csv,Mice-hc,20200111_USVpairs_court1,Mice
1683.0,0.0043579543815381,Correctly Tracked,/root/vast/mustafa/dreem-experiments/paper-plots/uncertainty-animals/no-post-processing-no-weight-iou-entropies/20200111_USVpairs_court1_M1_F1_top-01112020145828-0000@0-2560_frame_meta_entropy_histogram.csv,Mice-hc,20200111_USVpairs_court1,Mice
1684.0,0.00435656911503,Correctly Tracked,/root/vast/mustafa/dreem-experiments/paper-plots/uncertainty-animals/no-post-processing-no-weight-iou-entropies/20200111_USVpairs_court1_M1_F1_top-01112020145828-0000@0-2560_frame_meta_entropy_histogram.csv,Mice-hc,20200111_USVpairs_court1,Mice
1685.0,0.004357942289008,Correctly Tracked,/root/vast/mustafa/dreem-experiments/paper-plots/uncertainty-animals/no-post-processing-no-weight-iou-entropies/20200111_USVpairs_court1_M1_F1_top-01112020145828-0000@0-2560_frame_meta_entropy_histogram.csv,Mice-hc,20200111_USVpairs_court1,Mice
1686.0,0.0043565042856323,Correctly Tracked,/root/vast/mustafa/dreem-experiments/paper-plots/uncertainty-animals/no-post-processing-no-weight-iou-entropies/20200111_USVpairs_court1_M1_F1_top-01112020145828-0000@0-2560_frame_meta_entropy_histogram.csv,Mice-hc,20200111_USVpairs_court1,Mice
1687.0,0.0043564858109335,Correctly Tracked,/root/vast/mustafa/dreem-experiments/paper-plots/uncertainty-animals/no-post-processing-no-weight-iou-entropies/20200111_USVpairs_court1_M1_F1_top-01112020145828-0000@0-2560_frame_meta_entropy_histogram.csv,Mice-hc,20200111_USVpairs_court1,Mice
1688.0,0.0043563971323791,Correctly Tracked,/root/vast/mustafa/dreem-experiments/paper-plots/uncertainty-animals/no-post-processing-no-weight-iou-entropies/20200111_USVpairs_court1_M1_F1_top-01112020145828-0000@0-2560_frame_meta_entropy_histogram.csv,Mice-hc,20200111_USVpairs_court1,Mice
1689.0,0.0043557014759925,Correctly Tracked,/root/vast/mustafa/dreem-experiments/paper-plots/uncertainty-animals/no-post-processing-no-weight-iou-entropies/20200111_USVpairs_court1_M1_F1_top-01112020145828-0000@0-2560_frame_meta_entropy_histogram.csv,Mice-hc,20200111_USVpairs_court1,Mice
169.0,0.0096098154632249,Correctly Tracked,/root/vast/mustafa/dreem-experiments/paper-plots/uncertainty-animals/no-post-processing-no-weight-iou-entropies/20200111_USVpairs_court1_M1_F1_top-01112020145828-0000@0-2560_frame_meta_entropy_histogram.csv,Mice-hc,20200111_USVpairs_court1,Mice
1690.0,0.0043555929791249,Correctly Tracked,/root/vast/mustafa/dreem-experiments/paper-plots/uncertainty-animals/no-post-processing-no-weight-iou-entropies/20200111_USVpairs_court1_M1_F1_top-01112020145828-0000@0-2560_frame_meta_entropy_histogram.csv,Mice-hc,20200111_USVpairs_court1,Mice
1691.0,0.004354693429244,Correctly Tracked,/root/vast/mustafa/dreem-experiments/paper-plots/uncertainty-animals/no-post-processing-no-weight-iou-entropies/20200111_USVpairs_court1_M1_F1_top-01112020145828-0000@0-2560_frame_meta_entropy_histogram.csv,Mice-hc,20200111_USVpairs_court1,Mice
1692.0,0.0043548224162321,Correctly Tracked,/root/vast/mustafa/dreem-experiments/paper-plots/uncertainty-animals/no-post-processing-no-weight-iou-entropies/20200111_USVpairs_court1_M1_F1_top-01112020145828-0000@0-2560_frame_meta_entropy_histogram.csv,Mice-hc,20200111_USVpairs_court1,Mice
1693.0,0.0043557515256311,Correctly Tracked,/root/vast/mustafa/dreem-experiments/paper-plots/uncertainty-animals/no-post-processing-no-weight-iou-entropies/20200111_USVpairs_court1_M1_F1_top-01112020145828-0000@0-2560_frame_meta_entropy_histogram.csv,Mice-hc,20200111_USVpairs_court1,Mice
1694.0,0.0043558905897277,Correctly Tracked,/root/vast/mustafa/dreem-experiments/paper-plots/uncertainty-animals/no-post-processing-no-weight-iou-entropies/20200111_USVpairs_court1_M1_F1_top-01112020145828-0000@0-2560_frame_meta_entropy_histogram.csv,Mice-hc,20200111_USVpairs_court1,Mice
1695.0,0.0043578045685258,Correctly Tracked,/root/vast/mustafa/dreem-experiments/paper-plots/uncertainty-animals/no-post-processing-no-weight-iou-entropies/20200111_USVpairs_court1_M1_F1_top-01112020145828-0000@0-2560_frame_meta_entropy_histogram.csv,Mice-hc,20200111_USVpairs_court1,Mice
1696.0,0.0043566184928614,Correctly Tracked,/root/vast/mustafa/dreem-experiments/paper-plots/uncertainty-animals/no-post-processing-no-weight-iou-entropies/20200111_USVpairs_court1_M1_F1_top-01112020145828-0000@0-2560_frame_meta_entropy_histogram.csv,Mice-hc,20200111_USVpairs_court1,Mice
1697.0,0.0043569426398498,Correctly Tracked,/root/vast/mustafa/dreem-experiments/paper-plots/uncertainty-animals/no-post-processing-no-weight-iou-entropies/20200111_USVpairs_court1_M1_F1_top-01112020145828-0000@0-2560_frame_meta_entropy_histogram.csv,Mice-hc,20200111_USVpairs_court1,Mice
1698.0,0.0043573705810553,Correctly Tracked,/root/vast/mustafa/dreem-experiments/paper-plots/uncertainty-animals/no-post-processing-no-weight-iou-entropies/20200111_USVpairs_court1_M1_F1_top-01112020145828-0000@0-2560_frame_meta_entropy_histogram.csv,Mice-hc,20200111_USVpairs_court1,Mice
1699.0,0.0043582566947916,Correctly Tracked,/root/vast/mustafa/dreem-experiments/paper-plots/uncertainty-animals/no-post-processing-no-weight-iou-entropies/20200111_USVpairs_court1_M1_F1_top-01112020145828-0000@0-2560_frame_meta_entropy_histogram.csv,Mice-hc,20200111_USVpairs_court1,Mice
17.0,0.0323353395998023,Correctly Tracked,/root/vast/mustafa/dreem-experiments/paper-plots/uncertainty-animals/no-post-processing-no-weight-iou-entropies/20200111_USVpairs_court1_M1_F1_top-01112020145828-0000@0-2560_frame_meta_entropy_histogram.csv,Mice-hc,20200111_USVpairs_court1,Mice
170.0,0.0079043253208836,Correctly Tracked,/root/vast/mustafa/dreem-experiments/paper-plots/uncertainty-animals/no-post-processing-no-weight-iou-entropies/20200111_USVpairs_court1_M1_F1_top-01112020145828-0000@0-2560_frame_meta_entropy_histogram.csv,Mice-hc,20200111_USVpairs_court1,Mice
1700.0,0.004359356443227,Correctly Tracked,/root/vast/mustafa/dreem-experiments/paper-plots/uncertainty-animals/no-post-processing-no-weight-iou-entropies/20200111_USVpairs_court1_M1_F1_top-01112020145828-0000@0-2560_frame_meta_entropy_histogram.csv,Mice-hc,20200111_USVpairs_court1,Mice
1701.0,0.0043616788808208,Correctly Tracked,/root/vast/mustafa/dreem-experiments/paper-plots/uncertainty-animals/no-post-processing-no-weight-iou-entropies/20200111_USVpairs_court1_M1_F1_top-01112020145828-0000@0-2560_frame_meta_entropy_histogram.csv,Mice-hc,20200111_USVpairs_court1,Mice
1702.0,0.0043642173044391,Correctly Tracked,/root/vast/mustafa/dreem-experiments/paper-plots/uncertainty-animals/no-post-processing-no-weight-iou-entropies/20200111_USVpairs_court1_M1_F1_top-01112020145828-0000@0-2560_frame_meta_entropy_histogram.csv,Mice-hc,20200111_USVpairs_court1,Mice
1703.0,0.0043682666225176,Correctly Tracked,/root/vast/mustafa/dreem-experiments/paper-plots/uncertainty-animals/no-post-processing-no-weight-iou-entropies/20200111_USVpairs_court1_M1_F1_top-01112020145828-0000@0-2560_frame_meta_entropy_histogram.csv,Mice-hc,20200111_USVpairs_court1,Mice
1704.0,0.0043743901454184,Correctly Tracked,/root/vast/mustafa/dreem-experiments/paper-plots/uncertainty-animals/no-post-processing-no-weight-iou-entropies/20200111_USVpairs_court1_M1_F1_top-01112020145828-0000@0-2560_frame_meta_entropy_histogram.csv,Mice-hc,20200111_USVpairs_court1,Mice
1705.0,0.0043818700471165,Correctly Tracked,/root/vast/mustafa/dreem-experiments/paper-plots/uncertainty-animals/no-post-processing-no-weight-iou-entropies/20200111_USVpairs_court1_M1_F1_top-01112020145828-0000@0-2560_frame_meta_entropy_histogram.csv,Mice-hc,20200111_USVpairs_court1,Mice
1706.0,0.0043897315353211,Correctly Tracked,/root/vast/mustafa/dreem-experiments/paper-plots/uncertainty-animals/no-post-processing-no-weight-iou-entropies/20200111_USVpairs_court1_M1_F1_top-01112020145828-0000@0-2560_frame_meta_entropy_histogram.csv,Mice-hc,20200111_USVpairs_court1,Mice
1707.0,0.0043972873512362,Correctly Tracked,/root/vast/mustafa/dreem-experiments/paper-plots/uncertainty-animals/no-post-processing-no-weight-iou-entropies/20200111_USVpairs_court1_M1_F1_top-01112020145828-0000@0-2560_frame_meta_entropy_histogram.csv,Mice-hc,20200111_USVpairs_court1,Mice
1708.0,0.0044021841541352,Correctly Tracked,/root/vast/mustafa/dreem-experiments/paper-plots/uncertainty-animals/no-post-processing-no-weight-iou-entropies/20200111_USVpairs_court1_M1_F1_top-01112020145828-0000@0-2560_frame_meta_entropy_histogram.csv,Mice-hc,20200111_USVpairs_court1,Mice
1709.0,0.0044045542900424,Correctly Tracked,/root/vast/mustafa/dreem-experiments/paper-plots/uncertainty-animals/no-post-processing-no-weight-iou-entropies/20200111_USVpairs_court1_M1_F1_top-01112020145828-0000@0-2560_frame_meta_entropy_histogram.csv,Mice-hc,20200111_USVpairs_court1,Mice
171.0,0.0087170085115116,Correctly Tracked,/root/vast/mustafa/dreem-experiments/paper-plots/uncertainty-animals/no-post-processing-no-weight-iou-entropies/20200111_USVpairs_court1_M1_F1_top-01112020145828-0000@0-2560_frame_meta_entropy_histogram.csv,Mice-hc,20200111_USVpairs_court1,Mice
1710.0,0.0044115118616192,Correctly Tracked,/root/vast/mustafa/dreem-experiments/paper-plots/uncertainty-animals/no-post-processing-no-weight-iou-entropies/20200111_USVpairs_court1_M1_F1_top-01112020145828-0000@0-2560_frame_meta_entropy_histogram.csv,Mice-hc,20200111_USVpairs_court1,Mice
1711.0,0.0044175201695801,Correctly Tracked,/root/vast/mustafa/dreem-experiments/paper-plots/uncertainty-animals/no-post-processing-no-weight-iou-entropies/20200111_USVpairs_court1_M1_F1_top-01112020145828-0000@0-2560_frame_meta_entropy_histogram.csv,Mice-hc,20200111_USVpairs_court1,Mice
1712.0,0.0044195812741615,Correctly Tracked,/root/vast/mustafa/dreem-experiments/paper-plots/uncertainty-animals/no-post-processing-no-weight-iou-entropies/20200111_USVpairs_court1_M1_F1_top-01112020145828-0000@0-2560_frame_meta_entropy_histogram.csv,Mice-hc,20200111_USVpairs_court1,Mice
1713.0,0.0044242879556144,Correctly Tracked,/root/vast/mustafa/dreem-experiments/paper-plots/uncertainty-animals/no-post-processing-no-weight-iou-entropies/20200111_USVpairs_court1_M1_F1_top-01112020145828-0000@0-2560_frame_meta_entropy_histogram.csv,Mice-hc,20200111_USVpairs_court1,Mice
1714.0,0.0044196927941617,Correctly Tracked,/root/vast/mustafa/dreem-experiments/paper-plots/uncertainty-animals/no-post-processing-no-weight-iou-entropies/20200111_USVpairs_court1_M1_F1_top-01112020145828-0000@0-2560_frame_meta_entropy_histogram.csv,Mice-hc,20200111_USVpairs_court1,Mice
1715.0,0.0044162323151203,Correctly Tracked,/root/vast/mustafa/dreem-experiments/paper-plots/uncertainty-animals/no-post-processing-no-weight-iou-entropies/20200111_USVpairs_court1_M1_F1_top-01112020145828-0000@0-2560_frame_meta_entropy_histogram.csv,Mice-hc,20200111_USVpairs_court1,Mice
1716.0,0.0044208355382598,Correctly Tracked,/root/vast/mustafa/dreem-experiments/paper-plots/uncertainty-animals/no-post-processing-no-weight-iou-entropies/20200111_USVpairs_court1_M1_F1_top-01112020145828-0000@0-2560_frame_meta_entropy_histogram.csv,Mice-hc,20200111_USVpairs_court1,Mice
1717.0,0.0044413508515439,Correctly Tracked,/root/vast/mustafa/dreem-experiments/paper-plots/uncertainty-animals/no-post-processing-no-weight-iou-entropies/20200111_USVpairs_court1_M1_F1_top-01112020145828-0000@0-2560_frame_meta_entropy_histogram.csv,Mice-hc,20200111_USVpairs_court1,Mice
1718.0,0.0044710148356852,Correctly Tracked,/root/vast/mustafa/dreem-experiments/paper-plots/uncertainty-animals/no-post-processing-no-weight-iou-entropies/20200111_USVpairs_court1_M1_F1_top-01112020145828-0000@0-2560_frame_meta_entropy_histogram.csv,Mice-hc,20200111_USVpairs_court1,Mice
1719.0,0.0044885443017358,Correctly Tracked,/root/vast/mustafa/dreem-experiments/paper-plots/uncertainty-animals/no-post-processing-no-weight-iou-entropies/20200111_USVpairs_court1_M1_F1_top-01112020145828-0000@0-2560_frame_meta_entropy_histogram.csv,Mice-hc,20200111_USVpairs_court1,Mice
172.0,0.0089789407760046,Correctly Tracked,/root/vast/mustafa/dreem-experiments/paper-plots/uncertainty-animals/no-post-processing-no-weight-iou-entropies/20200111_USVpairs_court1_M1_F1_top-01112020145828-0000@0-2560_frame_meta_entropy_histogram.csv,Mice-hc,20200111_USVpairs_court1,Mice
1720.0,0.0044972294256044,Correctly Tracked,/root/vast/mustafa/dreem-experiments/paper-plots/uncertainty-animals/no-post-processing-no-weight-iou-entropies/20200111_USVpairs_court1_M1_F1_top-01112020145828-0000@0-2560_frame_meta_entropy_histogram.csv,Mice-hc,20200111_USVpairs_court1,Mice
1721.0,0.0045013704453697,Correctly Tracked,/root/vast/mustafa/dreem-experiments/paper-plots/uncertainty-animals/no-post-processing-no-weight-iou-entropies/20200111_USVpairs_court1_M1_F1_top-01112020145828-0000@0-2560_frame_meta_entropy_histogram.csv,Mice-hc,20200111_USVpairs_court1,Mice
1722.0,0.0044906463865583,Correctly Tracked,/root/vast/mustafa/dreem-experiments/paper-plots/uncertainty-animals/no-post-processing-no-weight-iou-entropies/20200111_USVpairs_court1_M1_F1_top-01112020145828-0000@0-2560_frame_meta_entropy_histogram.csv,Mice-hc,20200111_USVpairs_court1,Mice
1723.0,0.0044726527017118,Correctly Tracked,/root/vast/mustafa/dreem-experiments/paper-plots/uncertainty-animals/no-post-processing-no-weight-iou-entropies/20200111_USVpairs_court1_M1_F1_top-01112020145828-0000@0-2560_frame_meta_entropy_histogram.csv,Mice-hc,20200111_USVpairs_court1,Mice
1724.0,0.0044642221927833,Correctly Tracked,/root/vast/mustafa/dreem-experiments/paper-plots/uncertainty-animals/no-post-processing-no-weight-iou-entropies/20200111_USVpairs_court1_M1_F1_top-01112020145828-0000@0-2560_frame_meta_entropy_histogram.csv,Mice-hc,20200111_USVpairs_court1,Mice
1725.0,0.0044593593161495,Correctly Tracked,/root/vast/mustafa/dreem-experiments/paper-plots/uncertainty-animals/no-post-processing-no-weight-iou-entropies/20200111_USVpairs_court1_M1_F1_top-01112020145828-0000@0-2560_frame_meta_entropy_histogram.csv,Mice-hc,20200111_USVpairs_court1,Mice
1726.0,0.0044650344077243,Correctly Tracked,/root/vast/mustafa/dreem-experiments/paper-plots/uncertainty-animals/no-post-processing-no-weight-iou-entropies/20200111_USVpairs_court1_M1_F1_top-01112020145828-0000@0-2560_frame_meta_entropy_histogram.csv,Mice-hc,20200111_USVpairs_court1,Mice
1727.0,0.0044457918332373,Correctly Tracked,/root/vast/mustafa/dreem-experiments/paper-plots/uncertainty-animals/no-post-processing-no-weight-iou-entropies/20200111_USVpairs_court1_M1_F1_top-01112020145828-0000@0-2560_frame_meta_entropy_histogram.csv,Mice-hc,20200111_USVpairs_court1,Mice
1728.0,0.0044489594043265,Correctly Tracked,/root/vast/mustafa/dreem-experiments/paper-plots/uncertainty-animals/no-post-processing-no-weight-iou-entropies/20200111_USVpairs_court1_M1_F1_top-01112020145828-0000@0-2560_frame_meta_entropy_histogram.csv,Mice-hc,20200111_USVpairs_court1,Mice
1729.0,0.0044291189214049,Correctly Tracked,/root/vast/mustafa/dreem-experiments/paper-plots/uncertainty-animals/no-post-processing-no-weight-iou-entropies/20200111_USVpairs_court1_M1_F1_top-01112020145828-0000@0-2560_frame_meta_entropy_histogram.csv,Mice-hc,20200111_USVpairs_court1,Mice
173.0,0.0114406016847921,Correctly Tracked,/root/vast/mustafa/dreem-experiments/paper-plots/uncertainty-animals/no-post-processing-no-weight-iou-entropies/20200111_USVpairs_court1_M1_F1_top-01112020145828-0000@0-2560_frame_meta_entropy_histogram.csv,Mice-hc,20200111_USVpairs_court1,Mice
1730.0,0.0044213786944052,Correctly Tracked,/root/vast/mustafa/dreem-experiments/paper-plots/uncertainty-animals/no-post-processing-no-weight-iou-entropies/20200111_USVpairs_court1_M1_F1_top-01112020145828-0000@0-2560_frame_meta_entropy_histogram.csv,Mice-hc,20200111_USVpairs_court1,Mice
1731.0,0.0044189991531968,Correctly Tracked,/root/vast/mustafa/dreem-experiments/paper-plots/uncertainty-animals/no-post-processing-no-weight-iou-entropies/20200111_USVpairs_court1_M1_F1_top-01112020145828-0000@0-2560_frame_meta_entropy_histogram.csv,Mice-hc,20200111_USVpairs_court1,Mice
1732.0,0.0044089989666756,Correctly Tracked,/root/vast/mustafa/dreem-experiments/paper-plots/uncertainty-animals/no-post-processing-no-weight-iou-entropies/20200111_USVpairs_court1_M1_F1_top-01112020145828-0000@0-2560_frame_meta_entropy_histogram.csv,Mice-hc,20200111_USVpairs_court1,Mice
1733.0,0.0043906693782141,Correctly Tracked,/root/vast/mustafa/dreem-experiments/paper-plots/uncertainty-animals/no-post-processing-no-weight-iou-entropies/20200111_USVpairs_court1_M1_F1_top-01112020145828-0000@0-2560_frame_meta_entropy_histogram.csv,Mice-hc,20200111_USVpairs_court1,Mice
1734.0,0.0043778650683152,Correctly Tracked,/root/vast/mustafa/dreem-experiments/paper-plots/uncertainty-animals/no-post-processing-no-weight-iou-entropies/20200111_USVpairs_court1_M1_F1_top-01112020145828-0000@0-2560_frame_meta_entropy_histogram.csv,Mice-hc,20200111_USVpairs_court1,Mice
1735.0,0.0043724610509576,Correctly Tracked,/root/vast/mustafa/dreem-experiments/paper-plots/uncertainty-animals/no-post-processing-no-weight-iou-entropies/20200111_USVpairs_court1_M1_F1_top-01112020145828-0000@0-2560_frame_meta_entropy_histogram.csv,Mice-hc,20200111_USVpairs_court1,Mice
1736.0,0.0043685554996264,Correctly Tracked,/root/vast/mustafa/dreem-experiments/paper-plots/uncertainty-animals/no-post-processing-no-weight-iou-entropies/20200111_USVpairs_court1_M1_F1_top-01112020145828-0000@0-2560_frame_meta_entropy_histogram.csv,Mice-hc,20200111_USVpairs_court1,Mice
1737.0,0.0043653412379348,Correctly Tracked,/root/vast/mustafa/dreem-experiments/paper-plots/uncertainty-animals/no-post-processing-no-weight-iou-entropies/20200111_USVpairs_court1_M1_F1_top-01112020145828-0000@0-2560_frame_meta_entropy_histogram.csv,Mice-hc,20200111_USVpairs_court1,Mice
1738.0,0.0043632025396183,Correctly Tracked,/root/vast/mustafa/dreem-experiments/paper-plots/uncertainty-animals/no-post-processing-no-weight-iou-entropies/20200111_USVpairs_court1_M1_F1_top-01112020145828-0000@0-2560_frame_meta_entropy_histogram.csv,Mice-hc,20200111_USVpairs_court1,Mice
1739.0,0.0043627359694971,Correctly Tracked,/root/vast/mustafa/dreem-experiments/paper-plots/uncertainty-animals/no-post-processing-no-weight-iou-entropies/20200111_USVpairs_court1_M1_F1_top-01112020145828-0000@0-2560_frame_meta_entropy_histogram.csv,Mice-hc,20200111_USVpairs_court1,Mice
174.0,0.0148895323598936,Correctly Tracked,/root/vast/mustafa/dreem-experiments/paper-plots/uncertainty-animals/no-post-processing-no-weight-iou-entropies/20200111_USVpairs_court1_M1_F1_top-01112020145828-0000@0-2560_frame_meta_entropy_histogram.csv,Mice-hc,20200111_USVpairs_court1,Mice
1740.0,0.0043629902485337,Correctly Tracked,/root/vast/mustafa/dreem-experiments/paper-plots/uncertainty-animals/no-post-processing-no-weight-iou-entropies/20200111_USVpairs_court1_M1_F1_top-01112020145828-0000@0-2560_frame_meta_entropy_histogram.csv,Mice-hc,20200111_USVpairs_court1,Mice
1741.0,0.0043646795078133,Correctly Tracked,/root/vast/mustafa/dreem-experiments/paper-plots/uncertainty-animals/no-post-processing-no-weight-iou-entropies/20200111_USVpairs_court1_M1_F1_top-01112020145828-0000@0-2560_frame_meta_entropy_histogram.csv,Mice-hc,20200111_USVpairs_court1,Mice
1742.0,0.0043645182740781,Correctly Tracked,/root/vast/mustafa/dreem-experiments/paper-plots/uncertainty-animals/no-post-processing-no-weight-iou-entropies/20200111_USVpairs_court1_M1_F1_top-01112020145828-0000@0-2560_frame_meta_entropy_histogram.csv,Mice-hc,20200111_USVpairs_court1,Mice
1743.0,0.0043639791487761,Correctly Tracked,/root/vast/mustafa/dreem-experiments/paper-plots/uncertainty-animals/no-post-processing-no-weight-iou-entropies/20200111_USVpairs_court1_M1_F1_top-01112020145828-0000@0-2560_frame_meta_entropy_histogram.csv,Mice-hc,20200111_USVpairs_court1,Mice
1744.0,0.0043621095092552,Correctly Tracked,/root/vast/mustafa/dreem-experiments/paper-plots/uncertainty-animals/no-post-processing-no-weight-iou-entropies/20200111_USVpairs_court1_M1_F1_top-01112020145828-0000@0-2560_frame_meta_entropy_histogram.csv,Mice-hc,20200111_USVpairs_court1,Mice
1745.0,0.0043648760114281,Correctly Tracked,/root/vast/mustafa/dreem-experiments/paper-plots/uncertainty-animals/no-post-processing-no-weight-iou-entropies/20200111_USVpairs_court1_M1_F1_top-01112020145828-0000@0-2560_frame_meta_entropy_histogram.csv,Mice-hc,20200111_USVpairs_court1,Mice
1746.0,0.0043680889295052,Correctly Tracked,/root/vast/mustafa/dreem-experiments/paper-plots/uncertainty-animals/no-post-processing-no-weight-iou-entropies/20200111_USVpairs_court1_M1_F1_top-01112020145828-0000@0-2560_frame_meta_entropy_histogram.csv,Mice-hc,20200111_USVpairs_court1,Mice
1747.0,0.0043708121001118,Correctly Tracked,/root/vast/mustafa/dreem-experiments/paper-plots/uncertainty-animals/no-post-processing-no-weight-iou-entropies/20200111_USVpairs_court1_M1_F1_top-01112020145828-0000@0-2560_frame_meta_entropy_histogram.csv,Mice-hc,20200111_USVpairs_court1,Mice
1748.0,0.004381056488561,Correctly Tracked,/root/vast/mustafa/dreem-experiments/paper-plots/uncertainty-animals/no-post-processing-no-weight-iou-entropies/20200111_USVpairs_court1_M1_F1_top-01112020145828-0000@0-2560_frame_meta_entropy_histogram.csv,Mice-hc,20200111_USVpairs_court1,Mice
1749.0,0.0043887171064039,Correctly Tracked,/root/vast/mustafa/dreem-experiments/paper-plots/uncertainty-animals/no-post-processing-no-weight-iou-entropies/20200111_USVpairs_court1_M1_F1_top-01112020145828-0000@0-2560_frame_meta_entropy_histogram.csv,Mice-hc,20200111_USVpairs_court1,Mice
175.0,0.0175542893277837,Correctly Tracked,/root/vast/mustafa/dreem-experiments/paper-plots/uncertainty-animals/no-post-processing-no-weight-iou-entropies/20200111_USVpairs_court1_M1_F1_top-01112020145828-0000@0-2560_frame_meta_entropy_histogram.csv,Mice-hc,20200111_USVpairs_court1,Mice
1750.0,0.0044040151647404,Correctly Tracked,/root/vast/mustafa/dreem-experiments/paper-plots/uncertainty-animals/no-post-processing-no-weight-iou-entropies/20200111_USVpairs_court1_M1_F1_top-01112020145828-0000@0-2560_frame_meta_entropy_histogram.csv,Mice-hc,20200111_USVpairs_court1,Mice
1751.0,0.0044014542355799,Correctly Tracked,/root/vast/mustafa/dreem-experiments/paper-plots/uncertainty-animals/no-post-processing-no-weight-iou-entropies/20200111_USVpairs_court1_M1_F1_top-01112020145828-0000@0-2560_frame_meta_entropy_histogram.csv,Mice-hc,20200111_USVpairs_court1,Mice
1752.0,0.0043939004350865,Correctly Tracked,/root/vast/mustafa/dreem-experiments/paper-plots/uncertainty-animals/no-post-processing-no-weight-iou-entropies/20200111_USVpairs_court1_M1_F1_top-01112020145828-0000@0-2560_frame_meta_entropy_histogram.csv,Mice-hc,20200111_USVpairs_court1,Mice
1753.0,0.0043996977955772,Correctly Tracked,/root/vast/mustafa/dreem-experiments/paper-plots/uncertainty-animals/no-post-processing-no-weight-iou-entropies/20200111_USVpairs_court1_M1_F1_top-01112020145828-0000@0-2560_frame_meta_entropy_histogram.csv,Mice-hc,20200111_USVpairs_court1,Mice
1754.0,0.0044095380919776,Correctly Tracked,/root/vast/mustafa/dreem-experiments/paper-plots/uncertainty-animals/no-post-processing-no-weight-iou-entropies/20200111_USVpairs_court1_M1_F1_top-01112020145828-0000@0-2560_frame_meta_entropy_histogram.csv,Mice-hc,20200111_USVpairs_court1,Mice
1755.0,0.0044415910226286,Correctly Tracked,/root/vast/mustafa/dreem-experiments/paper-plots/uncertainty-animals/no-post-processing-no-weight-iou-entropies/20200111_USVpairs_court1_M1_F1_top-01112020145828-0000@0-2560_frame_meta_entropy_histogram.csv,Mice-hc,20200111_USVpairs_court1,Mice
1756.0,0.0044056738567911,Correctly Tracked,/root/vast/mustafa/dreem-experiments/paper-plots/uncertainty-animals/no-post-processing-no-weight-iou-entropies/20200111_USVpairs_court1_M1_F1_top-01112020145828-0000@0-2560_frame_meta_entropy_histogram.csv,Mice-hc,20200111_USVpairs_court1,Mice
1757.0,0.0050352805078648,Correctly Tracked,/root/vast/mustafa/dreem-experiments/paper-plots/uncertainty-animals/no-post-processing-no-weight-iou-entropies/20200111_USVpairs_court1_M1_F1_top-01112020145828-0000@0-2560_frame_meta_entropy_histogram.csv,Mice-hc,20200111_USVpairs_court1,Mice
1758.0,0.004687195012398,Correctly Tracked,/root/vast/mustafa/dreem-experiments/paper-plots/uncertainty-animals/no-post-processing-no-weight-iou-entropies/20200111_USVpairs_court1_M1_F1_top-01112020145828-0000@0-2560_frame_meta_entropy_histogram.csv,Mice-hc,20200111_USVpairs_court1,Mice
1759.0,0.0045298161070995,Correctly Tracked,/root/vast/mustafa/dreem-experiments/paper-plots/uncertainty-animals/no-post-processing-no-weight-iou-entropies/20200111_USVpairs_court1_M1_F1_top-01112020145828-0000@0-2560_frame_meta_entropy_histogram.csv,Mice-hc,20200111_USVpairs_court1,Mice
176.0,0.0163846030725187,Correctly Tracked,/root/vast/mustafa/dreem-experiments/paper-plots/uncertainty-animals/no-post-processing-no-weight-iou-entropies/20200111_USVpairs_court1_M1_F1_top-01112020145828-0000@0-2560_frame_meta_entropy_histogram.csv,Mice-hc,20200111_USVpairs_court1,Mice
1760.0,0.0044337066929781,Correctly Tracked,/root/vast/mustafa/dreem-experiments/paper-plots/uncertainty-animals/no-post-processing-no-weight-iou-entropies/20200111_USVpairs_court1_M1_F1_top-01112020145828-0000@0-2560_frame_meta_entropy_histogram.csv,Mice-hc,20200111_USVpairs_court1,Mice
1761.0,0.0044349273667149,Correctly Tracked,/root/vast/mustafa/dreem-experiments/paper-plots/uncertainty-animals/no-post-processing-no-weight-iou-entropies/20200111_USVpairs_court1_M1_F1_top-01112020145828-0000@0-2560_frame_meta_entropy_histogram.csv,Mice-hc,20200111_USVpairs_court1,Mice
1762.0,0.0044210884736819,Correctly Tracked,/root/vast/mustafa/dreem-experiments/paper-plots/uncertainty-animals/no-post-processing-no-weight-iou-entropies/20200111_USVpairs_court1_M1_F1_top-01112020145828-0000@0-2560_frame_meta_entropy_histogram.csv,Mice-hc,20200111_USVpairs_court1,Mice
1763.0,0.0043946377435213,Correctly Tracked,/root/vast/mustafa/dreem-experiments/paper-plots/uncertainty-animals/no-post-processing-no-weight-iou-entropies/20200111_USVpairs_court1_M1_F1_top-01112020145828-0000@0-2560_frame_meta_entropy_histogram.csv,Mice-hc,20200111_USVpairs_court1,Mice
1764.0,0.0043734630514411,Correctly Tracked,/root/vast/mustafa/dreem-experiments/paper-plots/uncertainty-animals/no-post-processing-no-weight-iou-entropies/20200111_USVpairs_court1_M1_F1_top-01112020145828-0000@0-2560_frame_meta_entropy_histogram.csv,Mice-hc,20200111_USVpairs_court1,Mice
1765.0,0.0043603597873249,Correctly Tracked,/root/vast/mustafa/dreem-experiments/paper-plots/uncertainty-animals/no-post-processing-no-weight-iou-entropies/20200111_USVpairs_court1_M1_F1_top-01112020145828-0000@0-2560_frame_meta_entropy_histogram.csv,Mice-hc,20200111_USVpairs_court1,Mice
1766.0,0.0043581377849119,Correctly Tracked,/root/vast/mustafa/dreem-experiments/paper-plots/uncertainty-animals/no-post-processing-no-weight-iou-entropies/20200111_USVpairs_court1_M1_F1_top-01112020145828-0000@0-2560_frame_meta_entropy_histogram.csv,Mice-hc,20200111_USVpairs_court1,Mice
1767.0,0.004358249304912,Correctly Tracked,/root/vast/mustafa/dreem-experiments/paper-plots/uncertainty-animals/no-post-processing-no-weight-iou-entropies/20200111_USVpairs_court1_M1_F1_top-01112020145828-0000@0-2560_frame_meta_entropy_histogram.csv,Mice-hc,20200111_USVpairs_court1,Mice
1768.0,0.0043590930947928,Correctly Tracked,/root/vast/mustafa/dreem-experiments/paper-plots/uncertainty-animals/no-post-processing-no-weight-iou-entropies/20200111_USVpairs_court1_M1_F1_top-01112020145828-0000@0-2560_frame_meta_entropy_histogram.csv,Mice-hc,20200111_USVpairs_court1,Mice
1769.0,0.0043602969733489,Correctly Tracked,/root/vast/mustafa/dreem-experiments/paper-plots/uncertainty-animals/no-post-processing-no-weight-iou-entropies/20200111_USVpairs_court1_M1_F1_top-01112020145828-0000@0-2560_frame_meta_entropy_histogram.csv,Mice-hc,20200111_USVpairs_court1,Mice
177.0,0.0203720920443393,Correctly Tracked,/root/vast/mustafa/dreem-experiments/paper-plots/uncertainty-animals/no-post-processing-no-weight-iou-entropies/20200111_USVpairs_court1_M1_F1_top-01112020145828-0000@0-2560_frame_meta_entropy_histogram.csv,Mice-hc,20200111_USVpairs_court1,Mice
1770.0,0.0043620880114239,Correctly Tracked,/root/vast/mustafa/dreem-experiments/paper-plots/uncertainty-animals/no-post-processing-no-weight-iou-entropies/20200111_USVpairs_court1_M1_F1_top-01112020145828-0000@0-2560_frame_meta_entropy_histogram.csv,Mice-hc,20200111_USVpairs_court1,Mice
1771.0,0.0043635451613056,Correctly Tracked,/root/vast/mustafa/dreem-experiments/paper-plots/uncertainty-animals/no-post-processing-no-weight-iou-entropies/20200111_USVpairs_court1_M1_F1_top-01112020145828-0000@0-2560_frame_meta_entropy_histogram.csv,Mice-hc,20200111_USVpairs_court1,Mice
1772.0,0.0043631847367267,Correctly Tracked,/root/vast/mustafa/dreem-experiments/paper-plots/uncertainty-animals/no-post-processing-no-weight-iou-entropies/20200111_USVpairs_court1_M1_F1_top-01112020145828-0000@0-2560_frame_meta_entropy_histogram.csv,Mice-hc,20200111_USVpairs_court1,Mice
1773.0,0.0043634947757633,Correctly Tracked,/root/vast/mustafa/dreem-experiments/paper-plots/uncertainty-animals/no-post-processing-no-weight-iou-entropies/20200111_USVpairs_court1_M1_F1_top-01112020145828-0000@0-2560_frame_meta_entropy_histogram.csv,Mice-hc,20200111_USVpairs_court1,Mice
1774.0,0.0043681037092643,Correctly Tracked,/root/vast/mustafa/dreem-experiments/paper-plots/uncertainty-animals/no-post-processing-no-weight-iou-entropies/20200111_USVpairs_court1_M1_F1_top-01112020145828-0000@0-2560_frame_meta_entropy_histogram.csv,Mice-hc,20200111_USVpairs_court1,Mice
1775.0,0.0043638461309446,Correctly Tracked,/root/vast/mustafa/dreem-experiments/paper-plots/uncertainty-animals/no-post-processing-no-weight-iou-entropies/20200111_USVpairs_court1_M1_F1_top-01112020145828-0000@0-2560_frame_meta_entropy_histogram.csv,Mice-hc,20200111_USVpairs_court1,Mice
1776.0,0.0043726864422833,Correctly Tracked,/root/vast/mustafa/dreem-experiments/paper-plots/uncertainty-animals/no-post-processing-no-weight-iou-entropies/20200111_USVpairs_court1_M1_F1_top-01112020145828-0000@0-2560_frame_meta_entropy_histogram.csv,Mice-hc,20200111_USVpairs_court1,Mice
1777.0,0.0043896220307427,Correctly Tracked,/root/vast/mustafa/dreem-experiments/paper-plots/uncertainty-animals/no-post-processing-no-weight-iou-entropies/20200111_USVpairs_court1_M1_F1_top-01112020145828-0000@0-2560_frame_meta_entropy_histogram.csv,Mice-hc,20200111_USVpairs_court1,Mice
1778.0,0.0044093341984834,Correctly Tracked,/root/vast/mustafa/dreem-experiments/paper-plots/uncertainty-animals/no-post-processing-no-weight-iou-entropies/20200111_USVpairs_court1_M1_F1_top-01112020145828-0000@0-2560_frame_meta_entropy_histogram.csv,Mice-hc,20200111_USVpairs_court1,Mice
1779.0,0.0043931429724347,Correctly Tracked,/root/vast/mustafa/dreem-experiments/paper-plots/uncertainty-animals/no-post-processing-no-weight-iou-entropies/20200111_USVpairs_court1_M1_F1_top-01112020145828-0000@0-2560_frame_meta_entropy_histogram.csv,Mice-hc,20200111_USVpairs_court1,Mice
178.0,0.0215048853337653,Correctly Tracked,/root/vast/mustafa/dreem-experiments/paper-plots/uncertainty-animals/no-post-processing-no-weight-iou-entropies/20200111_USVpairs_court1_M1_F1_top-01112020145828-0000@0-2560_frame_meta_entropy_histogram.csv,Mice-hc,20200111_USVpairs_court1,Mice
1780.0,0.0043859929280866,Correctly Tracked,/root/vast/mustafa/dreem-experiments/paper-plots/uncertainty-animals/no-post-processing-no-weight-iou-entropies/20200111_USVpairs_court1_M1_F1_top-01112020145828-0000@0-2560_frame_meta_entropy_histogram.csv,Mice-hc,20200111_USVpairs_court1,Mice
1781.0,0.0043930193599044,Correctly Tracked,/root/vast/mustafa/dreem-experiments/paper-plots/uncertainty-animals/no-post-processing-no-weight-iou-entropies/20200111_USVpairs_court1_M1_F1_top-01112020145828-0000@0-2560_frame_meta_entropy_histogram.csv,Mice-hc,20200111_USVpairs_court1,Mice
1782.0,0.0043930684018322,Correctly Tracked,/root/vast/mustafa/dreem-experiments/paper-plots/uncertainty-animals/no-post-processing-no-weight-iou-entropies/20200111_USVpairs_court1_M1_F1_top-01112020145828-0000@0-2560_frame_meta_entropy_histogram.csv,Mice-hc,20200111_USVpairs_court1,Mice
1783.0,0.0044079999893247,Correctly Tracked,/root/vast/mustafa/dreem-experiments/paper-plots/uncertainty-animals/no-post-processing-no-weight-iou-entropies/20200111_USVpairs_court1_M1_F1_top-01112020145828-0000@0-2560_frame_meta_entropy_histogram.csv,Mice-hc,20200111_USVpairs_court1,Mice
1784.0,0.0044016614881103,Correctly Tracked,/root/vast/mustafa/dreem-experiments/paper-plots/uncertainty-animals/no-post-processing-no-weight-iou-entropies/20200111_USVpairs_court1_M1_F1_top-01112020145828-0000@0-2560_frame_meta_entropy_histogram.csv,Mice-hc,20200111_USVpairs_court1,Mice
1785.0,0.0043818287309718,Correctly Tracked,/root/vast/mustafa/dreem-experiments/paper-plots/uncertainty-animals/no-post-processing-no-weight-iou-entropies/20200111_USVpairs_court1_M1_F1_top-01112020145828-0000@0-2560_frame_meta_entropy_histogram.csv,Mice-hc,20200111_USVpairs_court1,Mice
1786.0,0.004380922127115,Correctly Tracked,/root/vast/mustafa/dreem-experiments/paper-plots/uncertainty-animals/no-post-processing-no-weight-iou-entropies/20200111_USVpairs_court1_M1_F1_top-01112020145828-0000@0-2560_frame_meta_entropy_histogram.csv,Mice-hc,20200111_USVpairs_court1,Mice
1787.0,0.0043985177661778,Correctly Tracked,/root/vast/mustafa/dreem-experiments/paper-plots/uncertainty-animals/no-post-processing-no-weight-iou-entropies/20200111_USVpairs_court1_M1_F1_top-01112020145828-0000@0-2560_frame_meta_entropy_histogram.csv,Mice-hc,20200111_USVpairs_court1,Mice
1788.0,0.0043935547902667,Correctly Tracked,/root/vast/mustafa/dreem-experiments/paper-plots/uncertainty-animals/no-post-processing-no-weight-iou-entropies/20200111_USVpairs_court1_M1_F1_top-01112020145828-0000@0-2560_frame_meta_entropy_histogram.csv,Mice-hc,20200111_USVpairs_court1,Mice
1789.0,0.004391685822553,Correctly Tracked,/root/vast/mustafa/dreem-experiments/paper-plots/uncertainty-animals/no-post-processing-no-weight-iou-entropies/20200111_USVpairs_court1_M1_F1_top-01112020145828-0000@0-2560_frame_meta_entropy_histogram.csv,Mice-hc,20200111_USVpairs_court1,Mice
179.0,0.0249669095317783,Correctly Tracked,/root/vast/mustafa/dreem-experiments/paper-plots/uncertainty-animals/no-post-processing-no-weight-iou-entropies/20200111_USVpairs_court1_M1_F1_top-01112020145828-0000@0-2560_frame_meta_entropy_histogram.csv,Mice-hc,20200111_USVpairs_court1,Mice
1790.0,0.0043862592996532,Correctly Tracked,/root/vast/mustafa/dreem-experiments/paper-plots/uncertainty-animals/no-post-processing-no-weight-iou-entropies/20200111_USVpairs_court1_M1_F1_top-01112020145828-0000@0-2560_frame_meta_entropy_histogram.csv,Mice-hc,20200111_USVpairs_court1,Mice
1791.0,0.0043860748885686,Correctly Tracked,/root/vast/mustafa/dreem-experiments/paper-plots/uncertainty-animals/no-post-processing-no-weight-iou-entropies/20200111_USVpairs_court1_M1_F1_top-01112020145828-0000@0-2560_frame_meta_entropy_histogram.csv,Mice-hc,20200111_USVpairs_court1,Mice
1792.0,0.0043817608784416,Correctly Tracked,/root/vast/mustafa/dreem-experiments/paper-plots/uncertainty-animals/no-post-processing-no-weight-iou-entropies/20200111_USVpairs_court1_M1_F1_top-01112020145828-0000@0-2560_frame_meta_entropy_histogram.csv,Mice-hc,20200111_USVpairs_court1,Mice
1793.0,0.0043872172967631,Correctly Tracked,/root/vast/mustafa/dreem-experiments/paper-plots/uncertainty-animals/no-post-processing-no-weight-iou-entropies/20200111_USVpairs_court1_M1_F1_top-01112020145828-0000@0-2560_frame_meta_entropy_histogram.csv,Mice-hc,20200111_USVpairs_court1,Mice
1794.0,0.0043904745541174,Correctly Tracked,/root/vast/mustafa/dreem-experiments/paper-plots/uncertainty-animals/no-post-processing-no-weight-iou-entropies/20200111_USVpairs_court1_M1_F1_top-01112020145828-0000@0-2560_frame_meta_entropy_histogram.csv,Mice-hc,20200111_USVpairs_court1,Mice
1795.0,0.0044049923083563,Correctly Tracked,/root/vast/mustafa/dreem-experiments/paper-plots/uncertainty-animals/no-post-processing-no-weight-iou-entropies/20200111_USVpairs_court1_M1_F1_top-01112020145828-0000@0-2560_frame_meta_entropy_histogram.csv,Mice-hc,20200111_USVpairs_court1,Mice
1796.0,0.0043690227415548,Correctly Tracked,/root/vast/mustafa/dreem-experiments/paper-plots/uncertainty-animals/no-post-processing-no-weight-iou-entropies/20200111_USVpairs_court1_M1_F1_top-01112020145828-0000@0-2560_frame_meta_entropy_histogram.csv,Mice-hc,20200111_USVpairs_court1,Mice
1797.0,0.0043682115343247,Correctly Tracked,/root/vast/mustafa/dreem-experiments/paper-plots/uncertainty-animals/no-post-processing-no-weight-iou-entropies/20200111_USVpairs_court1_M1_F1_top-01112020145828-0000@0-2560_frame_meta_entropy_histogram.csv,Mice-hc,20200111_USVpairs_court1,Mice
1798.0,0.3832071851122623,Correctly Tracked,/root/vast/mustafa/dreem-experiments/paper-plots/uncertainty-animals/no-post-processing-no-weight-iou-entropies/20200111_USVpairs_court1_M1_F1_top-01112020145828-0000@0-2560_frame_meta_entropy_histogram.csv,Mice-hc,20200111_USVpairs_court1,Mice
1799.0,0.2227750180683881,Correctly Tracked,/root/vast/mustafa/dreem-experiments/paper-plots/uncertainty-animals/no-post-processing-no-weight-iou-entropies/20200111_USVpairs_court1_M1_F1_top-01112020145828-0000@0-2560_frame_meta_entropy_histogram.csv,Mice-hc,20200111_USVpairs_court1,Mice
18.0,0.0651261967482461,Correctly Tracked,/root/vast/mustafa/dreem-experiments/paper-plots/uncertainty-animals/no-post-processing-no-weight-iou-entropies/20200111_USVpairs_court1_M1_F1_top-01112020145828-0000@0-2560_frame_meta_entropy_histogram.csv,Mice-hc,20200111_USVpairs_court1,Mice
180.0,0.0315969643350698,Correctly Tracked,/root/vast/mustafa/dreem-experiments/paper-plots/uncertainty-animals/no-post-processing-no-weight-iou-entropies/20200111_USVpairs_court1_M1_F1_top-01112020145828-0000@0-2560_frame_meta_entropy_histogram.csv,Mice-hc,20200111_USVpairs_court1,Mice
1800.0,0.0866963683086164,Correctly Tracked,/root/vast/mustafa/dreem-experiments/paper-plots/uncertainty-animals/no-post-processing-no-weight-iou-entropies/20200111_USVpairs_court1_M1_F1_top-01112020145828-0000@0-2560_frame_meta_entropy_histogram.csv,Mice-hc,20200111_USVpairs_court1,Mice
1801.0,0.0350525794921092,Correctly Tracked,/root/vast/mustafa/dreem-experiments/paper-plots/uncertainty-animals/no-post-processing-no-weight-iou-entropies/20200111_USVpairs_court1_M1_F1_top-01112020145828-0000@0-2560_frame_meta_entropy_histogram.csv,Mice-hc,20200111_USVpairs_court1,Mice
1802.0,0.0118144959986112,Correctly Tracked,/root/vast/mustafa/dreem-experiments/paper-plots/uncertainty-animals/no-post-processing-no-weight-iou-entropies/20200111_USVpairs_court1_M1_F1_top-01112020145828-0000@0-2560_frame_meta_entropy_histogram.csv,Mice-hc,20200111_USVpairs_court1,Mice
1803.0,0.0093955687477198,Correctly Tracked,/root/vast/mustafa/dreem-experiments/paper-plots/uncertainty-animals/no-post-processing-no-weight-iou-entropies/20200111_USVpairs_court1_M1_F1_top-01112020145828-0000@0-2560_frame_meta_entropy_histogram.csv,Mice-hc,20200111_USVpairs_court1,Mice
1804.0,0.0081053273568505,Correctly Tracked,/root/vast/mustafa/dreem-experiments/paper-plots/uncertainty-animals/no-post-processing-no-weight-iou-entropies/20200111_USVpairs_court1_M1_F1_top-01112020145828-0000@0-2560_frame_meta_entropy_histogram.csv,Mice-hc,20200111_USVpairs_court1,Mice
1805.0,0.0087797062648596,Correctly Tracked,/root/vast/mustafa/dreem-experiments/paper-plots/uncertainty-animals/no-post-processing-no-weight-iou-entropies/20200111_USVpairs_court1_M1_F1_top-01112020145828-0000@0-2560_frame_meta_entropy_histogram.csv,Mice-hc,20200111_USVpairs_court1,Mice
1806.0,0.0087162245124743,Correctly Tracked,/root/vast/mustafa/dreem-experiments/paper-plots/uncertainty-animals/no-post-processing-no-weight-iou-entropies/20200111_USVpairs_court1_M1_F1_top-01112020145828-0000@0-2560_frame_meta_entropy_histogram.csv,Mice-hc,20200111_USVpairs_court1,Mice
1807.0,0.0089163102033797,Correctly Tracked,/root/vast/mustafa/dreem-experiments/paper-plots/uncertainty-animals/no-post-processing-no-weight-iou-entropies/20200111_USVpairs_court1_M1_F1_top-01112020145828-0000@0-2560_frame_meta_entropy_histogram.csv,Mice-hc,20200111_USVpairs_court1,Mice
1808.0,0.0894179131416527,Correctly Tracked,/root/vast/mustafa/dreem-experiments/paper-plots/uncertainty-animals/no-post-processing-no-weight-iou-entropies/20200111_USVpairs_court1_M1_F1_top-01112020145828-0000@0-2560_frame_meta_entropy_histogram.csv,Mice-hc,20200111_USVpairs_court1,Mice
1809.0,0.0683502802615614,Correctly Tracked,/root/vast/mustafa/dreem-experiments/paper-plots/uncertainty-animals/no-post-processing-no-weight-iou-entropies/20200111_USVpairs_court1_M1_F1_top-01112020145828-0000@0-2560_frame_meta_entropy_histogram.csv,Mice-hc,20200111_USVpairs_court1,Mice
181.0,0.0193485023637534,Correctly Tracked,/root/vast/mustafa/dreem-experiments/paper-plots/uncertainty-animals/no-post-processing-no-weight-iou-entropies/20200111_USVpairs_court1_M1_F1_top-01112020145828-0000@0-2560_frame_meta_entropy_histogram.csv,Mice-hc,20200111_USVpairs_court1,Mice
1810.0,0.0338074143509468,Correctly Tracked,/root/vast/mustafa/dreem-experiments/paper-plots/uncertainty-animals/no-post-processing-no-weight-iou-entropies/20200111_USVpairs_court1_M1_F1_top-01112020145828-0000@0-2560_frame_meta_entropy_histogram.csv,Mice-hc,20200111_USVpairs_court1,Mice
1811.0,0.0073661358463337,Correctly Tracked,/root/vast/mustafa/dreem-experiments/paper-plots/uncertainty-animals/no-post-processing-no-weight-iou-entropies/20200111_USVpairs_court1_M1_F1_top-01112020145828-0000@0-2560_frame_meta_entropy_histogram.csv,Mice-hc,20200111_USVpairs_court1,Mice
1812.0,0.0205353143289238,Correctly Tracked,/root/vast/mustafa/dreem-experiments/paper-plots/uncertainty-animals/no-post-processing-no-weight-iou-entropies/20200111_USVpairs_court1_M1_F1_top-01112020145828-0000@0-2560_frame_meta_entropy_histogram.csv,Mice-hc,20200111_USVpairs_court1,Mice
1813.0,0.0057167765416678,Correctly Tracked,/root/vast/mustafa/dreem-experiments/paper-plots/uncertainty-animals/no-post-processing-no-weight-iou-entropies/20200111_USVpairs_court1_M1_F1_top-01112020145828-0000@0-2560_frame_meta_entropy_histogram.csv,Mice-hc,20200111_USVpairs_court1,Mice
1814.0,0.0069582668972825,Correctly Tracked,/root/vast/mustafa/dreem-experiments/paper-plots/uncertainty-animals/no-post-processing-no-weight-iou-entropies/20200111_USVpairs_court1_M1_F1_top-01112020145828-0000@0-2560_frame_meta_entropy_histogram.csv,Mice-hc,20200111_USVpairs_court1,Mice
1815.0,0.0073969590338503,Correctly Tracked,/root/vast/mustafa/dreem-experiments/paper-plots/uncertainty-animals/no-post-processing-no-weight-iou-entropies/20200111_USVpairs_court1_M1_F1_top-01112020145828-0000@0-2560_frame_meta_entropy_histogram.csv,Mice-hc,20200111_USVpairs_court1,Mice
1816.0,0.005281703094744,Correctly Tracked,/root/vast/mustafa/dreem-experiments/paper-plots/uncertainty-animals/no-post-processing-no-weight-iou-entropies/20200111_USVpairs_court1_M1_F1_top-01112020145828-0000@0-2560_frame_meta_entropy_histogram.csv,Mice-hc,20200111_USVpairs_court1,Mice
1817.0,0.0053757305782598,Correctly Tracked,/root/vast/mustafa/dreem-experiments/paper-plots/uncertainty-animals/no-post-processing-no-weight-iou-entropies/20200111_USVpairs_court1_M1_F1_top-01112020145828-0000@0-2560_frame_meta_entropy_histogram.csv,Mice-hc,20200111_USVpairs_court1,Mice
1818.0,0.0051362524627165,Correctly Tracked,/root/vast/mustafa/dreem-experiments/paper-plots/uncertainty-animals/no-post-processing-no-weight-iou-entropies/20200111_USVpairs_court1_M1_F1_top-01112020145828-0000@0-2560_frame_meta_entropy_histogram.csv,Mice-hc,20200111_USVpairs_court1,Mice
1819.0,0.0102065616713573,Correctly Tracked,/root/vast/mustafa/dreem-experiments/paper-plots/uncertainty-animals/no-post-processing-no-weight-iou-entropies/20200111_USVpairs_court1_M1_F1_top-01112020145828-0000@0-2560_frame_meta_entropy_histogram.csv,Mice-hc,20200111_USVpairs_court1,Mice
182.0,0.0182230156497601,Correctly Tracked,/root/vast/mustafa/dreem-experiments/paper-plots/uncertainty-animals/no-post-processing-no-weight-iou-entropies/20200111_USVpairs_court1_M1_F1_top-01112020145828-0000@0-2560_frame_meta_entropy_histogram.csv,Mice-hc,20200111_USVpairs_court1,Mice
1820.0,0.0065127122498609,Correctly Tracked,/root/vast/mustafa/dreem-experiments/paper-plots/uncertainty-animals/no-post-processing-no-weight-iou-entropies/20200111_USVpairs_court1_M1_F1_top-01112020145828-0000@0-2560_frame_meta_entropy_histogram.csv,Mice-hc,20200111_USVpairs_court1,Mice
1821.0,0.0049477796315878,Correctly Tracked,/root/vast/mustafa/dreem-experiments/paper-plots/uncertainty-animals/no-post-processing-no-weight-iou-entropies/20200111_USVpairs_court1_M1_F1_top-01112020145828-0000@0-2560_frame_meta_entropy_histogram.csv,Mice-hc,20200111_USVpairs_court1,Mice
1822.0,0.0051511806911728,Correctly Tracked,/root/vast/mustafa/dreem-experiments/paper-plots/uncertainty-animals/no-post-processing-no-weight-iou-entropies/20200111_USVpairs_court1_M1_F1_top-01112020145828-0000@0-2560_frame_meta_entropy_histogram.csv,Mice-hc,20200111_USVpairs_court1,Mice
1823.0,0.0057393492645935,Correctly Tracked,/root/vast/mustafa/dreem-experiments/paper-plots/uncertainty-animals/no-post-processing-no-weight-iou-entropies/20200111_USVpairs_court1_M1_F1_top-01112020145828-0000@0-2560_frame_meta_entropy_histogram.csv,Mice-hc,20200111_USVpairs_court1,Mice
1824.0,0.0047628714096211,Correctly Tracked,/root/vast/mustafa/dreem-experiments/paper-plots/uncertainty-animals/no-post-processing-no-weight-iou-entropies/20200111_USVpairs_court1_M1_F1_top-01112020145828-0000@0-2560_frame_meta_entropy_histogram.csv,Mice-hc,20200111_USVpairs_court1,Mice
1825.0,0.005009303737705,Correctly Tracked,/root/vast/mustafa/dreem-experiments/paper-plots/uncertainty-animals/no-post-processing-no-weight-iou-entropies/20200111_USVpairs_court1_M1_F1_top-01112020145828-0000@0-2560_frame_meta_entropy_histogram.csv,Mice-hc,20200111_USVpairs_court1,Mice
1826.0,0.0049592124470268,Correctly Tracked,/root/vast/mustafa/dreem-experiments/paper-plots/uncertainty-animals/no-post-processing-no-weight-iou-entropies/20200111_USVpairs_court1_M1_F1_top-01112020145828-0000@0-2560_frame_meta_entropy_histogram.csv,Mice-hc,20200111_USVpairs_court1,Mice
1827.0,0.0058443641553549,Correctly Tracked,/root/vast/mustafa/dreem-experiments/paper-plots/uncertainty-animals/no-post-processing-no-weight-iou-entropies/20200111_USVpairs_court1_M1_F1_top-01112020145828-0000@0-2560_frame_meta_entropy_histogram.csv,Mice-hc,20200111_USVpairs_court1,Mice
1828.0,0.0052644124561636,Correctly Tracked,/root/vast/mustafa/dreem-experiments/paper-plots/uncertainty-animals/no-post-processing-no-weight-iou-entropies/20200111_USVpairs_court1_M1_F1_top-01112020145828-0000@0-2560_frame_meta_entropy_histogram.csv,Mice-hc,20200111_USVpairs_court1,Mice
1829.0,0.0048702154560486,Correctly Tracked,/root/vast/mustafa/dreem-experiments/paper-plots/uncertainty-animals/no-post-processing-no-weight-iou-entropies/20200111_USVpairs_court1_M1_F1_top-01112020145828-0000@0-2560_frame_meta_entropy_histogram.csv,Mice-hc,20200111_USVpairs_court1,Mice
183.0,0.0168606712043239,Correctly Tracked,/root/vast/mustafa/dreem-experiments/paper-plots/uncertainty-animals/no-post-processing-no-weight-iou-entropies/20200111_USVpairs_court1_M1_F1_top-01112020145828-0000@0-2560_frame_meta_entropy_histogram.csv,Mice-hc,20200111_USVpairs_court1,Mice
1830.0,0.0050926041392769,Correctly Tracked,/root/vast/mustafa/dreem-experiments/paper-plots/uncertainty-animals/no-post-processing-no-weight-iou-entropies/20200111_USVpairs_court1_M1_F1_top-01112020145828-0000@0-2560_frame_meta_entropy_histogram.csv,Mice-hc,20200111_USVpairs_court1,Mice
1831.0,0.0063401814042984,Correctly Tracked,/root/vast/mustafa/dreem-experiments/paper-plots/uncertainty-animals/no-post-processing-no-weight-iou-entropies/20200111_USVpairs_court1_M1_F1_top-01112020145828-0000@0-2560_frame_meta_entropy_histogram.csv,Mice-hc,20200111_USVpairs_court1,Mice
1832.0,0.0059486803665972,Correctly Tracked,/root/vast/mustafa/dreem-experiments/paper-plots/uncertainty-animals/no-post-processing-no-weight-iou-entropies/20200111_USVpairs_court1_M1_F1_top-01112020145828-0000@0-2560_frame_meta_entropy_histogram.csv,Mice-hc,20200111_USVpairs_court1,Mice
1833.0,0.0058783025129967,Correctly Tracked,/root/vast/mustafa/dreem-experiments/paper-plots/uncertainty-animals/no-post-processing-no-weight-iou-entropies/20200111_USVpairs_court1_M1_F1_top-01112020145828-0000@0-2560_frame_meta_entropy_histogram.csv,Mice-hc,20200111_USVpairs_court1,Mice
1834.0,0.0055504320329822,Correctly Tracked,/root/vast/mustafa/dreem-experiments/paper-plots/uncertainty-animals/no-post-processing-no-weight-iou-entropies/20200111_USVpairs_court1_M1_F1_top-01112020145828-0000@0-2560_frame_meta_entropy_histogram.csv,Mice-hc,20200111_USVpairs_court1,Mice
1835.0,0.0057127161387701,Correctly Tracked,/root/vast/mustafa/dreem-experiments/paper-plots/uncertainty-animals/no-post-processing-no-weight-iou-entropies/20200111_USVpairs_court1_M1_F1_top-01112020145828-0000@0-2560_frame_meta_entropy_histogram.csv,Mice-hc,20200111_USVpairs_court1,Mice
1836.0,0.0054562970603095,Correctly Tracked,/root/vast/mustafa/dreem-experiments/paper-plots/uncertainty-animals/no-post-processing-no-weight-iou-entropies/20200111_USVpairs_court1_M1_F1_top-01112020145828-0000@0-2560_frame_meta_entropy_histogram.csv,Mice-hc,20200111_USVpairs_court1,Mice
1837.0,0.0108607158227092,Correctly Tracked,/root/vast/mustafa/dreem-experiments/paper-plots/uncertainty-animals/no-post-processing-no-weight-iou-entropies/20200111_USVpairs_court1_M1_F1_top-01112020145828-0000@0-2560_frame_meta_entropy_histogram.csv,Mice-hc,20200111_USVpairs_court1,Mice
1838.0,0.0050761116076857,Correctly Tracked,/root/vast/mustafa/dreem-experiments/paper-plots/uncertainty-animals/no-post-processing-no-weight-iou-entropies/20200111_USVpairs_court1_M1_F1_top-01112020145828-0000@0-2560_frame_meta_entropy_histogram.csv,Mice-hc,20200111_USVpairs_court1,Mice
1839.0,0.0052087465090913,Correctly Tracked,/root/vast/mustafa/dreem-experiments/paper-plots/uncertainty-animals/no-post-processing-no-weight-iou-entropies/20200111_USVpairs_court1_M1_F1_top-01112020145828-0000@0-2560_frame_meta_entropy_histogram.csv,Mice-hc,20200111_USVpairs_court1,Mice
184.0,0.0267674442737816,Correctly Tracked,/root/vast/mustafa/dreem-experiments/paper-plots/uncertainty-animals/no-post-processing-no-weight-iou-entropies/20200111_USVpairs_court1_M1_F1_top-01112020145828-0000@0-2560_frame_meta_entropy_histogram.csv,Mice-hc,20200111_USVpairs_court1,Mice
1840.0,0.0050017855429948,Correctly Tracked,/root/vast/mustafa/dreem-experiments/paper-plots/uncertainty-animals/no-post-processing-no-weight-iou-entropies/20200111_USVpairs_court1_M1_F1_top-01112020145828-0000@0-2560_frame_meta_entropy_histogram.csv,Mice-hc,20200111_USVpairs_court1,Mice
1841.0,0.0049057251708012,Correctly Tracked,/root/vast/mustafa/dreem-experiments/paper-plots/uncertainty-animals/no-post-processing-no-weight-iou-entropies/20200111_USVpairs_court1_M1_F1_top-01112020145828-0000@0-2560_frame_meta_entropy_histogram.csv,Mice-hc,20200111_USVpairs_court1,Mice
1842.0,0.0047763330828944,Correctly Tracked,/root/vast/mustafa/dreem-experiments/paper-plots/uncertainty-animals/no-post-processing-no-weight-iou-entropies/20200111_USVpairs_court1_M1_F1_top-01112020145828-0000@0-2560_frame_meta_entropy_histogram.csv,Mice-hc,20200111_USVpairs_court1,Mice
1843.0,0.0049763085974141,Correctly Tracked,/root/vast/mustafa/dreem-experiments/paper-plots/uncertainty-animals/no-post-processing-no-weight-iou-entropies/20200111_USVpairs_court1_M1_F1_top-01112020145828-0000@0-2560_frame_meta_entropy_histogram.csv,Mice-hc,20200111_USVpairs_court1,Mice
1844.0,0.0048482345952925,Correctly Tracked,/root/vast/mustafa/dreem-experiments/paper-plots/uncertainty-animals/no-post-processing-no-weight-iou-entropies/20200111_USVpairs_court1_M1_F1_top-01112020145828-0000@0-2560_frame_meta_entropy_histogram.csv,Mice-hc,20200111_USVpairs_court1,Mice
1845.0,0.004807825390412,Correctly Tracked,/root/vast/mustafa/dreem-experiments/paper-plots/uncertainty-animals/no-post-processing-no-weight-iou-entropies/20200111_USVpairs_court1_M1_F1_top-01112020145828-0000@0-2560_frame_meta_entropy_histogram.csv,Mice-hc,20200111_USVpairs_court1,Mice
1846.0,0.0043565408991263,Correctly Tracked,/root/vast/mustafa/dreem-experiments/paper-plots/uncertainty-animals/no-post-processing-no-weight-iou-entropies/20200111_USVpairs_court1_M1_F1_top-01112020145828-0000@0-2560_frame_meta_entropy_histogram.csv,Mice-hc,20200111_USVpairs_court1,Mice
1847.0,0.0043557992239445,Correctly Tracked,/root/vast/mustafa/dreem-experiments/paper-plots/uncertainty-animals/no-post-processing-no-weight-iou-entropies/20200111_USVpairs_court1_M1_F1_top-01112020145828-0000@0-2560_frame_meta_entropy_histogram.csv,Mice-hc,20200111_USVpairs_court1,Mice
1848.0,0.004357664832622,Correctly Tracked,/root/vast/mustafa/dreem-experiments/paper-plots/uncertainty-animals/no-post-processing-no-weight-iou-entropies/20200111_USVpairs_court1_M1_F1_top-01112020145828-0000@0-2560_frame_meta_entropy_histogram.csv,Mice-hc,20200111_USVpairs_court1,Mice
1849.0,0.0043623768885327,Correctly Tracked,/root/vast/mustafa/dreem-experiments/paper-plots/uncertainty-animals/no-post-processing-no-weight-iou-entropies/20200111_USVpairs_court1_M1_F1_top-01112020145828-0000@0-2560_frame_meta_entropy_histogram.csv,Mice-hc,20200111_USVpairs_court1,Mice
185.0,0.0448132936080927,Correctly Tracked,/root/vast/mustafa/dreem-experiments/paper-plots/uncertainty-animals/no-post-processing-no-weight-iou-entropies/20200111_USVpairs_court1_M1_F1_top-01112020145828-0000@0-2560_frame_meta_entropy_histogram.csv,Mice-hc,20200111_USVpairs_court1,Mice
1850.0,0.0043704503319185,Correctly Tracked,/root/vast/mustafa/dreem-experiments/paper-plots/uncertainty-animals/no-post-processing-no-weight-iou-entropies/20200111_USVpairs_court1_M1_F1_top-01112020145828-0000@0-2560_frame_meta_entropy_histogram.csv,Mice-hc,20200111_USVpairs_court1,Mice
1851.0,0.0044060285710085,Correctly Tracked,/root/vast/mustafa/dreem-experiments/paper-plots/uncertainty-animals/no-post-processing-no-weight-iou-entropies/20200111_USVpairs_court1_M1_F1_top-01112020145828-0000@0-2560_frame_meta_entropy_histogram.csv,Mice-hc,20200111_USVpairs_court1,Mice
1852.0,0.0044875379345054,Correctly Tracked,/root/vast/mustafa/dreem-experiments/paper-plots/uncertainty-animals/no-post-processing-no-weight-iou-entropies/20200111_USVpairs_court1_M1_F1_top-01112020145828-0000@0-2560_frame_meta_entropy_histogram.csv,Mice-hc,20200111_USVpairs_court1,Mice
1853.0,0.004569064093183,Correctly Tracked,/root/vast/mustafa/dreem-experiments/paper-plots/uncertainty-animals/no-post-processing-no-weight-iou-entropies/20200111_USVpairs_court1_M1_F1_top-01112020145828-0000@0-2560_frame_meta_entropy_histogram.csv,Mice-hc,20200111_USVpairs_court1,Mice
1854.0,0.0048275328555021,Correctly Tracked,/root/vast/mustafa/dreem-experiments/paper-plots/uncertainty-animals/no-post-processing-no-weight-iou-entropies/20200111_USVpairs_court1_M1_F1_top-01112020145828-0000@0-2560_frame_meta_entropy_histogram.csv,Mice-hc,20200111_USVpairs_court1,Mice
1855.0,0.0251002068351126,Correctly Tracked,/root/vast/mustafa/dreem-experiments/paper-plots/uncertainty-animals/no-post-processing-no-weight-iou-entropies/20200111_USVpairs_court1_M1_F1_top-01112020145828-0000@0-2560_frame_meta_entropy_histogram.csv,Mice-hc,20200111_USVpairs_court1,Mice
1856.0,0.0264840222396175,Correctly Tracked,/root/vast/mustafa/dreem-experiments/paper-plots/uncertainty-animals/no-post-processing-no-weight-iou-entropies/20200111_USVpairs_court1_M1_F1_top-01112020145828-0000@0-2560_frame_meta_entropy_histogram.csv,Mice-hc,20200111_USVpairs_court1,Mice
1857.0,0.0262352896435782,Correctly Tracked,/root/vast/mustafa/dreem-experiments/paper-plots/uncertainty-animals/no-post-processing-no-weight-iou-entropies/20200111_USVpairs_court1_M1_F1_top-01112020145828-0000@0-2560_frame_meta_entropy_histogram.csv,Mice-hc,20200111_USVpairs_court1,Mice
1858.0,0.0288120922653111,Correctly Tracked,/root/vast/mustafa/dreem-experiments/paper-plots/uncertainty-animals/no-post-processing-no-weight-iou-entropies/20200111_USVpairs_court1_M1_F1_top-01112020145828-0000@0-2560_frame_meta_entropy_histogram.csv,Mice-hc,20200111_USVpairs_court1,Mice
1859.0,0.0283863760853894,Correctly Tracked,/root/vast/mustafa/dreem-experiments/paper-plots/uncertainty-animals/no-post-processing-no-weight-iou-entropies/20200111_USVpairs_court1_M1_F1_top-01112020145828-0000@0-2560_frame_meta_entropy_histogram.csv,Mice-hc,20200111_USVpairs_court1,Mice
186.0,0.0308445536736897,Correctly Tracked,/root/vast/mustafa/dreem-experiments/paper-plots/uncertainty-animals/no-post-processing-no-weight-iou-entropies/20200111_USVpairs_court1_M1_F1_top-01112020145828-0000@0-2560_frame_meta_entropy_histogram.csv,Mice-hc,20200111_USVpairs_court1,Mice
1860.0,0.023052984478278,Correctly Tracked,/root/vast/mustafa/dreem-experiments/paper-plots/uncertainty-animals/no-post-processing-no-weight-iou-entropies/20200111_USVpairs_court1_M1_F1_top-01112020145828-0000@0-2560_frame_meta_entropy_histogram.csv,Mice-hc,20200111_USVpairs_court1,Mice
1861.0,0.029794204567521,Correctly Tracked,/root/vast/mustafa/dreem-experiments/paper-plots/uncertainty-animals/no-post-processing-no-weight-iou-entropies/20200111_USVpairs_court1_M1_F1_top-01112020145828-0000@0-2560_frame_meta_entropy_histogram.csv,Mice-hc,20200111_USVpairs_court1,Mice
1862.0,0.0390762533449485,Correctly Tracked,/root/vast/mustafa/dreem-experiments/paper-plots/uncertainty-animals/no-post-processing-no-weight-iou-entropies/20200111_USVpairs_court1_M1_F1_top-01112020145828-0000@0-2560_frame_meta_entropy_histogram.csv,Mice-hc,20200111_USVpairs_court1,Mice
1863.0,0.0552245697221697,Correctly Tracked,/root/vast/mustafa/dreem-experiments/paper-plots/uncertainty-animals/no-post-processing-no-weight-iou-entropies/20200111_USVpairs_court1_M1_F1_top-01112020145828-0000@0-2560_frame_meta_entropy_histogram.csv,Mice-hc,20200111_USVpairs_court1,Mice
1864.0,0.0311108231256591,Correctly Tracked,/root/vast/mustafa/dreem-experiments/paper-plots/uncertainty-animals/no-post-processing-no-weight-iou-entropies/20200111_USVpairs_court1_M1_F1_top-01112020145828-0000@0-2560_frame_meta_entropy_histogram.csv,Mice-hc,20200111_USVpairs_court1,Mice
1865.0,0.0163022032285385,Correctly Tracked,/root/vast/mustafa/dreem-experiments/paper-plots/uncertainty-animals/no-post-processing-no-weight-iou-entropies/20200111_USVpairs_court1_M1_F1_top-01112020145828-0000@0-2560_frame_meta_entropy_histogram.csv,Mice-hc,20200111_USVpairs_court1,Mice
1866.0,0.0110719380620652,Correctly Tracked,/root/vast/mustafa/dreem-experiments/paper-plots/uncertainty-animals/no-post-processing-no-weight-iou-entropies/20200111_USVpairs_court1_M1_F1_top-01112020145828-0000@0-2560_frame_meta_entropy_histogram.csv,Mice-hc,20200111_USVpairs_court1,Mice
1867.0,0.0078755948128882,Correctly Tracked,/root/vast/mustafa/dreem-experiments/paper-plots/uncertainty-animals/no-post-processing-no-weight-iou-entropies/20200111_USVpairs_court1_M1_F1_top-01112020145828-0000@0-2560_frame_meta_entropy_histogram.csv,Mice-hc,20200111_USVpairs_court1,Mice
1868.0,0.0082731125561407,Correctly Tracked,/root/vast/mustafa/dreem-experiments/paper-plots/uncertainty-animals/no-post-processing-no-weight-iou-entropies/20200111_USVpairs_court1_M1_F1_top-01112020145828-0000@0-2560_frame_meta_entropy_histogram.csv,Mice-hc,20200111_USVpairs_court1,Mice
1869.0,0.010078269331886,Correctly Tracked,/root/vast/mustafa/dreem-experiments/paper-plots/uncertainty-animals/no-post-processing-no-weight-iou-entropies/20200111_USVpairs_court1_M1_F1_top-01112020145828-0000@0-2560_frame_meta_entropy_histogram.csv,Mice-hc,20200111_USVpairs_court1,Mice
187.0,0.0337727974680028,Correctly Tracked,/root/vast/mustafa/dreem-experiments/paper-plots/uncertainty-animals/no-post-processing-no-weight-iou-entropies/20200111_USVpairs_court1_M1_F1_top-01112020145828-0000@0-2560_frame_meta_entropy_histogram.csv,Mice-hc,20200111_USVpairs_court1,Mice
1870.0,0.0087107116623455,Correctly Tracked,/root/vast/mustafa/dreem-experiments/paper-plots/uncertainty-animals/no-post-processing-no-weight-iou-entropies/20200111_USVpairs_court1_M1_F1_top-01112020145828-0000@0-2560_frame_meta_entropy_histogram.csv,Mice-hc,20200111_USVpairs_court1,Mice
1871.0,0.0075992952789759,Correctly Tracked,/root/vast/mustafa/dreem-experiments/paper-plots/uncertainty-animals/no-post-processing-no-weight-iou-entropies/20200111_USVpairs_court1_M1_F1_top-01112020145828-0000@0-2560_frame_meta_entropy_histogram.csv,Mice-hc,20200111_USVpairs_court1,Mice
1872.0,0.0226204239262977,Correctly Tracked,/root/vast/mustafa/dreem-experiments/paper-plots/uncertainty-animals/no-post-processing-no-weight-iou-entropies/20200111_USVpairs_court1_M1_F1_top-01112020145828-0000@0-2560_frame_meta_entropy_histogram.csv,Mice-hc,20200111_USVpairs_court1,Mice
1873.0,0.0063656751450599,Correctly Tracked,/root/vast/mustafa/dreem-experiments/paper-plots/uncertainty-animals/no-post-processing-no-weight-iou-entropies/20200111_USVpairs_court1_M1_F1_top-01112020145828-0000@0-2560_frame_meta_entropy_histogram.csv,Mice-hc,20200111_USVpairs_court1,Mice
1874.0,0.0064128810236856,Correctly Tracked,/root/vast/mustafa/dreem-experiments/paper-plots/uncertainty-animals/no-post-processing-no-weight-iou-entropies/20200111_USVpairs_court1_M1_F1_top-01112020145828-0000@0-2560_frame_meta_entropy_histogram.csv,Mice-hc,20200111_USVpairs_court1,Mice
1875.0,0.0064588050941166,Correctly Tracked,/root/vast/mustafa/dreem-experiments/paper-plots/uncertainty-animals/no-post-processing-no-weight-iou-entropies/20200111_USVpairs_court1_M1_F1_top-01112020145828-0000@0-2560_frame_meta_entropy_histogram.csv,Mice-hc,20200111_USVpairs_court1,Mice
1876.0,0.0068208010300864,Correctly Tracked,/root/vast/mustafa/dreem-experiments/paper-plots/uncertainty-animals/no-post-processing-no-weight-iou-entropies/20200111_USVpairs_court1_M1_F1_top-01112020145828-0000@0-2560_frame_meta_entropy_histogram.csv,Mice-hc,20200111_USVpairs_court1,Mice
1877.0,0.0073961817528853,Correctly Tracked,/root/vast/mustafa/dreem-experiments/paper-plots/uncertainty-animals/no-post-processing-no-weight-iou-entropies/20200111_USVpairs_court1_M1_F1_top-01112020145828-0000@0-2560_frame_meta_entropy_histogram.csv,Mice-hc,20200111_USVpairs_court1,Mice
1878.0,0.0081139096942129,Correctly Tracked,/root/vast/mustafa/dreem-experiments/paper-plots/uncertainty-animals/no-post-processing-no-weight-iou-entropies/20200111_USVpairs_court1_M1_F1_top-01112020145828-0000@0-2560_frame_meta_entropy_histogram.csv,Mice-hc,20200111_USVpairs_court1,Mice
1879.0,0.0088681349069212,Correctly Tracked,/root/vast/mustafa/dreem-experiments/paper-plots/uncertainty-animals/no-post-processing-no-weight-iou-entropies/20200111_USVpairs_court1_M1_F1_top-01112020145828-0000@0-2560_frame_meta_entropy_histogram.csv,Mice-hc,20200111_USVpairs_court1,Mice
188.0,0.0213704258039232,Correctly Tracked,/root/vast/mustafa/dreem-experiments/paper-plots/uncertainty-animals/no-post-processing-no-weight-iou-entropies/20200111_USVpairs_court1_M1_F1_top-01112020145828-0000@0-2560_frame_meta_entropy_histogram.csv,Mice-hc,20200111_USVpairs_court1,Mice
1880.0,0.0097671090490052,Correctly Tracked,/root/vast/mustafa/dreem-experiments/paper-plots/uncertainty-animals/no-post-processing-no-weight-iou-entropies/20200111_USVpairs_court1_M1_F1_top-01112020145828-0000@0-2560_frame_meta_entropy_histogram.csv,Mice-hc,20200111_USVpairs_court1,Mice
1881.0,0.0124758378155161,Correctly Tracked,/root/vast/mustafa/dreem-experiments/paper-plots/uncertainty-animals/no-post-processing-no-weight-iou-entropies/20200111_USVpairs_court1_M1_F1_top-01112020145828-0000@0-2560_frame_meta_entropy_histogram.csv,Mice-hc,20200111_USVpairs_court1,Mice
1882.0,0.0125756576209685,Correctly Tracked,/root/vast/mustafa/dreem-experiments/paper-plots/uncertainty-animals/no-post-processing-no-weight-iou-entropies/20200111_USVpairs_court1_M1_F1_top-01112020145828-0000@0-2560_frame_meta_entropy_histogram.csv,Mice-hc,20200111_USVpairs_court1,Mice
1883.0,0.0145839904008768,Correctly Tracked,/root/vast/mustafa/dreem-experiments/paper-plots/uncertainty-animals/no-post-processing-no-weight-iou-entropies/20200111_USVpairs_court1_M1_F1_top-01112020145828-0000@0-2560_frame_meta_entropy_histogram.csv,Mice-hc,20200111_USVpairs_court1,Mice
1884.0,0.0162433797874856,Correctly Tracked,/root/vast/mustafa/dreem-experiments/paper-plots/uncertainty-animals/no-post-processing-no-weight-iou-entropies/20200111_USVpairs_court1_M1_F1_top-01112020145828-0000@0-2560_frame_meta_entropy_histogram.csv,Mice-hc,20200111_USVpairs_court1,Mice
1885.0,0.0169839263331852,Correctly Tracked,/root/vast/mustafa/dreem-experiments/paper-plots/uncertainty-animals/no-post-processing-no-weight-iou-entropies/20200111_USVpairs_court1_M1_F1_top-01112020145828-0000@0-2560_frame_meta_entropy_histogram.csv,Mice-hc,20200111_USVpairs_court1,Mice
1886.0,0.0163308826791844,Correctly Tracked,/root/vast/mustafa/dreem-experiments/paper-plots/uncertainty-animals/no-post-processing-no-weight-iou-entropies/20200111_USVpairs_court1_M1_F1_top-01112020145828-0000@0-2560_frame_meta_entropy_histogram.csv,Mice-hc,20200111_USVpairs_court1,Mice
1887.0,0.0170712881453657,Correctly Tracked,/root/vast/mustafa/dreem-experiments/paper-plots/uncertainty-animals/no-post-processing-no-weight-iou-entropies/20200111_USVpairs_court1_M1_F1_top-01112020145828-0000@0-2560_frame_meta_entropy_histogram.csv,Mice-hc,20200111_USVpairs_court1,Mice
1888.0,0.017261483490232,Correctly Tracked,/root/vast/mustafa/dreem-experiments/paper-plots/uncertainty-animals/no-post-processing-no-weight-iou-entropies/20200111_USVpairs_court1_M1_F1_top-01112020145828-0000@0-2560_frame_meta_entropy_histogram.csv,Mice-hc,20200111_USVpairs_court1,Mice
1889.0,0.0153662843914588,Correctly Tracked,/root/vast/mustafa/dreem-experiments/paper-plots/uncertainty-animals/no-post-processing-no-weight-iou-entropies/20200111_USVpairs_court1_M1_F1_top-01112020145828-0000@0-2560_frame_meta_entropy_histogram.csv,Mice-hc,20200111_USVpairs_court1,Mice
189.0,0.1602324306927284,Correctly Tracked,/root/vast/mustafa/dreem-experiments/paper-plots/uncertainty-animals/no-post-processing-no-weight-iou-entropies/20200111_USVpairs_court1_M1_F1_top-01112020145828-0000@0-2560_frame_meta_entropy_histogram.csv,Mice-hc,20200111_USVpairs_court1,Mice
1890.0,0.0162697401595737,Correctly Tracked,/root/vast/mustafa/dreem-experiments/paper-plots/uncertainty-animals/no-post-processing-no-weight-iou-entropies/20200111_USVpairs_court1_M1_F1_top-01112020145828-0000@0-2560_frame_meta_entropy_histogram.csv,Mice-hc,20200111_USVpairs_court1,Mice
1891.0,0.014219139955987,Correctly Tracked,/root/vast/mustafa/dreem-experiments/paper-plots/uncertainty-animals/no-post-processing-no-weight-iou-entropies/20200111_USVpairs_court1_M1_F1_top-01112020145828-0000@0-2560_frame_meta_entropy_histogram.csv,Mice-hc,20200111_USVpairs_court1,Mice
1892.0,0.0127744400058478,Correctly Tracked,/root/vast/mustafa/dreem-experiments/paper-plots/uncertainty-animals/no-post-processing-no-weight-iou-entropies/20200111_USVpairs_court1_M1_F1_top-01112020145828-0000@0-2560_frame_meta_entropy_histogram.csv,Mice-hc,20200111_USVpairs_court1,Mice
1893.0,0.0109498330671815,Correctly Tracked,/root/vast/mustafa/dreem-experiments/paper-plots/uncertainty-animals/no-post-processing-no-weight-iou-entropies/20200111_USVpairs_court1_M1_F1_top-01112020145828-0000@0-2560_frame_meta_entropy_histogram.csv,Mice-hc,20200111_USVpairs_court1,Mice
1894.0,0.010387688962234,Correctly Tracked,/root/vast/mustafa/dreem-experiments/paper-plots/uncertainty-animals/no-post-processing-no-weight-iou-entropies/20200111_USVpairs_court1_M1_F1_top-01112020145828-0000@0-2560_frame_meta_entropy_histogram.csv,Mice-hc,20200111_USVpairs_court1,Mice
1895.0,0.0103863077265692,Correctly Tracked,/root/vast/mustafa/dreem-experiments/paper-plots/uncertainty-animals/no-post-processing-no-weight-iou-entropies/20200111_USVpairs_court1_M1_F1_top-01112020145828-0000@0-2560_frame_meta_entropy_histogram.csv,Mice-hc,20200111_USVpairs_court1,Mice
1896.0,0.0097127739520555,Correctly Tracked,/root/vast/mustafa/dreem-experiments/paper-plots/uncertainty-animals/no-post-processing-no-weight-iou-entropies/20200111_USVpairs_court1_M1_F1_top-01112020145828-0000@0-2560_frame_meta_entropy_histogram.csv,Mice-hc,20200111_USVpairs_court1,Mice
1897.0,0.009592586295006,Correctly Tracked,/root/vast/mustafa/dreem-experiments/paper-plots/uncertainty-animals/no-post-processing-no-weight-iou-entropies/20200111_USVpairs_court1_M1_F1_top-01112020145828-0000@0-2560_frame_meta_entropy_histogram.csv,Mice-hc,20200111_USVpairs_court1,Mice
1898.0,0.0097092657747008,Correctly Tracked,/root/vast/mustafa/dreem-experiments/paper-plots/uncertainty-animals/no-post-processing-no-weight-iou-entropies/20200111_USVpairs_court1_M1_F1_top-01112020145828-0000@0-2560_frame_meta_entropy_histogram.csv,Mice-hc,20200111_USVpairs_court1,Mice
1899.0,0.009385290768909,Correctly Tracked,/root/vast/mustafa/dreem-experiments/paper-plots/uncertainty-animals/no-post-processing-no-weight-iou-entropies/20200111_USVpairs_court1_M1_F1_top-01112020145828-0000@0-2560_frame_meta_entropy_histogram.csv,Mice-hc,20200111_USVpairs_court1,Mice
19.0,0.0541810381157704,Correctly Tracked,/root/vast/mustafa/dreem-experiments/paper-plots/uncertainty-animals/no-post-processing-no-weight-iou-entropies/20200111_USVpairs_court1_M1_F1_top-01112020145828-0000@0-2560_frame_meta_entropy_histogram.csv,Mice-hc,20200111_USVpairs_court1,Mice
190.0,0.2283814590060334,Correctly Tracked,/root/vast/mustafa/dreem-experiments/paper-plots/uncertainty-animals/no-post-processing-no-weight-iou-entropies/20200111_USVpairs_court1_M1_F1_top-01112020145828-0000@0-2560_frame_meta_entropy_histogram.csv,Mice-hc,20200111_USVpairs_court1,Mice
1900.0,0.0088071885550217,Correctly Tracked,/root/vast/mustafa/dreem-experiments/paper-plots/uncertainty-animals/no-post-processing-no-weight-iou-entropies/20200111_USVpairs_court1_M1_F1_top-01112020145828-0000@0-2560_frame_meta_entropy_histogram.csv,Mice-hc,20200111_USVpairs_court1,Mice
1901.0,0.0086113164390624,Correctly Tracked,/root/vast/mustafa/dreem-experiments/paper-plots/uncertainty-animals/no-post-processing-no-weight-iou-entropies/20200111_USVpairs_court1_M1_F1_top-01112020145828-0000@0-2560_frame_meta_entropy_histogram.csv,Mice-hc,20200111_USVpairs_court1,Mice
1902.0,0.0094766249772401,Correctly Tracked,/root/vast/mustafa/dreem-experiments/paper-plots/uncertainty-animals/no-post-processing-no-weight-iou-entropies/20200111_USVpairs_court1_M1_F1_top-01112020145828-0000@0-2560_frame_meta_entropy_histogram.csv,Mice-hc,20200111_USVpairs_court1,Mice
1903.0,0.0101913358322981,Correctly Tracked,/root/vast/mustafa/dreem-experiments/paper-plots/uncertainty-animals/no-post-processing-no-weight-iou-entropies/20200111_USVpairs_court1_M1_F1_top-01112020145828-0000@0-2560_frame_meta_entropy_histogram.csv,Mice-hc,20200111_USVpairs_court1,Mice
1904.0,0.0073789881904496,Correctly Tracked,/root/vast/mustafa/dreem-experiments/paper-plots/uncertainty-animals/no-post-processing-no-weight-iou-entropies/20200111_USVpairs_court1_M1_F1_top-01112020145828-0000@0-2560_frame_meta_entropy_histogram.csv,Mice-hc,20200111_USVpairs_court1,Mice
1905.0,0.0062391503304105,Correctly Tracked,/root/vast/mustafa/dreem-experiments/paper-plots/uncertainty-animals/no-post-processing-no-weight-iou-entropies/20200111_USVpairs_court1_M1_F1_top-01112020145828-0000@0-2560_frame_meta_entropy_histogram.csv,Mice-hc,20200111_USVpairs_court1,Mice
1906.0,0.0059935456688338,Correctly Tracked,/root/vast/mustafa/dreem-experiments/paper-plots/uncertainty-animals/no-post-processing-no-weight-iou-entropies/20200111_USVpairs_court1_M1_F1_top-01112020145828-0000@0-2560_frame_meta_entropy_histogram.csv,Mice-hc,20200111_USVpairs_court1,Mice
1907.0,0.0059568999280554,Correctly Tracked,/root/vast/mustafa/dreem-experiments/paper-plots/uncertainty-animals/no-post-processing-no-weight-iou-entropies/20200111_USVpairs_court1_M1_F1_top-01112020145828-0000@0-2560_frame_meta_entropy_histogram.csv,Mice-hc,20200111_USVpairs_court1,Mice
1908.0,0.0076384770920473,Correctly Tracked,/root/vast/mustafa/dreem-experiments/paper-plots/uncertainty-animals/no-post-processing-no-weight-iou-entropies/20200111_USVpairs_court1_M1_F1_top-01112020145828-0000@0-2560_frame_meta_entropy_histogram.csv,Mice-hc,20200111_USVpairs_court1,Mice
1909.0,0.0253563776808017,Correctly Tracked,/root/vast/mustafa/dreem-experiments/paper-plots/uncertainty-animals/no-post-processing-no-weight-iou-entropies/20200111_USVpairs_court1_M1_F1_top-01112020145828-0000@0-2560_frame_meta_entropy_histogram.csv,Mice-hc,20200111_USVpairs_court1,Mice
191.0,0.1270635556776881,Correctly Tracked,/root/vast/mustafa/dreem-experiments/paper-plots/uncertainty-animals/no-post-processing-no-weight-iou-entropies/20200111_USVpairs_court1_M1_F1_top-01112020145828-0000@0-2560_frame_meta_entropy_histogram.csv,Mice-hc,20200111_USVpairs_court1,Mice
1910.0,0.0052569997351885,Correctly Tracked,/root/vast/mustafa/dreem-experiments/paper-plots/uncertainty-animals/no-post-processing-no-weight-iou-entropies/20200111_USVpairs_court1_M1_F1_top-01112020145828-0000@0-2560_frame_meta_entropy_histogram.csv,Mice-hc,20200111_USVpairs_court1,Mice
1911.0,0.0050293944688198,Correctly Tracked,/root/vast/mustafa/dreem-experiments/paper-plots/uncertainty-animals/no-post-processing-no-weight-iou-entropies/20200111_USVpairs_court1_M1_F1_top-01112020145828-0000@0-2560_frame_meta_entropy_histogram.csv,Mice-hc,20200111_USVpairs_court1,Mice
1912.0,0.0044464051932383,Correctly Tracked,/root/vast/mustafa/dreem-experiments/paper-plots/uncertainty-animals/no-post-processing-no-weight-iou-entropies/20200111_USVpairs_court1_M1_F1_top-01112020145828-0000@0-2560_frame_meta_entropy_histogram.csv,Mice-hc,20200111_USVpairs_court1,Mice
1913.0,0.0044094490775197,Correctly Tracked,/root/vast/mustafa/dreem-experiments/paper-plots/uncertainty-animals/no-post-processing-no-weight-iou-entropies/20200111_USVpairs_court1_M1_F1_top-01112020145828-0000@0-2560_frame_meta_entropy_histogram.csv,Mice-hc,20200111_USVpairs_court1,Mice
1914.0,0.0043586067063584,Correctly Tracked,/root/vast/mustafa/dreem-experiments/paper-plots/uncertainty-animals/no-post-processing-no-weight-iou-entropies/20200111_USVpairs_court1_M1_F1_top-01112020145828-0000@0-2560_frame_meta_entropy_histogram.csv,Mice-hc,20200111_USVpairs_court1,Mice
1915.0,0.0043600725897341,Correctly Tracked,/root/vast/mustafa/dreem-experiments/paper-plots/uncertainty-animals/no-post-processing-no-weight-iou-entropies/20200111_USVpairs_court1_M1_F1_top-01112020145828-0000@0-2560_frame_meta_entropy_histogram.csv,Mice-hc,20200111_USVpairs_court1,Mice
1916.0,0.004364725190705,Correctly Tracked,/root/vast/mustafa/dreem-experiments/paper-plots/uncertainty-animals/no-post-processing-no-weight-iou-entropies/20200111_USVpairs_court1_M1_F1_top-01112020145828-0000@0-2560_frame_meta_entropy_histogram.csv,Mice-hc,20200111_USVpairs_court1,Mice
1917.0,0.0043823856591654,Correctly Tracked,/root/vast/mustafa/dreem-experiments/paper-plots/uncertainty-animals/no-post-processing-no-weight-iou-entropies/20200111_USVpairs_court1_M1_F1_top-01112020145828-0000@0-2560_frame_meta_entropy_histogram.csv,Mice-hc,20200111_USVpairs_court1,Mice
1918.0,0.0045406758709714,Correctly Tracked,/root/vast/mustafa/dreem-experiments/paper-plots/uncertainty-animals/no-post-processing-no-weight-iou-entropies/20200111_USVpairs_court1_M1_F1_top-01112020145828-0000@0-2560_frame_meta_entropy_histogram.csv,Mice-hc,20200111_USVpairs_court1,Mice
1919.0,0.0044348669040642,Correctly Tracked,/root/vast/mustafa/dreem-experiments/paper-plots/uncertainty-animals/no-post-processing-no-weight-iou-entropies/20200111_USVpairs_court1_M1_F1_top-01112020145828-0000@0-2560_frame_meta_entropy_histogram.csv,Mice-hc,20200111_USVpairs_court1,Mice
192.0,0.0573755943577157,Correctly Tracked,/root/vast/mustafa/dreem-experiments/paper-plots/uncertainty-animals/no-post-processing-no-weight-iou-entropies/20200111_USVpairs_court1_M1_F1_top-01112020145828-0000@0-2560_frame_meta_entropy_histogram.csv,Mice-hc,20200111_USVpairs_court1,Mice
1920.0,0.0043543581974363,Correctly Tracked,/root/vast/mustafa/dreem-experiments/paper-plots/uncertainty-animals/no-post-processing-no-weight-iou-entropies/20200111_USVpairs_court1_M1_F1_top-01112020145828-0000@0-2560_frame_meta_entropy_histogram.csv,Mice-hc,20200111_USVpairs_court1,Mice
1921.0,0.0043543491280387,Correctly Tracked,/root/vast/mustafa/dreem-experiments/paper-plots/uncertainty-animals/no-post-processing-no-weight-iou-entropies/20200111_USVpairs_court1_M1_F1_top-01112020145828-0000@0-2560_frame_meta_entropy_histogram.csv,Mice-hc,20200111_USVpairs_court1,Mice
1922.0,0.0043543424099664,Correctly Tracked,/root/vast/mustafa/dreem-experiments/paper-plots/uncertainty-animals/no-post-processing-no-weight-iou-entropies/20200111_USVpairs_court1_M1_F1_top-01112020145828-0000@0-2560_frame_meta_entropy_histogram.csv,Mice-hc,20200111_USVpairs_court1,Mice
1923.0,0.004355174107317,Correctly Tracked,/root/vast/mustafa/dreem-experiments/paper-plots/uncertainty-animals/no-post-processing-no-weight-iou-entropies/20200111_USVpairs_court1_M1_F1_top-01112020145828-0000@0-2560_frame_meta_entropy_histogram.csv,Mice-hc,20200111_USVpairs_court1,Mice
1924.0,0.00443881377154,Correctly Tracked,/root/vast/mustafa/dreem-experiments/paper-plots/uncertainty-animals/no-post-processing-no-weight-iou-entropies/20200111_USVpairs_court1_M1_F1_top-01112020145828-0000@0-2560_frame_meta_entropy_histogram.csv,Mice-hc,20200111_USVpairs_court1,Mice
1925.0,0.0045627632131735,Correctly Tracked,/root/vast/mustafa/dreem-experiments/paper-plots/uncertainty-animals/no-post-processing-no-weight-iou-entropies/20200111_USVpairs_court1_M1_F1_top-01112020145828-0000@0-2560_frame_meta_entropy_histogram.csv,Mice-hc,20200111_USVpairs_court1,Mice
1926.0,0.0046534152012626,Correctly Tracked,/root/vast/mustafa/dreem-experiments/paper-plots/uncertainty-animals/no-post-processing-no-weight-iou-entropies/20200111_USVpairs_court1_M1_F1_top-01112020145828-0000@0-2560_frame_meta_entropy_histogram.csv,Mice-hc,20200111_USVpairs_court1,Mice
1927.0,0.0049322010937329,Correctly Tracked,/root/vast/mustafa/dreem-experiments/paper-plots/uncertainty-animals/no-post-processing-no-weight-iou-entropies/20200111_USVpairs_court1_M1_F1_top-01112020145828-0000@0-2560_frame_meta_entropy_histogram.csv,Mice-hc,20200111_USVpairs_court1,Mice
1928.0,0.0054605674029666,Correctly Tracked,/root/vast/mustafa/dreem-experiments/paper-plots/uncertainty-animals/no-post-processing-no-weight-iou-entropies/20200111_USVpairs_court1_M1_F1_top-01112020145828-0000@0-2560_frame_meta_entropy_histogram.csv,Mice-hc,20200111_USVpairs_court1,Mice
1929.0,0.0057074337185211,Correctly Tracked,/root/vast/mustafa/dreem-experiments/paper-plots/uncertainty-animals/no-post-processing-no-weight-iou-entropies/20200111_USVpairs_court1_M1_F1_top-01112020145828-0000@0-2560_frame_meta_entropy_histogram.csv,Mice-hc,20200111_USVpairs_court1,Mice
193.0,0.0178830717861129,Correctly Tracked,/root/vast/mustafa/dreem-experiments/paper-plots/uncertainty-animals/no-post-processing-no-weight-iou-entropies/20200111_USVpairs_court1_M1_F1_top-01112020145828-0000@0-2560_frame_meta_entropy_histogram.csv,Mice-hc,20200111_USVpairs_court1,Mice
1930.0,0.0056735329820842,Correctly Tracked,/root/vast/mustafa/dreem-experiments/paper-plots/uncertainty-animals/no-post-processing-no-weight-iou-entropies/20200111_USVpairs_court1_M1_F1_top-01112020145828-0000@0-2560_frame_meta_entropy_histogram.csv,Mice-hc,20200111_USVpairs_court1,Mice
1931.0,0.0050821034563695,Correctly Tracked,/root/vast/mustafa/dreem-experiments/paper-plots/uncertainty-animals/no-post-processing-no-weight-iou-entropies/20200111_USVpairs_court1_M1_F1_top-01112020145828-0000@0-2560_frame_meta_entropy_histogram.csv,Mice-hc,20200111_USVpairs_court1,Mice
1932.0,0.0047834125874835,Correctly Tracked,/root/vast/mustafa/dreem-experiments/paper-plots/uncertainty-animals/no-post-processing-no-weight-iou-entropies/20200111_USVpairs_court1_M1_F1_top-01112020145828-0000@0-2560_frame_meta_entropy_histogram.csv,Mice-hc,20200111_USVpairs_court1,Mice
1933.0,0.0044755518858125,Correctly Tracked,/root/vast/mustafa/dreem-experiments/paper-plots/uncertainty-animals/no-post-processing-no-weight-iou-entropies/20200111_USVpairs_court1_M1_F1_top-01112020145828-0000@0-2560_frame_meta_entropy_histogram.csv,Mice-hc,20200111_USVpairs_court1,Mice
1934.0,0.0049139427168377,Correctly Tracked,/root/vast/mustafa/dreem-experiments/paper-plots/uncertainty-animals/no-post-processing-no-weight-iou-entropies/20200111_USVpairs_court1_M1_F1_top-01112020145828-0000@0-2560_frame_meta_entropy_histogram.csv,Mice-hc,20200111_USVpairs_court1,Mice
1935.0,0.0049935740432234,Correctly Tracked,/root/vast/mustafa/dreem-experiments/paper-plots/uncertainty-animals/no-post-processing-no-weight-iou-entropies/20200111_USVpairs_court1_M1_F1_top-01112020145828-0000@0-2560_frame_meta_entropy_histogram.csv,Mice-hc,20200111_USVpairs_court1,Mice
1936.0,0.0050313369994251,Correctly Tracked,/root/vast/mustafa/dreem-experiments/paper-plots/uncertainty-animals/no-post-processing-no-weight-iou-entropies/20200111_USVpairs_court1_M1_F1_top-01112020145828-0000@0-2560_frame_meta_entropy_histogram.csv,Mice-hc,20200111_USVpairs_court1,Mice
1937.0,0.0049888619873126,Correctly Tracked,/root/vast/mustafa/dreem-experiments/paper-plots/uncertainty-animals/no-post-processing-no-weight-iou-entropies/20200111_USVpairs_court1_M1_F1_top-01112020145828-0000@0-2560_frame_meta_entropy_histogram.csv,Mice-hc,20200111_USVpairs_court1,Mice
1938.0,0.0047982783378674,Correctly Tracked,/root/vast/mustafa/dreem-experiments/paper-plots/uncertainty-animals/no-post-processing-no-weight-iou-entropies/20200111_USVpairs_court1_M1_F1_top-01112020145828-0000@0-2560_frame_meta_entropy_histogram.csv,Mice-hc,20200111_USVpairs_court1,Mice
1939.0,0.0049863763005619,Correctly Tracked,/root/vast/mustafa/dreem-experiments/paper-plots/uncertainty-animals/no-post-processing-no-weight-iou-entropies/20200111_USVpairs_court1_M1_F1_top-01112020145828-0000@0-2560_frame_meta_entropy_histogram.csv,Mice-hc,20200111_USVpairs_court1,Mice
194.0,0.0144680499091349,Correctly Tracked,/root/vast/mustafa/dreem-experiments/paper-plots/uncertainty-animals/no-post-processing-no-weight-iou-entropies/20200111_USVpairs_court1_M1_F1_top-01112020145828-0000@0-2560_frame_meta_entropy_histogram.csv,Mice-hc,20200111_USVpairs_court1,Mice
1940.0,0.0047600074953999,Correctly Tracked,/root/vast/mustafa/dreem-experiments/paper-plots/uncertainty-animals/no-post-processing-no-weight-iou-entropies/20200111_USVpairs_court1_M1_F1_top-01112020145828-0000@0-2560_frame_meta_entropy_histogram.csv,Mice-hc,20200111_USVpairs_court1,Mice
1941.0,0.0048345948931031,Correctly Tracked,/root/vast/mustafa/dreem-experiments/paper-plots/uncertainty-animals/no-post-processing-no-weight-iou-entropies/20200111_USVpairs_court1_M1_F1_top-01112020145828-0000@0-2560_frame_meta_entropy_histogram.csv,Mice-hc,20200111_USVpairs_court1,Mice
1942.0,0.0050682041006858,Correctly Tracked,/root/vast/mustafa/dreem-experiments/paper-plots/uncertainty-animals/no-post-processing-no-weight-iou-entropies/20200111_USVpairs_court1_M1_F1_top-01112020145828-0000@0-2560_frame_meta_entropy_histogram.csv,Mice-hc,20200111_USVpairs_court1,Mice
1943.0,0.0051967013413623,Correctly Tracked,/root/vast/mustafa/dreem-experiments/paper-plots/uncertainty-animals/no-post-processing-no-weight-iou-entropies/20200111_USVpairs_court1_M1_F1_top-01112020145828-0000@0-2560_frame_meta_entropy_histogram.csv,Mice-hc,20200111_USVpairs_court1,Mice
1944.0,0.0055420851640539,Correctly Tracked,/root/vast/mustafa/dreem-experiments/paper-plots/uncertainty-animals/no-post-processing-no-weight-iou-entropies/20200111_USVpairs_court1_M1_F1_top-01112020145828-0000@0-2560_frame_meta_entropy_histogram.csv,Mice-hc,20200111_USVpairs_court1,Mice
1945.0,0.0049130935524991,Correctly Tracked,/root/vast/mustafa/dreem-experiments/paper-plots/uncertainty-animals/no-post-processing-no-weight-iou-entropies/20200111_USVpairs_court1_M1_F1_top-01112020145828-0000@0-2560_frame_meta_entropy_histogram.csv,Mice-hc,20200111_USVpairs_court1,Mice
1946.0,0.0054004258761285,Correctly Tracked,/root/vast/mustafa/dreem-experiments/paper-plots/uncertainty-animals/no-post-processing-no-weight-iou-entropies/20200111_USVpairs_court1_M1_F1_top-01112020145828-0000@0-2560_frame_meta_entropy_histogram.csv,Mice-hc,20200111_USVpairs_court1,Mice
1947.0,0.0055736030002462,Correctly Tracked,/root/vast/mustafa/dreem-experiments/paper-plots/uncertainty-animals/no-post-processing-no-weight-iou-entropies/20200111_USVpairs_court1_M1_F1_top-01112020145828-0000@0-2560_frame_meta_entropy_histogram.csv,Mice-hc,20200111_USVpairs_court1,Mice
1948.0,0.00620386567108,Correctly Tracked,/root/vast/mustafa/dreem-experiments/paper-plots/uncertainty-animals/no-post-processing-no-weight-iou-entropies/20200111_USVpairs_court1_M1_F1_top-01112020145828-0000@0-2560_frame_meta_entropy_histogram.csv,Mice-hc,20200111_USVpairs_court1,Mice
1949.0,0.0055923800123228,Correctly Tracked,/root/vast/mustafa/dreem-experiments/paper-plots/uncertainty-animals/no-post-processing-no-weight-iou-entropies/20200111_USVpairs_court1_M1_F1_top-01112020145828-0000@0-2560_frame_meta_entropy_histogram.csv,Mice-hc,20200111_USVpairs_court1,Mice
195.0,0.0144369156748709,Correctly Tracked,/root/vast/mustafa/dreem-experiments/paper-plots/uncertainty-animals/no-post-processing-no-weight-iou-entropies/20200111_USVpairs_court1_M1_F1_top-01112020145828-0000@0-2560_frame_meta_entropy_histogram.csv,Mice-hc,20200111_USVpairs_court1,Mice
1950.0,0.0062360008981166,Correctly Tracked,/root/vast/mustafa/dreem-experiments/paper-plots/uncertainty-animals/no-post-processing-no-weight-iou-entropies/20200111_USVpairs_court1_M1_F1_top-01112020145828-0000@0-2560_frame_meta_entropy_histogram.csv,Mice-hc,20200111_USVpairs_court1,Mice
1951.0,0.0100809377502033,Correctly Tracked,/root/vast/mustafa/dreem-experiments/paper-plots/uncertainty-animals/no-post-processing-no-weight-iou-entropies/20200111_USVpairs_court1_M1_F1_top-01112020145828-0000@0-2560_frame_meta_entropy_histogram.csv,Mice-hc,20200111_USVpairs_court1,Mice
1952.0,0.0071228845254835,Correctly Tracked,/root/vast/mustafa/dreem-experiments/paper-plots/uncertainty-animals/no-post-processing-no-weight-iou-entropies/20200111_USVpairs_court1_M1_F1_top-01112020145828-0000@0-2560_frame_meta_entropy_histogram.csv,Mice-hc,20200111_USVpairs_court1,Mice
1953.0,0.0089685425436997,Correctly Tracked,/root/vast/mustafa/dreem-experiments/paper-plots/uncertainty-animals/no-post-processing-no-weight-iou-entropies/20200111_USVpairs_court1_M1_F1_top-01112020145828-0000@0-2560_frame_meta_entropy_histogram.csv,Mice-hc,20200111_USVpairs_court1,Mice
1954.0,0.0094513576355151,Correctly Tracked,/root/vast/mustafa/dreem-experiments/paper-plots/uncertainty-animals/no-post-processing-no-weight-iou-entropies/20200111_USVpairs_court1_M1_F1_top-01112020145828-0000@0-2560_frame_meta_entropy_histogram.csv,Mice-hc,20200111_USVpairs_court1,Mice
1955.0,0.0105627148998484,Correctly Tracked,/root/vast/mustafa/dreem-experiments/paper-plots/uncertainty-animals/no-post-processing-no-weight-iou-entropies/20200111_USVpairs_court1_M1_F1_top-01112020145828-0000@0-2560_frame_meta_entropy_histogram.csv,Mice-hc,20200111_USVpairs_court1,Mice
1956.0,0.0090574179375692,Correctly Tracked,/root/vast/mustafa/dreem-experiments/paper-plots/uncertainty-animals/no-post-processing-no-weight-iou-entropies/20200111_USVpairs_court1_M1_F1_top-01112020145828-0000@0-2560_frame_meta_entropy_histogram.csv,Mice-hc,20200111_USVpairs_court1,Mice
1957.0,0.006968912354648,Correctly Tracked,/root/vast/mustafa/dreem-experiments/paper-plots/uncertainty-animals/no-post-processing-no-weight-iou-entropies/20200111_USVpairs_court1_M1_F1_top-01112020145828-0000@0-2560_frame_meta_entropy_histogram.csv,Mice-hc,20200111_USVpairs_court1,Mice
1958.0,0.0064321914507028,Correctly Tracked,/root/vast/mustafa/dreem-experiments/paper-plots/uncertainty-animals/no-post-processing-no-weight-iou-entropies/20200111_USVpairs_court1_M1_F1_top-01112020145828-0000@0-2560_frame_meta_entropy_histogram.csv,Mice-hc,20200111_USVpairs_court1,Mice
1959.0,0.0068355485423978,Correctly Tracked,/root/vast/mustafa/dreem-experiments/paper-plots/uncertainty-animals/no-post-processing-no-weight-iou-entropies/20200111_USVpairs_court1_M1_F1_top-01112020145828-0000@0-2560_frame_meta_entropy_histogram.csv,Mice-hc,20200111_USVpairs_court1,Mice
196.0,0.0160581705958799,Correctly Tracked,/root/vast/mustafa/dreem-experiments/paper-plots/uncertainty-animals/no-post-processing-no-weight-iou-entropies/20200111_USVpairs_court1_M1_F1_top-01112020145828-0000@0-2560_frame_meta_entropy_histogram.csv,Mice-hc,20200111_USVpairs_court1,Mice
1960.0,0.0066708973238353,Correctly Tracked,/root/vast/mustafa/dreem-experiments/paper-plots/uncertainty-animals/no-post-processing-no-weight-iou-entropies/20200111_USVpairs_court1_M1_F1_top-01112020145828-0000@0-2560_frame_meta_entropy_histogram.csv,Mice-hc,20200111_USVpairs_court1,Mice
1961.0,0.0064046607904201,Correctly Tracked,/root/vast/mustafa/dreem-experiments/paper-plots/uncertainty-animals/no-post-processing-no-weight-iou-entropies/20200111_USVpairs_court1_M1_F1_top-01112020145828-0000@0-2560_frame_meta_entropy_histogram.csv,Mice-hc,20200111_USVpairs_court1,Mice
1962.0,0.0061709128546445,Correctly Tracked,/root/vast/mustafa/dreem-experiments/paper-plots/uncertainty-animals/no-post-processing-no-weight-iou-entropies/20200111_USVpairs_court1_M1_F1_top-01112020145828-0000@0-2560_frame_meta_entropy_histogram.csv,Mice-hc,20200111_USVpairs_court1,Mice
1963.0,0.0059133889891944,Correctly Tracked,/root/vast/mustafa/dreem-experiments/paper-plots/uncertainty-animals/no-post-processing-no-weight-iou-entropies/20200111_USVpairs_court1_M1_F1_top-01112020145828-0000@0-2560_frame_meta_entropy_histogram.csv,Mice-hc,20200111_USVpairs_court1,Mice
1964.0,0.0057938120049169,Correctly Tracked,/root/vast/mustafa/dreem-experiments/paper-plots/uncertainty-animals/no-post-processing-no-weight-iou-entropies/20200111_USVpairs_court1_M1_F1_top-01112020145828-0000@0-2560_frame_meta_entropy_histogram.csv,Mice-hc,20200111_USVpairs_court1,Mice
1965.0,0.0056912720519906,Correctly Tracked,/root/vast/mustafa/dreem-experiments/paper-plots/uncertainty-animals/no-post-processing-no-weight-iou-entropies/20200111_USVpairs_court1_M1_F1_top-01112020145828-0000@0-2560_frame_meta_entropy_histogram.csv,Mice-hc,20200111_USVpairs_court1,Mice
1966.0,0.0055623824758918,Correctly Tracked,/root/vast/mustafa/dreem-experiments/paper-plots/uncertainty-animals/no-post-processing-no-weight-iou-entropies/20200111_USVpairs_court1_M1_F1_top-01112020145828-0000@0-2560_frame_meta_entropy_histogram.csv,Mice-hc,20200111_USVpairs_court1,Mice
1967.0,0.0055486749211723,Correctly Tracked,/root/vast/mustafa/dreem-experiments/paper-plots/uncertainty-animals/no-post-processing-no-weight-iou-entropies/20200111_USVpairs_court1_M1_F1_top-01112020145828-0000@0-2560_frame_meta_entropy_histogram.csv,Mice-hc,20200111_USVpairs_court1,Mice
1968.0,0.0054796400102244,Correctly Tracked,/root/vast/mustafa/dreem-experiments/paper-plots/uncertainty-animals/no-post-processing-no-weight-iou-entropies/20200111_USVpairs_court1_M1_F1_top-01112020145828-0000@0-2560_frame_meta_entropy_histogram.csv,Mice-hc,20200111_USVpairs_court1,Mice
1969.0,0.0054401444631766,Correctly Tracked,/root/vast/mustafa/dreem-experiments/paper-plots/uncertainty-animals/no-post-processing-no-weight-iou-entropies/20200111_USVpairs_court1_M1_F1_top-01112020145828-0000@0-2560_frame_meta_entropy_histogram.csv,Mice-hc,20200111_USVpairs_court1,Mice
197.0,0.0118603441548252,Correctly Tracked,/root/vast/mustafa/dreem-experiments/paper-plots/uncertainty-animals/no-post-processing-no-weight-iou-entropies/20200111_USVpairs_court1_M1_F1_top-01112020145828-0000@0-2560_frame_meta_entropy_histogram.csv,Mice-hc,20200111_USVpairs_court1,Mice
1970.0,0.0054237490077301,Correctly Tracked,/root/vast/mustafa/dreem-experiments/paper-plots/uncertainty-animals/no-post-processing-no-weight-iou-entropies/20200111_USVpairs_court1_M1_F1_top-01112020145828-0000@0-2560_frame_meta_entropy_histogram.csv,Mice-hc,20200111_USVpairs_court1,Mice
1971.0,0.0054838119331223,Correctly Tracked,/root/vast/mustafa/dreem-experiments/paper-plots/uncertainty-animals/no-post-processing-no-weight-iou-entropies/20200111_USVpairs_court1_M1_F1_top-01112020145828-0000@0-2560_frame_meta_entropy_histogram.csv,Mice-hc,20200111_USVpairs_court1,Mice
1972.0,0.0054237140737542,Correctly Tracked,/root/vast/mustafa/dreem-experiments/paper-plots/uncertainty-animals/no-post-processing-no-weight-iou-entropies/20200111_USVpairs_court1_M1_F1_top-01112020145828-0000@0-2560_frame_meta_entropy_histogram.csv,Mice-hc,20200111_USVpairs_court1,Mice
1973.0,0.0054152560207293,Correctly Tracked,/root/vast/mustafa/dreem-experiments/paper-plots/uncertainty-animals/no-post-processing-no-weight-iou-entropies/20200111_USVpairs_court1_M1_F1_top-01112020145828-0000@0-2560_frame_meta_entropy_histogram.csv,Mice-hc,20200111_USVpairs_court1,Mice
1974.0,0.0053762280515136,Correctly Tracked,/root/vast/mustafa/dreem-experiments/paper-plots/uncertainty-animals/no-post-processing-no-weight-iou-entropies/20200111_USVpairs_court1_M1_F1_top-01112020145828-0000@0-2560_frame_meta_entropy_histogram.csv,Mice-hc,20200111_USVpairs_court1,Mice
1975.0,0.0053404798451944,Correctly Tracked,/root/vast/mustafa/dreem-experiments/paper-plots/uncertainty-animals/no-post-processing-no-weight-iou-entropies/20200111_USVpairs_court1_M1_F1_top-01112020145828-0000@0-2560_frame_meta_entropy_histogram.csv,Mice-hc,20200111_USVpairs_court1,Mice
1976.0,0.0053622678972756,Correctly Tracked,/root/vast/mustafa/dreem-experiments/paper-plots/uncertainty-animals/no-post-processing-no-weight-iou-entropies/20200111_USVpairs_court1_M1_F1_top-01112020145828-0000@0-2560_frame_meta_entropy_histogram.csv,Mice-hc,20200111_USVpairs_court1,Mice
1977.0,0.0052873469472826,Correctly Tracked,/root/vast/mustafa/dreem-experiments/paper-plots/uncertainty-animals/no-post-processing-no-weight-iou-entropies/20200111_USVpairs_court1_M1_F1_top-01112020145828-0000@0-2560_frame_meta_entropy_histogram.csv,Mice-hc,20200111_USVpairs_court1,Mice
1978.0,0.0052125136681332,Correctly Tracked,/root/vast/mustafa/dreem-experiments/paper-plots/uncertainty-animals/no-post-processing-no-weight-iou-entropies/20200111_USVpairs_court1_M1_F1_top-01112020145828-0000@0-2560_frame_meta_entropy_histogram.csv,Mice-hc,20200111_USVpairs_court1,Mice
1979.0,0.0051846884203802,Correctly Tracked,/root/vast/mustafa/dreem-experiments/paper-plots/uncertainty-animals/no-post-processing-no-weight-iou-entropies/20200111_USVpairs_court1_M1_F1_top-01112020145828-0000@0-2560_frame_meta_entropy_histogram.csv,Mice-hc,20200111_USVpairs_court1,Mice
198.0,0.007670384576433,Correctly Tracked,/root/vast/mustafa/dreem-experiments/paper-plots/uncertainty-animals/no-post-processing-no-weight-iou-entropies/20200111_USVpairs_court1_M1_F1_top-01112020145828-0000@0-2560_frame_meta_entropy_histogram.csv,Mice-hc,20200111_USVpairs_court1,Mice
1980.0,0.0052119597630721,Correctly Tracked,/root/vast/mustafa/dreem-experiments/paper-plots/uncertainty-animals/no-post-processing-no-weight-iou-entropies/20200111_USVpairs_court1_M1_F1_top-01112020145828-0000@0-2560_frame_meta_entropy_histogram.csv,Mice-hc,20200111_USVpairs_court1,Mice
1981.0,0.0052042595086026,Correctly Tracked,/root/vast/mustafa/dreem-experiments/paper-plots/uncertainty-animals/no-post-processing-no-weight-iou-entropies/20200111_USVpairs_court1_M1_F1_top-01112020145828-0000@0-2560_frame_meta_entropy_histogram.csv,Mice-hc,20200111_USVpairs_court1,Mice
1982.0,0.0051798554391681,Correctly Tracked,/root/vast/mustafa/dreem-experiments/paper-plots/uncertainty-animals/no-post-processing-no-weight-iou-entropies/20200111_USVpairs_court1_M1_F1_top-01112020145828-0000@0-2560_frame_meta_entropy_histogram.csv,Mice-hc,20200111_USVpairs_court1,Mice
1983.0,0.0051916832772583,Correctly Tracked,/root/vast/mustafa/dreem-experiments/paper-plots/uncertainty-animals/no-post-processing-no-weight-iou-entropies/20200111_USVpairs_court1_M1_F1_top-01112020145828-0000@0-2560_frame_meta_entropy_histogram.csv,Mice-hc,20200111_USVpairs_court1,Mice
1984.0,0.0051970127240133,Correctly Tracked,/root/vast/mustafa/dreem-experiments/paper-plots/uncertainty-animals/no-post-processing-no-weight-iou-entropies/20200111_USVpairs_court1_M1_F1_top-01112020145828-0000@0-2560_frame_meta_entropy_histogram.csv,Mice-hc,20200111_USVpairs_court1,Mice
1985.0,0.0051959519403973,Correctly Tracked,/root/vast/mustafa/dreem-experiments/paper-plots/uncertainty-animals/no-post-processing-no-weight-iou-entropies/20200111_USVpairs_court1_M1_F1_top-01112020145828-0000@0-2560_frame_meta_entropy_histogram.csv,Mice-hc,20200111_USVpairs_court1,Mice
1986.0,0.0052663190450821,Correctly Tracked,/root/vast/mustafa/dreem-experiments/paper-plots/uncertainty-animals/no-post-processing-no-weight-iou-entropies/20200111_USVpairs_court1_M1_F1_top-01112020145828-0000@0-2560_frame_meta_entropy_histogram.csv,Mice-hc,20200111_USVpairs_court1,Mice
1987.0,0.0052799301954642,Correctly Tracked,/root/vast/mustafa/dreem-experiments/paper-plots/uncertainty-animals/no-post-processing-no-weight-iou-entropies/20200111_USVpairs_court1_M1_F1_top-01112020145828-0000@0-2560_frame_meta_entropy_histogram.csv,Mice-hc,20200111_USVpairs_court1,Mice
1988.0,0.0053510302418369,Correctly Tracked,/root/vast/mustafa/dreem-experiments/paper-plots/uncertainty-animals/no-post-processing-no-weight-iou-entropies/20200111_USVpairs_court1_M1_F1_top-01112020145828-0000@0-2560_frame_meta_entropy_histogram.csv,Mice-hc,20200111_USVpairs_court1,Mice
1989.0,0.0054991217480852,Correctly Tracked,/root/vast/mustafa/dreem-experiments/paper-plots/uncertainty-animals/no-post-processing-no-weight-iou-entropies/20200111_USVpairs_court1_M1_F1_top-01112020145828-0000@0-2560_frame_meta_entropy_histogram.csv,Mice-hc,20200111_USVpairs_court1,Mice
199.0,0.0068670912354577,Correctly Tracked,/root/vast/mustafa/dreem-experiments/paper-plots/uncertainty-animals/no-post-processing-no-weight-iou-entropies/20200111_USVpairs_court1_M1_F1_top-01112020145828-0000@0-2560_frame_meta_entropy_histogram.csv,Mice-hc,20200111_USVpairs_court1,Mice
1990.0,0.0055752482561523,Correctly Tracked,/root/vast/mustafa/dreem-experiments/paper-plots/uncertainty-animals/no-post-processing-no-weight-iou-entropies/20200111_USVpairs_court1_M1_F1_top-01112020145828-0000@0-2560_frame_meta_entropy_histogram.csv,Mice-hc,20200111_USVpairs_court1,Mice
1991.0,0.00579199476636,Correctly Tracked,/root/vast/mustafa/dreem-experiments/paper-plots/uncertainty-animals/no-post-processing-no-weight-iou-entropies/20200111_USVpairs_court1_M1_F1_top-01112020145828-0000@0-2560_frame_meta_entropy_histogram.csv,Mice-hc,20200111_USVpairs_court1,Mice
1992.0,0.0059316507251256,Correctly Tracked,/root/vast/mustafa/dreem-experiments/paper-plots/uncertainty-animals/no-post-processing-no-weight-iou-entropies/20200111_USVpairs_court1_M1_F1_top-01112020145828-0000@0-2560_frame_meta_entropy_histogram.csv,Mice-hc,20200111_USVpairs_court1,Mice
1993.0,0.0061698608045225,Correctly Tracked,/root/vast/mustafa/dreem-experiments/paper-plots/uncertainty-animals/no-post-processing-no-weight-iou-entropies/20200111_USVpairs_court1_M1_F1_top-01112020145828-0000@0-2560_frame_meta_entropy_histogram.csv,Mice-hc,20200111_USVpairs_court1,Mice
1994.0,0.0063696408231382,Correctly Tracked,/root/vast/mustafa/dreem-experiments/paper-plots/uncertainty-animals/no-post-processing-no-weight-iou-entropies/20200111_USVpairs_court1_M1_F1_top-01112020145828-0000@0-2560_frame_meta_entropy_histogram.csv,Mice-hc,20200111_USVpairs_court1,Mice
1995.0,0.0064655413052111,Correctly Tracked,/root/vast/mustafa/dreem-experiments/paper-plots/uncertainty-animals/no-post-processing-no-weight-iou-entropies/20200111_USVpairs_court1_M1_F1_top-01112020145828-0000@0-2560_frame_meta_entropy_histogram.csv,Mice-hc,20200111_USVpairs_court1,Mice
1996.0,0.0065516925207632,Correctly Tracked,/root/vast/mustafa/dreem-experiments/paper-plots/uncertainty-animals/no-post-processing-no-weight-iou-entropies/20200111_USVpairs_court1_M1_F1_top-01112020145828-0000@0-2560_frame_meta_entropy_histogram.csv,Mice-hc,20200111_USVpairs_court1,Mice
1997.0,0.0065427225506292,Correctly Tracked,/root/vast/mustafa/dreem-experiments/paper-plots/uncertainty-animals/no-post-processing-no-weight-iou-entropies/20200111_USVpairs_court1_M1_F1_top-01112020145828-0000@0-2560_frame_meta_entropy_histogram.csv,Mice-hc,20200111_USVpairs_court1,Mice
1998.0,0.0068017096122261,Correctly Tracked,/root/vast/mustafa/dreem-experiments/paper-plots/uncertainty-animals/no-post-processing-no-weight-iou-entropies/20200111_USVpairs_court1_M1_F1_top-01112020145828-0000@0-2560_frame_meta_entropy_histogram.csv,Mice-hc,20200111_USVpairs_court1,Mice
1999.0,0.0067639137374701,Correctly Tracked,/root/vast/mustafa/dreem-experiments/paper-plots/uncertainty-animals/no-post-processing-no-weight-iou-entropies/20200111_USVpairs_court1_M1_F1_top-01112020145828-0000@0-2560_frame_meta_entropy_histogram.csv,Mice-hc,20200111_USVpairs_court1,Mice
2.0,0.7531779834748449,Correctly Tracked,/root/vast/mustafa/dreem-experiments/paper-plots/uncertainty-animals/no-post-processing-no-weight-iou-entropies/20200111_USVpairs_court1_M1_F1_top-01112020145828-0000@0-2560_frame_meta_entropy_histogram.csv,Mice-hc,20200111_USVpairs_court1,Mice
20.0,0.0339243840513649,Correctly Tracked,/root/vast/mustafa/dreem-experiments/paper-plots/uncertainty-animals/no-post-processing-no-weight-iou-entropies/20200111_USVpairs_court1_M1_F1_top-01112020145828-0000@0-2560_frame_meta_entropy_histogram.csv,Mice-hc,20200111_USVpairs_court1,Mice
200.0,0.0062073483197599,Correctly Tracked,/root/vast/mustafa/dreem-experiments/paper-plots/uncertainty-animals/no-post-processing-no-weight-iou-entropies/20200111_USVpairs_court1_M1_F1_top-01112020145828-0000@0-2560_frame_meta_entropy_histogram.csv,Mice-hc,20200111_USVpairs_court1,Mice
2000.0,0.0068611134947257,Correctly Tracked,/root/vast/mustafa/dreem-experiments/paper-plots/uncertainty-animals/no-post-processing-no-weight-iou-entropies/20200111_USVpairs_court1_M1_F1_top-01112020145828-0000@0-2560_frame_meta_entropy_histogram.csv,Mice-hc,20200111_USVpairs_court1,Mice
2001.0,0.0067806430811099,Correctly Tracked,/root/vast/mustafa/dreem-experiments/paper-plots/uncertainty-animals/no-post-processing-no-weight-iou-entropies/20200111_USVpairs_court1_M1_F1_top-01112020145828-0000@0-2560_frame_meta_entropy_histogram.csv,Mice-hc,20200111_USVpairs_court1,Mice
2002.0,0.0068273021086504,Correctly Tracked,/root/vast/mustafa/dreem-experiments/paper-plots/uncertainty-animals/no-post-processing-no-weight-iou-entropies/20200111_USVpairs_court1_M1_F1_top-01112020145828-0000@0-2560_frame_meta_entropy_histogram.csv,Mice-hc,20200111_USVpairs_court1,Mice
2003.0,0.0070212777127995,Correctly Tracked,/root/vast/mustafa/dreem-experiments/paper-plots/uncertainty-animals/no-post-processing-no-weight-iou-entropies/20200111_USVpairs_court1_M1_F1_top-01112020145828-0000@0-2560_frame_meta_entropy_histogram.csv,Mice-hc,20200111_USVpairs_court1,Mice
2004.0,0.0071255529438008,Correctly Tracked,/root/vast/mustafa/dreem-experiments/paper-plots/uncertainty-animals/no-post-processing-no-weight-iou-entropies/20200111_USVpairs_court1_M1_F1_top-01112020145828-0000@0-2560_frame_meta_entropy_histogram.csv,Mice-hc,20200111_USVpairs_court1,Mice
2005.0,0.0069369437358044,Correctly Tracked,/root/vast/mustafa/dreem-experiments/paper-plots/uncertainty-animals/no-post-processing-no-weight-iou-entropies/20200111_USVpairs_court1_M1_F1_top-01112020145828-0000@0-2560_frame_meta_entropy_histogram.csv,Mice-hc,20200111_USVpairs_court1,Mice
2006.0,0.0079580309344588,Correctly Tracked,/root/vast/mustafa/dreem-experiments/paper-plots/uncertainty-animals/no-post-processing-no-weight-iou-entropies/20200111_USVpairs_court1_M1_F1_top-01112020145828-0000@0-2560_frame_meta_entropy_histogram.csv,Mice-hc,20200111_USVpairs_court1,Mice
2007.0,0.0074806830098807,Correctly Tracked,/root/vast/mustafa/dreem-experiments/paper-plots/uncertainty-animals/no-post-processing-no-weight-iou-entropies/20200111_USVpairs_court1_M1_F1_top-01112020145828-0000@0-2560_frame_meta_entropy_histogram.csv,Mice-hc,20200111_USVpairs_court1,Mice
2008.0,0.0082586310794923,Correctly Tracked,/root/vast/mustafa/dreem-experiments/paper-plots/uncertainty-animals/no-post-processing-no-weight-iou-entropies/20200111_USVpairs_court1_M1_F1_top-01112020145828-0000@0-2560_frame_meta_entropy_histogram.csv,Mice-hc,20200111_USVpairs_court1,Mice
2009.0,0.0084714669998146,Correctly Tracked,/root/vast/mustafa/dreem-experiments/paper-plots/uncertainty-animals/no-post-processing-no-weight-iou-entropies/20200111_USVpairs_court1_M1_F1_top-01112020145828-0000@0-2560_frame_meta_entropy_histogram.csv,Mice-hc,20200111_USVpairs_court1,Mice
201.0,0.0055860438624337,Correctly Tracked,/root/vast/mustafa/dreem-experiments/paper-plots/uncertainty-animals/no-post-processing-no-weight-iou-entropies/20200111_USVpairs_court1_M1_F1_top-01112020145828-0000@0-2560_frame_meta_entropy_histogram.csv,Mice-hc,20200111_USVpairs_court1,Mice
2010.0,0.0092911437037062,Correctly Tracked,/root/vast/mustafa/dreem-experiments/paper-plots/uncertainty-animals/no-post-processing-no-weight-iou-entropies/20200111_USVpairs_court1_M1_F1_top-01112020145828-0000@0-2560_frame_meta_entropy_histogram.csv,Mice-hc,20200111_USVpairs_court1,Mice
2011.0,0.0102153892183586,Correctly Tracked,/root/vast/mustafa/dreem-experiments/paper-plots/uncertainty-animals/no-post-processing-no-weight-iou-entropies/20200111_USVpairs_court1_M1_F1_top-01112020145828-0000@0-2560_frame_meta_entropy_histogram.csv,Mice-hc,20200111_USVpairs_court1,Mice
2012.0,0.0110211917593377,Correctly Tracked,/root/vast/mustafa/dreem-experiments/paper-plots/uncertainty-animals/no-post-processing-no-weight-iou-entropies/20200111_USVpairs_court1_M1_F1_top-01112020145828-0000@0-2560_frame_meta_entropy_histogram.csv,Mice-hc,20200111_USVpairs_court1,Mice
2013.0,0.0119502763014674,Correctly Tracked,/root/vast/mustafa/dreem-experiments/paper-plots/uncertainty-animals/no-post-processing-no-weight-iou-entropies/20200111_USVpairs_court1_M1_F1_top-01112020145828-0000@0-2560_frame_meta_entropy_histogram.csv,Mice-hc,20200111_USVpairs_court1,Mice
2014.0,0.012490238675297,Correctly Tracked,/root/vast/mustafa/dreem-experiments/paper-plots/uncertainty-animals/no-post-processing-no-weight-iou-entropies/20200111_USVpairs_court1_M1_F1_top-01112020145828-0000@0-2560_frame_meta_entropy_histogram.csv,Mice-hc,20200111_USVpairs_court1,Mice
2015.0,0.0134096297109059,Correctly Tracked,/root/vast/mustafa/dreem-experiments/paper-plots/uncertainty-animals/no-post-processing-no-weight-iou-entropies/20200111_USVpairs_court1_M1_F1_top-01112020145828-0000@0-2560_frame_meta_entropy_histogram.csv,Mice-hc,20200111_USVpairs_court1,Mice
2016.0,0.0154832325940455,Correctly Tracked,/root/vast/mustafa/dreem-experiments/paper-plots/uncertainty-animals/no-post-processing-no-weight-iou-entropies/20200111_USVpairs_court1_M1_F1_top-01112020145828-0000@0-2560_frame_meta_entropy_histogram.csv,Mice-hc,20200111_USVpairs_court1,Mice
2017.0,0.0163709707602089,Correctly Tracked,/root/vast/mustafa/dreem-experiments/paper-plots/uncertainty-animals/no-post-processing-no-weight-iou-entropies/20200111_USVpairs_court1_M1_F1_top-01112020145828-0000@0-2560_frame_meta_entropy_histogram.csv,Mice-hc,20200111_USVpairs_court1,Mice
2018.0,0.0196229114321206,Correctly Tracked,/root/vast/mustafa/dreem-experiments/paper-plots/uncertainty-animals/no-post-processing-no-weight-iou-entropies/20200111_USVpairs_court1_M1_F1_top-01112020145828-0000@0-2560_frame_meta_entropy_histogram.csv,Mice-hc,20200111_USVpairs_court1,Mice
2019.0,0.0208945242803111,Correctly Tracked,/root/vast/mustafa/dreem-experiments/paper-plots/uncertainty-animals/no-post-processing-no-weight-iou-entropies/20200111_USVpairs_court1_M1_F1_top-01112020145828-0000@0-2560_frame_meta_entropy_histogram.csv,Mice-hc,20200111_USVpairs_court1,Mice
202.0,0.0056845022505346,Correctly Tracked,/root/vast/mustafa/dreem-experiments/paper-plots/uncertainty-animals/no-post-processing-no-weight-iou-entropies/20200111_USVpairs_court1_M1_F1_top-01112020145828-0000@0-2560_frame_meta_entropy_histogram.csv,Mice-hc,20200111_USVpairs_court1,Mice
2020.0,0.0224837192166932,Correctly Tracked,/root/vast/mustafa/dreem-experiments/paper-plots/uncertainty-animals/no-post-processing-no-weight-iou-entropies/20200111_USVpairs_court1_M1_F1_top-01112020145828-0000@0-2560_frame_meta_entropy_histogram.csv,Mice-hc,20200111_USVpairs_court1,Mice
2021.0,0.0233217960488055,Correctly Tracked,/root/vast/mustafa/dreem-experiments/paper-plots/uncertainty-animals/no-post-processing-no-weight-iou-entropies/20200111_USVpairs_court1_M1_F1_top-01112020145828-0000@0-2560_frame_meta_entropy_histogram.csv,Mice-hc,20200111_USVpairs_court1,Mice
2022.0,0.0260074045694983,Correctly Tracked,/root/vast/mustafa/dreem-experiments/paper-plots/uncertainty-animals/no-post-processing-no-weight-iou-entropies/20200111_USVpairs_court1_M1_F1_top-01112020145828-0000@0-2560_frame_meta_entropy_histogram.csv,Mice-hc,20200111_USVpairs_court1,Mice
2023.0,0.027310675661592,Correctly Tracked,/root/vast/mustafa/dreem-experiments/paper-plots/uncertainty-animals/no-post-processing-no-weight-iou-entropies/20200111_USVpairs_court1_M1_F1_top-01112020145828-0000@0-2560_frame_meta_entropy_histogram.csv,Mice-hc,20200111_USVpairs_court1,Mice
2024.0,0.02525245178956,Correctly Tracked,/root/vast/mustafa/dreem-experiments/paper-plots/uncertainty-animals/no-post-processing-no-weight-iou-entropies/20200111_USVpairs_court1_M1_F1_top-01112020145828-0000@0-2560_frame_meta_entropy_histogram.csv,Mice-hc,20200111_USVpairs_court1,Mice
2025.0,0.0234323943294549,Correctly Tracked,/root/vast/mustafa/dreem-experiments/paper-plots/uncertainty-animals/no-post-processing-no-weight-iou-entropies/20200111_USVpairs_court1_M1_F1_top-01112020145828-0000@0-2560_frame_meta_entropy_histogram.csv,Mice-hc,20200111_USVpairs_court1,Mice
2026.0,0.0204407252145637,Correctly Tracked,/root/vast/mustafa/dreem-experiments/paper-plots/uncertainty-animals/no-post-processing-no-weight-iou-entropies/20200111_USVpairs_court1_M1_F1_top-01112020145828-0000@0-2560_frame_meta_entropy_histogram.csv,Mice-hc,20200111_USVpairs_court1,Mice
2027.0,0.0206737200544346,Correctly Tracked,/root/vast/mustafa/dreem-experiments/paper-plots/uncertainty-animals/no-post-processing-no-weight-iou-entropies/20200111_USVpairs_court1_M1_F1_top-01112020145828-0000@0-2560_frame_meta_entropy_histogram.csv,Mice-hc,20200111_USVpairs_court1,Mice
2028.0,0.0216527971315796,Correctly Tracked,/root/vast/mustafa/dreem-experiments/paper-plots/uncertainty-animals/no-post-processing-no-weight-iou-entropies/20200111_USVpairs_court1_M1_F1_top-01112020145828-0000@0-2560_frame_meta_entropy_histogram.csv,Mice-hc,20200111_USVpairs_court1,Mice
2029.0,0.0236118528511724,Correctly Tracked,/root/vast/mustafa/dreem-experiments/paper-plots/uncertainty-animals/no-post-processing-no-weight-iou-entropies/20200111_USVpairs_court1_M1_F1_top-01112020145828-0000@0-2560_frame_meta_entropy_histogram.csv,Mice-hc,20200111_USVpairs_court1,Mice
203.0,0.0055344725804279,Correctly Tracked,/root/vast/mustafa/dreem-experiments/paper-plots/uncertainty-animals/no-post-processing-no-weight-iou-entropies/20200111_USVpairs_court1_M1_F1_top-01112020145828-0000@0-2560_frame_meta_entropy_histogram.csv,Mice-hc,20200111_USVpairs_court1,Mice
2030.0,0.0276169149565135,Correctly Tracked,/root/vast/mustafa/dreem-experiments/paper-plots/uncertainty-animals/no-post-processing-no-weight-iou-entropies/20200111_USVpairs_court1_M1_F1_top-01112020145828-0000@0-2560_frame_meta_entropy_histogram.csv,Mice-hc,20200111_USVpairs_court1,Mice
2031.0,0.0263738189816193,Correctly Tracked,/root/vast/mustafa/dreem-experiments/paper-plots/uncertainty-animals/no-post-processing-no-weight-iou-entropies/20200111_USVpairs_court1_M1_F1_top-01112020145828-0000@0-2560_frame_meta_entropy_histogram.csv,Mice-hc,20200111_USVpairs_court1,Mice
2032.0,0.0265045768536245,Correctly Tracked,/root/vast/mustafa/dreem-experiments/paper-plots/uncertainty-animals/no-post-processing-no-weight-iou-entropies/20200111_USVpairs_court1_M1_F1_top-01112020145828-0000@0-2560_frame_meta_entropy_histogram.csv,Mice-hc,20200111_USVpairs_court1,Mice
2033.0,0.0313741097535276,Correctly Tracked,/root/vast/mustafa/dreem-experiments/paper-plots/uncertainty-animals/no-post-processing-no-weight-iou-entropies/20200111_USVpairs_court1_M1_F1_top-01112020145828-0000@0-2560_frame_meta_entropy_histogram.csv,Mice-hc,20200111_USVpairs_court1,Mice
2034.0,0.034921120253356,Correctly Tracked,/root/vast/mustafa/dreem-experiments/paper-plots/uncertainty-animals/no-post-processing-no-weight-iou-entropies/20200111_USVpairs_court1_M1_F1_top-01112020145828-0000@0-2560_frame_meta_entropy_histogram.csv,Mice-hc,20200111_USVpairs_court1,Mice
2035.0,0.0405544012334516,Correctly Tracked,/root/vast/mustafa/dreem-experiments/paper-plots/uncertainty-animals/no-post-processing-no-weight-iou-entropies/20200111_USVpairs_court1_M1_F1_top-01112020145828-0000@0-2560_frame_meta_entropy_histogram.csv,Mice-hc,20200111_USVpairs_court1,Mice
2036.0,0.0448989732149695,Correctly Tracked,/root/vast/mustafa/dreem-experiments/paper-plots/uncertainty-animals/no-post-processing-no-weight-iou-entropies/20200111_USVpairs_court1_M1_F1_top-01112020145828-0000@0-2560_frame_meta_entropy_histogram.csv,Mice-hc,20200111_USVpairs_court1,Mice
2037.0,0.0457227056191082,Correctly Tracked,/root/vast/mustafa/dreem-experiments/paper-plots/uncertainty-animals/no-post-processing-no-weight-iou-entropies/20200111_USVpairs_court1_M1_F1_top-01112020145828-0000@0-2560_frame_meta_entropy_histogram.csv,Mice-hc,20200111_USVpairs_court1,Mice
2038.0,0.0495256612373964,Correctly Tracked,/root/vast/mustafa/dreem-experiments/paper-plots/uncertainty-animals/no-post-processing-no-weight-iou-entropies/20200111_USVpairs_court1_M1_F1_top-01112020145828-0000@0-2560_frame_meta_entropy_histogram.csv,Mice-hc,20200111_USVpairs_court1,Mice
2039.0,0.0484868699028115,Correctly Tracked,/root/vast/mustafa/dreem-experiments/paper-plots/uncertainty-animals/no-post-processing-no-weight-iou-entropies/20200111_USVpairs_court1_M1_F1_top-01112020145828-0000@0-2560_frame_meta_entropy_histogram.csv,Mice-hc,20200111_USVpairs_court1,Mice
204.0,0.0054658256381553,Correctly Tracked,/root/vast/mustafa/dreem-experiments/paper-plots/uncertainty-animals/no-post-processing-no-weight-iou-entropies/20200111_USVpairs_court1_M1_F1_top-01112020145828-0000@0-2560_frame_meta_entropy_histogram.csv,Mice-hc,20200111_USVpairs_court1,Mice
2040.0,0.048010160866909,Correctly Tracked,/root/vast/mustafa/dreem-experiments/paper-plots/uncertainty-animals/no-post-processing-no-weight-iou-entropies/20200111_USVpairs_court1_M1_F1_top-01112020145828-0000@0-2560_frame_meta_entropy_histogram.csv,Mice-hc,20200111_USVpairs_court1,Mice
2041.0,0.0413985807624406,Correctly Tracked,/root/vast/mustafa/dreem-experiments/paper-plots/uncertainty-animals/no-post-processing-no-weight-iou-entropies/20200111_USVpairs_court1_M1_F1_top-01112020145828-0000@0-2560_frame_meta_entropy_histogram.csv,Mice-hc,20200111_USVpairs_court1,Mice
2042.0,0.0327746585325156,Correctly Tracked,/root/vast/mustafa/dreem-experiments/paper-plots/uncertainty-animals/no-post-processing-no-weight-iou-entropies/20200111_USVpairs_court1_M1_F1_top-01112020145828-0000@0-2560_frame_meta_entropy_histogram.csv,Mice-hc,20200111_USVpairs_court1,Mice
2043.0,0.0270596992294048,Correctly Tracked,/root/vast/mustafa/dreem-experiments/paper-plots/uncertainty-animals/no-post-processing-no-weight-iou-entropies/20200111_USVpairs_court1_M1_F1_top-01112020145828-0000@0-2560_frame_meta_entropy_histogram.csv,Mice-hc,20200111_USVpairs_court1,Mice
2044.0,0.024037939868685,Correctly Tracked,/root/vast/mustafa/dreem-experiments/paper-plots/uncertainty-animals/no-post-processing-no-weight-iou-entropies/20200111_USVpairs_court1_M1_F1_top-01112020145828-0000@0-2560_frame_meta_entropy_histogram.csv,Mice-hc,20200111_USVpairs_court1,Mice
2045.0,0.0199121298190646,Correctly Tracked,/root/vast/mustafa/dreem-experiments/paper-plots/uncertainty-animals/no-post-processing-no-weight-iou-entropies/20200111_USVpairs_court1_M1_F1_top-01112020145828-0000@0-2560_frame_meta_entropy_histogram.csv,Mice-hc,20200111_USVpairs_court1,Mice
2046.0,0.0153112727846285,Correctly Tracked,/root/vast/mustafa/dreem-experiments/paper-plots/uncertainty-animals/no-post-processing-no-weight-iou-entropies/20200111_USVpairs_court1_M1_F1_top-01112020145828-0000@0-2560_frame_meta_entropy_histogram.csv,Mice-hc,20200111_USVpairs_court1,Mice
2047.0,0.0096382806073644,Correctly Tracked,/root/vast/mustafa/dreem-experiments/paper-plots/uncertainty-animals/no-post-processing-no-weight-iou-entropies/20200111_USVpairs_court1_M1_F1_top-01112020145828-0000@0-2560_frame_meta_entropy_histogram.csv,Mice-hc,20200111_USVpairs_court1,Mice
2048.0,0.0069013157829794,Correctly Tracked,/root/vast/mustafa/dreem-experiments/paper-plots/uncertainty-animals/no-post-processing-no-weight-iou-entropies/20200111_USVpairs_court1_M1_F1_top-01112020145828-0000@0-2560_frame_meta_entropy_histogram.csv,Mice-hc,20200111_USVpairs_court1,Mice
2049.0,0.006026474300209,Correctly Tracked,/root/vast/mustafa/dreem-experiments/paper-plots/uncertainty-animals/no-post-processing-no-weight-iou-entropies/20200111_USVpairs_court1_M1_F1_top-01112020145828-0000@0-2560_frame_meta_entropy_histogram.csv,Mice-hc,20200111_USVpairs_court1,Mice
205.0,0.0066714482057638,Correctly Tracked,/root/vast/mustafa/dreem-experiments/paper-plots/uncertainty-animals/no-post-processing-no-weight-iou-entropies/20200111_USVpairs_court1_M1_F1_top-01112020145828-0000@0-2560_frame_meta_entropy_histogram.csv,Mice-hc,20200111_USVpairs_court1,Mice
2050.0,0.0054233825368862,Correctly Tracked,/root/vast/mustafa/dreem-experiments/paper-plots/uncertainty-animals/no-post-processing-no-weight-iou-entropies/20200111_USVpairs_court1_M1_F1_top-01112020145828-0000@0-2560_frame_meta_entropy_histogram.csv,Mice-hc,20200111_USVpairs_court1,Mice
2051.0,0.0049275595775813,Correctly Tracked,/root/vast/mustafa/dreem-experiments/paper-plots/uncertainty-animals/no-post-processing-no-weight-iou-entropies/20200111_USVpairs_court1_M1_F1_top-01112020145828-0000@0-2560_frame_meta_entropy_histogram.csv,Mice-hc,20200111_USVpairs_court1,Mice
2052.0,0.0046863612996257,Correctly Tracked,/root/vast/mustafa/dreem-experiments/paper-plots/uncertainty-animals/no-post-processing-no-weight-iou-entropies/20200111_USVpairs_court1_M1_F1_top-01112020145828-0000@0-2560_frame_meta_entropy_histogram.csv,Mice-hc,20200111_USVpairs_court1,Mice
2053.0,0.0045198800781688,Correctly Tracked,/root/vast/mustafa/dreem-experiments/paper-plots/uncertainty-animals/no-post-processing-no-weight-iou-entropies/20200111_USVpairs_court1_M1_F1_top-01112020145828-0000@0-2560_frame_meta_entropy_histogram.csv,Mice-hc,20200111_USVpairs_court1,Mice
2054.0,0.0045334915644545,Correctly Tracked,/root/vast/mustafa/dreem-experiments/paper-plots/uncertainty-animals/no-post-processing-no-weight-iou-entropies/20200111_USVpairs_court1_M1_F1_top-01112020145828-0000@0-2560_frame_meta_entropy_histogram.csv,Mice-hc,20200111_USVpairs_court1,Mice
2055.0,0.0046498939236669,Correctly Tracked,/root/vast/mustafa/dreem-experiments/paper-plots/uncertainty-animals/no-post-processing-no-weight-iou-entropies/20200111_USVpairs_court1_M1_F1_top-01112020145828-0000@0-2560_frame_meta_entropy_histogram.csv,Mice-hc,20200111_USVpairs_court1,Mice
2056.0,0.0046665275347764,Correctly Tracked,/root/vast/mustafa/dreem-experiments/paper-plots/uncertainty-animals/no-post-processing-no-weight-iou-entropies/20200111_USVpairs_court1_M1_F1_top-01112020145828-0000@0-2560_frame_meta_entropy_histogram.csv,Mice-hc,20200111_USVpairs_court1,Mice
2057.0,0.0048284508800818,Correctly Tracked,/root/vast/mustafa/dreem-experiments/paper-plots/uncertainty-animals/no-post-processing-no-weight-iou-entropies/20200111_USVpairs_court1_M1_F1_top-01112020145828-0000@0-2560_frame_meta_entropy_histogram.csv,Mice-hc,20200111_USVpairs_court1,Mice
2058.0,0.0047593716298567,Correctly Tracked,/root/vast/mustafa/dreem-experiments/paper-plots/uncertainty-animals/no-post-processing-no-weight-iou-entropies/20200111_USVpairs_court1_M1_F1_top-01112020145828-0000@0-2560_frame_meta_entropy_histogram.csv,Mice-hc,20200111_USVpairs_court1,Mice
2059.0,0.0050329117155721,Correctly Tracked,/root/vast/mustafa/dreem-experiments/paper-plots/uncertainty-animals/no-post-processing-no-weight-iou-entropies/20200111_USVpairs_court1_M1_F1_top-01112020145828-0000@0-2560_frame_meta_entropy_histogram.csv,Mice-hc,20200111_USVpairs_court1,Mice
206.0,0.005584160114961,Correctly Tracked,/root/vast/mustafa/dreem-experiments/paper-plots/uncertainty-animals/no-post-processing-no-weight-iou-entropies/20200111_USVpairs_court1_M1_F1_top-01112020145828-0000@0-2560_frame_meta_entropy_histogram.csv,Mice-hc,20200111_USVpairs_court1,Mice
2060.0,0.0056643655006246,Correctly Tracked,/root/vast/mustafa/dreem-experiments/paper-plots/uncertainty-animals/no-post-processing-no-weight-iou-entropies/20200111_USVpairs_court1_M1_F1_top-01112020145828-0000@0-2560_frame_meta_entropy_histogram.csv,Mice-hc,20200111_USVpairs_court1,Mice
2061.0,0.006587880760818,Correctly Tracked,/root/vast/mustafa/dreem-experiments/paper-plots/uncertainty-animals/no-post-processing-no-weight-iou-entropies/20200111_USVpairs_court1_M1_F1_top-01112020145828-0000@0-2560_frame_meta_entropy_histogram.csv,Mice-hc,20200111_USVpairs_court1,Mice
2062.0,0.0078454555251318,Correctly Tracked,/root/vast/mustafa/dreem-experiments/paper-plots/uncertainty-animals/no-post-processing-no-weight-iou-entropies/20200111_USVpairs_court1_M1_F1_top-01112020145828-0000@0-2560_frame_meta_entropy_histogram.csv,Mice-hc,20200111_USVpairs_court1,Mice
2063.0,0.0090000791904944,Correctly Tracked,/root/vast/mustafa/dreem-experiments/paper-plots/uncertainty-animals/no-post-processing-no-weight-iou-entropies/20200111_USVpairs_court1_M1_F1_top-01112020145828-0000@0-2560_frame_meta_entropy_histogram.csv,Mice-hc,20200111_USVpairs_court1,Mice
2064.0,0.0089148933619317,Correctly Tracked,/root/vast/mustafa/dreem-experiments/paper-plots/uncertainty-animals/no-post-processing-no-weight-iou-entropies/20200111_USVpairs_court1_M1_F1_top-01112020145828-0000@0-2560_frame_meta_entropy_histogram.csv,Mice-hc,20200111_USVpairs_court1,Mice
2065.0,0.0071531124917943,Correctly Tracked,/root/vast/mustafa/dreem-experiments/paper-plots/uncertainty-animals/no-post-processing-no-weight-iou-entropies/20200111_USVpairs_court1_M1_F1_top-01112020145828-0000@0-2560_frame_meta_entropy_histogram.csv,Mice-hc,20200111_USVpairs_court1,Mice
2066.0,0.0062443810215028,Correctly Tracked,/root/vast/mustafa/dreem-experiments/paper-plots/uncertainty-animals/no-post-processing-no-weight-iou-entropies/20200111_USVpairs_court1_M1_F1_top-01112020145828-0000@0-2560_frame_meta_entropy_histogram.csv,Mice-hc,20200111_USVpairs_court1,Mice
2067.0,0.0055501925337047,Correctly Tracked,/root/vast/mustafa/dreem-experiments/paper-plots/uncertainty-animals/no-post-processing-no-weight-iou-entropies/20200111_USVpairs_court1_M1_F1_top-01112020145828-0000@0-2560_frame_meta_entropy_histogram.csv,Mice-hc,20200111_USVpairs_court1,Mice
2068.0,0.0055737380334994,Correctly Tracked,/root/vast/mustafa/dreem-experiments/paper-plots/uncertainty-animals/no-post-processing-no-weight-iou-entropies/20200111_USVpairs_court1_M1_F1_top-01112020145828-0000@0-2560_frame_meta_entropy_histogram.csv,Mice-hc,20200111_USVpairs_court1,Mice
2069.0,0.0055021986251983,Correctly Tracked,/root/vast/mustafa/dreem-experiments/paper-plots/uncertainty-animals/no-post-processing-no-weight-iou-entropies/20200111_USVpairs_court1_M1_F1_top-01112020145828-0000@0-2560_frame_meta_entropy_histogram.csv,Mice-hc,20200111_USVpairs_court1,Mice
207.0,0.0055834056754417,Correctly Tracked,/root/vast/mustafa/dreem-experiments/paper-plots/uncertainty-animals/no-post-processing-no-weight-iou-entropies/20200111_USVpairs_court1_M1_F1_top-01112020145828-0000@0-2560_frame_meta_entropy_histogram.csv,Mice-hc,20200111_USVpairs_court1,Mice
2070.0,0.0050594618732027,Correctly Tracked,/root/vast/mustafa/dreem-experiments/paper-plots/uncertainty-animals/no-post-processing-no-weight-iou-entropies/20200111_USVpairs_court1_M1_F1_top-01112020145828-0000@0-2560_frame_meta_entropy_histogram.csv,Mice-hc,20200111_USVpairs_court1,Mice
2071.0,0.0047325544288523,Correctly Tracked,/root/vast/mustafa/dreem-experiments/paper-plots/uncertainty-animals/no-post-processing-no-weight-iou-entropies/20200111_USVpairs_court1_M1_F1_top-01112020145828-0000@0-2560_frame_meta_entropy_histogram.csv,Mice-hc,20200111_USVpairs_court1,Mice
2072.0,0.0045285776304711,Correctly Tracked,/root/vast/mustafa/dreem-experiments/paper-plots/uncertainty-animals/no-post-processing-no-weight-iou-entropies/20200111_USVpairs_court1_M1_F1_top-01112020145828-0000@0-2560_frame_meta_entropy_histogram.csv,Mice-hc,20200111_USVpairs_court1,Mice
2073.0,0.0044366283826211,Correctly Tracked,/root/vast/mustafa/dreem-experiments/paper-plots/uncertainty-animals/no-post-processing-no-weight-iou-entropies/20200111_USVpairs_court1_M1_F1_top-01112020145828-0000@0-2560_frame_meta_entropy_histogram.csv,Mice-hc,20200111_USVpairs_court1,Mice
2074.0,0.0044016258823271,Correctly Tracked,/root/vast/mustafa/dreem-experiments/paper-plots/uncertainty-animals/no-post-processing-no-weight-iou-entropies/20200111_USVpairs_court1_M1_F1_top-01112020145828-0000@0-2560_frame_meta_entropy_histogram.csv,Mice-hc,20200111_USVpairs_court1,Mice
2075.0,0.0043881904095357,Correctly Tracked,/root/vast/mustafa/dreem-experiments/paper-plots/uncertainty-animals/no-post-processing-no-weight-iou-entropies/20200111_USVpairs_court1_M1_F1_top-01112020145828-0000@0-2560_frame_meta_entropy_histogram.csv,Mice-hc,20200111_USVpairs_court1,Mice
2076.0,0.0043809127218138,Correctly Tracked,/root/vast/mustafa/dreem-experiments/paper-plots/uncertainty-animals/no-post-processing-no-weight-iou-entropies/20200111_USVpairs_court1_M1_F1_top-01112020145828-0000@0-2560_frame_meta_entropy_histogram.csv,Mice-hc,20200111_USVpairs_court1,Mice
2077.0,0.0043718043593904,Correctly Tracked,/root/vast/mustafa/dreem-experiments/paper-plots/uncertainty-animals/no-post-processing-no-weight-iou-entropies/20200111_USVpairs_court1_M1_F1_top-01112020145828-0000@0-2560_frame_meta_entropy_histogram.csv,Mice-hc,20200111_USVpairs_court1,Mice
2078.0,0.0043857100972428,Correctly Tracked,/root/vast/mustafa/dreem-experiments/paper-plots/uncertainty-animals/no-post-processing-no-weight-iou-entropies/20200111_USVpairs_court1_M1_F1_top-01112020145828-0000@0-2560_frame_meta_entropy_histogram.csv,Mice-hc,20200111_USVpairs_court1,Mice
2079.0,0.0043698137945681,Correctly Tracked,/root/vast/mustafa/dreem-experiments/paper-plots/uncertainty-animals/no-post-processing-no-weight-iou-entropies/20200111_USVpairs_court1_M1_F1_top-01112020145828-0000@0-2560_frame_meta_entropy_histogram.csv,Mice-hc,20200111_USVpairs_court1,Mice
208.0,0.0054045400236047,Correctly Tracked,/root/vast/mustafa/dreem-experiments/paper-plots/uncertainty-animals/no-post-processing-no-weight-iou-entropies/20200111_USVpairs_court1_M1_F1_top-01112020145828-0000@0-2560_frame_meta_entropy_histogram.csv,Mice-hc,20200111_USVpairs_court1,Mice
2080.0,0.0043658890967308,Correctly Tracked,/root/vast/mustafa/dreem-experiments/paper-plots/uncertainty-animals/no-post-processing-no-weight-iou-entropies/20200111_USVpairs_court1_M1_F1_top-01112020145828-0000@0-2560_frame_meta_entropy_histogram.csv,Mice-hc,20200111_USVpairs_court1,Mice
2081.0,0.004361597592146,Correctly Tracked,/root/vast/mustafa/dreem-experiments/paper-plots/uncertainty-animals/no-post-processing-no-weight-iou-entropies/20200111_USVpairs_court1_M1_F1_top-01112020145828-0000@0-2560_frame_meta_entropy_histogram.csv,Mice-hc,20200111_USVpairs_court1,Mice
2082.0,0.0043628555511841,Correctly Tracked,/root/vast/mustafa/dreem-experiments/paper-plots/uncertainty-animals/no-post-processing-no-weight-iou-entropies/20200111_USVpairs_court1_M1_F1_top-01112020145828-0000@0-2560_frame_meta_entropy_histogram.csv,Mice-hc,20200111_USVpairs_court1,Mice
2083.0,0.0043581730547914,Correctly Tracked,/root/vast/mustafa/dreem-experiments/paper-plots/uncertainty-animals/no-post-processing-no-weight-iou-entropies/20200111_USVpairs_court1_M1_F1_top-01112020145828-0000@0-2560_frame_meta_entropy_histogram.csv,Mice-hc,20200111_USVpairs_court1,Mice
2084.0,0.0043620873396166,Correctly Tracked,/root/vast/mustafa/dreem-experiments/paper-plots/uncertainty-animals/no-post-processing-no-weight-iou-entropies/20200111_USVpairs_court1_M1_F1_top-01112020145828-0000@0-2560_frame_meta_entropy_histogram.csv,Mice-hc,20200111_USVpairs_court1,Mice
2085.0,0.0043713959005946,Correctly Tracked,/root/vast/mustafa/dreem-experiments/paper-plots/uncertainty-animals/no-post-processing-no-weight-iou-entropies/20200111_USVpairs_court1_M1_F1_top-01112020145828-0000@0-2560_frame_meta_entropy_histogram.csv,Mice-hc,20200111_USVpairs_court1,Mice
2086.0,0.0043796124389203,Correctly Tracked,/root/vast/mustafa/dreem-experiments/paper-plots/uncertainty-animals/no-post-processing-no-weight-iou-entropies/20200111_USVpairs_court1_M1_F1_top-01112020145828-0000@0-2560_frame_meta_entropy_histogram.csv,Mice-hc,20200111_USVpairs_court1,Mice
2087.0,0.0044063769030572,Correctly Tracked,/root/vast/mustafa/dreem-experiments/paper-plots/uncertainty-animals/no-post-processing-no-weight-iou-entropies/20200111_USVpairs_court1_M1_F1_top-01112020145828-0000@0-2560_frame_meta_entropy_histogram.csv,Mice-hc,20200111_USVpairs_court1,Mice
2088.0,0.0044244323941689,Correctly Tracked,/root/vast/mustafa/dreem-experiments/paper-plots/uncertainty-animals/no-post-processing-no-weight-iou-entropies/20200111_USVpairs_court1_M1_F1_top-01112020145828-0000@0-2560_frame_meta_entropy_histogram.csv,Mice-hc,20200111_USVpairs_court1,Mice
2089.0,0.0044602692790424,Correctly Tracked,/root/vast/mustafa/dreem-experiments/paper-plots/uncertainty-animals/no-post-processing-no-weight-iou-entropies/20200111_USVpairs_court1_M1_F1_top-01112020145828-0000@0-2560_frame_meta_entropy_histogram.csv,Mice-hc,20200111_USVpairs_court1,Mice
209.0,0.0049329431048183,Correctly Tracked,/root/vast/mustafa/dreem-experiments/paper-plots/uncertainty-animals/no-post-processing-no-weight-iou-entropies/20200111_USVpairs_court1_M1_F1_top-01112020145828-0000@0-2560_frame_meta_entropy_histogram.csv,Mice-hc,20200111_USVpairs_court1,Mice
2090.0,0.004500824937899,Correctly Tracked,/root/vast/mustafa/dreem-experiments/paper-plots/uncertainty-animals/no-post-processing-no-weight-iou-entropies/20200111_USVpairs_court1_M1_F1_top-01112020145828-0000@0-2560_frame_meta_entropy_histogram.csv,Mice-hc,20200111_USVpairs_court1,Mice
2091.0,0.0045297069384246,Correctly Tracked,/root/vast/mustafa/dreem-experiments/paper-plots/uncertainty-animals/no-post-processing-no-weight-iou-entropies/20200111_USVpairs_court1_M1_F1_top-01112020145828-0000@0-2560_frame_meta_entropy_histogram.csv,Mice-hc,20200111_USVpairs_court1,Mice
2092.0,0.004596750612743,Correctly Tracked,/root/vast/mustafa/dreem-experiments/paper-plots/uncertainty-animals/no-post-processing-no-weight-iou-entropies/20200111_USVpairs_court1_M1_F1_top-01112020145828-0000@0-2560_frame_meta_entropy_histogram.csv,Mice-hc,20200111_USVpairs_court1,Mice
2093.0,0.0046393714070244,Correctly Tracked,/root/vast/mustafa/dreem-experiments/paper-plots/uncertainty-animals/no-post-processing-no-weight-iou-entropies/20200111_USVpairs_court1_M1_F1_top-01112020145828-0000@0-2560_frame_meta_entropy_histogram.csv,Mice-hc,20200111_USVpairs_court1,Mice
2094.0,0.0046432460552231,Correctly Tracked,/root/vast/mustafa/dreem-experiments/paper-plots/uncertainty-animals/no-post-processing-no-weight-iou-entropies/20200111_USVpairs_court1_M1_F1_top-01112020145828-0000@0-2560_frame_meta_entropy_histogram.csv,Mice-hc,20200111_USVpairs_court1,Mice
2095.0,0.0046401433135316,Correctly Tracked,/root/vast/mustafa/dreem-experiments/paper-plots/uncertainty-animals/no-post-processing-no-weight-iou-entropies/20200111_USVpairs_court1_M1_F1_top-01112020145828-0000@0-2560_frame_meta_entropy_histogram.csv,Mice-hc,20200111_USVpairs_court1,Mice
2096.0,0.0169591568006176,Correctly Tracked,/root/vast/mustafa/dreem-experiments/paper-plots/uncertainty-animals/no-post-processing-no-weight-iou-entropies/20200111_USVpairs_court1_M1_F1_top-01112020145828-0000@0-2560_frame_meta_entropy_histogram.csv,Mice-hc,20200111_USVpairs_court1,Mice
2097.0,0.0273416244770606,Correctly Tracked,/root/vast/mustafa/dreem-experiments/paper-plots/uncertainty-animals/no-post-processing-no-weight-iou-entropies/20200111_USVpairs_court1_M1_F1_top-01112020145828-0000@0-2560_frame_meta_entropy_histogram.csv,Mice-hc,20200111_USVpairs_court1,Mice
2098.0,0.0401299050554595,Correctly Tracked,/root/vast/mustafa/dreem-experiments/paper-plots/uncertainty-animals/no-post-processing-no-weight-iou-entropies/20200111_USVpairs_court1_M1_F1_top-01112020145828-0000@0-2560_frame_meta_entropy_histogram.csv,Mice-hc,20200111_USVpairs_court1,Mice
2099.0,0.0057844255143003,Correctly Tracked,/root/vast/mustafa/dreem-experiments/paper-plots/uncertainty-animals/no-post-processing-no-weight-iou-entropies/20200111_USVpairs_court1_M1_F1_top-01112020145828-0000@0-2560_frame_meta_entropy_histogram.csv,Mice-hc,20200111_USVpairs_court1,Mice
21.0,0.0150924665134539,Correctly Tracked,/root/vast/mustafa/dreem-experiments/paper-plots/uncertainty-animals/no-post-processing-no-weight-iou-entropies/20200111_USVpairs_court1_M1_F1_top-01112020145828-0000@0-2560_frame_meta_entropy_histogram.csv,Mice-hc,20200111_USVpairs_court1,Mice
210.0,0.0047513737647844,Correctly Tracked,/root/vast/mustafa/dreem-experiments/paper-plots/uncertainty-animals/no-post-processing-no-weight-iou-entropies/20200111_USVpairs_court1_M1_F1_top-01112020145828-0000@0-2560_frame_meta_entropy_histogram.csv,Mice-hc,20200111_USVpairs_court1,Mice
2100.0,0.006121142016015,Correctly Tracked,/root/vast/mustafa/dreem-experiments/paper-plots/uncertainty-animals/no-post-processing-no-weight-iou-entropies/20200111_USVpairs_court1_M1_F1_top-01112020145828-0000@0-2560_frame_meta_entropy_histogram.csv,Mice-hc,20200111_USVpairs_court1,Mice
2101.0,0.0063399207430932,Correctly Tracked,/root/vast/mustafa/dreem-experiments/paper-plots/uncertainty-animals/no-post-processing-no-weight-iou-entropies/20200111_USVpairs_court1_M1_F1_top-01112020145828-0000@0-2560_frame_meta_entropy_histogram.csv,Mice-hc,20200111_USVpairs_court1,Mice
2102.0,0.0070273898149775,Correctly Tracked,/root/vast/mustafa/dreem-experiments/paper-plots/uncertainty-animals/no-post-processing-no-weight-iou-entropies/20200111_USVpairs_court1_M1_F1_top-01112020145828-0000@0-2560_frame_meta_entropy_histogram.csv,Mice-hc,20200111_USVpairs_court1,Mice
2103.0,0.0535871336522206,Correctly Tracked,/root/vast/mustafa/dreem-experiments/paper-plots/uncertainty-animals/no-post-processing-no-weight-iou-entropies/20200111_USVpairs_court1_M1_F1_top-01112020145828-0000@0-2560_frame_meta_entropy_histogram.csv,Mice-hc,20200111_USVpairs_court1,Mice
2104.0,0.0755137983755402,Correctly Tracked,/root/vast/mustafa/dreem-experiments/paper-plots/uncertainty-animals/no-post-processing-no-weight-iou-entropies/20200111_USVpairs_court1_M1_F1_top-01112020145828-0000@0-2560_frame_meta_entropy_histogram.csv,Mice-hc,20200111_USVpairs_court1,Mice
2105.0,0.0090740619616908,Correctly Tracked,/root/vast/mustafa/dreem-experiments/paper-plots/uncertainty-animals/no-post-processing-no-weight-iou-entropies/20200111_USVpairs_court1_M1_F1_top-01112020145828-0000@0-2560_frame_meta_entropy_histogram.csv,Mice-hc,20200111_USVpairs_court1,Mice
2106.0,0.0079292453382707,Correctly Tracked,/root/vast/mustafa/dreem-experiments/paper-plots/uncertainty-animals/no-post-processing-no-weight-iou-entropies/20200111_USVpairs_court1_M1_F1_top-01112020145828-0000@0-2560_frame_meta_entropy_histogram.csv,Mice-hc,20200111_USVpairs_court1,Mice
2107.0,0.0063861975123199,Correctly Tracked,/root/vast/mustafa/dreem-experiments/paper-plots/uncertainty-animals/no-post-processing-no-weight-iou-entropies/20200111_USVpairs_court1_M1_F1_top-01112020145828-0000@0-2560_frame_meta_entropy_histogram.csv,Mice-hc,20200111_USVpairs_court1,Mice
2108.0,0.0053049886051407,Correctly Tracked,/root/vast/mustafa/dreem-experiments/paper-plots/uncertainty-animals/no-post-processing-no-weight-iou-entropies/20200111_USVpairs_court1_M1_F1_top-01112020145828-0000@0-2560_frame_meta_entropy_histogram.csv,Mice-hc,20200111_USVpairs_court1,Mice
2109.0,0.0046810540225092,Correctly Tracked,/root/vast/mustafa/dreem-experiments/paper-plots/uncertainty-animals/no-post-processing-no-weight-iou-entropies/20200111_USVpairs_court1_M1_F1_top-01112020145828-0000@0-2560_frame_meta_entropy_histogram.csv,Mice-hc,20200111_USVpairs_court1,Mice
211.0,0.0047671716476999,Correctly Tracked,/root/vast/mustafa/dreem-experiments/paper-plots/uncertainty-animals/no-post-processing-no-weight-iou-entropies/20200111_USVpairs_court1_M1_F1_top-01112020145828-0000@0-2560_frame_meta_entropy_histogram.csv,Mice-hc,20200111_USVpairs_court1,Mice
2110.0,0.0047663936949276,Correctly Tracked,/root/vast/mustafa/dreem-experiments/paper-plots/uncertainty-animals/no-post-processing-no-weight-iou-entropies/20200111_USVpairs_court1_M1_F1_top-01112020145828-0000@0-2560_frame_meta_entropy_histogram.csv,Mice-hc,20200111_USVpairs_court1,Mice
2111.0,0.004970457492345,Correctly Tracked,/root/vast/mustafa/dreem-experiments/paper-plots/uncertainty-animals/no-post-processing-no-weight-iou-entropies/20200111_USVpairs_court1_M1_F1_top-01112020145828-0000@0-2560_frame_meta_entropy_histogram.csv,Mice-hc,20200111_USVpairs_court1,Mice
2112.0,0.0048266628651393,Correctly Tracked,/root/vast/mustafa/dreem-experiments/paper-plots/uncertainty-animals/no-post-processing-no-weight-iou-entropies/20200111_USVpairs_court1_M1_F1_top-01112020145828-0000@0-2560_frame_meta_entropy_histogram.csv,Mice-hc,20200111_USVpairs_court1,Mice
2113.0,0.0046591591530785,Correctly Tracked,/root/vast/mustafa/dreem-experiments/paper-plots/uncertainty-animals/no-post-processing-no-weight-iou-entropies/20200111_USVpairs_court1_M1_F1_top-01112020145828-0000@0-2560_frame_meta_entropy_histogram.csv,Mice-hc,20200111_USVpairs_court1,Mice
2114.0,0.005577459173746,Correctly Tracked,/root/vast/mustafa/dreem-experiments/paper-plots/uncertainty-animals/no-post-processing-no-weight-iou-entropies/20200111_USVpairs_court1_M1_F1_top-01112020145828-0000@0-2560_frame_meta_entropy_histogram.csv,Mice-hc,20200111_USVpairs_court1,Mice
2115.0,0.0049564204161792,Correctly Tracked,/root/vast/mustafa/dreem-experiments/paper-plots/uncertainty-animals/no-post-processing-no-weight-iou-entropies/20200111_USVpairs_court1_M1_F1_top-01112020145828-0000@0-2560_frame_meta_entropy_histogram.csv,Mice-hc,20200111_USVpairs_court1,Mice
2116.0,0.0069169359728825,Correctly Tracked,/root/vast/mustafa/dreem-experiments/paper-plots/uncertainty-animals/no-post-processing-no-weight-iou-entropies/20200111_USVpairs_court1_M1_F1_top-01112020145828-0000@0-2560_frame_meta_entropy_histogram.csv,Mice-hc,20200111_USVpairs_court1,Mice
2117.0,0.0092482541865329,Correctly Tracked,/root/vast/mustafa/dreem-experiments/paper-plots/uncertainty-animals/no-post-processing-no-weight-iou-entropies/20200111_USVpairs_court1_M1_F1_top-01112020145828-0000@0-2560_frame_meta_entropy_histogram.csv,Mice-hc,20200111_USVpairs_court1,Mice
2118.0,0.0150690822473944,Correctly Tracked,/root/vast/mustafa/dreem-experiments/paper-plots/uncertainty-animals/no-post-processing-no-weight-iou-entropies/20200111_USVpairs_court1_M1_F1_top-01112020145828-0000@0-2560_frame_meta_entropy_histogram.csv,Mice-hc,20200111_USVpairs_court1,Mice
2119.0,0.0128865874739694,Correctly Tracked,/root/vast/mustafa/dreem-experiments/paper-plots/uncertainty-animals/no-post-processing-no-weight-iou-entropies/20200111_USVpairs_court1_M1_F1_top-01112020145828-0000@0-2560_frame_meta_entropy_histogram.csv,Mice-hc,20200111_USVpairs_court1,Mice
212.0,0.0048671493278512,Correctly Tracked,/root/vast/mustafa/dreem-experiments/paper-plots/uncertainty-animals/no-post-processing-no-weight-iou-entropies/20200111_USVpairs_court1_M1_F1_top-01112020145828-0000@0-2560_frame_meta_entropy_histogram.csv,Mice-hc,20200111_USVpairs_court1,Mice
2120.0,0.0248106176105778,Correctly Tracked,/root/vast/mustafa/dreem-experiments/paper-plots/uncertainty-animals/no-post-processing-no-weight-iou-entropies/20200111_USVpairs_court1_M1_F1_top-01112020145828-0000@0-2560_frame_meta_entropy_histogram.csv,Mice-hc,20200111_USVpairs_court1,Mice
2121.0,0.0258549876324,Correctly Tracked,/root/vast/mustafa/dreem-experiments/paper-plots/uncertainty-animals/no-post-processing-no-weight-iou-entropies/20200111_USVpairs_court1_M1_F1_top-01112020145828-0000@0-2560_frame_meta_entropy_histogram.csv,Mice-hc,20200111_USVpairs_court1,Mice
2122.0,0.0373481206117295,Correctly Tracked,/root/vast/mustafa/dreem-experiments/paper-plots/uncertainty-animals/no-post-processing-no-weight-iou-entropies/20200111_USVpairs_court1_M1_F1_top-01112020145828-0000@0-2560_frame_meta_entropy_histogram.csv,Mice-hc,20200111_USVpairs_court1,Mice
2123.0,0.027242213130404,Correctly Tracked,/root/vast/mustafa/dreem-experiments/paper-plots/uncertainty-animals/no-post-processing-no-weight-iou-entropies/20200111_USVpairs_court1_M1_F1_top-01112020145828-0000@0-2560_frame_meta_entropy_histogram.csv,Mice-hc,20200111_USVpairs_court1,Mice
2124.0,0.0174196793131221,Correctly Tracked,/root/vast/mustafa/dreem-experiments/paper-plots/uncertainty-animals/no-post-processing-no-weight-iou-entropies/20200111_USVpairs_court1_M1_F1_top-01112020145828-0000@0-2560_frame_meta_entropy_histogram.csv,Mice-hc,20200111_USVpairs_court1,Mice
2125.0,0.0158842558274238,Correctly Tracked,/root/vast/mustafa/dreem-experiments/paper-plots/uncertainty-animals/no-post-processing-no-weight-iou-entropies/20200111_USVpairs_court1_M1_F1_top-01112020145828-0000@0-2560_frame_meta_entropy_histogram.csv,Mice-hc,20200111_USVpairs_court1,Mice
2126.0,0.0107612171411128,Correctly Tracked,/root/vast/mustafa/dreem-experiments/paper-plots/uncertainty-animals/no-post-processing-no-weight-iou-entropies/20200111_USVpairs_court1_M1_F1_top-01112020145828-0000@0-2560_frame_meta_entropy_histogram.csv,Mice-hc,20200111_USVpairs_court1,Mice
2127.0,0.00809491837563,Correctly Tracked,/root/vast/mustafa/dreem-experiments/paper-plots/uncertainty-animals/no-post-processing-no-weight-iou-entropies/20200111_USVpairs_court1_M1_F1_top-01112020145828-0000@0-2560_frame_meta_entropy_histogram.csv,Mice-hc,20200111_USVpairs_court1,Mice
2128.0,0.0076179110573174,Correctly Tracked,/root/vast/mustafa/dreem-experiments/paper-plots/uncertainty-animals/no-post-processing-no-weight-iou-entropies/20200111_USVpairs_court1_M1_F1_top-01112020145828-0000@0-2560_frame_meta_entropy_histogram.csv,Mice-hc,20200111_USVpairs_court1,Mice
2129.0,0.0068745469520955,Correctly Tracked,/root/vast/mustafa/dreem-experiments/paper-plots/uncertainty-animals/no-post-processing-no-weight-iou-entropies/20200111_USVpairs_court1_M1_F1_top-01112020145828-0000@0-2560_frame_meta_entropy_histogram.csv,Mice-hc,20200111_USVpairs_court1,Mice
213.0,0.0052902468031906,Correctly Tracked,/root/vast/mustafa/dreem-experiments/paper-plots/uncertainty-animals/no-post-processing-no-weight-iou-entropies/20200111_USVpairs_court1_M1_F1_top-01112020145828-0000@0-2560_frame_meta_entropy_histogram.csv,Mice-hc,20200111_USVpairs_court1,Mice
2130.0,0.0062116787891641,Correctly Tracked,/root/vast/mustafa/dreem-experiments/paper-plots/uncertainty-animals/no-post-processing-no-weight-iou-entropies/20200111_USVpairs_court1_M1_F1_top-01112020145828-0000@0-2560_frame_meta_entropy_histogram.csv,Mice-hc,20200111_USVpairs_court1,Mice
2131.0,0.0058786444628767,Correctly Tracked,/root/vast/mustafa/dreem-experiments/paper-plots/uncertainty-animals/no-post-processing-no-weight-iou-entropies/20200111_USVpairs_court1_M1_F1_top-01112020145828-0000@0-2560_frame_meta_entropy_histogram.csv,Mice-hc,20200111_USVpairs_court1,Mice
2132.0,0.0056734644577468,Correctly Tracked,/root/vast/mustafa/dreem-experiments/paper-plots/uncertainty-animals/no-post-processing-no-weight-iou-entropies/20200111_USVpairs_court1_M1_F1_top-01112020145828-0000@0-2560_frame_meta_entropy_histogram.csv,Mice-hc,20200111_USVpairs_court1,Mice
2133.0,0.0144184100729152,Correctly Tracked,/root/vast/mustafa/dreem-experiments/paper-plots/uncertainty-animals/no-post-processing-no-weight-iou-entropies/20200111_USVpairs_court1_M1_F1_top-01112020145828-0000@0-2560_frame_meta_entropy_histogram.csv,Mice-hc,20200111_USVpairs_court1,Mice
2134.0,0.0057282395884321,Correctly Tracked,/root/vast/mustafa/dreem-experiments/paper-plots/uncertainty-animals/no-post-processing-no-weight-iou-entropies/20200111_USVpairs_court1_M1_F1_top-01112020145828-0000@0-2560_frame_meta_entropy_histogram.csv,Mice-hc,20200111_USVpairs_court1,Mice
2135.0,0.0057866586015326,Correctly Tracked,/root/vast/mustafa/dreem-experiments/paper-plots/uncertainty-animals/no-post-processing-no-weight-iou-entropies/20200111_USVpairs_court1_M1_F1_top-01112020145828-0000@0-2560_frame_meta_entropy_histogram.csv,Mice-hc,20200111_USVpairs_court1,Mice
2136.0,0.0057900901928631,Correctly Tracked,/root/vast/mustafa/dreem-experiments/paper-plots/uncertainty-animals/no-post-processing-no-weight-iou-entropies/20200111_USVpairs_court1_M1_F1_top-01112020145828-0000@0-2560_frame_meta_entropy_histogram.csv,Mice-hc,20200111_USVpairs_court1,Mice
2137.0,0.0059026051395395,Correctly Tracked,/root/vast/mustafa/dreem-experiments/paper-plots/uncertainty-animals/no-post-processing-no-weight-iou-entropies/20200111_USVpairs_court1_M1_F1_top-01112020145828-0000@0-2560_frame_meta_entropy_histogram.csv,Mice-hc,20200111_USVpairs_court1,Mice
2138.0,0.0061534781134133,Correctly Tracked,/root/vast/mustafa/dreem-experiments/paper-plots/uncertainty-animals/no-post-processing-no-weight-iou-entropies/20200111_USVpairs_court1_M1_F1_top-01112020145828-0000@0-2560_frame_meta_entropy_histogram.csv,Mice-hc,20200111_USVpairs_court1,Mice
2139.0,0.0063591183064958,Correctly Tracked,/root/vast/mustafa/dreem-experiments/paper-plots/uncertainty-animals/no-post-processing-no-weight-iou-entropies/20200111_USVpairs_court1_M1_F1_top-01112020145828-0000@0-2560_frame_meta_entropy_histogram.csv,Mice-hc,20200111_USVpairs_court1,Mice
214.0,0.0062566522523647,Correctly Tracked,/root/vast/mustafa/dreem-experiments/paper-plots/uncertainty-animals/no-post-processing-no-weight-iou-entropies/20200111_USVpairs_court1_M1_F1_top-01112020145828-0000@0-2560_frame_meta_entropy_histogram.csv,Mice-hc,20200111_USVpairs_court1,Mice
2140.0,0.0066590997170704,Correctly Tracked,/root/vast/mustafa/dreem-experiments/paper-plots/uncertainty-animals/no-post-processing-no-weight-iou-entropies/20200111_USVpairs_court1_M1_F1_top-01112020145828-0000@0-2560_frame_meta_entropy_histogram.csv,Mice-hc,20200111_USVpairs_court1,Mice
2141.0,0.0069010860249067,Correctly Tracked,/root/vast/mustafa/dreem-experiments/paper-plots/uncertainty-animals/no-post-processing-no-weight-iou-entropies/20200111_USVpairs_court1_M1_F1_top-01112020145828-0000@0-2560_frame_meta_entropy_histogram.csv,Mice-hc,20200111_USVpairs_court1,Mice
2142.0,0.0063965399846247,Correctly Tracked,/root/vast/mustafa/dreem-experiments/paper-plots/uncertainty-animals/no-post-processing-no-weight-iou-entropies/20200111_USVpairs_court1_M1_F1_top-01112020145828-0000@0-2560_frame_meta_entropy_histogram.csv,Mice-hc,20200111_USVpairs_court1,Mice
2143.0,0.0067972662792074,Correctly Tracked,/root/vast/mustafa/dreem-experiments/paper-plots/uncertainty-animals/no-post-processing-no-weight-iou-entropies/20200111_USVpairs_court1_M1_F1_top-01112020145828-0000@0-2560_frame_meta_entropy_histogram.csv,Mice-hc,20200111_USVpairs_court1,Mice
2144.0,0.0071010541495468,Correctly Tracked,/root/vast/mustafa/dreem-experiments/paper-plots/uncertainty-animals/no-post-processing-no-weight-iou-entropies/20200111_USVpairs_court1_M1_F1_top-01112020145828-0000@0-2560_frame_meta_entropy_histogram.csv,Mice-hc,20200111_USVpairs_court1,Mice
2145.0,0.0071623303587962,Correctly Tracked,/root/vast/mustafa/dreem-experiments/paper-plots/uncertainty-animals/no-post-processing-no-weight-iou-entropies/20200111_USVpairs_court1_M1_F1_top-01112020145828-0000@0-2560_frame_meta_entropy_histogram.csv,Mice-hc,20200111_USVpairs_court1,Mice
2146.0,0.0073180243715621,Correctly Tracked,/root/vast/mustafa/dreem-experiments/paper-plots/uncertainty-animals/no-post-processing-no-weight-iou-entropies/20200111_USVpairs_court1_M1_F1_top-01112020145828-0000@0-2560_frame_meta_entropy_histogram.csv,Mice-hc,20200111_USVpairs_court1,Mice
2147.0,0.0077576624127097,Correctly Tracked,/root/vast/mustafa/dreem-experiments/paper-plots/uncertainty-animals/no-post-processing-no-weight-iou-entropies/20200111_USVpairs_court1_M1_F1_top-01112020145828-0000@0-2560_frame_meta_entropy_histogram.csv,Mice-hc,20200111_USVpairs_court1,Mice
2148.0,0.0073864264400994,Correctly Tracked,/root/vast/mustafa/dreem-experiments/paper-plots/uncertainty-animals/no-post-processing-no-weight-iou-entropies/20200111_USVpairs_court1_M1_F1_top-01112020145828-0000@0-2560_frame_meta_entropy_histogram.csv,Mice-hc,20200111_USVpairs_court1,Mice
2149.0,0.008010938441045,Correctly Tracked,/root/vast/mustafa/dreem-experiments/paper-plots/uncertainty-animals/no-post-processing-no-weight-iou-entropies/20200111_USVpairs_court1_M1_F1_top-01112020145828-0000@0-2560_frame_meta_entropy_histogram.csv,Mice-hc,20200111_USVpairs_court1,Mice
215.0,0.0088679058206558,Correctly Tracked,/root/vast/mustafa/dreem-experiments/paper-plots/uncertainty-animals/no-post-processing-no-weight-iou-entropies/20200111_USVpairs_court1_M1_F1_top-01112020145828-0000@0-2560_frame_meta_entropy_histogram.csv,Mice-hc,20200111_USVpairs_court1,Mice
2150.0,0.0078479781612802,Correctly Tracked,/root/vast/mustafa/dreem-experiments/paper-plots/uncertainty-animals/no-post-processing-no-weight-iou-entropies/20200111_USVpairs_court1_M1_F1_top-01112020145828-0000@0-2560_frame_meta_entropy_histogram.csv,Mice-hc,20200111_USVpairs_court1,Mice
2151.0,0.009364148995383,Correctly Tracked,/root/vast/mustafa/dreem-experiments/paper-plots/uncertainty-animals/no-post-processing-no-weight-iou-entropies/20200111_USVpairs_court1_M1_F1_top-01112020145828-0000@0-2560_frame_meta_entropy_histogram.csv,Mice-hc,20200111_USVpairs_court1,Mice
2152.0,0.0129591225005852,Correctly Tracked,/root/vast/mustafa/dreem-experiments/paper-plots/uncertainty-animals/no-post-processing-no-weight-iou-entropies/20200111_USVpairs_court1_M1_F1_top-01112020145828-0000@0-2560_frame_meta_entropy_histogram.csv,Mice-hc,20200111_USVpairs_court1,Mice
2153.0,0.0088110978012926,Correctly Tracked,/root/vast/mustafa/dreem-experiments/paper-plots/uncertainty-animals/no-post-processing-no-weight-iou-entropies/20200111_USVpairs_court1_M1_F1_top-01112020145828-0000@0-2560_frame_meta_entropy_histogram.csv,Mice-hc,20200111_USVpairs_court1,Mice
2154.0,0.0136046566933699,Correctly Tracked,/root/vast/mustafa/dreem-experiments/paper-plots/uncertainty-animals/no-post-processing-no-weight-iou-entropies/20200111_USVpairs_court1_M1_F1_top-01112020145828-0000@0-2560_frame_meta_entropy_histogram.csv,Mice-hc,20200111_USVpairs_court1,Mice
2155.0,0.0109270346170265,Correctly Tracked,/root/vast/mustafa/dreem-experiments/paper-plots/uncertainty-animals/no-post-processing-no-weight-iou-entropies/20200111_USVpairs_court1_M1_F1_top-01112020145828-0000@0-2560_frame_meta_entropy_histogram.csv,Mice-hc,20200111_USVpairs_court1,Mice
2156.0,0.0083070562882403,Correctly Tracked,/root/vast/mustafa/dreem-experiments/paper-plots/uncertainty-animals/no-post-processing-no-weight-iou-entropies/20200111_USVpairs_court1_M1_F1_top-01112020145828-0000@0-2560_frame_meta_entropy_histogram.csv,Mice-hc,20200111_USVpairs_court1,Mice
2157.0,0.0075536943478225,Correctly Tracked,/root/vast/mustafa/dreem-experiments/paper-plots/uncertainty-animals/no-post-processing-no-weight-iou-entropies/20200111_USVpairs_court1_M1_F1_top-01112020145828-0000@0-2560_frame_meta_entropy_histogram.csv,Mice-hc,20200111_USVpairs_court1,Mice
2158.0,0.0069366729974907,Correctly Tracked,/root/vast/mustafa/dreem-experiments/paper-plots/uncertainty-animals/no-post-processing-no-weight-iou-entropies/20200111_USVpairs_court1_M1_F1_top-01112020145828-0000@0-2560_frame_meta_entropy_histogram.csv,Mice-hc,20200111_USVpairs_court1,Mice
2159.0,0.0058828425862566,Correctly Tracked,/root/vast/mustafa/dreem-experiments/paper-plots/uncertainty-animals/no-post-processing-no-weight-iou-entropies/20200111_USVpairs_court1_M1_F1_top-01112020145828-0000@0-2560_frame_meta_entropy_histogram.csv,Mice-hc,20200111_USVpairs_court1,Mice
216.0,0.0073851997200975,Correctly Tracked,/root/vast/mustafa/dreem-experiments/paper-plots/uncertainty-animals/no-post-processing-no-weight-iou-entropies/20200111_USVpairs_court1_M1_F1_top-01112020145828-0000@0-2560_frame_meta_entropy_histogram.csv,Mice-hc,20200111_USVpairs_court1,Mice
2160.0,0.010112567778203,Correctly Tracked,/root/vast/mustafa/dreem-experiments/paper-plots/uncertainty-animals/no-post-processing-no-weight-iou-entropies/20200111_USVpairs_court1_M1_F1_top-01112020145828-0000@0-2560_frame_meta_entropy_histogram.csv,Mice-hc,20200111_USVpairs_court1,Mice
2161.0,0.0055283813042741,Correctly Tracked,/root/vast/mustafa/dreem-experiments/paper-plots/uncertainty-animals/no-post-processing-no-weight-iou-entropies/20200111_USVpairs_court1_M1_F1_top-01112020145828-0000@0-2560_frame_meta_entropy_histogram.csv,Mice-hc,20200111_USVpairs_court1,Mice
2162.0,0.005042982777756,Correctly Tracked,/root/vast/mustafa/dreem-experiments/paper-plots/uncertainty-animals/no-post-processing-no-weight-iou-entropies/20200111_USVpairs_court1_M1_F1_top-01112020145828-0000@0-2560_frame_meta_entropy_histogram.csv,Mice-hc,20200111_USVpairs_court1,Mice
2163.0,0.0046770235150332,Correctly Tracked,/root/vast/mustafa/dreem-experiments/paper-plots/uncertainty-animals/no-post-processing-no-weight-iou-entropies/20200111_USVpairs_court1_M1_F1_top-01112020145828-0000@0-2560_frame_meta_entropy_histogram.csv,Mice-hc,20200111_USVpairs_court1,Mice
2164.0,0.0048260743620059,Correctly Tracked,/root/vast/mustafa/dreem-experiments/paper-plots/uncertainty-animals/no-post-processing-no-weight-iou-entropies/20200111_USVpairs_court1_M1_F1_top-01112020145828-0000@0-2560_frame_meta_entropy_histogram.csv,Mice-hc,20200111_USVpairs_court1,Mice
2165.0,0.0048304699967114,Correctly Tracked,/root/vast/mustafa/dreem-experiments/paper-plots/uncertainty-animals/no-post-processing-no-weight-iou-entropies/20200111_USVpairs_court1_M1_F1_top-01112020145828-0000@0-2560_frame_meta_entropy_histogram.csv,Mice-hc,20200111_USVpairs_court1,Mice
2166.0,0.004922621122634,Correctly Tracked,/root/vast/mustafa/dreem-experiments/paper-plots/uncertainty-animals/no-post-processing-no-weight-iou-entropies/20200111_USVpairs_court1_M1_F1_top-01112020145828-0000@0-2560_frame_meta_entropy_histogram.csv,Mice-hc,20200111_USVpairs_court1,Mice
2167.0,0.005118919164377,Correctly Tracked,/root/vast/mustafa/dreem-experiments/paper-plots/uncertainty-animals/no-post-processing-no-weight-iou-entropies/20200111_USVpairs_court1_M1_F1_top-01112020145828-0000@0-2560_frame_meta_entropy_histogram.csv,Mice-hc,20200111_USVpairs_court1,Mice
2168.0,0.0050448003522166,Correctly Tracked,/root/vast/mustafa/dreem-experiments/paper-plots/uncertainty-animals/no-post-processing-no-weight-iou-entropies/20200111_USVpairs_court1_M1_F1_top-01112020145828-0000@0-2560_frame_meta_entropy_histogram.csv,Mice-hc,20200111_USVpairs_court1,Mice
2169.0,0.0044646528212177,Correctly Tracked,/root/vast/mustafa/dreem-experiments/paper-plots/uncertainty-animals/no-post-processing-no-weight-iou-entropies/20200111_USVpairs_court1_M1_F1_top-01112020145828-0000@0-2560_frame_meta_entropy_histogram.csv,Mice-hc,20200111_USVpairs_court1,Mice
217.0,0.006514775369864,Correctly Tracked,/root/vast/mustafa/dreem-experiments/paper-plots/uncertainty-animals/no-post-processing-no-weight-iou-entropies/20200111_USVpairs_court1_M1_F1_top-01112020145828-0000@0-2560_frame_meta_entropy_histogram.csv,Mice-hc,20200111_USVpairs_court1,Mice
2170.0,0.0044706685190581,Correctly Tracked,/root/vast/mustafa/dreem-experiments/paper-plots/uncertainty-animals/no-post-processing-no-weight-iou-entropies/20200111_USVpairs_court1_M1_F1_top-01112020145828-0000@0-2560_frame_meta_entropy_histogram.csv,Mice-hc,20200111_USVpairs_court1,Mice
2171.0,0.0045627763134145,Correctly Tracked,/root/vast/mustafa/dreem-experiments/paper-plots/uncertainty-animals/no-post-processing-no-weight-iou-entropies/20200111_USVpairs_court1_M1_F1_top-01112020145828-0000@0-2560_frame_meta_entropy_histogram.csv,Mice-hc,20200111_USVpairs_court1,Mice
2172.0,0.0051564772193736,Correctly Tracked,/root/vast/mustafa/dreem-experiments/paper-plots/uncertainty-animals/no-post-processing-no-weight-iou-entropies/20200111_USVpairs_court1_M1_F1_top-01112020145828-0000@0-2560_frame_meta_entropy_histogram.csv,Mice-hc,20200111_USVpairs_court1,Mice
2173.0,0.004984629601764,Correctly Tracked,/root/vast/mustafa/dreem-experiments/paper-plots/uncertainty-animals/no-post-processing-no-weight-iou-entropies/20200111_USVpairs_court1_M1_F1_top-01112020145828-0000@0-2560_frame_meta_entropy_histogram.csv,Mice-hc,20200111_USVpairs_court1,Mice
2174.0,0.0049488531795412,Correctly Tracked,/root/vast/mustafa/dreem-experiments/paper-plots/uncertainty-animals/no-post-processing-no-weight-iou-entropies/20200111_USVpairs_court1_M1_F1_top-01112020145828-0000@0-2560_frame_meta_entropy_histogram.csv,Mice-hc,20200111_USVpairs_court1,Mice
2175.0,0.0049013883192284,Correctly Tracked,/root/vast/mustafa/dreem-experiments/paper-plots/uncertainty-animals/no-post-processing-no-weight-iou-entropies/20200111_USVpairs_court1_M1_F1_top-01112020145828-0000@0-2560_frame_meta_entropy_histogram.csv,Mice-hc,20200111_USVpairs_court1,Mice
2176.0,0.0049373565424154,Correctly Tracked,/root/vast/mustafa/dreem-experiments/paper-plots/uncertainty-animals/no-post-processing-no-weight-iou-entropies/20200111_USVpairs_court1_M1_F1_top-01112020145828-0000@0-2560_frame_meta_entropy_histogram.csv,Mice-hc,20200111_USVpairs_court1,Mice
2177.0,0.0050200062986851,Correctly Tracked,/root/vast/mustafa/dreem-experiments/paper-plots/uncertainty-animals/no-post-processing-no-weight-iou-entropies/20200111_USVpairs_court1_M1_F1_top-01112020145828-0000@0-2560_frame_meta_entropy_histogram.csv,Mice-hc,20200111_USVpairs_court1,Mice
2178.0,0.0050537555425916,Correctly Tracked,/root/vast/mustafa/dreem-experiments/paper-plots/uncertainty-animals/no-post-processing-no-weight-iou-entropies/20200111_USVpairs_court1_M1_F1_top-01112020145828-0000@0-2560_frame_meta_entropy_histogram.csv,Mice-hc,20200111_USVpairs_court1,Mice
2179.0,0.0050630429416418,Correctly Tracked,/root/vast/mustafa/dreem-experiments/paper-plots/uncertainty-animals/no-post-processing-no-weight-iou-entropies/20200111_USVpairs_court1_M1_F1_top-01112020145828-0000@0-2560_frame_meta_entropy_histogram.csv,Mice-hc,20200111_USVpairs_court1,Mice
218.0,0.0057406774274871,Correctly Tracked,/root/vast/mustafa/dreem-experiments/paper-plots/uncertainty-animals/no-post-processing-no-weight-iou-entropies/20200111_USVpairs_court1_M1_F1_top-01112020145828-0000@0-2560_frame_meta_entropy_histogram.csv,Mice-hc,20200111_USVpairs_court1,Mice
2180.0,0.0052493367660203,Correctly Tracked,/root/vast/mustafa/dreem-experiments/paper-plots/uncertainty-animals/no-post-processing-no-weight-iou-entropies/20200111_USVpairs_court1_M1_F1_top-01112020145828-0000@0-2560_frame_meta_entropy_histogram.csv,Mice-hc,20200111_USVpairs_court1,Mice
2181.0,0.0051957396493126,Correctly Tracked,/root/vast/mustafa/dreem-experiments/paper-plots/uncertainty-animals/no-post-processing-no-weight-iou-entropies/20200111_USVpairs_court1_M1_F1_top-01112020145828-0000@0-2560_frame_meta_entropy_histogram.csv,Mice-hc,20200111_USVpairs_court1,Mice
2182.0,0.0053049116832128,Correctly Tracked,/root/vast/mustafa/dreem-experiments/paper-plots/uncertainty-animals/no-post-processing-no-weight-iou-entropies/20200111_USVpairs_court1_M1_F1_top-01112020145828-0000@0-2560_frame_meta_entropy_histogram.csv,Mice-hc,20200111_USVpairs_court1,Mice
2183.0,0.0053012741829664,Correctly Tracked,/root/vast/mustafa/dreem-experiments/paper-plots/uncertainty-animals/no-post-processing-no-weight-iou-entropies/20200111_USVpairs_court1_M1_F1_top-01112020145828-0000@0-2560_frame_meta_entropy_histogram.csv,Mice-hc,20200111_USVpairs_court1,Mice
2184.0,0.0053813132963406,Correctly Tracked,/root/vast/mustafa/dreem-experiments/paper-plots/uncertainty-animals/no-post-processing-no-weight-iou-entropies/20200111_USVpairs_court1_M1_F1_top-01112020145828-0000@0-2560_frame_meta_entropy_histogram.csv,Mice-hc,20200111_USVpairs_court1,Mice
2185.0,0.0055023874030299,Correctly Tracked,/root/vast/mustafa/dreem-experiments/paper-plots/uncertainty-animals/no-post-processing-no-weight-iou-entropies/20200111_USVpairs_court1_M1_F1_top-01112020145828-0000@0-2560_frame_meta_entropy_histogram.csv,Mice-hc,20200111_USVpairs_court1,Mice
2186.0,0.0057977407335976,Correctly Tracked,/root/vast/mustafa/dreem-experiments/paper-plots/uncertainty-animals/no-post-processing-no-weight-iou-entropies/20200111_USVpairs_court1_M1_F1_top-01112020145828-0000@0-2560_frame_meta_entropy_histogram.csv,Mice-hc,20200111_USVpairs_court1,Mice
2187.0,0.0061315039707294,Correctly Tracked,/root/vast/mustafa/dreem-experiments/paper-plots/uncertainty-animals/no-post-processing-no-weight-iou-entropies/20200111_USVpairs_court1_M1_F1_top-01112020145828-0000@0-2560_frame_meta_entropy_histogram.csv,Mice-hc,20200111_USVpairs_court1,Mice
2188.0,0.0066219877420745,Correctly Tracked,/root/vast/mustafa/dreem-experiments/paper-plots/uncertainty-animals/no-post-processing-no-weight-iou-entropies/20200111_USVpairs_court1_M1_F1_top-01112020145828-0000@0-2560_frame_meta_entropy_histogram.csv,Mice-hc,20200111_USVpairs_court1,Mice
2189.0,0.0072071956610329,Correctly Tracked,/root/vast/mustafa/dreem-experiments/paper-plots/uncertainty-animals/no-post-processing-no-weight-iou-entropies/20200111_USVpairs_court1_M1_F1_top-01112020145828-0000@0-2560_frame_meta_entropy_histogram.csv,Mice-hc,20200111_USVpairs_court1,Mice
219.0,0.0054063431542098,Correctly Tracked,/root/vast/mustafa/dreem-experiments/paper-plots/uncertainty-animals/no-post-processing-no-weight-iou-entropies/20200111_USVpairs_court1_M1_F1_top-01112020145828-0000@0-2560_frame_meta_entropy_histogram.csv,Mice-hc,20200111_USVpairs_court1,Mice
2190.0,0.008258206497323,Correctly Tracked,/root/vast/mustafa/dreem-experiments/paper-plots/uncertainty-animals/no-post-processing-no-weight-iou-entropies/20200111_USVpairs_court1_M1_F1_top-01112020145828-0000@0-2560_frame_meta_entropy_histogram.csv,Mice-hc,20200111_USVpairs_court1,Mice
2191.0,0.0099981368373068,Correctly Tracked,/root/vast/mustafa/dreem-experiments/paper-plots/uncertainty-animals/no-post-processing-no-weight-iou-entropies/20200111_USVpairs_court1_M1_F1_top-01112020145828-0000@0-2560_frame_meta_entropy_histogram.csv,Mice-hc,20200111_USVpairs_court1,Mice
2192.0,0.0124192353691654,Correctly Tracked,/root/vast/mustafa/dreem-experiments/paper-plots/uncertainty-animals/no-post-processing-no-weight-iou-entropies/20200111_USVpairs_court1_M1_F1_top-01112020145828-0000@0-2560_frame_meta_entropy_histogram.csv,Mice-hc,20200111_USVpairs_court1,Mice
2193.0,0.0216389646207153,Correctly Tracked,/root/vast/mustafa/dreem-experiments/paper-plots/uncertainty-animals/no-post-processing-no-weight-iou-entropies/20200111_USVpairs_court1_M1_F1_top-01112020145828-0000@0-2560_frame_meta_entropy_histogram.csv,Mice-hc,20200111_USVpairs_court1,Mice
2194.0,0.0383596123877188,Correctly Tracked,/root/vast/mustafa/dreem-experiments/paper-plots/uncertainty-animals/no-post-processing-no-weight-iou-entropies/20200111_USVpairs_court1_M1_F1_top-01112020145828-0000@0-2560_frame_meta_entropy_histogram.csv,Mice-hc,20200111_USVpairs_court1,Mice
2195.0,0.0707044916501862,Correctly Tracked,/root/vast/mustafa/dreem-experiments/paper-plots/uncertainty-animals/no-post-processing-no-weight-iou-entropies/20200111_USVpairs_court1_M1_F1_top-01112020145828-0000@0-2560_frame_meta_entropy_histogram.csv,Mice-hc,20200111_USVpairs_court1,Mice
2196.0,0.1058100901688817,Correctly Tracked,/root/vast/mustafa/dreem-experiments/paper-plots/uncertainty-animals/no-post-processing-no-weight-iou-entropies/20200111_USVpairs_court1_M1_F1_top-01112020145828-0000@0-2560_frame_meta_entropy_histogram.csv,Mice-hc,20200111_USVpairs_court1,Mice
2197.0,0.1351828136292586,Correctly Tracked,/root/vast/mustafa/dreem-experiments/paper-plots/uncertainty-animals/no-post-processing-no-weight-iou-entropies/20200111_USVpairs_court1_M1_F1_top-01112020145828-0000@0-2560_frame_meta_entropy_histogram.csv,Mice-hc,20200111_USVpairs_court1,Mice
2198.0,0.5074152483441813,Correctly Tracked,/root/vast/mustafa/dreem-experiments/paper-plots/uncertainty-animals/no-post-processing-no-weight-iou-entropies/20200111_USVpairs_court1_M1_F1_top-01112020145828-0000@0-2560_frame_meta_entropy_histogram.csv,Mice-hc,20200111_USVpairs_court1,Mice
2199.0,0.3767506124335708,Correctly Tracked,/root/vast/mustafa/dreem-experiments/paper-plots/uncertainty-animals/no-post-processing-no-weight-iou-entropies/20200111_USVpairs_court1_M1_F1_top-01112020145828-0000@0-2560_frame_meta_entropy_histogram.csv,Mice-hc,20200111_USVpairs_court1,Mice
22.0,0.007989527944627,Correctly Tracked,/root/vast/mustafa/dreem-experiments/paper-plots/uncertainty-animals/no-post-processing-no-weight-iou-entropies/20200111_USVpairs_court1_M1_F1_top-01112020145828-0000@0-2560_frame_meta_entropy_histogram.csv,Mice-hc,20200111_USVpairs_court1,Mice
220.0,0.0053365000591643,Correctly Tracked,/root/vast/mustafa/dreem-experiments/paper-plots/uncertainty-animals/no-post-processing-no-weight-iou-entropies/20200111_USVpairs_court1_M1_F1_top-01112020145828-0000@0-2560_frame_meta_entropy_histogram.csv,Mice-hc,20200111_USVpairs_court1,Mice
2200.0,0.0244581149825742,Correctly Tracked,/root/vast/mustafa/dreem-experiments/paper-plots/uncertainty-animals/no-post-processing-no-weight-iou-entropies/20200111_USVpairs_court1_M1_F1_top-01112020145828-0000@0-2560_frame_meta_entropy_histogram.csv,Mice-hc,20200111_USVpairs_court1,Mice
2201.0,0.0173866613313853,Correctly Tracked,/root/vast/mustafa/dreem-experiments/paper-plots/uncertainty-animals/no-post-processing-no-weight-iou-entropies/20200111_USVpairs_court1_M1_F1_top-01112020145828-0000@0-2560_frame_meta_entropy_histogram.csv,Mice-hc,20200111_USVpairs_court1,Mice
2202.0,0.0304545776384004,Correctly Tracked,/root/vast/mustafa/dreem-experiments/paper-plots/uncertainty-animals/no-post-processing-no-weight-iou-entropies/20200111_USVpairs_court1_M1_F1_top-01112020145828-0000@0-2560_frame_meta_entropy_histogram.csv,Mice-hc,20200111_USVpairs_court1,Mice
2203.0,0.0267039504288661,Correctly Tracked,/root/vast/mustafa/dreem-experiments/paper-plots/uncertainty-animals/no-post-processing-no-weight-iou-entropies/20200111_USVpairs_court1_M1_F1_top-01112020145828-0000@0-2560_frame_meta_entropy_histogram.csv,Mice-hc,20200111_USVpairs_court1,Mice
2204.0,0.0169815024526996,Correctly Tracked,/root/vast/mustafa/dreem-experiments/paper-plots/uncertainty-animals/no-post-processing-no-weight-iou-entropies/20200111_USVpairs_court1_M1_F1_top-01112020145828-0000@0-2560_frame_meta_entropy_histogram.csv,Mice-hc,20200111_USVpairs_court1,Mice
2205.0,0.0150239058984103,Correctly Tracked,/root/vast/mustafa/dreem-experiments/paper-plots/uncertainty-animals/no-post-processing-no-weight-iou-entropies/20200111_USVpairs_court1_M1_F1_top-01112020145828-0000@0-2560_frame_meta_entropy_histogram.csv,Mice-hc,20200111_USVpairs_court1,Mice
2206.0,0.0089143310592803,Correctly Tracked,/root/vast/mustafa/dreem-experiments/paper-plots/uncertainty-animals/no-post-processing-no-weight-iou-entropies/20200111_USVpairs_court1_M1_F1_top-01112020145828-0000@0-2560_frame_meta_entropy_histogram.csv,Mice-hc,20200111_USVpairs_court1,Mice
2207.0,0.0090590047462463,Correctly Tracked,/root/vast/mustafa/dreem-experiments/paper-plots/uncertainty-animals/no-post-processing-no-weight-iou-entropies/20200111_USVpairs_court1_M1_F1_top-01112020145828-0000@0-2560_frame_meta_entropy_histogram.csv,Mice-hc,20200111_USVpairs_court1,Mice
2208.0,0.0110012948446088,Correctly Tracked,/root/vast/mustafa/dreem-experiments/paper-plots/uncertainty-animals/no-post-processing-no-weight-iou-entropies/20200111_USVpairs_court1_M1_F1_top-01112020145828-0000@0-2560_frame_meta_entropy_histogram.csv,Mice-hc,20200111_USVpairs_court1,Mice
2209.0,0.0069256519998837,Correctly Tracked,/root/vast/mustafa/dreem-experiments/paper-plots/uncertainty-animals/no-post-processing-no-weight-iou-entropies/20200111_USVpairs_court1_M1_F1_top-01112020145828-0000@0-2560_frame_meta_entropy_histogram.csv,Mice-hc,20200111_USVpairs_court1,Mice
221.0,0.0051235109667936,Correctly Tracked,/root/vast/mustafa/dreem-experiments/paper-plots/uncertainty-animals/no-post-processing-no-weight-iou-entropies/20200111_USVpairs_court1_M1_F1_top-01112020145828-0000@0-2560_frame_meta_entropy_histogram.csv,Mice-hc,20200111_USVpairs_court1,Mice
2210.0,0.0046160580166277,Correctly Tracked,/root/vast/mustafa/dreem-experiments/paper-plots/uncertainty-animals/no-post-processing-no-weight-iou-entropies/20200111_USVpairs_court1_M1_F1_top-01112020145828-0000@0-2560_frame_meta_entropy_histogram.csv,Mice-hc,20200111_USVpairs_court1,Mice
2211.0,0.0046098814209557,Correctly Tracked,/root/vast/mustafa/dreem-experiments/paper-plots/uncertainty-animals/no-post-processing-no-weight-iou-entropies/20200111_USVpairs_court1_M1_F1_top-01112020145828-0000@0-2560_frame_meta_entropy_histogram.csv,Mice-hc,20200111_USVpairs_court1,Mice
2212.0,0.0045622143466666,Correctly Tracked,/root/vast/mustafa/dreem-experiments/paper-plots/uncertainty-animals/no-post-processing-no-weight-iou-entropies/20200111_USVpairs_court1_M1_F1_top-01112020145828-0000@0-2560_frame_meta_entropy_histogram.csv,Mice-hc,20200111_USVpairs_court1,Mice
2213.0,0.0046023696084142,Correctly Tracked,/root/vast/mustafa/dreem-experiments/paper-plots/uncertainty-animals/no-post-processing-no-weight-iou-entropies/20200111_USVpairs_court1_M1_F1_top-01112020145828-0000@0-2560_frame_meta_entropy_histogram.csv,Mice-hc,20200111_USVpairs_court1,Mice
2214.0,0.0045463519702571,Correctly Tracked,/root/vast/mustafa/dreem-experiments/paper-plots/uncertainty-animals/no-post-processing-no-weight-iou-entropies/20200111_USVpairs_court1_M1_F1_top-01112020145828-0000@0-2560_frame_meta_entropy_histogram.csv,Mice-hc,20200111_USVpairs_court1,Mice
2215.0,0.0045735601630694,Correctly Tracked,/root/vast/mustafa/dreem-experiments/paper-plots/uncertainty-animals/no-post-processing-no-weight-iou-entropies/20200111_USVpairs_court1_M1_F1_top-01112020145828-0000@0-2560_frame_meta_entropy_histogram.csv,Mice-hc,20200111_USVpairs_court1,Mice
2216.0,0.0044925321494527,Correctly Tracked,/root/vast/mustafa/dreem-experiments/paper-plots/uncertainty-animals/no-post-processing-no-weight-iou-entropies/20200111_USVpairs_court1_M1_F1_top-01112020145828-0000@0-2560_frame_meta_entropy_histogram.csv,Mice-hc,20200111_USVpairs_court1,Mice
2217.0,0.0045031080747699,Correctly Tracked,/root/vast/mustafa/dreem-experiments/paper-plots/uncertainty-animals/no-post-processing-no-weight-iou-entropies/20200111_USVpairs_court1_M1_F1_top-01112020145828-0000@0-2560_frame_meta_entropy_histogram.csv,Mice-hc,20200111_USVpairs_court1,Mice
2218.0,0.0044319223729754,Correctly Tracked,/root/vast/mustafa/dreem-experiments/paper-plots/uncertainty-animals/no-post-processing-no-weight-iou-entropies/20200111_USVpairs_court1_M1_F1_top-01112020145828-0000@0-2560_frame_meta_entropy_histogram.csv,Mice-hc,20200111_USVpairs_court1,Mice
2219.0,0.0044025899257021,Correctly Tracked,/root/vast/mustafa/dreem-experiments/paper-plots/uncertainty-animals/no-post-processing-no-weight-iou-entropies/20200111_USVpairs_court1_M1_F1_top-01112020145828-0000@0-2560_frame_meta_entropy_histogram.csv,Mice-hc,20200111_USVpairs_court1,Mice
222.0,0.0050821551855262,Correctly Tracked,/root/vast/mustafa/dreem-experiments/paper-plots/uncertainty-animals/no-post-processing-no-weight-iou-entropies/20200111_USVpairs_court1_M1_F1_top-01112020145828-0000@0-2560_frame_meta_entropy_histogram.csv,Mice-hc,20200111_USVpairs_court1,Mice
2220.0,0.0128795926170913,Correctly Tracked,/root/vast/mustafa/dreem-experiments/paper-plots/uncertainty-animals/no-post-processing-no-weight-iou-entropies/20200111_USVpairs_court1_M1_F1_top-01112020145828-0000@0-2560_frame_meta_entropy_histogram.csv,Mice-hc,20200111_USVpairs_court1,Mice
2221.0,0.0046027118941978,Correctly Tracked,/root/vast/mustafa/dreem-experiments/paper-plots/uncertainty-animals/no-post-processing-no-weight-iou-entropies/20200111_USVpairs_court1_M1_F1_top-01112020145828-0000@0-2560_frame_meta_entropy_histogram.csv,Mice-hc,20200111_USVpairs_court1,Mice
2222.0,0.0046010364069664,Correctly Tracked,/root/vast/mustafa/dreem-experiments/paper-plots/uncertainty-animals/no-post-processing-no-weight-iou-entropies/20200111_USVpairs_court1_M1_F1_top-01112020145828-0000@0-2560_frame_meta_entropy_histogram.csv,Mice-hc,20200111_USVpairs_court1,Mice
2223.0,0.0046287356908637,Correctly Tracked,/root/vast/mustafa/dreem-experiments/paper-plots/uncertainty-animals/no-post-processing-no-weight-iou-entropies/20200111_USVpairs_court1_M1_F1_top-01112020145828-0000@0-2560_frame_meta_entropy_histogram.csv,Mice-hc,20200111_USVpairs_court1,Mice
2224.0,0.0047186496987107,Correctly Tracked,/root/vast/mustafa/dreem-experiments/paper-plots/uncertainty-animals/no-post-processing-no-weight-iou-entropies/20200111_USVpairs_court1_M1_F1_top-01112020145828-0000@0-2560_frame_meta_entropy_histogram.csv,Mice-hc,20200111_USVpairs_court1,Mice
2225.0,0.0049393007525388,Correctly Tracked,/root/vast/mustafa/dreem-experiments/paper-plots/uncertainty-animals/no-post-processing-no-weight-iou-entropies/20200111_USVpairs_court1_M1_F1_top-01112020145828-0000@0-2560_frame_meta_entropy_histogram.csv,Mice-hc,20200111_USVpairs_court1,Mice
2226.0,0.0052536514479545,Correctly Tracked,/root/vast/mustafa/dreem-experiments/paper-plots/uncertainty-animals/no-post-processing-no-weight-iou-entropies/20200111_USVpairs_court1_M1_F1_top-01112020145828-0000@0-2560_frame_meta_entropy_histogram.csv,Mice-hc,20200111_USVpairs_court1,Mice
2227.0,0.0054487167234306,Correctly Tracked,/root/vast/mustafa/dreem-experiments/paper-plots/uncertainty-animals/no-post-processing-no-weight-iou-entropies/20200111_USVpairs_court1_M1_F1_top-01112020145828-0000@0-2560_frame_meta_entropy_histogram.csv,Mice-hc,20200111_USVpairs_court1,Mice
2228.0,0.0056611361232703,Correctly Tracked,/root/vast/mustafa/dreem-experiments/paper-plots/uncertainty-animals/no-post-processing-no-weight-iou-entropies/20200111_USVpairs_court1_M1_F1_top-01112020145828-0000@0-2560_frame_meta_entropy_histogram.csv,Mice-hc,20200111_USVpairs_court1,Mice
2229.0,0.0053973026443166,Correctly Tracked,/root/vast/mustafa/dreem-experiments/paper-plots/uncertainty-animals/no-post-processing-no-weight-iou-entropies/20200111_USVpairs_court1_M1_F1_top-01112020145828-0000@0-2560_frame_meta_entropy_histogram.csv,Mice-hc,20200111_USVpairs_court1,Mice
223.0,0.0050858864028812,Correctly Tracked,/root/vast/mustafa/dreem-experiments/paper-plots/uncertainty-animals/no-post-processing-no-weight-iou-entropies/20200111_USVpairs_court1_M1_F1_top-01112020145828-0000@0-2560_frame_meta_entropy_histogram.csv,Mice-hc,20200111_USVpairs_court1,Mice
2230.0,0.3231888086011475,Correctly Tracked,/root/vast/mustafa/dreem-experiments/paper-plots/uncertainty-animals/no-post-processing-no-weight-iou-entropies/20200111_USVpairs_court1_M1_F1_top-01112020145828-0000@0-2560_frame_meta_entropy_histogram.csv,Mice-hc,20200111_USVpairs_court1,Mice
2231.0,0.0081219814580806,Correctly Tracked,/root/vast/mustafa/dreem-experiments/paper-plots/uncertainty-animals/no-post-processing-no-weight-iou-entropies/20200111_USVpairs_court1_M1_F1_top-01112020145828-0000@0-2560_frame_meta_entropy_histogram.csv,Mice-hc,20200111_USVpairs_court1,Mice
2232.0,0.0089194126091675,Correctly Tracked,/root/vast/mustafa/dreem-experiments/paper-plots/uncertainty-animals/no-post-processing-no-weight-iou-entropies/20200111_USVpairs_court1_M1_F1_top-01112020145828-0000@0-2560_frame_meta_entropy_histogram.csv,Mice-hc,20200111_USVpairs_court1,Mice
2233.0,0.0095359898949203,Correctly Tracked,/root/vast/mustafa/dreem-experiments/paper-plots/uncertainty-animals/no-post-processing-no-weight-iou-entropies/20200111_USVpairs_court1_M1_F1_top-01112020145828-0000@0-2560_frame_meta_entropy_histogram.csv,Mice-hc,20200111_USVpairs_court1,Mice
2234.0,0.0101703788057604,Correctly Tracked,/root/vast/mustafa/dreem-experiments/paper-plots/uncertainty-animals/no-post-processing-no-weight-iou-entropies/20200111_USVpairs_court1_M1_F1_top-01112020145828-0000@0-2560_frame_meta_entropy_histogram.csv,Mice-hc,20200111_USVpairs_court1,Mice
2235.0,0.0095633566342389,Correctly Tracked,/root/vast/mustafa/dreem-experiments/paper-plots/uncertainty-animals/no-post-processing-no-weight-iou-entropies/20200111_USVpairs_court1_M1_F1_top-01112020145828-0000@0-2560_frame_meta_entropy_histogram.csv,Mice-hc,20200111_USVpairs_court1,Mice
2236.0,0.0099273357451514,Correctly Tracked,/root/vast/mustafa/dreem-experiments/paper-plots/uncertainty-animals/no-post-processing-no-weight-iou-entropies/20200111_USVpairs_court1_M1_F1_top-01112020145828-0000@0-2560_frame_meta_entropy_histogram.csv,Mice-hc,20200111_USVpairs_court1,Mice
2237.0,0.0106909843978739,Correctly Tracked,/root/vast/mustafa/dreem-experiments/paper-plots/uncertainty-animals/no-post-processing-no-weight-iou-entropies/20200111_USVpairs_court1_M1_F1_top-01112020145828-0000@0-2560_frame_meta_entropy_histogram.csv,Mice-hc,20200111_USVpairs_court1,Mice
2238.0,0.0098637061951756,Correctly Tracked,/root/vast/mustafa/dreem-experiments/paper-plots/uncertainty-animals/no-post-processing-no-weight-iou-entropies/20200111_USVpairs_court1_M1_F1_top-01112020145828-0000@0-2560_frame_meta_entropy_histogram.csv,Mice-hc,20200111_USVpairs_court1,Mice
2239.0,0.0804864080023464,Correctly Tracked,/root/vast/mustafa/dreem-experiments/paper-plots/uncertainty-animals/no-post-processing-no-weight-iou-entropies/20200111_USVpairs_court1_M1_F1_top-01112020145828-0000@0-2560_frame_meta_entropy_histogram.csv,Mice-hc,20200111_USVpairs_court1,Mice
224.0,0.005096789834223,Correctly Tracked,/root/vast/mustafa/dreem-experiments/paper-plots/uncertainty-animals/no-post-processing-no-weight-iou-entropies/20200111_USVpairs_court1_M1_F1_top-01112020145828-0000@0-2560_frame_meta_entropy_histogram.csv,Mice-hc,20200111_USVpairs_court1,Mice
2240.0,0.0093777544354036,Correctly Tracked,/root/vast/mustafa/dreem-experiments/paper-plots/uncertainty-animals/no-post-processing-no-weight-iou-entropies/20200111_USVpairs_court1_M1_F1_top-01112020145828-0000@0-2560_frame_meta_entropy_histogram.csv,Mice-hc,20200111_USVpairs_court1,Mice
2241.0,0.0086710421172252,Correctly Tracked,/root/vast/mustafa/dreem-experiments/paper-plots/uncertainty-animals/no-post-processing-no-weight-iou-entropies/20200111_USVpairs_court1_M1_F1_top-01112020145828-0000@0-2560_frame_meta_entropy_histogram.csv,Mice-hc,20200111_USVpairs_court1,Mice
2242.0,0.0085374734037699,Correctly Tracked,/root/vast/mustafa/dreem-experiments/paper-plots/uncertainty-animals/no-post-processing-no-weight-iou-entropies/20200111_USVpairs_court1_M1_F1_top-01112020145828-0000@0-2560_frame_meta_entropy_histogram.csv,Mice-hc,20200111_USVpairs_court1,Mice
2243.0,0.0515703522245887,Correctly Tracked,/root/vast/mustafa/dreem-experiments/paper-plots/uncertainty-animals/no-post-processing-no-weight-iou-entropies/20200111_USVpairs_court1_M1_F1_top-01112020145828-0000@0-2560_frame_meta_entropy_histogram.csv,Mice-hc,20200111_USVpairs_court1,Mice
2244.0,0.0612222120714917,Correctly Tracked,/root/vast/mustafa/dreem-experiments/paper-plots/uncertainty-animals/no-post-processing-no-weight-iou-entropies/20200111_USVpairs_court1_M1_F1_top-01112020145828-0000@0-2560_frame_meta_entropy_histogram.csv,Mice-hc,20200111_USVpairs_court1,Mice
2245.0,0.0835410026132364,Correctly Tracked,/root/vast/mustafa/dreem-experiments/paper-plots/uncertainty-animals/no-post-processing-no-weight-iou-entropies/20200111_USVpairs_court1_M1_F1_top-01112020145828-0000@0-2560_frame_meta_entropy_histogram.csv,Mice-hc,20200111_USVpairs_court1,Mice
2246.0,0.4160187231744724,Correctly Tracked,/root/vast/mustafa/dreem-experiments/paper-plots/uncertainty-animals/no-post-processing-no-weight-iou-entropies/20200111_USVpairs_court1_M1_F1_top-01112020145828-0000@0-2560_frame_meta_entropy_histogram.csv,Mice-hc,20200111_USVpairs_court1,Mice
2247.0,0.1890721584202501,Correctly Tracked,/root/vast/mustafa/dreem-experiments/paper-plots/uncertainty-animals/no-post-processing-no-weight-iou-entropies/20200111_USVpairs_court1_M1_F1_top-01112020145828-0000@0-2560_frame_meta_entropy_histogram.csv,Mice-hc,20200111_USVpairs_court1,Mice
2248.0,0.5916195880417956,Correctly Tracked,/root/vast/mustafa/dreem-experiments/paper-plots/uncertainty-animals/no-post-processing-no-weight-iou-entropies/20200111_USVpairs_court1_M1_F1_top-01112020145828-0000@0-2560_frame_meta_entropy_histogram.csv,Mice-hc,20200111_USVpairs_court1,Mice
2249.0,0.2283002616969948,Correctly Tracked,/root/vast/mustafa/dreem-experiments/paper-plots/uncertainty-animals/no-post-processing-no-weight-iou-entropies/20200111_USVpairs_court1_M1_F1_top-01112020145828-0000@0-2560_frame_meta_entropy_histogram.csv,Mice-hc,20200111_USVpairs_court1,Mice
225.0,0.0050334189300307,Correctly Tracked,/root/vast/mustafa/dreem-experiments/paper-plots/uncertainty-animals/no-post-processing-no-weight-iou-entropies/20200111_USVpairs_court1_M1_F1_top-01112020145828-0000@0-2560_frame_meta_entropy_histogram.csv,Mice-hc,20200111_USVpairs_court1,Mice
2250.0,0.4907833221271916,Correctly Tracked,/root/vast/mustafa/dreem-experiments/paper-plots/uncertainty-animals/no-post-processing-no-weight-iou-entropies/20200111_USVpairs_court1_M1_F1_top-01112020145828-0000@0-2560_frame_meta_entropy_histogram.csv,Mice-hc,20200111_USVpairs_court1,Mice
2251.0,0.2431782658448228,Correctly Tracked,/root/vast/mustafa/dreem-experiments/paper-plots/uncertainty-animals/no-post-processing-no-weight-iou-entropies/20200111_USVpairs_court1_M1_F1_top-01112020145828-0000@0-2560_frame_meta_entropy_histogram.csv,Mice-hc,20200111_USVpairs_court1,Mice
2252.0,0.2584257747180296,Correctly Tracked,/root/vast/mustafa/dreem-experiments/paper-plots/uncertainty-animals/no-post-processing-no-weight-iou-entropies/20200111_USVpairs_court1_M1_F1_top-01112020145828-0000@0-2560_frame_meta_entropy_histogram.csv,Mice-hc,20200111_USVpairs_court1,Mice
2253.0,0.3286379499067475,Correctly Tracked,/root/vast/mustafa/dreem-experiments/paper-plots/uncertainty-animals/no-post-processing-no-weight-iou-entropies/20200111_USVpairs_court1_M1_F1_top-01112020145828-0000@0-2560_frame_meta_entropy_histogram.csv,Mice-hc,20200111_USVpairs_court1,Mice
2254.0,0.3179193891656992,Correctly Tracked,/root/vast/mustafa/dreem-experiments/paper-plots/uncertainty-animals/no-post-processing-no-weight-iou-entropies/20200111_USVpairs_court1_M1_F1_top-01112020145828-0000@0-2560_frame_meta_entropy_histogram.csv,Mice-hc,20200111_USVpairs_court1,Mice
2255.0,0.3479033174694111,Correctly Tracked,/root/vast/mustafa/dreem-experiments/paper-plots/uncertainty-animals/no-post-processing-no-weight-iou-entropies/20200111_USVpairs_court1_M1_F1_top-01112020145828-0000@0-2560_frame_meta_entropy_histogram.csv,Mice-hc,20200111_USVpairs_court1,Mice
2256.0,0.3519241428595955,Correctly Tracked,/root/vast/mustafa/dreem-experiments/paper-plots/uncertainty-animals/no-post-processing-no-weight-iou-entropies/20200111_USVpairs_court1_M1_F1_top-01112020145828-0000@0-2560_frame_meta_entropy_histogram.csv,Mice-hc,20200111_USVpairs_court1,Mice
2257.0,0.5429201207102283,Correctly Tracked,/root/vast/mustafa/dreem-experiments/paper-plots/uncertainty-animals/no-post-processing-no-weight-iou-entropies/20200111_USVpairs_court1_M1_F1_top-01112020145828-0000@0-2560_frame_meta_entropy_histogram.csv,Mice-hc,20200111_USVpairs_court1,Mice
2258.0,0.3308160026907681,Correctly Tracked,/root/vast/mustafa/dreem-experiments/paper-plots/uncertainty-animals/no-post-processing-no-weight-iou-entropies/20200111_USVpairs_court1_M1_F1_top-01112020145828-0000@0-2560_frame_meta_entropy_histogram.csv,Mice-hc,20200111_USVpairs_court1,Mice
2259.0,0.2781363193724516,Correctly Tracked,/root/vast/mustafa/dreem-experiments/paper-plots/uncertainty-animals/no-post-processing-no-weight-iou-entropies/20200111_USVpairs_court1_M1_F1_top-01112020145828-0000@0-2560_frame_meta_entropy_histogram.csv,Mice-hc,20200111_USVpairs_court1,Mice
226.0,0.0051425755123646,Correctly Tracked,/root/vast/mustafa/dreem-experiments/paper-plots/uncertainty-animals/no-post-processing-no-weight-iou-entropies/20200111_USVpairs_court1_M1_F1_top-01112020145828-0000@0-2560_frame_meta_entropy_histogram.csv,Mice-hc,20200111_USVpairs_court1,Mice
2260.0,0.1451682768231728,Correctly Tracked,/root/vast/mustafa/dreem-experiments/paper-plots/uncertainty-animals/no-post-processing-no-weight-iou-entropies/20200111_USVpairs_court1_M1_F1_top-01112020145828-0000@0-2560_frame_meta_entropy_histogram.csv,Mice-hc,20200111_USVpairs_court1,Mice
2261.0,0.0779730750404687,Correctly Tracked,/root/vast/mustafa/dreem-experiments/paper-plots/uncertainty-animals/no-post-processing-no-weight-iou-entropies/20200111_USVpairs_court1_M1_F1_top-01112020145828-0000@0-2560_frame_meta_entropy_histogram.csv,Mice-hc,20200111_USVpairs_court1,Mice
2262.0,0.0396768866297133,Correctly Tracked,/root/vast/mustafa/dreem-experiments/paper-plots/uncertainty-animals/no-post-processing-no-weight-iou-entropies/20200111_USVpairs_court1_M1_F1_top-01112020145828-0000@0-2560_frame_meta_entropy_histogram.csv,Mice-hc,20200111_USVpairs_court1,Mice
2263.0,0.0235981829176577,Correctly Tracked,/root/vast/mustafa/dreem-experiments/paper-plots/uncertainty-animals/no-post-processing-no-weight-iou-entropies/20200111_USVpairs_court1_M1_F1_top-01112020145828-0000@0-2560_frame_meta_entropy_histogram.csv,Mice-hc,20200111_USVpairs_court1,Mice
2264.0,0.0148170913862899,Correctly Tracked,/root/vast/mustafa/dreem-experiments/paper-plots/uncertainty-animals/no-post-processing-no-weight-iou-entropies/20200111_USVpairs_court1_M1_F1_top-01112020145828-0000@0-2560_frame_meta_entropy_histogram.csv,Mice-hc,20200111_USVpairs_court1,Mice
2265.0,0.0095089442794577,Correctly Tracked,/root/vast/mustafa/dreem-experiments/paper-plots/uncertainty-animals/no-post-processing-no-weight-iou-entropies/20200111_USVpairs_court1_M1_F1_top-01112020145828-0000@0-2560_frame_meta_entropy_histogram.csv,Mice-hc,20200111_USVpairs_court1,Mice
2266.0,0.0106349140228493,Correctly Tracked,/root/vast/mustafa/dreem-experiments/paper-plots/uncertainty-animals/no-post-processing-no-weight-iou-entropies/20200111_USVpairs_court1_M1_F1_top-01112020145828-0000@0-2560_frame_meta_entropy_histogram.csv,Mice-hc,20200111_USVpairs_court1,Mice
2267.0,0.0104889591994957,Correctly Tracked,/root/vast/mustafa/dreem-experiments/paper-plots/uncertainty-animals/no-post-processing-no-weight-iou-entropies/20200111_USVpairs_court1_M1_F1_top-01112020145828-0000@0-2560_frame_meta_entropy_histogram.csv,Mice-hc,20200111_USVpairs_court1,Mice
2268.0,0.0106310806907953,Correctly Tracked,/root/vast/mustafa/dreem-experiments/paper-plots/uncertainty-animals/no-post-processing-no-weight-iou-entropies/20200111_USVpairs_court1_M1_F1_top-01112020145828-0000@0-2560_frame_meta_entropy_histogram.csv,Mice-hc,20200111_USVpairs_court1,Mice
2269.0,0.0111960813200845,Correctly Tracked,/root/vast/mustafa/dreem-experiments/paper-plots/uncertainty-animals/no-post-processing-no-weight-iou-entropies/20200111_USVpairs_court1_M1_F1_top-01112020145828-0000@0-2560_frame_meta_entropy_histogram.csv,Mice-hc,20200111_USVpairs_court1,Mice
227.0,0.005460330590918,Correctly Tracked,/root/vast/mustafa/dreem-experiments/paper-plots/uncertainty-animals/no-post-processing-no-weight-iou-entropies/20200111_USVpairs_court1_M1_F1_top-01112020145828-0000@0-2560_frame_meta_entropy_histogram.csv,Mice-hc,20200111_USVpairs_court1,Mice
2270.0,0.0136964054067618,Correctly Tracked,/root/vast/mustafa/dreem-experiments/paper-plots/uncertainty-animals/no-post-processing-no-weight-iou-entropies/20200111_USVpairs_court1_M1_F1_top-01112020145828-0000@0-2560_frame_meta_entropy_histogram.csv,Mice-hc,20200111_USVpairs_court1,Mice
2271.0,0.0107550506225492,Correctly Tracked,/root/vast/mustafa/dreem-experiments/paper-plots/uncertainty-animals/no-post-processing-no-weight-iou-entropies/20200111_USVpairs_court1_M1_F1_top-01112020145828-0000@0-2560_frame_meta_entropy_histogram.csv,Mice-hc,20200111_USVpairs_court1,Mice
2272.0,0.0108592432212612,Correctly Tracked,/root/vast/mustafa/dreem-experiments/paper-plots/uncertainty-animals/no-post-processing-no-weight-iou-entropies/20200111_USVpairs_court1_M1_F1_top-01112020145828-0000@0-2560_frame_meta_entropy_histogram.csv,Mice-hc,20200111_USVpairs_court1,Mice
2273.0,0.011692558955535,Correctly Tracked,/root/vast/mustafa/dreem-experiments/paper-plots/uncertainty-animals/no-post-processing-no-weight-iou-entropies/20200111_USVpairs_court1_M1_F1_top-01112020145828-0000@0-2560_frame_meta_entropy_histogram.csv,Mice-hc,20200111_USVpairs_court1,Mice
2274.0,0.0107948390775492,Correctly Tracked,/root/vast/mustafa/dreem-experiments/paper-plots/uncertainty-animals/no-post-processing-no-weight-iou-entropies/20200111_USVpairs_court1_M1_F1_top-01112020145828-0000@0-2560_frame_meta_entropy_histogram.csv,Mice-hc,20200111_USVpairs_court1,Mice
2275.0,0.0062162967920627,Correctly Tracked,/root/vast/mustafa/dreem-experiments/paper-plots/uncertainty-animals/no-post-processing-no-weight-iou-entropies/20200111_USVpairs_court1_M1_F1_top-01112020145828-0000@0-2560_frame_meta_entropy_histogram.csv,Mice-hc,20200111_USVpairs_court1,Mice
2276.0,0.0098696651253051,Correctly Tracked,/root/vast/mustafa/dreem-experiments/paper-plots/uncertainty-animals/no-post-processing-no-weight-iou-entropies/20200111_USVpairs_court1_M1_F1_top-01112020145828-0000@0-2560_frame_meta_entropy_histogram.csv,Mice-hc,20200111_USVpairs_court1,Mice
2277.0,0.0151606912248825,Correctly Tracked,/root/vast/mustafa/dreem-experiments/paper-plots/uncertainty-animals/no-post-processing-no-weight-iou-entropies/20200111_USVpairs_court1_M1_F1_top-01112020145828-0000@0-2560_frame_meta_entropy_histogram.csv,Mice-hc,20200111_USVpairs_court1,Mice
2278.0,0.017931994132211,Correctly Tracked,/root/vast/mustafa/dreem-experiments/paper-plots/uncertainty-animals/no-post-processing-no-weight-iou-entropies/20200111_USVpairs_court1_M1_F1_top-01112020145828-0000@0-2560_frame_meta_entropy_histogram.csv,Mice-hc,20200111_USVpairs_court1,Mice
2279.0,0.0169976150773023,Correctly Tracked,/root/vast/mustafa/dreem-experiments/paper-plots/uncertainty-animals/no-post-processing-no-weight-iou-entropies/20200111_USVpairs_court1_M1_F1_top-01112020145828-0000@0-2560_frame_meta_entropy_histogram.csv,Mice-hc,20200111_USVpairs_court1,Mice
228.0,0.0061233321075845,Correctly Tracked,/root/vast/mustafa/dreem-experiments/paper-plots/uncertainty-animals/no-post-processing-no-weight-iou-entropies/20200111_USVpairs_court1_M1_F1_top-01112020145828-0000@0-2560_frame_meta_entropy_histogram.csv,Mice-hc,20200111_USVpairs_court1,Mice
2280.0,0.01781544229589,Correctly Tracked,/root/vast/mustafa/dreem-experiments/paper-plots/uncertainty-animals/no-post-processing-no-weight-iou-entropies/20200111_USVpairs_court1_M1_F1_top-01112020145828-0000@0-2560_frame_meta_entropy_histogram.csv,Mice-hc,20200111_USVpairs_court1,Mice
2281.0,0.013742280435265,Correctly Tracked,/root/vast/mustafa/dreem-experiments/paper-plots/uncertainty-animals/no-post-processing-no-weight-iou-entropies/20200111_USVpairs_court1_M1_F1_top-01112020145828-0000@0-2560_frame_meta_entropy_histogram.csv,Mice-hc,20200111_USVpairs_court1,Mice
2282.0,0.0285050548634004,Correctly Tracked,/root/vast/mustafa/dreem-experiments/paper-plots/uncertainty-animals/no-post-processing-no-weight-iou-entropies/20200111_USVpairs_court1_M1_F1_top-01112020145828-0000@0-2560_frame_meta_entropy_histogram.csv,Mice-hc,20200111_USVpairs_court1,Mice
2283.0,0.0233300216565288,Correctly Tracked,/root/vast/mustafa/dreem-experiments/paper-plots/uncertainty-animals/no-post-processing-no-weight-iou-entropies/20200111_USVpairs_court1_M1_F1_top-01112020145828-0000@0-2560_frame_meta_entropy_histogram.csv,Mice-hc,20200111_USVpairs_court1,Mice
2284.0,0.0172162587711273,Correctly Tracked,/root/vast/mustafa/dreem-experiments/paper-plots/uncertainty-animals/no-post-processing-no-weight-iou-entropies/20200111_USVpairs_court1_M1_F1_top-01112020145828-0000@0-2560_frame_meta_entropy_histogram.csv,Mice-hc,20200111_USVpairs_court1,Mice
2285.0,0.0114153215787297,Correctly Tracked,/root/vast/mustafa/dreem-experiments/paper-plots/uncertainty-animals/no-post-processing-no-weight-iou-entropies/20200111_USVpairs_court1_M1_F1_top-01112020145828-0000@0-2560_frame_meta_entropy_histogram.csv,Mice-hc,20200111_USVpairs_court1,Mice
2286.0,0.0133928116887117,Correctly Tracked,/root/vast/mustafa/dreem-experiments/paper-plots/uncertainty-animals/no-post-processing-no-weight-iou-entropies/20200111_USVpairs_court1_M1_F1_top-01112020145828-0000@0-2560_frame_meta_entropy_histogram.csv,Mice-hc,20200111_USVpairs_court1,Mice
2287.0,0.0125701702995144,Correctly Tracked,/root/vast/mustafa/dreem-experiments/paper-plots/uncertainty-animals/no-post-processing-no-weight-iou-entropies/20200111_USVpairs_court1_M1_F1_top-01112020145828-0000@0-2560_frame_meta_entropy_histogram.csv,Mice-hc,20200111_USVpairs_court1,Mice
2288.0,0.0123122581294853,Correctly Tracked,/root/vast/mustafa/dreem-experiments/paper-plots/uncertainty-animals/no-post-processing-no-weight-iou-entropies/20200111_USVpairs_court1_M1_F1_top-01112020145828-0000@0-2560_frame_meta_entropy_histogram.csv,Mice-hc,20200111_USVpairs_court1,Mice
2289.0,0.0121791005620548,Correctly Tracked,/root/vast/mustafa/dreem-experiments/paper-plots/uncertainty-animals/no-post-processing-no-weight-iou-entropies/20200111_USVpairs_court1_M1_F1_top-01112020145828-0000@0-2560_frame_meta_entropy_histogram.csv,Mice-hc,20200111_USVpairs_court1,Mice
229.0,0.0068298852074495,Correctly Tracked,/root/vast/mustafa/dreem-experiments/paper-plots/uncertainty-animals/no-post-processing-no-weight-iou-entropies/20200111_USVpairs_court1_M1_F1_top-01112020145828-0000@0-2560_frame_meta_entropy_histogram.csv,Mice-hc,20200111_USVpairs_court1,Mice
2290.0,0.0085069834326394,Correctly Tracked,/root/vast/mustafa/dreem-experiments/paper-plots/uncertainty-animals/no-post-processing-no-weight-iou-entropies/20200111_USVpairs_court1_M1_F1_top-01112020145828-0000@0-2560_frame_meta_entropy_histogram.csv,Mice-hc,20200111_USVpairs_court1,Mice
2291.0,0.0085145735107232,Correctly Tracked,/root/vast/mustafa/dreem-experiments/paper-plots/uncertainty-animals/no-post-processing-no-weight-iou-entropies/20200111_USVpairs_court1_M1_F1_top-01112020145828-0000@0-2560_frame_meta_entropy_histogram.csv,Mice-hc,20200111_USVpairs_court1,Mice
2292.0,0.0065795812542994,Correctly Tracked,/root/vast/mustafa/dreem-experiments/paper-plots/uncertainty-animals/no-post-processing-no-weight-iou-entropies/20200111_USVpairs_court1_M1_F1_top-01112020145828-0000@0-2560_frame_meta_entropy_histogram.csv,Mice-hc,20200111_USVpairs_court1,Mice
2293.0,0.0076742017851134,Correctly Tracked,/root/vast/mustafa/dreem-experiments/paper-plots/uncertainty-animals/no-post-processing-no-weight-iou-entropies/20200111_USVpairs_court1_M1_F1_top-01112020145828-0000@0-2560_frame_meta_entropy_histogram.csv,Mice-hc,20200111_USVpairs_court1,Mice
2294.0,0.0061614517934254,Correctly Tracked,/root/vast/mustafa/dreem-experiments/paper-plots/uncertainty-animals/no-post-processing-no-weight-iou-entropies/20200111_USVpairs_court1_M1_F1_top-01112020145828-0000@0-2560_frame_meta_entropy_histogram.csv,Mice-hc,20200111_USVpairs_court1,Mice
2295.0,0.0070734368261315,Correctly Tracked,/root/vast/mustafa/dreem-experiments/paper-plots/uncertainty-animals/no-post-processing-no-weight-iou-entropies/20200111_USVpairs_court1_M1_F1_top-01112020145828-0000@0-2560_frame_meta_entropy_histogram.csv,Mice-hc,20200111_USVpairs_court1,Mice
2296.0,0.0070769987480646,Correctly Tracked,/root/vast/mustafa/dreem-experiments/paper-plots/uncertainty-animals/no-post-processing-no-weight-iou-entropies/20200111_USVpairs_court1_M1_F1_top-01112020145828-0000@0-2560_frame_meta_entropy_histogram.csv,Mice-hc,20200111_USVpairs_court1,Mice
2297.0,0.0070755879528818,Correctly Tracked,/root/vast/mustafa/dreem-experiments/paper-plots/uncertainty-animals/no-post-processing-no-weight-iou-entropies/20200111_USVpairs_court1_M1_F1_top-01112020145828-0000@0-2560_frame_meta_entropy_histogram.csv,Mice-hc,20200111_USVpairs_court1,Mice
2298.0,0.007073806320108,Correctly Tracked,/root/vast/mustafa/dreem-experiments/paper-plots/uncertainty-animals/no-post-processing-no-weight-iou-entropies/20200111_USVpairs_court1_M1_F1_top-01112020145828-0000@0-2560_frame_meta_entropy_histogram.csv,Mice-hc,20200111_USVpairs_court1,Mice
2299.0,0.0072721762153481,Correctly Tracked,/root/vast/mustafa/dreem-experiments/paper-plots/uncertainty-animals/no-post-processing-no-weight-iou-entropies/20200111_USVpairs_court1_M1_F1_top-01112020145828-0000@0-2560_frame_meta_entropy_histogram.csv,Mice-hc,20200111_USVpairs_court1,Mice
23.0,0.0062025227284273,Correctly Tracked,/root/vast/mustafa/dreem-experiments/paper-plots/uncertainty-animals/no-post-processing-no-weight-iou-entropies/20200111_USVpairs_court1_M1_F1_top-01112020145828-0000@0-2560_frame_meta_entropy_histogram.csv,Mice-hc,20200111_USVpairs_court1,Mice
230.0,0.0074911504383303,Correctly Tracked,/root/vast/mustafa/dreem-experiments/paper-plots/uncertainty-animals/no-post-processing-no-weight-iou-entropies/20200111_USVpairs_court1_M1_F1_top-01112020145828-0000@0-2560_frame_meta_entropy_histogram.csv,Mice-hc,20200111_USVpairs_court1,Mice
2300.0,0.0072643241324446,Correctly Tracked,/root/vast/mustafa/dreem-experiments/paper-plots/uncertainty-animals/no-post-processing-no-weight-iou-entropies/20200111_USVpairs_court1_M1_F1_top-01112020145828-0000@0-2560_frame_meta_entropy_histogram.csv,Mice-hc,20200111_USVpairs_court1,Mice
2301.0,0.0083390054246742,Correctly Tracked,/root/vast/mustafa/dreem-experiments/paper-plots/uncertainty-animals/no-post-processing-no-weight-iou-entropies/20200111_USVpairs_court1_M1_F1_top-01112020145828-0000@0-2560_frame_meta_entropy_histogram.csv,Mice-hc,20200111_USVpairs_court1,Mice
2302.0,0.0077122683981831,Correctly Tracked,/root/vast/mustafa/dreem-experiments/paper-plots/uncertainty-animals/no-post-processing-no-weight-iou-entropies/20200111_USVpairs_court1_M1_F1_top-01112020145828-0000@0-2560_frame_meta_entropy_histogram.csv,Mice-hc,20200111_USVpairs_court1,Mice
2303.0,0.0084961129198519,Correctly Tracked,/root/vast/mustafa/dreem-experiments/paper-plots/uncertainty-animals/no-post-processing-no-weight-iou-entropies/20200111_USVpairs_court1_M1_F1_top-01112020145828-0000@0-2560_frame_meta_entropy_histogram.csv,Mice-hc,20200111_USVpairs_court1,Mice
2304.0,0.0084950400437057,Correctly Tracked,/root/vast/mustafa/dreem-experiments/paper-plots/uncertainty-animals/no-post-processing-no-weight-iou-entropies/20200111_USVpairs_court1_M1_F1_top-01112020145828-0000@0-2560_frame_meta_entropy_histogram.csv,Mice-hc,20200111_USVpairs_court1,Mice
2305.0,0.0066022016755385,Correctly Tracked,/root/vast/mustafa/dreem-experiments/paper-plots/uncertainty-animals/no-post-processing-no-weight-iou-entropies/20200111_USVpairs_court1_M1_F1_top-01112020145828-0000@0-2560_frame_meta_entropy_histogram.csv,Mice-hc,20200111_USVpairs_court1,Mice
2306.0,0.0080368225018071,Correctly Tracked,/root/vast/mustafa/dreem-experiments/paper-plots/uncertainty-animals/no-post-processing-no-weight-iou-entropies/20200111_USVpairs_court1_M1_F1_top-01112020145828-0000@0-2560_frame_meta_entropy_histogram.csv,Mice-hc,20200111_USVpairs_court1,Mice
2307.0,0.0076962249697251,Correctly Tracked,/root/vast/mustafa/dreem-experiments/paper-plots/uncertainty-animals/no-post-processing-no-weight-iou-entropies/20200111_USVpairs_court1_M1_F1_top-01112020145828-0000@0-2560_frame_meta_entropy_histogram.csv,Mice-hc,20200111_USVpairs_court1,Mice
2308.0,0.0062715059102185,Correctly Tracked,/root/vast/mustafa/dreem-experiments/paper-plots/uncertainty-animals/no-post-processing-no-weight-iou-entropies/20200111_USVpairs_court1_M1_F1_top-01112020145828-0000@0-2560_frame_meta_entropy_histogram.csv,Mice-hc,20200111_USVpairs_court1,Mice
2309.0,0.0059163086634157,Correctly Tracked,/root/vast/mustafa/dreem-experiments/paper-plots/uncertainty-animals/no-post-processing-no-weight-iou-entropies/20200111_USVpairs_court1_M1_F1_top-01112020145828-0000@0-2560_frame_meta_entropy_histogram.csv,Mice-hc,20200111_USVpairs_court1,Mice
231.0,0.0921001276922199,Correctly Tracked,/root/vast/mustafa/dreem-experiments/paper-plots/uncertainty-animals/no-post-processing-no-weight-iou-entropies/20200111_USVpairs_court1_M1_F1_top-01112020145828-0000@0-2560_frame_meta_entropy_histogram.csv,Mice-hc,20200111_USVpairs_court1,Mice
2310.0,0.0065116628869677,Correctly Tracked,/root/vast/mustafa/dreem-experiments/paper-plots/uncertainty-animals/no-post-processing-no-weight-iou-entropies/20200111_USVpairs_court1_M1_F1_top-01112020145828-0000@0-2560_frame_meta_entropy_histogram.csv,Mice-hc,20200111_USVpairs_court1,Mice
2311.0,0.0065054117206932,Correctly Tracked,/root/vast/mustafa/dreem-experiments/paper-plots/uncertainty-animals/no-post-processing-no-weight-iou-entropies/20200111_USVpairs_court1_M1_F1_top-01112020145828-0000@0-2560_frame_meta_entropy_histogram.csv,Mice-hc,20200111_USVpairs_court1,Mice
2312.0,0.0055754121771164,Correctly Tracked,/root/vast/mustafa/dreem-experiments/paper-plots/uncertainty-animals/no-post-processing-no-weight-iou-entropies/20200111_USVpairs_court1_M1_F1_top-01112020145828-0000@0-2560_frame_meta_entropy_histogram.csv,Mice-hc,20200111_USVpairs_court1,Mice
2313.0,0.0053054370364666,Correctly Tracked,/root/vast/mustafa/dreem-experiments/paper-plots/uncertainty-animals/no-post-processing-no-weight-iou-entropies/20200111_USVpairs_court1_M1_F1_top-01112020145828-0000@0-2560_frame_meta_entropy_histogram.csv,Mice-hc,20200111_USVpairs_court1,Mice
2314.0,0.0061489548353342,Correctly Tracked,/root/vast/mustafa/dreem-experiments/paper-plots/uncertainty-animals/no-post-processing-no-weight-iou-entropies/20200111_USVpairs_court1_M1_F1_top-01112020145828-0000@0-2560_frame_meta_entropy_histogram.csv,Mice-hc,20200111_USVpairs_court1,Mice
2315.0,0.00518691848448,Correctly Tracked,/root/vast/mustafa/dreem-experiments/paper-plots/uncertainty-animals/no-post-processing-no-weight-iou-entropies/20200111_USVpairs_court1_M1_F1_top-01112020145828-0000@0-2560_frame_meta_entropy_histogram.csv,Mice-hc,20200111_USVpairs_court1,Mice
2316.0,0.0057057938370728,Correctly Tracked,/root/vast/mustafa/dreem-experiments/paper-plots/uncertainty-animals/no-post-processing-no-weight-iou-entropies/20200111_USVpairs_court1_M1_F1_top-01112020145828-0000@0-2560_frame_meta_entropy_histogram.csv,Mice-hc,20200111_USVpairs_court1,Mice
2317.0,0.0051757540560293,Correctly Tracked,/root/vast/mustafa/dreem-experiments/paper-plots/uncertainty-animals/no-post-processing-no-weight-iou-entropies/20200111_USVpairs_court1_M1_F1_top-01112020145828-0000@0-2560_frame_meta_entropy_histogram.csv,Mice-hc,20200111_USVpairs_court1,Mice
2318.0,0.0052845948889652,Correctly Tracked,/root/vast/mustafa/dreem-experiments/paper-plots/uncertainty-animals/no-post-processing-no-weight-iou-entropies/20200111_USVpairs_court1_M1_F1_top-01112020145828-0000@0-2560_frame_meta_entropy_histogram.csv,Mice-hc,20200111_USVpairs_court1,Mice
2319.0,0.0050280290206249,Correctly Tracked,/root/vast/mustafa/dreem-experiments/paper-plots/uncertainty-animals/no-post-processing-no-weight-iou-entropies/20200111_USVpairs_court1_M1_F1_top-01112020145828-0000@0-2560_frame_meta_entropy_histogram.csv,Mice-hc,20200111_USVpairs_court1,Mice
232.0,0.0983792787687151,Correctly Tracked,/root/vast/mustafa/dreem-experiments/paper-plots/uncertainty-animals/no-post-processing-no-weight-iou-entropies/20200111_USVpairs_court1_M1_F1_top-01112020145828-0000@0-2560_frame_meta_entropy_histogram.csv,Mice-hc,20200111_USVpairs_court1,Mice
2320.0,0.0054208494877257,Correctly Tracked,/root/vast/mustafa/dreem-experiments/paper-plots/uncertainty-animals/no-post-processing-no-weight-iou-entropies/20200111_USVpairs_court1_M1_F1_top-01112020145828-0000@0-2560_frame_meta_entropy_histogram.csv,Mice-hc,20200111_USVpairs_court1,Mice
2321.0,0.0056211417593543,Correctly Tracked,/root/vast/mustafa/dreem-experiments/paper-plots/uncertainty-animals/no-post-processing-no-weight-iou-entropies/20200111_USVpairs_court1_M1_F1_top-01112020145828-0000@0-2560_frame_meta_entropy_histogram.csv,Mice-hc,20200111_USVpairs_court1,Mice
2322.0,0.0060121419647656,Correctly Tracked,/root/vast/mustafa/dreem-experiments/paper-plots/uncertainty-animals/no-post-processing-no-weight-iou-entropies/20200111_USVpairs_court1_M1_F1_top-01112020145828-0000@0-2560_frame_meta_entropy_histogram.csv,Mice-hc,20200111_USVpairs_court1,Mice
2323.0,0.0061522419881102,Correctly Tracked,/root/vast/mustafa/dreem-experiments/paper-plots/uncertainty-animals/no-post-processing-no-weight-iou-entropies/20200111_USVpairs_court1_M1_F1_top-01112020145828-0000@0-2560_frame_meta_entropy_histogram.csv,Mice-hc,20200111_USVpairs_court1,Mice
2324.0,0.0054674158058685,Correctly Tracked,/root/vast/mustafa/dreem-experiments/paper-plots/uncertainty-animals/no-post-processing-no-weight-iou-entropies/20200111_USVpairs_court1_M1_F1_top-01112020145828-0000@0-2560_frame_meta_entropy_histogram.csv,Mice-hc,20200111_USVpairs_court1,Mice
2325.0,0.0061144857499808,Correctly Tracked,/root/vast/mustafa/dreem-experiments/paper-plots/uncertainty-animals/no-post-processing-no-weight-iou-entropies/20200111_USVpairs_court1_M1_F1_top-01112020145828-0000@0-2560_frame_meta_entropy_histogram.csv,Mice-hc,20200111_USVpairs_court1,Mice
2326.0,0.0052897201063224,Correctly Tracked,/root/vast/mustafa/dreem-experiments/paper-plots/uncertainty-animals/no-post-processing-no-weight-iou-entropies/20200111_USVpairs_court1_M1_F1_top-01112020145828-0000@0-2560_frame_meta_entropy_histogram.csv,Mice-hc,20200111_USVpairs_court1,Mice
2327.0,0.0066336100071523,Correctly Tracked,/root/vast/mustafa/dreem-experiments/paper-plots/uncertainty-animals/no-post-processing-no-weight-iou-entropies/20200111_USVpairs_court1_M1_F1_top-01112020145828-0000@0-2560_frame_meta_entropy_histogram.csv,Mice-hc,20200111_USVpairs_court1,Mice
2328.0,0.0069503778649814,Correctly Tracked,/root/vast/mustafa/dreem-experiments/paper-plots/uncertainty-animals/no-post-processing-no-weight-iou-entropies/20200111_USVpairs_court1_M1_F1_top-01112020145828-0000@0-2560_frame_meta_entropy_histogram.csv,Mice-hc,20200111_USVpairs_court1,Mice
2329.0,0.0070771841668601,Correctly Tracked,/root/vast/mustafa/dreem-experiments/paper-plots/uncertainty-animals/no-post-processing-no-weight-iou-entropies/20200111_USVpairs_court1_M1_F1_top-01112020145828-0000@0-2560_frame_meta_entropy_histogram.csv,Mice-hc,20200111_USVpairs_court1,Mice
233.0,0.2162028085548226,Correctly Tracked,/root/vast/mustafa/dreem-experiments/paper-plots/uncertainty-animals/no-post-processing-no-weight-iou-entropies/20200111_USVpairs_court1_M1_F1_top-01112020145828-0000@0-2560_frame_meta_entropy_histogram.csv,Mice-hc,20200111_USVpairs_court1,Mice
2330.0,0.0058209476425484,Correctly Tracked,/root/vast/mustafa/dreem-experiments/paper-plots/uncertainty-animals/no-post-processing-no-weight-iou-entropies/20200111_USVpairs_court1_M1_F1_top-01112020145828-0000@0-2560_frame_meta_entropy_histogram.csv,Mice-hc,20200111_USVpairs_court1,Mice
2331.0,0.0053603754163089,Correctly Tracked,/root/vast/mustafa/dreem-experiments/paper-plots/uncertainty-animals/no-post-processing-no-weight-iou-entropies/20200111_USVpairs_court1_M1_F1_top-01112020145828-0000@0-2560_frame_meta_entropy_histogram.csv,Mice-hc,20200111_USVpairs_court1,Mice
2332.0,0.0060490893469902,Correctly Tracked,/root/vast/mustafa/dreem-experiments/paper-plots/uncertainty-animals/no-post-processing-no-weight-iou-entropies/20200111_USVpairs_court1_M1_F1_top-01112020145828-0000@0-2560_frame_meta_entropy_histogram.csv,Mice-hc,20200111_USVpairs_court1,Mice
2333.0,0.0065743888562193,Correctly Tracked,/root/vast/mustafa/dreem-experiments/paper-plots/uncertainty-animals/no-post-processing-no-weight-iou-entropies/20200111_USVpairs_court1_M1_F1_top-01112020145828-0000@0-2560_frame_meta_entropy_histogram.csv,Mice-hc,20200111_USVpairs_court1,Mice
2334.0,0.0066388991454736,Correctly Tracked,/root/vast/mustafa/dreem-experiments/paper-plots/uncertainty-animals/no-post-processing-no-weight-iou-entropies/20200111_USVpairs_court1_M1_F1_top-01112020145828-0000@0-2560_frame_meta_entropy_histogram.csv,Mice-hc,20200111_USVpairs_court1,Mice
2335.0,0.0073335484930314,Correctly Tracked,/root/vast/mustafa/dreem-experiments/paper-plots/uncertainty-animals/no-post-processing-no-weight-iou-entropies/20200111_USVpairs_court1_M1_F1_top-01112020145828-0000@0-2560_frame_meta_entropy_histogram.csv,Mice-hc,20200111_USVpairs_court1,Mice
2336.0,0.0073082589816678,Correctly Tracked,/root/vast/mustafa/dreem-experiments/paper-plots/uncertainty-animals/no-post-processing-no-weight-iou-entropies/20200111_USVpairs_court1_M1_F1_top-01112020145828-0000@0-2560_frame_meta_entropy_histogram.csv,Mice-hc,20200111_USVpairs_court1,Mice
2337.0,0.0071060705341327,Correctly Tracked,/root/vast/mustafa/dreem-experiments/paper-plots/uncertainty-animals/no-post-processing-no-weight-iou-entropies/20200111_USVpairs_court1_M1_F1_top-01112020145828-0000@0-2560_frame_meta_entropy_histogram.csv,Mice-hc,20200111_USVpairs_court1,Mice
2338.0,0.0057676498159617,Correctly Tracked,/root/vast/mustafa/dreem-experiments/paper-plots/uncertainty-animals/no-post-processing-no-weight-iou-entropies/20200111_USVpairs_court1_M1_F1_top-01112020145828-0000@0-2560_frame_meta_entropy_histogram.csv,Mice-hc,20200111_USVpairs_court1,Mice
2339.0,0.0074908534995346,Correctly Tracked,/root/vast/mustafa/dreem-experiments/paper-plots/uncertainty-animals/no-post-processing-no-weight-iou-entropies/20200111_USVpairs_court1_M1_F1_top-01112020145828-0000@0-2560_frame_meta_entropy_histogram.csv,Mice-hc,20200111_USVpairs_court1,Mice
234.0,0.1291190600740534,Correctly Tracked,/root/vast/mustafa/dreem-experiments/paper-plots/uncertainty-animals/no-post-processing-no-weight-iou-entropies/20200111_USVpairs_court1_M1_F1_top-01112020145828-0000@0-2560_frame_meta_entropy_histogram.csv,Mice-hc,20200111_USVpairs_court1,Mice
2340.0,0.0081261016518218,Correctly Tracked,/root/vast/mustafa/dreem-experiments/paper-plots/uncertainty-animals/no-post-processing-no-weight-iou-entropies/20200111_USVpairs_court1_M1_F1_top-01112020145828-0000@0-2560_frame_meta_entropy_histogram.csv,Mice-hc,20200111_USVpairs_court1,Mice
2341.0,0.0060185751907994,Correctly Tracked,/root/vast/mustafa/dreem-experiments/paper-plots/uncertainty-animals/no-post-processing-no-weight-iou-entropies/20200111_USVpairs_court1_M1_F1_top-01112020145828-0000@0-2560_frame_meta_entropy_histogram.csv,Mice-hc,20200111_USVpairs_court1,Mice
2342.0,0.0070877100425387,Correctly Tracked,/root/vast/mustafa/dreem-experiments/paper-plots/uncertainty-animals/no-post-processing-no-weight-iou-entropies/20200111_USVpairs_court1_M1_F1_top-01112020145828-0000@0-2560_frame_meta_entropy_histogram.csv,Mice-hc,20200111_USVpairs_court1,Mice
2343.0,0.0073556885721011,Correctly Tracked,/root/vast/mustafa/dreem-experiments/paper-plots/uncertainty-animals/no-post-processing-no-weight-iou-entropies/20200111_USVpairs_court1_M1_F1_top-01112020145828-0000@0-2560_frame_meta_entropy_histogram.csv,Mice-hc,20200111_USVpairs_court1,Mice
2344.0,0.0073136582963748,Correctly Tracked,/root/vast/mustafa/dreem-experiments/paper-plots/uncertainty-animals/no-post-processing-no-weight-iou-entropies/20200111_USVpairs_court1_M1_F1_top-01112020145828-0000@0-2560_frame_meta_entropy_histogram.csv,Mice-hc,20200111_USVpairs_court1,Mice
2345.0,0.0056716747632862,Correctly Tracked,/root/vast/mustafa/dreem-experiments/paper-plots/uncertainty-animals/no-post-processing-no-weight-iou-entropies/20200111_USVpairs_court1_M1_F1_top-01112020145828-0000@0-2560_frame_meta_entropy_histogram.csv,Mice-hc,20200111_USVpairs_court1,Mice
2346.0,0.0054433375629405,Correctly Tracked,/root/vast/mustafa/dreem-experiments/paper-plots/uncertainty-animals/no-post-processing-no-weight-iou-entropies/20200111_USVpairs_court1_M1_F1_top-01112020145828-0000@0-2560_frame_meta_entropy_histogram.csv,Mice-hc,20200111_USVpairs_court1,Mice
2347.0,0.0068268352026256,Correctly Tracked,/root/vast/mustafa/dreem-experiments/paper-plots/uncertainty-animals/no-post-processing-no-weight-iou-entropies/20200111_USVpairs_court1_M1_F1_top-01112020145828-0000@0-2560_frame_meta_entropy_histogram.csv,Mice-hc,20200111_USVpairs_court1,Mice
2348.0,0.0066575364216464,Correctly Tracked,/root/vast/mustafa/dreem-experiments/paper-plots/uncertainty-animals/no-post-processing-no-weight-iou-entropies/20200111_USVpairs_court1_M1_F1_top-01112020145828-0000@0-2560_frame_meta_entropy_histogram.csv,Mice-hc,20200111_USVpairs_court1,Mice
2349.0,0.0065543374258275,Correctly Tracked,/root/vast/mustafa/dreem-experiments/paper-plots/uncertainty-animals/no-post-processing-no-weight-iou-entropies/20200111_USVpairs_court1_M1_F1_top-01112020145828-0000@0-2560_frame_meta_entropy_histogram.csv,Mice-hc,20200111_USVpairs_court1,Mice
235.0,0.0177566900664034,Correctly Tracked,/root/vast/mustafa/dreem-experiments/paper-plots/uncertainty-animals/no-post-processing-no-weight-iou-entropies/20200111_USVpairs_court1_M1_F1_top-01112020145828-0000@0-2560_frame_meta_entropy_histogram.csv,Mice-hc,20200111_USVpairs_court1,Mice
2350.0,0.0073842685952769,Correctly Tracked,/root/vast/mustafa/dreem-experiments/paper-plots/uncertainty-animals/no-post-processing-no-weight-iou-entropies/20200111_USVpairs_court1_M1_F1_top-01112020145828-0000@0-2560_frame_meta_entropy_histogram.csv,Mice-hc,20200111_USVpairs_court1,Mice
2351.0,0.0071774460214697,Correctly Tracked,/root/vast/mustafa/dreem-experiments/paper-plots/uncertainty-animals/no-post-processing-no-weight-iou-entropies/20200111_USVpairs_court1_M1_F1_top-01112020145828-0000@0-2560_frame_meta_entropy_histogram.csv,Mice-hc,20200111_USVpairs_court1,Mice
2352.0,0.0074076286762761,Correctly Tracked,/root/vast/mustafa/dreem-experiments/paper-plots/uncertainty-animals/no-post-processing-no-weight-iou-entropies/20200111_USVpairs_court1_M1_F1_top-01112020145828-0000@0-2560_frame_meta_entropy_histogram.csv,Mice-hc,20200111_USVpairs_court1,Mice
2353.0,0.0058429620936661,Correctly Tracked,/root/vast/mustafa/dreem-experiments/paper-plots/uncertainty-animals/no-post-processing-no-weight-iou-entropies/20200111_USVpairs_court1_M1_F1_top-01112020145828-0000@0-2560_frame_meta_entropy_histogram.csv,Mice-hc,20200111_USVpairs_court1,Mice
2354.0,0.0071896789593196,Correctly Tracked,/root/vast/mustafa/dreem-experiments/paper-plots/uncertainty-animals/no-post-processing-no-weight-iou-entropies/20200111_USVpairs_court1_M1_F1_top-01112020145828-0000@0-2560_frame_meta_entropy_histogram.csv,Mice-hc,20200111_USVpairs_court1,Mice
2355.0,0.0086556167514187,Correctly Tracked,/root/vast/mustafa/dreem-experiments/paper-plots/uncertainty-animals/no-post-processing-no-weight-iou-entropies/20200111_USVpairs_court1_M1_F1_top-01112020145828-0000@0-2560_frame_meta_entropy_histogram.csv,Mice-hc,20200111_USVpairs_court1,Mice
2356.0,0.008351574266139,Correctly Tracked,/root/vast/mustafa/dreem-experiments/paper-plots/uncertainty-animals/no-post-processing-no-weight-iou-entropies/20200111_USVpairs_court1_M1_F1_top-01112020145828-0000@0-2560_frame_meta_entropy_histogram.csv,Mice-hc,20200111_USVpairs_court1,Mice
2357.0,0.0082232825984749,Correctly Tracked,/root/vast/mustafa/dreem-experiments/paper-plots/uncertainty-animals/no-post-processing-no-weight-iou-entropies/20200111_USVpairs_court1_M1_F1_top-01112020145828-0000@0-2560_frame_meta_entropy_histogram.csv,Mice-hc,20200111_USVpairs_court1,Mice
2358.0,0.0082671670621558,Correctly Tracked,/root/vast/mustafa/dreem-experiments/paper-plots/uncertainty-animals/no-post-processing-no-weight-iou-entropies/20200111_USVpairs_court1_M1_F1_top-01112020145828-0000@0-2560_frame_meta_entropy_histogram.csv,Mice-hc,20200111_USVpairs_court1,Mice
2359.0,0.0079622686944653,Correctly Tracked,/root/vast/mustafa/dreem-experiments/paper-plots/uncertainty-animals/no-post-processing-no-weight-iou-entropies/20200111_USVpairs_court1_M1_F1_top-01112020145828-0000@0-2560_frame_meta_entropy_histogram.csv,Mice-hc,20200111_USVpairs_court1,Mice
236.0,0.0129965206654611,Correctly Tracked,/root/vast/mustafa/dreem-experiments/paper-plots/uncertainty-animals/no-post-processing-no-weight-iou-entropies/20200111_USVpairs_court1_M1_F1_top-01112020145828-0000@0-2560_frame_meta_entropy_histogram.csv,Mice-hc,20200111_USVpairs_court1,Mice
2360.0,0.0085918629171053,Correctly Tracked,/root/vast/mustafa/dreem-experiments/paper-plots/uncertainty-animals/no-post-processing-no-weight-iou-entropies/20200111_USVpairs_court1_M1_F1_top-01112020145828-0000@0-2560_frame_meta_entropy_histogram.csv,Mice-hc,20200111_USVpairs_court1,Mice
2361.0,0.00838525330619,Correctly Tracked,/root/vast/mustafa/dreem-experiments/paper-plots/uncertainty-animals/no-post-processing-no-weight-iou-entropies/20200111_USVpairs_court1_M1_F1_top-01112020145828-0000@0-2560_frame_meta_entropy_histogram.csv,Mice-hc,20200111_USVpairs_court1,Mice
2362.0,0.0091667411280962,Correctly Tracked,/root/vast/mustafa/dreem-experiments/paper-plots/uncertainty-animals/no-post-processing-no-weight-iou-entropies/20200111_USVpairs_court1_M1_F1_top-01112020145828-0000@0-2560_frame_meta_entropy_histogram.csv,Mice-hc,20200111_USVpairs_court1,Mice
2363.0,0.0088466182649609,Correctly Tracked,/root/vast/mustafa/dreem-experiments/paper-plots/uncertainty-animals/no-post-processing-no-weight-iou-entropies/20200111_USVpairs_court1_M1_F1_top-01112020145828-0000@0-2560_frame_meta_entropy_histogram.csv,Mice-hc,20200111_USVpairs_court1,Mice
2364.0,0.0093144567581994,Correctly Tracked,/root/vast/mustafa/dreem-experiments/paper-plots/uncertainty-animals/no-post-processing-no-weight-iou-entropies/20200111_USVpairs_court1_M1_F1_top-01112020145828-0000@0-2560_frame_meta_entropy_histogram.csv,Mice-hc,20200111_USVpairs_court1,Mice
2365.0,0.0088755093348841,Correctly Tracked,/root/vast/mustafa/dreem-experiments/paper-plots/uncertainty-animals/no-post-processing-no-weight-iou-entropies/20200111_USVpairs_court1_M1_F1_top-01112020145828-0000@0-2560_frame_meta_entropy_histogram.csv,Mice-hc,20200111_USVpairs_court1,Mice
2366.0,0.0068323722378147,Correctly Tracked,/root/vast/mustafa/dreem-experiments/paper-plots/uncertainty-animals/no-post-processing-no-weight-iou-entropies/20200111_USVpairs_court1_M1_F1_top-01112020145828-0000@0-2560_frame_meta_entropy_histogram.csv,Mice-hc,20200111_USVpairs_court1,Mice
2367.0,0.0083703385138783,Correctly Tracked,/root/vast/mustafa/dreem-experiments/paper-plots/uncertainty-animals/no-post-processing-no-weight-iou-entropies/20200111_USVpairs_court1_M1_F1_top-01112020145828-0000@0-2560_frame_meta_entropy_histogram.csv,Mice-hc,20200111_USVpairs_court1,Mice
2368.0,0.0081423573713644,Correctly Tracked,/root/vast/mustafa/dreem-experiments/paper-plots/uncertainty-animals/no-post-processing-no-weight-iou-entropies/20200111_USVpairs_court1_M1_F1_top-01112020145828-0000@0-2560_frame_meta_entropy_histogram.csv,Mice-hc,20200111_USVpairs_court1,Mice
2369.0,0.0083121761311396,Correctly Tracked,/root/vast/mustafa/dreem-experiments/paper-plots/uncertainty-animals/no-post-processing-no-weight-iou-entropies/20200111_USVpairs_court1_M1_F1_top-01112020145828-0000@0-2560_frame_meta_entropy_histogram.csv,Mice-hc,20200111_USVpairs_court1,Mice
237.0,0.0094681722986731,Correctly Tracked,/root/vast/mustafa/dreem-experiments/paper-plots/uncertainty-animals/no-post-processing-no-weight-iou-entropies/20200111_USVpairs_court1_M1_F1_top-01112020145828-0000@0-2560_frame_meta_entropy_histogram.csv,Mice-hc,20200111_USVpairs_court1,Mice
2370.0,0.0062478757627129,Correctly Tracked,/root/vast/mustafa/dreem-experiments/paper-plots/uncertainty-animals/no-post-processing-no-weight-iou-entropies/20200111_USVpairs_court1_M1_F1_top-01112020145828-0000@0-2560_frame_meta_entropy_histogram.csv,Mice-hc,20200111_USVpairs_court1,Mice
2371.0,0.0073125189113128,Correctly Tracked,/root/vast/mustafa/dreem-experiments/paper-plots/uncertainty-animals/no-post-processing-no-weight-iou-entropies/20200111_USVpairs_court1_M1_F1_top-01112020145828-0000@0-2560_frame_meta_entropy_histogram.csv,Mice-hc,20200111_USVpairs_court1,Mice
2372.0,0.0059445937632175,Correctly Tracked,/root/vast/mustafa/dreem-experiments/paper-plots/uncertainty-animals/no-post-processing-no-weight-iou-entropies/20200111_USVpairs_court1_M1_F1_top-01112020145828-0000@0-2560_frame_meta_entropy_histogram.csv,Mice-hc,20200111_USVpairs_court1,Mice
2373.0,0.0065322934151917,Correctly Tracked,/root/vast/mustafa/dreem-experiments/paper-plots/uncertainty-animals/no-post-processing-no-weight-iou-entropies/20200111_USVpairs_court1_M1_F1_top-01112020145828-0000@0-2560_frame_meta_entropy_histogram.csv,Mice-hc,20200111_USVpairs_court1,Mice
2374.0,0.0065625280995748,Correctly Tracked,/root/vast/mustafa/dreem-experiments/paper-plots/uncertainty-animals/no-post-processing-no-weight-iou-entropies/20200111_USVpairs_court1_M1_F1_top-01112020145828-0000@0-2560_frame_meta_entropy_histogram.csv,Mice-hc,20200111_USVpairs_court1,Mice
2375.0,0.0075542223883053,Correctly Tracked,/root/vast/mustafa/dreem-experiments/paper-plots/uncertainty-animals/no-post-processing-no-weight-iou-entropies/20200111_USVpairs_court1_M1_F1_top-01112020145828-0000@0-2560_frame_meta_entropy_histogram.csv,Mice-hc,20200111_USVpairs_court1,Mice
2376.0,0.0070927143345945,Correctly Tracked,/root/vast/mustafa/dreem-experiments/paper-plots/uncertainty-animals/no-post-processing-no-weight-iou-entropies/20200111_USVpairs_court1_M1_F1_top-01112020145828-0000@0-2560_frame_meta_entropy_histogram.csv,Mice-hc,20200111_USVpairs_court1,Mice
2377.0,0.0078788967454234,Correctly Tracked,/root/vast/mustafa/dreem-experiments/paper-plots/uncertainty-animals/no-post-processing-no-weight-iou-entropies/20200111_USVpairs_court1_M1_F1_top-01112020145828-0000@0-2560_frame_meta_entropy_histogram.csv,Mice-hc,20200111_USVpairs_court1,Mice
2378.0,0.0058433134488473,Correctly Tracked,/root/vast/mustafa/dreem-experiments/paper-plots/uncertainty-animals/no-post-processing-no-weight-iou-entropies/20200111_USVpairs_court1_M1_F1_top-01112020145828-0000@0-2560_frame_meta_entropy_histogram.csv,Mice-hc,20200111_USVpairs_court1,Mice
2379.0,0.0073179760014415,Correctly Tracked,/root/vast/mustafa/dreem-experiments/paper-plots/uncertainty-animals/no-post-processing-no-weight-iou-entropies/20200111_USVpairs_court1_M1_F1_top-01112020145828-0000@0-2560_frame_meta_entropy_histogram.csv,Mice-hc,20200111_USVpairs_court1,Mice
238.0,0.007492791663393,Correctly Tracked,/root/vast/mustafa/dreem-experiments/paper-plots/uncertainty-animals/no-post-processing-no-weight-iou-entropies/20200111_USVpairs_court1_M1_F1_top-01112020145828-0000@0-2560_frame_meta_entropy_histogram.csv,Mice-hc,20200111_USVpairs_court1,Mice
2380.0,0.0073090705248016,Correctly Tracked,/root/vast/mustafa/dreem-experiments/paper-plots/uncertainty-animals/no-post-processing-no-weight-iou-entropies/20200111_USVpairs_court1_M1_F1_top-01112020145828-0000@0-2560_frame_meta_entropy_histogram.csv,Mice-hc,20200111_USVpairs_court1,Mice
2381.0,0.0084240367375741,Correctly Tracked,/root/vast/mustafa/dreem-experiments/paper-plots/uncertainty-animals/no-post-processing-no-weight-iou-entropies/20200111_USVpairs_court1_M1_F1_top-01112020145828-0000@0-2560_frame_meta_entropy_histogram.csv,Mice-hc,20200111_USVpairs_court1,Mice
2382.0,0.0061254234434913,Correctly Tracked,/root/vast/mustafa/dreem-experiments/paper-plots/uncertainty-animals/no-post-processing-no-weight-iou-entropies/20200111_USVpairs_court1_M1_F1_top-01112020145828-0000@0-2560_frame_meta_entropy_histogram.csv,Mice-hc,20200111_USVpairs_court1,Mice
2383.0,0.0059143261602801,Correctly Tracked,/root/vast/mustafa/dreem-experiments/paper-plots/uncertainty-animals/no-post-processing-no-weight-iou-entropies/20200111_USVpairs_court1_M1_F1_top-01112020145828-0000@0-2560_frame_meta_entropy_histogram.csv,Mice-hc,20200111_USVpairs_court1,Mice
2384.0,0.0065516340735342,Correctly Tracked,/root/vast/mustafa/dreem-experiments/paper-plots/uncertainty-animals/no-post-processing-no-weight-iou-entropies/20200111_USVpairs_court1_M1_F1_top-01112020145828-0000@0-2560_frame_meta_entropy_histogram.csv,Mice-hc,20200111_USVpairs_court1,Mice
2385.0,0.0055489033356305,Correctly Tracked,/root/vast/mustafa/dreem-experiments/paper-plots/uncertainty-animals/no-post-processing-no-weight-iou-entropies/20200111_USVpairs_court1_M1_F1_top-01112020145828-0000@0-2560_frame_meta_entropy_histogram.csv,Mice-hc,20200111_USVpairs_court1,Mice
2386.0,0.0052467150383054,Correctly Tracked,/root/vast/mustafa/dreem-experiments/paper-plots/uncertainty-animals/no-post-processing-no-weight-iou-entropies/20200111_USVpairs_court1_M1_F1_top-01112020145828-0000@0-2560_frame_meta_entropy_histogram.csv,Mice-hc,20200111_USVpairs_court1,Mice
2387.0,0.0052280502180362,Correctly Tracked,/root/vast/mustafa/dreem-experiments/paper-plots/uncertainty-animals/no-post-processing-no-weight-iou-entropies/20200111_USVpairs_court1_M1_F1_top-01112020145828-0000@0-2560_frame_meta_entropy_histogram.csv,Mice-hc,20200111_USVpairs_court1,Mice
2388.0,0.0050202797242277,Correctly Tracked,/root/vast/mustafa/dreem-experiments/paper-plots/uncertainty-animals/no-post-processing-no-weight-iou-entropies/20200111_USVpairs_court1_M1_F1_top-01112020145828-0000@0-2560_frame_meta_entropy_histogram.csv,Mice-hc,20200111_USVpairs_court1,Mice
2389.0,0.0048433576107068,Correctly Tracked,/root/vast/mustafa/dreem-experiments/paper-plots/uncertainty-animals/no-post-processing-no-weight-iou-entropies/20200111_USVpairs_court1_M1_F1_top-01112020145828-0000@0-2560_frame_meta_entropy_histogram.csv,Mice-hc,20200111_USVpairs_court1,Mice
239.0,0.0061582560064326,Correctly Tracked,/root/vast/mustafa/dreem-experiments/paper-plots/uncertainty-animals/no-post-processing-no-weight-iou-entropies/20200111_USVpairs_court1_M1_F1_top-01112020145828-0000@0-2560_frame_meta_entropy_histogram.csv,Mice-hc,20200111_USVpairs_court1,Mice
2390.0,0.0046618504128416,Correctly Tracked,/root/vast/mustafa/dreem-experiments/paper-plots/uncertainty-animals/no-post-processing-no-weight-iou-entropies/20200111_USVpairs_court1_M1_F1_top-01112020145828-0000@0-2560_frame_meta_entropy_histogram.csv,Mice-hc,20200111_USVpairs_court1,Mice
2391.0,0.0046646327024844,Correctly Tracked,/root/vast/mustafa/dreem-experiments/paper-plots/uncertainty-animals/no-post-processing-no-weight-iou-entropies/20200111_USVpairs_court1_M1_F1_top-01112020145828-0000@0-2560_frame_meta_entropy_histogram.csv,Mice-hc,20200111_USVpairs_court1,Mice
2392.0,0.0051479869196017,Correctly Tracked,/root/vast/mustafa/dreem-experiments/paper-plots/uncertainty-animals/no-post-processing-no-weight-iou-entropies/20200111_USVpairs_court1_M1_F1_top-01112020145828-0000@0-2560_frame_meta_entropy_histogram.csv,Mice-hc,20200111_USVpairs_court1,Mice
2393.0,0.0047027275314577,Correctly Tracked,/root/vast/mustafa/dreem-experiments/paper-plots/uncertainty-animals/no-post-processing-no-weight-iou-entropies/20200111_USVpairs_court1_M1_F1_top-01112020145828-0000@0-2560_frame_meta_entropy_histogram.csv,Mice-hc,20200111_USVpairs_court1,Mice
2394.0,0.0051530442844287,Correctly Tracked,/root/vast/mustafa/dreem-experiments/paper-plots/uncertainty-animals/no-post-processing-no-weight-iou-entropies/20200111_USVpairs_court1_M1_F1_top-01112020145828-0000@0-2560_frame_meta_entropy_histogram.csv,Mice-hc,20200111_USVpairs_court1,Mice
2395.0,0.0048805162763052,Correctly Tracked,/root/vast/mustafa/dreem-experiments/paper-plots/uncertainty-animals/no-post-processing-no-weight-iou-entropies/20200111_USVpairs_court1_M1_F1_top-01112020145828-0000@0-2560_frame_meta_entropy_histogram.csv,Mice-hc,20200111_USVpairs_court1,Mice
2396.0,0.0048794877394362,Correctly Tracked,/root/vast/mustafa/dreem-experiments/paper-plots/uncertainty-animals/no-post-processing-no-weight-iou-entropies/20200111_USVpairs_court1_M1_F1_top-01112020145828-0000@0-2560_frame_meta_entropy_histogram.csv,Mice-hc,20200111_USVpairs_court1,Mice
2397.0,0.0054333215889494,Correctly Tracked,/root/vast/mustafa/dreem-experiments/paper-plots/uncertainty-animals/no-post-processing-no-weight-iou-entropies/20200111_USVpairs_court1_M1_F1_top-01112020145828-0000@0-2560_frame_meta_entropy_histogram.csv,Mice-hc,20200111_USVpairs_court1,Mice
2398.0,0.0057112804867197,Correctly Tracked,/root/vast/mustafa/dreem-experiments/paper-plots/uncertainty-animals/no-post-processing-no-weight-iou-entropies/20200111_USVpairs_court1_M1_F1_top-01112020145828-0000@0-2560_frame_meta_entropy_histogram.csv,Mice-hc,20200111_USVpairs_court1,Mice
2399.0,0.0062389057925788,Correctly Tracked,/root/vast/mustafa/dreem-experiments/paper-plots/uncertainty-animals/no-post-processing-no-weight-iou-entropies/20200111_USVpairs_court1_M1_F1_top-01112020145828-0000@0-2560_frame_meta_entropy_histogram.csv,Mice-hc,20200111_USVpairs_court1,Mice
24.0,0.0058501390103034,Correctly Tracked,/root/vast/mustafa/dreem-experiments/paper-plots/uncertainty-animals/no-post-processing-no-weight-iou-entropies/20200111_USVpairs_court1_M1_F1_top-01112020145828-0000@0-2560_frame_meta_entropy_histogram.csv,Mice-hc,20200111_USVpairs_court1,Mice
240.0,0.0061724264363336,Correctly Tracked,/root/vast/mustafa/dreem-experiments/paper-plots/uncertainty-animals/no-post-processing-no-weight-iou-entropies/20200111_USVpairs_court1_M1_F1_top-01112020145828-0000@0-2560_frame_meta_entropy_histogram.csv,Mice-hc,20200111_USVpairs_court1,Mice
2400.0,0.0066048244109642,Correctly Tracked,/root/vast/mustafa/dreem-experiments/paper-plots/uncertainty-animals/no-post-processing-no-weight-iou-entropies/20200111_USVpairs_court1_M1_F1_top-01112020145828-0000@0-2560_frame_meta_entropy_histogram.csv,Mice-hc,20200111_USVpairs_court1,Mice
2401.0,0.006487673322594,Correctly Tracked,/root/vast/mustafa/dreem-experiments/paper-plots/uncertainty-animals/no-post-processing-no-weight-iou-entropies/20200111_USVpairs_court1_M1_F1_top-01112020145828-0000@0-2560_frame_meta_entropy_histogram.csv,Mice-hc,20200111_USVpairs_court1,Mice
2402.0,0.0069575097705343,Correctly Tracked,/root/vast/mustafa/dreem-experiments/paper-plots/uncertainty-animals/no-post-processing-no-weight-iou-entropies/20200111_USVpairs_court1_M1_F1_top-01112020145828-0000@0-2560_frame_meta_entropy_histogram.csv,Mice-hc,20200111_USVpairs_court1,Mice
2403.0,0.0073044807378067,Correctly Tracked,/root/vast/mustafa/dreem-experiments/paper-plots/uncertainty-animals/no-post-processing-no-weight-iou-entropies/20200111_USVpairs_court1_M1_F1_top-01112020145828-0000@0-2560_frame_meta_entropy_histogram.csv,Mice-hc,20200111_USVpairs_court1,Mice
2404.0,0.008085510387182,Correctly Tracked,/root/vast/mustafa/dreem-experiments/paper-plots/uncertainty-animals/no-post-processing-no-weight-iou-entropies/20200111_USVpairs_court1_M1_F1_top-01112020145828-0000@0-2560_frame_meta_entropy_histogram.csv,Mice-hc,20200111_USVpairs_court1,Mice
2405.0,0.0088973390390136,Correctly Tracked,/root/vast/mustafa/dreem-experiments/paper-plots/uncertainty-animals/no-post-processing-no-weight-iou-entropies/20200111_USVpairs_court1_M1_F1_top-01112020145828-0000@0-2560_frame_meta_entropy_histogram.csv,Mice-hc,20200111_USVpairs_court1,Mice
2406.0,0.0088174161482902,Correctly Tracked,/root/vast/mustafa/dreem-experiments/paper-plots/uncertainty-animals/no-post-processing-no-weight-iou-entropies/20200111_USVpairs_court1_M1_F1_top-01112020145828-0000@0-2560_frame_meta_entropy_histogram.csv,Mice-hc,20200111_USVpairs_court1,Mice
2407.0,0.0084084776821288,Correctly Tracked,/root/vast/mustafa/dreem-experiments/paper-plots/uncertainty-animals/no-post-processing-no-weight-iou-entropies/20200111_USVpairs_court1_M1_F1_top-01112020145828-0000@0-2560_frame_meta_entropy_histogram.csv,Mice-hc,20200111_USVpairs_court1,Mice
2408.0,0.0087854596219767,Correctly Tracked,/root/vast/mustafa/dreem-experiments/paper-plots/uncertainty-animals/no-post-processing-no-weight-iou-entropies/20200111_USVpairs_court1_M1_F1_top-01112020145828-0000@0-2560_frame_meta_entropy_histogram.csv,Mice-hc,20200111_USVpairs_court1,Mice
2409.0,0.0083298789234556,Correctly Tracked,/root/vast/mustafa/dreem-experiments/paper-plots/uncertainty-animals/no-post-processing-no-weight-iou-entropies/20200111_USVpairs_court1_M1_F1_top-01112020145828-0000@0-2560_frame_meta_entropy_histogram.csv,Mice-hc,20200111_USVpairs_court1,Mice
241.0,0.0064121420357327,Correctly Tracked,/root/vast/mustafa/dreem-experiments/paper-plots/uncertainty-animals/no-post-processing-no-weight-iou-entropies/20200111_USVpairs_court1_M1_F1_top-01112020145828-0000@0-2560_frame_meta_entropy_histogram.csv,Mice-hc,20200111_USVpairs_court1,Mice
2410.0,0.0079439095464857,Correctly Tracked,/root/vast/mustafa/dreem-experiments/paper-plots/uncertainty-animals/no-post-processing-no-weight-iou-entropies/20200111_USVpairs_court1_M1_F1_top-01112020145828-0000@0-2560_frame_meta_entropy_histogram.csv,Mice-hc,20200111_USVpairs_court1,Mice
2411.0,0.0082948078988242,Correctly Tracked,/root/vast/mustafa/dreem-experiments/paper-plots/uncertainty-animals/no-post-processing-no-weight-iou-entropies/20200111_USVpairs_court1_M1_F1_top-01112020145828-0000@0-2560_frame_meta_entropy_histogram.csv,Mice-hc,20200111_USVpairs_court1,Mice
2412.0,0.0083424820270891,Correctly Tracked,/root/vast/mustafa/dreem-experiments/paper-plots/uncertainty-animals/no-post-processing-no-weight-iou-entropies/20200111_USVpairs_court1_M1_F1_top-01112020145828-0000@0-2560_frame_meta_entropy_histogram.csv,Mice-hc,20200111_USVpairs_court1,Mice
2413.0,0.0079767085190654,Correctly Tracked,/root/vast/mustafa/dreem-experiments/paper-plots/uncertainty-animals/no-post-processing-no-weight-iou-entropies/20200111_USVpairs_court1_M1_F1_top-01112020145828-0000@0-2560_frame_meta_entropy_histogram.csv,Mice-hc,20200111_USVpairs_court1,Mice
2414.0,0.0080120281123719,Correctly Tracked,/root/vast/mustafa/dreem-experiments/paper-plots/uncertainty-animals/no-post-processing-no-weight-iou-entropies/20200111_USVpairs_court1_M1_F1_top-01112020145828-0000@0-2560_frame_meta_entropy_histogram.csv,Mice-hc,20200111_USVpairs_court1,Mice
2415.0,0.0082710991498726,Correctly Tracked,/root/vast/mustafa/dreem-experiments/paper-plots/uncertainty-animals/no-post-processing-no-weight-iou-entropies/20200111_USVpairs_court1_M1_F1_top-01112020145828-0000@0-2560_frame_meta_entropy_histogram.csv,Mice-hc,20200111_USVpairs_court1,Mice
2416.0,0.0084098212965887,Correctly Tracked,/root/vast/mustafa/dreem-experiments/paper-plots/uncertainty-animals/no-post-processing-no-weight-iou-entropies/20200111_USVpairs_court1_M1_F1_top-01112020145828-0000@0-2560_frame_meta_entropy_histogram.csv,Mice-hc,20200111_USVpairs_court1,Mice
2417.0,0.0079894217990847,Correctly Tracked,/root/vast/mustafa/dreem-experiments/paper-plots/uncertainty-animals/no-post-processing-no-weight-iou-entropies/20200111_USVpairs_court1_M1_F1_top-01112020145828-0000@0-2560_frame_meta_entropy_histogram.csv,Mice-hc,20200111_USVpairs_court1,Mice
2418.0,0.0079039168620878,Correctly Tracked,/root/vast/mustafa/dreem-experiments/paper-plots/uncertainty-animals/no-post-processing-no-weight-iou-entropies/20200111_USVpairs_court1_M1_F1_top-01112020145828-0000@0-2560_frame_meta_entropy_histogram.csv,Mice-hc,20200111_USVpairs_court1,Mice
2419.0,0.007859767034551,Correctly Tracked,/root/vast/mustafa/dreem-experiments/paper-plots/uncertainty-animals/no-post-processing-no-weight-iou-entropies/20200111_USVpairs_court1_M1_F1_top-01112020145828-0000@0-2560_frame_meta_entropy_histogram.csv,Mice-hc,20200111_USVpairs_court1,Mice
242.0,0.0068664604084688,Correctly Tracked,/root/vast/mustafa/dreem-experiments/paper-plots/uncertainty-animals/no-post-processing-no-weight-iou-entropies/20200111_USVpairs_court1_M1_F1_top-01112020145828-0000@0-2560_frame_meta_entropy_histogram.csv,Mice-hc,20200111_USVpairs_court1,Mice
2420.0,0.0082297205271594,Correctly Tracked,/root/vast/mustafa/dreem-experiments/paper-plots/uncertainty-animals/no-post-processing-no-weight-iou-entropies/20200111_USVpairs_court1_M1_F1_top-01112020145828-0000@0-2560_frame_meta_entropy_histogram.csv,Mice-hc,20200111_USVpairs_court1,Mice
2421.0,0.0077612760637995,Correctly Tracked,/root/vast/mustafa/dreem-experiments/paper-plots/uncertainty-animals/no-post-processing-no-weight-iou-entropies/20200111_USVpairs_court1_M1_F1_top-01112020145828-0000@0-2560_frame_meta_entropy_histogram.csv,Mice-hc,20200111_USVpairs_court1,Mice
2422.0,0.0078252146451011,Correctly Tracked,/root/vast/mustafa/dreem-experiments/paper-plots/uncertainty-animals/no-post-processing-no-weight-iou-entropies/20200111_USVpairs_court1_M1_F1_top-01112020145828-0000@0-2560_frame_meta_entropy_histogram.csv,Mice-hc,20200111_USVpairs_court1,Mice
2423.0,0.0079053135493188,Correctly Tracked,/root/vast/mustafa/dreem-experiments/paper-plots/uncertainty-animals/no-post-processing-no-weight-iou-entropies/20200111_USVpairs_court1_M1_F1_top-01112020145828-0000@0-2560_frame_meta_entropy_histogram.csv,Mice-hc,20200111_USVpairs_court1,Mice
2424.0,0.0077851581390164,Correctly Tracked,/root/vast/mustafa/dreem-experiments/paper-plots/uncertainty-animals/no-post-processing-no-weight-iou-entropies/20200111_USVpairs_court1_M1_F1_top-01112020145828-0000@0-2560_frame_meta_entropy_histogram.csv,Mice-hc,20200111_USVpairs_court1,Mice
2425.0,0.007758203889337,Correctly Tracked,/root/vast/mustafa/dreem-experiments/paper-plots/uncertainty-animals/no-post-processing-no-weight-iou-entropies/20200111_USVpairs_court1_M1_F1_top-01112020145828-0000@0-2560_frame_meta_entropy_histogram.csv,Mice-hc,20200111_USVpairs_court1,Mice
2426.0,0.0080540644343633,Correctly Tracked,/root/vast/mustafa/dreem-experiments/paper-plots/uncertainty-animals/no-post-processing-no-weight-iou-entropies/20200111_USVpairs_court1_M1_F1_top-01112020145828-0000@0-2560_frame_meta_entropy_histogram.csv,Mice-hc,20200111_USVpairs_court1,Mice
2427.0,0.0079507438414358,Correctly Tracked,/root/vast/mustafa/dreem-experiments/paper-plots/uncertainty-animals/no-post-processing-no-weight-iou-entropies/20200111_USVpairs_court1_M1_F1_top-01112020145828-0000@0-2560_frame_meta_entropy_histogram.csv,Mice-hc,20200111_USVpairs_court1,Mice
2428.0,0.0077486595240214,Correctly Tracked,/root/vast/mustafa/dreem-experiments/paper-plots/uncertainty-animals/no-post-processing-no-weight-iou-entropies/20200111_USVpairs_court1_M1_F1_top-01112020145828-0000@0-2560_frame_meta_entropy_histogram.csv,Mice-hc,20200111_USVpairs_court1,Mice
2429.0,0.0080555665953294,Correctly Tracked,/root/vast/mustafa/dreem-experiments/paper-plots/uncertainty-animals/no-post-processing-no-weight-iou-entropies/20200111_USVpairs_court1_M1_F1_top-01112020145828-0000@0-2560_frame_meta_entropy_histogram.csv,Mice-hc,20200111_USVpairs_court1,Mice
243.0,0.0077351877736395,Correctly Tracked,/root/vast/mustafa/dreem-experiments/paper-plots/uncertainty-animals/no-post-processing-no-weight-iou-entropies/20200111_USVpairs_court1_M1_F1_top-01112020145828-0000@0-2560_frame_meta_entropy_histogram.csv,Mice-hc,20200111_USVpairs_court1,Mice
2430.0,0.0076553300482174,Correctly Tracked,/root/vast/mustafa/dreem-experiments/paper-plots/uncertainty-animals/no-post-processing-no-weight-iou-entropies/20200111_USVpairs_court1_M1_F1_top-01112020145828-0000@0-2560_frame_meta_entropy_histogram.csv,Mice-hc,20200111_USVpairs_court1,Mice
2431.0,0.0077217684242216,Correctly Tracked,/root/vast/mustafa/dreem-experiments/paper-plots/uncertainty-animals/no-post-processing-no-weight-iou-entropies/20200111_USVpairs_court1_M1_F1_top-01112020145828-0000@0-2560_frame_meta_entropy_histogram.csv,Mice-hc,20200111_USVpairs_court1,Mice
2432.0,0.0081475477540229,Correctly Tracked,/root/vast/mustafa/dreem-experiments/paper-plots/uncertainty-animals/no-post-processing-no-weight-iou-entropies/20200111_USVpairs_court1_M1_F1_top-01112020145828-0000@0-2560_frame_meta_entropy_histogram.csv,Mice-hc,20200111_USVpairs_court1,Mice
2433.0,0.0077534575712575,Correctly Tracked,/root/vast/mustafa/dreem-experiments/paper-plots/uncertainty-animals/no-post-processing-no-weight-iou-entropies/20200111_USVpairs_court1_M1_F1_top-01112020145828-0000@0-2560_frame_meta_entropy_histogram.csv,Mice-hc,20200111_USVpairs_court1,Mice
2434.0,0.0081203375457889,Correctly Tracked,/root/vast/mustafa/dreem-experiments/paper-plots/uncertainty-animals/no-post-processing-no-weight-iou-entropies/20200111_USVpairs_court1_M1_F1_top-01112020145828-0000@0-2560_frame_meta_entropy_histogram.csv,Mice-hc,20200111_USVpairs_court1,Mice
2435.0,0.0079813144294339,Correctly Tracked,/root/vast/mustafa/dreem-experiments/paper-plots/uncertainty-animals/no-post-processing-no-weight-iou-entropies/20200111_USVpairs_court1_M1_F1_top-01112020145828-0000@0-2560_frame_meta_entropy_histogram.csv,Mice-hc,20200111_USVpairs_court1,Mice
2436.0,0.0081876230707101,Correctly Tracked,/root/vast/mustafa/dreem-experiments/paper-plots/uncertainty-animals/no-post-processing-no-weight-iou-entropies/20200111_USVpairs_court1_M1_F1_top-01112020145828-0000@0-2560_frame_meta_entropy_histogram.csv,Mice-hc,20200111_USVpairs_court1,Mice
2437.0,0.0075997823392176,Correctly Tracked,/root/vast/mustafa/dreem-experiments/paper-plots/uncertainty-animals/no-post-processing-no-weight-iou-entropies/20200111_USVpairs_court1_M1_F1_top-01112020145828-0000@0-2560_frame_meta_entropy_histogram.csv,Mice-hc,20200111_USVpairs_court1,Mice
2438.0,0.0079657278298922,Correctly Tracked,/root/vast/mustafa/dreem-experiments/paper-plots/uncertainty-animals/no-post-processing-no-weight-iou-entropies/20200111_USVpairs_court1_M1_F1_top-01112020145828-0000@0-2560_frame_meta_entropy_histogram.csv,Mice-hc,20200111_USVpairs_court1,Mice
2439.0,0.0079821676246159,Correctly Tracked,/root/vast/mustafa/dreem-experiments/paper-plots/uncertainty-animals/no-post-processing-no-weight-iou-entropies/20200111_USVpairs_court1_M1_F1_top-01112020145828-0000@0-2560_frame_meta_entropy_histogram.csv,Mice-hc,20200111_USVpairs_court1,Mice
244.0,0.0071169860580047,Correctly Tracked,/root/vast/mustafa/dreem-experiments/paper-plots/uncertainty-animals/no-post-processing-no-weight-iou-entropies/20200111_USVpairs_court1_M1_F1_top-01112020145828-0000@0-2560_frame_meta_entropy_histogram.csv,Mice-hc,20200111_USVpairs_court1,Mice
2440.0,0.0079607571281979,Correctly Tracked,/root/vast/mustafa/dreem-experiments/paper-plots/uncertainty-animals/no-post-processing-no-weight-iou-entropies/20200111_USVpairs_court1_M1_F1_top-01112020145828-0000@0-2560_frame_meta_entropy_histogram.csv,Mice-hc,20200111_USVpairs_court1,Mice
2441.0,0.0077992170489172,Correctly Tracked,/root/vast/mustafa/dreem-experiments/paper-plots/uncertainty-animals/no-post-processing-no-weight-iou-entropies/20200111_USVpairs_court1_M1_F1_top-01112020145828-0000@0-2560_frame_meta_entropy_histogram.csv,Mice-hc,20200111_USVpairs_court1,Mice
2442.0,0.0076399463344592,Correctly Tracked,/root/vast/mustafa/dreem-experiments/paper-plots/uncertainty-animals/no-post-processing-no-weight-iou-entropies/20200111_USVpairs_court1_M1_F1_top-01112020145828-0000@0-2560_frame_meta_entropy_histogram.csv,Mice-hc,20200111_USVpairs_court1,Mice
2443.0,0.0078240510749789,Correctly Tracked,/root/vast/mustafa/dreem-experiments/paper-plots/uncertainty-animals/no-post-processing-no-weight-iou-entropies/20200111_USVpairs_court1_M1_F1_top-01112020145828-0000@0-2560_frame_meta_entropy_histogram.csv,Mice-hc,20200111_USVpairs_court1,Mice
2444.0,0.0074647954407,Correctly Tracked,/root/vast/mustafa/dreem-experiments/paper-plots/uncertainty-animals/no-post-processing-no-weight-iou-entropies/20200111_USVpairs_court1_M1_F1_top-01112020145828-0000@0-2560_frame_meta_entropy_histogram.csv,Mice-hc,20200111_USVpairs_court1,Mice
2445.0,0.0075293299150146,Correctly Tracked,/root/vast/mustafa/dreem-experiments/paper-plots/uncertainty-animals/no-post-processing-no-weight-iou-entropies/20200111_USVpairs_court1_M1_F1_top-01112020145828-0000@0-2560_frame_meta_entropy_histogram.csv,Mice-hc,20200111_USVpairs_court1,Mice
2446.0,0.0074718964431204,Correctly Tracked,/root/vast/mustafa/dreem-experiments/paper-plots/uncertainty-animals/no-post-processing-no-weight-iou-entropies/20200111_USVpairs_court1_M1_F1_top-01112020145828-0000@0-2560_frame_meta_entropy_histogram.csv,Mice-hc,20200111_USVpairs_court1,Mice
2447.0,0.0080694474763143,Correctly Tracked,/root/vast/mustafa/dreem-experiments/paper-plots/uncertainty-animals/no-post-processing-no-weight-iou-entropies/20200111_USVpairs_court1_M1_F1_top-01112020145828-0000@0-2560_frame_meta_entropy_histogram.csv,Mice-hc,20200111_USVpairs_court1,Mice
2448.0,0.0080732814801755,Correctly Tracked,/root/vast/mustafa/dreem-experiments/paper-plots/uncertainty-animals/no-post-processing-no-weight-iou-entropies/20200111_USVpairs_court1_M1_F1_top-01112020145828-0000@0-2560_frame_meta_entropy_histogram.csv,Mice-hc,20200111_USVpairs_court1,Mice
2449.0,0.0075184567149981,Correctly Tracked,/root/vast/mustafa/dreem-experiments/paper-plots/uncertainty-animals/no-post-processing-no-weight-iou-entropies/20200111_USVpairs_court1_M1_F1_top-01112020145828-0000@0-2560_frame_meta_entropy_histogram.csv,Mice-hc,20200111_USVpairs_court1,Mice
245.0,0.0064382793678204,Correctly Tracked,/root/vast/mustafa/dreem-experiments/paper-plots/uncertainty-animals/no-post-processing-no-weight-iou-entropies/20200111_USVpairs_court1_M1_F1_top-01112020145828-0000@0-2560_frame_meta_entropy_histogram.csv,Mice-hc,20200111_USVpairs_court1,Mice
2450.0,0.0076426093783186,Correctly Tracked,/root/vast/mustafa/dreem-experiments/paper-plots/uncertainty-animals/no-post-processing-no-weight-iou-entropies/20200111_USVpairs_court1_M1_F1_top-01112020145828-0000@0-2560_frame_meta_entropy_histogram.csv,Mice-hc,20200111_USVpairs_court1,Mice
2451.0,0.0074293549220921,Correctly Tracked,/root/vast/mustafa/dreem-experiments/paper-plots/uncertainty-animals/no-post-processing-no-weight-iou-entropies/20200111_USVpairs_court1_M1_F1_top-01112020145828-0000@0-2560_frame_meta_entropy_histogram.csv,Mice-hc,20200111_USVpairs_court1,Mice
2452.0,0.0075469977733546,Correctly Tracked,/root/vast/mustafa/dreem-experiments/paper-plots/uncertainty-animals/no-post-processing-no-weight-iou-entropies/20200111_USVpairs_court1_M1_F1_top-01112020145828-0000@0-2560_frame_meta_entropy_histogram.csv,Mice-hc,20200111_USVpairs_court1,Mice
2453.0,0.0075177540046356,Correctly Tracked,/root/vast/mustafa/dreem-experiments/paper-plots/uncertainty-animals/no-post-processing-no-weight-iou-entropies/20200111_USVpairs_court1_M1_F1_top-01112020145828-0000@0-2560_frame_meta_entropy_histogram.csv,Mice-hc,20200111_USVpairs_court1,Mice
2454.0,0.008104490285042,Correctly Tracked,/root/vast/mustafa/dreem-experiments/paper-plots/uncertainty-animals/no-post-processing-no-weight-iou-entropies/20200111_USVpairs_court1_M1_F1_top-01112020145828-0000@0-2560_frame_meta_entropy_histogram.csv,Mice-hc,20200111_USVpairs_court1,Mice
2455.0,0.0076538352771308,Correctly Tracked,/root/vast/mustafa/dreem-experiments/paper-plots/uncertainty-animals/no-post-processing-no-weight-iou-entropies/20200111_USVpairs_court1_M1_F1_top-01112020145828-0000@0-2560_frame_meta_entropy_histogram.csv,Mice-hc,20200111_USVpairs_court1,Mice
2456.0,0.0082969946313576,Correctly Tracked,/root/vast/mustafa/dreem-experiments/paper-plots/uncertainty-animals/no-post-processing-no-weight-iou-entropies/20200111_USVpairs_court1_M1_F1_top-01112020145828-0000@0-2560_frame_meta_entropy_histogram.csv,Mice-hc,20200111_USVpairs_court1,Mice
2457.0,0.0080236221615461,Correctly Tracked,/root/vast/mustafa/dreem-experiments/paper-plots/uncertainty-animals/no-post-processing-no-weight-iou-entropies/20200111_USVpairs_court1_M1_F1_top-01112020145828-0000@0-2560_frame_meta_entropy_histogram.csv,Mice-hc,20200111_USVpairs_court1,Mice
2458.0,0.0079994444911481,Correctly Tracked,/root/vast/mustafa/dreem-experiments/paper-plots/uncertainty-animals/no-post-processing-no-weight-iou-entropies/20200111_USVpairs_court1_M1_F1_top-01112020145828-0000@0-2560_frame_meta_entropy_histogram.csv,Mice-hc,20200111_USVpairs_court1,Mice
2459.0,0.0079929581923431,Correctly Tracked,/root/vast/mustafa/dreem-experiments/paper-plots/uncertainty-animals/no-post-processing-no-weight-iou-entropies/20200111_USVpairs_court1_M1_F1_top-01112020145828-0000@0-2560_frame_meta_entropy_histogram.csv,Mice-hc,20200111_USVpairs_court1,Mice
246.0,0.0057800574236913,Correctly Tracked,/root/vast/mustafa/dreem-experiments/paper-plots/uncertainty-animals/no-post-processing-no-weight-iou-entropies/20200111_USVpairs_court1_M1_F1_top-01112020145828-0000@0-2560_frame_meta_entropy_histogram.csv,Mice-hc,20200111_USVpairs_court1,Mice
2460.0,0.0079836744882326,Correctly Tracked,/root/vast/mustafa/dreem-experiments/paper-plots/uncertainty-animals/no-post-processing-no-weight-iou-entropies/20200111_USVpairs_court1_M1_F1_top-01112020145828-0000@0-2560_frame_meta_entropy_histogram.csv,Mice-hc,20200111_USVpairs_court1,Mice
2461.0,0.0082962925928023,Correctly Tracked,/root/vast/mustafa/dreem-experiments/paper-plots/uncertainty-animals/no-post-processing-no-weight-iou-entropies/20200111_USVpairs_court1_M1_F1_top-01112020145828-0000@0-2560_frame_meta_entropy_histogram.csv,Mice-hc,20200111_USVpairs_court1,Mice
2462.0,0.0083457678362507,Correctly Tracked,/root/vast/mustafa/dreem-experiments/paper-plots/uncertainty-animals/no-post-processing-no-weight-iou-entropies/20200111_USVpairs_court1_M1_F1_top-01112020145828-0000@0-2560_frame_meta_entropy_histogram.csv,Mice-hc,20200111_USVpairs_court1,Mice
2463.0,0.0087448985886623,Correctly Tracked,/root/vast/mustafa/dreem-experiments/paper-plots/uncertainty-animals/no-post-processing-no-weight-iou-entropies/20200111_USVpairs_court1_M1_F1_top-01112020145828-0000@0-2560_frame_meta_entropy_histogram.csv,Mice-hc,20200111_USVpairs_court1,Mice
2464.0,0.0087212005886264,Correctly Tracked,/root/vast/mustafa/dreem-experiments/paper-plots/uncertainty-animals/no-post-processing-no-weight-iou-entropies/20200111_USVpairs_court1_M1_F1_top-01112020145828-0000@0-2560_frame_meta_entropy_histogram.csv,Mice-hc,20200111_USVpairs_court1,Mice
2465.0,0.0083497241090278,Correctly Tracked,/root/vast/mustafa/dreem-experiments/paper-plots/uncertainty-animals/no-post-processing-no-weight-iou-entropies/20200111_USVpairs_court1_M1_F1_top-01112020145828-0000@0-2560_frame_meta_entropy_histogram.csv,Mice-hc,20200111_USVpairs_court1,Mice
2466.0,0.0084242087202249,Correctly Tracked,/root/vast/mustafa/dreem-experiments/paper-plots/uncertainty-animals/no-post-processing-no-weight-iou-entropies/20200111_USVpairs_court1_M1_F1_top-01112020145828-0000@0-2560_frame_meta_entropy_histogram.csv,Mice-hc,20200111_USVpairs_court1,Mice
2467.0,0.0085855143387824,Correctly Tracked,/root/vast/mustafa/dreem-experiments/paper-plots/uncertainty-animals/no-post-processing-no-weight-iou-entropies/20200111_USVpairs_court1_M1_F1_top-01112020145828-0000@0-2560_frame_meta_entropy_histogram.csv,Mice-hc,20200111_USVpairs_court1,Mice
2468.0,0.0102452456752713,Correctly Tracked,/root/vast/mustafa/dreem-experiments/paper-plots/uncertainty-animals/no-post-processing-no-weight-iou-entropies/20200111_USVpairs_court1_M1_F1_top-01112020145828-0000@0-2560_frame_meta_entropy_histogram.csv,Mice-hc,20200111_USVpairs_court1,Mice
2469.0,0.0305669468029079,Correctly Tracked,/root/vast/mustafa/dreem-experiments/paper-plots/uncertainty-animals/no-post-processing-no-weight-iou-entropies/20200111_USVpairs_court1_M1_F1_top-01112020145828-0000@0-2560_frame_meta_entropy_histogram.csv,Mice-hc,20200111_USVpairs_court1,Mice
247.0,0.0053635100688437,Correctly Tracked,/root/vast/mustafa/dreem-experiments/paper-plots/uncertainty-animals/no-post-processing-no-weight-iou-entropies/20200111_USVpairs_court1_M1_F1_top-01112020145828-0000@0-2560_frame_meta_entropy_histogram.csv,Mice-hc,20200111_USVpairs_court1,Mice
2470.0,0.0903411643816048,Correctly Tracked,/root/vast/mustafa/dreem-experiments/paper-plots/uncertainty-animals/no-post-processing-no-weight-iou-entropies/20200111_USVpairs_court1_M1_F1_top-01112020145828-0000@0-2560_frame_meta_entropy_histogram.csv,Mice-hc,20200111_USVpairs_court1,Mice
2471.0,0.2445868897467146,Correctly Tracked,/root/vast/mustafa/dreem-experiments/paper-plots/uncertainty-animals/no-post-processing-no-weight-iou-entropies/20200111_USVpairs_court1_M1_F1_top-01112020145828-0000@0-2560_frame_meta_entropy_histogram.csv,Mice-hc,20200111_USVpairs_court1,Mice
2472.0,0.4295078814252578,Correctly Tracked,/root/vast/mustafa/dreem-experiments/paper-plots/uncertainty-animals/no-post-processing-no-weight-iou-entropies/20200111_USVpairs_court1_M1_F1_top-01112020145828-0000@0-2560_frame_meta_entropy_histogram.csv,Mice-hc,20200111_USVpairs_court1,Mice
2473.0,0.4994018887098795,Correctly Tracked,/root/vast/mustafa/dreem-experiments/paper-plots/uncertainty-animals/no-post-processing-no-weight-iou-entropies/20200111_USVpairs_court1_M1_F1_top-01112020145828-0000@0-2560_frame_meta_entropy_histogram.csv,Mice-hc,20200111_USVpairs_court1,Mice
2474.0,0.3964323499939733,Correctly Tracked,/root/vast/mustafa/dreem-experiments/paper-plots/uncertainty-animals/no-post-processing-no-weight-iou-entropies/20200111_USVpairs_court1_M1_F1_top-01112020145828-0000@0-2560_frame_meta_entropy_histogram.csv,Mice-hc,20200111_USVpairs_court1,Mice
2475.0,0.2781225392625512,Correctly Tracked,/root/vast/mustafa/dreem-experiments/paper-plots/uncertainty-animals/no-post-processing-no-weight-iou-entropies/20200111_USVpairs_court1_M1_F1_top-01112020145828-0000@0-2560_frame_meta_entropy_histogram.csv,Mice-hc,20200111_USVpairs_court1,Mice
2476.0,0.2234642600395521,Correctly Tracked,/root/vast/mustafa/dreem-experiments/paper-plots/uncertainty-animals/no-post-processing-no-weight-iou-entropies/20200111_USVpairs_court1_M1_F1_top-01112020145828-0000@0-2560_frame_meta_entropy_histogram.csv,Mice-hc,20200111_USVpairs_court1,Mice
2477.0,0.2106466510447233,Correctly Tracked,/root/vast/mustafa/dreem-experiments/paper-plots/uncertainty-animals/no-post-processing-no-weight-iou-entropies/20200111_USVpairs_court1_M1_F1_top-01112020145828-0000@0-2560_frame_meta_entropy_histogram.csv,Mice-hc,20200111_USVpairs_court1,Mice
2478.0,0.1792568183147863,Correctly Tracked,/root/vast/mustafa/dreem-experiments/paper-plots/uncertainty-animals/no-post-processing-no-weight-iou-entropies/20200111_USVpairs_court1_M1_F1_top-01112020145828-0000@0-2560_frame_meta_entropy_histogram.csv,Mice-hc,20200111_USVpairs_court1,Mice
2479.0,0.192925171738855,Correctly Tracked,/root/vast/mustafa/dreem-experiments/paper-plots/uncertainty-animals/no-post-processing-no-weight-iou-entropies/20200111_USVpairs_court1_M1_F1_top-01112020145828-0000@0-2560_frame_meta_entropy_histogram.csv,Mice-hc,20200111_USVpairs_court1,Mice
248.0,0.005019497740612,Correctly Tracked,/root/vast/mustafa/dreem-experiments/paper-plots/uncertainty-animals/no-post-processing-no-weight-iou-entropies/20200111_USVpairs_court1_M1_F1_top-01112020145828-0000@0-2560_frame_meta_entropy_histogram.csv,Mice-hc,20200111_USVpairs_court1,Mice
2480.0,0.1818471887553349,Correctly Tracked,/root/vast/mustafa/dreem-experiments/paper-plots/uncertainty-animals/no-post-processing-no-weight-iou-entropies/20200111_USVpairs_court1_M1_F1_top-01112020145828-0000@0-2560_frame_meta_entropy_histogram.csv,Mice-hc,20200111_USVpairs_court1,Mice
2481.0,0.1900058522317843,Correctly Tracked,/root/vast/mustafa/dreem-experiments/paper-plots/uncertainty-animals/no-post-processing-no-weight-iou-entropies/20200111_USVpairs_court1_M1_F1_top-01112020145828-0000@0-2560_frame_meta_entropy_histogram.csv,Mice-hc,20200111_USVpairs_court1,Mice
2482.0,0.2237700021971235,Correctly Tracked,/root/vast/mustafa/dreem-experiments/paper-plots/uncertainty-animals/no-post-processing-no-weight-iou-entropies/20200111_USVpairs_court1_M1_F1_top-01112020145828-0000@0-2560_frame_meta_entropy_histogram.csv,Mice-hc,20200111_USVpairs_court1,Mice
2483.0,0.2555196118837498,Correctly Tracked,/root/vast/mustafa/dreem-experiments/paper-plots/uncertainty-animals/no-post-processing-no-weight-iou-entropies/20200111_USVpairs_court1_M1_F1_top-01112020145828-0000@0-2560_frame_meta_entropy_histogram.csv,Mice-hc,20200111_USVpairs_court1,Mice
2484.0,0.2946419888258766,Correctly Tracked,/root/vast/mustafa/dreem-experiments/paper-plots/uncertainty-animals/no-post-processing-no-weight-iou-entropies/20200111_USVpairs_court1_M1_F1_top-01112020145828-0000@0-2560_frame_meta_entropy_histogram.csv,Mice-hc,20200111_USVpairs_court1,Mice
2485.0,0.2263969296998961,Correctly Tracked,/root/vast/mustafa/dreem-experiments/paper-plots/uncertainty-animals/no-post-processing-no-weight-iou-entropies/20200111_USVpairs_court1_M1_F1_top-01112020145828-0000@0-2560_frame_meta_entropy_histogram.csv,Mice-hc,20200111_USVpairs_court1,Mice
2486.0,0.2175802820990769,Correctly Tracked,/root/vast/mustafa/dreem-experiments/paper-plots/uncertainty-animals/no-post-processing-no-weight-iou-entropies/20200111_USVpairs_court1_M1_F1_top-01112020145828-0000@0-2560_frame_meta_entropy_histogram.csv,Mice-hc,20200111_USVpairs_court1,Mice
2487.0,0.199309017254063,Correctly Tracked,/root/vast/mustafa/dreem-experiments/paper-plots/uncertainty-animals/no-post-processing-no-weight-iou-entropies/20200111_USVpairs_court1_M1_F1_top-01112020145828-0000@0-2560_frame_meta_entropy_histogram.csv,Mice-hc,20200111_USVpairs_court1,Mice
2488.0,0.1634918566407961,Correctly Tracked,/root/vast/mustafa/dreem-experiments/paper-plots/uncertainty-animals/no-post-processing-no-weight-iou-entropies/20200111_USVpairs_court1_M1_F1_top-01112020145828-0000@0-2560_frame_meta_entropy_histogram.csv,Mice-hc,20200111_USVpairs_court1,Mice
2489.0,0.1576530993885821,Correctly Tracked,/root/vast/mustafa/dreem-experiments/paper-plots/uncertainty-animals/no-post-processing-no-weight-iou-entropies/20200111_USVpairs_court1_M1_F1_top-01112020145828-0000@0-2560_frame_meta_entropy_histogram.csv,Mice-hc,20200111_USVpairs_court1,Mice
249.0,0.0047064839415839,Correctly Tracked,/root/vast/mustafa/dreem-experiments/paper-plots/uncertainty-animals/no-post-processing-no-weight-iou-entropies/20200111_USVpairs_court1_M1_F1_top-01112020145828-0000@0-2560_frame_meta_entropy_histogram.csv,Mice-hc,20200111_USVpairs_court1,Mice
2490.0,0.1626852042636711,Correctly Tracked,/root/vast/mustafa/dreem-experiments/paper-plots/uncertainty-animals/no-post-processing-no-weight-iou-entropies/20200111_USVpairs_court1_M1_F1_top-01112020145828-0000@0-2560_frame_meta_entropy_histogram.csv,Mice-hc,20200111_USVpairs_court1,Mice
2491.0,0.1533301972210729,Correctly Tracked,/root/vast/mustafa/dreem-experiments/paper-plots/uncertainty-animals/no-post-processing-no-weight-iou-entropies/20200111_USVpairs_court1_M1_F1_top-01112020145828-0000@0-2560_frame_meta_entropy_histogram.csv,Mice-hc,20200111_USVpairs_court1,Mice
2492.0,0.1713055874131088,Correctly Tracked,/root/vast/mustafa/dreem-experiments/paper-plots/uncertainty-animals/no-post-processing-no-weight-iou-entropies/20200111_USVpairs_court1_M1_F1_top-01112020145828-0000@0-2560_frame_meta_entropy_histogram.csv,Mice-hc,20200111_USVpairs_court1,Mice
2493.0,0.1600151628601103,Correctly Tracked,/root/vast/mustafa/dreem-experiments/paper-plots/uncertainty-animals/no-post-processing-no-weight-iou-entropies/20200111_USVpairs_court1_M1_F1_top-01112020145828-0000@0-2560_frame_meta_entropy_histogram.csv,Mice-hc,20200111_USVpairs_court1,Mice
2494.0,0.1618870112831854,Correctly Tracked,/root/vast/mustafa/dreem-experiments/paper-plots/uncertainty-animals/no-post-processing-no-weight-iou-entropies/20200111_USVpairs_court1_M1_F1_top-01112020145828-0000@0-2560_frame_meta_entropy_histogram.csv,Mice-hc,20200111_USVpairs_court1,Mice
2495.0,0.1454694184448336,Correctly Tracked,/root/vast/mustafa/dreem-experiments/paper-plots/uncertainty-animals/no-post-processing-no-weight-iou-entropies/20200111_USVpairs_court1_M1_F1_top-01112020145828-0000@0-2560_frame_meta_entropy_histogram.csv,Mice-hc,20200111_USVpairs_court1,Mice
2496.0,0.083107676201014,Correctly Tracked,/root/vast/mustafa/dreem-experiments/paper-plots/uncertainty-animals/no-post-processing-no-weight-iou-entropies/20200111_USVpairs_court1_M1_F1_top-01112020145828-0000@0-2560_frame_meta_entropy_histogram.csv,Mice-hc,20200111_USVpairs_court1,Mice
2497.0,0.138836047601055,Correctly Tracked,/root/vast/mustafa/dreem-experiments/paper-plots/uncertainty-animals/no-post-processing-no-weight-iou-entropies/20200111_USVpairs_court1_M1_F1_top-01112020145828-0000@0-2560_frame_meta_entropy_histogram.csv,Mice-hc,20200111_USVpairs_court1,Mice
2498.0,0.1368968464723358,Correctly Tracked,/root/vast/mustafa/dreem-experiments/paper-plots/uncertainty-animals/no-post-processing-no-weight-iou-entropies/20200111_USVpairs_court1_M1_F1_top-01112020145828-0000@0-2560_frame_meta_entropy_histogram.csv,Mice-hc,20200111_USVpairs_court1,Mice
2499.0,0.1160933198249335,Correctly Tracked,/root/vast/mustafa/dreem-experiments/paper-plots/uncertainty-animals/no-post-processing-no-weight-iou-entropies/20200111_USVpairs_court1_M1_F1_top-01112020145828-0000@0-2560_frame_meta_entropy_histogram.csv,Mice-hc,20200111_USVpairs_court1,Mice
25.0,0.0064510887162736,Correctly Tracked,/root/vast/mustafa/dreem-experiments/paper-plots/uncertainty-animals/no-post-processing-no-weight-iou-entropies/20200111_USVpairs_court1_M1_F1_top-01112020145828-0000@0-2560_frame_meta_entropy_histogram.csv,Mice-hc,20200111_USVpairs_court1,Mice
250.0,0.0046201486508507,Correctly Tracked,/root/vast/mustafa/dreem-experiments/paper-plots/uncertainty-animals/no-post-processing-no-weight-iou-entropies/20200111_USVpairs_court1_M1_F1_top-01112020145828-0000@0-2560_frame_meta_entropy_histogram.csv,Mice-hc,20200111_USVpairs_court1,Mice
2500.0,0.0809900699443138,Correctly Tracked,/root/vast/mustafa/dreem-experiments/paper-plots/uncertainty-animals/no-post-processing-no-weight-iou-entropies/20200111_USVpairs_court1_M1_F1_top-01112020145828-0000@0-2560_frame_meta_entropy_histogram.csv,Mice-hc,20200111_USVpairs_court1,Mice
2501.0,0.0579804895875473,Correctly Tracked,/root/vast/mustafa/dreem-experiments/paper-plots/uncertainty-animals/no-post-processing-no-weight-iou-entropies/20200111_USVpairs_court1_M1_F1_top-01112020145828-0000@0-2560_frame_meta_entropy_histogram.csv,Mice-hc,20200111_USVpairs_court1,Mice
2502.0,0.0436062468091567,Correctly Tracked,/root/vast/mustafa/dreem-experiments/paper-plots/uncertainty-animals/no-post-processing-no-weight-iou-entropies/20200111_USVpairs_court1_M1_F1_top-01112020145828-0000@0-2560_frame_meta_entropy_histogram.csv,Mice-hc,20200111_USVpairs_court1,Mice
2503.0,0.0361261677539757,Correctly Tracked,/root/vast/mustafa/dreem-experiments/paper-plots/uncertainty-animals/no-post-processing-no-weight-iou-entropies/20200111_USVpairs_court1_M1_F1_top-01112020145828-0000@0-2560_frame_meta_entropy_histogram.csv,Mice-hc,20200111_USVpairs_court1,Mice
2504.0,0.0319424667317376,Correctly Tracked,/root/vast/mustafa/dreem-experiments/paper-plots/uncertainty-animals/no-post-processing-no-weight-iou-entropies/20200111_USVpairs_court1_M1_F1_top-01112020145828-0000@0-2560_frame_meta_entropy_histogram.csv,Mice-hc,20200111_USVpairs_court1,Mice
2505.0,0.0300888968397744,Correctly Tracked,/root/vast/mustafa/dreem-experiments/paper-plots/uncertainty-animals/no-post-processing-no-weight-iou-entropies/20200111_USVpairs_court1_M1_F1_top-01112020145828-0000@0-2560_frame_meta_entropy_histogram.csv,Mice-hc,20200111_USVpairs_court1,Mice
2506.0,0.0247089516788576,Correctly Tracked,/root/vast/mustafa/dreem-experiments/paper-plots/uncertainty-animals/no-post-processing-no-weight-iou-entropies/20200111_USVpairs_court1_M1_F1_top-01112020145828-0000@0-2560_frame_meta_entropy_histogram.csv,Mice-hc,20200111_USVpairs_court1,Mice
2507.0,0.033353613941585,Correctly Tracked,/root/vast/mustafa/dreem-experiments/paper-plots/uncertainty-animals/no-post-processing-no-weight-iou-entropies/20200111_USVpairs_court1_M1_F1_top-01112020145828-0000@0-2560_frame_meta_entropy_histogram.csv,Mice-hc,20200111_USVpairs_court1,Mice
2508.0,0.0514608476461096,Correctly Tracked,/root/vast/mustafa/dreem-experiments/paper-plots/uncertainty-animals/no-post-processing-no-weight-iou-entropies/20200111_USVpairs_court1_M1_F1_top-01112020145828-0000@0-2560_frame_meta_entropy_histogram.csv,Mice-hc,20200111_USVpairs_court1,Mice
2509.0,0.0333288054441981,Correctly Tracked,/root/vast/mustafa/dreem-experiments/paper-plots/uncertainty-animals/no-post-processing-no-weight-iou-entropies/20200111_USVpairs_court1_M1_F1_top-01112020145828-0000@0-2560_frame_meta_entropy_histogram.csv,Mice-hc,20200111_USVpairs_court1,Mice
251.0,0.0045661608782389,Correctly Tracked,/root/vast/mustafa/dreem-experiments/paper-plots/uncertainty-animals/no-post-processing-no-weight-iou-entropies/20200111_USVpairs_court1_M1_F1_top-01112020145828-0000@0-2560_frame_meta_entropy_histogram.csv,Mice-hc,20200111_USVpairs_court1,Mice
2510.0,0.0219921121836597,Correctly Tracked,/root/vast/mustafa/dreem-experiments/paper-plots/uncertainty-animals/no-post-processing-no-weight-iou-entropies/20200111_USVpairs_court1_M1_F1_top-01112020145828-0000@0-2560_frame_meta_entropy_histogram.csv,Mice-hc,20200111_USVpairs_court1,Mice
2511.0,0.0079609277672343,Correctly Tracked,/root/vast/mustafa/dreem-experiments/paper-plots/uncertainty-animals/no-post-processing-no-weight-iou-entropies/20200111_USVpairs_court1_M1_F1_top-01112020145828-0000@0-2560_frame_meta_entropy_histogram.csv,Mice-hc,20200111_USVpairs_court1,Mice
2512.0,0.0072034758644007,Correctly Tracked,/root/vast/mustafa/dreem-experiments/paper-plots/uncertainty-animals/no-post-processing-no-weight-iou-entropies/20200111_USVpairs_court1_M1_F1_top-01112020145828-0000@0-2560_frame_meta_entropy_histogram.csv,Mice-hc,20200111_USVpairs_court1,Mice
2513.0,0.0064783970083631,Correctly Tracked,/root/vast/mustafa/dreem-experiments/paper-plots/uncertainty-animals/no-post-processing-no-weight-iou-entropies/20200111_USVpairs_court1_M1_F1_top-01112020145828-0000@0-2560_frame_meta_entropy_histogram.csv,Mice-hc,20200111_USVpairs_court1,Mice
2514.0,0.0070449045012691,Correctly Tracked,/root/vast/mustafa/dreem-experiments/paper-plots/uncertainty-animals/no-post-processing-no-weight-iou-entropies/20200111_USVpairs_court1_M1_F1_top-01112020145828-0000@0-2560_frame_meta_entropy_histogram.csv,Mice-hc,20200111_USVpairs_court1,Mice
2515.0,0.0069406715941233,Correctly Tracked,/root/vast/mustafa/dreem-experiments/paper-plots/uncertainty-animals/no-post-processing-no-weight-iou-entropies/20200111_USVpairs_court1_M1_F1_top-01112020145828-0000@0-2560_frame_meta_entropy_histogram.csv,Mice-hc,20200111_USVpairs_court1,Mice
2516.0,0.0070578757552646,Correctly Tracked,/root/vast/mustafa/dreem-experiments/paper-plots/uncertainty-animals/no-post-processing-no-weight-iou-entropies/20200111_USVpairs_court1_M1_F1_top-01112020145828-0000@0-2560_frame_meta_entropy_histogram.csv,Mice-hc,20200111_USVpairs_court1,Mice
2517.0,0.0072136174663438,Correctly Tracked,/root/vast/mustafa/dreem-experiments/paper-plots/uncertainty-animals/no-post-processing-no-weight-iou-entropies/20200111_USVpairs_court1_M1_F1_top-01112020145828-0000@0-2560_frame_meta_entropy_histogram.csv,Mice-hc,20200111_USVpairs_court1,Mice
2518.0,0.0066929829865193,Correctly Tracked,/root/vast/mustafa/dreem-experiments/paper-plots/uncertainty-animals/no-post-processing-no-weight-iou-entropies/20200111_USVpairs_court1_M1_F1_top-01112020145828-0000@0-2560_frame_meta_entropy_histogram.csv,Mice-hc,20200111_USVpairs_court1,Mice
2519.0,0.0071801446711124,Correctly Tracked,/root/vast/mustafa/dreem-experiments/paper-plots/uncertainty-animals/no-post-processing-no-weight-iou-entropies/20200111_USVpairs_court1_M1_F1_top-01112020145828-0000@0-2560_frame_meta_entropy_histogram.csv,Mice-hc,20200111_USVpairs_court1,Mice
252.0,0.0045232774073306,Correctly Tracked,/root/vast/mustafa/dreem-experiments/paper-plots/uncertainty-animals/no-post-processing-no-weight-iou-entropies/20200111_USVpairs_court1_M1_F1_top-01112020145828-0000@0-2560_frame_meta_entropy_histogram.csv,Mice-hc,20200111_USVpairs_court1,Mice
2520.0,0.0069285555507314,Correctly Tracked,/root/vast/mustafa/dreem-experiments/paper-plots/uncertainty-animals/no-post-processing-no-weight-iou-entropies/20200111_USVpairs_court1_M1_F1_top-01112020145828-0000@0-2560_frame_meta_entropy_histogram.csv,Mice-hc,20200111_USVpairs_court1,Mice
2521.0,0.0052665938142392,Correctly Tracked,/root/vast/mustafa/dreem-experiments/paper-plots/uncertainty-animals/no-post-processing-no-weight-iou-entropies/20200111_USVpairs_court1_M1_F1_top-01112020145828-0000@0-2560_frame_meta_entropy_histogram.csv,Mice-hc,20200111_USVpairs_court1,Mice
2522.0,0.0051806720208561,Correctly Tracked,/root/vast/mustafa/dreem-experiments/paper-plots/uncertainty-animals/no-post-processing-no-weight-iou-entropies/20200111_USVpairs_court1_M1_F1_top-01112020145828-0000@0-2560_frame_meta_entropy_histogram.csv,Mice-hc,20200111_USVpairs_court1,Mice
2523.0,0.0086814195235059,Correctly Tracked,/root/vast/mustafa/dreem-experiments/paper-plots/uncertainty-animals/no-post-processing-no-weight-iou-entropies/20200111_USVpairs_court1_M1_F1_top-01112020145828-0000@0-2560_frame_meta_entropy_histogram.csv,Mice-hc,20200111_USVpairs_court1,Mice
2524.0,0.0128534351307866,Correctly Tracked,/root/vast/mustafa/dreem-experiments/paper-plots/uncertainty-animals/no-post-processing-no-weight-iou-entropies/20200111_USVpairs_court1_M1_F1_top-01112020145828-0000@0-2560_frame_meta_entropy_histogram.csv,Mice-hc,20200111_USVpairs_court1,Mice
2525.0,0.0141053008772604,Correctly Tracked,/root/vast/mustafa/dreem-experiments/paper-plots/uncertainty-animals/no-post-processing-no-weight-iou-entropies/20200111_USVpairs_court1_M1_F1_top-01112020145828-0000@0-2560_frame_meta_entropy_histogram.csv,Mice-hc,20200111_USVpairs_court1,Mice
2526.0,0.0141263459105453,Correctly Tracked,/root/vast/mustafa/dreem-experiments/paper-plots/uncertainty-animals/no-post-processing-no-weight-iou-entropies/20200111_USVpairs_court1_M1_F1_top-01112020145828-0000@0-2560_frame_meta_entropy_histogram.csv,Mice-hc,20200111_USVpairs_court1,Mice
2527.0,0.017309990659462,Correctly Tracked,/root/vast/mustafa/dreem-experiments/paper-plots/uncertainty-animals/no-post-processing-no-weight-iou-entropies/20200111_USVpairs_court1_M1_F1_top-01112020145828-0000@0-2560_frame_meta_entropy_histogram.csv,Mice-hc,20200111_USVpairs_court1,Mice
2528.0,0.0202612411641715,Correctly Tracked,/root/vast/mustafa/dreem-experiments/paper-plots/uncertainty-animals/no-post-processing-no-weight-iou-entropies/20200111_USVpairs_court1_M1_F1_top-01112020145828-0000@0-2560_frame_meta_entropy_histogram.csv,Mice-hc,20200111_USVpairs_court1,Mice
2529.0,0.0215746726688107,Correctly Tracked,/root/vast/mustafa/dreem-experiments/paper-plots/uncertainty-animals/no-post-processing-no-weight-iou-entropies/20200111_USVpairs_court1_M1_F1_top-01112020145828-0000@0-2560_frame_meta_entropy_histogram.csv,Mice-hc,20200111_USVpairs_court1,Mice
253.0,0.0045046596135674,Correctly Tracked,/root/vast/mustafa/dreem-experiments/paper-plots/uncertainty-animals/no-post-processing-no-weight-iou-entropies/20200111_USVpairs_court1_M1_F1_top-01112020145828-0000@0-2560_frame_meta_entropy_histogram.csv,Mice-hc,20200111_USVpairs_court1,Mice
2530.0,0.0208246643900848,Correctly Tracked,/root/vast/mustafa/dreem-experiments/paper-plots/uncertainty-animals/no-post-processing-no-weight-iou-entropies/20200111_USVpairs_court1_M1_F1_top-01112020145828-0000@0-2560_frame_meta_entropy_histogram.csv,Mice-hc,20200111_USVpairs_court1,Mice
2531.0,0.0196783140307587,Correctly Tracked,/root/vast/mustafa/dreem-experiments/paper-plots/uncertainty-animals/no-post-processing-no-weight-iou-entropies/20200111_USVpairs_court1_M1_F1_top-01112020145828-0000@0-2560_frame_meta_entropy_histogram.csv,Mice-hc,20200111_USVpairs_court1,Mice
2532.0,0.0211464345245479,Correctly Tracked,/root/vast/mustafa/dreem-experiments/paper-plots/uncertainty-animals/no-post-processing-no-weight-iou-entropies/20200111_USVpairs_court1_M1_F1_top-01112020145828-0000@0-2560_frame_meta_entropy_histogram.csv,Mice-hc,20200111_USVpairs_court1,Mice
2533.0,0.0222190943488226,Correctly Tracked,/root/vast/mustafa/dreem-experiments/paper-plots/uncertainty-animals/no-post-processing-no-weight-iou-entropies/20200111_USVpairs_court1_M1_F1_top-01112020145828-0000@0-2560_frame_meta_entropy_histogram.csv,Mice-hc,20200111_USVpairs_court1,Mice
2534.0,0.0255019045629497,Correctly Tracked,/root/vast/mustafa/dreem-experiments/paper-plots/uncertainty-animals/no-post-processing-no-weight-iou-entropies/20200111_USVpairs_court1_M1_F1_top-01112020145828-0000@0-2560_frame_meta_entropy_histogram.csv,Mice-hc,20200111_USVpairs_court1,Mice
2535.0,0.0287212908001134,Correctly Tracked,/root/vast/mustafa/dreem-experiments/paper-plots/uncertainty-animals/no-post-processing-no-weight-iou-entropies/20200111_USVpairs_court1_M1_F1_top-01112020145828-0000@0-2560_frame_meta_entropy_histogram.csv,Mice-hc,20200111_USVpairs_court1,Mice
2536.0,0.0293366527865873,Correctly Tracked,/root/vast/mustafa/dreem-experiments/paper-plots/uncertainty-animals/no-post-processing-no-weight-iou-entropies/20200111_USVpairs_court1_M1_F1_top-01112020145828-0000@0-2560_frame_meta_entropy_histogram.csv,Mice-hc,20200111_USVpairs_court1,Mice
2537.0,0.027656067881874,Correctly Tracked,/root/vast/mustafa/dreem-experiments/paper-plots/uncertainty-animals/no-post-processing-no-weight-iou-entropies/20200111_USVpairs_court1_M1_F1_top-01112020145828-0000@0-2560_frame_meta_entropy_histogram.csv,Mice-hc,20200111_USVpairs_court1,Mice
2538.0,0.0306963664349111,Correctly Tracked,/root/vast/mustafa/dreem-experiments/paper-plots/uncertainty-animals/no-post-processing-no-weight-iou-entropies/20200111_USVpairs_court1_M1_F1_top-01112020145828-0000@0-2560_frame_meta_entropy_histogram.csv,Mice-hc,20200111_USVpairs_court1,Mice
2539.0,0.0310861059940554,Correctly Tracked,/root/vast/mustafa/dreem-experiments/paper-plots/uncertainty-animals/no-post-processing-no-weight-iou-entropies/20200111_USVpairs_court1_M1_F1_top-01112020145828-0000@0-2560_frame_meta_entropy_histogram.csv,Mice-hc,20200111_USVpairs_court1,Mice
254.0,0.0044928448757182,Correctly Tracked,/root/vast/mustafa/dreem-experiments/paper-plots/uncertainty-animals/no-post-processing-no-weight-iou-entropies/20200111_USVpairs_court1_M1_F1_top-01112020145828-0000@0-2560_frame_meta_entropy_histogram.csv,Mice-hc,20200111_USVpairs_court1,Mice
2540.0,0.0283149334173294,Correctly Tracked,/root/vast/mustafa/dreem-experiments/paper-plots/uncertainty-animals/no-post-processing-no-weight-iou-entropies/20200111_USVpairs_court1_M1_F1_top-01112020145828-0000@0-2560_frame_meta_entropy_histogram.csv,Mice-hc,20200111_USVpairs_court1,Mice
2541.0,0.0261631724810594,Correctly Tracked,/root/vast/mustafa/dreem-experiments/paper-plots/uncertainty-animals/no-post-processing-no-weight-iou-entropies/20200111_USVpairs_court1_M1_F1_top-01112020145828-0000@0-2560_frame_meta_entropy_histogram.csv,Mice-hc,20200111_USVpairs_court1,Mice
2542.0,0.0229593291759675,Correctly Tracked,/root/vast/mustafa/dreem-experiments/paper-plots/uncertainty-animals/no-post-processing-no-weight-iou-entropies/20200111_USVpairs_court1_M1_F1_top-01112020145828-0000@0-2560_frame_meta_entropy_histogram.csv,Mice-hc,20200111_USVpairs_court1,Mice
2543.0,0.0246242905317414,Correctly Tracked,/root/vast/mustafa/dreem-experiments/paper-plots/uncertainty-animals/no-post-processing-no-weight-iou-entropies/20200111_USVpairs_court1_M1_F1_top-01112020145828-0000@0-2560_frame_meta_entropy_histogram.csv,Mice-hc,20200111_USVpairs_court1,Mice
2544.0,0.0267582458891893,Correctly Tracked,/root/vast/mustafa/dreem-experiments/paper-plots/uncertainty-animals/no-post-processing-no-weight-iou-entropies/20200111_USVpairs_court1_M1_F1_top-01112020145828-0000@0-2560_frame_meta_entropy_histogram.csv,Mice-hc,20200111_USVpairs_court1,Mice
2545.0,0.0343001070244639,Correctly Tracked,/root/vast/mustafa/dreem-experiments/paper-plots/uncertainty-animals/no-post-processing-no-weight-iou-entropies/20200111_USVpairs_court1_M1_F1_top-01112020145828-0000@0-2560_frame_meta_entropy_histogram.csv,Mice-hc,20200111_USVpairs_court1,Mice
2546.0,0.0106436663274408,Correctly Tracked,/root/vast/mustafa/dreem-experiments/paper-plots/uncertainty-animals/no-post-processing-no-weight-iou-entropies/20200111_USVpairs_court1_M1_F1_top-01112020145828-0000@0-2560_frame_meta_entropy_histogram.csv,Mice-hc,20200111_USVpairs_court1,Mice
2547.0,0.4934920488782808,Correctly Tracked,/root/vast/mustafa/dreem-experiments/paper-plots/uncertainty-animals/no-post-processing-no-weight-iou-entropies/20200111_USVpairs_court1_M1_F1_top-01112020145828-0000@0-2560_frame_meta_entropy_histogram.csv,Mice-hc,20200111_USVpairs_court1,Mice
2548.0,0.0197361122939788,Correctly Tracked,/root/vast/mustafa/dreem-experiments/paper-plots/uncertainty-animals/no-post-processing-no-weight-iou-entropies/20200111_USVpairs_court1_M1_F1_top-01112020145828-0000@0-2560_frame_meta_entropy_histogram.csv,Mice-hc,20200111_USVpairs_court1,Mice
2549.0,0.0178059389108154,Correctly Tracked,/root/vast/mustafa/dreem-experiments/paper-plots/uncertainty-animals/no-post-processing-no-weight-iou-entropies/20200111_USVpairs_court1_M1_F1_top-01112020145828-0000@0-2560_frame_meta_entropy_histogram.csv,Mice-hc,20200111_USVpairs_court1,Mice
255.0,0.0044948243557212,Correctly Tracked,/root/vast/mustafa/dreem-experiments/paper-plots/uncertainty-animals/no-post-processing-no-weight-iou-entropies/20200111_USVpairs_court1_M1_F1_top-01112020145828-0000@0-2560_frame_meta_entropy_histogram.csv,Mice-hc,20200111_USVpairs_court1,Mice
2550.0,0.0168172563338967,Correctly Tracked,/root/vast/mustafa/dreem-experiments/paper-plots/uncertainty-animals/no-post-processing-no-weight-iou-entropies/20200111_USVpairs_court1_M1_F1_top-01112020145828-0000@0-2560_frame_meta_entropy_histogram.csv,Mice-hc,20200111_USVpairs_court1,Mice
2551.0,0.0168361918924796,Correctly Tracked,/root/vast/mustafa/dreem-experiments/paper-plots/uncertainty-animals/no-post-processing-no-weight-iou-entropies/20200111_USVpairs_court1_M1_F1_top-01112020145828-0000@0-2560_frame_meta_entropy_histogram.csv,Mice-hc,20200111_USVpairs_court1,Mice
2552.0,0.0153242910651302,Correctly Tracked,/root/vast/mustafa/dreem-experiments/paper-plots/uncertainty-animals/no-post-processing-no-weight-iou-entropies/20200111_USVpairs_court1_M1_F1_top-01112020145828-0000@0-2560_frame_meta_entropy_histogram.csv,Mice-hc,20200111_USVpairs_court1,Mice
2553.0,0.0184652908347052,Correctly Tracked,/root/vast/mustafa/dreem-experiments/paper-plots/uncertainty-animals/no-post-processing-no-weight-iou-entropies/20200111_USVpairs_court1_M1_F1_top-01112020145828-0000@0-2560_frame_meta_entropy_histogram.csv,Mice-hc,20200111_USVpairs_court1,Mice
2554.0,0.0153504660184228,Correctly Tracked,/root/vast/mustafa/dreem-experiments/paper-plots/uncertainty-animals/no-post-processing-no-weight-iou-entropies/20200111_USVpairs_court1_M1_F1_top-01112020145828-0000@0-2560_frame_meta_entropy_histogram.csv,Mice-hc,20200111_USVpairs_court1,Mice
2555.0,0.0163978712653099,Correctly Tracked,/root/vast/mustafa/dreem-experiments/paper-plots/uncertainty-animals/no-post-processing-no-weight-iou-entropies/20200111_USVpairs_court1_M1_F1_top-01112020145828-0000@0-2560_frame_meta_entropy_histogram.csv,Mice-hc,20200111_USVpairs_court1,Mice
2556.0,0.5148198323900913,Correctly Tracked,/root/vast/mustafa/dreem-experiments/paper-plots/uncertainty-animals/no-post-processing-no-weight-iou-entropies/20200111_USVpairs_court1_M1_F1_top-01112020145828-0000@0-2560_frame_meta_entropy_histogram.csv,Mice-hc,20200111_USVpairs_court1,Mice
2557.0,0.0105929885490508,Correctly Tracked,/root/vast/mustafa/dreem-experiments/paper-plots/uncertainty-animals/no-post-processing-no-weight-iou-entropies/20200111_USVpairs_court1_M1_F1_top-01112020145828-0000@0-2560_frame_meta_entropy_histogram.csv,Mice-hc,20200111_USVpairs_court1,Mice
2558.0,0.0130779329528133,Correctly Tracked,/root/vast/mustafa/dreem-experiments/paper-plots/uncertainty-animals/no-post-processing-no-weight-iou-entropies/20200111_USVpairs_court1_M1_F1_top-01112020145828-0000@0-2560_frame_meta_entropy_histogram.csv,Mice-hc,20200111_USVpairs_court1,Mice
2559.0,0.0087586155486831,Correctly Tracked,/root/vast/mustafa/dreem-experiments/paper-plots/uncertainty-animals/no-post-processing-no-weight-iou-entropies/20200111_USVpairs_court1_M1_F1_top-01112020145828-0000@0-2560_frame_meta_entropy_histogram.csv,Mice-hc,20200111_USVpairs_court1,Mice
256.0,0.0045046616289891,Correctly Tracked,/root/vast/mustafa/dreem-experiments/paper-plots/uncertainty-animals/no-post-processing-no-weight-iou-entropies/20200111_USVpairs_court1_M1_F1_top-01112020145828-0000@0-2560_frame_meta_entropy_histogram.csv,Mice-hc,20200111_USVpairs_court1,Mice
257.0,0.0045274332068549,Correctly Tracked,/root/vast/mustafa/dreem-experiments/paper-plots/uncertainty-animals/no-post-processing-no-weight-iou-entropies/20200111_USVpairs_court1_M1_F1_top-01112020145828-0000@0-2560_frame_meta_entropy_histogram.csv,Mice-hc,20200111_USVpairs_court1,Mice
258.0,0.0045314277726441,Correctly Tracked,/root/vast/mustafa/dreem-experiments/paper-plots/uncertainty-animals/no-post-processing-no-weight-iou-entropies/20200111_USVpairs_court1_M1_F1_top-01112020145828-0000@0-2560_frame_meta_entropy_histogram.csv,Mice-hc,20200111_USVpairs_court1,Mice
259.0,0.0045383352945823,Correctly Tracked,/root/vast/mustafa/dreem-experiments/paper-plots/uncertainty-animals/no-post-processing-no-weight-iou-entropies/20200111_USVpairs_court1_M1_F1_top-01112020145828-0000@0-2560_frame_meta_entropy_histogram.csv,Mice-hc,20200111_USVpairs_court1,Mice
26.0,0.0057908526940691,Correctly Tracked,/root/vast/mustafa/dreem-experiments/paper-plots/uncertainty-animals/no-post-processing-no-weight-iou-entropies/20200111_USVpairs_court1_M1_F1_top-01112020145828-0000@0-2560_frame_meta_entropy_histogram.csv,Mice-hc,20200111_USVpairs_court1,Mice
260.0,0.0045375200565088,Correctly Tracked,/root/vast/mustafa/dreem-experiments/paper-plots/uncertainty-animals/no-post-processing-no-weight-iou-entropies/20200111_USVpairs_court1_M1_F1_top-01112020145828-0000@0-2560_frame_meta_entropy_histogram.csv,Mice-hc,20200111_USVpairs_court1,Mice
261.0,0.0045545305514743,Correctly Tracked,/root/vast/mustafa/dreem-experiments/paper-plots/uncertainty-animals/no-post-processing-no-weight-iou-entropies/20200111_USVpairs_court1_M1_F1_top-01112020145828-0000@0-2560_frame_meta_entropy_histogram.csv,Mice-hc,20200111_USVpairs_court1,Mice
262.0,0.0045647601601645,Correctly Tracked,/root/vast/mustafa/dreem-experiments/paper-plots/uncertainty-animals/no-post-processing-no-weight-iou-entropies/20200111_USVpairs_court1_M1_F1_top-01112020145828-0000@0-2560_frame_meta_entropy_histogram.csv,Mice-hc,20200111_USVpairs_court1,Mice
263.0,0.0045348828772277,Correctly Tracked,/root/vast/mustafa/dreem-experiments/paper-plots/uncertainty-animals/no-post-processing-no-weight-iou-entropies/20200111_USVpairs_court1_M1_F1_top-01112020145828-0000@0-2560_frame_meta_entropy_histogram.csv,Mice-hc,20200111_USVpairs_court1,Mice
264.0,0.0045123968174346,Correctly Tracked,/root/vast/mustafa/dreem-experiments/paper-plots/uncertainty-animals/no-post-processing-no-weight-iou-entropies/20200111_USVpairs_court1_M1_F1_top-01112020145828-0000@0-2560_frame_meta_entropy_histogram.csv,Mice-hc,20200111_USVpairs_court1,Mice
265.0,0.0044951619388543,Correctly Tracked,/root/vast/mustafa/dreem-experiments/paper-plots/uncertainty-animals/no-post-processing-no-weight-iou-entropies/20200111_USVpairs_court1_M1_F1_top-01112020145828-0000@0-2560_frame_meta_entropy_histogram.csv,Mice-hc,20200111_USVpairs_court1,Mice
266.0,0.0044721569079761,Correctly Tracked,/root/vast/mustafa/dreem-experiments/paper-plots/uncertainty-animals/no-post-processing-no-weight-iou-entropies/20200111_USVpairs_court1_M1_F1_top-01112020145828-0000@0-2560_frame_meta_entropy_histogram.csv,Mice-hc,20200111_USVpairs_court1,Mice
267.0,0.0044488979339649,Correctly Tracked,/root/vast/mustafa/dreem-experiments/paper-plots/uncertainty-animals/no-post-processing-no-weight-iou-entropies/20200111_USVpairs_court1_M1_F1_top-01112020145828-0000@0-2560_frame_meta_entropy_histogram.csv,Mice-hc,20200111_USVpairs_court1,Mice
268.0,0.004437265255875,Correctly Tracked,/root/vast/mustafa/dreem-experiments/paper-plots/uncertainty-animals/no-post-processing-no-weight-iou-entropies/20200111_USVpairs_court1_M1_F1_top-01112020145828-0000@0-2560_frame_meta_entropy_histogram.csv,Mice-hc,20200111_USVpairs_court1,Mice
269.0,0.0044251297300735,Correctly Tracked,/root/vast/mustafa/dreem-experiments/paper-plots/uncertainty-animals/no-post-processing-no-weight-iou-entropies/20200111_USVpairs_court1_M1_F1_top-01112020145828-0000@0-2560_frame_meta_entropy_histogram.csv,Mice-hc,20200111_USVpairs_court1,Mice
27.0,0.0060444914983085,Correctly Tracked,/root/vast/mustafa/dreem-experiments/paper-plots/uncertainty-animals/no-post-processing-no-weight-iou-entropies/20200111_USVpairs_court1_M1_F1_top-01112020145828-0000@0-2560_frame_meta_entropy_histogram.csv,Mice-hc,20200111_USVpairs_court1,Mice
270.0,0.0044280232038129,Correctly Tracked,/root/vast/mustafa/dreem-experiments/paper-plots/uncertainty-animals/no-post-processing-no-weight-iou-entropies/20200111_USVpairs_court1_M1_F1_top-01112020145828-0000@0-2560_frame_meta_entropy_histogram.csv,Mice-hc,20200111_USVpairs_court1,Mice
271.0,0.0044200071999453,Correctly Tracked,/root/vast/mustafa/dreem-experiments/paper-plots/uncertainty-animals/no-post-processing-no-weight-iou-entropies/20200111_USVpairs_court1_M1_F1_top-01112020145828-0000@0-2560_frame_meta_entropy_histogram.csv,Mice-hc,20200111_USVpairs_court1,Mice
272.0,0.0044181866023522,Correctly Tracked,/root/vast/mustafa/dreem-experiments/paper-plots/uncertainty-animals/no-post-processing-no-weight-iou-entropies/20200111_USVpairs_court1_M1_F1_top-01112020145828-0000@0-2560_frame_meta_entropy_histogram.csv,Mice-hc,20200111_USVpairs_court1,Mice
273.0,0.0044183908317501,Correctly Tracked,/root/vast/mustafa/dreem-experiments/paper-plots/uncertainty-animals/no-post-processing-no-weight-iou-entropies/20200111_USVpairs_court1_M1_F1_top-01112020145828-0000@0-2560_frame_meta_entropy_histogram.csv,Mice-hc,20200111_USVpairs_court1,Mice
274.0,0.0044320644602045,Correctly Tracked,/root/vast/mustafa/dreem-experiments/paper-plots/uncertainty-animals/no-post-processing-no-weight-iou-entropies/20200111_USVpairs_court1_M1_F1_top-01112020145828-0000@0-2560_frame_meta_entropy_histogram.csv,Mice-hc,20200111_USVpairs_court1,Mice
275.0,0.0044802864472655,Correctly Tracked,/root/vast/mustafa/dreem-experiments/paper-plots/uncertainty-animals/no-post-processing-no-weight-iou-entropies/20200111_USVpairs_court1_M1_F1_top-01112020145828-0000@0-2560_frame_meta_entropy_histogram.csv,Mice-hc,20200111_USVpairs_court1,Mice
276.0,0.0046334275925576,Correctly Tracked,/root/vast/mustafa/dreem-experiments/paper-plots/uncertainty-animals/no-post-processing-no-weight-iou-entropies/20200111_USVpairs_court1_M1_F1_top-01112020145828-0000@0-2560_frame_meta_entropy_histogram.csv,Mice-hc,20200111_USVpairs_court1,Mice
277.0,0.0049628234108877,Correctly Tracked,/root/vast/mustafa/dreem-experiments/paper-plots/uncertainty-animals/no-post-processing-no-weight-iou-entropies/20200111_USVpairs_court1_M1_F1_top-01112020145828-0000@0-2560_frame_meta_entropy_histogram.csv,Mice-hc,20200111_USVpairs_court1,Mice
278.0,0.0131028126617666,Correctly Tracked,/root/vast/mustafa/dreem-experiments/paper-plots/uncertainty-animals/no-post-processing-no-weight-iou-entropies/20200111_USVpairs_court1_M1_F1_top-01112020145828-0000@0-2560_frame_meta_entropy_histogram.csv,Mice-hc,20200111_USVpairs_court1,Mice
279.0,0.0137119026559419,Correctly Tracked,/root/vast/mustafa/dreem-experiments/paper-plots/uncertainty-animals/no-post-processing-no-weight-iou-entropies/20200111_USVpairs_court1_M1_F1_top-01112020145828-0000@0-2560_frame_meta_entropy_histogram.csv,Mice-hc,20200111_USVpairs_court1,Mice
28.0,0.0057807204974272,Correctly Tracked,/root/vast/mustafa/dreem-experiments/paper-plots/uncertainty-animals/no-post-processing-no-weight-iou-entropies/20200111_USVpairs_court1_M1_F1_top-01112020145828-0000@0-2560_frame_meta_entropy_histogram.csv,Mice-hc,20200111_USVpairs_court1,Mice
280.0,0.0122633814662788,Correctly Tracked,/root/vast/mustafa/dreem-experiments/paper-plots/uncertainty-animals/no-post-processing-no-weight-iou-entropies/20200111_USVpairs_court1_M1_F1_top-01112020145828-0000@0-2560_frame_meta_entropy_histogram.csv,Mice-hc,20200111_USVpairs_court1,Mice
281.0,0.014682305358134,Correctly Tracked,/root/vast/mustafa/dreem-experiments/paper-plots/uncertainty-animals/no-post-processing-no-weight-iou-entropies/20200111_USVpairs_court1_M1_F1_top-01112020145828-0000@0-2560_frame_meta_entropy_histogram.csv,Mice-hc,20200111_USVpairs_court1,Mice
282.0,0.0183188865723149,Correctly Tracked,/root/vast/mustafa/dreem-experiments/paper-plots/uncertainty-animals/no-post-processing-no-weight-iou-entropies/20200111_USVpairs_court1_M1_F1_top-01112020145828-0000@0-2560_frame_meta_entropy_histogram.csv,Mice-hc,20200111_USVpairs_court1,Mice
283.0,0.0141785910152027,Correctly Tracked,/root/vast/mustafa/dreem-experiments/paper-plots/uncertainty-animals/no-post-processing-no-weight-iou-entropies/20200111_USVpairs_court1_M1_F1_top-01112020145828-0000@0-2560_frame_meta_entropy_histogram.csv,Mice-hc,20200111_USVpairs_court1,Mice
284.0,0.0094617666167357,Correctly Tracked,/root/vast/mustafa/dreem-experiments/paper-plots/uncertainty-animals/no-post-processing-no-weight-iou-entropies/20200111_USVpairs_court1_M1_F1_top-01112020145828-0000@0-2560_frame_meta_entropy_histogram.csv,Mice-hc,20200111_USVpairs_court1,Mice
285.0,0.0068317582060066,Correctly Tracked,/root/vast/mustafa/dreem-experiments/paper-plots/uncertainty-animals/no-post-processing-no-weight-iou-entropies/20200111_USVpairs_court1_M1_F1_top-01112020145828-0000@0-2560_frame_meta_entropy_histogram.csv,Mice-hc,20200111_USVpairs_court1,Mice
286.0,0.0043587746581658,Correctly Tracked,/root/vast/mustafa/dreem-experiments/paper-plots/uncertainty-animals/no-post-processing-no-weight-iou-entropies/20200111_USVpairs_court1_M1_F1_top-01112020145828-0000@0-2560_frame_meta_entropy_histogram.csv,Mice-hc,20200111_USVpairs_court1,Mice
287.0,0.004358550274551,Correctly Tracked,/root/vast/mustafa/dreem-experiments/paper-plots/uncertainty-animals/no-post-processing-no-weight-iou-entropies/20200111_USVpairs_court1_M1_F1_top-01112020145828-0000@0-2560_frame_meta_entropy_histogram.csv,Mice-hc,20200111_USVpairs_court1,Mice
288.0,0.1660660929589106,Correctly Tracked,/root/vast/mustafa/dreem-experiments/paper-plots/uncertainty-animals/no-post-processing-no-weight-iou-entropies/20200111_USVpairs_court1_M1_F1_top-01112020145828-0000@0-2560_frame_meta_entropy_histogram.csv,Mice-hc,20200111_USVpairs_court1,Mice
289.0,0.2806221996036853,Correctly Tracked,/root/vast/mustafa/dreem-experiments/paper-plots/uncertainty-animals/no-post-processing-no-weight-iou-entropies/20200111_USVpairs_court1_M1_F1_top-01112020145828-0000@0-2560_frame_meta_entropy_histogram.csv,Mice-hc,20200111_USVpairs_court1,Mice
29.0,0.005603220293785,Correctly Tracked,/root/vast/mustafa/dreem-experiments/paper-plots/uncertainty-animals/no-post-processing-no-weight-iou-entropies/20200111_USVpairs_court1_M1_F1_top-01112020145828-0000@0-2560_frame_meta_entropy_histogram.csv,Mice-hc,20200111_USVpairs_court1,Mice
290.0,0.465629010625009,Correctly Tracked,/root/vast/mustafa/dreem-experiments/paper-plots/uncertainty-animals/no-post-processing-no-weight-iou-entropies/20200111_USVpairs_court1_M1_F1_top-01112020145828-0000@0-2560_frame_meta_entropy_histogram.csv,Mice-hc,20200111_USVpairs_court1,Mice
291.0,0.0353888485702087,Correctly Tracked,/root/vast/mustafa/dreem-experiments/paper-plots/uncertainty-animals/no-post-processing-no-weight-iou-entropies/20200111_USVpairs_court1_M1_F1_top-01112020145828-0000@0-2560_frame_meta_entropy_histogram.csv,Mice-hc,20200111_USVpairs_court1,Mice
292.0,0.0195514472662293,Correctly Tracked,/root/vast/mustafa/dreem-experiments/paper-plots/uncertainty-animals/no-post-processing-no-weight-iou-entropies/20200111_USVpairs_court1_M1_F1_top-01112020145828-0000@0-2560_frame_meta_entropy_histogram.csv,Mice-hc,20200111_USVpairs_court1,Mice
293.0,0.0089807103162483,Correctly Tracked,/root/vast/mustafa/dreem-experiments/paper-plots/uncertainty-animals/no-post-processing-no-weight-iou-entropies/20200111_USVpairs_court1_M1_F1_top-01112020145828-0000@0-2560_frame_meta_entropy_histogram.csv,Mice-hc,20200111_USVpairs_court1,Mice
294.0,0.0073648775513921,Correctly Tracked,/root/vast/mustafa/dreem-experiments/paper-plots/uncertainty-animals/no-post-processing-no-weight-iou-entropies/20200111_USVpairs_court1_M1_F1_top-01112020145828-0000@0-2560_frame_meta_entropy_histogram.csv,Mice-hc,20200111_USVpairs_court1,Mice
295.0,0.0072781492534294,Correctly Tracked,/root/vast/mustafa/dreem-experiments/paper-plots/uncertainty-animals/no-post-processing-no-weight-iou-entropies/20200111_USVpairs_court1_M1_F1_top-01112020145828-0000@0-2560_frame_meta_entropy_histogram.csv,Mice-hc,20200111_USVpairs_court1,Mice
296.0,0.0070982983962897,Correctly Tracked,/root/vast/mustafa/dreem-experiments/paper-plots/uncertainty-animals/no-post-processing-no-weight-iou-entropies/20200111_USVpairs_court1_M1_F1_top-01112020145828-0000@0-2560_frame_meta_entropy_histogram.csv,Mice-hc,20200111_USVpairs_court1,Mice
297.0,0.0057996909899861,Correctly Tracked,/root/vast/mustafa/dreem-experiments/paper-plots/uncertainty-animals/no-post-processing-no-weight-iou-entropies/20200111_USVpairs_court1_M1_F1_top-01112020145828-0000@0-2560_frame_meta_entropy_histogram.csv,Mice-hc,20200111_USVpairs_court1,Mice
298.0,0.0049295115134878,Correctly Tracked,/root/vast/mustafa/dreem-experiments/paper-plots/uncertainty-animals/no-post-processing-no-weight-iou-entropies/20200111_USVpairs_court1_M1_F1_top-01112020145828-0000@0-2560_frame_meta_entropy_histogram.csv,Mice-hc,20200111_USVpairs_court1,Mice
299.0,0.0044482224317952,Correctly Tracked,/root/vast/mustafa/dreem-experiments/paper-plots/uncertainty-animals/no-post-processing-no-weight-iou-entropies/20200111_USVpairs_court1_M1_F1_top-01112020145828-0000@0-2560_frame_meta_entropy_histogram.csv,Mice-hc,20200111_USVpairs_court1,Mice
3.0,0.57883702051208,Correctly Tracked,/root/vast/mustafa/dreem-experiments/paper-plots/uncertainty-animals/no-post-processing-no-weight-iou-entropies/20200111_USVpairs_court1_M1_F1_top-01112020145828-0000@0-2560_frame_meta_entropy_histogram.csv,Mice-hc,20200111_USVpairs_court1,Mice
30.0,0.0059426226808049,Correctly Tracked,/root/vast/mustafa/dreem-experiments/paper-plots/uncertainty-animals/no-post-processing-no-weight-iou-entropies/20200111_USVpairs_court1_M1_F1_top-01112020145828-0000@0-2560_frame_meta_entropy_histogram.csv,Mice-hc,20200111_USVpairs_court1,Mice
300.0,0.0044827338410041,Correctly Tracked,/root/vast/mustafa/dreem-experiments/paper-plots/uncertainty-animals/no-post-processing-no-weight-iou-entropies/20200111_USVpairs_court1_M1_F1_top-01112020145828-0000@0-2560_frame_meta_entropy_histogram.csv,Mice-hc,20200111_USVpairs_court1,Mice
301.0,0.0071585991414412,Correctly Tracked,/root/vast/mustafa/dreem-experiments/paper-plots/uncertainty-animals/no-post-processing-no-weight-iou-entropies/20200111_USVpairs_court1_M1_F1_top-01112020145828-0000@0-2560_frame_meta_entropy_histogram.csv,Mice-hc,20200111_USVpairs_court1,Mice
302.0,0.0058160300136253,Correctly Tracked,/root/vast/mustafa/dreem-experiments/paper-plots/uncertainty-animals/no-post-processing-no-weight-iou-entropies/20200111_USVpairs_court1_M1_F1_top-01112020145828-0000@0-2560_frame_meta_entropy_histogram.csv,Mice-hc,20200111_USVpairs_court1,Mice
303.0,0.0050560951112698,Correctly Tracked,/root/vast/mustafa/dreem-experiments/paper-plots/uncertainty-animals/no-post-processing-no-weight-iou-entropies/20200111_USVpairs_court1_M1_F1_top-01112020145828-0000@0-2560_frame_meta_entropy_histogram.csv,Mice-hc,20200111_USVpairs_court1,Mice
304.0,0.0047567267247925,Correctly Tracked,/root/vast/mustafa/dreem-experiments/paper-plots/uncertainty-animals/no-post-processing-no-weight-iou-entropies/20200111_USVpairs_court1_M1_F1_top-01112020145828-0000@0-2560_frame_meta_entropy_histogram.csv,Mice-hc,20200111_USVpairs_court1,Mice
305.0,0.0044829306805225,Correctly Tracked,/root/vast/mustafa/dreem-experiments/paper-plots/uncertainty-animals/no-post-processing-no-weight-iou-entropies/20200111_USVpairs_court1_M1_F1_top-01112020145828-0000@0-2560_frame_meta_entropy_histogram.csv,Mice-hc,20200111_USVpairs_court1,Mice
306.0,0.0044363791421388,Correctly Tracked,/root/vast/mustafa/dreem-experiments/paper-plots/uncertainty-animals/no-post-processing-no-weight-iou-entropies/20200111_USVpairs_court1_M1_F1_top-01112020145828-0000@0-2560_frame_meta_entropy_histogram.csv,Mice-hc,20200111_USVpairs_court1,Mice
307.0,0.0044121836688491,Correctly Tracked,/root/vast/mustafa/dreem-experiments/paper-plots/uncertainty-animals/no-post-processing-no-weight-iou-entropies/20200111_USVpairs_court1_M1_F1_top-01112020145828-0000@0-2560_frame_meta_entropy_histogram.csv,Mice-hc,20200111_USVpairs_court1,Mice
308.0,0.0044041169435357,Correctly Tracked,/root/vast/mustafa/dreem-experiments/paper-plots/uncertainty-animals/no-post-processing-no-weight-iou-entropies/20200111_USVpairs_court1_M1_F1_top-01112020145828-0000@0-2560_frame_meta_entropy_histogram.csv,Mice-hc,20200111_USVpairs_court1,Mice
309.0,0.0044091044404107,Correctly Tracked,/root/vast/mustafa/dreem-experiments/paper-plots/uncertainty-animals/no-post-processing-no-weight-iou-entropies/20200111_USVpairs_court1_M1_F1_top-01112020145828-0000@0-2560_frame_meta_entropy_histogram.csv,Mice-hc,20200111_USVpairs_court1,Mice
31.0,0.0054588778077833,Correctly Tracked,/root/vast/mustafa/dreem-experiments/paper-plots/uncertainty-animals/no-post-processing-no-weight-iou-entropies/20200111_USVpairs_court1_M1_F1_top-01112020145828-0000@0-2560_frame_meta_entropy_histogram.csv,Mice-hc,20200111_USVpairs_court1,Mice
310.0,0.0044171963584953,Correctly Tracked,/root/vast/mustafa/dreem-experiments/paper-plots/uncertainty-animals/no-post-processing-no-weight-iou-entropies/20200111_USVpairs_court1_M1_F1_top-01112020145828-0000@0-2560_frame_meta_entropy_histogram.csv,Mice-hc,20200111_USVpairs_court1,Mice
311.0,0.0044217606168154,Correctly Tracked,/root/vast/mustafa/dreem-experiments/paper-plots/uncertainty-animals/no-post-processing-no-weight-iou-entropies/20200111_USVpairs_court1_M1_F1_top-01112020145828-0000@0-2560_frame_meta_entropy_histogram.csv,Mice-hc,20200111_USVpairs_court1,Mice
312.0,0.0044141799440329,Correctly Tracked,/root/vast/mustafa/dreem-experiments/paper-plots/uncertainty-animals/no-post-processing-no-weight-iou-entropies/20200111_USVpairs_court1_M1_F1_top-01112020145828-0000@0-2560_frame_meta_entropy_histogram.csv,Mice-hc,20200111_USVpairs_court1,Mice
313.0,0.0044122720114999,Correctly Tracked,/root/vast/mustafa/dreem-experiments/paper-plots/uncertainty-animals/no-post-processing-no-weight-iou-entropies/20200111_USVpairs_court1_M1_F1_top-01112020145828-0000@0-2560_frame_meta_entropy_histogram.csv,Mice-hc,20200111_USVpairs_court1,Mice
314.0,0.0044132545295736,Correctly Tracked,/root/vast/mustafa/dreem-experiments/paper-plots/uncertainty-animals/no-post-processing-no-weight-iou-entropies/20200111_USVpairs_court1_M1_F1_top-01112020145828-0000@0-2560_frame_meta_entropy_histogram.csv,Mice-hc,20200111_USVpairs_court1,Mice
315.0,0.0044063977290813,Correctly Tracked,/root/vast/mustafa/dreem-experiments/paper-plots/uncertainty-animals/no-post-processing-no-weight-iou-entropies/20200111_USVpairs_court1_M1_F1_top-01112020145828-0000@0-2560_frame_meta_entropy_histogram.csv,Mice-hc,20200111_USVpairs_court1,Mice
316.0,0.0044047276163077,Correctly Tracked,/root/vast/mustafa/dreem-experiments/paper-plots/uncertainty-animals/no-post-processing-no-weight-iou-entropies/20200111_USVpairs_court1_M1_F1_top-01112020145828-0000@0-2560_frame_meta_entropy_histogram.csv,Mice-hc,20200111_USVpairs_court1,Mice
317.0,0.0044036050264265,Correctly Tracked,/root/vast/mustafa/dreem-experiments/paper-plots/uncertainty-animals/no-post-processing-no-weight-iou-entropies/20200111_USVpairs_court1_M1_F1_top-01112020145828-0000@0-2560_frame_meta_entropy_histogram.csv,Mice-hc,20200111_USVpairs_court1,Mice
318.0,0.0043952655473777,Correctly Tracked,/root/vast/mustafa/dreem-experiments/paper-plots/uncertainty-animals/no-post-processing-no-weight-iou-entropies/20200111_USVpairs_court1_M1_F1_top-01112020145828-0000@0-2560_frame_meta_entropy_histogram.csv,Mice-hc,20200111_USVpairs_court1,Mice
319.0,0.0043881477497766,Correctly Tracked,/root/vast/mustafa/dreem-experiments/paper-plots/uncertainty-animals/no-post-processing-no-weight-iou-entropies/20200111_USVpairs_court1_M1_F1_top-01112020145828-0000@0-2560_frame_meta_entropy_histogram.csv,Mice-hc,20200111_USVpairs_court1,Mice
32.0,0.0059378474750145,Correctly Tracked,/root/vast/mustafa/dreem-experiments/paper-plots/uncertainty-animals/no-post-processing-no-weight-iou-entropies/20200111_USVpairs_court1_M1_F1_top-01112020145828-0000@0-2560_frame_meta_entropy_histogram.csv,Mice-hc,20200111_USVpairs_court1,Mice
320.0,0.0043824572066354,Correctly Tracked,/root/vast/mustafa/dreem-experiments/paper-plots/uncertainty-animals/no-post-processing-no-weight-iou-entropies/20200111_USVpairs_court1_M1_F1_top-01112020145828-0000@0-2560_frame_meta_entropy_histogram.csv,Mice-hc,20200111_USVpairs_court1,Mice
321.0,0.0043793668933777,Correctly Tracked,/root/vast/mustafa/dreem-experiments/paper-plots/uncertainty-animals/no-post-processing-no-weight-iou-entropies/20200111_USVpairs_court1_M1_F1_top-01112020145828-0000@0-2560_frame_meta_entropy_histogram.csv,Mice-hc,20200111_USVpairs_court1,Mice
322.0,0.0043739104750562,Correctly Tracked,/root/vast/mustafa/dreem-experiments/paper-plots/uncertainty-animals/no-post-processing-no-weight-iou-entropies/20200111_USVpairs_court1_M1_F1_top-01112020145828-0000@0-2560_frame_meta_entropy_histogram.csv,Mice-hc,20200111_USVpairs_court1,Mice
323.0,0.0043700841969781,Correctly Tracked,/root/vast/mustafa/dreem-experiments/paper-plots/uncertainty-animals/no-post-processing-no-weight-iou-entropies/20200111_USVpairs_court1_M1_F1_top-01112020145828-0000@0-2560_frame_meta_entropy_histogram.csv,Mice-hc,20200111_USVpairs_court1,Mice
324.0,0.0043708604702323,Correctly Tracked,/root/vast/mustafa/dreem-experiments/paper-plots/uncertainty-animals/no-post-processing-no-weight-iou-entropies/20200111_USVpairs_court1_M1_F1_top-01112020145828-0000@0-2560_frame_meta_entropy_histogram.csv,Mice-hc,20200111_USVpairs_court1,Mice
325.0,0.0043667765540816,Correctly Tracked,/root/vast/mustafa/dreem-experiments/paper-plots/uncertainty-animals/no-post-processing-no-weight-iou-entropies/20200111_USVpairs_court1_M1_F1_top-01112020145828-0000@0-2560_frame_meta_entropy_histogram.csv,Mice-hc,20200111_USVpairs_court1,Mice
326.0,0.0043646751410663,Correctly Tracked,/root/vast/mustafa/dreem-experiments/paper-plots/uncertainty-animals/no-post-processing-no-weight-iou-entropies/20200111_USVpairs_court1_M1_F1_top-01112020145828-0000@0-2560_frame_meta_entropy_histogram.csv,Mice-hc,20200111_USVpairs_court1,Mice
327.0,0.0043627346258827,Correctly Tracked,/root/vast/mustafa/dreem-experiments/paper-plots/uncertainty-animals/no-post-processing-no-weight-iou-entropies/20200111_USVpairs_court1_M1_F1_top-01112020145828-0000@0-2560_frame_meta_entropy_histogram.csv,Mice-hc,20200111_USVpairs_court1,Mice
328.0,0.0043625300605812,Correctly Tracked,/root/vast/mustafa/dreem-experiments/paper-plots/uncertainty-animals/no-post-processing-no-weight-iou-entropies/20200111_USVpairs_court1_M1_F1_top-01112020145828-0000@0-2560_frame_meta_entropy_histogram.csv,Mice-hc,20200111_USVpairs_court1,Mice
329.0,0.0043623641241954,Correctly Tracked,/root/vast/mustafa/dreem-experiments/paper-plots/uncertainty-animals/no-post-processing-no-weight-iou-entropies/20200111_USVpairs_court1_M1_F1_top-01112020145828-0000@0-2560_frame_meta_entropy_histogram.csv,Mice-hc,20200111_USVpairs_court1,Mice
33.0,0.0058037258642091,Correctly Tracked,/root/vast/mustafa/dreem-experiments/paper-plots/uncertainty-animals/no-post-processing-no-weight-iou-entropies/20200111_USVpairs_court1_M1_F1_top-01112020145828-0000@0-2560_frame_meta_entropy_histogram.csv,Mice-hc,20200111_USVpairs_court1,Mice
330.0,0.0043623127309423,Correctly Tracked,/root/vast/mustafa/dreem-experiments/paper-plots/uncertainty-animals/no-post-processing-no-weight-iou-entropies/20200111_USVpairs_court1_M1_F1_top-01112020145828-0000@0-2560_frame_meta_entropy_histogram.csv,Mice-hc,20200111_USVpairs_court1,Mice
331.0,0.0043622586504603,Correctly Tracked,/root/vast/mustafa/dreem-experiments/paper-plots/uncertainty-animals/no-post-processing-no-weight-iou-entropies/20200111_USVpairs_court1_M1_F1_top-01112020145828-0000@0-2560_frame_meta_entropy_histogram.csv,Mice-hc,20200111_USVpairs_court1,Mice
332.0,0.0043618797511826,Correctly Tracked,/root/vast/mustafa/dreem-experiments/paper-plots/uncertainty-animals/no-post-processing-no-weight-iou-entropies/20200111_USVpairs_court1_M1_F1_top-01112020145828-0000@0-2560_frame_meta_entropy_histogram.csv,Mice-hc,20200111_USVpairs_court1,Mice
333.0,0.0043614464355193,Correctly Tracked,/root/vast/mustafa/dreem-experiments/paper-plots/uncertainty-animals/no-post-processing-no-weight-iou-entropies/20200111_USVpairs_court1_M1_F1_top-01112020145828-0000@0-2560_frame_meta_entropy_histogram.csv,Mice-hc,20200111_USVpairs_court1,Mice
334.0,0.004361030586844,Correctly Tracked,/root/vast/mustafa/dreem-experiments/paper-plots/uncertainty-animals/no-post-processing-no-weight-iou-entropies/20200111_USVpairs_court1_M1_F1_top-01112020145828-0000@0-2560_frame_meta_entropy_histogram.csv,Mice-hc,20200111_USVpairs_court1,Mice
335.0,0.0043598451829867,Correctly Tracked,/root/vast/mustafa/dreem-experiments/paper-plots/uncertainty-animals/no-post-processing-no-weight-iou-entropies/20200111_USVpairs_court1_M1_F1_top-01112020145828-0000@0-2560_frame_meta_entropy_histogram.csv,Mice-hc,20200111_USVpairs_court1,Mice
336.0,0.0043585999882861,Correctly Tracked,/root/vast/mustafa/dreem-experiments/paper-plots/uncertainty-animals/no-post-processing-no-weight-iou-entropies/20200111_USVpairs_court1_M1_F1_top-01112020145828-0000@0-2560_frame_meta_entropy_histogram.csv,Mice-hc,20200111_USVpairs_court1,Mice
337.0,0.0043575166991278,Correctly Tracked,/root/vast/mustafa/dreem-experiments/paper-plots/uncertainty-animals/no-post-processing-no-weight-iou-entropies/20200111_USVpairs_court1_M1_F1_top-01112020145828-0000@0-2560_frame_meta_entropy_histogram.csv,Mice-hc,20200111_USVpairs_court1,Mice
338.0,0.0043565247757528,Correctly Tracked,/root/vast/mustafa/dreem-experiments/paper-plots/uncertainty-animals/no-post-processing-no-weight-iou-entropies/20200111_USVpairs_court1_M1_F1_top-01112020145828-0000@0-2560_frame_meta_entropy_histogram.csv,Mice-hc,20200111_USVpairs_court1,Mice
339.0,0.0043557689926191,Correctly Tracked,/root/vast/mustafa/dreem-experiments/paper-plots/uncertainty-animals/no-post-processing-no-weight-iou-entropies/20200111_USVpairs_court1_M1_F1_top-01112020145828-0000@0-2560_frame_meta_entropy_histogram.csv,Mice-hc,20200111_USVpairs_court1,Mice
34.0,0.0060678549383439,Correctly Tracked,/root/vast/mustafa/dreem-experiments/paper-plots/uncertainty-animals/no-post-processing-no-weight-iou-entropies/20200111_USVpairs_court1_M1_F1_top-01112020145828-0000@0-2560_frame_meta_entropy_histogram.csv,Mice-hc,20200111_USVpairs_court1,Mice
340.0,0.0043557800774384,Correctly Tracked,/root/vast/mustafa/dreem-experiments/paper-plots/uncertainty-animals/no-post-processing-no-weight-iou-entropies/20200111_USVpairs_court1_M1_F1_top-01112020145828-0000@0-2560_frame_meta_entropy_histogram.csv,Mice-hc,20200111_USVpairs_court1,Mice
341.0,0.0043557192788841,Correctly Tracked,/root/vast/mustafa/dreem-experiments/paper-plots/uncertainty-animals/no-post-processing-no-weight-iou-entropies/20200111_USVpairs_court1_M1_F1_top-01112020145828-0000@0-2560_frame_meta_entropy_histogram.csv,Mice-hc,20200111_USVpairs_court1,Mice
342.0,0.0043555170649079,Correctly Tracked,/root/vast/mustafa/dreem-experiments/paper-plots/uncertainty-animals/no-post-processing-no-weight-iou-entropies/20200111_USVpairs_court1_M1_F1_top-01112020145828-0000@0-2560_frame_meta_entropy_histogram.csv,Mice-hc,20200111_USVpairs_court1,Mice
343.0,0.0043552241569556,Correctly Tracked,/root/vast/mustafa/dreem-experiments/paper-plots/uncertainty-animals/no-post-processing-no-weight-iou-entropies/20200111_USVpairs_court1_M1_F1_top-01112020145828-0000@0-2560_frame_meta_entropy_histogram.csv,Mice-hc,20200111_USVpairs_court1,Mice
344.0,0.0043548210726177,Correctly Tracked,/root/vast/mustafa/dreem-experiments/paper-plots/uncertainty-animals/no-post-processing-no-weight-iou-entropies/20200111_USVpairs_court1_M1_F1_top-01112020145828-0000@0-2560_frame_meta_entropy_histogram.csv,Mice-hc,20200111_USVpairs_court1,Mice
345.0,0.0043545227902076,Correctly Tracked,/root/vast/mustafa/dreem-experiments/paper-plots/uncertainty-animals/no-post-processing-no-weight-iou-entropies/20200111_USVpairs_court1_M1_F1_top-01112020145828-0000@0-2560_frame_meta_entropy_histogram.csv,Mice-hc,20200111_USVpairs_court1,Mice
346.0,0.0043545264851474,Correctly Tracked,/root/vast/mustafa/dreem-experiments/paper-plots/uncertainty-animals/no-post-processing-no-weight-iou-entropies/20200111_USVpairs_court1_M1_F1_top-01112020145828-0000@0-2560_frame_meta_entropy_histogram.csv,Mice-hc,20200111_USVpairs_court1,Mice
347.0,0.0043546820085211,Correctly Tracked,/root/vast/mustafa/dreem-experiments/paper-plots/uncertainty-animals/no-post-processing-no-weight-iou-entropies/20200111_USVpairs_court1_M1_F1_top-01112020145828-0000@0-2560_frame_meta_entropy_histogram.csv,Mice-hc,20200111_USVpairs_court1,Mice
348.0,0.0043548486167141,Correctly Tracked,/root/vast/mustafa/dreem-experiments/paper-plots/uncertainty-animals/no-post-processing-no-weight-iou-entropies/20200111_USVpairs_court1_M1_F1_top-01112020145828-0000@0-2560_frame_meta_entropy_histogram.csv,Mice-hc,20200111_USVpairs_court1,Mice
349.0,0.0043552570755099,Correctly Tracked,/root/vast/mustafa/dreem-experiments/paper-plots/uncertainty-animals/no-post-processing-no-weight-iou-entropies/20200111_USVpairs_court1_M1_F1_top-01112020145828-0000@0-2560_frame_meta_entropy_histogram.csv,Mice-hc,20200111_USVpairs_court1,Mice
35.0,0.0057836744338173,Correctly Tracked,/root/vast/mustafa/dreem-experiments/paper-plots/uncertainty-animals/no-post-processing-no-weight-iou-entropies/20200111_USVpairs_court1_M1_F1_top-01112020145828-0000@0-2560_frame_meta_entropy_histogram.csv,Mice-hc,20200111_USVpairs_court1,Mice
350.0,0.0043556104461129,Correctly Tracked,/root/vast/mustafa/dreem-experiments/paper-plots/uncertainty-animals/no-post-processing-no-weight-iou-entropies/20200111_USVpairs_court1_M1_F1_top-01112020145828-0000@0-2560_frame_meta_entropy_histogram.csv,Mice-hc,20200111_USVpairs_court1,Mice
351.0,0.0043599929805773,Correctly Tracked,/root/vast/mustafa/dreem-experiments/paper-plots/uncertainty-animals/no-post-processing-no-weight-iou-entropies/20200111_USVpairs_court1_M1_F1_top-01112020145828-0000@0-2560_frame_meta_entropy_histogram.csv,Mice-hc,20200111_USVpairs_court1,Mice
352.0,0.0043605485651565,Correctly Tracked,/root/vast/mustafa/dreem-experiments/paper-plots/uncertainty-animals/no-post-processing-no-weight-iou-entropies/20200111_USVpairs_court1_M1_F1_top-01112020145828-0000@0-2560_frame_meta_entropy_histogram.csv,Mice-hc,20200111_USVpairs_court1,Mice
353.0,0.004362624449497,Correctly Tracked,/root/vast/mustafa/dreem-experiments/paper-plots/uncertainty-animals/no-post-processing-no-weight-iou-entropies/20200111_USVpairs_court1_M1_F1_top-01112020145828-0000@0-2560_frame_meta_entropy_histogram.csv,Mice-hc,20200111_USVpairs_court1,Mice
354.0,0.0043641484441981,Correctly Tracked,/root/vast/mustafa/dreem-experiments/paper-plots/uncertainty-animals/no-post-processing-no-weight-iou-entropies/20200111_USVpairs_court1_M1_F1_top-01112020145828-0000@0-2560_frame_meta_entropy_histogram.csv,Mice-hc,20200111_USVpairs_court1,Mice
355.0,0.0043648602239582,Correctly Tracked,/root/vast/mustafa/dreem-experiments/paper-plots/uncertainty-animals/no-post-processing-no-weight-iou-entropies/20200111_USVpairs_court1_M1_F1_top-01112020145828-0000@0-2560_frame_meta_entropy_histogram.csv,Mice-hc,20200111_USVpairs_court1,Mice
356.0,0.0043659898678153,Correctly Tracked,/root/vast/mustafa/dreem-experiments/paper-plots/uncertainty-animals/no-post-processing-no-weight-iou-entropies/20200111_USVpairs_court1_M1_F1_top-01112020145828-0000@0-2560_frame_meta_entropy_histogram.csv,Mice-hc,20200111_USVpairs_court1,Mice
357.0,0.0043605720784095,Correctly Tracked,/root/vast/mustafa/dreem-experiments/paper-plots/uncertainty-animals/no-post-processing-no-weight-iou-entropies/20200111_USVpairs_court1_M1_F1_top-01112020145828-0000@0-2560_frame_meta_entropy_histogram.csv,Mice-hc,20200111_USVpairs_court1,Mice
358.0,0.0043600107834689,Correctly Tracked,/root/vast/mustafa/dreem-experiments/paper-plots/uncertainty-animals/no-post-processing-no-weight-iou-entropies/20200111_USVpairs_court1_M1_F1_top-01112020145828-0000@0-2560_frame_meta_entropy_histogram.csv,Mice-hc,20200111_USVpairs_court1,Mice
359.0,0.0043591011564796,Correctly Tracked,/root/vast/mustafa/dreem-experiments/paper-plots/uncertainty-animals/no-post-processing-no-weight-iou-entropies/20200111_USVpairs_court1_M1_F1_top-01112020145828-0000@0-2560_frame_meta_entropy_histogram.csv,Mice-hc,20200111_USVpairs_court1,Mice
36.0,0.0062480678995806,Correctly Tracked,/root/vast/mustafa/dreem-experiments/paper-plots/uncertainty-animals/no-post-processing-no-weight-iou-entropies/20200111_USVpairs_court1_M1_F1_top-01112020145828-0000@0-2560_frame_meta_entropy_histogram.csv,Mice-hc,20200111_USVpairs_court1,Mice
360.0,0.0043583198446712,Correctly Tracked,/root/vast/mustafa/dreem-experiments/paper-plots/uncertainty-animals/no-post-processing-no-weight-iou-entropies/20200111_USVpairs_court1_M1_F1_top-01112020145828-0000@0-2560_frame_meta_entropy_histogram.csv,Mice-hc,20200111_USVpairs_court1,Mice
361.0,0.004358548595033,Correctly Tracked,/root/vast/mustafa/dreem-experiments/paper-plots/uncertainty-animals/no-post-processing-no-weight-iou-entropies/20200111_USVpairs_court1_M1_F1_top-01112020145828-0000@0-2560_frame_meta_entropy_histogram.csv,Mice-hc,20200111_USVpairs_court1,Mice
362.0,0.004357279215272,Correctly Tracked,/root/vast/mustafa/dreem-experiments/paper-plots/uncertainty-animals/no-post-processing-no-weight-iou-entropies/20200111_USVpairs_court1_M1_F1_top-01112020145828-0000@0-2560_frame_meta_entropy_histogram.csv,Mice-hc,20200111_USVpairs_court1,Mice
363.0,0.0043575512972001,Correctly Tracked,/root/vast/mustafa/dreem-experiments/paper-plots/uncertainty-animals/no-post-processing-no-weight-iou-entropies/20200111_USVpairs_court1_M1_F1_top-01112020145828-0000@0-2560_frame_meta_entropy_histogram.csv,Mice-hc,20200111_USVpairs_court1,Mice
364.0,0.0043573443805733,Correctly Tracked,/root/vast/mustafa/dreem-experiments/paper-plots/uncertainty-animals/no-post-processing-no-weight-iou-entropies/20200111_USVpairs_court1_M1_F1_top-01112020145828-0000@0-2560_frame_meta_entropy_histogram.csv,Mice-hc,20200111_USVpairs_court1,Mice
365.0,0.004357651732381,Correctly Tracked,/root/vast/mustafa/dreem-experiments/paper-plots/uncertainty-animals/no-post-processing-no-weight-iou-entropies/20200111_USVpairs_court1_M1_F1_top-01112020145828-0000@0-2560_frame_meta_entropy_histogram.csv,Mice-hc,20200111_USVpairs_court1,Mice
366.0,0.0043583151420206,Correctly Tracked,/root/vast/mustafa/dreem-experiments/paper-plots/uncertainty-animals/no-post-processing-no-weight-iou-entropies/20200111_USVpairs_court1_M1_F1_top-01112020145828-0000@0-2560_frame_meta_entropy_histogram.csv,Mice-hc,20200111_USVpairs_court1,Mice
367.0,0.0043594135468415,Correctly Tracked,/root/vast/mustafa/dreem-experiments/paper-plots/uncertainty-animals/no-post-processing-no-weight-iou-entropies/20200111_USVpairs_court1_M1_F1_top-01112020145828-0000@0-2560_frame_meta_entropy_histogram.csv,Mice-hc,20200111_USVpairs_court1,Mice
368.0,0.0043598401444325,Correctly Tracked,/root/vast/mustafa/dreem-experiments/paper-plots/uncertainty-animals/no-post-processing-no-weight-iou-entropies/20200111_USVpairs_court1_M1_F1_top-01112020145828-0000@0-2560_frame_meta_entropy_histogram.csv,Mice-hc,20200111_USVpairs_court1,Mice
369.0,0.0043606866215422,Correctly Tracked,/root/vast/mustafa/dreem-experiments/paper-plots/uncertainty-animals/no-post-processing-no-weight-iou-entropies/20200111_USVpairs_court1_M1_F1_top-01112020145828-0000@0-2560_frame_meta_entropy_histogram.csv,Mice-hc,20200111_USVpairs_court1,Mice
37.0,0.0056557448702501,Correctly Tracked,/root/vast/mustafa/dreem-experiments/paper-plots/uncertainty-animals/no-post-processing-no-weight-iou-entropies/20200111_USVpairs_court1_M1_F1_top-01112020145828-0000@0-2560_frame_meta_entropy_histogram.csv,Mice-hc,20200111_USVpairs_court1,Mice
370.0,0.0043590151651542,Correctly Tracked,/root/vast/mustafa/dreem-experiments/paper-plots/uncertainty-animals/no-post-processing-no-weight-iou-entropies/20200111_USVpairs_court1_M1_F1_top-01112020145828-0000@0-2560_frame_meta_entropy_histogram.csv,Mice-hc,20200111_USVpairs_court1,Mice
371.0,0.0043582862543097,Correctly Tracked,/root/vast/mustafa/dreem-experiments/paper-plots/uncertainty-animals/no-post-processing-no-weight-iou-entropies/20200111_USVpairs_court1_M1_F1_top-01112020145828-0000@0-2560_frame_meta_entropy_histogram.csv,Mice-hc,20200111_USVpairs_court1,Mice
372.0,0.0043577944914174,Correctly Tracked,/root/vast/mustafa/dreem-experiments/paper-plots/uncertainty-animals/no-post-processing-no-weight-iou-entropies/20200111_USVpairs_court1_M1_F1_top-01112020145828-0000@0-2560_frame_meta_entropy_histogram.csv,Mice-hc,20200111_USVpairs_court1,Mice
373.0,0.0043569852996089,Correctly Tracked,/root/vast/mustafa/dreem-experiments/paper-plots/uncertainty-animals/no-post-processing-no-weight-iou-entropies/20200111_USVpairs_court1_M1_F1_top-01112020145828-0000@0-2560_frame_meta_entropy_histogram.csv,Mice-hc,20200111_USVpairs_court1,Mice
374.0,0.0043561532663546,Correctly Tracked,/root/vast/mustafa/dreem-experiments/paper-plots/uncertainty-animals/no-post-processing-no-weight-iou-entropies/20200111_USVpairs_court1_M1_F1_top-01112020145828-0000@0-2560_frame_meta_entropy_histogram.csv,Mice-hc,20200111_USVpairs_court1,Mice
375.0,0.0043561740923788,Correctly Tracked,/root/vast/mustafa/dreem-experiments/paper-plots/uncertainty-animals/no-post-processing-no-weight-iou-entropies/20200111_USVpairs_court1_M1_F1_top-01112020145828-0000@0-2560_frame_meta_entropy_histogram.csv,Mice-hc,20200111_USVpairs_court1,Mice
376.0,0.0043556877039443,Correctly Tracked,/root/vast/mustafa/dreem-experiments/paper-plots/uncertainty-animals/no-post-processing-no-weight-iou-entropies/20200111_USVpairs_court1_M1_F1_top-01112020145828-0000@0-2560_frame_meta_entropy_histogram.csv,Mice-hc,20200111_USVpairs_court1,Mice
377.0,0.0043553937882812,Correctly Tracked,/root/vast/mustafa/dreem-experiments/paper-plots/uncertainty-animals/no-post-processing-no-weight-iou-entropies/20200111_USVpairs_court1_M1_F1_top-01112020145828-0000@0-2560_frame_meta_entropy_histogram.csv,Mice-hc,20200111_USVpairs_court1,Mice
378.0,0.0043550300046662,Correctly Tracked,/root/vast/mustafa/dreem-experiments/paper-plots/uncertainty-animals/no-post-processing-no-weight-iou-entropies/20200111_USVpairs_court1_M1_F1_top-01112020145828-0000@0-2560_frame_meta_entropy_histogram.csv,Mice-hc,20200111_USVpairs_court1,Mice
379.0,0.0043548482808105,Correctly Tracked,/root/vast/mustafa/dreem-experiments/paper-plots/uncertainty-animals/no-post-processing-no-weight-iou-entropies/20200111_USVpairs_court1_M1_F1_top-01112020145828-0000@0-2560_frame_meta_entropy_histogram.csv,Mice-hc,20200111_USVpairs_court1,Mice
38.0,0.005763513498847,Correctly Tracked,/root/vast/mustafa/dreem-experiments/paper-plots/uncertainty-animals/no-post-processing-no-weight-iou-entropies/20200111_USVpairs_court1_M1_F1_top-01112020145828-0000@0-2560_frame_meta_entropy_histogram.csv,Mice-hc,20200111_USVpairs_court1,Mice
380.0,0.0043546927574368,Correctly Tracked,/root/vast/mustafa/dreem-experiments/paper-plots/uncertainty-animals/no-post-processing-no-weight-iou-entropies/20200111_USVpairs_court1_M1_F1_top-01112020145828-0000@0-2560_frame_meta_entropy_histogram.csv,Mice-hc,20200111_USVpairs_court1,Mice
381.0,0.0043545600755089,Correctly Tracked,/root/vast/mustafa/dreem-experiments/paper-plots/uncertainty-animals/no-post-processing-no-weight-iou-entropies/20200111_USVpairs_court1_M1_F1_top-01112020145828-0000@0-2560_frame_meta_entropy_histogram.csv,Mice-hc,20200111_USVpairs_court1,Mice
382.0,0.0043545382417739,Correctly Tracked,/root/vast/mustafa/dreem-experiments/paper-plots/uncertainty-animals/no-post-processing-no-weight-iou-entropies/20200111_USVpairs_court1_M1_F1_top-01112020145828-0000@0-2560_frame_meta_entropy_histogram.csv,Mice-hc,20200111_USVpairs_court1,Mice
383.0,0.0043545281646654,Correctly Tracked,/root/vast/mustafa/dreem-experiments/paper-plots/uncertainty-animals/no-post-processing-no-weight-iou-entropies/20200111_USVpairs_court1_M1_F1_top-01112020145828-0000@0-2560_frame_meta_entropy_histogram.csv,Mice-hc,20200111_USVpairs_court1,Mice
384.0,0.0043546406923764,Correctly Tracked,/root/vast/mustafa/dreem-experiments/paper-plots/uncertainty-animals/no-post-processing-no-weight-iou-entropies/20200111_USVpairs_court1_M1_F1_top-01112020145828-0000@0-2560_frame_meta_entropy_histogram.csv,Mice-hc,20200111_USVpairs_court1,Mice
385.0,0.0043552570755099,Correctly Tracked,/root/vast/mustafa/dreem-experiments/paper-plots/uncertainty-animals/no-post-processing-no-weight-iou-entropies/20200111_USVpairs_court1_M1_F1_top-01112020145828-0000@0-2560_frame_meta_entropy_histogram.csv,Mice-hc,20200111_USVpairs_court1,Mice
386.0,0.0043548042774369,Correctly Tracked,/root/vast/mustafa/dreem-experiments/paper-plots/uncertainty-animals/no-post-processing-no-weight-iou-entropies/20200111_USVpairs_court1_M1_F1_top-01112020145828-0000@0-2560_frame_meta_entropy_histogram.csv,Mice-hc,20200111_USVpairs_court1,Mice
387.0,0.0043548627246659,Correctly Tracked,/root/vast/mustafa/dreem-experiments/paper-plots/uncertainty-animals/no-post-processing-no-weight-iou-entropies/20200111_USVpairs_court1_M1_F1_top-01112020145828-0000@0-2560_frame_meta_entropy_histogram.csv,Mice-hc,20200111_USVpairs_court1,Mice
388.0,0.0043546433796054,Correctly Tracked,/root/vast/mustafa/dreem-experiments/paper-plots/uncertainty-animals/no-post-processing-no-weight-iou-entropies/20200111_USVpairs_court1_M1_F1_top-01112020145828-0000@0-2560_frame_meta_entropy_histogram.csv,Mice-hc,20200111_USVpairs_court1,Mice
389.0,0.0043624890803401,Correctly Tracked,/root/vast/mustafa/dreem-experiments/paper-plots/uncertainty-animals/no-post-processing-no-weight-iou-entropies/20200111_USVpairs_court1_M1_F1_top-01112020145828-0000@0-2560_frame_meta_entropy_histogram.csv,Mice-hc,20200111_USVpairs_court1,Mice
39.0,0.0050876982669803,Correctly Tracked,/root/vast/mustafa/dreem-experiments/paper-plots/uncertainty-animals/no-post-processing-no-weight-iou-entropies/20200111_USVpairs_court1_M1_F1_top-01112020145828-0000@0-2560_frame_meta_entropy_histogram.csv,Mice-hc,20200111_USVpairs_court1,Mice
390.0,0.0043622747738338,Correctly Tracked,/root/vast/mustafa/dreem-experiments/paper-plots/uncertainty-animals/no-post-processing-no-weight-iou-entropies/20200111_USVpairs_court1_M1_F1_top-01112020145828-0000@0-2560_frame_meta_entropy_histogram.csv,Mice-hc,20200111_USVpairs_court1,Mice
391.0,0.0043619536499779,Correctly Tracked,/root/vast/mustafa/dreem-experiments/paper-plots/uncertainty-animals/no-post-processing-no-weight-iou-entropies/20200111_USVpairs_court1_M1_F1_top-01112020145828-0000@0-2560_frame_meta_entropy_histogram.csv,Mice-hc,20200111_USVpairs_court1,Mice
392.0,0.004362067857207,Correctly Tracked,/root/vast/mustafa/dreem-experiments/paper-plots/uncertainty-animals/no-post-processing-no-weight-iou-entropies/20200111_USVpairs_court1_M1_F1_top-01112020145828-0000@0-2560_frame_meta_entropy_histogram.csv,Mice-hc,20200111_USVpairs_court1,Mice
393.0,0.0043603201506983,Correctly Tracked,/root/vast/mustafa/dreem-experiments/paper-plots/uncertainty-animals/no-post-processing-no-weight-iou-entropies/20200111_USVpairs_court1_M1_F1_top-01112020145828-0000@0-2560_frame_meta_entropy_histogram.csv,Mice-hc,20200111_USVpairs_court1,Mice
394.0,0.0043593174784076,Correctly Tracked,/root/vast/mustafa/dreem-experiments/paper-plots/uncertainty-animals/no-post-processing-no-weight-iou-entropies/20200111_USVpairs_court1_M1_F1_top-01112020145828-0000@0-2560_frame_meta_entropy_histogram.csv,Mice-hc,20200111_USVpairs_court1,Mice
395.0,0.0043576990947907,Correctly Tracked,/root/vast/mustafa/dreem-experiments/paper-plots/uncertainty-animals/no-post-processing-no-weight-iou-entropies/20200111_USVpairs_court1_M1_F1_top-01112020145828-0000@0-2560_frame_meta_entropy_histogram.csv,Mice-hc,20200111_USVpairs_court1,Mice
396.0,0.0043563292798489,Correctly Tracked,/root/vast/mustafa/dreem-experiments/paper-plots/uncertainty-animals/no-post-processing-no-weight-iou-entropies/20200111_USVpairs_court1_M1_F1_top-01112020145828-0000@0-2560_frame_meta_entropy_histogram.csv,Mice-hc,20200111_USVpairs_court1,Mice
397.0,0.0043558140037035,Correctly Tracked,/root/vast/mustafa/dreem-experiments/paper-plots/uncertainty-animals/no-post-processing-no-weight-iou-entropies/20200111_USVpairs_court1_M1_F1_top-01112020145828-0000@0-2560_frame_meta_entropy_histogram.csv,Mice-hc,20200111_USVpairs_court1,Mice
398.0,0.0043556494109322,Correctly Tracked,/root/vast/mustafa/dreem-experiments/paper-plots/uncertainty-animals/no-post-processing-no-weight-iou-entropies/20200111_USVpairs_court1_M1_F1_top-01112020145828-0000@0-2560_frame_meta_entropy_histogram.csv,Mice-hc,20200111_USVpairs_court1,Mice
399.0,0.0043555237829802,Correctly Tracked,/root/vast/mustafa/dreem-experiments/paper-plots/uncertainty-animals/no-post-processing-no-weight-iou-entropies/20200111_USVpairs_court1_M1_F1_top-01112020145828-0000@0-2560_frame_meta_entropy_histogram.csv,Mice-hc,20200111_USVpairs_court1,Mice
4.0,0.4035778421763585,Correctly Tracked,/root/vast/mustafa/dreem-experiments/paper-plots/uncertainty-animals/no-post-processing-no-weight-iou-entropies/20200111_USVpairs_court1_M1_F1_top-01112020145828-0000@0-2560_frame_meta_entropy_histogram.csv,Mice-hc,20200111_USVpairs_court1,Mice
40.0,0.0052624746282088,Correctly Tracked,/root/vast/mustafa/dreem-experiments/paper-plots/uncertainty-animals/no-post-processing-no-weight-iou-entropies/20200111_USVpairs_court1_M1_F1_top-01112020145828-0000@0-2560_frame_meta_entropy_histogram.csv,Mice-hc,20200111_USVpairs_court1,Mice
400.0,0.0043554606331006,Correctly Tracked,/root/vast/mustafa/dreem-experiments/paper-plots/uncertainty-animals/no-post-processing-no-weight-iou-entropies/20200111_USVpairs_court1_M1_F1_top-01112020145828-0000@0-2560_frame_meta_entropy_histogram.csv,Mice-hc,20200111_USVpairs_court1,Mice
401.0,0.0043553141791245,Correctly Tracked,/root/vast/mustafa/dreem-experiments/paper-plots/uncertainty-animals/no-post-processing-no-weight-iou-entropies/20200111_USVpairs_court1_M1_F1_top-01112020145828-0000@0-2560_frame_meta_entropy_histogram.csv,Mice-hc,20200111_USVpairs_court1,Mice
402.0,0.0043552124003291,Correctly Tracked,/root/vast/mustafa/dreem-experiments/paper-plots/uncertainty-animals/no-post-processing-no-weight-iou-entropies/20200111_USVpairs_court1_M1_F1_top-01112020145828-0000@0-2560_frame_meta_entropy_histogram.csv,Mice-hc,20200111_USVpairs_court1,Mice
403.0,0.0043551616788833,Correctly Tracked,/root/vast/mustafa/dreem-experiments/paper-plots/uncertainty-animals/no-post-processing-no-weight-iou-entropies/20200111_USVpairs_court1_M1_F1_top-01112020145828-0000@0-2560_frame_meta_entropy_histogram.csv,Mice-hc,20200111_USVpairs_court1,Mice
404.0,0.0043550881159916,Correctly Tracked,/root/vast/mustafa/dreem-experiments/paper-plots/uncertainty-animals/no-post-processing-no-weight-iou-entropies/20200111_USVpairs_court1_M1_F1_top-01112020145828-0000@0-2560_frame_meta_entropy_histogram.csv,Mice-hc,20200111_USVpairs_court1,Mice
405.0,0.0043550881159916,Correctly Tracked,/root/vast/mustafa/dreem-experiments/paper-plots/uncertainty-animals/no-post-processing-no-weight-iou-entropies/20200111_USVpairs_court1_M1_F1_top-01112020145828-0000@0-2560_frame_meta_entropy_histogram.csv,Mice-hc,20200111_USVpairs_court1,Mice
406.0,0.0043552076976785,Correctly Tracked,/root/vast/mustafa/dreem-experiments/paper-plots/uncertainty-animals/no-post-processing-no-weight-iou-entropies/20200111_USVpairs_court1_M1_F1_top-01112020145828-0000@0-2560_frame_meta_entropy_histogram.csv,Mice-hc,20200111_USVpairs_court1,Mice
407.0,0.004355596338161,Correctly Tracked,/root/vast/mustafa/dreem-experiments/paper-plots/uncertainty-animals/no-post-processing-no-weight-iou-entropies/20200111_USVpairs_court1_M1_F1_top-01112020145828-0000@0-2560_frame_meta_entropy_histogram.csv,Mice-hc,20200111_USVpairs_court1,Mice
408.0,0.0043558314706915,Correctly Tracked,/root/vast/mustafa/dreem-experiments/paper-plots/uncertainty-animals/no-post-processing-no-weight-iou-entropies/20200111_USVpairs_court1_M1_F1_top-01112020145828-0000@0-2560_frame_meta_entropy_histogram.csv,Mice-hc,20200111_USVpairs_court1,Mice
409.0,0.0043568244017773,Correctly Tracked,/root/vast/mustafa/dreem-experiments/paper-plots/uncertainty-animals/no-post-processing-no-weight-iou-entropies/20200111_USVpairs_court1_M1_F1_top-01112020145828-0000@0-2560_frame_meta_entropy_histogram.csv,Mice-hc,20200111_USVpairs_court1,Mice
41.0,0.0055328948411484,Correctly Tracked,/root/vast/mustafa/dreem-experiments/paper-plots/uncertainty-animals/no-post-processing-no-weight-iou-entropies/20200111_USVpairs_court1_M1_F1_top-01112020145828-0000@0-2560_frame_meta_entropy_histogram.csv,Mice-hc,20200111_USVpairs_court1,Mice
410.0,0.0043568771386449,Correctly Tracked,/root/vast/mustafa/dreem-experiments/paper-plots/uncertainty-animals/no-post-processing-no-weight-iou-entropies/20200111_USVpairs_court1_M1_F1_top-01112020145828-0000@0-2560_frame_meta_entropy_histogram.csv,Mice-hc,20200111_USVpairs_court1,Mice
411.0,0.0043588673675636,Correctly Tracked,/root/vast/mustafa/dreem-experiments/paper-plots/uncertainty-animals/no-post-processing-no-weight-iou-entropies/20200111_USVpairs_court1_M1_F1_top-01112020145828-0000@0-2560_frame_meta_entropy_histogram.csv,Mice-hc,20200111_USVpairs_court1,Mice
412.0,0.0043610373049163,Correctly Tracked,/root/vast/mustafa/dreem-experiments/paper-plots/uncertainty-animals/no-post-processing-no-weight-iou-entropies/20200111_USVpairs_court1_M1_F1_top-01112020145828-0000@0-2560_frame_meta_entropy_histogram.csv,Mice-hc,20200111_USVpairs_court1,Mice
413.0,0.0043580873993696,Correctly Tracked,/root/vast/mustafa/dreem-experiments/paper-plots/uncertainty-animals/no-post-processing-no-weight-iou-entropies/20200111_USVpairs_court1_M1_F1_top-01112020145828-0000@0-2560_frame_meta_entropy_histogram.csv,Mice-hc,20200111_USVpairs_court1,Mice
414.0,0.0043900224278517,Correctly Tracked,/root/vast/mustafa/dreem-experiments/paper-plots/uncertainty-animals/no-post-processing-no-weight-iou-entropies/20200111_USVpairs_court1_M1_F1_top-01112020145828-0000@0-2560_frame_meta_entropy_histogram.csv,Mice-hc,20200111_USVpairs_court1,Mice
415.0,0.0044138158245142,Correctly Tracked,/root/vast/mustafa/dreem-experiments/paper-plots/uncertainty-animals/no-post-processing-no-weight-iou-entropies/20200111_USVpairs_court1_M1_F1_top-01112020145828-0000@0-2560_frame_meta_entropy_histogram.csv,Mice-hc,20200111_USVpairs_court1,Mice
416.0,0.0044038616567883,Correctly Tracked,/root/vast/mustafa/dreem-experiments/paper-plots/uncertainty-animals/no-post-processing-no-weight-iou-entropies/20200111_USVpairs_court1_M1_F1_top-01112020145828-0000@0-2560_frame_meta_entropy_histogram.csv,Mice-hc,20200111_USVpairs_court1,Mice
417.0,0.0044114786071613,Correctly Tracked,/root/vast/mustafa/dreem-experiments/paper-plots/uncertainty-animals/no-post-processing-no-weight-iou-entropies/20200111_USVpairs_court1_M1_F1_top-01112020145828-0000@0-2560_frame_meta_entropy_histogram.csv,Mice-hc,20200111_USVpairs_court1,Mice
418.0,0.0044120429252344,Correctly Tracked,/root/vast/mustafa/dreem-experiments/paper-plots/uncertainty-animals/no-post-processing-no-weight-iou-entropies/20200111_USVpairs_court1_M1_F1_top-01112020145828-0000@0-2560_frame_meta_entropy_histogram.csv,Mice-hc,20200111_USVpairs_court1,Mice
419.0,0.0043913331237573,Correctly Tracked,/root/vast/mustafa/dreem-experiments/paper-plots/uncertainty-animals/no-post-processing-no-weight-iou-entropies/20200111_USVpairs_court1_M1_F1_top-01112020145828-0000@0-2560_frame_meta_entropy_histogram.csv,Mice-hc,20200111_USVpairs_court1,Mice
42.0,0.0053475224003858,Correctly Tracked,/root/vast/mustafa/dreem-experiments/paper-plots/uncertainty-animals/no-post-processing-no-weight-iou-entropies/20200111_USVpairs_court1_M1_F1_top-01112020145828-0000@0-2560_frame_meta_entropy_histogram.csv,Mice-hc,20200111_USVpairs_court1,Mice
420.0,0.0043887345733919,Correctly Tracked,/root/vast/mustafa/dreem-experiments/paper-plots/uncertainty-animals/no-post-processing-no-weight-iou-entropies/20200111_USVpairs_court1_M1_F1_top-01112020145828-0000@0-2560_frame_meta_entropy_histogram.csv,Mice-hc,20200111_USVpairs_court1,Mice
421.0,0.0043809201116933,Correctly Tracked,/root/vast/mustafa/dreem-experiments/paper-plots/uncertainty-animals/no-post-processing-no-weight-iou-entropies/20200111_USVpairs_court1_M1_F1_top-01112020145828-0000@0-2560_frame_meta_entropy_histogram.csv,Mice-hc,20200111_USVpairs_court1,Mice
422.0,0.004376723331928,Correctly Tracked,/root/vast/mustafa/dreem-experiments/paper-plots/uncertainty-animals/no-post-processing-no-weight-iou-entropies/20200111_USVpairs_court1_M1_F1_top-01112020145828-0000@0-2560_frame_meta_entropy_histogram.csv,Mice-hc,20200111_USVpairs_court1,Mice
423.0,0.0043718661656555,Correctly Tracked,/root/vast/mustafa/dreem-experiments/paper-plots/uncertainty-animals/no-post-processing-no-weight-iou-entropies/20200111_USVpairs_court1_M1_F1_top-01112020145828-0000@0-2560_frame_meta_entropy_histogram.csv,Mice-hc,20200111_USVpairs_court1,Mice
424.0,0.0043607212196146,Correctly Tracked,/root/vast/mustafa/dreem-experiments/paper-plots/uncertainty-animals/no-post-processing-no-weight-iou-entropies/20200111_USVpairs_court1_M1_F1_top-01112020145828-0000@0-2560_frame_meta_entropy_histogram.csv,Mice-hc,20200111_USVpairs_court1,Mice
425.0,0.0043560471208123,Correctly Tracked,/root/vast/mustafa/dreem-experiments/paper-plots/uncertainty-animals/no-post-processing-no-weight-iou-entropies/20200111_USVpairs_court1_M1_F1_top-01112020145828-0000@0-2560_frame_meta_entropy_histogram.csv,Mice-hc,20200111_USVpairs_court1,Mice
426.0,0.0043559792682821,Correctly Tracked,/root/vast/mustafa/dreem-experiments/paper-plots/uncertainty-animals/no-post-processing-no-weight-iou-entropies/20200111_USVpairs_court1_M1_F1_top-01112020145828-0000@0-2560_frame_meta_entropy_histogram.csv,Mice-hc,20200111_USVpairs_court1,Mice
427.0,0.0043545872837017,Correctly Tracked,/root/vast/mustafa/dreem-experiments/paper-plots/uncertainty-animals/no-post-processing-no-weight-iou-entropies/20200111_USVpairs_court1_M1_F1_top-01112020145828-0000@0-2560_frame_meta_entropy_histogram.csv,Mice-hc,20200111_USVpairs_court1,Mice
428.0,0.0043545164080389,Correctly Tracked,/root/vast/mustafa/dreem-experiments/paper-plots/uncertainty-animals/no-post-processing-no-weight-iou-entropies/20200111_USVpairs_court1_M1_F1_top-01112020145828-0000@0-2560_frame_meta_entropy_histogram.csv,Mice-hc,20200111_USVpairs_court1,Mice
429.0,0.0043545080104485,Correctly Tracked,/root/vast/mustafa/dreem-experiments/paper-plots/uncertainty-animals/no-post-processing-no-weight-iou-entropies/20200111_USVpairs_court1_M1_F1_top-01112020145828-0000@0-2560_frame_meta_entropy_histogram.csv,Mice-hc,20200111_USVpairs_court1,Mice
43.0,0.0048945792170494,Correctly Tracked,/root/vast/mustafa/dreem-experiments/paper-plots/uncertainty-animals/no-post-processing-no-weight-iou-entropies/20200111_USVpairs_court1_M1_F1_top-01112020145828-0000@0-2560_frame_meta_entropy_histogram.csv,Mice-hc,20200111_USVpairs_court1,Mice
430.0,0.0043555496475585,Correctly Tracked,/root/vast/mustafa/dreem-experiments/paper-plots/uncertainty-animals/no-post-processing-no-weight-iou-entropies/20200111_USVpairs_court1_M1_F1_top-01112020145828-0000@0-2560_frame_meta_entropy_histogram.csv,Mice-hc,20200111_USVpairs_court1,Mice
431.0,0.0043564018350297,Correctly Tracked,/root/vast/mustafa/dreem-experiments/paper-plots/uncertainty-animals/no-post-processing-no-weight-iou-entropies/20200111_USVpairs_court1_M1_F1_top-01112020145828-0000@0-2560_frame_meta_entropy_histogram.csv,Mice-hc,20200111_USVpairs_court1,Mice
432.0,0.0043571525796092,Correctly Tracked,/root/vast/mustafa/dreem-experiments/paper-plots/uncertainty-animals/no-post-processing-no-weight-iou-entropies/20200111_USVpairs_court1_M1_F1_top-01112020145828-0000@0-2560_frame_meta_entropy_histogram.csv,Mice-hc,20200111_USVpairs_court1,Mice
433.0,0.0043579009728633,Correctly Tracked,/root/vast/mustafa/dreem-experiments/paper-plots/uncertainty-animals/no-post-processing-no-weight-iou-entropies/20200111_USVpairs_court1_M1_F1_top-01112020145828-0000@0-2560_frame_meta_entropy_histogram.csv,Mice-hc,20200111_USVpairs_court1,Mice
434.0,0.0043587719709369,Correctly Tracked,/root/vast/mustafa/dreem-experiments/paper-plots/uncertainty-animals/no-post-processing-no-weight-iou-entropies/20200111_USVpairs_court1_M1_F1_top-01112020145828-0000@0-2560_frame_meta_entropy_histogram.csv,Mice-hc,20200111_USVpairs_court1,Mice
435.0,0.0043586302196114,Correctly Tracked,/root/vast/mustafa/dreem-experiments/paper-plots/uncertainty-animals/no-post-processing-no-weight-iou-entropies/20200111_USVpairs_court1_M1_F1_top-01112020145828-0000@0-2560_frame_meta_entropy_histogram.csv,Mice-hc,20200111_USVpairs_court1,Mice
436.0,0.0043584746962377,Correctly Tracked,/root/vast/mustafa/dreem-experiments/paper-plots/uncertainty-animals/no-post-processing-no-weight-iou-entropies/20200111_USVpairs_court1_M1_F1_top-01112020145828-0000@0-2560_frame_meta_entropy_histogram.csv,Mice-hc,20200111_USVpairs_court1,Mice
437.0,0.0043584303569605,Correctly Tracked,/root/vast/mustafa/dreem-experiments/paper-plots/uncertainty-animals/no-post-processing-no-weight-iou-entropies/20200111_USVpairs_court1_M1_F1_top-01112020145828-0000@0-2560_frame_meta_entropy_histogram.csv,Mice-hc,20200111_USVpairs_court1,Mice
438.0,0.0043585724441896,Correctly Tracked,/root/vast/mustafa/dreem-experiments/paper-plots/uncertainty-animals/no-post-processing-no-weight-iou-entropies/20200111_USVpairs_court1_M1_F1_top-01112020145828-0000@0-2560_frame_meta_entropy_histogram.csv,Mice-hc,20200111_USVpairs_court1,Mice
439.0,0.0043583225319001,Correctly Tracked,/root/vast/mustafa/dreem-experiments/paper-plots/uncertainty-animals/no-post-processing-no-weight-iou-entropies/20200111_USVpairs_court1_M1_F1_top-01112020145828-0000@0-2560_frame_meta_entropy_histogram.csv,Mice-hc,20200111_USVpairs_court1,Mice
44.0,0.0048610184150709,Correctly Tracked,/root/vast/mustafa/dreem-experiments/paper-plots/uncertainty-animals/no-post-processing-no-weight-iou-entropies/20200111_USVpairs_court1_M1_F1_top-01112020145828-0000@0-2560_frame_meta_entropy_histogram.csv,Mice-hc,20200111_USVpairs_court1,Mice
440.0,0.0043580837044299,Correctly Tracked,/root/vast/mustafa/dreem-experiments/paper-plots/uncertainty-animals/no-post-processing-no-weight-iou-entropies/20200111_USVpairs_court1_M1_F1_top-01112020145828-0000@0-2560_frame_meta_entropy_histogram.csv,Mice-hc,20200111_USVpairs_court1,Mice
441.0,0.0043578818263573,Correctly Tracked,/root/vast/mustafa/dreem-experiments/paper-plots/uncertainty-animals/no-post-processing-no-weight-iou-entropies/20200111_USVpairs_court1_M1_F1_top-01112020145828-0000@0-2560_frame_meta_entropy_histogram.csv,Mice-hc,20200111_USVpairs_court1,Mice
442.0,0.0043580947892491,Correctly Tracked,/root/vast/mustafa/dreem-experiments/paper-plots/uncertainty-animals/no-post-processing-no-weight-iou-entropies/20200111_USVpairs_court1_M1_F1_top-01112020145828-0000@0-2560_frame_meta_entropy_histogram.csv,Mice-hc,20200111_USVpairs_court1,Mice
443.0,0.0043588445261178,Correctly Tracked,/root/vast/mustafa/dreem-experiments/paper-plots/uncertainty-animals/no-post-processing-no-weight-iou-entropies/20200111_USVpairs_court1_M1_F1_top-01112020145828-0000@0-2560_frame_meta_entropy_histogram.csv,Mice-hc,20200111_USVpairs_court1,Mice
444.0,0.0043588099280454,Correctly Tracked,/root/vast/mustafa/dreem-experiments/paper-plots/uncertainty-animals/no-post-processing-no-weight-iou-entropies/20200111_USVpairs_court1_M1_F1_top-01112020145828-0000@0-2560_frame_meta_entropy_histogram.csv,Mice-hc,20200111_USVpairs_court1,Mice
445.0,0.0043599133714206,Correctly Tracked,/root/vast/mustafa/dreem-experiments/paper-plots/uncertainty-animals/no-post-processing-no-weight-iou-entropies/20200111_USVpairs_court1_M1_F1_top-01112020145828-0000@0-2560_frame_meta_entropy_histogram.csv,Mice-hc,20200111_USVpairs_court1,Mice
446.0,0.0045384370733776,Correctly Tracked,/root/vast/mustafa/dreem-experiments/paper-plots/uncertainty-animals/no-post-processing-no-weight-iou-entropies/20200111_USVpairs_court1_M1_F1_top-01112020145828-0000@0-2560_frame_meta_entropy_histogram.csv,Mice-hc,20200111_USVpairs_court1,Mice
447.0,0.0044940893986117,Correctly Tracked,/root/vast/mustafa/dreem-experiments/paper-plots/uncertainty-animals/no-post-processing-no-weight-iou-entropies/20200111_USVpairs_court1_M1_F1_top-01112020145828-0000@0-2560_frame_meta_entropy_histogram.csv,Mice-hc,20200111_USVpairs_court1,Mice
448.0,0.0044715119730353,Correctly Tracked,/root/vast/mustafa/dreem-experiments/paper-plots/uncertainty-animals/no-post-processing-no-weight-iou-entropies/20200111_USVpairs_court1_M1_F1_top-01112020145828-0000@0-2560_frame_meta_entropy_histogram.csv,Mice-hc,20200111_USVpairs_court1,Mice
449.0,0.0044556841946981,Correctly Tracked,/root/vast/mustafa/dreem-experiments/paper-plots/uncertainty-animals/no-post-processing-no-weight-iou-entropies/20200111_USVpairs_court1_M1_F1_top-01112020145828-0000@0-2560_frame_meta_entropy_histogram.csv,Mice-hc,20200111_USVpairs_court1,Mice
45.0,0.0052173362363333,Correctly Tracked,/root/vast/mustafa/dreem-experiments/paper-plots/uncertainty-animals/no-post-processing-no-weight-iou-entropies/20200111_USVpairs_court1_M1_F1_top-01112020145828-0000@0-2560_frame_meta_entropy_histogram.csv,Mice-hc,20200111_USVpairs_court1,Mice
450.0,0.004452583804332,Correctly Tracked,/root/vast/mustafa/dreem-experiments/paper-plots/uncertainty-animals/no-post-processing-no-weight-iou-entropies/20200111_USVpairs_court1_M1_F1_top-01112020145828-0000@0-2560_frame_meta_entropy_histogram.csv,Mice-hc,20200111_USVpairs_court1,Mice
451.0,0.0044774050660563,Correctly Tracked,/root/vast/mustafa/dreem-experiments/paper-plots/uncertainty-animals/no-post-processing-no-weight-iou-entropies/20200111_USVpairs_court1_M1_F1_top-01112020145828-0000@0-2560_frame_meta_entropy_histogram.csv,Mice-hc,20200111_USVpairs_court1,Mice
452.0,0.0045369997418092,Correctly Tracked,/root/vast/mustafa/dreem-experiments/paper-plots/uncertainty-animals/no-post-processing-no-weight-iou-entropies/20200111_USVpairs_court1_M1_F1_top-01112020145828-0000@0-2560_frame_meta_entropy_histogram.csv,Mice-hc,20200111_USVpairs_court1,Mice
453.0,0.0045418962088045,Correctly Tracked,/root/vast/mustafa/dreem-experiments/paper-plots/uncertainty-animals/no-post-processing-no-weight-iou-entropies/20200111_USVpairs_court1_M1_F1_top-01112020145828-0000@0-2560_frame_meta_entropy_histogram.csv,Mice-hc,20200111_USVpairs_court1,Mice
454.0,0.0046676353448985,Correctly Tracked,/root/vast/mustafa/dreem-experiments/paper-plots/uncertainty-animals/no-post-processing-no-weight-iou-entropies/20200111_USVpairs_court1_M1_F1_top-01112020145828-0000@0-2560_frame_meta_entropy_histogram.csv,Mice-hc,20200111_USVpairs_court1,Mice
455.0,0.0049819789863383,Correctly Tracked,/root/vast/mustafa/dreem-experiments/paper-plots/uncertainty-animals/no-post-processing-no-weight-iou-entropies/20200111_USVpairs_court1_M1_F1_top-01112020145828-0000@0-2560_frame_meta_entropy_histogram.csv,Mice-hc,20200111_USVpairs_court1,Mice
456.0,0.0059133332291943,Correctly Tracked,/root/vast/mustafa/dreem-experiments/paper-plots/uncertainty-animals/no-post-processing-no-weight-iou-entropies/20200111_USVpairs_court1_M1_F1_top-01112020145828-0000@0-2560_frame_meta_entropy_histogram.csv,Mice-hc,20200111_USVpairs_court1,Mice
457.0,0.0077998230190386,Correctly Tracked,/root/vast/mustafa/dreem-experiments/paper-plots/uncertainty-animals/no-post-processing-no-weight-iou-entropies/20200111_USVpairs_court1_M1_F1_top-01112020145828-0000@0-2560_frame_meta_entropy_histogram.csv,Mice-hc,20200111_USVpairs_court1,Mice
458.0,0.0098102222779861,Correctly Tracked,/root/vast/mustafa/dreem-experiments/paper-plots/uncertainty-animals/no-post-processing-no-weight-iou-entropies/20200111_USVpairs_court1_M1_F1_top-01112020145828-0000@0-2560_frame_meta_entropy_histogram.csv,Mice-hc,20200111_USVpairs_court1,Mice
459.0,0.0108387591470133,Correctly Tracked,/root/vast/mustafa/dreem-experiments/paper-plots/uncertainty-animals/no-post-processing-no-weight-iou-entropies/20200111_USVpairs_court1_M1_F1_top-01112020145828-0000@0-2560_frame_meta_entropy_histogram.csv,Mice-hc,20200111_USVpairs_court1,Mice
46.0,0.0050292967208678,Correctly Tracked,/root/vast/mustafa/dreem-experiments/paper-plots/uncertainty-animals/no-post-processing-no-weight-iou-entropies/20200111_USVpairs_court1_M1_F1_top-01112020145828-0000@0-2560_frame_meta_entropy_histogram.csv,Mice-hc,20200111_USVpairs_court1,Mice
460.0,0.0113043699274773,Correctly Tracked,/root/vast/mustafa/dreem-experiments/paper-plots/uncertainty-animals/no-post-processing-no-weight-iou-entropies/20200111_USVpairs_court1_M1_F1_top-01112020145828-0000@0-2560_frame_meta_entropy_histogram.csv,Mice-hc,20200111_USVpairs_court1,Mice
461.0,0.0094943721088332,Correctly Tracked,/root/vast/mustafa/dreem-experiments/paper-plots/uncertainty-animals/no-post-processing-no-weight-iou-entropies/20200111_USVpairs_court1_M1_F1_top-01112020145828-0000@0-2560_frame_meta_entropy_histogram.csv,Mice-hc,20200111_USVpairs_court1,Mice
462.0,0.0086414987224816,Correctly Tracked,/root/vast/mustafa/dreem-experiments/paper-plots/uncertainty-animals/no-post-processing-no-weight-iou-entropies/20200111_USVpairs_court1_M1_F1_top-01112020145828-0000@0-2560_frame_meta_entropy_histogram.csv,Mice-hc,20200111_USVpairs_court1,Mice
463.0,0.0079255786144097,Correctly Tracked,/root/vast/mustafa/dreem-experiments/paper-plots/uncertainty-animals/no-post-processing-no-weight-iou-entropies/20200111_USVpairs_court1_M1_F1_top-01112020145828-0000@0-2560_frame_meta_entropy_histogram.csv,Mice-hc,20200111_USVpairs_court1,Mice
464.0,0.0073902261817919,Correctly Tracked,/root/vast/mustafa/dreem-experiments/paper-plots/uncertainty-animals/no-post-processing-no-weight-iou-entropies/20200111_USVpairs_court1_M1_F1_top-01112020145828-0000@0-2560_frame_meta_entropy_histogram.csv,Mice-hc,20200111_USVpairs_court1,Mice
465.0,0.007650046284354,Correctly Tracked,/root/vast/mustafa/dreem-experiments/paper-plots/uncertainty-animals/no-post-processing-no-weight-iou-entropies/20200111_USVpairs_court1_M1_F1_top-01112020145828-0000@0-2560_frame_meta_entropy_histogram.csv,Mice-hc,20200111_USVpairs_court1,Mice
466.0,0.0066389374384857,Correctly Tracked,/root/vast/mustafa/dreem-experiments/paper-plots/uncertainty-animals/no-post-processing-no-weight-iou-entropies/20200111_USVpairs_court1_M1_F1_top-01112020145828-0000@0-2560_frame_meta_entropy_histogram.csv,Mice-hc,20200111_USVpairs_court1,Mice
467.0,0.0061438128227963,Correctly Tracked,/root/vast/mustafa/dreem-experiments/paper-plots/uncertainty-animals/no-post-processing-no-weight-iou-entropies/20200111_USVpairs_court1_M1_F1_top-01112020145828-0000@0-2560_frame_meta_entropy_histogram.csv,Mice-hc,20200111_USVpairs_court1,Mice
468.0,0.0056917389580154,Correctly Tracked,/root/vast/mustafa/dreem-experiments/paper-plots/uncertainty-animals/no-post-processing-no-weight-iou-entropies/20200111_USVpairs_court1_M1_F1_top-01112020145828-0000@0-2560_frame_meta_entropy_histogram.csv,Mice-hc,20200111_USVpairs_court1,Mice
469.0,0.0055747007332599,Correctly Tracked,/root/vast/mustafa/dreem-experiments/paper-plots/uncertainty-animals/no-post-processing-no-weight-iou-entropies/20200111_USVpairs_court1_M1_F1_top-01112020145828-0000@0-2560_frame_meta_entropy_histogram.csv,Mice-hc,20200111_USVpairs_court1,Mice
47.0,0.005023003902545,Correctly Tracked,/root/vast/mustafa/dreem-experiments/paper-plots/uncertainty-animals/no-post-processing-no-weight-iou-entropies/20200111_USVpairs_court1_M1_F1_top-01112020145828-0000@0-2560_frame_meta_entropy_histogram.csv,Mice-hc,20200111_USVpairs_court1,Mice
470.0,0.0055340473264513,Correctly Tracked,/root/vast/mustafa/dreem-experiments/paper-plots/uncertainty-animals/no-post-processing-no-weight-iou-entropies/20200111_USVpairs_court1_M1_F1_top-01112020145828-0000@0-2560_frame_meta_entropy_histogram.csv,Mice-hc,20200111_USVpairs_court1,Mice
471.0,0.0054768106940755,Correctly Tracked,/root/vast/mustafa/dreem-experiments/paper-plots/uncertainty-animals/no-post-processing-no-weight-iou-entropies/20200111_USVpairs_court1_M1_F1_top-01112020145828-0000@0-2560_frame_meta_entropy_histogram.csv,Mice-hc,20200111_USVpairs_court1,Mice
472.0,0.0053883373768331,Correctly Tracked,/root/vast/mustafa/dreem-experiments/paper-plots/uncertainty-animals/no-post-processing-no-weight-iou-entropies/20200111_USVpairs_court1_M1_F1_top-01112020145828-0000@0-2560_frame_meta_entropy_histogram.csv,Mice-hc,20200111_USVpairs_court1,Mice
473.0,0.0051724994859039,Correctly Tracked,/root/vast/mustafa/dreem-experiments/paper-plots/uncertainty-animals/no-post-processing-no-weight-iou-entropies/20200111_USVpairs_court1_M1_F1_top-01112020145828-0000@0-2560_frame_meta_entropy_histogram.csv,Mice-hc,20200111_USVpairs_court1,Mice
474.0,0.0050992009503713,Correctly Tracked,/root/vast/mustafa/dreem-experiments/paper-plots/uncertainty-animals/no-post-processing-no-weight-iou-entropies/20200111_USVpairs_court1_M1_F1_top-01112020145828-0000@0-2560_frame_meta_entropy_histogram.csv,Mice-hc,20200111_USVpairs_court1,Mice
475.0,0.0049898549183985,Correctly Tracked,/root/vast/mustafa/dreem-experiments/paper-plots/uncertainty-animals/no-post-processing-no-weight-iou-entropies/20200111_USVpairs_court1_M1_F1_top-01112020145828-0000@0-2560_frame_meta_entropy_histogram.csv,Mice-hc,20200111_USVpairs_court1,Mice
476.0,0.004863525599653,Correctly Tracked,/root/vast/mustafa/dreem-experiments/paper-plots/uncertainty-animals/no-post-processing-no-weight-iou-entropies/20200111_USVpairs_court1_M1_F1_top-01112020145828-0000@0-2560_frame_meta_entropy_histogram.csv,Mice-hc,20200111_USVpairs_court1,Mice
477.0,0.0047770673681968,Correctly Tracked,/root/vast/mustafa/dreem-experiments/paper-plots/uncertainty-animals/no-post-processing-no-weight-iou-entropies/20200111_USVpairs_court1_M1_F1_top-01112020145828-0000@0-2560_frame_meta_entropy_histogram.csv,Mice-hc,20200111_USVpairs_court1,Mice
478.0,0.0046978448365105,Correctly Tracked,/root/vast/mustafa/dreem-experiments/paper-plots/uncertainty-animals/no-post-processing-no-weight-iou-entropies/20200111_USVpairs_court1_M1_F1_top-01112020145828-0000@0-2560_frame_meta_entropy_histogram.csv,Mice-hc,20200111_USVpairs_court1,Mice
479.0,0.0046563563733152,Correctly Tracked,/root/vast/mustafa/dreem-experiments/paper-plots/uncertainty-animals/no-post-processing-no-weight-iou-entropies/20200111_USVpairs_court1_M1_F1_top-01112020145828-0000@0-2560_frame_meta_entropy_histogram.csv,Mice-hc,20200111_USVpairs_court1,Mice
48.0,0.0053318699637356,Correctly Tracked,/root/vast/mustafa/dreem-experiments/paper-plots/uncertainty-animals/no-post-processing-no-weight-iou-entropies/20200111_USVpairs_court1_M1_F1_top-01112020145828-0000@0-2560_frame_meta_entropy_histogram.csv,Mice-hc,20200111_USVpairs_court1,Mice
480.0,0.0046386092417221,Correctly Tracked,/root/vast/mustafa/dreem-experiments/paper-plots/uncertainty-animals/no-post-processing-no-weight-iou-entropies/20200111_USVpairs_court1_M1_F1_top-01112020145828-0000@0-2560_frame_meta_entropy_histogram.csv,Mice-hc,20200111_USVpairs_court1,Mice
481.0,0.0046427687361862,Correctly Tracked,/root/vast/mustafa/dreem-experiments/paper-plots/uncertainty-animals/no-post-processing-no-weight-iou-entropies/20200111_USVpairs_court1_M1_F1_top-01112020145828-0000@0-2560_frame_meta_entropy_histogram.csv,Mice-hc,20200111_USVpairs_court1,Mice
482.0,0.0046268539588127,Correctly Tracked,/root/vast/mustafa/dreem-experiments/paper-plots/uncertainty-animals/no-post-processing-no-weight-iou-entropies/20200111_USVpairs_court1_M1_F1_top-01112020145828-0000@0-2560_frame_meta_entropy_histogram.csv,Mice-hc,20200111_USVpairs_court1,Mice
483.0,0.0045772537592195,Correctly Tracked,/root/vast/mustafa/dreem-experiments/paper-plots/uncertainty-animals/no-post-processing-no-weight-iou-entropies/20200111_USVpairs_court1_M1_F1_top-01112020145828-0000@0-2560_frame_meta_entropy_histogram.csv,Mice-hc,20200111_USVpairs_court1,Mice
484.0,0.0045429358304929,Correctly Tracked,/root/vast/mustafa/dreem-experiments/paper-plots/uncertainty-animals/no-post-processing-no-weight-iou-entropies/20200111_USVpairs_court1_M1_F1_top-01112020145828-0000@0-2560_frame_meta_entropy_histogram.csv,Mice-hc,20200111_USVpairs_court1,Mice
485.0,0.0044917145600539,Correctly Tracked,/root/vast/mustafa/dreem-experiments/paper-plots/uncertainty-animals/no-post-processing-no-weight-iou-entropies/20200111_USVpairs_court1_M1_F1_top-01112020145828-0000@0-2560_frame_meta_entropy_histogram.csv,Mice-hc,20200111_USVpairs_court1,Mice
486.0,0.0063664080867478,Correctly Tracked,/root/vast/mustafa/dreem-experiments/paper-plots/uncertainty-animals/no-post-processing-no-weight-iou-entropies/20200111_USVpairs_court1_M1_F1_top-01112020145828-0000@0-2560_frame_meta_entropy_histogram.csv,Mice-hc,20200111_USVpairs_court1,Mice
487.0,0.0055434449018873,Correctly Tracked,/root/vast/mustafa/dreem-experiments/paper-plots/uncertainty-animals/no-post-processing-no-weight-iou-entropies/20200111_USVpairs_court1_M1_F1_top-01112020145828-0000@0-2560_frame_meta_entropy_histogram.csv,Mice-hc,20200111_USVpairs_court1,Mice
488.0,0.004740421963322,Correctly Tracked,/root/vast/mustafa/dreem-experiments/paper-plots/uncertainty-animals/no-post-processing-no-weight-iou-entropies/20200111_USVpairs_court1_M1_F1_top-01112020145828-0000@0-2560_frame_meta_entropy_histogram.csv,Mice-hc,20200111_USVpairs_court1,Mice
489.0,0.0055455573997218,Correctly Tracked,/root/vast/mustafa/dreem-experiments/paper-plots/uncertainty-animals/no-post-processing-no-weight-iou-entropies/20200111_USVpairs_court1_M1_F1_top-01112020145828-0000@0-2560_frame_meta_entropy_histogram.csv,Mice-hc,20200111_USVpairs_court1,Mice
49.0,0.0051722828280723,Correctly Tracked,/root/vast/mustafa/dreem-experiments/paper-plots/uncertainty-animals/no-post-processing-no-weight-iou-entropies/20200111_USVpairs_court1_M1_F1_top-01112020145828-0000@0-2560_frame_meta_entropy_histogram.csv,Mice-hc,20200111_USVpairs_court1,Mice
490.0,0.0048080558202919,Correctly Tracked,/root/vast/mustafa/dreem-experiments/paper-plots/uncertainty-animals/no-post-processing-no-weight-iou-entropies/20200111_USVpairs_court1_M1_F1_top-01112020145828-0000@0-2560_frame_meta_entropy_histogram.csv,Mice-hc,20200111_USVpairs_court1,Mice
491.0,0.0049105581520133,Correctly Tracked,/root/vast/mustafa/dreem-experiments/paper-plots/uncertainty-animals/no-post-processing-no-weight-iou-entropies/20200111_USVpairs_court1_M1_F1_top-01112020145828-0000@0-2560_frame_meta_entropy_histogram.csv,Mice-hc,20200111_USVpairs_court1,Mice
492.0,0.0046589105844034,Correctly Tracked,/root/vast/mustafa/dreem-experiments/paper-plots/uncertainty-animals/no-post-processing-no-weight-iou-entropies/20200111_USVpairs_court1_M1_F1_top-01112020145828-0000@0-2560_frame_meta_entropy_histogram.csv,Mice-hc,20200111_USVpairs_court1,Mice
493.0,0.0050963642443429,Correctly Tracked,/root/vast/mustafa/dreem-experiments/paper-plots/uncertainty-animals/no-post-processing-no-weight-iou-entropies/20200111_USVpairs_court1_M1_F1_top-01112020145828-0000@0-2560_frame_meta_entropy_histogram.csv,Mice-hc,20200111_USVpairs_court1,Mice
494.0,0.0060514971041023,Correctly Tracked,/root/vast/mustafa/dreem-experiments/paper-plots/uncertainty-animals/no-post-processing-no-weight-iou-entropies/20200111_USVpairs_court1_M1_F1_top-01112020145828-0000@0-2560_frame_meta_entropy_histogram.csv,Mice-hc,20200111_USVpairs_court1,Mice
495.0,0.0061390987514638,Correctly Tracked,/root/vast/mustafa/dreem-experiments/paper-plots/uncertainty-animals/no-post-processing-no-weight-iou-entropies/20200111_USVpairs_court1_M1_F1_top-01112020145828-0000@0-2560_frame_meta_entropy_histogram.csv,Mice-hc,20200111_USVpairs_court1,Mice
496.0,0.0068859334128356,Correctly Tracked,/root/vast/mustafa/dreem-experiments/paper-plots/uncertainty-animals/no-post-processing-no-weight-iou-entropies/20200111_USVpairs_court1_M1_F1_top-01112020145828-0000@0-2560_frame_meta_entropy_histogram.csv,Mice-hc,20200111_USVpairs_court1,Mice
497.0,0.0065866473227439,Correctly Tracked,/root/vast/mustafa/dreem-experiments/paper-plots/uncertainty-animals/no-post-processing-no-weight-iou-entropies/20200111_USVpairs_court1_M1_F1_top-01112020145828-0000@0-2560_frame_meta_entropy_histogram.csv,Mice-hc,20200111_USVpairs_court1,Mice
498.0,0.006348390216841,Correctly Tracked,/root/vast/mustafa/dreem-experiments/paper-plots/uncertainty-animals/no-post-processing-no-weight-iou-entropies/20200111_USVpairs_court1_M1_F1_top-01112020145828-0000@0-2560_frame_meta_entropy_histogram.csv,Mice-hc,20200111_USVpairs_court1,Mice
499.0,0.0067961517510129,Correctly Tracked,/root/vast/mustafa/dreem-experiments/paper-plots/uncertainty-animals/no-post-processing-no-weight-iou-entropies/20200111_USVpairs_court1_M1_F1_top-01112020145828-0000@0-2560_frame_meta_entropy_histogram.csv,Mice-hc,20200111_USVpairs_court1,Mice
5.0,0.2672491726378951,Correctly Tracked,/root/vast/mustafa/dreem-experiments/paper-plots/uncertainty-animals/no-post-processing-no-weight-iou-entropies/20200111_USVpairs_court1_M1_F1_top-01112020145828-0000@0-2560_frame_meta_entropy_histogram.csv,Mice-hc,20200111_USVpairs_court1,Mice
50.0,0.0050882850905957,Correctly Tracked,/root/vast/mustafa/dreem-experiments/paper-plots/uncertainty-animals/no-post-processing-no-weight-iou-entropies/20200111_USVpairs_court1_M1_F1_top-01112020145828-0000@0-2560_frame_meta_entropy_histogram.csv,Mice-hc,20200111_USVpairs_court1,Mice
500.0,0.0071987732137912,Correctly Tracked,/root/vast/mustafa/dreem-experiments/paper-plots/uncertainty-animals/no-post-processing-no-weight-iou-entropies/20200111_USVpairs_court1_M1_F1_top-01112020145828-0000@0-2560_frame_meta_entropy_histogram.csv,Mice-hc,20200111_USVpairs_court1,Mice
501.0,0.0077902605149277,Correctly Tracked,/root/vast/mustafa/dreem-experiments/paper-plots/uncertainty-animals/no-post-processing-no-weight-iou-entropies/20200111_USVpairs_court1_M1_F1_top-01112020145828-0000@0-2560_frame_meta_entropy_histogram.csv,Mice-hc,20200111_USVpairs_court1,Mice
502.0,0.0078616944494937,Correctly Tracked,/root/vast/mustafa/dreem-experiments/paper-plots/uncertainty-animals/no-post-processing-no-weight-iou-entropies/20200111_USVpairs_court1_M1_F1_top-01112020145828-0000@0-2560_frame_meta_entropy_histogram.csv,Mice-hc,20200111_USVpairs_court1,Mice
503.0,0.007828758428239,Correctly Tracked,/root/vast/mustafa/dreem-experiments/paper-plots/uncertainty-animals/no-post-processing-no-weight-iou-entropies/20200111_USVpairs_court1_M1_F1_top-01112020145828-0000@0-2560_frame_meta_entropy_histogram.csv,Mice-hc,20200111_USVpairs_court1,Mice
504.0,0.0071763200725524,Correctly Tracked,/root/vast/mustafa/dreem-experiments/paper-plots/uncertainty-animals/no-post-processing-no-weight-iou-entropies/20200111_USVpairs_court1_M1_F1_top-01112020145828-0000@0-2560_frame_meta_entropy_histogram.csv,Mice-hc,20200111_USVpairs_court1,Mice
505.0,0.0061958617597426,Correctly Tracked,/root/vast/mustafa/dreem-experiments/paper-plots/uncertainty-animals/no-post-processing-no-weight-iou-entropies/20200111_USVpairs_court1_M1_F1_top-01112020145828-0000@0-2560_frame_meta_entropy_histogram.csv,Mice-hc,20200111_USVpairs_court1,Mice
506.0,0.0056495467767467,Correctly Tracked,/root/vast/mustafa/dreem-experiments/paper-plots/uncertainty-animals/no-post-processing-no-weight-iou-entropies/20200111_USVpairs_court1_M1_F1_top-01112020145828-0000@0-2560_frame_meta_entropy_histogram.csv,Mice-hc,20200111_USVpairs_court1,Mice
507.0,0.0054679411591223,Correctly Tracked,/root/vast/mustafa/dreem-experiments/paper-plots/uncertainty-animals/no-post-processing-no-weight-iou-entropies/20200111_USVpairs_court1_M1_F1_top-01112020145828-0000@0-2560_frame_meta_entropy_histogram.csv,Mice-hc,20200111_USVpairs_court1,Mice
508.0,0.0053959361884109,Correctly Tracked,/root/vast/mustafa/dreem-experiments/paper-plots/uncertainty-animals/no-post-processing-no-weight-iou-entropies/20200111_USVpairs_court1_M1_F1_top-01112020145828-0000@0-2560_frame_meta_entropy_histogram.csv,Mice-hc,20200111_USVpairs_court1,Mice
509.0,0.005343436804717,Correctly Tracked,/root/vast/mustafa/dreem-experiments/paper-plots/uncertainty-animals/no-post-processing-no-weight-iou-entropies/20200111_USVpairs_court1_M1_F1_top-01112020145828-0000@0-2560_frame_meta_entropy_histogram.csv,Mice-hc,20200111_USVpairs_court1,Mice
51.0,0.0055468180459888,Correctly Tracked,/root/vast/mustafa/dreem-experiments/paper-plots/uncertainty-animals/no-post-processing-no-weight-iou-entropies/20200111_USVpairs_court1_M1_F1_top-01112020145828-0000@0-2560_frame_meta_entropy_histogram.csv,Mice-hc,20200111_USVpairs_court1,Mice
510.0,0.0052360702527472,Correctly Tracked,/root/vast/mustafa/dreem-experiments/paper-plots/uncertainty-animals/no-post-processing-no-weight-iou-entropies/20200111_USVpairs_court1_M1_F1_top-01112020145828-0000@0-2560_frame_meta_entropy_histogram.csv,Mice-hc,20200111_USVpairs_court1,Mice
511.0,0.0050716803671971,Correctly Tracked,/root/vast/mustafa/dreem-experiments/paper-plots/uncertainty-animals/no-post-processing-no-weight-iou-entropies/20200111_USVpairs_court1_M1_F1_top-01112020145828-0000@0-2560_frame_meta_entropy_histogram.csv,Mice-hc,20200111_USVpairs_court1,Mice
512.0,0.0049406625057939,Correctly Tracked,/root/vast/mustafa/dreem-experiments/paper-plots/uncertainty-animals/no-post-processing-no-weight-iou-entropies/20200111_USVpairs_court1_M1_F1_top-01112020145828-0000@0-2560_frame_meta_entropy_histogram.csv,Mice-hc,20200111_USVpairs_court1,Mice
513.0,0.0049659382451092,Correctly Tracked,/root/vast/mustafa/dreem-experiments/paper-plots/uncertainty-animals/no-post-processing-no-weight-iou-entropies/20200111_USVpairs_court1_M1_F1_top-01112020145828-0000@0-2560_frame_meta_entropy_histogram.csv,Mice-hc,20200111_USVpairs_court1,Mice
514.0,0.0049597992706421,Correctly Tracked,/root/vast/mustafa/dreem-experiments/paper-plots/uncertainty-animals/no-post-processing-no-weight-iou-entropies/20200111_USVpairs_court1_M1_F1_top-01112020145828-0000@0-2560_frame_meta_entropy_histogram.csv,Mice-hc,20200111_USVpairs_court1,Mice
515.0,0.0049298020701148,Correctly Tracked,/root/vast/mustafa/dreem-experiments/paper-plots/uncertainty-animals/no-post-processing-no-weight-iou-entropies/20200111_USVpairs_court1_M1_F1_top-01112020145828-0000@0-2560_frame_meta_entropy_histogram.csv,Mice-hc,20200111_USVpairs_court1,Mice
516.0,0.0049068423862246,Correctly Tracked,/root/vast/mustafa/dreem-experiments/paper-plots/uncertainty-animals/no-post-processing-no-weight-iou-entropies/20200111_USVpairs_court1_M1_F1_top-01112020145828-0000@0-2560_frame_meta_entropy_histogram.csv,Mice-hc,20200111_USVpairs_court1,Mice
517.0,0.0048240656583884,Correctly Tracked,/root/vast/mustafa/dreem-experiments/paper-plots/uncertainty-animals/no-post-processing-no-weight-iou-entropies/20200111_USVpairs_court1_M1_F1_top-01112020145828-0000@0-2560_frame_meta_entropy_histogram.csv,Mice-hc,20200111_USVpairs_court1,Mice
518.0,0.0047654034510707,Correctly Tracked,/root/vast/mustafa/dreem-experiments/paper-plots/uncertainty-animals/no-post-processing-no-weight-iou-entropies/20200111_USVpairs_court1_M1_F1_top-01112020145828-0000@0-2560_frame_meta_entropy_histogram.csv,Mice-hc,20200111_USVpairs_court1,Mice
519.0,0.0047039754133873,Correctly Tracked,/root/vast/mustafa/dreem-experiments/paper-plots/uncertainty-animals/no-post-processing-no-weight-iou-entropies/20200111_USVpairs_court1_M1_F1_top-01112020145828-0000@0-2560_frame_meta_entropy_histogram.csv,Mice-hc,20200111_USVpairs_court1,Mice
52.0,0.005447187018368,Correctly Tracked,/root/vast/mustafa/dreem-experiments/paper-plots/uncertainty-animals/no-post-processing-no-weight-iou-entropies/20200111_USVpairs_court1_M1_F1_top-01112020145828-0000@0-2560_frame_meta_entropy_histogram.csv,Mice-hc,20200111_USVpairs_court1,Mice
520.0,0.0046769519675633,Correctly Tracked,/root/vast/mustafa/dreem-experiments/paper-plots/uncertainty-animals/no-post-processing-no-weight-iou-entropies/20200111_USVpairs_court1_M1_F1_top-01112020145828-0000@0-2560_frame_meta_entropy_histogram.csv,Mice-hc,20200111_USVpairs_court1,Mice
521.0,0.0112698410512805,Correctly Tracked,/root/vast/mustafa/dreem-experiments/paper-plots/uncertainty-animals/no-post-processing-no-weight-iou-entropies/20200111_USVpairs_court1_M1_F1_top-01112020145828-0000@0-2560_frame_meta_entropy_histogram.csv,Mice-hc,20200111_USVpairs_court1,Mice
522.0,0.0109074668878403,Correctly Tracked,/root/vast/mustafa/dreem-experiments/paper-plots/uncertainty-animals/no-post-processing-no-weight-iou-entropies/20200111_USVpairs_court1_M1_F1_top-01112020145828-0000@0-2560_frame_meta_entropy_histogram.csv,Mice-hc,20200111_USVpairs_court1,Mice
523.0,0.0131155407215449,Correctly Tracked,/root/vast/mustafa/dreem-experiments/paper-plots/uncertainty-animals/no-post-processing-no-weight-iou-entropies/20200111_USVpairs_court1_M1_F1_top-01112020145828-0000@0-2560_frame_meta_entropy_histogram.csv,Mice-hc,20200111_USVpairs_court1,Mice
524.0,0.0099941845953731,Correctly Tracked,/root/vast/mustafa/dreem-experiments/paper-plots/uncertainty-animals/no-post-processing-no-weight-iou-entropies/20200111_USVpairs_court1_M1_F1_top-01112020145828-0000@0-2560_frame_meta_entropy_histogram.csv,Mice-hc,20200111_USVpairs_court1,Mice
525.0,0.0084920464706891,Correctly Tracked,/root/vast/mustafa/dreem-experiments/paper-plots/uncertainty-animals/no-post-processing-no-weight-iou-entropies/20200111_USVpairs_court1_M1_F1_top-01112020145828-0000@0-2560_frame_meta_entropy_histogram.csv,Mice-hc,20200111_USVpairs_court1,Mice
526.0,0.0049422177395312,Correctly Tracked,/root/vast/mustafa/dreem-experiments/paper-plots/uncertainty-animals/no-post-processing-no-weight-iou-entropies/20200111_USVpairs_court1_M1_F1_top-01112020145828-0000@0-2560_frame_meta_entropy_histogram.csv,Mice-hc,20200111_USVpairs_court1,Mice
527.0,0.0049156625433464,Correctly Tracked,/root/vast/mustafa/dreem-experiments/paper-plots/uncertainty-animals/no-post-processing-no-weight-iou-entropies/20200111_USVpairs_court1_M1_F1_top-01112020145828-0000@0-2560_frame_meta_entropy_histogram.csv,Mice-hc,20200111_USVpairs_court1,Mice
528.0,0.0045180944145516,Correctly Tracked,/root/vast/mustafa/dreem-experiments/paper-plots/uncertainty-animals/no-post-processing-no-weight-iou-entropies/20200111_USVpairs_court1_M1_F1_top-01112020145828-0000@0-2560_frame_meta_entropy_histogram.csv,Mice-hc,20200111_USVpairs_court1,Mice
529.0,0.004356700789247,Correctly Tracked,/root/vast/mustafa/dreem-experiments/paper-plots/uncertainty-animals/no-post-processing-no-weight-iou-entropies/20200111_USVpairs_court1_M1_F1_top-01112020145828-0000@0-2560_frame_meta_entropy_histogram.csv,Mice-hc,20200111_USVpairs_court1,Mice
53.0,0.0058752175741968,Correctly Tracked,/root/vast/mustafa/dreem-experiments/paper-plots/uncertainty-animals/no-post-processing-no-weight-iou-entropies/20200111_USVpairs_court1_M1_F1_top-01112020145828-0000@0-2560_frame_meta_entropy_histogram.csv,Mice-hc,20200111_USVpairs_court1,Mice
530.0,0.0043562886355115,Correctly Tracked,/root/vast/mustafa/dreem-experiments/paper-plots/uncertainty-animals/no-post-processing-no-weight-iou-entropies/20200111_USVpairs_court1_M1_F1_top-01112020145828-0000@0-2560_frame_meta_entropy_histogram.csv,Mice-hc,20200111_USVpairs_court1,Mice
531.0,0.0043561794668366,Correctly Tracked,/root/vast/mustafa/dreem-experiments/paper-plots/uncertainty-animals/no-post-processing-no-weight-iou-entropies/20200111_USVpairs_court1_M1_F1_top-01112020145828-0000@0-2560_frame_meta_entropy_histogram.csv,Mice-hc,20200111_USVpairs_court1,Mice
532.0,0.0043566766041868,Correctly Tracked,/root/vast/mustafa/dreem-experiments/paper-plots/uncertainty-animals/no-post-processing-no-weight-iou-entropies/20200111_USVpairs_court1_M1_F1_top-01112020145828-0000@0-2560_frame_meta_entropy_histogram.csv,Mice-hc,20200111_USVpairs_court1,Mice
533.0,0.0043571260432236,Correctly Tracked,/root/vast/mustafa/dreem-experiments/paper-plots/uncertainty-animals/no-post-processing-no-weight-iou-entropies/20200111_USVpairs_court1_M1_F1_top-01112020145828-0000@0-2560_frame_meta_entropy_histogram.csv,Mice-hc,20200111_USVpairs_court1,Mice
534.0,0.0043584212875629,Correctly Tracked,/root/vast/mustafa/dreem-experiments/paper-plots/uncertainty-animals/no-post-processing-no-weight-iou-entropies/20200111_USVpairs_court1_M1_F1_top-01112020145828-0000@0-2560_frame_meta_entropy_histogram.csv,Mice-hc,20200111_USVpairs_court1,Mice
535.0,0.0043603460152767,Correctly Tracked,/root/vast/mustafa/dreem-experiments/paper-plots/uncertainty-animals/no-post-processing-no-weight-iou-entropies/20200111_USVpairs_court1_M1_F1_top-01112020145828-0000@0-2560_frame_meta_entropy_histogram.csv,Mice-hc,20200111_USVpairs_court1,Mice
536.0,0.004517151869008,Correctly Tracked,/root/vast/mustafa/dreem-experiments/paper-plots/uncertainty-animals/no-post-processing-no-weight-iou-entropies/20200111_USVpairs_court1_M1_F1_top-01112020145828-0000@0-2560_frame_meta_entropy_histogram.csv,Mice-hc,20200111_USVpairs_court1,Mice
537.0,0.0045882035452602,Correctly Tracked,/root/vast/mustafa/dreem-experiments/paper-plots/uncertainty-animals/no-post-processing-no-weight-iou-entropies/20200111_USVpairs_court1_M1_F1_top-01112020145828-0000@0-2560_frame_meta_entropy_histogram.csv,Mice-hc,20200111_USVpairs_court1,Mice
538.0,0.0046659000668236,Correctly Tracked,/root/vast/mustafa/dreem-experiments/paper-plots/uncertainty-animals/no-post-processing-no-weight-iou-entropies/20200111_USVpairs_court1_M1_F1_top-01112020145828-0000@0-2560_frame_meta_entropy_histogram.csv,Mice-hc,20200111_USVpairs_court1,Mice
539.0,0.004805315518601,Correctly Tracked,/root/vast/mustafa/dreem-experiments/paper-plots/uncertainty-animals/no-post-processing-no-weight-iou-entropies/20200111_USVpairs_court1_M1_F1_top-01112020145828-0000@0-2560_frame_meta_entropy_histogram.csv,Mice-hc,20200111_USVpairs_court1,Mice
54.0,0.0061667657886142,Correctly Tracked,/root/vast/mustafa/dreem-experiments/paper-plots/uncertainty-animals/no-post-processing-no-weight-iou-entropies/20200111_USVpairs_court1_M1_F1_top-01112020145828-0000@0-2560_frame_meta_entropy_histogram.csv,Mice-hc,20200111_USVpairs_court1,Mice
540.0,0.0048938160440362,Correctly Tracked,/root/vast/mustafa/dreem-experiments/paper-plots/uncertainty-animals/no-post-processing-no-weight-iou-entropies/20200111_USVpairs_court1_M1_F1_top-01112020145828-0000@0-2560_frame_meta_entropy_histogram.csv,Mice-hc,20200111_USVpairs_court1,Mice
541.0,0.0050213673801329,Correctly Tracked,/root/vast/mustafa/dreem-experiments/paper-plots/uncertainty-animals/no-post-processing-no-weight-iou-entropies/20200111_USVpairs_court1_M1_F1_top-01112020145828-0000@0-2560_frame_meta_entropy_histogram.csv,Mice-hc,20200111_USVpairs_court1,Mice
542.0,0.0051553589962394,Correctly Tracked,/root/vast/mustafa/dreem-experiments/paper-plots/uncertainty-animals/no-post-processing-no-weight-iou-entropies/20200111_USVpairs_court1_M1_F1_top-01112020145828-0000@0-2560_frame_meta_entropy_histogram.csv,Mice-hc,20200111_USVpairs_court1,Mice
543.0,0.0049726868846375,Correctly Tracked,/root/vast/mustafa/dreem-experiments/paper-plots/uncertainty-animals/no-post-processing-no-weight-iou-entropies/20200111_USVpairs_court1_M1_F1_top-01112020145828-0000@0-2560_frame_meta_entropy_histogram.csv,Mice-hc,20200111_USVpairs_court1,Mice
544.0,0.0050625397580266,Correctly Tracked,/root/vast/mustafa/dreem-experiments/paper-plots/uncertainty-animals/no-post-processing-no-weight-iou-entropies/20200111_USVpairs_court1_M1_F1_top-01112020145828-0000@0-2560_frame_meta_entropy_histogram.csv,Mice-hc,20200111_USVpairs_court1,Mice
545.0,0.0054231154935123,Correctly Tracked,/root/vast/mustafa/dreem-experiments/paper-plots/uncertainty-animals/no-post-processing-no-weight-iou-entropies/20200111_USVpairs_court1_M1_F1_top-01112020145828-0000@0-2560_frame_meta_entropy_histogram.csv,Mice-hc,20200111_USVpairs_court1,Mice
546.0,0.0060335101373281,Correctly Tracked,/root/vast/mustafa/dreem-experiments/paper-plots/uncertainty-animals/no-post-processing-no-weight-iou-entropies/20200111_USVpairs_court1_M1_F1_top-01112020145828-0000@0-2560_frame_meta_entropy_histogram.csv,Mice-hc,20200111_USVpairs_court1,Mice
547.0,0.0069019331738237,Correctly Tracked,/root/vast/mustafa/dreem-experiments/paper-plots/uncertainty-animals/no-post-processing-no-weight-iou-entropies/20200111_USVpairs_court1_M1_F1_top-01112020145828-0000@0-2560_frame_meta_entropy_histogram.csv,Mice-hc,20200111_USVpairs_court1,Mice
548.0,0.0073737695918875,Correctly Tracked,/root/vast/mustafa/dreem-experiments/paper-plots/uncertainty-animals/no-post-processing-no-weight-iou-entropies/20200111_USVpairs_court1_M1_F1_top-01112020145828-0000@0-2560_frame_meta_entropy_histogram.csv,Mice-hc,20200111_USVpairs_court1,Mice
549.0,0.0083467258333606,Correctly Tracked,/root/vast/mustafa/dreem-experiments/paper-plots/uncertainty-animals/no-post-processing-no-weight-iou-entropies/20200111_USVpairs_court1_M1_F1_top-01112020145828-0000@0-2560_frame_meta_entropy_histogram.csv,Mice-hc,20200111_USVpairs_court1,Mice
55.0,0.0056417329868554,Correctly Tracked,/root/vast/mustafa/dreem-experiments/paper-plots/uncertainty-animals/no-post-processing-no-weight-iou-entropies/20200111_USVpairs_court1_M1_F1_top-01112020145828-0000@0-2560_frame_meta_entropy_histogram.csv,Mice-hc,20200111_USVpairs_court1,Mice
550.0,0.0091665402577344,Correctly Tracked,/root/vast/mustafa/dreem-experiments/paper-plots/uncertainty-animals/no-post-processing-no-weight-iou-entropies/20200111_USVpairs_court1_M1_F1_top-01112020145828-0000@0-2560_frame_meta_entropy_histogram.csv,Mice-hc,20200111_USVpairs_court1,Mice
551.0,0.0110872902008836,Correctly Tracked,/root/vast/mustafa/dreem-experiments/paper-plots/uncertainty-animals/no-post-processing-no-weight-iou-entropies/20200111_USVpairs_court1_M1_F1_top-01112020145828-0000@0-2560_frame_meta_entropy_histogram.csv,Mice-hc,20200111_USVpairs_court1,Mice
552.0,0.0101444947449983,Correctly Tracked,/root/vast/mustafa/dreem-experiments/paper-plots/uncertainty-animals/no-post-processing-no-weight-iou-entropies/20200111_USVpairs_court1_M1_F1_top-01112020145828-0000@0-2560_frame_meta_entropy_histogram.csv,Mice-hc,20200111_USVpairs_court1,Mice
553.0,0.0125014296401332,Correctly Tracked,/root/vast/mustafa/dreem-experiments/paper-plots/uncertainty-animals/no-post-processing-no-weight-iou-entropies/20200111_USVpairs_court1_M1_F1_top-01112020145828-0000@0-2560_frame_meta_entropy_histogram.csv,Mice-hc,20200111_USVpairs_court1,Mice
554.0,0.012296970484161,Correctly Tracked,/root/vast/mustafa/dreem-experiments/paper-plots/uncertainty-animals/no-post-processing-no-weight-iou-entropies/20200111_USVpairs_court1_M1_F1_top-01112020145828-0000@0-2560_frame_meta_entropy_histogram.csv,Mice-hc,20200111_USVpairs_court1,Mice
555.0,0.0138834486321052,Correctly Tracked,/root/vast/mustafa/dreem-experiments/paper-plots/uncertainty-animals/no-post-processing-no-weight-iou-entropies/20200111_USVpairs_court1_M1_F1_top-01112020145828-0000@0-2560_frame_meta_entropy_histogram.csv,Mice-hc,20200111_USVpairs_court1,Mice
556.0,0.0139606352519811,Correctly Tracked,/root/vast/mustafa/dreem-experiments/paper-plots/uncertainty-animals/no-post-processing-no-weight-iou-entropies/20200111_USVpairs_court1_M1_F1_top-01112020145828-0000@0-2560_frame_meta_entropy_histogram.csv,Mice-hc,20200111_USVpairs_court1,Mice
557.0,0.0120835897281752,Correctly Tracked,/root/vast/mustafa/dreem-experiments/paper-plots/uncertainty-animals/no-post-processing-no-weight-iou-entropies/20200111_USVpairs_court1_M1_F1_top-01112020145828-0000@0-2560_frame_meta_entropy_histogram.csv,Mice-hc,20200111_USVpairs_court1,Mice
558.0,0.0120337376008708,Correctly Tracked,/root/vast/mustafa/dreem-experiments/paper-plots/uncertainty-animals/no-post-processing-no-weight-iou-entropies/20200111_USVpairs_court1_M1_F1_top-01112020145828-0000@0-2560_frame_meta_entropy_histogram.csv,Mice-hc,20200111_USVpairs_court1,Mice
559.0,0.0129647482143287,Correctly Tracked,/root/vast/mustafa/dreem-experiments/paper-plots/uncertainty-animals/no-post-processing-no-weight-iou-entropies/20200111_USVpairs_court1_M1_F1_top-01112020145828-0000@0-2560_frame_meta_entropy_histogram.csv,Mice-hc,20200111_USVpairs_court1,Mice
56.0,0.00558855608557,Correctly Tracked,/root/vast/mustafa/dreem-experiments/paper-plots/uncertainty-animals/no-post-processing-no-weight-iou-entropies/20200111_USVpairs_court1_M1_F1_top-01112020145828-0000@0-2560_frame_meta_entropy_histogram.csv,Mice-hc,20200111_USVpairs_court1,Mice
560.0,0.0142531280273637,Correctly Tracked,/root/vast/mustafa/dreem-experiments/paper-plots/uncertainty-animals/no-post-processing-no-weight-iou-entropies/20200111_USVpairs_court1_M1_F1_top-01112020145828-0000@0-2560_frame_meta_entropy_histogram.csv,Mice-hc,20200111_USVpairs_court1,Mice
561.0,0.0146138750736931,Correctly Tracked,/root/vast/mustafa/dreem-experiments/paper-plots/uncertainty-animals/no-post-processing-no-weight-iou-entropies/20200111_USVpairs_court1_M1_F1_top-01112020145828-0000@0-2560_frame_meta_entropy_histogram.csv,Mice-hc,20200111_USVpairs_court1,Mice
562.0,0.0159451511219738,Correctly Tracked,/root/vast/mustafa/dreem-experiments/paper-plots/uncertainty-animals/no-post-processing-no-weight-iou-entropies/20200111_USVpairs_court1_M1_F1_top-01112020145828-0000@0-2560_frame_meta_entropy_histogram.csv,Mice-hc,20200111_USVpairs_court1,Mice
563.0,0.0159486445195695,Correctly Tracked,/root/vast/mustafa/dreem-experiments/paper-plots/uncertainty-animals/no-post-processing-no-weight-iou-entropies/20200111_USVpairs_court1_M1_F1_top-01112020145828-0000@0-2560_frame_meta_entropy_histogram.csv,Mice-hc,20200111_USVpairs_court1,Mice
564.0,0.0169470172439727,Correctly Tracked,/root/vast/mustafa/dreem-experiments/paper-plots/uncertainty-animals/no-post-processing-no-weight-iou-entropies/20200111_USVpairs_court1_M1_F1_top-01112020145828-0000@0-2560_frame_meta_entropy_histogram.csv,Mice-hc,20200111_USVpairs_court1,Mice
565.0,0.0199278514518595,Correctly Tracked,/root/vast/mustafa/dreem-experiments/paper-plots/uncertainty-animals/no-post-processing-no-weight-iou-entropies/20200111_USVpairs_court1_M1_F1_top-01112020145828-0000@0-2560_frame_meta_entropy_histogram.csv,Mice-hc,20200111_USVpairs_court1,Mice
566.0,0.0111177687512912,Correctly Tracked,/root/vast/mustafa/dreem-experiments/paper-plots/uncertainty-animals/no-post-processing-no-weight-iou-entropies/20200111_USVpairs_court1_M1_F1_top-01112020145828-0000@0-2560_frame_meta_entropy_histogram.csv,Mice-hc,20200111_USVpairs_court1,Mice
567.0,0.0105265562193117,Correctly Tracked,/root/vast/mustafa/dreem-experiments/paper-plots/uncertainty-animals/no-post-processing-no-weight-iou-entropies/20200111_USVpairs_court1_M1_F1_top-01112020145828-0000@0-2560_frame_meta_entropy_histogram.csv,Mice-hc,20200111_USVpairs_court1,Mice
568.0,0.0094906093165384,Correctly Tracked,/root/vast/mustafa/dreem-experiments/paper-plots/uncertainty-animals/no-post-processing-no-weight-iou-entropies/20200111_USVpairs_court1_M1_F1_top-01112020145828-0000@0-2560_frame_meta_entropy_histogram.csv,Mice-hc,20200111_USVpairs_court1,Mice
569.0,0.0212272757757546,Correctly Tracked,/root/vast/mustafa/dreem-experiments/paper-plots/uncertainty-animals/no-post-processing-no-weight-iou-entropies/20200111_USVpairs_court1_M1_F1_top-01112020145828-0000@0-2560_frame_meta_entropy_histogram.csv,Mice-hc,20200111_USVpairs_court1,Mice
57.0,0.0055284669596959,Correctly Tracked,/root/vast/mustafa/dreem-experiments/paper-plots/uncertainty-animals/no-post-processing-no-weight-iou-entropies/20200111_USVpairs_court1_M1_F1_top-01112020145828-0000@0-2560_frame_meta_entropy_histogram.csv,Mice-hc,20200111_USVpairs_court1,Mice
570.0,0.0098660850645767,Correctly Tracked,/root/vast/mustafa/dreem-experiments/paper-plots/uncertainty-animals/no-post-processing-no-weight-iou-entropies/20200111_USVpairs_court1_M1_F1_top-01112020145828-0000@0-2560_frame_meta_entropy_histogram.csv,Mice-hc,20200111_USVpairs_court1,Mice
571.0,0.0085741762481628,Correctly Tracked,/root/vast/mustafa/dreem-experiments/paper-plots/uncertainty-animals/no-post-processing-no-weight-iou-entropies/20200111_USVpairs_court1_M1_F1_top-01112020145828-0000@0-2560_frame_meta_entropy_histogram.csv,Mice-hc,20200111_USVpairs_court1,Mice
572.0,0.0409410101709044,Correctly Tracked,/root/vast/mustafa/dreem-experiments/paper-plots/uncertainty-animals/no-post-processing-no-weight-iou-entropies/20200111_USVpairs_court1_M1_F1_top-01112020145828-0000@0-2560_frame_meta_entropy_histogram.csv,Mice-hc,20200111_USVpairs_court1,Mice
573.0,0.0562766950866543,Correctly Tracked,/root/vast/mustafa/dreem-experiments/paper-plots/uncertainty-animals/no-post-processing-no-weight-iou-entropies/20200111_USVpairs_court1_M1_F1_top-01112020145828-0000@0-2560_frame_meta_entropy_histogram.csv,Mice-hc,20200111_USVpairs_court1,Mice
574.0,0.0362625714939413,Correctly Tracked,/root/vast/mustafa/dreem-experiments/paper-plots/uncertainty-animals/no-post-processing-no-weight-iou-entropies/20200111_USVpairs_court1_M1_F1_top-01112020145828-0000@0-2560_frame_meta_entropy_histogram.csv,Mice-hc,20200111_USVpairs_court1,Mice
575.0,0.0482841937232276,Correctly Tracked,/root/vast/mustafa/dreem-experiments/paper-plots/uncertainty-animals/no-post-processing-no-weight-iou-entropies/20200111_USVpairs_court1_M1_F1_top-01112020145828-0000@0-2560_frame_meta_entropy_histogram.csv,Mice-hc,20200111_USVpairs_court1,Mice
576.0,0.0409136864272486,Correctly Tracked,/root/vast/mustafa/dreem-experiments/paper-plots/uncertainty-animals/no-post-processing-no-weight-iou-entropies/20200111_USVpairs_court1_M1_F1_top-01112020145828-0000@0-2560_frame_meta_entropy_histogram.csv,Mice-hc,20200111_USVpairs_court1,Mice
577.0,0.0364238724098481,Correctly Tracked,/root/vast/mustafa/dreem-experiments/paper-plots/uncertainty-animals/no-post-processing-no-weight-iou-entropies/20200111_USVpairs_court1_M1_F1_top-01112020145828-0000@0-2560_frame_meta_entropy_histogram.csv,Mice-hc,20200111_USVpairs_court1,Mice
578.0,0.0450196674146703,Correctly Tracked,/root/vast/mustafa/dreem-experiments/paper-plots/uncertainty-animals/no-post-processing-no-weight-iou-entropies/20200111_USVpairs_court1_M1_F1_top-01112020145828-0000@0-2560_frame_meta_entropy_histogram.csv,Mice-hc,20200111_USVpairs_court1,Mice
579.0,0.0265880986156787,Correctly Tracked,/root/vast/mustafa/dreem-experiments/paper-plots/uncertainty-animals/no-post-processing-no-weight-iou-entropies/20200111_USVpairs_court1_M1_F1_top-01112020145828-0000@0-2560_frame_meta_entropy_histogram.csv,Mice-hc,20200111_USVpairs_court1,Mice
58.0,0.0052209824700737,Correctly Tracked,/root/vast/mustafa/dreem-experiments/paper-plots/uncertainty-animals/no-post-processing-no-weight-iou-entropies/20200111_USVpairs_court1_M1_F1_top-01112020145828-0000@0-2560_frame_meta_entropy_histogram.csv,Mice-hc,20200111_USVpairs_court1,Mice
580.0,0.0271513283611098,Correctly Tracked,/root/vast/mustafa/dreem-experiments/paper-plots/uncertainty-animals/no-post-processing-no-weight-iou-entropies/20200111_USVpairs_court1_M1_F1_top-01112020145828-0000@0-2560_frame_meta_entropy_histogram.csv,Mice-hc,20200111_USVpairs_court1,Mice
581.0,0.0201601113346208,Correctly Tracked,/root/vast/mustafa/dreem-experiments/paper-plots/uncertainty-animals/no-post-processing-no-weight-iou-entropies/20200111_USVpairs_court1_M1_F1_top-01112020145828-0000@0-2560_frame_meta_entropy_histogram.csv,Mice-hc,20200111_USVpairs_court1,Mice
582.0,0.0143517882935372,Correctly Tracked,/root/vast/mustafa/dreem-experiments/paper-plots/uncertainty-animals/no-post-processing-no-weight-iou-entropies/20200111_USVpairs_court1_M1_F1_top-01112020145828-0000@0-2560_frame_meta_entropy_histogram.csv,Mice-hc,20200111_USVpairs_court1,Mice
583.0,0.0122629488224227,Correctly Tracked,/root/vast/mustafa/dreem-experiments/paper-plots/uncertainty-animals/no-post-processing-no-weight-iou-entropies/20200111_USVpairs_court1_M1_F1_top-01112020145828-0000@0-2560_frame_meta_entropy_histogram.csv,Mice-hc,20200111_USVpairs_court1,Mice
584.0,0.0145933930148669,Correctly Tracked,/root/vast/mustafa/dreem-experiments/paper-plots/uncertainty-animals/no-post-processing-no-weight-iou-entropies/20200111_USVpairs_court1_M1_F1_top-01112020145828-0000@0-2560_frame_meta_entropy_histogram.csv,Mice-hc,20200111_USVpairs_court1,Mice
585.0,0.0142272701670836,Correctly Tracked,/root/vast/mustafa/dreem-experiments/paper-plots/uncertainty-animals/no-post-processing-no-weight-iou-entropies/20200111_USVpairs_court1_M1_F1_top-01112020145828-0000@0-2560_frame_meta_entropy_histogram.csv,Mice-hc,20200111_USVpairs_court1,Mice
586.0,0.0134284349388862,Correctly Tracked,/root/vast/mustafa/dreem-experiments/paper-plots/uncertainty-animals/no-post-processing-no-weight-iou-entropies/20200111_USVpairs_court1_M1_F1_top-01112020145828-0000@0-2560_frame_meta_entropy_histogram.csv,Mice-hc,20200111_USVpairs_court1,Mice
587.0,0.0130404716380578,Correctly Tracked,/root/vast/mustafa/dreem-experiments/paper-plots/uncertainty-animals/no-post-processing-no-weight-iou-entropies/20200111_USVpairs_court1_M1_F1_top-01112020145828-0000@0-2560_frame_meta_entropy_histogram.csv,Mice-hc,20200111_USVpairs_court1,Mice
588.0,0.0123416738808552,Correctly Tracked,/root/vast/mustafa/dreem-experiments/paper-plots/uncertainty-animals/no-post-processing-no-weight-iou-entropies/20200111_USVpairs_court1_M1_F1_top-01112020145828-0000@0-2560_frame_meta_entropy_histogram.csv,Mice-hc,20200111_USVpairs_court1,Mice
589.0,0.0108162374814371,Correctly Tracked,/root/vast/mustafa/dreem-experiments/paper-plots/uncertainty-animals/no-post-processing-no-weight-iou-entropies/20200111_USVpairs_court1_M1_F1_top-01112020145828-0000@0-2560_frame_meta_entropy_histogram.csv,Mice-hc,20200111_USVpairs_court1,Mice
59.0,0.0049611203795598,Correctly Tracked,/root/vast/mustafa/dreem-experiments/paper-plots/uncertainty-animals/no-post-processing-no-weight-iou-entropies/20200111_USVpairs_court1_M1_F1_top-01112020145828-0000@0-2560_frame_meta_entropy_histogram.csv,Mice-hc,20200111_USVpairs_court1,Mice
590.0,0.0082387939556068,Correctly Tracked,/root/vast/mustafa/dreem-experiments/paper-plots/uncertainty-animals/no-post-processing-no-weight-iou-entropies/20200111_USVpairs_court1_M1_F1_top-01112020145828-0000@0-2560_frame_meta_entropy_histogram.csv,Mice-hc,20200111_USVpairs_court1,Mice
591.0,0.0082254317098035,Correctly Tracked,/root/vast/mustafa/dreem-experiments/paper-plots/uncertainty-animals/no-post-processing-no-weight-iou-entropies/20200111_USVpairs_court1_M1_F1_top-01112020145828-0000@0-2560_frame_meta_entropy_histogram.csv,Mice-hc,20200111_USVpairs_court1,Mice
592.0,0.0063457547170779,Correctly Tracked,/root/vast/mustafa/dreem-experiments/paper-plots/uncertainty-animals/no-post-processing-no-weight-iou-entropies/20200111_USVpairs_court1_M1_F1_top-01112020145828-0000@0-2560_frame_meta_entropy_histogram.csv,Mice-hc,20200111_USVpairs_court1,Mice
593.0,0.0058725343761205,Correctly Tracked,/root/vast/mustafa/dreem-experiments/paper-plots/uncertainty-animals/no-post-processing-no-weight-iou-entropies/20200111_USVpairs_court1_M1_F1_top-01112020145828-0000@0-2560_frame_meta_entropy_histogram.csv,Mice-hc,20200111_USVpairs_court1,Mice
594.0,0.0061821461433362,Correctly Tracked,/root/vast/mustafa/dreem-experiments/paper-plots/uncertainty-animals/no-post-processing-no-weight-iou-entropies/20200111_USVpairs_court1_M1_F1_top-01112020145828-0000@0-2560_frame_meta_entropy_histogram.csv,Mice-hc,20200111_USVpairs_court1,Mice
595.0,0.0059315869034388,Correctly Tracked,/root/vast/mustafa/dreem-experiments/paper-plots/uncertainty-animals/no-post-processing-no-weight-iou-entropies/20200111_USVpairs_court1_M1_F1_top-01112020145828-0000@0-2560_frame_meta_entropy_histogram.csv,Mice-hc,20200111_USVpairs_court1,Mice
596.0,0.0062533348682633,Correctly Tracked,/root/vast/mustafa/dreem-experiments/paper-plots/uncertainty-animals/no-post-processing-no-weight-iou-entropies/20200111_USVpairs_court1_M1_F1_top-01112020145828-0000@0-2560_frame_meta_entropy_histogram.csv,Mice-hc,20200111_USVpairs_court1,Mice
597.0,0.0742851758156077,Correctly Tracked,/root/vast/mustafa/dreem-experiments/paper-plots/uncertainty-animals/no-post-processing-no-weight-iou-entropies/20200111_USVpairs_court1_M1_F1_top-01112020145828-0000@0-2560_frame_meta_entropy_histogram.csv,Mice-hc,20200111_USVpairs_court1,Mice
598.0,0.2175876128595699,Correctly Tracked,/root/vast/mustafa/dreem-experiments/paper-plots/uncertainty-animals/no-post-processing-no-weight-iou-entropies/20200111_USVpairs_court1_M1_F1_top-01112020145828-0000@0-2560_frame_meta_entropy_histogram.csv,Mice-hc,20200111_USVpairs_court1,Mice
599.0,0.0161847202673968,Correctly Tracked,/root/vast/mustafa/dreem-experiments/paper-plots/uncertainty-animals/no-post-processing-no-weight-iou-entropies/20200111_USVpairs_court1_M1_F1_top-01112020145828-0000@0-2560_frame_meta_entropy_histogram.csv,Mice-hc,20200111_USVpairs_court1,Mice
6.0,0.2088861721369975,Correctly Tracked,/root/vast/mustafa/dreem-experiments/paper-plots/uncertainty-animals/no-post-processing-no-weight-iou-entropies/20200111_USVpairs_court1_M1_F1_top-01112020145828-0000@0-2560_frame_meta_entropy_histogram.csv,Mice-hc,20200111_USVpairs_court1,Mice
60.0,0.0048942090512657,Correctly Tracked,/root/vast/mustafa/dreem-experiments/paper-plots/uncertainty-animals/no-post-processing-no-weight-iou-entropies/20200111_USVpairs_court1_M1_F1_top-01112020145828-0000@0-2560_frame_meta_entropy_histogram.csv,Mice-hc,20200111_USVpairs_court1,Mice
600.0,0.013819832518274,Correctly Tracked,/root/vast/mustafa/dreem-experiments/paper-plots/uncertainty-animals/no-post-processing-no-weight-iou-entropies/20200111_USVpairs_court1_M1_F1_top-01112020145828-0000@0-2560_frame_meta_entropy_histogram.csv,Mice-hc,20200111_USVpairs_court1,Mice
601.0,0.0324849430082216,Correctly Tracked,/root/vast/mustafa/dreem-experiments/paper-plots/uncertainty-animals/no-post-processing-no-weight-iou-entropies/20200111_USVpairs_court1_M1_F1_top-01112020145828-0000@0-2560_frame_meta_entropy_histogram.csv,Mice-hc,20200111_USVpairs_court1,Mice
602.0,0.0341669709548647,Correctly Tracked,/root/vast/mustafa/dreem-experiments/paper-plots/uncertainty-animals/no-post-processing-no-weight-iou-entropies/20200111_USVpairs_court1_M1_F1_top-01112020145828-0000@0-2560_frame_meta_entropy_histogram.csv,Mice-hc,20200111_USVpairs_court1,Mice
603.0,0.0517201383645745,Correctly Tracked,/root/vast/mustafa/dreem-experiments/paper-plots/uncertainty-animals/no-post-processing-no-weight-iou-entropies/20200111_USVpairs_court1_M1_F1_top-01112020145828-0000@0-2560_frame_meta_entropy_histogram.csv,Mice-hc,20200111_USVpairs_court1,Mice
604.0,0.0443387262936393,Correctly Tracked,/root/vast/mustafa/dreem-experiments/paper-plots/uncertainty-animals/no-post-processing-no-weight-iou-entropies/20200111_USVpairs_court1_M1_F1_top-01112020145828-0000@0-2560_frame_meta_entropy_histogram.csv,Mice-hc,20200111_USVpairs_court1,Mice
605.0,0.0413261250090779,Correctly Tracked,/root/vast/mustafa/dreem-experiments/paper-plots/uncertainty-animals/no-post-processing-no-weight-iou-entropies/20200111_USVpairs_court1_M1_F1_top-01112020145828-0000@0-2560_frame_meta_entropy_histogram.csv,Mice-hc,20200111_USVpairs_court1,Mice
606.0,0.0154506230711046,Correctly Tracked,/root/vast/mustafa/dreem-experiments/paper-plots/uncertainty-animals/no-post-processing-no-weight-iou-entropies/20200111_USVpairs_court1_M1_F1_top-01112020145828-0000@0-2560_frame_meta_entropy_histogram.csv,Mice-hc,20200111_USVpairs_court1,Mice
607.0,0.0074114028892938,Correctly Tracked,/root/vast/mustafa/dreem-experiments/paper-plots/uncertainty-animals/no-post-processing-no-weight-iou-entropies/20200111_USVpairs_court1_M1_F1_top-01112020145828-0000@0-2560_frame_meta_entropy_histogram.csv,Mice-hc,20200111_USVpairs_court1,Mice
608.0,0.008462311610885,Correctly Tracked,/root/vast/mustafa/dreem-experiments/paper-plots/uncertainty-animals/no-post-processing-no-weight-iou-entropies/20200111_USVpairs_court1_M1_F1_top-01112020145828-0000@0-2560_frame_meta_entropy_histogram.csv,Mice-hc,20200111_USVpairs_court1,Mice
609.0,0.0074615842021409,Correctly Tracked,/root/vast/mustafa/dreem-experiments/paper-plots/uncertainty-animals/no-post-processing-no-weight-iou-entropies/20200111_USVpairs_court1_M1_F1_top-01112020145828-0000@0-2560_frame_meta_entropy_histogram.csv,Mice-hc,20200111_USVpairs_court1,Mice
61.0,0.0047664837170964,Correctly Tracked,/root/vast/mustafa/dreem-experiments/paper-plots/uncertainty-animals/no-post-processing-no-weight-iou-entropies/20200111_USVpairs_court1_M1_F1_top-01112020145828-0000@0-2560_frame_meta_entropy_histogram.csv,Mice-hc,20200111_USVpairs_court1,Mice
610.0,0.008141812535701,Correctly Tracked,/root/vast/mustafa/dreem-experiments/paper-plots/uncertainty-animals/no-post-processing-no-weight-iou-entropies/20200111_USVpairs_court1_M1_F1_top-01112020145828-0000@0-2560_frame_meta_entropy_histogram.csv,Mice-hc,20200111_USVpairs_court1,Mice
611.0,0.0079324458279141,Correctly Tracked,/root/vast/mustafa/dreem-experiments/paper-plots/uncertainty-animals/no-post-processing-no-weight-iou-entropies/20200111_USVpairs_court1_M1_F1_top-01112020145828-0000@0-2560_frame_meta_entropy_histogram.csv,Mice-hc,20200111_USVpairs_court1,Mice
612.0,0.0081819402533521,Correctly Tracked,/root/vast/mustafa/dreem-experiments/paper-plots/uncertainty-animals/no-post-processing-no-weight-iou-entropies/20200111_USVpairs_court1_M1_F1_top-01112020145828-0000@0-2560_frame_meta_entropy_histogram.csv,Mice-hc,20200111_USVpairs_court1,Mice
613.0,0.0081633244750106,Correctly Tracked,/root/vast/mustafa/dreem-experiments/paper-plots/uncertainty-animals/no-post-processing-no-weight-iou-entropies/20200111_USVpairs_court1_M1_F1_top-01112020145828-0000@0-2560_frame_meta_entropy_histogram.csv,Mice-hc,20200111_USVpairs_court1,Mice
614.0,0.008453096431112,Correctly Tracked,/root/vast/mustafa/dreem-experiments/paper-plots/uncertainty-animals/no-post-processing-no-weight-iou-entropies/20200111_USVpairs_court1_M1_F1_top-01112020145828-0000@0-2560_frame_meta_entropy_histogram.csv,Mice-hc,20200111_USVpairs_court1,Mice
615.0,0.0081260741077253,Correctly Tracked,/root/vast/mustafa/dreem-experiments/paper-plots/uncertainty-animals/no-post-processing-no-weight-iou-entropies/20200111_USVpairs_court1_M1_F1_top-01112020145828-0000@0-2560_frame_meta_entropy_histogram.csv,Mice-hc,20200111_USVpairs_court1,Mice
616.0,0.0074771956585501,Correctly Tracked,/root/vast/mustafa/dreem-experiments/paper-plots/uncertainty-animals/no-post-processing-no-weight-iou-entropies/20200111_USVpairs_court1_M1_F1_top-01112020145828-0000@0-2560_frame_meta_entropy_histogram.csv,Mice-hc,20200111_USVpairs_court1,Mice
617.0,0.0069094231526302,Correctly Tracked,/root/vast/mustafa/dreem-experiments/paper-plots/uncertainty-animals/no-post-processing-no-weight-iou-entropies/20200111_USVpairs_court1_M1_F1_top-01112020145828-0000@0-2560_frame_meta_entropy_histogram.csv,Mice-hc,20200111_USVpairs_court1,Mice
618.0,0.0069553734235431,Correctly Tracked,/root/vast/mustafa/dreem-experiments/paper-plots/uncertainty-animals/no-post-processing-no-weight-iou-entropies/20200111_USVpairs_court1_M1_F1_top-01112020145828-0000@0-2560_frame_meta_entropy_histogram.csv,Mice-hc,20200111_USVpairs_court1,Mice
619.0,0.0071847499096736,Correctly Tracked,/root/vast/mustafa/dreem-experiments/paper-plots/uncertainty-animals/no-post-processing-no-weight-iou-entropies/20200111_USVpairs_court1_M1_F1_top-01112020145828-0000@0-2560_frame_meta_entropy_histogram.csv,Mice-hc,20200111_USVpairs_court1,Mice
62.0,0.0047805439706117,Correctly Tracked,/root/vast/mustafa/dreem-experiments/paper-plots/uncertainty-animals/no-post-processing-no-weight-iou-entropies/20200111_USVpairs_court1_M1_F1_top-01112020145828-0000@0-2560_frame_meta_entropy_histogram.csv,Mice-hc,20200111_USVpairs_court1,Mice
620.0,0.0068541448383296,Correctly Tracked,/root/vast/mustafa/dreem-experiments/paper-plots/uncertainty-animals/no-post-processing-no-weight-iou-entropies/20200111_USVpairs_court1_M1_F1_top-01112020145828-0000@0-2560_frame_meta_entropy_histogram.csv,Mice-hc,20200111_USVpairs_court1,Mice
621.0,0.0063014046909867,Correctly Tracked,/root/vast/mustafa/dreem-experiments/paper-plots/uncertainty-animals/no-post-processing-no-weight-iou-entropies/20200111_USVpairs_court1_M1_F1_top-01112020145828-0000@0-2560_frame_meta_entropy_histogram.csv,Mice-hc,20200111_USVpairs_court1,Mice
622.0,0.0057451489764095,Correctly Tracked,/root/vast/mustafa/dreem-experiments/paper-plots/uncertainty-animals/no-post-processing-no-weight-iou-entropies/20200111_USVpairs_court1_M1_F1_top-01112020145828-0000@0-2560_frame_meta_entropy_histogram.csv,Mice-hc,20200111_USVpairs_court1,Mice
623.0,0.0053612716071536,Correctly Tracked,/root/vast/mustafa/dreem-experiments/paper-plots/uncertainty-animals/no-post-processing-no-weight-iou-entropies/20200111_USVpairs_court1_M1_F1_top-01112020145828-0000@0-2560_frame_meta_entropy_histogram.csv,Mice-hc,20200111_USVpairs_court1,Mice
624.0,0.0051295961966823,Correctly Tracked,/root/vast/mustafa/dreem-experiments/paper-plots/uncertainty-animals/no-post-processing-no-weight-iou-entropies/20200111_USVpairs_court1_M1_F1_top-01112020145828-0000@0-2560_frame_meta_entropy_histogram.csv,Mice-hc,20200111_USVpairs_court1,Mice
625.0,0.0049820266846517,Correctly Tracked,/root/vast/mustafa/dreem-experiments/paper-plots/uncertainty-animals/no-post-processing-no-weight-iou-entropies/20200111_USVpairs_court1_M1_F1_top-01112020145828-0000@0-2560_frame_meta_entropy_histogram.csv,Mice-hc,20200111_USVpairs_court1,Mice
626.0,0.0047946300887053,Correctly Tracked,/root/vast/mustafa/dreem-experiments/paper-plots/uncertainty-animals/no-post-processing-no-weight-iou-entropies/20200111_USVpairs_court1_M1_F1_top-01112020145828-0000@0-2560_frame_meta_entropy_histogram.csv,Mice-hc,20200111_USVpairs_court1,Mice
627.0,0.0047245095372738,Correctly Tracked,/root/vast/mustafa/dreem-experiments/paper-plots/uncertainty-animals/no-post-processing-no-weight-iou-entropies/20200111_USVpairs_court1_M1_F1_top-01112020145828-0000@0-2560_frame_meta_entropy_histogram.csv,Mice-hc,20200111_USVpairs_court1,Mice
628.0,0.004575087180903,Correctly Tracked,/root/vast/mustafa/dreem-experiments/paper-plots/uncertainty-animals/no-post-processing-no-weight-iou-entropies/20200111_USVpairs_court1_M1_F1_top-01112020145828-0000@0-2560_frame_meta_entropy_histogram.csv,Mice-hc,20200111_USVpairs_court1,Mice
629.0,0.0045758170994583,Correctly Tracked,/root/vast/mustafa/dreem-experiments/paper-plots/uncertainty-animals/no-post-processing-no-weight-iou-entropies/20200111_USVpairs_court1_M1_F1_top-01112020145828-0000@0-2560_frame_meta_entropy_histogram.csv,Mice-hc,20200111_USVpairs_court1,Mice
63.0,0.0047715209277064,Correctly Tracked,/root/vast/mustafa/dreem-experiments/paper-plots/uncertainty-animals/no-post-processing-no-weight-iou-entropies/20200111_USVpairs_court1_M1_F1_top-01112020145828-0000@0-2560_frame_meta_entropy_histogram.csv,Mice-hc,20200111_USVpairs_court1,Mice
630.0,0.004581707841154,Correctly Tracked,/root/vast/mustafa/dreem-experiments/paper-plots/uncertainty-animals/no-post-processing-no-weight-iou-entropies/20200111_USVpairs_court1_M1_F1_top-01112020145828-0000@0-2560_frame_meta_entropy_histogram.csv,Mice-hc,20200111_USVpairs_court1,Mice
631.0,0.0045576541191899,Correctly Tracked,/root/vast/mustafa/dreem-experiments/paper-plots/uncertainty-animals/no-post-processing-no-weight-iou-entropies/20200111_USVpairs_court1_M1_F1_top-01112020145828-0000@0-2560_frame_meta_entropy_histogram.csv,Mice-hc,20200111_USVpairs_court1,Mice
632.0,0.0045387733128962,Correctly Tracked,/root/vast/mustafa/dreem-experiments/paper-plots/uncertainty-animals/no-post-processing-no-weight-iou-entropies/20200111_USVpairs_court1_M1_F1_top-01112020145828-0000@0-2560_frame_meta_entropy_histogram.csv,Mice-hc,20200111_USVpairs_court1,Mice
633.0,0.0045405670382001,Correctly Tracked,/root/vast/mustafa/dreem-experiments/paper-plots/uncertainty-animals/no-post-processing-no-weight-iou-entropies/20200111_USVpairs_court1_M1_F1_top-01112020145828-0000@0-2560_frame_meta_entropy_histogram.csv,Mice-hc,20200111_USVpairs_court1,Mice
634.0,0.0045328278189113,Correctly Tracked,/root/vast/mustafa/dreem-experiments/paper-plots/uncertainty-animals/no-post-processing-no-weight-iou-entropies/20200111_USVpairs_court1_M1_F1_top-01112020145828-0000@0-2560_frame_meta_entropy_histogram.csv,Mice-hc,20200111_USVpairs_court1,Mice
635.0,0.0045422747721786,Correctly Tracked,/root/vast/mustafa/dreem-experiments/paper-plots/uncertainty-animals/no-post-processing-no-weight-iou-entropies/20200111_USVpairs_court1_M1_F1_top-01112020145828-0000@0-2560_frame_meta_entropy_histogram.csv,Mice-hc,20200111_USVpairs_court1,Mice
636.0,0.0049806276460953,Correctly Tracked,/root/vast/mustafa/dreem-experiments/paper-plots/uncertainty-animals/no-post-processing-no-weight-iou-entropies/20200111_USVpairs_court1_M1_F1_top-01112020145828-0000@0-2560_frame_meta_entropy_histogram.csv,Mice-hc,20200111_USVpairs_court1,Mice
637.0,0.0045824582498298,Correctly Tracked,/root/vast/mustafa/dreem-experiments/paper-plots/uncertainty-animals/no-post-processing-no-weight-iou-entropies/20200111_USVpairs_court1_M1_F1_top-01112020145828-0000@0-2560_frame_meta_entropy_histogram.csv,Mice-hc,20200111_USVpairs_court1,Mice
638.0,0.0044900343701718,Correctly Tracked,/root/vast/mustafa/dreem-experiments/paper-plots/uncertainty-animals/no-post-processing-no-weight-iou-entropies/20200111_USVpairs_court1_M1_F1_top-01112020145828-0000@0-2560_frame_meta_entropy_histogram.csv,Mice-hc,20200111_USVpairs_court1,Mice
639.0,0.0046382881178662,Correctly Tracked,/root/vast/mustafa/dreem-experiments/paper-plots/uncertainty-animals/no-post-processing-no-weight-iou-entropies/20200111_USVpairs_court1_M1_F1_top-01112020145828-0000@0-2560_frame_meta_entropy_histogram.csv,Mice-hc,20200111_USVpairs_court1,Mice
64.0,0.0047677672048092,Correctly Tracked,/root/vast/mustafa/dreem-experiments/paper-plots/uncertainty-animals/no-post-processing-no-weight-iou-entropies/20200111_USVpairs_court1_M1_F1_top-01112020145828-0000@0-2560_frame_meta_entropy_histogram.csv,Mice-hc,20200111_USVpairs_court1,Mice
640.0,0.0045071795624869,Correctly Tracked,/root/vast/mustafa/dreem-experiments/paper-plots/uncertainty-animals/no-post-processing-no-weight-iou-entropies/20200111_USVpairs_court1_M1_F1_top-01112020145828-0000@0-2560_frame_meta_entropy_histogram.csv,Mice-hc,20200111_USVpairs_court1,Mice
641.0,0.0045359396300003,Correctly Tracked,/root/vast/mustafa/dreem-experiments/paper-plots/uncertainty-animals/no-post-processing-no-weight-iou-entropies/20200111_USVpairs_court1_M1_F1_top-01112020145828-0000@0-2560_frame_meta_entropy_histogram.csv,Mice-hc,20200111_USVpairs_court1,Mice
642.0,0.0044273016828479,Correctly Tracked,/root/vast/mustafa/dreem-experiments/paper-plots/uncertainty-animals/no-post-processing-no-weight-iou-entropies/20200111_USVpairs_court1_M1_F1_top-01112020145828-0000@0-2560_frame_meta_entropy_histogram.csv,Mice-hc,20200111_USVpairs_court1,Mice
643.0,0.0044131379710192,Correctly Tracked,/root/vast/mustafa/dreem-experiments/paper-plots/uncertainty-animals/no-post-processing-no-weight-iou-entropies/20200111_USVpairs_court1_M1_F1_top-01112020145828-0000@0-2560_frame_meta_entropy_histogram.csv,Mice-hc,20200111_USVpairs_court1,Mice
644.0,0.0044041915141382,Correctly Tracked,/root/vast/mustafa/dreem-experiments/paper-plots/uncertainty-animals/no-post-processing-no-weight-iou-entropies/20200111_USVpairs_court1_M1_F1_top-01112020145828-0000@0-2560_frame_meta_entropy_histogram.csv,Mice-hc,20200111_USVpairs_court1,Mice
645.0,0.0043882515439936,Correctly Tracked,/root/vast/mustafa/dreem-experiments/paper-plots/uncertainty-animals/no-post-processing-no-weight-iou-entropies/20200111_USVpairs_court1_M1_F1_top-01112020145828-0000@0-2560_frame_meta_entropy_histogram.csv,Mice-hc,20200111_USVpairs_court1,Mice
646.0,0.0043614901029892,Correctly Tracked,/root/vast/mustafa/dreem-experiments/paper-plots/uncertainty-animals/no-post-processing-no-weight-iou-entropies/20200111_USVpairs_court1_M1_F1_top-01112020145828-0000@0-2560_frame_meta_entropy_histogram.csv,Mice-hc,20200111_USVpairs_court1,Mice
647.0,0.0043610285714223,Correctly Tracked,/root/vast/mustafa/dreem-experiments/paper-plots/uncertainty-animals/no-post-processing-no-weight-iou-entropies/20200111_USVpairs_court1_M1_F1_top-01112020145828-0000@0-2560_frame_meta_entropy_histogram.csv,Mice-hc,20200111_USVpairs_court1,Mice
648.0,0.0043589755285276,Correctly Tracked,/root/vast/mustafa/dreem-experiments/paper-plots/uncertainty-animals/no-post-processing-no-weight-iou-entropies/20200111_USVpairs_court1_M1_F1_top-01112020145828-0000@0-2560_frame_meta_entropy_histogram.csv,Mice-hc,20200111_USVpairs_court1,Mice
649.0,0.0043677432846854,Correctly Tracked,/root/vast/mustafa/dreem-experiments/paper-plots/uncertainty-animals/no-post-processing-no-weight-iou-entropies/20200111_USVpairs_court1_M1_F1_top-01112020145828-0000@0-2560_frame_meta_entropy_histogram.csv,Mice-hc,20200111_USVpairs_court1,Mice
65.0,0.0047777949354268,Correctly Tracked,/root/vast/mustafa/dreem-experiments/paper-plots/uncertainty-animals/no-post-processing-no-weight-iou-entropies/20200111_USVpairs_court1_M1_F1_top-01112020145828-0000@0-2560_frame_meta_entropy_histogram.csv,Mice-hc,20200111_USVpairs_court1,Mice
650.0,0.0043616365569654,Correctly Tracked,/root/vast/mustafa/dreem-experiments/paper-plots/uncertainty-animals/no-post-processing-no-weight-iou-entropies/20200111_USVpairs_court1_M1_F1_top-01112020145828-0000@0-2560_frame_meta_entropy_histogram.csv,Mice-hc,20200111_USVpairs_court1,Mice
651.0,0.0043651185338381,Correctly Tracked,/root/vast/mustafa/dreem-experiments/paper-plots/uncertainty-animals/no-post-processing-no-weight-iou-entropies/20200111_USVpairs_court1_M1_F1_top-01112020145828-0000@0-2560_frame_meta_entropy_histogram.csv,Mice-hc,20200111_USVpairs_court1,Mice
652.0,0.0043597709482878,Correctly Tracked,/root/vast/mustafa/dreem-experiments/paper-plots/uncertainty-animals/no-post-processing-no-weight-iou-entropies/20200111_USVpairs_court1_M1_F1_top-01112020145828-0000@0-2560_frame_meta_entropy_histogram.csv,Mice-hc,20200111_USVpairs_court1,Mice
653.0,0.0043621451150384,Correctly Tracked,/root/vast/mustafa/dreem-experiments/paper-plots/uncertainty-animals/no-post-processing-no-weight-iou-entropies/20200111_USVpairs_court1_M1_F1_top-01112020145828-0000@0-2560_frame_meta_entropy_histogram.csv,Mice-hc,20200111_USVpairs_court1,Mice
654.0,0.0043874997917033,Correctly Tracked,/root/vast/mustafa/dreem-experiments/paper-plots/uncertainty-animals/no-post-processing-no-weight-iou-entropies/20200111_USVpairs_court1_M1_F1_top-01112020145828-0000@0-2560_frame_meta_entropy_histogram.csv,Mice-hc,20200111_USVpairs_court1,Mice
655.0,0.0043556823294865,Correctly Tracked,/root/vast/mustafa/dreem-experiments/paper-plots/uncertainty-animals/no-post-processing-no-weight-iou-entropies/20200111_USVpairs_court1_M1_F1_top-01112020145828-0000@0-2560_frame_meta_entropy_histogram.csv,Mice-hc,20200111_USVpairs_court1,Mice
656.0,0.0043552261723773,Correctly Tracked,/root/vast/mustafa/dreem-experiments/paper-plots/uncertainty-animals/no-post-processing-no-weight-iou-entropies/20200111_USVpairs_court1_M1_F1_top-01112020145828-0000@0-2560_frame_meta_entropy_histogram.csv,Mice-hc,20200111_USVpairs_court1,Mice
657.0,0.0043550417612927,Correctly Tracked,/root/vast/mustafa/dreem-experiments/paper-plots/uncertainty-animals/no-post-processing-no-weight-iou-entropies/20200111_USVpairs_court1_M1_F1_top-01112020145828-0000@0-2560_frame_meta_entropy_histogram.csv,Mice-hc,20200111_USVpairs_court1,Mice
658.0,0.0043545201029787,Correctly Tracked,/root/vast/mustafa/dreem-experiments/paper-plots/uncertainty-animals/no-post-processing-no-weight-iou-entropies/20200111_USVpairs_court1_M1_F1_top-01112020145828-0000@0-2560_frame_meta_entropy_histogram.csv,Mice-hc,20200111_USVpairs_court1,Mice
659.0,0.0043544341116532,Correctly Tracked,/root/vast/mustafa/dreem-experiments/paper-plots/uncertainty-animals/no-post-processing-no-weight-iou-entropies/20200111_USVpairs_court1_M1_F1_top-01112020145828-0000@0-2560_frame_meta_entropy_histogram.csv,Mice-hc,20200111_USVpairs_court1,Mice
66.0,0.0047980465643731,Correctly Tracked,/root/vast/mustafa/dreem-experiments/paper-plots/uncertainty-animals/no-post-processing-no-weight-iou-entropies/20200111_USVpairs_court1_M1_F1_top-01112020145828-0000@0-2560_frame_meta_entropy_histogram.csv,Mice-hc,20200111_USVpairs_court1,Mice
660.0,0.0043543887646652,Correctly Tracked,/root/vast/mustafa/dreem-experiments/paper-plots/uncertainty-animals/no-post-processing-no-weight-iou-entropies/20200111_USVpairs_court1_M1_F1_top-01112020145828-0000@0-2560_frame_meta_entropy_histogram.csv,Mice-hc,20200111_USVpairs_court1,Mice
661.0,0.0043543991776773,Correctly Tracked,/root/vast/mustafa/dreem-experiments/paper-plots/uncertainty-animals/no-post-processing-no-weight-iou-entropies/20200111_USVpairs_court1_M1_F1_top-01112020145828-0000@0-2560_frame_meta_entropy_histogram.csv,Mice-hc,20200111_USVpairs_court1,Mice
662.0,0.0043544435169545,Correctly Tracked,/root/vast/mustafa/dreem-experiments/paper-plots/uncertainty-animals/no-post-processing-no-weight-iou-entropies/20200111_USVpairs_court1_M1_F1_top-01112020145828-0000@0-2560_frame_meta_entropy_histogram.csv,Mice-hc,20200111_USVpairs_court1,Mice
663.0,0.0043582533357554,Correctly Tracked,/root/vast/mustafa/dreem-experiments/paper-plots/uncertainty-animals/no-post-processing-no-weight-iou-entropies/20200111_USVpairs_court1_M1_F1_top-01112020145828-0000@0-2560_frame_meta_entropy_histogram.csv,Mice-hc,20200111_USVpairs_court1,Mice
664.0,0.0043544153010508,Correctly Tracked,/root/vast/mustafa/dreem-experiments/paper-plots/uncertainty-animals/no-post-processing-no-weight-iou-entropies/20200111_USVpairs_court1_M1_F1_top-01112020145828-0000@0-2560_frame_meta_entropy_histogram.csv,Mice-hc,20200111_USVpairs_court1,Mice
665.0,0.0043544297449062,Correctly Tracked,/root/vast/mustafa/dreem-experiments/paper-plots/uncertainty-animals/no-post-processing-no-weight-iou-entropies/20200111_USVpairs_court1_M1_F1_top-01112020145828-0000@0-2560_frame_meta_entropy_histogram.csv,Mice-hc,20200111_USVpairs_court1,Mice
666.0,0.0043552181106906,Correctly Tracked,/root/vast/mustafa/dreem-experiments/paper-plots/uncertainty-animals/no-post-processing-no-weight-iou-entropies/20200111_USVpairs_court1_M1_F1_top-01112020145828-0000@0-2560_frame_meta_entropy_histogram.csv,Mice-hc,20200111_USVpairs_court1,Mice
667.0,0.0043570185540668,Correctly Tracked,/root/vast/mustafa/dreem-experiments/paper-plots/uncertainty-animals/no-post-processing-no-weight-iou-entropies/20200111_USVpairs_court1_M1_F1_top-01112020145828-0000@0-2560_frame_meta_entropy_histogram.csv,Mice-hc,20200111_USVpairs_court1,Mice
668.0,0.004354734409485,Correctly Tracked,/root/vast/mustafa/dreem-experiments/paper-plots/uncertainty-animals/no-post-processing-no-weight-iou-entropies/20200111_USVpairs_court1_M1_F1_top-01112020145828-0000@0-2560_frame_meta_entropy_histogram.csv,Mice-hc,20200111_USVpairs_court1,Mice
669.0,0.0043545557087619,Correctly Tracked,/root/vast/mustafa/dreem-experiments/paper-plots/uncertainty-animals/no-post-processing-no-weight-iou-entropies/20200111_USVpairs_court1_M1_F1_top-01112020145828-0000@0-2560_frame_meta_entropy_histogram.csv,Mice-hc,20200111_USVpairs_court1,Mice
67.0,0.004823509402002,Correctly Tracked,/root/vast/mustafa/dreem-experiments/paper-plots/uncertainty-animals/no-post-processing-no-weight-iou-entropies/20200111_USVpairs_court1_M1_F1_top-01112020145828-0000@0-2560_frame_meta_entropy_histogram.csv,Mice-hc,20200111_USVpairs_court1,Mice
670.0,0.0043549930552685,Correctly Tracked,/root/vast/mustafa/dreem-experiments/paper-plots/uncertainty-animals/no-post-processing-no-weight-iou-entropies/20200111_USVpairs_court1_M1_F1_top-01112020145828-0000@0-2560_frame_meta_entropy_histogram.csv,Mice-hc,20200111_USVpairs_court1,Mice
671.0,0.0043553323179197,Correctly Tracked,/root/vast/mustafa/dreem-experiments/paper-plots/uncertainty-animals/no-post-processing-no-weight-iou-entropies/20200111_USVpairs_court1_M1_F1_top-01112020145828-0000@0-2560_frame_meta_entropy_histogram.csv,Mice-hc,20200111_USVpairs_court1,Mice
672.0,0.0043613523825071,Correctly Tracked,/root/vast/mustafa/dreem-experiments/paper-plots/uncertainty-animals/no-post-processing-no-weight-iou-entropies/20200111_USVpairs_court1_M1_F1_top-01112020145828-0000@0-2560_frame_meta_entropy_histogram.csv,Mice-hc,20200111_USVpairs_court1,Mice
673.0,0.0043566006899698,Correctly Tracked,/root/vast/mustafa/dreem-experiments/paper-plots/uncertainty-animals/no-post-processing-no-weight-iou-entropies/20200111_USVpairs_court1_M1_F1_top-01112020145828-0000@0-2560_frame_meta_entropy_histogram.csv,Mice-hc,20200111_USVpairs_court1,Mice
674.0,0.0043601995613005,Correctly Tracked,/root/vast/mustafa/dreem-experiments/paper-plots/uncertainty-animals/no-post-processing-no-weight-iou-entropies/20200111_USVpairs_court1_M1_F1_top-01112020145828-0000@0-2560_frame_meta_entropy_histogram.csv,Mice-hc,20200111_USVpairs_court1,Mice
675.0,0.0043596325559985,Correctly Tracked,/root/vast/mustafa/dreem-experiments/paper-plots/uncertainty-animals/no-post-processing-no-weight-iou-entropies/20200111_USVpairs_court1_M1_F1_top-01112020145828-0000@0-2560_frame_meta_entropy_histogram.csv,Mice-hc,20200111_USVpairs_court1,Mice
676.0,0.0044864113137808,Correctly Tracked,/root/vast/mustafa/dreem-experiments/paper-plots/uncertainty-animals/no-post-processing-no-weight-iou-entropies/20200111_USVpairs_court1_M1_F1_top-01112020145828-0000@0-2560_frame_meta_entropy_histogram.csv,Mice-hc,20200111_USVpairs_court1,Mice
677.0,0.0043679273598664,Correctly Tracked,/root/vast/mustafa/dreem-experiments/paper-plots/uncertainty-animals/no-post-processing-no-weight-iou-entropies/20200111_USVpairs_court1_M1_F1_top-01112020145828-0000@0-2560_frame_meta_entropy_histogram.csv,Mice-hc,20200111_USVpairs_court1,Mice
678.0,0.0129807291647143,Correctly Tracked,/root/vast/mustafa/dreem-experiments/paper-plots/uncertainty-animals/no-post-processing-no-weight-iou-entropies/20200111_USVpairs_court1_M1_F1_top-01112020145828-0000@0-2560_frame_meta_entropy_histogram.csv,Mice-hc,20200111_USVpairs_court1,Mice
679.0,0.0227589048942183,Correctly Tracked,/root/vast/mustafa/dreem-experiments/paper-plots/uncertainty-animals/no-post-processing-no-weight-iou-entropies/20200111_USVpairs_court1_M1_F1_top-01112020145828-0000@0-2560_frame_meta_entropy_histogram.csv,Mice-hc,20200111_USVpairs_court1,Mice
68.0,0.0049599981255822,Correctly Tracked,/root/vast/mustafa/dreem-experiments/paper-plots/uncertainty-animals/no-post-processing-no-weight-iou-entropies/20200111_USVpairs_court1_M1_F1_top-01112020145828-0000@0-2560_frame_meta_entropy_histogram.csv,Mice-hc,20200111_USVpairs_court1,Mice
680.0,0.0469030547987267,Correctly Tracked,/root/vast/mustafa/dreem-experiments/paper-plots/uncertainty-animals/no-post-processing-no-weight-iou-entropies/20200111_USVpairs_court1_M1_F1_top-01112020145828-0000@0-2560_frame_meta_entropy_histogram.csv,Mice-hc,20200111_USVpairs_court1,Mice
681.0,0.0392027895803208,Correctly Tracked,/root/vast/mustafa/dreem-experiments/paper-plots/uncertainty-animals/no-post-processing-no-weight-iou-entropies/20200111_USVpairs_court1_M1_F1_top-01112020145828-0000@0-2560_frame_meta_entropy_histogram.csv,Mice-hc,20200111_USVpairs_court1,Mice
682.0,0.0301805420948529,Correctly Tracked,/root/vast/mustafa/dreem-experiments/paper-plots/uncertainty-animals/no-post-processing-no-weight-iou-entropies/20200111_USVpairs_court1_M1_F1_top-01112020145828-0000@0-2560_frame_meta_entropy_histogram.csv,Mice-hc,20200111_USVpairs_court1,Mice
683.0,0.0208394307129987,Correctly Tracked,/root/vast/mustafa/dreem-experiments/paper-plots/uncertainty-animals/no-post-processing-no-weight-iou-entropies/20200111_USVpairs_court1_M1_F1_top-01112020145828-0000@0-2560_frame_meta_entropy_histogram.csv,Mice-hc,20200111_USVpairs_court1,Mice
684.0,0.0137313528188629,Correctly Tracked,/root/vast/mustafa/dreem-experiments/paper-plots/uncertainty-animals/no-post-processing-no-weight-iou-entropies/20200111_USVpairs_court1_M1_F1_top-01112020145828-0000@0-2560_frame_meta_entropy_histogram.csv,Mice-hc,20200111_USVpairs_court1,Mice
685.0,0.0098360787946518,Correctly Tracked,/root/vast/mustafa/dreem-experiments/paper-plots/uncertainty-animals/no-post-processing-no-weight-iou-entropies/20200111_USVpairs_court1_M1_F1_top-01112020145828-0000@0-2560_frame_meta_entropy_histogram.csv,Mice-hc,20200111_USVpairs_court1,Mice
686.0,0.0086930780661742,Correctly Tracked,/root/vast/mustafa/dreem-experiments/paper-plots/uncertainty-animals/no-post-processing-no-weight-iou-entropies/20200111_USVpairs_court1_M1_F1_top-01112020145828-0000@0-2560_frame_meta_entropy_histogram.csv,Mice-hc,20200111_USVpairs_court1,Mice
687.0,0.012342634565194,Correctly Tracked,/root/vast/mustafa/dreem-experiments/paper-plots/uncertainty-animals/no-post-processing-no-weight-iou-entropies/20200111_USVpairs_court1_M1_F1_top-01112020145828-0000@0-2560_frame_meta_entropy_histogram.csv,Mice-hc,20200111_USVpairs_court1,Mice
688.0,0.0111286264997414,Correctly Tracked,/root/vast/mustafa/dreem-experiments/paper-plots/uncertainty-animals/no-post-processing-no-weight-iou-entropies/20200111_USVpairs_court1_M1_F1_top-01112020145828-0000@0-2560_frame_meta_entropy_histogram.csv,Mice-hc,20200111_USVpairs_court1,Mice
689.0,0.0182879686599789,Correctly Tracked,/root/vast/mustafa/dreem-experiments/paper-plots/uncertainty-animals/no-post-processing-no-weight-iou-entropies/20200111_USVpairs_court1_M1_F1_top-01112020145828-0000@0-2560_frame_meta_entropy_histogram.csv,Mice-hc,20200111_USVpairs_court1,Mice
69.0,0.0049971621656384,Correctly Tracked,/root/vast/mustafa/dreem-experiments/paper-plots/uncertainty-animals/no-post-processing-no-weight-iou-entropies/20200111_USVpairs_court1_M1_F1_top-01112020145828-0000@0-2560_frame_meta_entropy_histogram.csv,Mice-hc,20200111_USVpairs_court1,Mice
690.0,0.0460304793217429,Correctly Tracked,/root/vast/mustafa/dreem-experiments/paper-plots/uncertainty-animals/no-post-processing-no-weight-iou-entropies/20200111_USVpairs_court1_M1_F1_top-01112020145828-0000@0-2560_frame_meta_entropy_histogram.csv,Mice-hc,20200111_USVpairs_court1,Mice
691.0,0.0302280737999852,Correctly Tracked,/root/vast/mustafa/dreem-experiments/paper-plots/uncertainty-animals/no-post-processing-no-weight-iou-entropies/20200111_USVpairs_court1_M1_F1_top-01112020145828-0000@0-2560_frame_meta_entropy_histogram.csv,Mice-hc,20200111_USVpairs_court1,Mice
692.0,0.0269745893150591,Correctly Tracked,/root/vast/mustafa/dreem-experiments/paper-plots/uncertainty-animals/no-post-processing-no-weight-iou-entropies/20200111_USVpairs_court1_M1_F1_top-01112020145828-0000@0-2560_frame_meta_entropy_histogram.csv,Mice-hc,20200111_USVpairs_court1,Mice
693.0,0.0347781623620552,Correctly Tracked,/root/vast/mustafa/dreem-experiments/paper-plots/uncertainty-animals/no-post-processing-no-weight-iou-entropies/20200111_USVpairs_court1_M1_F1_top-01112020145828-0000@0-2560_frame_meta_entropy_histogram.csv,Mice-hc,20200111_USVpairs_court1,Mice
694.0,0.0253037348662642,Correctly Tracked,/root/vast/mustafa/dreem-experiments/paper-plots/uncertainty-animals/no-post-processing-no-weight-iou-entropies/20200111_USVpairs_court1_M1_F1_top-01112020145828-0000@0-2560_frame_meta_entropy_histogram.csv,Mice-hc,20200111_USVpairs_court1,Mice
695.0,0.0268824872310642,Correctly Tracked,/root/vast/mustafa/dreem-experiments/paper-plots/uncertainty-animals/no-post-processing-no-weight-iou-entropies/20200111_USVpairs_court1_M1_F1_top-01112020145828-0000@0-2560_frame_meta_entropy_histogram.csv,Mice-hc,20200111_USVpairs_court1,Mice
696.0,0.0259828621077743,Correctly Tracked,/root/vast/mustafa/dreem-experiments/paper-plots/uncertainty-animals/no-post-processing-no-weight-iou-entropies/20200111_USVpairs_court1_M1_F1_top-01112020145828-0000@0-2560_frame_meta_entropy_histogram.csv,Mice-hc,20200111_USVpairs_court1,Mice
697.0,0.0215285517588614,Correctly Tracked,/root/vast/mustafa/dreem-experiments/paper-plots/uncertainty-animals/no-post-processing-no-weight-iou-entropies/20200111_USVpairs_court1_M1_F1_top-01112020145828-0000@0-2560_frame_meta_entropy_histogram.csv,Mice-hc,20200111_USVpairs_court1,Mice
698.0,0.0176835799727988,Correctly Tracked,/root/vast/mustafa/dreem-experiments/paper-plots/uncertainty-animals/no-post-processing-no-weight-iou-entropies/20200111_USVpairs_court1_M1_F1_top-01112020145828-0000@0-2560_frame_meta_entropy_histogram.csv,Mice-hc,20200111_USVpairs_court1,Mice
699.0,0.0214951629395337,Correctly Tracked,/root/vast/mustafa/dreem-experiments/paper-plots/uncertainty-animals/no-post-processing-no-weight-iou-entropies/20200111_USVpairs_court1_M1_F1_top-01112020145828-0000@0-2560_frame_meta_entropy_histogram.csv,Mice-hc,20200111_USVpairs_court1,Mice
7.0,0.3834103826142567,Correctly Tracked,/root/vast/mustafa/dreem-experiments/paper-plots/uncertainty-animals/no-post-processing-no-weight-iou-entropies/20200111_USVpairs_court1_M1_F1_top-01112020145828-0000@0-2560_frame_meta_entropy_histogram.csv,Mice-hc,20200111_USVpairs_court1,Mice
70.0,0.0051201354713668,Correctly Tracked,/root/vast/mustafa/dreem-experiments/paper-plots/uncertainty-animals/no-post-processing-no-weight-iou-entropies/20200111_USVpairs_court1_M1_F1_top-01112020145828-0000@0-2560_frame_meta_entropy_histogram.csv,Mice-hc,20200111_USVpairs_court1,Mice
700.0,0.0291672391265717,Correctly Tracked,/root/vast/mustafa/dreem-experiments/paper-plots/uncertainty-animals/no-post-processing-no-weight-iou-entropies/20200111_USVpairs_court1_M1_F1_top-01112020145828-0000@0-2560_frame_meta_entropy_histogram.csv,Mice-hc,20200111_USVpairs_court1,Mice
701.0,0.1018116010254782,Correctly Tracked,/root/vast/mustafa/dreem-experiments/paper-plots/uncertainty-animals/no-post-processing-no-weight-iou-entropies/20200111_USVpairs_court1_M1_F1_top-01112020145828-0000@0-2560_frame_meta_entropy_histogram.csv,Mice-hc,20200111_USVpairs_court1,Mice
702.0,0.1544157732111503,Correctly Tracked,/root/vast/mustafa/dreem-experiments/paper-plots/uncertainty-animals/no-post-processing-no-weight-iou-entropies/20200111_USVpairs_court1_M1_F1_top-01112020145828-0000@0-2560_frame_meta_entropy_histogram.csv,Mice-hc,20200111_USVpairs_court1,Mice
703.0,0.2411990035073681,Correctly Tracked,/root/vast/mustafa/dreem-experiments/paper-plots/uncertainty-animals/no-post-processing-no-weight-iou-entropies/20200111_USVpairs_court1_M1_F1_top-01112020145828-0000@0-2560_frame_meta_entropy_histogram.csv,Mice-hc,20200111_USVpairs_court1,Mice
704.0,0.2624661846325808,Correctly Tracked,/root/vast/mustafa/dreem-experiments/paper-plots/uncertainty-animals/no-post-processing-no-weight-iou-entropies/20200111_USVpairs_court1_M1_F1_top-01112020145828-0000@0-2560_frame_meta_entropy_histogram.csv,Mice-hc,20200111_USVpairs_court1,Mice
705.0,0.2347397650975882,Correctly Tracked,/root/vast/mustafa/dreem-experiments/paper-plots/uncertainty-animals/no-post-processing-no-weight-iou-entropies/20200111_USVpairs_court1_M1_F1_top-01112020145828-0000@0-2560_frame_meta_entropy_histogram.csv,Mice-hc,20200111_USVpairs_court1,Mice
706.0,0.1701903551646732,Correctly Tracked,/root/vast/mustafa/dreem-experiments/paper-plots/uncertainty-animals/no-post-processing-no-weight-iou-entropies/20200111_USVpairs_court1_M1_F1_top-01112020145828-0000@0-2560_frame_meta_entropy_histogram.csv,Mice-hc,20200111_USVpairs_court1,Mice
707.0,0.1239739196016848,Correctly Tracked,/root/vast/mustafa/dreem-experiments/paper-plots/uncertainty-animals/no-post-processing-no-weight-iou-entropies/20200111_USVpairs_court1_M1_F1_top-01112020145828-0000@0-2560_frame_meta_entropy_histogram.csv,Mice-hc,20200111_USVpairs_court1,Mice
708.0,0.0927112250463982,Correctly Tracked,/root/vast/mustafa/dreem-experiments/paper-plots/uncertainty-animals/no-post-processing-no-weight-iou-entropies/20200111_USVpairs_court1_M1_F1_top-01112020145828-0000@0-2560_frame_meta_entropy_histogram.csv,Mice-hc,20200111_USVpairs_court1,Mice
709.0,0.0701704102768474,Correctly Tracked,/root/vast/mustafa/dreem-experiments/paper-plots/uncertainty-animals/no-post-processing-no-weight-iou-entropies/20200111_USVpairs_court1_M1_F1_top-01112020145828-0000@0-2560_frame_meta_entropy_histogram.csv,Mice-hc,20200111_USVpairs_court1,Mice
71.0,0.0052814468002857,Correctly Tracked,/root/vast/mustafa/dreem-experiments/paper-plots/uncertainty-animals/no-post-processing-no-weight-iou-entropies/20200111_USVpairs_court1_M1_F1_top-01112020145828-0000@0-2560_frame_meta_entropy_histogram.csv,Mice-hc,20200111_USVpairs_court1,Mice
710.0,0.0574465640734858,Correctly Tracked,/root/vast/mustafa/dreem-experiments/paper-plots/uncertainty-animals/no-post-processing-no-weight-iou-entropies/20200111_USVpairs_court1_M1_F1_top-01112020145828-0000@0-2560_frame_meta_entropy_histogram.csv,Mice-hc,20200111_USVpairs_court1,Mice
711.0,0.0555525997564013,Correctly Tracked,/root/vast/mustafa/dreem-experiments/paper-plots/uncertainty-animals/no-post-processing-no-weight-iou-entropies/20200111_USVpairs_court1_M1_F1_top-01112020145828-0000@0-2560_frame_meta_entropy_histogram.csv,Mice-hc,20200111_USVpairs_court1,Mice
712.0,0.0636177960365647,Correctly Tracked,/root/vast/mustafa/dreem-experiments/paper-plots/uncertainty-animals/no-post-processing-no-weight-iou-entropies/20200111_USVpairs_court1_M1_F1_top-01112020145828-0000@0-2560_frame_meta_entropy_histogram.csv,Mice-hc,20200111_USVpairs_court1,Mice
713.0,0.0753332165921343,Correctly Tracked,/root/vast/mustafa/dreem-experiments/paper-plots/uncertainty-animals/no-post-processing-no-weight-iou-entropies/20200111_USVpairs_court1_M1_F1_top-01112020145828-0000@0-2560_frame_meta_entropy_histogram.csv,Mice-hc,20200111_USVpairs_court1,Mice
714.0,0.0819916162860712,Correctly Tracked,/root/vast/mustafa/dreem-experiments/paper-plots/uncertainty-animals/no-post-processing-no-weight-iou-entropies/20200111_USVpairs_court1_M1_F1_top-01112020145828-0000@0-2560_frame_meta_entropy_histogram.csv,Mice-hc,20200111_USVpairs_court1,Mice
715.0,0.0921237108132194,Correctly Tracked,/root/vast/mustafa/dreem-experiments/paper-plots/uncertainty-animals/no-post-processing-no-weight-iou-entropies/20200111_USVpairs_court1_M1_F1_top-01112020145828-0000@0-2560_frame_meta_entropy_histogram.csv,Mice-hc,20200111_USVpairs_court1,Mice
716.0,0.0989835613103529,Correctly Tracked,/root/vast/mustafa/dreem-experiments/paper-plots/uncertainty-animals/no-post-processing-no-weight-iou-entropies/20200111_USVpairs_court1_M1_F1_top-01112020145828-0000@0-2560_frame_meta_entropy_histogram.csv,Mice-hc,20200111_USVpairs_court1,Mice
717.0,0.1001860855030171,Correctly Tracked,/root/vast/mustafa/dreem-experiments/paper-plots/uncertainty-animals/no-post-processing-no-weight-iou-entropies/20200111_USVpairs_court1_M1_F1_top-01112020145828-0000@0-2560_frame_meta_entropy_histogram.csv,Mice-hc,20200111_USVpairs_court1,Mice
718.0,0.0899923620678237,Correctly Tracked,/root/vast/mustafa/dreem-experiments/paper-plots/uncertainty-animals/no-post-processing-no-weight-iou-entropies/20200111_USVpairs_court1_M1_F1_top-01112020145828-0000@0-2560_frame_meta_entropy_histogram.csv,Mice-hc,20200111_USVpairs_court1,Mice
719.0,0.0683203767781427,Correctly Tracked,/root/vast/mustafa/dreem-experiments/paper-plots/uncertainty-animals/no-post-processing-no-weight-iou-entropies/20200111_USVpairs_court1_M1_F1_top-01112020145828-0000@0-2560_frame_meta_entropy_histogram.csv,Mice-hc,20200111_USVpairs_court1,Mice
72.0,0.0053936769006966,Correctly Tracked,/root/vast/mustafa/dreem-experiments/paper-plots/uncertainty-animals/no-post-processing-no-weight-iou-entropies/20200111_USVpairs_court1_M1_F1_top-01112020145828-0000@0-2560_frame_meta_entropy_histogram.csv,Mice-hc,20200111_USVpairs_court1,Mice
720.0,0.0608182624458198,Correctly Tracked,/root/vast/mustafa/dreem-experiments/paper-plots/uncertainty-animals/no-post-processing-no-weight-iou-entropies/20200111_USVpairs_court1_M1_F1_top-01112020145828-0000@0-2560_frame_meta_entropy_histogram.csv,Mice-hc,20200111_USVpairs_court1,Mice
721.0,0.0690840388670098,Correctly Tracked,/root/vast/mustafa/dreem-experiments/paper-plots/uncertainty-animals/no-post-processing-no-weight-iou-entropies/20200111_USVpairs_court1_M1_F1_top-01112020145828-0000@0-2560_frame_meta_entropy_histogram.csv,Mice-hc,20200111_USVpairs_court1,Mice
722.0,0.0699546311690508,Correctly Tracked,/root/vast/mustafa/dreem-experiments/paper-plots/uncertainty-animals/no-post-processing-no-weight-iou-entropies/20200111_USVpairs_court1_M1_F1_top-01112020145828-0000@0-2560_frame_meta_entropy_histogram.csv,Mice-hc,20200111_USVpairs_court1,Mice
723.0,0.0752112110247207,Correctly Tracked,/root/vast/mustafa/dreem-experiments/paper-plots/uncertainty-animals/no-post-processing-no-weight-iou-entropies/20200111_USVpairs_court1_M1_F1_top-01112020145828-0000@0-2560_frame_meta_entropy_histogram.csv,Mice-hc,20200111_USVpairs_court1,Mice
724.0,0.0593528036522757,Correctly Tracked,/root/vast/mustafa/dreem-experiments/paper-plots/uncertainty-animals/no-post-processing-no-weight-iou-entropies/20200111_USVpairs_court1_M1_F1_top-01112020145828-0000@0-2560_frame_meta_entropy_histogram.csv,Mice-hc,20200111_USVpairs_court1,Mice
725.0,0.0432367178987177,Correctly Tracked,/root/vast/mustafa/dreem-experiments/paper-plots/uncertainty-animals/no-post-processing-no-weight-iou-entropies/20200111_USVpairs_court1_M1_F1_top-01112020145828-0000@0-2560_frame_meta_entropy_histogram.csv,Mice-hc,20200111_USVpairs_court1,Mice
726.0,0.0465682851943644,Correctly Tracked,/root/vast/mustafa/dreem-experiments/paper-plots/uncertainty-animals/no-post-processing-no-weight-iou-entropies/20200111_USVpairs_court1_M1_F1_top-01112020145828-0000@0-2560_frame_meta_entropy_histogram.csv,Mice-hc,20200111_USVpairs_court1,Mice
727.0,0.0586207057542998,Correctly Tracked,/root/vast/mustafa/dreem-experiments/paper-plots/uncertainty-animals/no-post-processing-no-weight-iou-entropies/20200111_USVpairs_court1_M1_F1_top-01112020145828-0000@0-2560_frame_meta_entropy_histogram.csv,Mice-hc,20200111_USVpairs_court1,Mice
728.0,0.0528784522670512,Correctly Tracked,/root/vast/mustafa/dreem-experiments/paper-plots/uncertainty-animals/no-post-processing-no-weight-iou-entropies/20200111_USVpairs_court1_M1_F1_top-01112020145828-0000@0-2560_frame_meta_entropy_histogram.csv,Mice-hc,20200111_USVpairs_court1,Mice
729.0,0.0586557203471239,Correctly Tracked,/root/vast/mustafa/dreem-experiments/paper-plots/uncertainty-animals/no-post-processing-no-weight-iou-entropies/20200111_USVpairs_court1_M1_F1_top-01112020145828-0000@0-2560_frame_meta_entropy_histogram.csv,Mice-hc,20200111_USVpairs_court1,Mice
73.0,0.0054787055263675,Correctly Tracked,/root/vast/mustafa/dreem-experiments/paper-plots/uncertainty-animals/no-post-processing-no-weight-iou-entropies/20200111_USVpairs_court1_M1_F1_top-01112020145828-0000@0-2560_frame_meta_entropy_histogram.csv,Mice-hc,20200111_USVpairs_court1,Mice
730.0,0.0883912519584115,Correctly Tracked,/root/vast/mustafa/dreem-experiments/paper-plots/uncertainty-animals/no-post-processing-no-weight-iou-entropies/20200111_USVpairs_court1_M1_F1_top-01112020145828-0000@0-2560_frame_meta_entropy_histogram.csv,Mice-hc,20200111_USVpairs_court1,Mice
731.0,0.0967682420356734,Correctly Tracked,/root/vast/mustafa/dreem-experiments/paper-plots/uncertainty-animals/no-post-processing-no-weight-iou-entropies/20200111_USVpairs_court1_M1_F1_top-01112020145828-0000@0-2560_frame_meta_entropy_histogram.csv,Mice-hc,20200111_USVpairs_court1,Mice
732.0,0.1969973339503219,Correctly Tracked,/root/vast/mustafa/dreem-experiments/paper-plots/uncertainty-animals/no-post-processing-no-weight-iou-entropies/20200111_USVpairs_court1_M1_F1_top-01112020145828-0000@0-2560_frame_meta_entropy_histogram.csv,Mice-hc,20200111_USVpairs_court1,Mice
733.0,0.2454262080785878,Correctly Tracked,/root/vast/mustafa/dreem-experiments/paper-plots/uncertainty-animals/no-post-processing-no-weight-iou-entropies/20200111_USVpairs_court1_M1_F1_top-01112020145828-0000@0-2560_frame_meta_entropy_histogram.csv,Mice-hc,20200111_USVpairs_court1,Mice
734.0,0.1869230417172371,Correctly Tracked,/root/vast/mustafa/dreem-experiments/paper-plots/uncertainty-animals/no-post-processing-no-weight-iou-entropies/20200111_USVpairs_court1_M1_F1_top-01112020145828-0000@0-2560_frame_meta_entropy_histogram.csv,Mice-hc,20200111_USVpairs_court1,Mice
735.0,0.2224556032900731,Correctly Tracked,/root/vast/mustafa/dreem-experiments/paper-plots/uncertainty-animals/no-post-processing-no-weight-iou-entropies/20200111_USVpairs_court1_M1_F1_top-01112020145828-0000@0-2560_frame_meta_entropy_histogram.csv,Mice-hc,20200111_USVpairs_court1,Mice
736.0,0.1248613500801369,Correctly Tracked,/root/vast/mustafa/dreem-experiments/paper-plots/uncertainty-animals/no-post-processing-no-weight-iou-entropies/20200111_USVpairs_court1_M1_F1_top-01112020145828-0000@0-2560_frame_meta_entropy_histogram.csv,Mice-hc,20200111_USVpairs_court1,Mice
737.0,0.1243614180119101,Correctly Tracked,/root/vast/mustafa/dreem-experiments/paper-plots/uncertainty-animals/no-post-processing-no-weight-iou-entropies/20200111_USVpairs_court1_M1_F1_top-01112020145828-0000@0-2560_frame_meta_entropy_histogram.csv,Mice-hc,20200111_USVpairs_court1,Mice
738.0,0.1813610582948398,Correctly Tracked,/root/vast/mustafa/dreem-experiments/paper-plots/uncertainty-animals/no-post-processing-no-weight-iou-entropies/20200111_USVpairs_court1_M1_F1_top-01112020145828-0000@0-2560_frame_meta_entropy_histogram.csv,Mice-hc,20200111_USVpairs_court1,Mice
739.0,0.1795141473561398,Correctly Tracked,/root/vast/mustafa/dreem-experiments/paper-plots/uncertainty-animals/no-post-processing-no-weight-iou-entropies/20200111_USVpairs_court1_M1_F1_top-01112020145828-0000@0-2560_frame_meta_entropy_histogram.csv,Mice-hc,20200111_USVpairs_court1,Mice
74.0,0.0057230256925206,Correctly Tracked,/root/vast/mustafa/dreem-experiments/paper-plots/uncertainty-animals/no-post-processing-no-weight-iou-entropies/20200111_USVpairs_court1_M1_F1_top-01112020145828-0000@0-2560_frame_meta_entropy_histogram.csv,Mice-hc,20200111_USVpairs_court1,Mice
740.0,0.1611343292116843,Correctly Tracked,/root/vast/mustafa/dreem-experiments/paper-plots/uncertainty-animals/no-post-processing-no-weight-iou-entropies/20200111_USVpairs_court1_M1_F1_top-01112020145828-0000@0-2560_frame_meta_entropy_histogram.csv,Mice-hc,20200111_USVpairs_court1,Mice
741.0,0.1589216971659246,Correctly Tracked,/root/vast/mustafa/dreem-experiments/paper-plots/uncertainty-animals/no-post-processing-no-weight-iou-entropies/20200111_USVpairs_court1_M1_F1_top-01112020145828-0000@0-2560_frame_meta_entropy_histogram.csv,Mice-hc,20200111_USVpairs_court1,Mice
742.0,0.1567891015463101,Correctly Tracked,/root/vast/mustafa/dreem-experiments/paper-plots/uncertainty-animals/no-post-processing-no-weight-iou-entropies/20200111_USVpairs_court1_M1_F1_top-01112020145828-0000@0-2560_frame_meta_entropy_histogram.csv,Mice-hc,20200111_USVpairs_court1,Mice
743.0,0.1546072436461391,Correctly Tracked,/root/vast/mustafa/dreem-experiments/paper-plots/uncertainty-animals/no-post-processing-no-weight-iou-entropies/20200111_USVpairs_court1_M1_F1_top-01112020145828-0000@0-2560_frame_meta_entropy_histogram.csv,Mice-hc,20200111_USVpairs_court1,Mice
744.0,0.1672560409202304,Correctly Tracked,/root/vast/mustafa/dreem-experiments/paper-plots/uncertainty-animals/no-post-processing-no-weight-iou-entropies/20200111_USVpairs_court1_M1_F1_top-01112020145828-0000@0-2560_frame_meta_entropy_histogram.csv,Mice-hc,20200111_USVpairs_court1,Mice
745.0,0.1307971270452688,Correctly Tracked,/root/vast/mustafa/dreem-experiments/paper-plots/uncertainty-animals/no-post-processing-no-weight-iou-entropies/20200111_USVpairs_court1_M1_F1_top-01112020145828-0000@0-2560_frame_meta_entropy_histogram.csv,Mice-hc,20200111_USVpairs_court1,Mice
746.0,0.1911643703636589,Correctly Tracked,/root/vast/mustafa/dreem-experiments/paper-plots/uncertainty-animals/no-post-processing-no-weight-iou-entropies/20200111_USVpairs_court1_M1_F1_top-01112020145828-0000@0-2560_frame_meta_entropy_histogram.csv,Mice-hc,20200111_USVpairs_court1,Mice
747.0,0.162570276857232,Correctly Tracked,/root/vast/mustafa/dreem-experiments/paper-plots/uncertainty-animals/no-post-processing-no-weight-iou-entropies/20200111_USVpairs_court1_M1_F1_top-01112020145828-0000@0-2560_frame_meta_entropy_histogram.csv,Mice-hc,20200111_USVpairs_court1,Mice
748.0,0.0813455957048521,Correctly Tracked,/root/vast/mustafa/dreem-experiments/paper-plots/uncertainty-animals/no-post-processing-no-weight-iou-entropies/20200111_USVpairs_court1_M1_F1_top-01112020145828-0000@0-2560_frame_meta_entropy_histogram.csv,Mice-hc,20200111_USVpairs_court1,Mice
749.0,0.1924039138219212,Correctly Tracked,/root/vast/mustafa/dreem-experiments/paper-plots/uncertainty-animals/no-post-processing-no-weight-iou-entropies/20200111_USVpairs_court1_M1_F1_top-01112020145828-0000@0-2560_frame_meta_entropy_histogram.csv,Mice-hc,20200111_USVpairs_court1,Mice
75.0,0.0053154644311806,Correctly Tracked,/root/vast/mustafa/dreem-experiments/paper-plots/uncertainty-animals/no-post-processing-no-weight-iou-entropies/20200111_USVpairs_court1_M1_F1_top-01112020145828-0000@0-2560_frame_meta_entropy_histogram.csv,Mice-hc,20200111_USVpairs_court1,Mice
750.0,0.1828945845969207,Correctly Tracked,/root/vast/mustafa/dreem-experiments/paper-plots/uncertainty-animals/no-post-processing-no-weight-iou-entropies/20200111_USVpairs_court1_M1_F1_top-01112020145828-0000@0-2560_frame_meta_entropy_histogram.csv,Mice-hc,20200111_USVpairs_court1,Mice
751.0,0.1425569997416287,Correctly Tracked,/root/vast/mustafa/dreem-experiments/paper-plots/uncertainty-animals/no-post-processing-no-weight-iou-entropies/20200111_USVpairs_court1_M1_F1_top-01112020145828-0000@0-2560_frame_meta_entropy_histogram.csv,Mice-hc,20200111_USVpairs_court1,Mice
752.0,0.1457638957387734,Correctly Tracked,/root/vast/mustafa/dreem-experiments/paper-plots/uncertainty-animals/no-post-processing-no-weight-iou-entropies/20200111_USVpairs_court1_M1_F1_top-01112020145828-0000@0-2560_frame_meta_entropy_histogram.csv,Mice-hc,20200111_USVpairs_court1,Mice
753.0,0.1702099396890402,Correctly Tracked,/root/vast/mustafa/dreem-experiments/paper-plots/uncertainty-animals/no-post-processing-no-weight-iou-entropies/20200111_USVpairs_court1_M1_F1_top-01112020145828-0000@0-2560_frame_meta_entropy_histogram.csv,Mice-hc,20200111_USVpairs_court1,Mice
754.0,0.232035187427951,Correctly Tracked,/root/vast/mustafa/dreem-experiments/paper-plots/uncertainty-animals/no-post-processing-no-weight-iou-entropies/20200111_USVpairs_court1_M1_F1_top-01112020145828-0000@0-2560_frame_meta_entropy_histogram.csv,Mice-hc,20200111_USVpairs_court1,Mice
755.0,0.1442596387340862,Correctly Tracked,/root/vast/mustafa/dreem-experiments/paper-plots/uncertainty-animals/no-post-processing-no-weight-iou-entropies/20200111_USVpairs_court1_M1_F1_top-01112020145828-0000@0-2560_frame_meta_entropy_histogram.csv,Mice-hc,20200111_USVpairs_court1,Mice
756.0,0.0934606179497015,Correctly Tracked,/root/vast/mustafa/dreem-experiments/paper-plots/uncertainty-animals/no-post-processing-no-weight-iou-entropies/20200111_USVpairs_court1_M1_F1_top-01112020145828-0000@0-2560_frame_meta_entropy_histogram.csv,Mice-hc,20200111_USVpairs_court1,Mice
757.0,0.0336153419766801,Correctly Tracked,/root/vast/mustafa/dreem-experiments/paper-plots/uncertainty-animals/no-post-processing-no-weight-iou-entropies/20200111_USVpairs_court1_M1_F1_top-01112020145828-0000@0-2560_frame_meta_entropy_histogram.csv,Mice-hc,20200111_USVpairs_court1,Mice
758.0,0.0181501447195293,Correctly Tracked,/root/vast/mustafa/dreem-experiments/paper-plots/uncertainty-animals/no-post-processing-no-weight-iou-entropies/20200111_USVpairs_court1_M1_F1_top-01112020145828-0000@0-2560_frame_meta_entropy_histogram.csv,Mice-hc,20200111_USVpairs_court1,Mice
759.0,0.0170236220787875,Correctly Tracked,/root/vast/mustafa/dreem-experiments/paper-plots/uncertainty-animals/no-post-processing-no-weight-iou-entropies/20200111_USVpairs_court1_M1_F1_top-01112020145828-0000@0-2560_frame_meta_entropy_histogram.csv,Mice-hc,20200111_USVpairs_court1,Mice
76.0,0.0061936447958838,Correctly Tracked,/root/vast/mustafa/dreem-experiments/paper-plots/uncertainty-animals/no-post-processing-no-weight-iou-entropies/20200111_USVpairs_court1_M1_F1_top-01112020145828-0000@0-2560_frame_meta_entropy_histogram.csv,Mice-hc,20200111_USVpairs_court1,Mice
760.0,0.0102520618314262,Correctly Tracked,/root/vast/mustafa/dreem-experiments/paper-plots/uncertainty-animals/no-post-processing-no-weight-iou-entropies/20200111_USVpairs_court1_M1_F1_top-01112020145828-0000@0-2560_frame_meta_entropy_histogram.csv,Mice-hc,20200111_USVpairs_court1,Mice
761.0,0.0114415489329863,Correctly Tracked,/root/vast/mustafa/dreem-experiments/paper-plots/uncertainty-animals/no-post-processing-no-weight-iou-entropies/20200111_USVpairs_court1_M1_F1_top-01112020145828-0000@0-2560_frame_meta_entropy_histogram.csv,Mice-hc,20200111_USVpairs_court1,Mice
762.0,0.0075098307101658,Correctly Tracked,/root/vast/mustafa/dreem-experiments/paper-plots/uncertainty-animals/no-post-processing-no-weight-iou-entropies/20200111_USVpairs_court1_M1_F1_top-01112020145828-0000@0-2560_frame_meta_entropy_histogram.csv,Mice-hc,20200111_USVpairs_court1,Mice
763.0,0.0089902392299976,Correctly Tracked,/root/vast/mustafa/dreem-experiments/paper-plots/uncertainty-animals/no-post-processing-no-weight-iou-entropies/20200111_USVpairs_court1_M1_F1_top-01112020145828-0000@0-2560_frame_meta_entropy_histogram.csv,Mice-hc,20200111_USVpairs_court1,Mice
764.0,0.0115677170179966,Correctly Tracked,/root/vast/mustafa/dreem-experiments/paper-plots/uncertainty-animals/no-post-processing-no-weight-iou-entropies/20200111_USVpairs_court1_M1_F1_top-01112020145828-0000@0-2560_frame_meta_entropy_histogram.csv,Mice-hc,20200111_USVpairs_court1,Mice
765.0,0.0119290539110738,Correctly Tracked,/root/vast/mustafa/dreem-experiments/paper-plots/uncertainty-animals/no-post-processing-no-weight-iou-entropies/20200111_USVpairs_court1_M1_F1_top-01112020145828-0000@0-2560_frame_meta_entropy_histogram.csv,Mice-hc,20200111_USVpairs_court1,Mice
766.0,0.0109121299018232,Correctly Tracked,/root/vast/mustafa/dreem-experiments/paper-plots/uncertainty-animals/no-post-processing-no-weight-iou-entropies/20200111_USVpairs_court1_M1_F1_top-01112020145828-0000@0-2560_frame_meta_entropy_histogram.csv,Mice-hc,20200111_USVpairs_court1,Mice
767.0,0.0103424360272257,Correctly Tracked,/root/vast/mustafa/dreem-experiments/paper-plots/uncertainty-animals/no-post-processing-no-weight-iou-entropies/20200111_USVpairs_court1_M1_F1_top-01112020145828-0000@0-2560_frame_meta_entropy_histogram.csv,Mice-hc,20200111_USVpairs_court1,Mice
768.0,0.0108144538332416,Correctly Tracked,/root/vast/mustafa/dreem-experiments/paper-plots/uncertainty-animals/no-post-processing-no-weight-iou-entropies/20200111_USVpairs_court1_M1_F1_top-01112020145828-0000@0-2560_frame_meta_entropy_histogram.csv,Mice-hc,20200111_USVpairs_court1,Mice
769.0,0.0098397206616453,Correctly Tracked,/root/vast/mustafa/dreem-experiments/paper-plots/uncertainty-animals/no-post-processing-no-weight-iou-entropies/20200111_USVpairs_court1_M1_F1_top-01112020145828-0000@0-2560_frame_meta_entropy_histogram.csv,Mice-hc,20200111_USVpairs_court1,Mice
77.0,0.0064552048791714,Correctly Tracked,/root/vast/mustafa/dreem-experiments/paper-plots/uncertainty-animals/no-post-processing-no-weight-iou-entropies/20200111_USVpairs_court1_M1_F1_top-01112020145828-0000@0-2560_frame_meta_entropy_histogram.csv,Mice-hc,20200111_USVpairs_court1,Mice
770.0,0.0106810436662926,Correctly Tracked,/root/vast/mustafa/dreem-experiments/paper-plots/uncertainty-animals/no-post-processing-no-weight-iou-entropies/20200111_USVpairs_court1_M1_F1_top-01112020145828-0000@0-2560_frame_meta_entropy_histogram.csv,Mice-hc,20200111_USVpairs_court1,Mice
771.0,0.0101145952924229,Correctly Tracked,/root/vast/mustafa/dreem-experiments/paper-plots/uncertainty-animals/no-post-processing-no-weight-iou-entropies/20200111_USVpairs_court1_M1_F1_top-01112020145828-0000@0-2560_frame_meta_entropy_histogram.csv,Mice-hc,20200111_USVpairs_court1,Mice
772.0,0.0074323263254701,Correctly Tracked,/root/vast/mustafa/dreem-experiments/paper-plots/uncertainty-animals/no-post-processing-no-weight-iou-entropies/20200111_USVpairs_court1_M1_F1_top-01112020145828-0000@0-2560_frame_meta_entropy_histogram.csv,Mice-hc,20200111_USVpairs_court1,Mice
773.0,0.0071001042141237,Correctly Tracked,/root/vast/mustafa/dreem-experiments/paper-plots/uncertainty-animals/no-post-processing-no-weight-iou-entropies/20200111_USVpairs_court1_M1_F1_top-01112020145828-0000@0-2560_frame_meta_entropy_histogram.csv,Mice-hc,20200111_USVpairs_court1,Mice
774.0,0.0063232263334294,Correctly Tracked,/root/vast/mustafa/dreem-experiments/paper-plots/uncertainty-animals/no-post-processing-no-weight-iou-entropies/20200111_USVpairs_court1_M1_F1_top-01112020145828-0000@0-2560_frame_meta_entropy_histogram.csv,Mice-hc,20200111_USVpairs_court1,Mice
775.0,0.0064328108569688,Correctly Tracked,/root/vast/mustafa/dreem-experiments/paper-plots/uncertainty-animals/no-post-processing-no-weight-iou-entropies/20200111_USVpairs_court1_M1_F1_top-01112020145828-0000@0-2560_frame_meta_entropy_histogram.csv,Mice-hc,20200111_USVpairs_court1,Mice
776.0,0.0104917552611867,Correctly Tracked,/root/vast/mustafa/dreem-experiments/paper-plots/uncertainty-animals/no-post-processing-no-weight-iou-entropies/20200111_USVpairs_court1_M1_F1_top-01112020145828-0000@0-2560_frame_meta_entropy_histogram.csv,Mice-hc,20200111_USVpairs_court1,Mice
777.0,0.0085539763483732,Correctly Tracked,/root/vast/mustafa/dreem-experiments/paper-plots/uncertainty-animals/no-post-processing-no-weight-iou-entropies/20200111_USVpairs_court1_M1_F1_top-01112020145828-0000@0-2560_frame_meta_entropy_histogram.csv,Mice-hc,20200111_USVpairs_court1,Mice
778.0,0.0072373658519219,Correctly Tracked,/root/vast/mustafa/dreem-experiments/paper-plots/uncertainty-animals/no-post-processing-no-weight-iou-entropies/20200111_USVpairs_court1_M1_F1_top-01112020145828-0000@0-2560_frame_meta_entropy_histogram.csv,Mice-hc,20200111_USVpairs_court1,Mice
779.0,0.0065996299974623,Correctly Tracked,/root/vast/mustafa/dreem-experiments/paper-plots/uncertainty-animals/no-post-processing-no-weight-iou-entropies/20200111_USVpairs_court1_M1_F1_top-01112020145828-0000@0-2560_frame_meta_entropy_histogram.csv,Mice-hc,20200111_USVpairs_court1,Mice
78.0,0.0065144871645623,Correctly Tracked,/root/vast/mustafa/dreem-experiments/paper-plots/uncertainty-animals/no-post-processing-no-weight-iou-entropies/20200111_USVpairs_court1_M1_F1_top-01112020145828-0000@0-2560_frame_meta_entropy_histogram.csv,Mice-hc,20200111_USVpairs_court1,Mice
780.0,0.0061264660883122,Correctly Tracked,/root/vast/mustafa/dreem-experiments/paper-plots/uncertainty-animals/no-post-processing-no-weight-iou-entropies/20200111_USVpairs_court1_M1_F1_top-01112020145828-0000@0-2560_frame_meta_entropy_histogram.csv,Mice-hc,20200111_USVpairs_court1,Mice
781.0,0.0059266820388531,Correctly Tracked,/root/vast/mustafa/dreem-experiments/paper-plots/uncertainty-animals/no-post-processing-no-weight-iou-entropies/20200111_USVpairs_court1_M1_F1_top-01112020145828-0000@0-2560_frame_meta_entropy_histogram.csv,Mice-hc,20200111_USVpairs_court1,Mice
782.0,0.0058184297090506,Correctly Tracked,/root/vast/mustafa/dreem-experiments/paper-plots/uncertainty-animals/no-post-processing-no-weight-iou-entropies/20200111_USVpairs_court1_M1_F1_top-01112020145828-0000@0-2560_frame_meta_entropy_histogram.csv,Mice-hc,20200111_USVpairs_court1,Mice
783.0,0.0058154401668774,Correctly Tracked,/root/vast/mustafa/dreem-experiments/paper-plots/uncertainty-animals/no-post-processing-no-weight-iou-entropies/20200111_USVpairs_court1_M1_F1_top-01112020145828-0000@0-2560_frame_meta_entropy_histogram.csv,Mice-hc,20200111_USVpairs_court1,Mice
784.0,0.005736712421216,Correctly Tracked,/root/vast/mustafa/dreem-experiments/paper-plots/uncertainty-animals/no-post-processing-no-weight-iou-entropies/20200111_USVpairs_court1_M1_F1_top-01112020145828-0000@0-2560_frame_meta_entropy_histogram.csv,Mice-hc,20200111_USVpairs_court1,Mice
785.0,0.0057835037947809,Correctly Tracked,/root/vast/mustafa/dreem-experiments/paper-plots/uncertainty-animals/no-post-processing-no-weight-iou-entropies/20200111_USVpairs_court1_M1_F1_top-01112020145828-0000@0-2560_frame_meta_entropy_histogram.csv,Mice-hc,20200111_USVpairs_court1,Mice
786.0,0.0056215418205597,Correctly Tracked,/root/vast/mustafa/dreem-experiments/paper-plots/uncertainty-animals/no-post-processing-no-weight-iou-entropies/20200111_USVpairs_court1_M1_F1_top-01112020145828-0000@0-2560_frame_meta_entropy_histogram.csv,Mice-hc,20200111_USVpairs_court1,Mice
787.0,0.005582266962187,Correctly Tracked,/root/vast/mustafa/dreem-experiments/paper-plots/uncertainty-animals/no-post-processing-no-weight-iou-entropies/20200111_USVpairs_court1_M1_F1_top-01112020145828-0000@0-2560_frame_meta_entropy_histogram.csv,Mice-hc,20200111_USVpairs_court1,Mice
788.0,0.0056040728171598,Correctly Tracked,/root/vast/mustafa/dreem-experiments/paper-plots/uncertainty-animals/no-post-processing-no-weight-iou-entropies/20200111_USVpairs_court1_M1_F1_top-01112020145828-0000@0-2560_frame_meta_entropy_histogram.csv,Mice-hc,20200111_USVpairs_court1,Mice
789.0,0.0056282239511722,Correctly Tracked,/root/vast/mustafa/dreem-experiments/paper-plots/uncertainty-animals/no-post-processing-no-weight-iou-entropies/20200111_USVpairs_court1_M1_F1_top-01112020145828-0000@0-2560_frame_meta_entropy_histogram.csv,Mice-hc,20200111_USVpairs_court1,Mice
79.0,0.0068359066156514,Correctly Tracked,/root/vast/mustafa/dreem-experiments/paper-plots/uncertainty-animals/no-post-processing-no-weight-iou-entropies/20200111_USVpairs_court1_M1_F1_top-01112020145828-0000@0-2560_frame_meta_entropy_histogram.csv,Mice-hc,20200111_USVpairs_court1,Mice
790.0,0.0055039352468877,Correctly Tracked,/root/vast/mustafa/dreem-experiments/paper-plots/uncertainty-animals/no-post-processing-no-weight-iou-entropies/20200111_USVpairs_court1_M1_F1_top-01112020145828-0000@0-2560_frame_meta_entropy_histogram.csv,Mice-hc,20200111_USVpairs_court1,Mice
791.0,0.0054465995229454,Correctly Tracked,/root/vast/mustafa/dreem-experiments/paper-plots/uncertainty-animals/no-post-processing-no-weight-iou-entropies/20200111_USVpairs_court1_M1_F1_top-01112020145828-0000@0-2560_frame_meta_entropy_histogram.csv,Mice-hc,20200111_USVpairs_court1,Mice
792.0,0.0051454068439352,Correctly Tracked,/root/vast/mustafa/dreem-experiments/paper-plots/uncertainty-animals/no-post-processing-no-weight-iou-entropies/20200111_USVpairs_court1_M1_F1_top-01112020145828-0000@0-2560_frame_meta_entropy_histogram.csv,Mice-hc,20200111_USVpairs_court1,Mice
793.0,0.0049287805872217,Correctly Tracked,/root/vast/mustafa/dreem-experiments/paper-plots/uncertainty-animals/no-post-processing-no-weight-iou-entropies/20200111_USVpairs_court1_M1_F1_top-01112020145828-0000@0-2560_frame_meta_entropy_histogram.csv,Mice-hc,20200111_USVpairs_court1,Mice
794.0,0.0047938141788245,Correctly Tracked,/root/vast/mustafa/dreem-experiments/paper-plots/uncertainty-animals/no-post-processing-no-weight-iou-entropies/20200111_USVpairs_court1_M1_F1_top-01112020145828-0000@0-2560_frame_meta_entropy_histogram.csv,Mice-hc,20200111_USVpairs_court1,Mice
795.0,0.0046762707550321,Correctly Tracked,/root/vast/mustafa/dreem-experiments/paper-plots/uncertainty-animals/no-post-processing-no-weight-iou-entropies/20200111_USVpairs_court1_M1_F1_top-01112020145828-0000@0-2560_frame_meta_entropy_histogram.csv,Mice-hc,20200111_USVpairs_court1,Mice
796.0,0.0045936683611721,Correctly Tracked,/root/vast/mustafa/dreem-experiments/paper-plots/uncertainty-animals/no-post-processing-no-weight-iou-entropies/20200111_USVpairs_court1_M1_F1_top-01112020145828-0000@0-2560_frame_meta_entropy_histogram.csv,Mice-hc,20200111_USVpairs_court1,Mice
797.0,0.0045312352998727,Correctly Tracked,/root/vast/mustafa/dreem-experiments/paper-plots/uncertainty-animals/no-post-processing-no-weight-iou-entropies/20200111_USVpairs_court1_M1_F1_top-01112020145828-0000@0-2560_frame_meta_entropy_histogram.csv,Mice-hc,20200111_USVpairs_court1,Mice
798.0,0.0044849817079955,Correctly Tracked,/root/vast/mustafa/dreem-experiments/paper-plots/uncertainty-animals/no-post-processing-no-weight-iou-entropies/20200111_USVpairs_court1_M1_F1_top-01112020145828-0000@0-2560_frame_meta_entropy_histogram.csv,Mice-hc,20200111_USVpairs_court1,Mice
799.0,0.0044776838660567,Correctly Tracked,/root/vast/mustafa/dreem-experiments/paper-plots/uncertainty-animals/no-post-processing-no-weight-iou-entropies/20200111_USVpairs_court1_M1_F1_top-01112020145828-0000@0-2560_frame_meta_entropy_histogram.csv,Mice-hc,20200111_USVpairs_court1,Mice
8.0,0.3840100001264899,Correctly Tracked,/root/vast/mustafa/dreem-experiments/paper-plots/uncertainty-animals/no-post-processing-no-weight-iou-entropies/20200111_USVpairs_court1_M1_F1_top-01112020145828-0000@0-2560_frame_meta_entropy_histogram.csv,Mice-hc,20200111_USVpairs_court1,Mice
80.0,0.0072114844783887,Correctly Tracked,/root/vast/mustafa/dreem-experiments/paper-plots/uncertainty-animals/no-post-processing-no-weight-iou-entropies/20200111_USVpairs_court1_M1_F1_top-01112020145828-0000@0-2560_frame_meta_entropy_histogram.csv,Mice-hc,20200111_USVpairs_court1,Mice
800.0,0.0044548182351787,Correctly Tracked,/root/vast/mustafa/dreem-experiments/paper-plots/uncertainty-animals/no-post-processing-no-weight-iou-entropies/20200111_USVpairs_court1_M1_F1_top-01112020145828-0000@0-2560_frame_meta_entropy_histogram.csv,Mice-hc,20200111_USVpairs_court1,Mice
801.0,0.0046202756224172,Correctly Tracked,/root/vast/mustafa/dreem-experiments/paper-plots/uncertainty-animals/no-post-processing-no-weight-iou-entropies/20200111_USVpairs_court1_M1_F1_top-01112020145828-0000@0-2560_frame_meta_entropy_histogram.csv,Mice-hc,20200111_USVpairs_court1,Mice
802.0,0.0046092814970993,Correctly Tracked,/root/vast/mustafa/dreem-experiments/paper-plots/uncertainty-animals/no-post-processing-no-weight-iou-entropies/20200111_USVpairs_court1_M1_F1_top-01112020145828-0000@0-2560_frame_meta_entropy_histogram.csv,Mice-hc,20200111_USVpairs_court1,Mice
803.0,0.0045384021394017,Correctly Tracked,/root/vast/mustafa/dreem-experiments/paper-plots/uncertainty-animals/no-post-processing-no-weight-iou-entropies/20200111_USVpairs_court1_M1_F1_top-01112020145828-0000@0-2560_frame_meta_entropy_histogram.csv,Mice-hc,20200111_USVpairs_court1,Mice
804.0,0.0085664007512836,Correctly Tracked,/root/vast/mustafa/dreem-experiments/paper-plots/uncertainty-animals/no-post-processing-no-weight-iou-entropies/20200111_USVpairs_court1_M1_F1_top-01112020145828-0000@0-2560_frame_meta_entropy_histogram.csv,Mice-hc,20200111_USVpairs_court1,Mice
805.0,0.0107218720788845,Correctly Tracked,/root/vast/mustafa/dreem-experiments/paper-plots/uncertainty-animals/no-post-processing-no-weight-iou-entropies/20200111_USVpairs_court1_M1_F1_top-01112020145828-0000@0-2560_frame_meta_entropy_histogram.csv,Mice-hc,20200111_USVpairs_court1,Mice
806.0,0.012648486899151,Correctly Tracked,/root/vast/mustafa/dreem-experiments/paper-plots/uncertainty-animals/no-post-processing-no-weight-iou-entropies/20200111_USVpairs_court1_M1_F1_top-01112020145828-0000@0-2560_frame_meta_entropy_histogram.csv,Mice-hc,20200111_USVpairs_court1,Mice
807.0,0.0102849629187049,Correctly Tracked,/root/vast/mustafa/dreem-experiments/paper-plots/uncertainty-animals/no-post-processing-no-weight-iou-entropies/20200111_USVpairs_court1_M1_F1_top-01112020145828-0000@0-2560_frame_meta_entropy_histogram.csv,Mice-hc,20200111_USVpairs_court1,Mice
808.0,0.0073427106000332,Correctly Tracked,/root/vast/mustafa/dreem-experiments/paper-plots/uncertainty-animals/no-post-processing-no-weight-iou-entropies/20200111_USVpairs_court1_M1_F1_top-01112020145828-0000@0-2560_frame_meta_entropy_histogram.csv,Mice-hc,20200111_USVpairs_court1,Mice
809.0,0.0071904663173931,Correctly Tracked,/root/vast/mustafa/dreem-experiments/paper-plots/uncertainty-animals/no-post-processing-no-weight-iou-entropies/20200111_USVpairs_court1_M1_F1_top-01112020145828-0000@0-2560_frame_meta_entropy_histogram.csv,Mice-hc,20200111_USVpairs_court1,Mice
81.0,0.0076008357329542,Correctly Tracked,/root/vast/mustafa/dreem-experiments/paper-plots/uncertainty-animals/no-post-processing-no-weight-iou-entropies/20200111_USVpairs_court1_M1_F1_top-01112020145828-0000@0-2560_frame_meta_entropy_histogram.csv,Mice-hc,20200111_USVpairs_court1,Mice
810.0,0.0067322245904342,Correctly Tracked,/root/vast/mustafa/dreem-experiments/paper-plots/uncertainty-animals/no-post-processing-no-weight-iou-entropies/20200111_USVpairs_court1_M1_F1_top-01112020145828-0000@0-2560_frame_meta_entropy_histogram.csv,Mice-hc,20200111_USVpairs_court1,Mice
811.0,0.0076367612963821,Correctly Tracked,/root/vast/mustafa/dreem-experiments/paper-plots/uncertainty-animals/no-post-processing-no-weight-iou-entropies/20200111_USVpairs_court1_M1_F1_top-01112020145828-0000@0-2560_frame_meta_entropy_histogram.csv,Mice-hc,20200111_USVpairs_court1,Mice
812.0,0.0073827489673228,Correctly Tracked,/root/vast/mustafa/dreem-experiments/paper-plots/uncertainty-animals/no-post-processing-no-weight-iou-entropies/20200111_USVpairs_court1_M1_F1_top-01112020145828-0000@0-2560_frame_meta_entropy_histogram.csv,Mice-hc,20200111_USVpairs_court1,Mice
813.0,0.0075849857849784,Correctly Tracked,/root/vast/mustafa/dreem-experiments/paper-plots/uncertainty-animals/no-post-processing-no-weight-iou-entropies/20200111_USVpairs_court1_M1_F1_top-01112020145828-0000@0-2560_frame_meta_entropy_histogram.csv,Mice-hc,20200111_USVpairs_court1,Mice
814.0,0.0077115502362543,Correctly Tracked,/root/vast/mustafa/dreem-experiments/paper-plots/uncertainty-animals/no-post-processing-no-weight-iou-entropies/20200111_USVpairs_court1_M1_F1_top-01112020145828-0000@0-2560_frame_meta_entropy_histogram.csv,Mice-hc,20200111_USVpairs_court1,Mice
815.0,0.0088825196433285,Correctly Tracked,/root/vast/mustafa/dreem-experiments/paper-plots/uncertainty-animals/no-post-processing-no-weight-iou-entropies/20200111_USVpairs_court1_M1_F1_top-01112020145828-0000@0-2560_frame_meta_entropy_histogram.csv,Mice-hc,20200111_USVpairs_court1,Mice
816.0,0.0127431001985714,Correctly Tracked,/root/vast/mustafa/dreem-experiments/paper-plots/uncertainty-animals/no-post-processing-no-weight-iou-entropies/20200111_USVpairs_court1_M1_F1_top-01112020145828-0000@0-2560_frame_meta_entropy_histogram.csv,Mice-hc,20200111_USVpairs_court1,Mice
817.0,0.0153398124993705,Correctly Tracked,/root/vast/mustafa/dreem-experiments/paper-plots/uncertainty-animals/no-post-processing-no-weight-iou-entropies/20200111_USVpairs_court1_M1_F1_top-01112020145828-0000@0-2560_frame_meta_entropy_histogram.csv,Mice-hc,20200111_USVpairs_court1,Mice
818.0,0.0185961911298432,Correctly Tracked,/root/vast/mustafa/dreem-experiments/paper-plots/uncertainty-animals/no-post-processing-no-weight-iou-entropies/20200111_USVpairs_court1_M1_F1_top-01112020145828-0000@0-2560_frame_meta_entropy_histogram.csv,Mice-hc,20200111_USVpairs_court1,Mice
819.0,0.0192709677477323,Correctly Tracked,/root/vast/mustafa/dreem-experiments/paper-plots/uncertainty-animals/no-post-processing-no-weight-iou-entropies/20200111_USVpairs_court1_M1_F1_top-01112020145828-0000@0-2560_frame_meta_entropy_histogram.csv,Mice-hc,20200111_USVpairs_court1,Mice
82.0,0.0110839237748544,Correctly Tracked,/root/vast/mustafa/dreem-experiments/paper-plots/uncertainty-animals/no-post-processing-no-weight-iou-entropies/20200111_USVpairs_court1_M1_F1_top-01112020145828-0000@0-2560_frame_meta_entropy_histogram.csv,Mice-hc,20200111_USVpairs_court1,Mice
820.0,0.0216585612376125,Correctly Tracked,/root/vast/mustafa/dreem-experiments/paper-plots/uncertainty-animals/no-post-processing-no-weight-iou-entropies/20200111_USVpairs_court1_M1_F1_top-01112020145828-0000@0-2560_frame_meta_entropy_histogram.csv,Mice-hc,20200111_USVpairs_court1,Mice
821.0,0.0230843417525423,Correctly Tracked,/root/vast/mustafa/dreem-experiments/paper-plots/uncertainty-animals/no-post-processing-no-weight-iou-entropies/20200111_USVpairs_court1_M1_F1_top-01112020145828-0000@0-2560_frame_meta_entropy_histogram.csv,Mice-hc,20200111_USVpairs_court1,Mice
822.0,0.0248818049918904,Correctly Tracked,/root/vast/mustafa/dreem-experiments/paper-plots/uncertainty-animals/no-post-processing-no-weight-iou-entropies/20200111_USVpairs_court1_M1_F1_top-01112020145828-0000@0-2560_frame_meta_entropy_histogram.csv,Mice-hc,20200111_USVpairs_court1,Mice
823.0,0.0292176246688167,Correctly Tracked,/root/vast/mustafa/dreem-experiments/paper-plots/uncertainty-animals/no-post-processing-no-weight-iou-entropies/20200111_USVpairs_court1_M1_F1_top-01112020145828-0000@0-2560_frame_meta_entropy_histogram.csv,Mice-hc,20200111_USVpairs_court1,Mice
824.0,0.0406832672962973,Correctly Tracked,/root/vast/mustafa/dreem-experiments/paper-plots/uncertainty-animals/no-post-processing-no-weight-iou-entropies/20200111_USVpairs_court1_M1_F1_top-01112020145828-0000@0-2560_frame_meta_entropy_histogram.csv,Mice-hc,20200111_USVpairs_court1,Mice
825.0,0.0394425280211657,Correctly Tracked,/root/vast/mustafa/dreem-experiments/paper-plots/uncertainty-animals/no-post-processing-no-weight-iou-entropies/20200111_USVpairs_court1_M1_F1_top-01112020145828-0000@0-2560_frame_meta_entropy_histogram.csv,Mice-hc,20200111_USVpairs_court1,Mice
826.0,0.0387798466206442,Correctly Tracked,/root/vast/mustafa/dreem-experiments/paper-plots/uncertainty-animals/no-post-processing-no-weight-iou-entropies/20200111_USVpairs_court1_M1_F1_top-01112020145828-0000@0-2560_frame_meta_entropy_histogram.csv,Mice-hc,20200111_USVpairs_court1,Mice
827.0,0.0322266170049389,Correctly Tracked,/root/vast/mustafa/dreem-experiments/paper-plots/uncertainty-animals/no-post-processing-no-weight-iou-entropies/20200111_USVpairs_court1_M1_F1_top-01112020145828-0000@0-2560_frame_meta_entropy_histogram.csv,Mice-hc,20200111_USVpairs_court1,Mice
828.0,0.0321234086038187,Correctly Tracked,/root/vast/mustafa/dreem-experiments/paper-plots/uncertainty-animals/no-post-processing-no-weight-iou-entropies/20200111_USVpairs_court1_M1_F1_top-01112020145828-0000@0-2560_frame_meta_entropy_histogram.csv,Mice-hc,20200111_USVpairs_court1,Mice
829.0,0.0321059335541537,Correctly Tracked,/root/vast/mustafa/dreem-experiments/paper-plots/uncertainty-animals/no-post-processing-no-weight-iou-entropies/20200111_USVpairs_court1_M1_F1_top-01112020145828-0000@0-2560_frame_meta_entropy_histogram.csv,Mice-hc,20200111_USVpairs_court1,Mice
83.0,0.0099742561057044,Correctly Tracked,/root/vast/mustafa/dreem-experiments/paper-plots/uncertainty-animals/no-post-processing-no-weight-iou-entropies/20200111_USVpairs_court1_M1_F1_top-01112020145828-0000@0-2560_frame_meta_entropy_histogram.csv,Mice-hc,20200111_USVpairs_court1,Mice
830.0,0.0332182232869222,Correctly Tracked,/root/vast/mustafa/dreem-experiments/paper-plots/uncertainty-animals/no-post-processing-no-weight-iou-entropies/20200111_USVpairs_court1_M1_F1_top-01112020145828-0000@0-2560_frame_meta_entropy_histogram.csv,Mice-hc,20200111_USVpairs_court1,Mice
831.0,0.0318284287980709,Correctly Tracked,/root/vast/mustafa/dreem-experiments/paper-plots/uncertainty-animals/no-post-processing-no-weight-iou-entropies/20200111_USVpairs_court1_M1_F1_top-01112020145828-0000@0-2560_frame_meta_entropy_histogram.csv,Mice-hc,20200111_USVpairs_court1,Mice
832.0,0.029105663963105,Correctly Tracked,/root/vast/mustafa/dreem-experiments/paper-plots/uncertainty-animals/no-post-processing-no-weight-iou-entropies/20200111_USVpairs_court1_M1_F1_top-01112020145828-0000@0-2560_frame_meta_entropy_histogram.csv,Mice-hc,20200111_USVpairs_court1,Mice
833.0,0.0326542142451044,Correctly Tracked,/root/vast/mustafa/dreem-experiments/paper-plots/uncertainty-animals/no-post-processing-no-weight-iou-entropies/20200111_USVpairs_court1_M1_F1_top-01112020145828-0000@0-2560_frame_meta_entropy_histogram.csv,Mice-hc,20200111_USVpairs_court1,Mice
834.0,0.0385576315995849,Correctly Tracked,/root/vast/mustafa/dreem-experiments/paper-plots/uncertainty-animals/no-post-processing-no-weight-iou-entropies/20200111_USVpairs_court1_M1_F1_top-01112020145828-0000@0-2560_frame_meta_entropy_histogram.csv,Mice-hc,20200111_USVpairs_court1,Mice
835.0,0.0369408253860526,Correctly Tracked,/root/vast/mustafa/dreem-experiments/paper-plots/uncertainty-animals/no-post-processing-no-weight-iou-entropies/20200111_USVpairs_court1_M1_F1_top-01112020145828-0000@0-2560_frame_meta_entropy_histogram.csv,Mice-hc,20200111_USVpairs_court1,Mice
836.0,0.0302034077257309,Correctly Tracked,/root/vast/mustafa/dreem-experiments/paper-plots/uncertainty-animals/no-post-processing-no-weight-iou-entropies/20200111_USVpairs_court1_M1_F1_top-01112020145828-0000@0-2560_frame_meta_entropy_histogram.csv,Mice-hc,20200111_USVpairs_court1,Mice
837.0,0.0238422236120031,Correctly Tracked,/root/vast/mustafa/dreem-experiments/paper-plots/uncertainty-animals/no-post-processing-no-weight-iou-entropies/20200111_USVpairs_court1_M1_F1_top-01112020145828-0000@0-2560_frame_meta_entropy_histogram.csv,Mice-hc,20200111_USVpairs_court1,Mice
838.0,0.0174882143994909,Correctly Tracked,/root/vast/mustafa/dreem-experiments/paper-plots/uncertainty-animals/no-post-processing-no-weight-iou-entropies/20200111_USVpairs_court1_M1_F1_top-01112020145828-0000@0-2560_frame_meta_entropy_histogram.csv,Mice-hc,20200111_USVpairs_court1,Mice
839.0,0.0143718430829652,Correctly Tracked,/root/vast/mustafa/dreem-experiments/paper-plots/uncertainty-animals/no-post-processing-no-weight-iou-entropies/20200111_USVpairs_court1_M1_F1_top-01112020145828-0000@0-2560_frame_meta_entropy_histogram.csv,Mice-hc,20200111_USVpairs_court1,Mice
84.0,0.0134212452579114,Correctly Tracked,/root/vast/mustafa/dreem-experiments/paper-plots/uncertainty-animals/no-post-processing-no-weight-iou-entropies/20200111_USVpairs_court1_M1_F1_top-01112020145828-0000@0-2560_frame_meta_entropy_histogram.csv,Mice-hc,20200111_USVpairs_court1,Mice
840.0,0.0120481801126999,Correctly Tracked,/root/vast/mustafa/dreem-experiments/paper-plots/uncertainty-animals/no-post-processing-no-weight-iou-entropies/20200111_USVpairs_court1_M1_F1_top-01112020145828-0000@0-2560_frame_meta_entropy_histogram.csv,Mice-hc,20200111_USVpairs_court1,Mice
841.0,0.0114781758631622,Correctly Tracked,/root/vast/mustafa/dreem-experiments/paper-plots/uncertainty-animals/no-post-processing-no-weight-iou-entropies/20200111_USVpairs_court1_M1_F1_top-01112020145828-0000@0-2560_frame_meta_entropy_histogram.csv,Mice-hc,20200111_USVpairs_court1,Mice
842.0,0.0108166237705943,Correctly Tracked,/root/vast/mustafa/dreem-experiments/paper-plots/uncertainty-animals/no-post-processing-no-weight-iou-entropies/20200111_USVpairs_court1_M1_F1_top-01112020145828-0000@0-2560_frame_meta_entropy_histogram.csv,Mice-hc,20200111_USVpairs_court1,Mice
843.0,0.0094903681377428,Correctly Tracked,/root/vast/mustafa/dreem-experiments/paper-plots/uncertainty-animals/no-post-processing-no-weight-iou-entropies/20200111_USVpairs_court1_M1_F1_top-01112020145828-0000@0-2560_frame_meta_entropy_histogram.csv,Mice-hc,20200111_USVpairs_court1,Mice
844.0,0.0084319828734897,Correctly Tracked,/root/vast/mustafa/dreem-experiments/paper-plots/uncertainty-animals/no-post-processing-no-weight-iou-entropies/20200111_USVpairs_court1_M1_F1_top-01112020145828-0000@0-2560_frame_meta_entropy_histogram.csv,Mice-hc,20200111_USVpairs_court1,Mice
845.0,0.008477326502474,Correctly Tracked,/root/vast/mustafa/dreem-experiments/paper-plots/uncertainty-animals/no-post-processing-no-weight-iou-entropies/20200111_USVpairs_court1_M1_F1_top-01112020145828-0000@0-2560_frame_meta_entropy_histogram.csv,Mice-hc,20200111_USVpairs_court1,Mice
846.0,0.0068237905722596,Correctly Tracked,/root/vast/mustafa/dreem-experiments/paper-plots/uncertainty-animals/no-post-processing-no-weight-iou-entropies/20200111_USVpairs_court1_M1_F1_top-01112020145828-0000@0-2560_frame_meta_entropy_histogram.csv,Mice-hc,20200111_USVpairs_court1,Mice
847.0,0.006418626319116,Correctly Tracked,/root/vast/mustafa/dreem-experiments/paper-plots/uncertainty-animals/no-post-processing-no-weight-iou-entropies/20200111_USVpairs_court1_M1_F1_top-01112020145828-0000@0-2560_frame_meta_entropy_histogram.csv,Mice-hc,20200111_USVpairs_court1,Mice
848.0,0.0070862408001268,Correctly Tracked,/root/vast/mustafa/dreem-experiments/paper-plots/uncertainty-animals/no-post-processing-no-weight-iou-entropies/20200111_USVpairs_court1_M1_F1_top-01112020145828-0000@0-2560_frame_meta_entropy_histogram.csv,Mice-hc,20200111_USVpairs_court1,Mice
849.0,0.0065264849698817,Correctly Tracked,/root/vast/mustafa/dreem-experiments/paper-plots/uncertainty-animals/no-post-processing-no-weight-iou-entropies/20200111_USVpairs_court1_M1_F1_top-01112020145828-0000@0-2560_frame_meta_entropy_histogram.csv,Mice-hc,20200111_USVpairs_court1,Mice
85.0,0.0084873263530916,Correctly Tracked,/root/vast/mustafa/dreem-experiments/paper-plots/uncertainty-animals/no-post-processing-no-weight-iou-entropies/20200111_USVpairs_court1_M1_F1_top-01112020145828-0000@0-2560_frame_meta_entropy_histogram.csv,Mice-hc,20200111_USVpairs_court1,Mice
850.0,0.006299821913153,Correctly Tracked,/root/vast/mustafa/dreem-experiments/paper-plots/uncertainty-animals/no-post-processing-no-weight-iou-entropies/20200111_USVpairs_court1_M1_F1_top-01112020145828-0000@0-2560_frame_meta_entropy_histogram.csv,Mice-hc,20200111_USVpairs_court1,Mice
851.0,0.0068642548653329,Correctly Tracked,/root/vast/mustafa/dreem-experiments/paper-plots/uncertainty-animals/no-post-processing-no-weight-iou-entropies/20200111_USVpairs_court1_M1_F1_top-01112020145828-0000@0-2560_frame_meta_entropy_histogram.csv,Mice-hc,20200111_USVpairs_court1,Mice
852.0,0.0069617656693359,Correctly Tracked,/root/vast/mustafa/dreem-experiments/paper-plots/uncertainty-animals/no-post-processing-no-weight-iou-entropies/20200111_USVpairs_court1_M1_F1_top-01112020145828-0000@0-2560_frame_meta_entropy_histogram.csv,Mice-hc,20200111_USVpairs_court1,Mice
853.0,0.006280529624931,Correctly Tracked,/root/vast/mustafa/dreem-experiments/paper-plots/uncertainty-animals/no-post-processing-no-weight-iou-entropies/20200111_USVpairs_court1_M1_F1_top-01112020145828-0000@0-2560_frame_meta_entropy_histogram.csv,Mice-hc,20200111_USVpairs_court1,Mice
854.0,0.0104193619858964,Correctly Tracked,/root/vast/mustafa/dreem-experiments/paper-plots/uncertainty-animals/no-post-processing-no-weight-iou-entropies/20200111_USVpairs_court1_M1_F1_top-01112020145828-0000@0-2560_frame_meta_entropy_histogram.csv,Mice-hc,20200111_USVpairs_court1,Mice
855.0,0.0116220151655487,Correctly Tracked,/root/vast/mustafa/dreem-experiments/paper-plots/uncertainty-animals/no-post-processing-no-weight-iou-entropies/20200111_USVpairs_court1_M1_F1_top-01112020145828-0000@0-2560_frame_meta_entropy_histogram.csv,Mice-hc,20200111_USVpairs_court1,Mice
856.0,0.0151005510416589,Correctly Tracked,/root/vast/mustafa/dreem-experiments/paper-plots/uncertainty-animals/no-post-processing-no-weight-iou-entropies/20200111_USVpairs_court1_M1_F1_top-01112020145828-0000@0-2560_frame_meta_entropy_histogram.csv,Mice-hc,20200111_USVpairs_court1,Mice
857.0,0.0129736698143422,Correctly Tracked,/root/vast/mustafa/dreem-experiments/paper-plots/uncertainty-animals/no-post-processing-no-weight-iou-entropies/20200111_USVpairs_court1_M1_F1_top-01112020145828-0000@0-2560_frame_meta_entropy_histogram.csv,Mice-hc,20200111_USVpairs_court1,Mice
858.0,0.0103710859183534,Correctly Tracked,/root/vast/mustafa/dreem-experiments/paper-plots/uncertainty-animals/no-post-processing-no-weight-iou-entropies/20200111_USVpairs_court1_M1_F1_top-01112020145828-0000@0-2560_frame_meta_entropy_histogram.csv,Mice-hc,20200111_USVpairs_court1,Mice
859.0,0.0082395181638007,Correctly Tracked,/root/vast/mustafa/dreem-experiments/paper-plots/uncertainty-animals/no-post-processing-no-weight-iou-entropies/20200111_USVpairs_court1_M1_F1_top-01112020145828-0000@0-2560_frame_meta_entropy_histogram.csv,Mice-hc,20200111_USVpairs_court1,Mice
86.0,0.0075669873974812,Correctly Tracked,/root/vast/mustafa/dreem-experiments/paper-plots/uncertainty-animals/no-post-processing-no-weight-iou-entropies/20200111_USVpairs_court1_M1_F1_top-01112020145828-0000@0-2560_frame_meta_entropy_histogram.csv,Mice-hc,20200111_USVpairs_court1,Mice
860.0,0.0080563405172583,Correctly Tracked,/root/vast/mustafa/dreem-experiments/paper-plots/uncertainty-animals/no-post-processing-no-weight-iou-entropies/20200111_USVpairs_court1_M1_F1_top-01112020145828-0000@0-2560_frame_meta_entropy_histogram.csv,Mice-hc,20200111_USVpairs_court1,Mice
861.0,0.007290258578749,Correctly Tracked,/root/vast/mustafa/dreem-experiments/paper-plots/uncertainty-animals/no-post-processing-no-weight-iou-entropies/20200111_USVpairs_court1_M1_F1_top-01112020145828-0000@0-2560_frame_meta_entropy_histogram.csv,Mice-hc,20200111_USVpairs_court1,Mice
862.0,0.0073802377518973,Correctly Tracked,/root/vast/mustafa/dreem-experiments/paper-plots/uncertainty-animals/no-post-processing-no-weight-iou-entropies/20200111_USVpairs_court1_M1_F1_top-01112020145828-0000@0-2560_frame_meta_entropy_histogram.csv,Mice-hc,20200111_USVpairs_court1,Mice
863.0,0.006785560710033,Correctly Tracked,/root/vast/mustafa/dreem-experiments/paper-plots/uncertainty-animals/no-post-processing-no-weight-iou-entropies/20200111_USVpairs_court1_M1_F1_top-01112020145828-0000@0-2560_frame_meta_entropy_histogram.csv,Mice-hc,20200111_USVpairs_court1,Mice
864.0,0.0081420752123279,Correctly Tracked,/root/vast/mustafa/dreem-experiments/paper-plots/uncertainty-animals/no-post-processing-no-weight-iou-entropies/20200111_USVpairs_court1_M1_F1_top-01112020145828-0000@0-2560_frame_meta_entropy_histogram.csv,Mice-hc,20200111_USVpairs_court1,Mice
865.0,0.0072003224012634,Correctly Tracked,/root/vast/mustafa/dreem-experiments/paper-plots/uncertainty-animals/no-post-processing-no-weight-iou-entropies/20200111_USVpairs_court1_M1_F1_top-01112020145828-0000@0-2560_frame_meta_entropy_histogram.csv,Mice-hc,20200111_USVpairs_court1,Mice
866.0,0.0069608755247563,Correctly Tracked,/root/vast/mustafa/dreem-experiments/paper-plots/uncertainty-animals/no-post-processing-no-weight-iou-entropies/20200111_USVpairs_court1_M1_F1_top-01112020145828-0000@0-2560_frame_meta_entropy_histogram.csv,Mice-hc,20200111_USVpairs_court1,Mice
867.0,0.0063663435932537,Correctly Tracked,/root/vast/mustafa/dreem-experiments/paper-plots/uncertainty-animals/no-post-processing-no-weight-iou-entropies/20200111_USVpairs_court1_M1_F1_top-01112020145828-0000@0-2560_frame_meta_entropy_histogram.csv,Mice-hc,20200111_USVpairs_court1,Mice
868.0,0.0063254869647581,Correctly Tracked,/root/vast/mustafa/dreem-experiments/paper-plots/uncertainty-animals/no-post-processing-no-weight-iou-entropies/20200111_USVpairs_court1_M1_F1_top-01112020145828-0000@0-2560_frame_meta_entropy_histogram.csv,Mice-hc,20200111_USVpairs_court1,Mice
869.0,0.0059276776571678,Correctly Tracked,/root/vast/mustafa/dreem-experiments/paper-plots/uncertainty-animals/no-post-processing-no-weight-iou-entropies/20200111_USVpairs_court1_M1_F1_top-01112020145828-0000@0-2560_frame_meta_entropy_histogram.csv,Mice-hc,20200111_USVpairs_court1,Mice
87.0,0.0067009177017121,Correctly Tracked,/root/vast/mustafa/dreem-experiments/paper-plots/uncertainty-animals/no-post-processing-no-weight-iou-entropies/20200111_USVpairs_court1_M1_F1_top-01112020145828-0000@0-2560_frame_meta_entropy_histogram.csv,Mice-hc,20200111_USVpairs_court1,Mice
870.0,0.0054470795292112,Correctly Tracked,/root/vast/mustafa/dreem-experiments/paper-plots/uncertainty-animals/no-post-processing-no-weight-iou-entropies/20200111_USVpairs_court1_M1_F1_top-01112020145828-0000@0-2560_frame_meta_entropy_histogram.csv,Mice-hc,20200111_USVpairs_court1,Mice
871.0,0.0051761121292829,Correctly Tracked,/root/vast/mustafa/dreem-experiments/paper-plots/uncertainty-animals/no-post-processing-no-weight-iou-entropies/20200111_USVpairs_court1_M1_F1_top-01112020145828-0000@0-2560_frame_meta_entropy_histogram.csv,Mice-hc,20200111_USVpairs_court1,Mice
872.0,0.0047331123647567,Correctly Tracked,/root/vast/mustafa/dreem-experiments/paper-plots/uncertainty-animals/no-post-processing-no-weight-iou-entropies/20200111_USVpairs_court1_M1_F1_top-01112020145828-0000@0-2560_frame_meta_entropy_histogram.csv,Mice-hc,20200111_USVpairs_court1,Mice
873.0,0.0048255446420051,Correctly Tracked,/root/vast/mustafa/dreem-experiments/paper-plots/uncertainty-animals/no-post-processing-no-weight-iou-entropies/20200111_USVpairs_court1_M1_F1_top-01112020145828-0000@0-2560_frame_meta_entropy_histogram.csv,Mice-hc,20200111_USVpairs_court1,Mice
874.0,0.0062822823699939,Correctly Tracked,/root/vast/mustafa/dreem-experiments/paper-plots/uncertainty-animals/no-post-processing-no-weight-iou-entropies/20200111_USVpairs_court1_M1_F1_top-01112020145828-0000@0-2560_frame_meta_entropy_histogram.csv,Mice-hc,20200111_USVpairs_court1,Mice
875.0,0.0047692710452934,Correctly Tracked,/root/vast/mustafa/dreem-experiments/paper-plots/uncertainty-animals/no-post-processing-no-weight-iou-entropies/20200111_USVpairs_court1_M1_F1_top-01112020145828-0000@0-2560_frame_meta_entropy_histogram.csv,Mice-hc,20200111_USVpairs_court1,Mice
876.0,0.0058645539780361,Correctly Tracked,/root/vast/mustafa/dreem-experiments/paper-plots/uncertainty-animals/no-post-processing-no-weight-iou-entropies/20200111_USVpairs_court1_M1_F1_top-01112020145828-0000@0-2560_frame_meta_entropy_histogram.csv,Mice-hc,20200111_USVpairs_court1,Mice
877.0,0.0055351380054891,Correctly Tracked,/root/vast/mustafa/dreem-experiments/paper-plots/uncertainty-animals/no-post-processing-no-weight-iou-entropies/20200111_USVpairs_court1_M1_F1_top-01112020145828-0000@0-2560_frame_meta_entropy_histogram.csv,Mice-hc,20200111_USVpairs_court1,Mice
878.0,0.0051239281590834,Correctly Tracked,/root/vast/mustafa/dreem-experiments/paper-plots/uncertainty-animals/no-post-processing-no-weight-iou-entropies/20200111_USVpairs_court1_M1_F1_top-01112020145828-0000@0-2560_frame_meta_entropy_histogram.csv,Mice-hc,20200111_USVpairs_court1,Mice
879.0,0.0054760068767249,Correctly Tracked,/root/vast/mustafa/dreem-experiments/paper-plots/uncertainty-animals/no-post-processing-no-weight-iou-entropies/20200111_USVpairs_court1_M1_F1_top-01112020145828-0000@0-2560_frame_meta_entropy_histogram.csv,Mice-hc,20200111_USVpairs_court1,Mice
88.0,0.0050742856356347,Correctly Tracked,/root/vast/mustafa/dreem-experiments/paper-plots/uncertainty-animals/no-post-processing-no-weight-iou-entropies/20200111_USVpairs_court1_M1_F1_top-01112020145828-0000@0-2560_frame_meta_entropy_histogram.csv,Mice-hc,20200111_USVpairs_court1,Mice
880.0,0.0053016487154971,Correctly Tracked,/root/vast/mustafa/dreem-experiments/paper-plots/uncertainty-animals/no-post-processing-no-weight-iou-entropies/20200111_USVpairs_court1_M1_F1_top-01112020145828-0000@0-2560_frame_meta_entropy_histogram.csv,Mice-hc,20200111_USVpairs_court1,Mice
881.0,0.0052229169389923,Correctly Tracked,/root/vast/mustafa/dreem-experiments/paper-plots/uncertainty-animals/no-post-processing-no-weight-iou-entropies/20200111_USVpairs_court1_M1_F1_top-01112020145828-0000@0-2560_frame_meta_entropy_histogram.csv,Mice-hc,20200111_USVpairs_court1,Mice
882.0,0.1838563115805455,Correctly Tracked,/root/vast/mustafa/dreem-experiments/paper-plots/uncertainty-animals/no-post-processing-no-weight-iou-entropies/20200111_USVpairs_court1_M1_F1_top-01112020145828-0000@0-2560_frame_meta_entropy_histogram.csv,Mice-hc,20200111_USVpairs_court1,Mice
883.0,0.0121192465687112,Correctly Tracked,/root/vast/mustafa/dreem-experiments/paper-plots/uncertainty-animals/no-post-processing-no-weight-iou-entropies/20200111_USVpairs_court1_M1_F1_top-01112020145828-0000@0-2560_frame_meta_entropy_histogram.csv,Mice-hc,20200111_USVpairs_court1,Mice
884.0,0.0117558539455103,Correctly Tracked,/root/vast/mustafa/dreem-experiments/paper-plots/uncertainty-animals/no-post-processing-no-weight-iou-entropies/20200111_USVpairs_court1_M1_F1_top-01112020145828-0000@0-2560_frame_meta_entropy_histogram.csv,Mice-hc,20200111_USVpairs_court1,Mice
885.0,0.0122342357814154,Correctly Tracked,/root/vast/mustafa/dreem-experiments/paper-plots/uncertainty-animals/no-post-processing-no-weight-iou-entropies/20200111_USVpairs_court1_M1_F1_top-01112020145828-0000@0-2560_frame_meta_entropy_histogram.csv,Mice-hc,20200111_USVpairs_court1,Mice
886.0,0.0108937035731206,Correctly Tracked,/root/vast/mustafa/dreem-experiments/paper-plots/uncertainty-animals/no-post-processing-no-weight-iou-entropies/20200111_USVpairs_court1_M1_F1_top-01112020145828-0000@0-2560_frame_meta_entropy_histogram.csv,Mice-hc,20200111_USVpairs_court1,Mice
887.0,0.0117327867724634,Correctly Tracked,/root/vast/mustafa/dreem-experiments/paper-plots/uncertainty-animals/no-post-processing-no-weight-iou-entropies/20200111_USVpairs_court1_M1_F1_top-01112020145828-0000@0-2560_frame_meta_entropy_histogram.csv,Mice-hc,20200111_USVpairs_court1,Mice
888.0,0.0107325343314308,Correctly Tracked,/root/vast/mustafa/dreem-experiments/paper-plots/uncertainty-animals/no-post-processing-no-weight-iou-entropies/20200111_USVpairs_court1_M1_F1_top-01112020145828-0000@0-2560_frame_meta_entropy_histogram.csv,Mice-hc,20200111_USVpairs_court1,Mice
889.0,0.009572741781241,Correctly Tracked,/root/vast/mustafa/dreem-experiments/paper-plots/uncertainty-animals/no-post-processing-no-weight-iou-entropies/20200111_USVpairs_court1_M1_F1_top-01112020145828-0000@0-2560_frame_meta_entropy_histogram.csv,Mice-hc,20200111_USVpairs_court1,Mice
89.0,0.0053809327175448,Correctly Tracked,/root/vast/mustafa/dreem-experiments/paper-plots/uncertainty-animals/no-post-processing-no-weight-iou-entropies/20200111_USVpairs_court1_M1_F1_top-01112020145828-0000@0-2560_frame_meta_entropy_histogram.csv,Mice-hc,20200111_USVpairs_court1,Mice
890.0,0.0103716636725712,Correctly Tracked,/root/vast/mustafa/dreem-experiments/paper-plots/uncertainty-animals/no-post-processing-no-weight-iou-entropies/20200111_USVpairs_court1_M1_F1_top-01112020145828-0000@0-2560_frame_meta_entropy_histogram.csv,Mice-hc,20200111_USVpairs_court1,Mice
891.0,0.005588345809907,Correctly Tracked,/root/vast/mustafa/dreem-experiments/paper-plots/uncertainty-animals/no-post-processing-no-weight-iou-entropies/20200111_USVpairs_court1_M1_F1_top-01112020145828-0000@0-2560_frame_meta_entropy_histogram.csv,Mice-hc,20200111_USVpairs_court1,Mice
892.0,0.0054139009855465,Correctly Tracked,/root/vast/mustafa/dreem-experiments/paper-plots/uncertainty-animals/no-post-processing-no-weight-iou-entropies/20200111_USVpairs_court1_M1_F1_top-01112020145828-0000@0-2560_frame_meta_entropy_histogram.csv,Mice-hc,20200111_USVpairs_court1,Mice
893.0,0.0054552319099465,Correctly Tracked,/root/vast/mustafa/dreem-experiments/paper-plots/uncertainty-animals/no-post-processing-no-weight-iou-entropies/20200111_USVpairs_court1_M1_F1_top-01112020145828-0000@0-2560_frame_meta_entropy_histogram.csv,Mice-hc,20200111_USVpairs_court1,Mice
894.0,0.0053713060558435,Correctly Tracked,/root/vast/mustafa/dreem-experiments/paper-plots/uncertainty-animals/no-post-processing-no-weight-iou-entropies/20200111_USVpairs_court1_M1_F1_top-01112020145828-0000@0-2560_frame_meta_entropy_histogram.csv,Mice-hc,20200111_USVpairs_court1,Mice
895.0,0.0055210132584798,Correctly Tracked,/root/vast/mustafa/dreem-experiments/paper-plots/uncertainty-animals/no-post-processing-no-weight-iou-entropies/20200111_USVpairs_court1_M1_F1_top-01112020145828-0000@0-2560_frame_meta_entropy_histogram.csv,Mice-hc,20200111_USVpairs_court1,Mice
896.0,0.005627989490449,Correctly Tracked,/root/vast/mustafa/dreem-experiments/paper-plots/uncertainty-animals/no-post-processing-no-weight-iou-entropies/20200111_USVpairs_court1_M1_F1_top-01112020145828-0000@0-2560_frame_meta_entropy_histogram.csv,Mice-hc,20200111_USVpairs_court1,Mice
897.0,0.0059281176909034,Correctly Tracked,/root/vast/mustafa/dreem-experiments/paper-plots/uncertainty-animals/no-post-processing-no-weight-iou-entropies/20200111_USVpairs_court1_M1_F1_top-01112020145828-0000@0-2560_frame_meta_entropy_histogram.csv,Mice-hc,20200111_USVpairs_court1,Mice
898.0,0.0059752382500109,Correctly Tracked,/root/vast/mustafa/dreem-experiments/paper-plots/uncertainty-animals/no-post-processing-no-weight-iou-entropies/20200111_USVpairs_court1_M1_F1_top-01112020145828-0000@0-2560_frame_meta_entropy_histogram.csv,Mice-hc,20200111_USVpairs_court1,Mice
899.0,0.0072963411214088,Correctly Tracked,/root/vast/mustafa/dreem-experiments/paper-plots/uncertainty-animals/no-post-processing-no-weight-iou-entropies/20200111_USVpairs_court1_M1_F1_top-01112020145828-0000@0-2560_frame_meta_entropy_histogram.csv,Mice-hc,20200111_USVpairs_court1,Mice
9.0,0.1760232220110951,Correctly Tracked,/root/vast/mustafa/dreem-experiments/paper-plots/uncertainty-animals/no-post-processing-no-weight-iou-entropies/20200111_USVpairs_court1_M1_F1_top-01112020145828-0000@0-2560_frame_meta_entropy_histogram.csv,Mice-hc,20200111_USVpairs_court1,Mice
90.0,0.0052190600936853,Correctly Tracked,/root/vast/mustafa/dreem-experiments/paper-plots/uncertainty-animals/no-post-processing-no-weight-iou-entropies/20200111_USVpairs_court1_M1_F1_top-01112020145828-0000@0-2560_frame_meta_entropy_histogram.csv,Mice-hc,20200111_USVpairs_court1,Mice
900.0,0.0064787880001709,Correctly Tracked,/root/vast/mustafa/dreem-experiments/paper-plots/uncertainty-animals/no-post-processing-no-weight-iou-entropies/20200111_USVpairs_court1_M1_F1_top-01112020145828-0000@0-2560_frame_meta_entropy_histogram.csv,Mice-hc,20200111_USVpairs_court1,Mice
901.0,0.0058194152502569,Correctly Tracked,/root/vast/mustafa/dreem-experiments/paper-plots/uncertainty-animals/no-post-processing-no-weight-iou-entropies/20200111_USVpairs_court1_M1_F1_top-01112020145828-0000@0-2560_frame_meta_entropy_histogram.csv,Mice-hc,20200111_USVpairs_court1,Mice
902.0,0.0056738017049762,Correctly Tracked,/root/vast/mustafa/dreem-experiments/paper-plots/uncertainty-animals/no-post-processing-no-weight-iou-entropies/20200111_USVpairs_court1_M1_F1_top-01112020145828-0000@0-2560_frame_meta_entropy_histogram.csv,Mice-hc,20200111_USVpairs_court1,Mice
903.0,0.0057432323103825,Correctly Tracked,/root/vast/mustafa/dreem-experiments/paper-plots/uncertainty-animals/no-post-processing-no-weight-iou-entropies/20200111_USVpairs_court1_M1_F1_top-01112020145828-0000@0-2560_frame_meta_entropy_histogram.csv,Mice-hc,20200111_USVpairs_court1,Mice
904.0,0.0058716811809385,Correctly Tracked,/root/vast/mustafa/dreem-experiments/paper-plots/uncertainty-animals/no-post-processing-no-weight-iou-entropies/20200111_USVpairs_court1_M1_F1_top-01112020145828-0000@0-2560_frame_meta_entropy_histogram.csv,Mice-hc,20200111_USVpairs_court1,Mice
905.0,0.0067356051244152,Correctly Tracked,/root/vast/mustafa/dreem-experiments/paper-plots/uncertainty-animals/no-post-processing-no-weight-iou-entropies/20200111_USVpairs_court1_M1_F1_top-01112020145828-0000@0-2560_frame_meta_entropy_histogram.csv,Mice-hc,20200111_USVpairs_court1,Mice
906.0,0.0065177091520371,Correctly Tracked,/root/vast/mustafa/dreem-experiments/paper-plots/uncertainty-animals/no-post-processing-no-weight-iou-entropies/20200111_USVpairs_court1_M1_F1_top-01112020145828-0000@0-2560_frame_meta_entropy_histogram.csv,Mice-hc,20200111_USVpairs_court1,Mice
907.0,0.0062604493068283,Correctly Tracked,/root/vast/mustafa/dreem-experiments/paper-plots/uncertainty-animals/no-post-processing-no-weight-iou-entropies/20200111_USVpairs_court1_M1_F1_top-01112020145828-0000@0-2560_frame_meta_entropy_histogram.csv,Mice-hc,20200111_USVpairs_court1,Mice
908.0,0.0061172515803464,Correctly Tracked,/root/vast/mustafa/dreem-experiments/paper-plots/uncertainty-animals/no-post-processing-no-weight-iou-entropies/20200111_USVpairs_court1_M1_F1_top-01112020145828-0000@0-2560_frame_meta_entropy_histogram.csv,Mice-hc,20200111_USVpairs_court1,Mice
909.0,0.0061455064488229,Correctly Tracked,/root/vast/mustafa/dreem-experiments/paper-plots/uncertainty-animals/no-post-processing-no-weight-iou-entropies/20200111_USVpairs_court1_M1_F1_top-01112020145828-0000@0-2560_frame_meta_entropy_histogram.csv,Mice-hc,20200111_USVpairs_court1,Mice
91.0,0.0050859468655319,Correctly Tracked,/root/vast/mustafa/dreem-experiments/paper-plots/uncertainty-animals/no-post-processing-no-weight-iou-entropies/20200111_USVpairs_court1_M1_F1_top-01112020145828-0000@0-2560_frame_meta_entropy_histogram.csv,Mice-hc,20200111_USVpairs_court1,Mice
910.0,0.0062013638609557,Correctly Tracked,/root/vast/mustafa/dreem-experiments/paper-plots/uncertainty-animals/no-post-processing-no-weight-iou-entropies/20200111_USVpairs_court1_M1_F1_top-01112020145828-0000@0-2560_frame_meta_entropy_histogram.csv,Mice-hc,20200111_USVpairs_court1,Mice
911.0,0.0095451271450546,Correctly Tracked,/root/vast/mustafa/dreem-experiments/paper-plots/uncertainty-animals/no-post-processing-no-weight-iou-entropies/20200111_USVpairs_court1_M1_F1_top-01112020145828-0000@0-2560_frame_meta_entropy_histogram.csv,Mice-hc,20200111_USVpairs_court1,Mice
912.0,0.0107679493213639,Correctly Tracked,/root/vast/mustafa/dreem-experiments/paper-plots/uncertainty-animals/no-post-processing-no-weight-iou-entropies/20200111_USVpairs_court1_M1_F1_top-01112020145828-0000@0-2560_frame_meta_entropy_histogram.csv,Mice-hc,20200111_USVpairs_court1,Mice
913.0,0.0078804808668715,Correctly Tracked,/root/vast/mustafa/dreem-experiments/paper-plots/uncertainty-animals/no-post-processing-no-weight-iou-entropies/20200111_USVpairs_court1_M1_F1_top-01112020145828-0000@0-2560_frame_meta_entropy_histogram.csv,Mice-hc,20200111_USVpairs_court1,Mice
914.0,0.0081307982561662,Correctly Tracked,/root/vast/mustafa/dreem-experiments/paper-plots/uncertainty-animals/no-post-processing-no-weight-iou-entropies/20200111_USVpairs_court1_M1_F1_top-01112020145828-0000@0-2560_frame_meta_entropy_histogram.csv,Mice-hc,20200111_USVpairs_court1,Mice
915.0,0.0128837161698686,Correctly Tracked,/root/vast/mustafa/dreem-experiments/paper-plots/uncertainty-animals/no-post-processing-no-weight-iou-entropies/20200111_USVpairs_court1_M1_F1_top-01112020145828-0000@0-2560_frame_meta_entropy_histogram.csv,Mice-hc,20200111_USVpairs_court1,Mice
916.0,0.0112452535784722,Correctly Tracked,/root/vast/mustafa/dreem-experiments/paper-plots/uncertainty-animals/no-post-processing-no-weight-iou-entropies/20200111_USVpairs_court1_M1_F1_top-01112020145828-0000@0-2560_frame_meta_entropy_histogram.csv,Mice-hc,20200111_USVpairs_court1,Mice
917.0,0.0108507777783568,Correctly Tracked,/root/vast/mustafa/dreem-experiments/paper-plots/uncertainty-animals/no-post-processing-no-weight-iou-entropies/20200111_USVpairs_court1_M1_F1_top-01112020145828-0000@0-2560_frame_meta_entropy_histogram.csv,Mice-hc,20200111_USVpairs_court1,Mice
918.0,0.0093676746397257,Correctly Tracked,/root/vast/mustafa/dreem-experiments/paper-plots/uncertainty-animals/no-post-processing-no-weight-iou-entropies/20200111_USVpairs_court1_M1_F1_top-01112020145828-0000@0-2560_frame_meta_entropy_histogram.csv,Mice-hc,20200111_USVpairs_court1,Mice
919.0,0.0119689149212546,Correctly Tracked,/root/vast/mustafa/dreem-experiments/paper-plots/uncertainty-animals/no-post-processing-no-weight-iou-entropies/20200111_USVpairs_court1_M1_F1_top-01112020145828-0000@0-2560_frame_meta_entropy_histogram.csv,Mice-hc,20200111_USVpairs_court1,Mice
92.0,0.0050059567940855,Correctly Tracked,/root/vast/mustafa/dreem-experiments/paper-plots/uncertainty-animals/no-post-processing-no-weight-iou-entropies/20200111_USVpairs_court1_M1_F1_top-01112020145828-0000@0-2560_frame_meta_entropy_histogram.csv,Mice-hc,20200111_USVpairs_court1,Mice
920.0,0.0172717648280788,Correctly Tracked,/root/vast/mustafa/dreem-experiments/paper-plots/uncertainty-animals/no-post-processing-no-weight-iou-entropies/20200111_USVpairs_court1_M1_F1_top-01112020145828-0000@0-2560_frame_meta_entropy_histogram.csv,Mice-hc,20200111_USVpairs_court1,Mice
921.0,0.0155381595531648,Correctly Tracked,/root/vast/mustafa/dreem-experiments/paper-plots/uncertainty-animals/no-post-processing-no-weight-iou-entropies/20200111_USVpairs_court1_M1_F1_top-01112020145828-0000@0-2560_frame_meta_entropy_histogram.csv,Mice-hc,20200111_USVpairs_court1,Mice
922.0,0.0180737817353173,Correctly Tracked,/root/vast/mustafa/dreem-experiments/paper-plots/uncertainty-animals/no-post-processing-no-weight-iou-entropies/20200111_USVpairs_court1_M1_F1_top-01112020145828-0000@0-2560_frame_meta_entropy_histogram.csv,Mice-hc,20200111_USVpairs_court1,Mice
923.0,0.0163335067582245,Correctly Tracked,/root/vast/mustafa/dreem-experiments/paper-plots/uncertainty-animals/no-post-processing-no-weight-iou-entropies/20200111_USVpairs_court1_M1_F1_top-01112020145828-0000@0-2560_frame_meta_entropy_histogram.csv,Mice-hc,20200111_USVpairs_court1,Mice
924.0,0.0174086549564789,Correctly Tracked,/root/vast/mustafa/dreem-experiments/paper-plots/uncertainty-animals/no-post-processing-no-weight-iou-entropies/20200111_USVpairs_court1_M1_F1_top-01112020145828-0000@0-2560_frame_meta_entropy_histogram.csv,Mice-hc,20200111_USVpairs_court1,Mice
925.0,0.0212591140639956,Correctly Tracked,/root/vast/mustafa/dreem-experiments/paper-plots/uncertainty-animals/no-post-processing-no-weight-iou-entropies/20200111_USVpairs_court1_M1_F1_top-01112020145828-0000@0-2560_frame_meta_entropy_histogram.csv,Mice-hc,20200111_USVpairs_court1,Mice
926.0,0.0217011014150263,Correctly Tracked,/root/vast/mustafa/dreem-experiments/paper-plots/uncertainty-animals/no-post-processing-no-weight-iou-entropies/20200111_USVpairs_court1_M1_F1_top-01112020145828-0000@0-2560_frame_meta_entropy_histogram.csv,Mice-hc,20200111_USVpairs_court1,Mice
927.0,0.026279287642681,Correctly Tracked,/root/vast/mustafa/dreem-experiments/paper-plots/uncertainty-animals/no-post-processing-no-weight-iou-entropies/20200111_USVpairs_court1_M1_F1_top-01112020145828-0000@0-2560_frame_meta_entropy_histogram.csv,Mice-hc,20200111_USVpairs_court1,Mice
928.0,0.031098907952629,Correctly Tracked,/root/vast/mustafa/dreem-experiments/paper-plots/uncertainty-animals/no-post-processing-no-weight-iou-entropies/20200111_USVpairs_court1_M1_F1_top-01112020145828-0000@0-2560_frame_meta_entropy_histogram.csv,Mice-hc,20200111_USVpairs_court1,Mice
929.0,0.0265827026600079,Correctly Tracked,/root/vast/mustafa/dreem-experiments/paper-plots/uncertainty-animals/no-post-processing-no-weight-iou-entropies/20200111_USVpairs_court1_M1_F1_top-01112020145828-0000@0-2560_frame_meta_entropy_histogram.csv,Mice-hc,20200111_USVpairs_court1,Mice
93.0,0.0048723709495459,Correctly Tracked,/root/vast/mustafa/dreem-experiments/paper-plots/uncertainty-animals/no-post-processing-no-weight-iou-entropies/20200111_USVpairs_court1_M1_F1_top-01112020145828-0000@0-2560_frame_meta_entropy_histogram.csv,Mice-hc,20200111_USVpairs_court1,Mice
930.0,0.026899567258078,Correctly Tracked,/root/vast/mustafa/dreem-experiments/paper-plots/uncertainty-animals/no-post-processing-no-weight-iou-entropies/20200111_USVpairs_court1_M1_F1_top-01112020145828-0000@0-2560_frame_meta_entropy_histogram.csv,Mice-hc,20200111_USVpairs_court1,Mice
931.0,0.0315367919050992,Correctly Tracked,/root/vast/mustafa/dreem-experiments/paper-plots/uncertainty-animals/no-post-processing-no-weight-iou-entropies/20200111_USVpairs_court1_M1_F1_top-01112020145828-0000@0-2560_frame_meta_entropy_histogram.csv,Mice-hc,20200111_USVpairs_court1,Mice
932.0,0.0327046669680723,Correctly Tracked,/root/vast/mustafa/dreem-experiments/paper-plots/uncertainty-animals/no-post-processing-no-weight-iou-entropies/20200111_USVpairs_court1_M1_F1_top-01112020145828-0000@0-2560_frame_meta_entropy_histogram.csv,Mice-hc,20200111_USVpairs_court1,Mice
933.0,0.0319842880754153,Correctly Tracked,/root/vast/mustafa/dreem-experiments/paper-plots/uncertainty-animals/no-post-processing-no-weight-iou-entropies/20200111_USVpairs_court1_M1_F1_top-01112020145828-0000@0-2560_frame_meta_entropy_histogram.csv,Mice-hc,20200111_USVpairs_court1,Mice
934.0,0.0337405077253033,Correctly Tracked,/root/vast/mustafa/dreem-experiments/paper-plots/uncertainty-animals/no-post-processing-no-weight-iou-entropies/20200111_USVpairs_court1_M1_F1_top-01112020145828-0000@0-2560_frame_meta_entropy_histogram.csv,Mice-hc,20200111_USVpairs_court1,Mice
935.0,0.0362766310756493,Correctly Tracked,/root/vast/mustafa/dreem-experiments/paper-plots/uncertainty-animals/no-post-processing-no-weight-iou-entropies/20200111_USVpairs_court1_M1_F1_top-01112020145828-0000@0-2560_frame_meta_entropy_histogram.csv,Mice-hc,20200111_USVpairs_court1,Mice
936.0,0.0380006819081392,Correctly Tracked,/root/vast/mustafa/dreem-experiments/paper-plots/uncertainty-animals/no-post-processing-no-weight-iou-entropies/20200111_USVpairs_court1_M1_F1_top-01112020145828-0000@0-2560_frame_meta_entropy_histogram.csv,Mice-hc,20200111_USVpairs_court1,Mice
937.0,0.034986500532973,Correctly Tracked,/root/vast/mustafa/dreem-experiments/paper-plots/uncertainty-animals/no-post-processing-no-weight-iou-entropies/20200111_USVpairs_court1_M1_F1_top-01112020145828-0000@0-2560_frame_meta_entropy_histogram.csv,Mice-hc,20200111_USVpairs_court1,Mice
938.0,0.0313322185418979,Correctly Tracked,/root/vast/mustafa/dreem-experiments/paper-plots/uncertainty-animals/no-post-processing-no-weight-iou-entropies/20200111_USVpairs_court1_M1_F1_top-01112020145828-0000@0-2560_frame_meta_entropy_histogram.csv,Mice-hc,20200111_USVpairs_court1,Mice
939.0,0.037673509099933,Correctly Tracked,/root/vast/mustafa/dreem-experiments/paper-plots/uncertainty-animals/no-post-processing-no-weight-iou-entropies/20200111_USVpairs_court1_M1_F1_top-01112020145828-0000@0-2560_frame_meta_entropy_histogram.csv,Mice-hc,20200111_USVpairs_court1,Mice
94.0,0.0050621178630862,Correctly Tracked,/root/vast/mustafa/dreem-experiments/paper-plots/uncertainty-animals/no-post-processing-no-weight-iou-entropies/20200111_USVpairs_court1_M1_F1_top-01112020145828-0000@0-2560_frame_meta_entropy_histogram.csv,Mice-hc,20200111_USVpairs_court1,Mice
940.0,0.0423240435917936,Correctly Tracked,/root/vast/mustafa/dreem-experiments/paper-plots/uncertainty-animals/no-post-processing-no-weight-iou-entropies/20200111_USVpairs_court1_M1_F1_top-01112020145828-0000@0-2560_frame_meta_entropy_histogram.csv,Mice-hc,20200111_USVpairs_court1,Mice
941.0,0.0410403731474404,Correctly Tracked,/root/vast/mustafa/dreem-experiments/paper-plots/uncertainty-animals/no-post-processing-no-weight-iou-entropies/20200111_USVpairs_court1_M1_F1_top-01112020145828-0000@0-2560_frame_meta_entropy_histogram.csv,Mice-hc,20200111_USVpairs_court1,Mice
942.0,0.039141015561914,Correctly Tracked,/root/vast/mustafa/dreem-experiments/paper-plots/uncertainty-animals/no-post-processing-no-weight-iou-entropies/20200111_USVpairs_court1_M1_F1_top-01112020145828-0000@0-2560_frame_meta_entropy_histogram.csv,Mice-hc,20200111_USVpairs_court1,Mice
943.0,0.052609428405439,Correctly Tracked,/root/vast/mustafa/dreem-experiments/paper-plots/uncertainty-animals/no-post-processing-no-weight-iou-entropies/20200111_USVpairs_court1_M1_F1_top-01112020145828-0000@0-2560_frame_meta_entropy_histogram.csv,Mice-hc,20200111_USVpairs_court1,Mice
944.0,0.4439361939367423,Correctly Tracked,/root/vast/mustafa/dreem-experiments/paper-plots/uncertainty-animals/no-post-processing-no-weight-iou-entropies/20200111_USVpairs_court1_M1_F1_top-01112020145828-0000@0-2560_frame_meta_entropy_histogram.csv,Mice-hc,20200111_USVpairs_court1,Mice
945.0,0.0875225245932407,Correctly Tracked,/root/vast/mustafa/dreem-experiments/paper-plots/uncertainty-animals/no-post-processing-no-weight-iou-entropies/20200111_USVpairs_court1_M1_F1_top-01112020145828-0000@0-2560_frame_meta_entropy_histogram.csv,Mice-hc,20200111_USVpairs_court1,Mice
946.0,0.0844800762570679,Correctly Tracked,/root/vast/mustafa/dreem-experiments/paper-plots/uncertainty-animals/no-post-processing-no-weight-iou-entropies/20200111_USVpairs_court1_M1_F1_top-01112020145828-0000@0-2560_frame_meta_entropy_histogram.csv,Mice-hc,20200111_USVpairs_court1,Mice
947.0,0.3406074909523404,Correctly Tracked,/root/vast/mustafa/dreem-experiments/paper-plots/uncertainty-animals/no-post-processing-no-weight-iou-entropies/20200111_USVpairs_court1_M1_F1_top-01112020145828-0000@0-2560_frame_meta_entropy_histogram.csv,Mice-hc,20200111_USVpairs_court1,Mice
948.0,0.0945179135426276,Correctly Tracked,/root/vast/mustafa/dreem-experiments/paper-plots/uncertainty-animals/no-post-processing-no-weight-iou-entropies/20200111_USVpairs_court1_M1_F1_top-01112020145828-0000@0-2560_frame_meta_entropy_histogram.csv,Mice-hc,20200111_USVpairs_court1,Mice
949.0,0.1425939115180701,Correctly Tracked,/root/vast/mustafa/dreem-experiments/paper-plots/uncertainty-animals/no-post-processing-no-weight-iou-entropies/20200111_USVpairs_court1_M1_F1_top-01112020145828-0000@0-2560_frame_meta_entropy_histogram.csv,Mice-hc,20200111_USVpairs_court1,Mice
95.0,0.0052107370739136,Correctly Tracked,/root/vast/mustafa/dreem-experiments/paper-plots/uncertainty-animals/no-post-processing-no-weight-iou-entropies/20200111_USVpairs_court1_M1_F1_top-01112020145828-0000@0-2560_frame_meta_entropy_histogram.csv,Mice-hc,20200111_USVpairs_court1,Mice
950.0,0.167407976843352,Correctly Tracked,/root/vast/mustafa/dreem-experiments/paper-plots/uncertainty-animals/no-post-processing-no-weight-iou-entropies/20200111_USVpairs_court1_M1_F1_top-01112020145828-0000@0-2560_frame_meta_entropy_histogram.csv,Mice-hc,20200111_USVpairs_court1,Mice
951.0,0.2758194120956905,Correctly Tracked,/root/vast/mustafa/dreem-experiments/paper-plots/uncertainty-animals/no-post-processing-no-weight-iou-entropies/20200111_USVpairs_court1_M1_F1_top-01112020145828-0000@0-2560_frame_meta_entropy_histogram.csv,Mice-hc,20200111_USVpairs_court1,Mice
952.0,0.3349054706564781,Correctly Tracked,/root/vast/mustafa/dreem-experiments/paper-plots/uncertainty-animals/no-post-processing-no-weight-iou-entropies/20200111_USVpairs_court1_M1_F1_top-01112020145828-0000@0-2560_frame_meta_entropy_histogram.csv,Mice-hc,20200111_USVpairs_court1,Mice
953.0,0.510732320727035,Correctly Tracked,/root/vast/mustafa/dreem-experiments/paper-plots/uncertainty-animals/no-post-processing-no-weight-iou-entropies/20200111_USVpairs_court1_M1_F1_top-01112020145828-0000@0-2560_frame_meta_entropy_histogram.csv,Mice-hc,20200111_USVpairs_court1,Mice
954.0,0.4796676104496384,Correctly Tracked,/root/vast/mustafa/dreem-experiments/paper-plots/uncertainty-animals/no-post-processing-no-weight-iou-entropies/20200111_USVpairs_court1_M1_F1_top-01112020145828-0000@0-2560_frame_meta_entropy_histogram.csv,Mice-hc,20200111_USVpairs_court1,Mice
955.0,0.2389680445603758,Correctly Tracked,/root/vast/mustafa/dreem-experiments/paper-plots/uncertainty-animals/no-post-processing-no-weight-iou-entropies/20200111_USVpairs_court1_M1_F1_top-01112020145828-0000@0-2560_frame_meta_entropy_histogram.csv,Mice-hc,20200111_USVpairs_court1,Mice
956.0,0.2023990080442837,Correctly Tracked,/root/vast/mustafa/dreem-experiments/paper-plots/uncertainty-animals/no-post-processing-no-weight-iou-entropies/20200111_USVpairs_court1_M1_F1_top-01112020145828-0000@0-2560_frame_meta_entropy_histogram.csv,Mice-hc,20200111_USVpairs_court1,Mice
957.0,0.1263261155686198,Correctly Tracked,/root/vast/mustafa/dreem-experiments/paper-plots/uncertainty-animals/no-post-processing-no-weight-iou-entropies/20200111_USVpairs_court1_M1_F1_top-01112020145828-0000@0-2560_frame_meta_entropy_histogram.csv,Mice-hc,20200111_USVpairs_court1,Mice
958.0,0.0762606545347434,Correctly Tracked,/root/vast/mustafa/dreem-experiments/paper-plots/uncertainty-animals/no-post-processing-no-weight-iou-entropies/20200111_USVpairs_court1_M1_F1_top-01112020145828-0000@0-2560_frame_meta_entropy_histogram.csv,Mice-hc,20200111_USVpairs_court1,Mice
959.0,0.051468602988772,Correctly Tracked,/root/vast/mustafa/dreem-experiments/paper-plots/uncertainty-animals/no-post-processing-no-weight-iou-entropies/20200111_USVpairs_court1_M1_F1_top-01112020145828-0000@0-2560_frame_meta_entropy_histogram.csv,Mice-hc,20200111_USVpairs_court1,Mice
96.0,0.4952510014399802,Correctly Tracked,/root/vast/mustafa/dreem-experiments/paper-plots/uncertainty-animals/no-post-processing-no-weight-iou-entropies/20200111_USVpairs_court1_M1_F1_top-01112020145828-0000@0-2560_frame_meta_entropy_histogram.csv,Mice-hc,20200111_USVpairs_court1,Mice
960.0,0.0554978286565594,Correctly Tracked,/root/vast/mustafa/dreem-experiments/paper-plots/uncertainty-animals/no-post-processing-no-weight-iou-entropies/20200111_USVpairs_court1_M1_F1_top-01112020145828-0000@0-2560_frame_meta_entropy_histogram.csv,Mice-hc,20200111_USVpairs_court1,Mice
961.0,0.0922094764114216,Correctly Tracked,/root/vast/mustafa/dreem-experiments/paper-plots/uncertainty-animals/no-post-processing-no-weight-iou-entropies/20200111_USVpairs_court1_M1_F1_top-01112020145828-0000@0-2560_frame_meta_entropy_histogram.csv,Mice-hc,20200111_USVpairs_court1,Mice
962.0,0.4814114285380618,Correctly Tracked,/root/vast/mustafa/dreem-experiments/paper-plots/uncertainty-animals/no-post-processing-no-weight-iou-entropies/20200111_USVpairs_court1_M1_F1_top-01112020145828-0000@0-2560_frame_meta_entropy_histogram.csv,Mice-hc,20200111_USVpairs_court1,Mice
963.0,0.4458932705122356,Correctly Tracked,/root/vast/mustafa/dreem-experiments/paper-plots/uncertainty-animals/no-post-processing-no-weight-iou-entropies/20200111_USVpairs_court1_M1_F1_top-01112020145828-0000@0-2560_frame_meta_entropy_histogram.csv,Mice-hc,20200111_USVpairs_court1,Mice
964.0,0.4298177081707872,Correctly Tracked,/root/vast/mustafa/dreem-experiments/paper-plots/uncertainty-animals/no-post-processing-no-weight-iou-entropies/20200111_USVpairs_court1_M1_F1_top-01112020145828-0000@0-2560_frame_meta_entropy_histogram.csv,Mice-hc,20200111_USVpairs_court1,Mice
965.0,0.3413565613881734,Correctly Tracked,/root/vast/mustafa/dreem-experiments/paper-plots/uncertainty-animals/no-post-processing-no-weight-iou-entropies/20200111_USVpairs_court1_M1_F1_top-01112020145828-0000@0-2560_frame_meta_entropy_histogram.csv,Mice-hc,20200111_USVpairs_court1,Mice
966.0,0.2401443628966147,Correctly Tracked,/root/vast/mustafa/dreem-experiments/paper-plots/uncertainty-animals/no-post-processing-no-weight-iou-entropies/20200111_USVpairs_court1_M1_F1_top-01112020145828-0000@0-2560_frame_meta_entropy_histogram.csv,Mice-hc,20200111_USVpairs_court1,Mice
967.0,0.1784511440889881,Correctly Tracked,/root/vast/mustafa/dreem-experiments/paper-plots/uncertainty-animals/no-post-processing-no-weight-iou-entropies/20200111_USVpairs_court1_M1_F1_top-01112020145828-0000@0-2560_frame_meta_entropy_histogram.csv,Mice-hc,20200111_USVpairs_court1,Mice
968.0,0.1202531716905091,Correctly Tracked,/root/vast/mustafa/dreem-experiments/paper-plots/uncertainty-animals/no-post-processing-no-weight-iou-entropies/20200111_USVpairs_court1_M1_F1_top-01112020145828-0000@0-2560_frame_meta_entropy_histogram.csv,Mice-hc,20200111_USVpairs_court1,Mice
969.0,0.0804417086364956,Correctly Tracked,/root/vast/mustafa/dreem-experiments/paper-plots/uncertainty-animals/no-post-processing-no-weight-iou-entropies/20200111_USVpairs_court1_M1_F1_top-01112020145828-0000@0-2560_frame_meta_entropy_histogram.csv,Mice-hc,20200111_USVpairs_court1,Mice
97.0,0.0117834383503714,Correctly Tracked,/root/vast/mustafa/dreem-experiments/paper-plots/uncertainty-animals/no-post-processing-no-weight-iou-entropies/20200111_USVpairs_court1_M1_F1_top-01112020145828-0000@0-2560_frame_meta_entropy_histogram.csv,Mice-hc,20200111_USVpairs_court1,Mice
970.0,0.0631323105110103,Correctly Tracked,/root/vast/mustafa/dreem-experiments/paper-plots/uncertainty-animals/no-post-processing-no-weight-iou-entropies/20200111_USVpairs_court1_M1_F1_top-01112020145828-0000@0-2560_frame_meta_entropy_histogram.csv,Mice-hc,20200111_USVpairs_court1,Mice
971.0,0.0542572371790183,Correctly Tracked,/root/vast/mustafa/dreem-experiments/paper-plots/uncertainty-animals/no-post-processing-no-weight-iou-entropies/20200111_USVpairs_court1_M1_F1_top-01112020145828-0000@0-2560_frame_meta_entropy_histogram.csv,Mice-hc,20200111_USVpairs_court1,Mice
972.0,0.0494918988932489,Correctly Tracked,/root/vast/mustafa/dreem-experiments/paper-plots/uncertainty-animals/no-post-processing-no-weight-iou-entropies/20200111_USVpairs_court1_M1_F1_top-01112020145828-0000@0-2560_frame_meta_entropy_histogram.csv,Mice-hc,20200111_USVpairs_court1,Mice
973.0,0.0403566131232726,Correctly Tracked,/root/vast/mustafa/dreem-experiments/paper-plots/uncertainty-animals/no-post-processing-no-weight-iou-entropies/20200111_USVpairs_court1_M1_F1_top-01112020145828-0000@0-2560_frame_meta_entropy_histogram.csv,Mice-hc,20200111_USVpairs_court1,Mice
974.0,0.0481509985345921,Correctly Tracked,/root/vast/mustafa/dreem-experiments/paper-plots/uncertainty-animals/no-post-processing-no-weight-iou-entropies/20200111_USVpairs_court1_M1_F1_top-01112020145828-0000@0-2560_frame_meta_entropy_histogram.csv,Mice-hc,20200111_USVpairs_court1,Mice
975.0,0.0424557903640413,Correctly Tracked,/root/vast/mustafa/dreem-experiments/paper-plots/uncertainty-animals/no-post-processing-no-weight-iou-entropies/20200111_USVpairs_court1_M1_F1_top-01112020145828-0000@0-2560_frame_meta_entropy_histogram.csv,Mice-hc,20200111_USVpairs_court1,Mice
976.0,0.0462703413751181,Correctly Tracked,/root/vast/mustafa/dreem-experiments/paper-plots/uncertainty-animals/no-post-processing-no-weight-iou-entropies/20200111_USVpairs_court1_M1_F1_top-01112020145828-0000@0-2560_frame_meta_entropy_histogram.csv,Mice-hc,20200111_USVpairs_court1,Mice
977.0,0.0595890648188985,Correctly Tracked,/root/vast/mustafa/dreem-experiments/paper-plots/uncertainty-animals/no-post-processing-no-weight-iou-entropies/20200111_USVpairs_court1_M1_F1_top-01112020145828-0000@0-2560_frame_meta_entropy_histogram.csv,Mice-hc,20200111_USVpairs_court1,Mice
978.0,0.0687454587720393,Correctly Tracked,/root/vast/mustafa/dreem-experiments/paper-plots/uncertainty-animals/no-post-processing-no-weight-iou-entropies/20200111_USVpairs_court1_M1_F1_top-01112020145828-0000@0-2560_frame_meta_entropy_histogram.csv,Mice-hc,20200111_USVpairs_court1,Mice
979.0,0.0976389794480761,Correctly Tracked,/root/vast/mustafa/dreem-experiments/paper-plots/uncertainty-animals/no-post-processing-no-weight-iou-entropies/20200111_USVpairs_court1_M1_F1_top-01112020145828-0000@0-2560_frame_meta_entropy_histogram.csv,Mice-hc,20200111_USVpairs_court1,Mice
98.0,0.0136996247070076,Correctly Tracked,/root/vast/mustafa/dreem-experiments/paper-plots/uncertainty-animals/no-post-processing-no-weight-iou-entropies/20200111_USVpairs_court1_M1_F1_top-01112020145828-0000@0-2560_frame_meta_entropy_histogram.csv,Mice-hc,20200111_USVpairs_court1,Mice
980.0,0.1488840694842206,Correctly Tracked,/root/vast/mustafa/dreem-experiments/paper-plots/uncertainty-animals/no-post-processing-no-weight-iou-entropies/20200111_USVpairs_court1_M1_F1_top-01112020145828-0000@0-2560_frame_meta_entropy_histogram.csv,Mice-hc,20200111_USVpairs_court1,Mice
981.0,0.1322963750552497,Correctly Tracked,/root/vast/mustafa/dreem-experiments/paper-plots/uncertainty-animals/no-post-processing-no-weight-iou-entropies/20200111_USVpairs_court1_M1_F1_top-01112020145828-0000@0-2560_frame_meta_entropy_histogram.csv,Mice-hc,20200111_USVpairs_court1,Mice
982.0,0.0922275130919308,Correctly Tracked,/root/vast/mustafa/dreem-experiments/paper-plots/uncertainty-animals/no-post-processing-no-weight-iou-entropies/20200111_USVpairs_court1_M1_F1_top-01112020145828-0000@0-2560_frame_meta_entropy_histogram.csv,Mice-hc,20200111_USVpairs_court1,Mice
983.0,0.0755751101905728,Correctly Tracked,/root/vast/mustafa/dreem-experiments/paper-plots/uncertainty-animals/no-post-processing-no-weight-iou-entropies/20200111_USVpairs_court1_M1_F1_top-01112020145828-0000@0-2560_frame_meta_entropy_histogram.csv,Mice-hc,20200111_USVpairs_court1,Mice
984.0,0.0867227246498611,Correctly Tracked,/root/vast/mustafa/dreem-experiments/paper-plots/uncertainty-animals/no-post-processing-no-weight-iou-entropies/20200111_USVpairs_court1_M1_F1_top-01112020145828-0000@0-2560_frame_meta_entropy_histogram.csv,Mice-hc,20200111_USVpairs_court1,Mice
985.0,0.0701608061206883,Correctly Tracked,/root/vast/mustafa/dreem-experiments/paper-plots/uncertainty-animals/no-post-processing-no-weight-iou-entropies/20200111_USVpairs_court1_M1_F1_top-01112020145828-0000@0-2560_frame_meta_entropy_histogram.csv,Mice-hc,20200111_USVpairs_court1,Mice
986.0,0.0579748302834423,Correctly Tracked,/root/vast/mustafa/dreem-experiments/paper-plots/uncertainty-animals/no-post-processing-no-weight-iou-entropies/20200111_USVpairs_court1_M1_F1_top-01112020145828-0000@0-2560_frame_meta_entropy_histogram.csv,Mice-hc,20200111_USVpairs_court1,Mice
987.0,0.0535827319712501,Correctly Tracked,/root/vast/mustafa/dreem-experiments/paper-plots/uncertainty-animals/no-post-processing-no-weight-iou-entropies/20200111_USVpairs_court1_M1_F1_top-01112020145828-0000@0-2560_frame_meta_entropy_histogram.csv,Mice-hc,20200111_USVpairs_court1,Mice
988.0,0.0400428603362915,Correctly Tracked,/root/vast/mustafa/dreem-experiments/paper-plots/uncertainty-animals/no-post-processing-no-weight-iou-entropies/20200111_USVpairs_court1_M1_F1_top-01112020145828-0000@0-2560_frame_meta_entropy_histogram.csv,Mice-hc,20200111_USVpairs_court1,Mice
989.0,0.0277516956102116,Correctly Tracked,/root/vast/mustafa/dreem-experiments/paper-plots/uncertainty-animals/no-post-processing-no-weight-iou-entropies/20200111_USVpairs_court1_M1_F1_top-01112020145828-0000@0-2560_frame_meta_entropy_histogram.csv,Mice-hc,20200111_USVpairs_court1,Mice
99.0,0.0229212511421749,Correctly Tracked,/root/vast/mustafa/dreem-experiments/paper-plots/uncertainty-animals/no-post-processing-no-weight-iou-entropies/20200111_USVpairs_court1_M1_F1_top-01112020145828-0000@0-2560_frame_meta_entropy_histogram.csv,Mice-hc,20200111_USVpairs_court1,Mice
990.0,0.0227574107949389,Correctly Tracked,/root/vast/mustafa/dreem-experiments/paper-plots/uncertainty-animals/no-post-processing-no-weight-iou-entropies/20200111_USVpairs_court1_M1_F1_top-01112020145828-0000@0-2560_frame_meta_entropy_histogram.csv,Mice-hc,20200111_USVpairs_court1,Mice
991.0,0.0172809000627915,Correctly Tracked,/root/vast/mustafa/dreem-experiments/paper-plots/uncertainty-animals/no-post-processing-no-weight-iou-entropies/20200111_USVpairs_court1_M1_F1_top-01112020145828-0000@0-2560_frame_meta_entropy_histogram.csv,Mice-hc,20200111_USVpairs_court1,Mice
992.0,0.0194220007619369,Correctly Tracked,/root/vast/mustafa/dreem-experiments/paper-plots/uncertainty-animals/no-post-processing-no-weight-iou-entropies/20200111_USVpairs_court1_M1_F1_top-01112020145828-0000@0-2560_frame_meta_entropy_histogram.csv,Mice-hc,20200111_USVpairs_court1,Mice
993.0,0.0187061149160337,Correctly Tracked,/root/vast/mustafa/dreem-experiments/paper-plots/uncertainty-animals/no-post-processing-no-weight-iou-entropies/20200111_USVpairs_court1_M1_F1_top-01112020145828-0000@0-2560_frame_meta_entropy_histogram.csv,Mice-hc,20200111_USVpairs_court1,Mice
994.0,0.0195462931611613,Correctly Tracked,/root/vast/mustafa/dreem-experiments/paper-plots/uncertainty-animals/no-post-processing-no-weight-iou-entropies/20200111_USVpairs_court1_M1_F1_top-01112020145828-0000@0-2560_frame_meta_entropy_histogram.csv,Mice-hc,20200111_USVpairs_court1,Mice
995.0,0.0240144266156373,Correctly Tracked,/root/vast/mustafa/dreem-experiments/paper-plots/uncertainty-animals/no-post-processing-no-weight-iou-entropies/20200111_USVpairs_court1_M1_F1_top-01112020145828-0000@0-2560_frame_meta_entropy_histogram.csv,Mice-hc,20200111_USVpairs_court1,Mice
996.0,0.4629592379443402,Correctly Tracked,/root/vast/mustafa/dreem-experiments/paper-plots/uncertainty-animals/no-post-processing-no-weight-iou-entropies/20200111_USVpairs_court1_M1_F1_top-01112020145828-0000@0-2560_frame_meta_entropy_histogram.csv,Mice-hc,20200111_USVpairs_court1,Mice
997.0,0.3853527116774386,Correctly Tracked,/root/vast/mustafa/dreem-experiments/paper-plots/uncertainty-animals/no-post-processing-no-weight-iou-entropies/20200111_USVpairs_court1_M1_F1_top-01112020145828-0000@0-2560_frame_meta_entropy_histogram.csv,Mice-hc,20200111_USVpairs_court1,Mice
998.0,0.5111733702351726,Correctly Tracked,/root/vast/mustafa/dreem-experiments/paper-plots/uncertainty-animals/no-post-processing-no-weight-iou-entropies/20200111_USVpairs_court1_M1_F1_top-01112020145828-0000@0-2560_frame_meta_entropy_histogram.csv,Mice-hc,20200111_USVpairs_court1,Mice
999.0,0.6159834242849499,Correctly Tracked,/root/vast/mustafa/dreem-experiments/paper-plots/uncertainty-animals/no-post-processing-no-weight-iou-entropies/20200111_USVpairs_court1_M1_F1_top-01112020145828-0000@0-2560_frame_meta_entropy_histogram.csv,Mice-hc,20200111_USVpairs_court1,Mice
