,frame,track_14_x,track_14_y,track_16_x,track_16_y,track_17_x,track_17_y,track_12_x,track_12_y,track_13_x,track_13_y,track_10_x,track_10_y,track_11_x,track_11_y,track_7_x,track_7_y,track_43_x,track_43_y,track_42_x,track_42_y,track_39_x,track_39_y,track_40_x,track_40_y,track_90_x,track_90_y,track_91_x,track_91_y,track_92_x,track_92_y,track_93_x,track_93_y,track_86_x,track_86_y,track_87_x,track_87_y,track_88_x,track_88_y,track_89_x,track_89_y,track_82_x,track_82_y,track_83_x,track_83_y,track_84_x,track_84_y,track_85_x,track_85_y,track_80_x,track_80_y,track_81_x,track_81_y,track_78_x,track_78_y,track_79_x,track_79_y,track_51_x,track_51_y,track_52_x,track_52_y,track_8_x,track_8_y,track_9_x,track_9_y,track_47_x,track_47_y,track_48_x,track_48_y,track_108_x,track_108_y,track_109_x,track_109_y,track_57_x,track_57_y,track_58_x,track_58_y,track_118_x,track_118_y,track_119_x,track_119_y,track_116_x,track_116_y,track_117_x,track_117_y,track_96_x,track_96_y,track_97_x,track_97_y,track_18_x,track_18_y,track_19_x,track_19_y,track_104_x,track_104_y,track_105_x,track_105_y,track_134_x,track_134_y,track_135_x,track_135_y,track_114_x,track_114_y,track_115_x,track_115_y,track_110_x,track_110_y,track_111_x,track_111_y,track_120_x,track_120_y,track_121_x,track_121_y,track_94_x,track_94_y,track_95_x,track_95_y,track_106_x,track_106_y,track_107_x,track_107_y,track_112_x,track_112_y,track_113_x,track_113_y,track_98_x,track_98_y,track_99_x,track_99_y,track_102_x,track_102_y,track_103_x,track_103_y,track_28_x,track_28_y,track_29_x,track_29_y,track_100_x,track_100_y,track_101_x,track_101_y,track_130_x,track_130_y,track_131_x,track_131_y,track_26_x,track_26_y,track_27_x,track_27_y,track_140_x,track_140_y,track_141_x,track_141_y,track_55_x,track_55_y,track_56_x,track_56_y,track_45_x,track_45_y,track_46_x,track_46_y,track_53_x,track_53_y,track_54_x,track_54_y,track_59_x,track_59_y,track_60_x,track_60_y,track_142_x,track_142_y,track_143_x,track_143_y,track_49_x,track_49_y,track_50_x,track_50_y,track_61_x,track_61_y,track_62_x,track_62_y,track_132_x,track_132_y,track_133_x,track_133_y,track_128_x,track_128_y,track_129_x,track_129_y,track_24_x,track_24_y,track_25_x,track_25_y,track_138_x,track_138_y,track_139_x,track_139_y,track_136_x,track_136_y,track_137_x,track_137_y,track_22_x,track_22_y,track_23_x,track_23_y,track_20_x,track_20_y,track_21_x,track_21_y,track_126_x,track_126_y,track_127_x,track_127_y
0,650,382.708,281.14,134.004,593.289,137.136,605.593,1009.08,535.211,738.971,554.14,634.141,667.626,669.306,691.222,781.654,711.759,968.456,788.591,991.596,885.555,989.262,685.235,1208.72,674.497,760.184,277.33,847.464,223.59,820.765,448.038,790.826,426.805,648.98,390.298,695.214,394.803,812.959,389.258,947.969,473.159,679.722,613.003,702.021,513.199,661.816,653.218,593.487,605.707,771.951,497.858,869.435,610.169,905.505,476.035,835.805,356.804,,,,,,,,,,,,,,,,,,,,,,,,,,,,,,,,,,,,,,,,,,,,,,,,,,,,,,,,,,,,,,,,,,,,,,,,,,,,,,,,,,,,,,,,,,,,,,,,,,,,,,,,,,,,,,,,,,,,,,,,,,,,,,,,,,,,,,,,,,,,,,,,,,,,,,,,,,,,
1,651,383.796,282.828,134.228,593.289,136.913,607.383,1009.78,536.542,738.408,553.865,634.797,667.23,672.605,692.152,781.757,712.162,968.448,788.244,993.741,884.182,989.223,685.103,1206.21,673.936,760.365,277.108,847.973,219.595,821.572,448.243,792.414,427.232,650.177,390.382,694.642,393.896,812.466,390.298,947.969,472.979,680.779,612.173,702.119,512.73,662.545,653.032,591.707,604.757,771.954,500.684,867.769,609.281,906.031,476.693,834.968,358.1,,,,,,,,,,,,,,,,,,,,,,,,,,,,,,,,,,,,,,,,,,,,,,,,,,,,,,,,,,,,,,,,,,,,,,,,,,,,,,,,,,,,,,,,,,,,,,,,,,,,,,,,,,,,,,,,,,,,,,,,,,,,,,,,,,,,,,,,,,,,,,,,,,,,,,,,,,,,
2,652,385.079,284.824,134.225,592.615,136.646,606.941,1010.44,537.781,737.847,553.586,635.501,666.666,676.348,693.209,781.464,713.331,968.456,787.919,995.302,883.221,989.165,684.924,1202.77,673.135,760.461,276.624,848.423,216.426,821.874,448.32,794.0,427.651,651.818,390.473,694.053,392.325,811.687,390.933,947.967,472.778,681.834,611.334,702.248,512.087,663.251,652.833,590.654,603.925,771.959,502.703,866.087,608.398,906.728,477.649,833.833,359.899,,,,,,,,,,,,,,,,,,,,,,,,,,,,,,,,,,,,,,,,,,,,,,,,,,,,,,,,,,,,,,,,,,,,,,,,,,,,,,,,,,,,,,,,,,,,,,,,,,,,,,,,,,,,,,,,,,,,,,,,,,,,,,,,,,,,,,,,,,,,,,,,,,,,,,,,,,,,
3,653,386.489,287.025,134.2,591.628,136.306,606.109,1011.0,538.831,737.314,553.315,636.451,665.889,680.091,694.274,781.01,714.905,968.459,788.213,995.418,883.585,989.094,684.709,1200.0,672.483,760.562,275.985,849.026,212.248,822.25,448.417,795.508,428.04,653.665,390.563,693.253,390.133,810.583,391.778,947.964,472.591,682.582,610.712,702.383,511.405,664.199,652.563,589.245,602.78,772.045,504.184,864.865,607.77,907.406,478.614,832.582,361.881,,,,,,,,,,,,,,,,,,,,,,,,,,,,,,,,,,,,,,,,,,,,,,,,,,,,,,,,,,,,,,,,,,,,,,,,,,,,,,,,,,,,,,,,,,,,,,,,,,,,,,,,,,,,,,,,,,,,,,,,,,,,,,,,,,,,,,,,,,,,,,,,,,,,,,,,,,,,
4,654,387.962,289.325,134.167,590.526,136.023,605.652,1011.41,539.597,736.835,553.066,637.419,665.106,683.393,695.226,780.405,716.216,968.464,788.678,995.36,884.205,989.014,684.471,1197.32,671.812,760.597,275.485,849.609,208.112,822.64,448.516,796.863,428.375,655.483,390.639,692.482,387.938,809.374,392.679,947.935,471.927,682.9,610.085,702.497,510.82,665.151,652.291,587.664,601.479,772.164,506.149,863.946,607.474,907.878,479.298,831.399,363.725,,,,,,,,,,,,,,,,,,,,,,,,,,,,,,,,,,,,,,,,,,,,,,,,,,,,,,,,,,,,,,,,,,,,,,,,,,,,,,,,,,,,,,,,,,,,,,,,,,,,,,,,,,,,,,,,,,,,,,,,,,,,,,,,,,,,,,,,,,,,,,,,,,,,,,,,,,,,
5,655,389.432,291.62,134.142,589.503,135.656,607.305,1011.9,540.354,736.437,552.85,638.176,664.527,685.811,695.946,777.703,717.905,968.468,789.198,995.302,884.564,988.929,684.221,1195.77,670.496,760.232,275.116,850.0,205.068,822.985,448.602,797.988,428.632,657.036,390.692,691.98,386.356,808.273,393.479,947.895,470.974,683.276,609.239,702.777,509.266,665.874,652.081,586.091,600.182,772.306,508.475,862.715,607.094,907.942,479.605,830.466,365.109,,,,,,,,,,,,,,,,,,,,,,,,,,,,,,,,,,,,,,,,,,,,,,,,,,,,,,,,,,,,,,,,,,,,,,,,,,,,,,,,,,,,,,,,,,,,,,,,,,,,,,,,,,,,,,,,,,,,,,,,,,,,,,,,,,,,,,,,,,,,,,,,,,,,,,,,,,,,
6,656,390.832,293.806,134.139,588.756,135.142,609.742,1012.57,541.365,736.145,552.68,639.392,663.966,688.835,697.3,779.054,717.568,968.467,789.655,995.3,883.564,988.844,683.972,1194.63,669.128,759.697,274.633,849.874,202.41,823.228,448.657,798.808,428.79,658.085,390.712,692.341,385.331,807.5,394.023,947.847,469.913,683.667,608.407,703.15,507.195,666.778,651.784,584.709,599.047,772.464,511.041,861.369,606.692,907.954,479.935,828.335,367.273,,,,,,,,,,,,,,,,,,,,,,,,,,,,,,,,,,,,,,,,,,,,,,,,,,,,,,,,,,,,,,,,,,,,,,,,,,,,,,,,,,,,,,,,,,,,,,,,,,,,,,,,,,,,,,,,,,,,,,,,,,,,,,,,,,,,,,,,,,,,,,,,,,,,,,,,,,,,
7,657,392.098,295.777,134.36,587.849,134.554,612.582,1013.37,542.568,736.124,552.091,641.114,663.188,692.967,699.184,778.0,716.0,968.456,789.933,995.302,882.55,988.763,683.735,1195.23,668.037,759.148,274.17,849.644,198.867,823.287,448.585,798.809,427.48,657.616,390.297,692.905,384.137,807.083,393.944,947.792,468.923,684.026,607.823,703.448,505.589,668.016,651.375,583.699,598.232,772.63,513.726,860.106,606.333,907.878,480.187,825.331,370.275,,,,,,,,,,,,,,,,,,,,,,,,,,,,,,,,,,,,,,,,,,,,,,,,,,,,,,,,,,,,,,,,,,,,,,,,,,,,,,,,,,,,,,,,,,,,,,,,,,,,,,,,,,,,,,,,,,,,,,,,,,,,,,,,,,,,,,,,,,,,,,,,,,,,,,,,,,,,
8,658,393.162,297.429,134.678,586.583,133.967,615.446,1014.25,543.897,736.117,551.237,643.086,662.303,697.152,701.139,780.068,715.878,968.293,789.408,995.277,882.795,988.691,683.523,1195.95,668.243,758.742,273.861,849.423,195.383,823.362,448.483,798.756,425.574,656.849,389.695,693.311,383.251,806.541,393.785,947.732,468.185,685.217,607.649,703.724,504.536,669.254,650.962,582.554,597.532,772.797,516.407,859.122,606.081,907.079,480.379,822.3,373.289,,,,,,,,,,,,,,,,,,,,,,,,,,,,,,,,,,,,,,,,,,,,,,,,,,,,,,,,,,,,,,,,,,,,,,,,,,,,,,,,,,,,,,,,,,,,,,,,,,,,,,,,,,,,,,,,,,,,,,,,,,,,,,,,,,,,,,,,,,,,,,,,,,,,,,,,,,,,
9,659,393.96,298.658,135.049,585.136,133.455,617.953,1015.17,545.291,736.121,550.298,645.056,661.425,700.338,702.703,780.851,715.489,968.052,788.609,995.302,883.221,988.632,683.348,,,758.344,274.002,849.324,192.905,823.445,448.361,798.669,423.353,655.944,389.011,693.21,382.922,805.96,393.583,947.346,467.068,686.915,607.462,703.924,503.686,670.155,650.654,580.994,596.602,772.957,518.963,857.086,605.998,905.918,480.629,820.085,375.489,1187.92,673.826,1197.99,667.114,,,,,,,,,,,,,,,,,,,,,,,,,,,,,,,,,,,,,,,,,,,,,,,,,,,,,,,,,,,,,,,,,,,,,,,,,,,,,,,,,,,,,,,,,,,,,,,,,,,,,,,,,,,,,,,,,,,,,,,,,,,,,,,,,,,,,,,,,,,,,,,,,,,,,,,,
10,660,394.726,299.502,135.429,583.685,133.091,619.723,1016.09,546.686,736.131,549.451,646.769,660.665,704.48,705.667,781.419,715.203,967.844,787.802,995.697,883.657,988.591,683.221,,,757.781,274.2,849.997,191.78,823.524,448.227,798.567,421.099,655.061,388.35,693.016,382.593,805.423,393.375,946.786,465.499,688.614,607.275,703.612,503.705,670.849,650.331,579.452,595.671,773.101,521.272,854.225,605.905,904.772,480.881,818.269,377.249,1187.92,674.161,1197.92,667.194,,,,,,,,,,,,,,,,,,,,,,,,,,,,,,,,,,,,,,,,,,,,,,,,,,,,,,,,,,,,,,,,,,,,,,,,,,,,,,,,,,,,,,,,,,,,,,,,,,,,,,,,,,,,,,,,,,,,,,,,,,,,,,,,,,,,,,,,,,,,,,,,,,,,,,,,
11,661,395.772,300.641,135.773,582.407,132.852,620.947,1016.96,548.018,736.145,548.873,647.973,660.135,709.77,709.546,781.745,715.958,967.785,787.248,996.238,884.195,988.494,683.263,,,757.145,274.452,850.991,190.411,823.59,448.088,798.469,419.092,654.36,387.815,692.867,382.363,805.016,393.196,946.164,463.768,689.805,607.1,703.448,503.686,671.78,649.892,578.36,594.97,773.221,523.212,851.363,605.816,904.022,481.077,816.072,379.357,1187.92,674.497,1197.99,667.114,,,,,,,,,,,,,,,,,,,,,,,,,,,,,,,,,,,,,,,,,,,,,,,,,,,,,,,,,,,,,,,,,,,,,,,,,,,,,,,,,,,,,,,,,,,,,,,,,,,,,,,,,,,,,,,,,,,,,,,,,,,,,,,,,,,,,,,,,,,,,,,,,,,,,,,,
12,662,397.005,301.974,136.037,581.48,132.522,622.611,1017.72,549.224,736.283,548.847,648.546,660.004,713.851,712.5,782.0,716.0,968.874,787.222,996.644,884.564,988.355,683.34,,,756.53,274.753,851.996,189.107,823.633,447.953,798.394,417.615,652.515,386.346,692.84,382.373,804.366,392.5,945.591,462.17,690.17,606.504,704.84,502.541,672.88,649.372,577.928,594.144,773.311,524.662,849.324,605.743,904.46,481.386,814.45,380.828,1187.62,674.309,1197.99,667.114,,,,,,,,,,,,,,,,,,,,,,,,,,,,,,,,,,,,,,,,,,,,,,,,,,,,,,,,,,,,,,,,,,,,,,,,,,,,,,,,,,,,,,,,,,,,,,,,,,,,,,,,,,,,,,,,,,,,,,,,,,,,,,,,,,,,,,,,,,,,,,,,,,,,,,,,
13,663,398.33,303.401,136.656,580.446,132.153,624.485,1018.35,550.242,736.496,548.864,649.276,659.861,716.49,713.973,782.0,710.0,970.468,787.236,996.772,884.384,988.23,683.413,,,756.026,275.098,852.703,188.176,823.641,447.829,798.121,415.366,649.87,384.233,692.83,382.409,803.446,391.495,945.181,460.996,690.569,605.651,706.302,501.308,674.081,648.803,577.419,593.017,773.389,525.985,848.307,605.596,905.185,481.815,813.989,380.433,1187.19,674.002,1198.47,666.553,,,,,,,,,,,,,,,,,,,,,,,,,,,,,,,,,,,,,,,,,,,,,,,,,,,,,,,,,,,,,,,,,,,,,,,,,,,,,,,,,,,,,,,,,,,,,,,,,,,,,,,,,,,,,,,,,,,,,,,,,,,,,,,,,,,,,,,,,,,,,,,,,,,,,,,,
14,664,399.654,304.823,137.539,579.007,131.798,626.344,1018.79,551.007,736.717,548.894,650.058,659.715,719.885,715.792,,,972.256,787.263,996.925,884.086,988.176,683.446,,,755.728,275.485,852.966,187.777,823.063,447.047,797.98,413.062,646.947,381.903,692.867,382.363,802.436,390.383,944.813,459.543,690.947,604.801,706.694,500.588,675.313,648.217,576.935,591.902,773.494,527.756,847.051,605.388,905.922,482.245,813.496,379.678,1186.71,673.653,1199.17,665.738,782.0,710.0,783.593,719.88,,,,,,,,,,,,,,,,,,,,,,,,,,,,,,,,,,,,,,,,,,,,,,,,,,,,,,,,,,,,,,,,,,,,,,,,,,,,,,,,,,,,,,,,,,,,,,,,,,,,,,,,,,,,,,,,,,,,,,,,,,,,,,,,,,,,,,,,,,,,,,,,,,,,
15,665,400.884,306.139,138.555,577.365,131.507,627.959,1018.05,551.952,736.876,548.907,650.786,659.577,723.22,717.569,,,973.926,787.276,997.081,883.745,988.591,683.221,,,756.754,278.72,853.274,187.3,822.219,445.933,798.958,411.15,644.268,379.782,693.295,381.625,801.52,389.365,944.311,457.519,691.249,604.211,707.029,499.741,676.509,647.649,576.581,591.114,773.592,529.5,845.833,605.189,906.395,482.56,813.036,378.979,1186.25,673.344,1199.99,664.792,784.431,706.707,784.979,714.869,,,,,,,,,,,,,,,,,,,,,,,,,,,,,,,,,,,,,,,,,,,,,,,,,,,,,,,,,,,,,,,,,,,,,,,,,,,,,,,,,,,,,,,,,,,,,,,,,,,,,,,,,,,,,,,,,,,,,,,,,,,,,,,,,,,,,,,,,,,,,,,,,,,,
16,666,401.925,307.249,139.573,575.723,131.332,629.104,1017.03,553.207,736.906,548.873,651.351,659.459,725.676,718.919,,,975.168,787.248,997.219,883.432,988.514,684.459,,,758.226,283.124,853.55,186.838,821.362,444.732,800.319,408.851,642.358,378.296,693.918,380.559,800.877,388.643,943.762,455.295,691.769,604.108,707.253,498.93,677.6,647.13,576.317,590.817,773.649,530.743,844.932,605.068,906.016,482.818,812.671,378.752,1185.91,673.154,1200.8,663.84,785.03,703.114,784.232,717.006,,,,,,,,,,,,,,,,,,,,,,,,,,,,,,,,,,,,,,,,,,,,,,,,,,,,,,,,,,,,,,,,,,,,,,,,,,,,,,,,,,,,,,,,,,,,,,,,,,,,,,,,,,,,,,,,,,,,,,,,,,,,,,,,,,,,,,,,,,,,,,,,,,,,
17,667,402.685,308.054,140.465,574.285,131.9,629.727,1015.8,554.703,735.569,548.198,652.465,659.086,727.806,720.558,,,977.023,786.673,997.315,883.221,989.189,685.473,,,759.438,286.383,853.716,186.486,820.744,443.69,801.291,407.268,640.831,377.543,694.638,379.321,800.569,388.134,943.25,453.239,692.493,604.026,707.205,496.879,678.517,646.694,575.96,590.436,773.511,531.334,844.127,605.268,905.412,483.159,812.077,382.014,1185.33,673.46,1201.51,663.006,788.176,704.73,784.551,715.569,,,,,,,,,,,,,,,,,,,,,,,,,,,,,,,,,,,,,,,,,,,,,,,,,,,,,,,,,,,,,,,,,,,,,,,,,,,,,,,,,,,,,,,,,,,,,,,,,,,,,,,,,,,,,,,,,,,,,,,,,,,,,,,,,,,,,,,,,,,,,,,,,,,,
18,668,403.358,308.556,141.099,573.254,132.505,630.277,1014.41,556.372,733.721,547.272,654.042,658.55,730.643,722.797,,,979.412,785.878,997.325,883.206,992.905,688.514,,,760.813,286.98,853.385,186.052,820.33,440.793,801.093,407.919,638.819,376.612,695.359,378.07,800.24,387.522,942.862,451.721,693.227,603.946,707.253,494.649,679.191,646.373,575.556,590.019,773.31,532.096,843.054,605.574,904.78,483.497,811.421,383.99,1184.5,673.915,1202.01,662.416,785.03,706.347,782.512,716.159,,,,,,,,,,,,,,,,,,,,,,,,,,,,,,,,,,,,,,,,,,,,,,,,,,,,,,,,,,,,,,,,,,,,,,,,,,,,,,,,,,,,,,,,,,,,,,,,,,,,,,,,,,,,,,,,,,,,,,,,,,,,,,,,,,,,,,,,,,,,,,,,,,,,
19,669,404.258,309.217,141.58,572.366,132.634,630.831,1012.93,558.145,732.339,546.59,655.857,657.932,733.445,725.039,,,981.208,785.235,997.33,883.208,992.617,691.275,,,762.682,287.49,852.883,185.458,819.556,439.635,800.464,408.096,636.818,375.695,695.984,376.961,800.05,386.987,942.205,449.737,693.777,603.85,708.257,492.403,679.7,646.119,575.148,589.615,773.077,532.9,841.991,605.881,904.318,483.747,810.601,386.295,1183.55,674.45,1202.23,661.988,783.832,707.186,780.599,717.006,,,,,,,,,,,,,,,,,,,,,,,,,,,,,,,,,,,,,,,,,,,,,,,,,,,,,,,,,,,,,,,,,,,,,,,,,,,,,,,,,,,,,,,,,,,,,,,,,,,,,,,,,,,,,,,,,,,,,,,,,,,,,,,,,,,,,,,,,,,,,,,,,,,,
20,670,405.327,309.996,142.231,571.165,132.772,631.591,1011.42,559.953,731.956,546.494,657.684,657.316,735.473,726.689,,,981.921,784.596,997.327,883.216,,,,,764.553,287.91,852.375,184.87,818.45,438.144,797.98,402.715,635.321,374.984,696.416,376.153,800.467,386.03,941.27,446.954,694.399,603.329,709.52,489.664,680.38,645.778,574.783,589.272,772.841,533.618,841.216,606.081,903.908,483.976,810.001,388.243,1182.6,674.995,1202.52,661.406,783.311,707.427,781.921,717.624,988.591,689.933,999.329,694.631,,,,,,,,,,,,,,,,,,,,,,,,,,,,,,,,,,,,,,,,,,,,,,,,,,,,,,,,,,,,,,,,,,,,,,,,,,,,,,,,,,,,,,,,,,,,,,,,,,,,,,,,,,,,,,,,,,,,,,,,,,,,,,,,,,,,,,,,,,,,,,,,
21,671,406.508,310.855,142.995,569.754,132.904,632.426,1009.92,561.727,731.479,546.39,659.298,656.784,736.837,728.154,,,982.659,783.804,997.315,883.221,,,,,765.931,288.239,852.027,184.459,817.184,436.504,798.539,400.978,633.733,373.943,696.51,375.092,801.1,384.691,940.247,443.911,695.246,602.577,709.631,487.99,681.183,645.376,574.505,589.038,772.635,534.122,840.636,605.964,903.346,484.295,809.917,391.256,1181.78,675.481,1202.86,660.733,782.683,707.69,784.063,718.432,985.235,689.262,999.329,694.631,,,,,,,,,,,,,,,,,,,,,,,,,,,,,,,,,,,,,,,,,,,,,,,,,,,,,,,,,,,,,,,,,,,,,,,,,,,,,,,,,,,,,,,,,,,,,,,,,,,,,,,,,,,,,,,,,,,,,,,,,,,,,,,,,,,,,,,,,,,,,,,,
22,672,407.745,311.753,143.814,568.234,133.016,633.204,1008.51,563.399,730.941,546.281,660.473,656.419,738.682,730.174,,,983.221,783.221,997.178,883.221,,,,,767.176,288.64,852.007,184.346,815.926,434.898,799.528,398.821,631.583,372.502,696.606,373.727,801.726,383.362,939.323,441.146,696.08,601.83,701.653,490.92,682.06,644.937,573.946,589.155,771.832,534.275,839.878,605.773,902.707,484.656,809.843,395.53,1181.21,675.839,1203.2,660.032,782.09,707.91,786.27,719.216,986.695,687.884,999.499,695.27,,,,,,,,,,,,,,,,,,,,,,,,,,,,,,,,,,,,,,,,,,,,,,,,,,,,,,,,,,,,,,,,,,,,,,,,,,,,,,,,,,,,,,,,,,,,,,,,,,,,,,,,,,,,,,,,,,,,,,,,,,,,,,,,,,,,,,,,,,,,,,,,
23,673,408.979,312.651,144.629,566.709,133.091,633.795,1007.25,564.9,730.377,546.173,661.92,656.406,740.761,732.466,,,983.656,783.082,996.979,883.221,,,,,768.89,289.199,852.025,184.241,814.849,433.507,800.748,396.481,629.44,371.061,696.859,372.605,802.119,382.435,938.688,439.199,696.667,601.322,693.46,494.174,682.962,644.485,573.148,589.346,770.69,534.466,839.114,605.567,902.063,485.013,809.782,400.195,1181.04,676.398,1203.53,659.365,781.677,708.024,787.784,719.76,988.591,686.577,999.73,696.141,,,,,,,,,,,,,,,,,,,,,,,,,,,,,,,,,,,,,,,,,,,,,,,,,,,,,,,,,,,,,,,,,,,,,,,,,,,,,,,,,,,,,,,,,,,,,,,,,,,,,,,,,,,,,,,,,,,,,,,,,,,,,,,,,,,,,,,,,,,,,,,,
24,674,410.154,313.507,145.384,565.282,133.028,634.805,1006.18,566.161,729.821,546.07,663.944,656.422,742.829,734.751,,,984.244,782.927,996.78,883.221,,,,,770.746,289.813,852.027,184.122,814.122,432.515,801.997,394.192,627.871,370.018,698.722,371.249,801.673,382.222,938.576,438.139,696.839,601.363,691.857,495.093,683.84,644.045,572.273,589.568,769.365,534.671,838.514,605.405,901.488,485.319,809.735,404.383,1180.86,677.172,1203.82,658.797,781.628,707.505,787.922,719.817,988.728,686.479,1000.01,697.189,,,,,,,,,,,,,,,,,,,,,,,,,,,,,,,,,,,,,,,,,,,,,,,,,,,,,,,,,,,,,,,,,,,,,,,,,,,,,,,,,,,,,,,,,,,,,,,,,,,,,,,,,,,,,,,,,,,,,,,,,,,,,,,,,,,,,,,,,,,,,,,,
25,675,411.212,314.284,146.019,564.055,132.946,636.086,1005.37,567.114,729.305,545.975,666.156,656.446,744.639,736.748,,,984.882,782.775,996.644,883.221,,,,,772.419,290.378,851.876,183.661,814.387,432.014,803.073,392.19,626.59,369.287,700.852,369.943,800.999,381.975,938.464,436.752,697.023,601.479,690.795,495.916,684.647,643.642,571.484,589.776,768.016,534.867,837.533,605.127,901.056,485.526,809.705,407.225,1180.68,677.951,1204.03,658.389,781.603,706.734,788.015,719.862,988.719,686.479,1000.32,698.356,,,,,,,,,,,,,,,,,,,,,,,,,,,,,,,,,,,,,,,,,,,,,,,,,,,,,,,,,,,,,,,,,,,,,,,,,,,,,,,,,,,,,,,,,,,,,,,,,,,,,,,,,,,,,,,,,,,,,,,,,,,,,,,,,,,,,,,,,,,,,,,,
26,676,412.097,314.94,146.477,563.131,132.847,637.6,1004.3,568.07,728.864,545.893,668.169,656.453,745.946,738.176,,,985.47,782.643,996.644,883.221,,,,,773.583,290.789,851.655,182.997,814.838,431.362,803.775,390.712,624.891,368.336,703.234,369.214,800.217,381.751,938.362,435.27,697.209,601.608,690.131,496.552,685.333,643.3,570.946,589.928,766.802,535.029,836.171,604.741,900.284,485.457,809.777,407.035,1180.54,678.523,1204.38,658.13,781.585,705.95,788.079,719.898,988.646,686.528,1000.64,699.587,,,,,,,,,,,,,,,,,,,,,,,,,,,,,,,,,,,,,,,,,,,,,,,,,,,,,,,,,,,,,,,,,,,,,,,,,,,,,,,,,,,,,,,,,,,,,,,,,,,,,,,,,,,,,,,,,,,,,,,,,,,,,,,,,,,,,,,,,,,,,,,,
27,677,412.752,315.436,146.705,561.438,132.735,639.308,1002.88,569.338,728.532,545.828,669.595,656.419,747.153,739.286,,,985.906,782.55,997.179,884.187,,,,,773.951,291.246,851.408,182.259,815.364,430.671,803.361,389.057,623.234,367.399,705.287,368.612,799.447,381.609,938.28,433.922,697.389,601.683,690.389,497.253,685.85,643.044,570.915,590.118,765.878,535.135,834.798,604.349,899.264,485.332,809.88,406.634,1180.28,679.018,1204.87,657.784,781.557,705.389,788.13,719.93,988.591,686.577,1000.97,700.823,,,,,,,,,,,,,,,,,,,,,,,,,,,,,,,,,,,,,,,,,,,,,,,,,,,,,,,,,,,,,,,,,,,,,,,,,,,,,,,,,,,,,,,,,,,,,,,,,,,,,,,,,,,,,,,,,,,,,,,,,,,,,,,,,,,,,,,,,,,,,,,,
28,678,413.085,316.109,147.008,559.112,132.612,641.17,1001.18,570.849,728.08,545.714,670.503,655.801,748.816,740.795,,,986.475,782.543,997.959,885.6,,,,,774.359,291.866,851.179,181.578,815.852,430.053,803.94,387.969,622.077,366.707,704.786,368.317,798.808,381.607,938.225,432.938,698.053,601.541,690.844,498.204,686.682,642.684,570.92,590.386,763.933,534.955,833.784,604.054,898.387,485.23,810.005,406.087,1179.92,679.678,1205.44,657.394,781.365,705.055,788.186,719.963,988.438,686.843,1001.29,702.009,,,,,,,,,,,,,,,,,,,,,,,,,,,,,,,,,,,,,,,,,,,,,,,,,,,,,,,,,,,,,,,,,,,,,,,,,,,,,,,,,,,,,,,,,,,,,,,,,,,,,,,,,,,,,,,,,,,,,,,,,,,,,,,,,,,,,,,,,,,,,,,,
29,679,413.513,316.995,147.362,556.336,132.48,643.148,999.277,572.532,727.465,545.558,671.714,654.894,750.619,742.424,,,987.257,782.543,998.752,886.999,,,,,774.733,292.477,851.014,181.081,816.191,429.618,804.795,386.697,621.839,366.078,703.81,367.99,796.793,383.309,938.313,431.945,699.002,601.326,691.299,499.161,687.863,642.173,570.939,590.678,761.154,534.689,832.831,603.702,897.0,485.137,810.14,405.456,1179.5,680.462,1205.99,657.002,781.086,704.607,788.263,720.0,988.218,687.224,1001.58,703.088,,,,,,,,,,,,,,,,,,,,,,,,,,,,,,,,,,,,,,,,,,,,,,,,,,,,,,,,,,,,,,,,,,,,,,,,,,,,,,,,,,,,,,,,,,,,,,,,,,,,,,,,,,,,,,,,,,,,,,,,,,,,,,,,,,,,,,,,,,,,,,,,
30,680,414.017,318.051,147.746,553.29,132.344,645.204,997.262,574.317,726.735,545.37,673.013,653.89,752.245,743.896,,,988.035,782.547,999.329,887.919,,,,,775.0,292.905,850.838,180.515,816.392,429.46,805.43,385.746,621.622,365.237,703.07,367.725,794.669,385.332,938.447,430.607,699.957,601.108,691.558,499.881,689.215,641.59,570.954,590.938,758.098,534.379,831.553,603.222,895.217,485.022,810.277,404.805,1179.03,681.329,1206.44,656.648,780.763,704.105,788.895,720.252,988.016,687.617,1001.82,704.003,,,,,,,,,,,,,,,,,,,,,,,,,,,,,,,,,,,,,,,,,,,,,,,,,,,,,,,,,,,,,,,,,,,,,,,,,,,,,,,,,,,,,,,,,,,,,,,,,,,,,,,,,,,,,,,,,,,,,,,,,,,,,,,,,,,,,,,,,,,,,,,,
31,681,414.578,319.234,148.137,550.155,132.205,647.298,995.212,576.133,725.933,545.165,674.18,652.983,753.378,744.932,,,988.591,782.55,999.774,887.434,,,,,775.092,293.017,850.585,179.713,816.653,429.263,805.52,385.327,621.426,364.406,702.977,367.39,793.152,387.896,938.586,429.275,700.639,600.961,690.898,500.713,690.559,641.013,570.946,591.114,755.32,534.064,830.292,602.736,893.938,484.933,810.405,404.197,1178.53,682.236,1206.71,656.376,780.444,703.609,789.758,720.594,987.919,687.919,1002.01,704.698,,,,,,,,,,,,,,,,,,,,,,,,,,,,,,,,,,,,,,,,,,,,,,,,,,,,,,,,,,,,,,,,,,,,,,,,,,,,,,,,,,,,,,,,,,,,,,,,,,,,,,,,,,,,,,,,,,,,,,,,,,,,,,,,,,,,,,,,,,,,,,,,
32,682,415.177,320.503,148.512,547.113,132.066,649.391,993.206,577.91,725.105,544.954,675.0,652.365,753.762,745.435,,,988.893,782.562,1000.36,886.621,,,,,775.205,293.155,850.32,178.856,816.938,429.061,805.623,384.8,621.249,363.809,702.894,366.918,791.364,391.156,938.688,428.3,701.01,600.974,689.925,501.872,691.717,640.52,570.676,591.082,753.378,533.784,829.392,602.365,894.028,484.867,810.514,403.698,1178.03,683.141,1205.8,655.779,780.175,703.178,790.419,720.838,988.456,688.353,1002.42,705.944,,,,,,,,,,,,,,,,,,,,,,,,,,,,,,,,,,,,,,,,,,,,,,,,,,,,,,,,,,,,,,,,,,,,,,,,,,,,,,,,,,,,,,,,,,,,,,,,,,,,,,,,,,,,,,,,,,,,,,,,,,,,,,,,,,,,,,,,,,,,,,,,
33,683,415.793,321.815,148.85,544.344,131.93,651.445,991.326,579.578,724.297,544.75,675.325,652.326,754.24,746.096,,,989.271,782.582,1000.93,885.787,,,,,775.329,293.3,850.104,178.126,817.211,428.892,805.738,384.183,620.743,363.457,702.819,366.379,790.116,393.61,938.789,427.501,701.425,601.003,688.786,503.196,692.509,640.19,570.279,591.02,752.486,532.643,828.943,601.874,894.302,484.779,810.594,403.369,1177.56,684.002,1204.52,654.956,780.0,702.874,790.763,720.801,989.253,688.956,1002.99,707.682,,,,,,,,,,,,,,,,,,,,,,,,,,,,,,,,,,,,,,,,,,,,,,,,,,,,,,,,,,,,,,,,,,,,,,,,,,,,,,,,,,,,,,,,,,,,,,,,,,,,,,,,,,,,,,,,,,,,,,,,,,,,,,,,,,,,,,,,,,,,,,,,
34,684,416.409,323.126,149.129,542.03,131.8,653.42,989.653,581.066,723.554,544.566,675.707,652.339,754.761,746.832,,,989.644,782.586,1001.34,885.235,,,,,775.455,293.432,850.0,177.703,817.433,428.79,805.862,383.494,620.017,362.99,702.75,365.844,790.418,394.63,938.926,426.445,701.723,600.961,687.629,504.523,692.455,640.366,569.839,590.944,751.689,531.419,828.391,601.201,894.616,484.695,810.709,403.678,1177.13,684.778,1202.97,653.973,780.217,702.733,791.189,720.718,990.053,689.543,1003.57,709.438,,,,,,,,,,,,,,,,,,,,,,,,,,,,,,,,,,,,,,,,,,,,,,,,,,,,,,,,,,,,,,,,,,,,,,,,,,,,,,,,,,,,,,,,,,,,,,,,,,,,,,,,,,,,,,,,,,,,,,,,,,,,,,,,,,,,,,,,,,,,,,,,
35,685,417.003,324.394,149.325,540.352,131.678,655.279,988.267,582.304,722.92,544.414,676.073,652.365,755.275,747.558,,,989.933,782.55,1001.5,885.447,,,,,775.573,293.532,850.737,178.992,818.044,429.057,805.993,382.751,619.213,362.491,702.686,365.382,790.974,395.912,939.06,425.389,701.745,600.317,686.601,505.692,692.285,640.662,569.44,590.871,750.511,530.469,827.833,600.519,894.827,484.636,810.875,404.155,1176.78,685.427,1201.26,652.893,780.547,702.553,791.619,720.636,990.604,689.933,1004.03,710.738,,,,,,,,,,,,,,,,,,,,,,,,,,,,,,,,,,,,,,,,,,,,,,,,,,,,,,,,,,,,,,,,,,,,,,,,,,,,,,,,,,,,,,,,,,,,,,,,,,,,,,,,,,,,,,,,,,,,,,,,,,,,,,,,,,,,,,,,,,,,,,,,
36,686,417.558,325.577,149.13,539.739,131.568,656.981,987.248,583.221,722.442,544.306,676.351,652.365,755.732,748.192,,,990.351,782.04,1001.68,885.812,,,,,775.676,293.581,851.823,180.911,818.914,429.463,806.128,381.973,618.473,362.047,702.626,365.064,791.626,397.264,939.152,424.59,701.734,599.438,685.85,506.54,692.109,640.96,569.166,590.817,748.846,529.176,827.365,600.0,894.843,484.632,811.062,404.716,1176.51,685.906,1199.5,651.783,780.925,702.361,791.976,720.599,990.65,689.756,1004.78,712.009,,,,,,,,,,,,,,,,,,,,,,,,,,,,,,,,,,,,,,,,,,,,,,,,,,,,,,,,,,,,,,,,,,,,,,,,,,,,,,,,,,,,,,,,,,,,,,,,,,,,,,,,,,,,,,,,,,,,,,,,,,,,,,,,,,,,,,,,,,,,,,,,
37,687,418.054,326.632,148.857,538.953,131.471,658.489,987.598,583.252,721.591,544.364,676.672,652.158,756.081,748.649,,,990.936,781.292,1001.86,886.225,,,,,776.09,293.105,852.927,182.915,819.768,429.843,806.266,381.177,617.938,361.74,702.357,365.046,792.22,398.493,939.151,423.614,701.723,598.794,684.793,507.491,692.033,641.141,569.103,590.724,747.026,527.784,826.265,599.328,894.844,484.632,811.245,405.274,1176.28,686.139,1197.79,650.705,781.283,702.18,792.771,720.846,990.675,689.464,1005.8,713.729,,,,,,,,,,,,,,,,,,,,,,,,,,,,,,,,,,,,,,,,,,,,,,,,,,,,,,,,,,,,,,,,,,,,,,,,,,,,,,,,,,,,,,,,,,,,,,,,,,,,,,,,,,,,,,,,,,,,,,,,,,,,,,,,,,,,,,,,,,,,,,,,
38,688,418.472,327.517,148.524,538.037,131.392,659.763,988.118,583.255,720.408,544.451,677.119,651.852,756.717,749.025,,,991.582,780.463,1002.01,886.577,,,,,776.689,292.411,853.716,184.459,820.33,430.032,806.403,380.382,617.4,361.714,701.968,365.047,792.6,399.404,939.139,422.28,701.722,598.748,683.345,508.794,692.598,640.864,569.034,590.592,745.385,526.536,824.694,598.388,894.836,484.635,811.395,405.743,1175.98,686.444,1196.22,649.726,781.557,702.036,793.907,721.211,990.677,689.125,1007.01,715.769,,,,,,,,,,,,,,,,,,,,,,,,,,,,,,,,,,,,,,,,,,,,,,,,,,,,,,,,,,,,,,,,,,,,,,,,,,,,,,,,,,,,,,,,,,,,,,,,,,,,,,,,,,,,,,,,,,,,,,,,,,,,,,,,,,,,,,,,,,,,,,,,
39,689,418.792,328.188,148.152,537.038,131.332,660.765,988.765,583.239,719.004,544.558,677.608,651.515,757.608,749.525,,,992.178,779.712,1002.29,887.524,,,,,777.379,291.604,854.173,186.753,820.029,429.101,806.537,379.606,616.653,361.698,701.537,365.058,792.321,400.496,939.133,420.942,701.724,598.753,681.631,510.333,693.434,640.44,568.967,590.447,744.257,525.676,822.956,597.356,894.827,484.636,811.484,406.039,1175.63,686.801,1194.91,648.91,782.09,701.693,795.16,721.62,990.654,688.811,1008.35,717.999,,,,,,,,,,,,,,,,,,,,,,,,,,,,,,,,,,,,,,,,,,,,,,,,,,,,,,,,,,,,,,,,,,,,,,,,,,,,,,,,,,,,,,,,,,,,,,,,,,,,,,,,,,,,,,,,,,,,,,,,,,,,,,,,,,,,,,,,,,,,,,,,
40,690,419.103,328.642,147.758,536.0,131.516,661.075,989.497,583.212,717.49,544.675,678.055,651.213,758.495,750.009,,,992.617,779.195,1002.67,888.863,,,,,778.066,290.785,854.693,189.701,819.527,427.781,806.667,378.867,615.844,361.695,701.139,365.067,791.888,402.024,939.152,419.952,701.724,598.778,679.778,511.99,694.367,639.964,568.909,590.315,744.082,525.572,821.354,596.409,894.777,484.642,811.196,405.523,1175.23,687.193,1193.96,648.322,782.635,701.317,796.307,722.0,990.604,688.591,1009.73,720.292,,,,,,,,,,,,,,,,,,,,,,,,,,,,,,,,,,,,,,,,,,,,,,,,,,,,,,,,,,,,,,,,,,,,,,,,,,,,,,,,,,,,,,,,,,,,,,,,,,,,,,,,,,,,,,,,,,,,,,,,,,,,,,,,,,,,,,,,,,,,,,,,
41,691,419.517,329.242,147.364,534.968,131.754,661.459,990.271,583.18,715.976,544.793,678.378,651.014,759.122,750.338,,,993.17,779.075,1003.06,890.233,,,,,778.656,290.059,855.068,191.892,819.089,426.721,806.789,378.182,615.12,361.709,700.852,365.064,791.375,403.768,939.458,419.005,701.723,598.794,677.91,513.65,695.226,639.532,568.869,590.224,743.922,525.495,820.193,595.724,894.705,484.652,810.766,404.738,1174.82,687.601,1193.45,648.227,782.998,700.91,797.126,722.275,989.953,688.44,1011.07,722.519,,,,,,,,,,,,,,,,,,,,,,,,,,,,,,,,,,,,,,,,,,,,,,,,,,,,,,,,,,,,,,,,,,,,,,,,,,,,,,,,,,,,,,,,,,,,,,,,,,,,,,,,,,,,,,,,,,,,,,,,,,,,,,,,,,,,,,,,,,,,,,,,
42,692,420.009,329.951,146.987,533.989,132.038,661.907,991.045,583.152,714.574,544.904,678.677,651.115,759.369,750.292,,,993.923,778.926,1003.36,891.275,,,,,779.054,289.527,855.114,192.507,818.415,425.751,806.901,377.571,614.627,361.74,700.569,364.933,790.858,405.508,939.902,417.691,701.699,598.803,676.155,515.196,695.838,639.239,568.883,590.195,743.782,525.436,818.961,595.04,894.621,484.653,810.325,403.936,1174.41,688.008,1192.78,648.123,783.465,700.359,797.773,722.59,989.015,688.243,1012.29,724.551,,,,,,,,,,,,,,,,,,,,,,,,,,,,,,,,,,,,,,,,,,,,,,,,,,,,,,,,,,,,,,,,,,,,,,,,,,,,,,,,,,,,,,,,,,,,,,,,,,,,,,,,,,,,,,,,,,,,,,,,,,,,,,,,,,,,,,,,,,,,,,,,
43,693,420.553,330.733,146.648,533.106,132.36,662.406,991.776,583.135,713.393,544.999,679.088,651.265,759.66,750.19,,,994.818,778.759,1003.74,892.643,,,,,778.933,288.781,855.119,193.066,817.483,424.456,807.001,377.051,614.658,362.155,700.219,364.752,790.413,407.024,940.416,416.198,701.675,598.81,674.638,516.511,696.351,639.219,568.901,590.175,743.667,525.386,817.272,594.109,894.531,484.636,810.001,403.369,1174.02,688.396,1192.0,648.017,783.936,699.807,798.659,723.028,988.032,688.052,1013.32,726.26,,,,,,,,,,,,,,,,,,,,,,,,,,,,,,,,,,,,,,,,,,,,,,,,,,,,,,,,,,,,,,,,,,,,,,,,,,,,,,,,,,,,,,,,,,,,,,,,,,,,,,,,,,,,,,,,,,,,,,,,,,,,,,,,,,,,,,,,,,,,,,,,
44,694,421.124,331.551,146.366,532.365,132.711,662.943,992.422,583.135,712.546,545.067,679.571,651.449,759.936,750.077,,,995.799,778.581,1004.23,894.416,,,,,778.724,287.731,855.068,193.581,816.527,423.155,807.086,376.64,614.747,362.749,699.965,364.62,790.116,408.096,940.933,414.714,701.723,598.794,673.484,517.479,697.03,639.221,568.869,590.224,743.581,525.338,815.302,593.024,894.103,484.395,809.71,403.115,1173.66,688.746,1191.2,647.912,784.311,699.401,799.662,723.529,987.248,687.919,1014.09,727.517,,,,,,,,,,,,,,,,,,,,,,,,,,,,,,,,,,,,,,,,,,,,,,,,,,,,,,,,,,,,,,,,,,,,,,,,,,,,,,,,,,,,,,,,,,,,,,,,,,,,,,,,,,,,,,,,,,,,,,,,,,,,,,,,,,,,,,,,,,,,,,,,
45,695,421.696,332.368,146.161,531.811,133.082,663.508,992.94,583.162,712.129,545.145,680.09,651.652,760.135,750.0,,,996.809,778.402,1004.7,895.973,,,,,778.474,286.582,854.565,194.873,815.777,422.168,807.596,375.939,614.861,363.426,699.938,364.612,790.225,408.723,941.384,413.429,702.372,598.579,670.965,518.637,697.708,639.233,568.423,590.838,743.568,525.17,813.227,591.878,893.488,484.044,809.31,402.793,1173.37,689.041,1190.43,647.813,784.98,699.032,800.66,724.03,985.77,687.89,1014.92,728.524,,,,,,,,,,,,,,,,,,,,,,,,,,,,,,,,,,,,,,,,,,,,,,,,,,,,,,,,,,,,,,,,,,,,,,,,,,,,,,,,,,,,,,,,,,,,,,,,,,,,,,,,,,,,,,,,,,,,,,,,,,,,,,,,,,,,,,,,,,,,,,,,
46,696,422.244,333.148,146.106,531.443,133.467,664.087,993.289,583.221,711.581,545.254,680.606,651.86,760.25,749.995,,,997.791,778.231,1005.85,898.716,,,,,778.231,285.536,853.837,196.719,814.536,420.926,808.331,374.961,614.97,364.088,699.965,364.62,790.401,409.564,941.703,412.531,703.256,598.287,667.458,520.23,698.216,639.239,567.771,591.729,743.553,524.975,811.223,590.763,892.876,483.692,808.878,402.45,1173.15,689.262,1189.76,647.724,785.914,698.542,801.532,724.471,983.704,687.862,1015.96,729.763,,,,,,,,,,,,,,,,,,,,,,,,,,,,,,,,,,,,,,,,,,,,,,,,,,,,,,,,,,,,,,,,,,,,,,,,,,,,,,,,,,,,,,,,,,,,,,,,,,,,,,,,,,,,,,,,,,,,,,,,,,,,,,,,,,,,,,,,,,,,,,,,
47,697,422.743,333.854,146.038,530.952,133.857,664.669,992.23,584.797,710.954,545.381,681.081,652.058,760.403,749.994,,,998.688,778.076,1007.31,902.255,,,,,778.041,284.797,853.021,198.764,813.877,421.105,809.065,373.995,615.041,364.637,700.145,364.621,790.616,410.532,941.909,412.243,703.89,598.071,663.289,522.112,698.782,639.226,567.045,592.727,743.536,524.755,809.467,589.772,892.455,483.45,808.489,402.133,1173.04,689.467,1189.26,647.651,786.844,698.039,802.156,724.79,981.615,687.842,1016.78,730.872,,,,,,,,,,,,,,,,,,,,,,,,,,,,,,,,,,,,,,,,,,,,,,,,,,,,,,,,,,,,,,,,,,,,,,,,,,,,,,,,,,,,,,,,,,,,,,,,,,,,,,,,,,,,,,,,,,,,,,,,,,,,,,,,,,,,,,,,,,,,,,,,
48,698,423.167,334.45,145.961,530.374,134.243,665.241,991.032,585.638,710.303,545.514,681.477,652.231,760.566,749.996,,,999.443,777.947,1008.05,904.698,,,,,777.57,284.356,852.259,200.652,813.294,421.34,809.569,373.329,615.046,366.272,700.404,364.621,790.845,411.537,942.173,411.925,703.798,598.046,658.786,524.139,699.551,639.208,566.379,593.666,743.517,524.511,808.135,588.999,892.434,483.425,808.222,401.886,1172.9,689.744,1188.43,647.427,787.5,697.635,802.643,725.128,980.068,687.838,1017.53,733.049,,,,,,,,,,,,,,,,,,,,,,,,,,,,,,,,,,,,,,,,,,,,,,,,,,,,,,,,,,,,,,,,,,,,,,,,,,,,,,,,,,,,,,,,,,,,,,,,,,,,,,,,,,,,,,,,,,,,,,,,,,,,,,,,,,,,,,,,,,,,,,,,
49,699,423.49,334.899,145.878,529.744,134.617,665.792,989.384,586.754,709.68,545.64,681.757,652.365,760.711,749.999,,,1000.0,777.852,1004.85,903.557,,,,,776.907,283.798,851.689,202.027,812.661,420.545,809.596,373.29,615.043,368.444,700.665,364.62,791.063,412.49,942.435,411.62,703.596,598.031,654.278,526.166,700.312,639.186,565.903,594.377,743.497,524.245,805.332,586.85,892.461,483.427,808.189,401.419,1172.73,690.073,1187.36,647.137,787.736,696.849,803.284,725.588,978.543,687.974,1018.57,736.142,,,,,,,,,,,,,,,,,,,,,,,,,,,,,,,,,,,,,,,,,,,,,,,,,,,,,,,,,,,,,,,,,,,,,,,,,,,,,,,,,,,,,,,,,,,,,,,,,,,,,,,,,,,,,,,,,,,,,,,,,,,,,,,,,,,,,,,,,,,,,,,,
50,700,424.087,335.453,145.794,529.098,134.971,666.309,987.439,588.051,709.141,545.749,681.72,652.763,760.811,750.0,,,1000.51,777.848,1001.35,902.027,,,,,776.22,283.233,850.785,203.587,811.835,419.415,809.625,373.249,615.041,370.018,700.852,364.62,791.242,413.304,942.631,411.372,703.36,598.036,650.092,528.047,700.854,639.162,565.513,595.631,743.476,523.96,801.646,583.988,892.455,483.45,808.185,400.814,1172.54,690.433,1186.58,646.98,788.038,695.796,803.92,726.038,976.49,688.172,1019.69,739.556,,,,,,,,,,,,,,,,,,,,,,,,,,,,,,,,,,,,,,,,,,,,,,,,,,,,,,,,,,,,,,,,,,,,,,,,,,,,,,,,,,,,,,,,,,,,,,,,,,,,,,,,,,,,,,,,,,,,,,,,,,,,,,,,,,,,,,,,,,,,,,,,
51,701,424.907,336.207,145.713,528.472,135.297,666.781,985.346,589.436,708.739,545.828,681.658,653.311,760.817,750.0,,,1001.2,777.847,999.662,901.351,,,,,775.676,282.77,849.63,205.55,810.807,417.902,809.656,373.204,615.041,370.018,700.955,364.62,791.358,413.89,942.847,410.9,703.167,598.071,646.555,529.639,701.108,639.046,564.978,597.415,743.453,523.656,798.859,581.811,892.16,483.639,808.222,400.403,1172.36,690.801,1186.53,647.511,788.389,694.535,804.392,726.351,974.453,688.372,1020.73,742.695,,,,,,,,,,,,,,,,,,,,,,,,,,,,,,,,,,,,,,,,,,,,,,,,,,,,,,,,,,,,,,,,,,,,,,,,,,,,,,,,,,,,,,,,,,,,,,,,,,,,,,,,,,,,,,,,,,,,,,,,,,,,,,,,,,,,,,,,,,,,,,,,
52,702,425.885,337.103,145.639,527.9,135.586,667.195,983.257,590.813,708.125,545.905,681.578,653.968,760.818,750.001,,,1002.01,777.848,999.029,900.929,,,,,774.745,281.846,848.855,207.023,809.569,415.96,809.688,373.156,,,701.085,364.62,791.168,414.289,943.145,410.226,702.725,598.501,643.995,530.797,701.413,638.881,564.401,599.371,743.43,523.337,797.67,580.791,891.731,483.915,808.579,400.663,1172.18,691.158,1186.54,648.303,788.776,693.126,804.853,726.399,972.973,688.514,1021.48,744.966,620.007,363.396,612.971,374.571,,,,,,,,,,,,,,,,,,,,,,,,,,,,,,,,,,,,,,,,,,,,,,,,,,,,,,,,,,,,,,,,,,,,,,,,,,,,,,,,,,,,,,,,,,,,,,,,,,,,,,,,,,,,,,,,,,,,,,,,,,,,,,,,,,,,,,,,,,,,
53,703,426.958,338.085,145.576,527.42,135.831,667.538,981.322,592.089,707.271,546.009,681.485,654.689,760.816,750.001,,,1002.9,777.85,998.649,900.338,,,,,773.446,280.545,849.448,207.617,802.533,403.957,809.722,373.106,,,701.209,364.62,790.84,414.816,943.474,409.487,702.144,599.088,642.093,531.748,701.736,638.708,563.884,601.147,743.405,523.003,796.405,579.678,891.294,484.18,809.098,401.067,1172.02,691.482,1186.57,649.105,789.183,691.629,805.493,726.45,971.912,688.574,1022.31,747.247,618.598,364.599,609.298,377.596,,,,,,,,,,,,,,,,,,,,,,,,,,,,,,,,,,,,,,,,,,,,,,,,,,,,,,,,,,,,,,,,,,,,,,,,,,,,,,,,,,,,,,,,,,,,,,,,,,,,,,,,,,,,,,,,,,,,,,,,,,,,,,,,,,,,,,,,,,,,
54,704,428.064,339.095,145.528,527.065,136.023,667.8,979.694,593.17,706.269,546.13,681.388,655.433,760.813,750.001,,,1003.82,777.852,998.986,898.311,,,,,772.163,279.26,847.965,209.989,800.666,401.236,809.758,373.053,,,701.295,364.62,790.524,415.393,943.783,408.819,701.723,599.516,640.183,532.32,702.041,638.569,563.531,602.385,743.38,522.657,795.381,578.796,890.972,484.34,809.699,401.55,1171.89,691.752,1186.58,649.664,789.595,690.103,806.237,726.501,970.48,688.651,1023.46,750.409,617.188,365.803,610.771,376.335,,,,,,,,,,,,,,,,,,,,,,,,,,,,,,,,,,,,,,,,,,,,,,,,,,,,,,,,,,,,,,,,,,,,,,,,,,,,,,,,,,,,,,,,,,,,,,,,,,,,,,,,,,,,,,,,,,,,,,,,,,,,,,,,,,,,,,,,,,,,
55,705,429.138,340.077,145.462,526.779,136.211,667.266,978.523,593.96,705.214,546.258,681.292,656.156,760.811,750.0,,,1004.7,777.854,,,,,,,771.284,278.378,847.973,211.824,799.074,399.159,809.794,372.999,,,701.303,364.619,790.371,415.939,944.022,408.357,701.711,599.538,637.634,533.056,703.127,638.293,563.519,602.888,743.354,522.301,794.574,578.025,890.672,484.048,810.301,402.041,1171.81,691.946,1186.46,649.809,789.998,688.607,807.012,726.552,968.937,688.731,1024.72,753.84,616.764,363.923,609.671,377.217,995.973,889.933,1001.34,901.342,,,,,,,,,,,,,,,,,,,,,,,,,,,,,,,,,,,,,,,,,,,,,,,,,,,,,,,,,,,,,,,,,,,,,,,,,,,,,,,,,,,,,,,,,,,,,,,,,,,,,,,,,,,,,,,,,,,,,,,,,,,,,,,,,,,,,,,,
56,706,430.119,340.973,145.371,526.399,136.457,666.547,977.96,594.617,704.197,546.384,681.204,656.815,760.808,749.986,,,1005.52,777.856,,,,,,,771.284,278.378,,,797.98,397.748,809.832,372.944,,,701.311,364.617,790.53,416.373,944.495,408.238,701.747,599.512,634.936,533.732,704.694,637.899,563.547,603.419,743.327,521.936,793.498,576.975,890.275,483.602,810.824,402.472,1172.1,691.955,1186.28,649.951,790.377,687.202,807.744,726.601,967.542,688.802,1025.92,756.927,616.304,361.045,609.084,377.125,994.932,889.189,1000.0,903.356,851.351,202.365,843.919,214.189,,,,,,,,,,,,,,,,,,,,,,,,,,,,,,,,,,,,,,,,,,,,,,,,,,,,,,,,,,,,,,,,,,,,,,,,,,,,,,,,,,,,,,,,,,,,,,,,,,,,,,,,,,,,,,,,,,,,,,,,,,,,,,,,,,,,
57,707,430.942,341.727,145.28,526.036,136.749,665.68,977.212,595.514,703.311,546.498,681.132,657.368,760.804,749.959,,,1006.2,777.855,,,,,,,,,,,797.906,397.539,809.87,372.888,,,701.316,364.615,795.017,417.408,945.122,408.144,701.723,599.516,632.58,534.126,706.429,637.466,563.531,603.868,743.301,521.565,792.308,575.828,889.855,483.155,811.188,402.776,1172.5,691.96,1186.08,650.119,790.716,685.946,808.359,726.647,966.554,688.851,1026.85,759.06,615.867,358.111,608.558,376.938,995.27,886.824,998.658,902.013,852.004,202.17,843.071,216.198,776.689,279.054,763.851,279.054,,,,,,,,,,,,,,,,,,,,,,,,,,,,,,,,,,,,,,,,,,,,,,,,,,,,,,,,,,,,,,,,,,,,,,,,,,,,,,,,,,,,,,,,,,,,,,,,,,,,,,,,,,,,,,,,,,,,,,,,,,,,,,,,
58,708,431.544,342.282,145.212,525.8,137.077,664.701,976.346,596.568,702.649,546.59,681.081,657.77,760.8,749.938,,,1006.71,777.852,,,,,,,,,,,797.889,397.356,809.908,372.83,,,701.317,364.614,799.636,418.443,945.645,408.125,701.183,599.779,625.922,533.175,708.021,637.071,563.136,604.605,743.273,521.188,791.157,574.771,889.489,482.857,811.315,403.006,1172.99,691.962,1185.91,650.336,791.0,684.9,808.784,726.689,965.997,688.852,1028.83,759.477,615.517,356.059,607.939,377.064,996.959,884.797,998.658,900.671,852.657,201.976,842.222,218.208,778.221,276.412,763.881,278.047,,,,,,,,,,,,,,,,,,,,,,,,,,,,,,,,,,,,,,,,,,,,,,,,,,,,,,,,,,,,,,,,,,,,,,,,,,,,,,,,,,,,,,,,,,,,,,,,,,,,,,,,,,,,,,,,,,,,,,,,,,,,,,,,
59,709,431.961,342.742,145.146,525.972,137.427,663.646,975.425,597.698,701.475,546.912,681.079,658.003,760.801,749.945,,,1007.22,777.772,,,,,,,,,,,797.909,397.194,809.947,372.773,,,701.311,364.616,800.856,418.878,946.331,408.559,700.396,600.159,623.711,533.695,709.159,636.79,562.563,605.647,743.246,520.809,790.203,573.986,888.453,482.953,811.476,403.32,1173.52,691.962,1185.37,651.671,791.216,684.122,808.659,726.903,965.363,688.847,1030.87,759.732,614.89,355.432,607.161,377.272,996.489,884.547,998.658,900.671,852.678,202.703,841.087,220.383,778.176,275.339,763.846,278.375,,,,,,,,,,,,,,,,,,,,,,,,,,,,,,,,,,,,,,,,,,,,,,,,,,,,,,,,,,,,,,,,,,,,,,,,,,,,,,,,,,,,,,,,,,,,,,,,,,,,,,,,,,,,,,,,,,,,,,,,,,,,,,,,
60,710,432.521,343.361,145.056,526.23,137.789,662.554,974.514,598.822,699.848,547.362,681.077,658.31,760.811,750.0,,,1007.94,777.655,,,,,,,,,,,797.946,397.051,809.985,372.715,,,701.295,364.62,802.246,419.424,947.275,409.198,699.518,600.589,621.041,534.544,710.109,636.596,561.92,606.795,743.219,520.429,788.813,573.431,886.983,483.127,811.652,403.675,1174.08,691.96,1184.59,653.59,791.372,683.917,808.44,727.216,964.865,688.851,1032.32,760.563,614.005,354.645,606.609,377.495,995.973,882.55,998.653,901.156,852.626,203.735,839.495,223.397,777.939,274.065,763.844,278.035,,,,,,,,,,,,,,,,,,,,,,,,,,,,,,,,,,,,,,,,,,,,,,,,,,,,,,,,,,,,,,,,,,,,,,,,,,,,,,,,,,,,,,,,,,,,,,,,,,,,,,,,,,,,,,,,,,,,,,,,,,,,,,,,
61,711,433.182,344.093,144.95,526.542,138.15,661.459,973.677,599.858,697.917,547.899,681.075,658.672,760.957,750.856,,,1008.75,777.52,,,,,,,,,,,797.98,396.921,810.023,372.658,,,701.039,364.694,803.646,420.001,948.215,409.822,698.704,600.999,618.287,535.515,711.365,636.345,561.316,607.85,743.192,520.049,787.5,572.973,885.506,483.314,811.824,404.028,1174.62,691.957,1183.81,655.559,791.582,683.662,808.182,727.558,964.41,688.923,1034.21,761.748,612.966,353.769,606.684,378.185,997.297,866.554,998.645,901.852,852.657,204.526,837.751,226.692,777.669,272.863,763.577,276.932,,,,,,,,,,,,,,,,,,,,,,,,,,,,,,,,,,,,,,,,,,,,,,,,,,,,,,,,,,,,,,,,,,,,,,,,,,,,,,,,,,,,,,,,,,,,,,,,,,,,,,,,,,,,,,,,,,,,,,,,,,,,,,,,
62,712,433.902,344.892,144.84,526.876,138.5,660.4,972.979,600.725,695.832,548.48,681.074,659.071,761.158,752.041,,,1009.56,777.384,,,,,,,,,,,798.234,396.504,810.061,372.601,,,700.683,364.8,804.898,420.529,948.892,410.212,698.111,601.322,615.825,536.396,712.63,636.094,560.861,608.613,743.165,519.673,787.162,572.973,884.447,483.45,811.972,404.336,1175.12,691.953,1183.22,657.047,791.829,683.372,807.941,727.857,963.799,689.029,1036.1,762.932,611.88,352.874,606.855,379.169,998.311,866.216,998.644,902.629,853.412,204.911,836.162,229.709,777.525,272.006,763.207,275.455,,,,,,,,,,,,,,,,,,,,,,,,,,,,,,,,,,,,,,,,,,,,,,,,,,,,,,,,,,,,,,,,,,,,,,,,,,,,,,,,,,,,,,,,,,,,,,,,,,,,,,,,,,,,,,,,,,,,,,,,,,,,,,,,
63,713,434.639,345.714,144.735,527.201,138.825,659.412,972.483,601.342,693.743,549.063,681.074,659.486,761.4,753.464,,,1010.25,777.265,,,,,,,,,,,798.602,395.911,810.098,372.545,,,700.257,364.925,805.844,420.926,949.313,409.724,697.417,602.074,614.031,536.98,713.608,635.9,560.086,609.38,743.139,519.3,786.337,572.999,883.828,483.573,812.077,404.556,1175.53,691.949,1182.61,658.892,792.099,683.063,807.77,728.041,963.215,689.13,1037.58,763.758,610.852,352.029,607.042,380.151,997.635,865.203,998.658,903.356,854.512,205.385,835.034,231.889,778.0,271.67,762.916,274.325,,,,,,,,,,,,,,,,,,,,,,,,,,,,,,,,,,,,,,,,,,,,,,,,,,,,,,,,,,,,,,,,,,,,,,,,,,,,,,,,,,,,,,,,,,,,,,,,,,,,,,,,,,,,,,,,,,,,,,,,,,,,,,,,
64,714,435.35,346.514,144.645,527.486,139.115,658.533,972.544,601.446,691.799,549.604,681.074,659.899,761.667,755.032,,,1010.74,777.181,,,,,,,,,,,798.97,395.306,810.134,372.49,,,699.793,365.061,807.034,421.497,949.871,408.98,696.469,603.136,612.574,536.826,715.039,635.614,559.378,610.096,743.113,518.935,783.784,571.622,883.04,483.736,812.126,404.711,1175.84,691.946,1181.84,661.244,792.375,682.749,807.621,727.711,962.838,689.189,1039.88,763.967,609.988,351.304,607.166,380.836,997.973,865.203,998.857,905.932,855.611,205.835,834.27,233.969,778.67,271.326,762.699,273.743,,,,,,,,,,,,,,,,,,,,,,,,,,,,,,,,,,,,,,,,,,,,,,,,,,,,,,,,,,,,,,,,,,,,,,,,,,,,,,,,,,,,,,,,,,,,,,,,,,,,,,,,,,,,,,,,,,,,,,,,,,,,,,,,
65,715,435.994,347.245,144.579,527.698,139.357,657.799,972.659,601.575,690.151,550.063,681.075,660.292,761.943,756.653,,,1010.85,777.13,,,,,,,,,,,799.222,394.851,810.169,372.437,,,699.323,365.198,808.701,422.304,950.473,408.131,695.53,604.194,610.646,536.536,716.888,635.251,559.46,610.447,743.088,518.578,783.479,571.493,882.289,483.904,812.188,404.923,1176.14,691.898,1181.21,663.087,792.644,682.446,807.422,727.209,963.173,689.054,1043.07,764.184,609.393,350.77,607.132,381.004,997.973,861.149,999.147,909.654,856.368,206.15,833.373,236.554,779.149,271.079,762.412,273.02,,,,,,,,,,,,,,,,,,,,,,,,,,,,,,,,,,,,,,,,,,,,,,,,,,,,,,,,,,,,,,,,,,,,,,,,,,,,,,,,,,,,,,,,,,,,,,,,,,,,,,,,,,,,,,,,,,,,,,,,,,,,,,,,
66,716,436.529,347.863,144.514,528.113,139.54,657.247,972.81,601.697,688.946,550.396,681.076,660.643,762.214,758.236,,,1010.97,777.062,,,,,,,,,,,799.233,394.322,810.203,372.386,,,698.879,365.324,810.605,423.226,951.027,407.332,694.861,604.933,608.747,536.23,718.353,635.01,559.636,610.896,743.063,518.231,783.784,571.622,881.777,484.043,812.254,405.147,1176.55,691.83,1180.5,664.556,792.888,682.17,807.229,726.7,963.69,688.858,1046.21,764.356,609.564,350.241,607.08,381.208,998.253,860.647,999.471,913.766,856.415,206.196,832.715,238.614,779.04,271.02,762.145,272.312,,,,,,,,,,,,,,,,,,,,,,,,,,,,,,,,,,,,,,,,,,,,,,,,,,,,,,,,,,,,,,,,,,,,,,,,,,,,,,,,,,,,,,,,,,,,,,,,,,,,,,,,,,,,,,,,,,,,,,,,,,,,,,,,
67,717,436.913,348.322,144.424,528.698,139.614,657.025,972.981,601.778,687.736,550.686,681.078,660.935,762.463,759.686,,,1011.11,776.983,,,,,,,,,,,799.225,393.584,810.235,372.337,,,698.49,365.431,812.51,424.143,951.442,406.734,694.541,605.12,607.372,536.029,719.645,635.224,559.86,611.378,743.04,517.896,786.105,572.303,881.86,484.35,812.319,405.336,1177.03,691.75,1179.54,666.495,793.093,681.935,807.095,726.351,964.09,688.704,1048.32,764.43,609.877,349.53,607.015,381.438,998.658,859.732,999.774,917.512,856.399,206.234,832.54,240.615,778.829,270.962,761.989,271.774,,,,,,,,,,,,,,,,,,,,,,,,,,,,,,,,,,,,,,,,,,,,,,,,,,,,,,,,,,,,,,,,,,,,,,,,,,,,,,,,,,,,,,,,,,,,,,,,,,,,,,,,,,,,,,,,,,,,,,,,,,,,,,,,
68,718,436.835,348.854,144.319,529.384,139.709,656.74,973.154,601.787,686.098,551.076,681.081,661.149,762.676,760.913,,,1011.26,776.897,,,,,,,,,,,799.211,392.779,810.266,372.291,,,698.19,365.507,814.175,424.935,952.035,405.752,694.152,605.308,606.462,536.111,721.411,635.562,560.087,611.826,743.018,517.575,,,882.066,484.773,812.374,405.445,1177.56,691.661,1178.57,668.408,793.243,681.757,807.084,726.328,964.299,688.595,1047.84,763.823,610.226,348.813,606.942,381.684,999.662,852.365,1000.0,920.134,856.368,206.23,832.33,243.387,778.604,270.904,762.346,271.112,791.671,579.724,780.772,570.912,,,,,,,,,,,,,,,,,,,,,,,,,,,,,,,,,,,,,,,,,,,,,,,,,,,,,,,,,,,,,,,,,,,,,,,,,,,,,,,,,,,,,,,,,,,,,,,,,,,,,,,,,,,,,,,,,,,,,,,,,,,,
69,719,436.686,349.595,144.209,530.106,139.82,656.407,973.311,601.689,684.155,551.538,681.147,661.126,762.838,761.824,,,1011.42,776.808,,,,,,,,,,,799.206,392.05,810.294,372.248,,,697.361,365.548,815.364,425.479,952.856,404.383,693.757,605.49,605.236,536.238,723.333,635.941,560.268,612.172,742.997,517.27,,,882.37,485.23,812.556,405.095,1178.11,691.57,1177.85,669.799,793.336,681.52,807.079,726.323,964.559,688.452,1046.95,762.924,610.506,348.264,606.865,381.935,999.662,848.986,1000.35,921.444,856.368,206.15,832.107,246.54,778.453,270.847,762.874,270.188,792.371,578.242,781.479,569.541,,,,,,,,,,,,,,,,,,,,,,,,,,,,,,,,,,,,,,,,,,,,,,,,,,,,,,,,,,,,,,,,,,,,,,,,,,,,,,,,,,,,,,,,,,,,,,,,,,,,,,,,,,,,,,,,,,,,,,,,,,,,
70,720,436.509,350.405,144.103,530.795,139.943,656.039,973.975,600.247,682.029,552.042,681.241,661.081,763.159,763.003,,,1011.58,776.721,,,,,,,,,,,799.222,391.54,810.32,372.208,,,696.203,365.601,816.287,425.498,953.665,403.03,693.416,605.656,603.822,536.395,725.09,636.279,560.813,612.835,742.977,516.982,,,883.853,486.713,812.817,404.575,1178.64,691.48,1177.09,670.805,793.461,681.191,807.079,726.33,964.822,688.316,1045.9,761.924,611.072,347.523,606.789,382.181,999.324,842.905,1000.84,923.164,856.619,205.115,831.89,249.684,778.476,270.618,763.479,269.177,793.071,576.759,780.855,568.714,,,,,,,,,,,,,,,,,,,,,,,,,,,,,,,,,,,,,,,,,,,,,,,,,,,,,,,,,,,,,,,,,,,,,,,,,,,,,,,,,,,,,,,,,,,,,,,,,,,,,,,,,,,,,,,,,,,,,,,,,,,,
71,721,436.347,351.146,144.013,531.386,140.072,655.651,974.662,598.649,679.844,552.561,681.352,661.021,763.619,764.658,,,1011.75,776.639,,,,,,,,,,,799.536,391.32,810.343,372.171,,,694.825,365.664,817.4,425.457,954.225,402.096,692.525,606.175,602.345,536.565,726.361,636.493,561.587,613.761,742.959,516.715,,,888.895,490.568,813.119,403.97,1179.13,691.397,1176.05,672.167,793.606,680.801,807.084,726.342,965.042,688.228,1044.93,761.019,611.88,346.485,606.718,382.411,1000.29,837.686,1001.42,925.132,856.999,203.652,831.699,252.428,778.515,270.319,764.066,268.255,793.074,576.389,779.871,567.661,,,,,,,,,,,,,,,,,,,,,,,,,,,,,,,,,,,,,,,,,,,,,,,,,,,,,,,,,,,,,,,,,,,,,,,,,,,,,,,,,,,,,,,,,,,,,,,,,,,,,,,,,,,,,,,,,,,,,,,,,,,,
72,722,436.242,351.678,143.946,531.811,140.203,655.258,975.0,597.297,677.721,553.065,681.47,660.956,764.122,766.465,,,1011.91,776.567,,,,,,,,,,,799.997,391.04,810.364,372.139,,,693.336,365.731,818.261,425.479,954.285,402.014,691.262,606.915,600.933,536.73,727.572,636.253,562.369,614.708,742.943,516.469,,,892.751,490.272,813.42,403.363,1179.55,691.327,1174.9,673.631,793.762,680.383,807.095,726.351,965.562,688.295,1044.3,760.403,612.767,345.345,606.656,382.616,1001.34,832.886,1002.02,927.184,857.527,202.208,831.556,254.383,778.453,270.151,764.539,267.6,793.0,576.087,778.817,566.619,,,,,,,,,,,,,,,,,,,,,,,,,,,,,,,,,,,,,,,,,,,,,,,,,,,,,,,,,,,,,,,,,,,,,,,,,,,,,,,,,,,,,,,,,,,,,,,,,,,,,,,,,,,,,,,,,,,,,,,,,,,,
73,723,436.287,352.141,143.866,532.172,140.331,654.875,,,675.784,553.526,681.584,660.894,764.57,768.106,,,1012.08,776.51,,,,,,,,,,,800.508,390.746,810.382,372.111,,,691.843,365.798,818.882,426.05,954.335,401.959,689.993,607.657,599.712,536.874,729.071,635.889,562.937,615.435,742.928,516.246,,,895.717,490.568,813.679,402.838,1179.87,691.275,1173.87,674.94,793.916,679.967,807.227,726.416,966.308,688.4,1044.53,760.355,613.57,344.296,606.609,382.784,1001.7,830.168,1002.58,929.157,860.022,198.436,831.355,255.775,777.538,270.637,765.84,267.14,793.071,575.884,777.979,565.823,972.973,603.378,982.432,593.243,,,,,,,,,,,,,,,,,,,,,,,,,,,,,,,,,,,,,,,,,,,,,,,,,,,,,,,,,,,,,,,,,,,,,,,,,,,,,,,,,,,,,,,,,,,,,,,,,,,,,,,,,,,,,,,,,,,,,,,,
74,724,436.356,352.766,143.759,532.66,140.451,654.516,,,674.156,553.915,681.683,660.843,764.865,769.257,,,1013.7,776.309,,,,,,,,,,,800.971,390.483,810.397,372.087,,,690.456,365.859,819.724,426.891,954.376,401.923,689.082,608.184,598.811,536.98,730.217,635.603,563.37,616.462,742.916,516.048,,,,,813.857,402.48,1180.53,691.192,1173.15,675.839,794.057,679.586,807.417,726.508,967.127,688.52,1044.93,760.353,614.125,343.532,606.647,383.25,1002.13,826.595,1003.05,930.888,863.411,193.408,831.078,257.59,776.218,271.399,767.687,266.543,794.384,575.908,776.41,564.79,968.434,606.366,994.233,580.325,889.192,493.831,896.014,488.196,,,,,,,,,,,,,,,,,,,,,,,,,,,,,,,,,,,,,,,,,,,,,,,,,,,,,,,,,,,,,,,,,,,,,,,,,,,,,,,,,,,,,,,,,,,,,,,,,,,,,,,,,,,,,,,,,,,,
75,725,436.442,353.508,143.632,533.233,140.557,654.196,,,672.96,554.202,681.757,660.811,764.703,769.819,,,1016.06,776.022,,,,,,,,,,,801.291,390.298,810.255,372.226,,,689.283,365.912,820.628,427.819,954.408,401.899,688.537,608.429,597.575,537.172,730.899,635.402,563.953,617.908,742.905,515.878,,,,,813.857,402.471,1181.47,691.074,1172.85,675.895,794.175,679.271,807.615,726.606,967.866,688.63,1045.35,760.375,614.272,342.7,606.598,384.006,1002.58,822.772,1003.36,932.215,866.107,189.454,830.807,259.367,774.743,272.47,769.526,265.952,796.29,575.965,774.209,563.367,968.935,606.036,993.264,581.386,888.895,493.831,895.717,488.196,,,,,,,,,,,,,,,,,,,,,,,,,,,,,,,,,,,,,,,,,,,,,,,,,,,,,,,,,,,,,,,,,,,,,,,,,,,,,,,,,,,,,,,,,,,,,,,,,,,,,,,,,,,,,,,,,,,,
76,726,436.537,354.318,143.494,533.85,140.647,653.928,,,672.027,554.489,681.883,660.883,764.475,770.546,,,1018.68,775.7,,,,,,,,,,,801.374,390.223,810.062,372.414,,,688.432,365.951,821.435,428.651,954.435,401.882,687.816,608.739,595.845,537.456,731.769,635.141,564.587,619.492,742.989,515.658,,,,,813.837,402.503,1182.56,690.939,1172.49,675.876,794.257,679.054,807.77,726.689,968.371,688.704,1045.64,760.403,614.424,341.572,605.774,385.568,1003.01,819.299,1002.95,935.107,868.454,186.37,830.628,260.644,769.641,277.572,770.8,265.513,798.227,576.036,772.034,561.97,969.561,605.63,991.811,582.976,889.421,493.51,895.421,488.196,,,,,,,,,,,,,,,,,,,,,,,,,,,,,,,,,,,,,,,,,,,,,,,,,,,,,,,,,,,,,,,,,,,,,,,,,,,,,,,,,,,,,,,,,,,,,,,,,,,,,,,,,,,,,,,,,,,,
77,727,436.635,355.148,143.353,534.47,140.713,653.729,,,670.776,554.876,682.057,660.986,764.197,771.401,,,1021.09,775.398,,,,,,,,,,,801.47,390.13,809.828,372.64,,,687.733,365.997,821.986,429.204,954.457,401.864,687.042,609.072,593.862,537.776,732.604,634.888,565.172,620.936,743.102,515.366,,,,,813.857,402.48,1183.64,690.805,1172.13,675.839,794.215,679.237,808.023,726.897,968.408,688.71,1045.71,760.591,614.566,340.449,597.973,395.608,1003.36,816.779,1002.33,939.175,871.3,182.668,830.711,261.373,768.291,278.713,770.991,265.079,799.633,576.103,770.543,561.011,970.541,605.0,990.393,584.528,890.063,493.12,894.367,487.181,,,,,,,,,,,,,,,,,,,,,,,,,,,,,,,,,,,,,,,,,,,,,,,,,,,,,,,,,,,,,,,,,,,,,,,,,,,,,,,,,,,,,,,,,,,,,,,,,,,,,,,,,,,,,,,,,,,,
78,728,436.729,355.95,143.218,535.049,140.717,653.713,,,669.298,555.334,682.265,661.11,763.882,772.346,,,1022.82,775.168,,,,,,,,,,,801.564,390.032,809.566,372.894,,,686.778,366.06,821.968,429.008,954.465,401.847,686.339,609.383,591.869,538.079,733.183,634.713,565.607,621.96,743.238,515.018,,,,,814.22,401.983,1184.58,690.687,1171.81,675.839,794.158,679.496,808.382,727.196,968.39,688.707,1045.75,760.85,614.682,339.634,597.973,395.608,1004.33,814.462,1001.72,943.286,873.296,179.946,830.841,262.348,767.148,279.571,771.093,264.54,800.7,576.359,770.543,561.011,969.932,605.405,988.345,586.768,890.81,492.668,893.344,486.119,,,,,,,,,,,,,,,,,,,,,,,,,,,,,,,,,,,,,,,,,,,,,,,,,,,,,,,,,,,,,,,,,,,,,,,,,,,,,,,,,,,,,,,,,,,,,,,,,,,,,,,,,,,,,,,,,,,,
79,729,436.811,356.678,143.096,535.548,140.718,653.701,,,667.685,555.835,682.492,661.246,763.543,773.345,,,1024.35,774.746,,,,,,,,,,,801.647,389.945,809.287,373.165,,,685.669,366.134,821.885,428.663,954.475,401.821,685.832,609.628,590.109,538.307,733.225,634.699,566.21,622.642,743.389,514.631,,,,,814.753,401.254,1185.23,690.604,1170.88,676.145,794.089,679.81,808.793,727.538,968.371,688.704,1045.64,761.074,614.911,339.048,595.473,398.653,1005.71,811.362,1001.34,946.309,872.832,179.251,830.999,263.468,766.395,280.122,771.264,264.122,802.101,576.724,766.825,558.387,969.387,605.985,989.527,585.473,891.65,492.16,893.289,485.748,,,,,,,,,,,,,,,,,,,,,,,,,,,,,,,,,,,,,,,,,,,,,,,,,,,,,,,,,,,,,,,,,,,,,,,,,,,,,,,,,,,,,,,,,,,,,,,,,,,,,,,,,,,,,,,,,,,,
80,730,436.875,357.283,142.997,535.923,140.717,653.695,,,666.027,556.352,682.726,661.387,763.196,774.361,,,1026.44,774.143,,,,,,,,,,,801.705,389.885,809.003,373.442,,,684.511,366.211,821.75,428.278,954.476,401.816,685.396,610.16,588.823,538.407,733.222,634.696,567.057,623.551,743.55,514.225,,,,,815.343,400.447,1185.45,690.552,1169.54,676.595,794.01,680.161,809.201,727.88,968.372,688.702,1044.34,761.434,615.243,338.265,,,1007.09,808.286,1001.92,949.026,874.308,177.752,831.168,264.632,766.664,279.911,772.354,263.823,803.471,577.105,762.888,556.637,968.639,606.797,990.035,584.883,892.571,491.603,893.325,485.324,591.854,402.828,603.825,398.931,,,,,,,,,,,,,,,,,,,,,,,,,,,,,,,,,,,,,,,,,,,,,,,,,,,,,,,,,,,,,,,,,,,,,,,,,,,,,,,,,,,,,,,,,,,,,,,,,,,,,,,,,,,,,,,,
81,731,436.913,357.718,142.579,536.611,140.715,653.696,,,664.416,556.856,682.952,661.524,762.855,775.355,,,1028.71,773.483,,,,,,,,,,,801.709,389.88,808.726,373.717,,,683.408,366.285,821.572,427.962,954.457,401.864,684.855,610.865,587.195,537.182,733.2,634.702,567.987,624.535,743.713,513.816,,,,,815.873,399.716,1185.74,690.484,1168.07,677.094,793.925,680.528,809.554,728.176,968.375,688.698,1042.95,761.745,615.6,337.412,,,1008.05,806.04,1002.81,952.754,876.518,175.617,831.33,265.738,767.127,279.552,773.837,263.468,804.444,577.415,758.923,554.624,967.827,607.692,990.637,584.175,893.563,491.004,893.371,484.927,591.019,405.612,603.686,401.436,,,,,,,,,,,,,,,,,,,,,,,,,,,,,,,,,,,,,,,,,,,,,,,,,,,,,,,,,,,,,,,,,,,,,,,,,,,,,,,,,,,,,,,,,,,,,,,,,,,,,,,,,,,,,,,,
82,732,436.658,357.69,141.981,537.577,140.714,653.707,,,662.944,557.319,683.156,661.648,762.533,776.291,,,1030.77,772.889,,,,,,,,,,,801.709,389.876,808.467,373.977,,,682.462,366.349,820.421,427.242,954.198,402.538,684.387,611.434,584.96,535.387,733.183,634.713,568.842,625.439,743.872,513.421,,,,,816.23,399.217,1186.07,690.404,1166.72,677.545,793.836,680.891,809.797,728.378,968.377,688.698,1042.05,761.577,615.904,336.619,,,1008.32,804.275,1003.81,956.802,878.987,173.257,831.465,266.684,767.664,279.136,774.974,263.195,804.853,578.05,755.233,552.7,967.086,608.517,991.274,583.44,894.614,490.371,893.344,484.636,590.839,405.972,603.547,403.942,,,,,,,,,,,,,,,,,,,,,,,,,,,,,,,,,,,,,,,,,,,,,,,,,,,,,,,,,,,,,,,,,,,,,,,,,,,,,,,,,,,,,,,,,,,,,,,,,,,,,,,,,,,,,,,,
83,733,436.308,357.635,141.288,538.691,140.713,653.729,,,661.701,557.713,683.326,661.751,762.244,777.132,,,1032.21,772.483,,,,,,,,,,,801.707,389.876,808.237,374.213,,,681.778,366.395,818.767,426.235,953.838,403.412,683.592,612.015,582.754,533.556,733.137,634.804,569.463,626.112,744.02,513.059,,,,,816.174,399.161,1186.42,690.316,1165.77,677.852,793.747,681.231,809.81,728.386,968.371,688.704,1041.02,761.301,616.074,336.015,,,1008.63,801.875,1004.72,960.477,881.24,171.085,831.556,267.369,768.155,278.755,775.566,263.006,805.275,578.869,753.494,551.669,966.554,609.122,991.892,582.77,895.711,489.709,892.628,484.429,590.69,406.053,,,,,,,,,,,,,,,,,,,,,,,,,,,,,,,,,,,,,,,,,,,,,,,,,,,,,,,,,,,,,,,,,,,,,,,,,,,,,,,,,,,,,,,,,,,,,,,,,,,,,,,,,,,,,,,,,,
84,734,435.887,357.56,140.589,539.823,140.713,654.074,,,660.78,558.009,683.446,661.824,762.003,777.84,,,1032.91,772.457,,,,,,,,,,,801.705,389.878,808.049,374.415,,,681.166,366.445,817.067,425.161,953.529,403.72,682.568,612.734,581.213,532.224,733.07,634.937,570.115,627.022,744.151,512.746,,,,,816.067,399.11,1186.78,690.226,1165.17,677.861,793.661,681.526,809.811,728.381,968.285,688.79,1040.27,761.074,615.461,334.971,,,1008.94,799.283,1005.37,963.087,882.803,169.511,831.509,267.936,768.482,278.499,776.336,262.755,805.538,579.384,751.582,550.487,966.117,609.842,994.24,580.625,896.845,489.027,891.586,484.158,590.462,405.891,,,,,,,,,,,,,,,,,,,,,,,,,,,,,,,,,,,,,,,,,,,,,,,,,,,,,,,,,,,,,,,,,,,,,,,,,,,,,,,,,,,,,,,,,,,,,,,,,,,,,,,,,,,,,,,,,,
85,735,435.417,357.471,139.969,540.842,140.714,654.562,,,659.81,558.482,683.401,661.803,761.824,778.378,,,1033.83,772.453,,,,,,,,,,,801.705,389.885,807.914,374.571,,,680.33,366.516,815.777,424.237,953.066,400.473,681.859,613.24,580.847,531.174,732.997,635.084,570.929,628.187,744.257,512.5,,,,,815.928,399.086,1187.13,690.138,1164.41,677.838,793.581,681.757,809.805,728.37,968.163,688.912,1040.23,760.851,614.563,333.484,,,1009.21,796.944,1005.81,964.775,883.422,167.88,831.437,268.717,768.433,278.501,777.157,262.482,805.197,578.61,749.984,549.419,965.515,610.848,997.598,577.571,898.003,488.329,890.534,483.903,589.205,403.975,,,,,,,,,,,,,,,,,,,,,,,,,,,,,,,,,,,,,,,,,,,,,,,,,,,,,,,,,,,,,,,,,,,,,,,,,,,,,,,,,,,,,,,,,,,,,,,,,,,,,,,,,,,,,,,,,,
86,736,434.922,357.375,139.517,541.618,140.715,655.146,,,658.468,559.149,683.333,661.771,761.713,778.959,,,1034.79,772.462,,,,,,,,,,,801.717,389.976,808.096,374.957,,,679.417,366.592,814.122,421.754,953.993,395.371,682.175,613.129,580.489,529.788,732.931,635.217,571.539,629.078,744.871,512.368,,,,,815.778,399.114,1187.45,690.057,1163.65,677.822,792.88,682.521,809.797,728.361,968.026,689.049,1040.24,760.54,613.514,331.782,,,1009.4,795.302,1006.39,967.032,884.151,165.678,831.35,269.601,768.361,278.525,777.905,262.228,804.679,577.429,747.561,547.161,964.834,611.997,1000.97,574.497,899.173,487.625,889.785,483.747,587.957,401.993,,,,,,,,,,,,,,,,,,,,,,,,,,,,,,,,,,,,,,,,,,,,,,,,,,,,,,,,,,,,,,,,,,,,,,,,,,,,,,,,,,,,,,,,,,,,,,,,,,,,,,,,,,,,,,,,,,
87,737,434.425,357.281,138.924,543.263,140.717,655.778,,,657.002,559.885,683.248,661.73,761.565,779.758,,,1035.65,772.475,,,,,,,,,,,801.741,390.103,808.376,375.512,,,678.576,366.66,814.122,421.754,953.041,391.216,682.716,612.911,580.136,528.432,732.886,635.307,571.77,629.577,745.698,512.188,,,,,815.636,399.217,1187.72,689.987,1163.09,677.852,791.901,683.583,809.793,728.361,967.895,689.18,1040.26,760.207,612.445,330.093,,,1009.42,794.59,1007.02,969.452,884.844,163.479,831.257,270.479,768.269,278.563,778.453,262.035,804.097,576.186,744.441,544.196,964.16,613.145,1003.38,572.297,900.345,486.92,889.416,483.99,587.806,401.302,,,,,,,,,,,,,,,,,,,,,,,,,,,,,,,,,,,,,,,,,,,,,,,,,,,,,,,,,,,,,,,,,,,,,,,,,,,,,,,,,,,,,,,,,,,,,,,,,,,,,,,,,,,,,,,,,,
88,738,433.949,357.194,138.171,545.42,140.717,656.41,,,655.66,560.561,683.154,661.685,761.406,780.639,,,1036.24,772.483,,,,,,,,,,,801.773,390.256,808.69,376.122,,,677.952,366.707,812.88,421.754,953.993,391.429,683.279,612.677,579.786,527.467,732.88,635.306,572.065,630.232,746.284,511.824,,,,,814.915,400.702,1187.92,689.933,1162.52,678.383,790.732,684.846,809.797,728.378,967.401,689.667,1040.28,759.916,611.492,328.644,,,1009.43,793.686,1007.61,971.628,885.354,161.859,831.168,271.24,768.162,278.609,779.044,261.707,803.569,575.228,742.11,541.983,963.579,614.149,1004.6,571.034,901.506,486.221,888.954,484.303,587.723,400.513,,,,,,,,,,,,,,,,,,,,,,,,,,,,,,,,,,,,,,,,,,,,,,,,,,,,,,,,,,,,,,,,,,,,,,,,,,,,,,,,,,,,,,,,,,,,,,,,,,,,,,,,,,,,,,,,,,
89,739,433.519,357.121,137.619,546.996,140.717,656.995,,,654.689,561.054,683.056,661.638,761.259,781.464,,,1036.27,772.503,,,,,,,,,,,801.805,390.424,808.971,376.673,,,677.124,366.707,812.88,422.582,955.384,392.589,683.665,612.518,578.413,527.05,732.877,635.293,572.363,630.933,746.424,510.95,,,,,814.154,402.183,1188.19,689.803,1161.75,679.151,789.462,686.217,809.919,728.714,966.694,690.363,1040.27,759.732,610.785,327.663,,,1009.43,792.734,1008.05,973.154,885.759,160.395,831.092,271.774,768.045,278.657,779.835,261.251,801.828,573.782,741.333,541.319,963.176,614.865,1006.19,569.368,902.646,485.535,888.413,484.677,587.687,399.769,,,,,,,,,,,,,,,,,,,,,,,,,,,,,,,,,,,,,,,,,,,,,,,,,,,,,,,,,,,,,,,,,,,,,,,,,,,,,,,,,,,,,,,,,,,,,,,,,,,,,,,,,,,,,,,,,,
90,740,433.157,357.07,137.536,547.146,140.716,657.485,,,653.76,561.585,682.962,661.591,761.149,782.095,,,1036.23,772.534,,,,,,,,,,,801.832,390.597,809.155,377.054,,,674.641,367.121,812.466,422.168,,,683.699,612.505,576.431,526.522,732.878,635.287,572.603,631.573,746.58,509.704,,,,,813.692,402.258,1188.54,689.628,1160.98,679.942,788.179,687.6,810.093,729.2,965.992,691.063,1039.88,759.994,609.611,327.965,,,1009.42,791.882,1008.79,973.748,886.294,158.437,830.763,271.981,767.922,278.7,780.688,260.782,799.851,572.166,740.393,540.535,963.135,615.408,1007.88,567.59,903.753,484.869,887.807,485.1,587.679,399.209,,,950.515,390.038,959.095,397.69,,,,,,,,,,,,,,,,,,,,,,,,,,,,,,,,,,,,,,,,,,,,,,,,,,,,,,,,,,,,,,,,,,,,,,,,,,,,,,,,,,,,,,,,,,,,,,,,,,,,,,,,,,,,
91,741,432.886,357.047,137.453,547.223,140.713,657.833,,,652.497,562.314,682.879,661.548,760.988,783.263,,,1036.21,772.54,,,,,,,,,,,801.847,390.765,809.042,377.143,,,670.088,368.362,812.466,422.168,,,683.708,612.503,574.233,525.965,732.886,635.307,572.725,632.044,746.733,508.32,,,,,813.104,402.209,1188.97,689.419,1160.4,680.537,786.971,688.901,810.288,729.698,965.517,691.558,1039.32,760.388,607.947,328.466,,,1009.4,791.275,1009.83,974.482,886.823,156.509,830.299,272.237,767.799,278.732,781.467,260.412,797.431,569.851,739.424,539.734,963.095,616.134,1009.4,565.991,904.815,484.231,887.148,485.564,587.944,398.637,,,948.694,388.341,959.327,396.531,,,,,,,,,,,,,,,,,,,,,,,,,,,,,,,,,,,,,,,,,,,,,,,,,,,,,,,,,,,,,,,,,,,,,,,,,,,,,,,,,,,,,,,,,,,,,,,,,,,,,,,,,,,,
92,742,432.569,357.595,137.37,547.278,140.656,657.909,,,651.011,563.174,682.812,661.512,760.76,784.931,,,1036.24,772.483,,,,,,,,,,,801.844,390.917,808.861,377.241,,,664.708,372.501,812.589,423.011,,,683.695,612.509,572.208,525.46,732.99,635.615,571.965,632.582,746.866,507.035,,,,,812.522,402.073,1189.44,689.186,1159.7,681.26,785.927,690.025,810.473,730.068,965.582,691.779,1038.66,760.859,606.039,329.079,,,1009.11,790.941,1010.98,975.256,887.209,155.134,829.769,272.506,767.678,278.747,784.018,259.774,795.039,567.573,738.566,539.017,963.056,616.991,1010.47,564.865,905.821,483.626,886.451,486.058,588.33,397.869,,,955.35,388.166,956.776,398.618,,,,,,,,,,,,,,,,,,,,,,,,,,,,,,,,,,,,,,,,,,,,,,,,,,,,,,,,,,,,,,,,,,,,,,,,,,,,,,,,,,,,,,,,,,,,,,,,,,,,,,,,,,,,
93,743,432.157,358.324,137.284,547.359,140.574,658.0,,,649.409,564.099,682.77,661.486,760.512,786.757,,,1036.93,771.674,,,,,,,,,,,801.817,391.045,808.654,377.336,,,660.983,373.743,812.758,424.176,,,683.665,612.518,570.749,525.089,733.149,636.063,570.895,633.265,746.959,506.081,,,,,812.077,401.886,1189.93,688.941,1158.74,682.25,785.135,690.878,811.151,730.452,965.731,692.045,1037.95,761.351,604.135,329.718,,,1008.7,790.506,1012.02,975.966,887.511,154.469,829.237,272.751,767.566,278.737,787.661,258.881,793.279,566.253,737.954,538.483,963.017,617.927,1010.99,564.367,906.759,483.061,885.729,486.572,588.738,397.075,,,954.201,387.298,951.906,398.154,,,,,,,,,,,,,,,,,,,,,,,,,,,,,,,,,,,,,,,,,,,,,,,,,,,,,,,,,,,,,,,,,,,,,,,,,,,,,,,,,,,,,,,,,,,,,,,,,,,,,,,,,,,,
94,744,431.667,359.197,137.192,547.517,140.477,658.098,,,647.801,565.024,682.937,661.453,760.288,788.402,,,1037.92,770.491,,,,,,,,,,,801.759,391.136,808.462,377.416,,,658.499,372.915,812.88,425.065,,,683.37,612.586,569.324,524.699,733.315,636.564,570.056,633.824,746.959,504.73,,,,,811.495,400.646,1190.43,688.695,1157.77,683.223,783.394,692.721,812.134,730.987,965.891,692.306,1037.28,761.812,602.48,330.296,,,1008.23,790.038,1012.75,976.51,887.907,153.657,828.773,272.934,767.466,278.697,791.28,258.001,791.177,564.749,737.683,537.906,962.98,618.89,1011.66,563.72,907.618,482.545,884.996,487.096,589.07,396.425,,,952.373,386.37,953.297,394.676,,,,,,,,,,,,,,,,,,,,,,,,,,,,,,,,,,,,,,,,,,,,,,,,,,,,,,,,,,,,,,,,,,,,,,,,,,,,,,,,,,,,,,,,,,,,,,,,,,,,,,,,,,,,
95,745,431.12,360.18,137.094,547.801,140.374,658.196,,,646.297,565.884,683.182,661.409,760.135,789.527,,,1039.04,769.176,,,,,,,,,,,800.381,391.159,808.327,377.468,,,,,812.88,425.479,,,682.942,612.685,567.388,524.174,733.442,637.033,569.463,634.482,747.848,502.878,,,,,810.765,398.965,1190.9,688.459,1157.05,683.893,780.937,695.319,813.217,731.567,965.993,692.509,1036.68,762.185,601.32,330.726,,,1007.76,789.601,1013.11,977.418,888.302,152.83,827.004,273.177,767.383,278.62,793.758,257.397,789.572,563.636,737.335,537.113,962.943,619.826,1012.45,562.963,908.387,482.082,884.265,487.62,589.777,395.04,,,953.599,385.714,953.323,393.372,657.258,367.948,664.294,377.054,,,,,,,,,,,,,,,,,,,,,,,,,,,,,,,,,,,,,,,,,,,,,,,,,,,,,,,,,,,,,,,,,,,,,,,,,,,,,,,,,,,,,,,,,,,,,,,,,,,,,,,,
96,746,430.532,361.238,136.986,548.262,140.275,658.287,,,645.004,566.612,683.473,661.357,760.127,789.605,,,1040.11,767.97,,,,,,,,,,,798.976,391.136,808.235,377.389,,,,,812.88,424.237,,,682.515,612.79,565.587,523.631,733.48,637.383,568.664,635.4,749.036,500.501,,,,,810.298,397.734,1191.32,688.243,1156.31,683.93,778.048,698.374,814.196,732.084,965.904,692.818,1036.24,762.416,600.826,331.595,,,1007.38,789.262,1013.58,978.698,888.6,152.119,825.294,273.398,767.322,278.499,793.758,257.397,788.576,563.216,736.971,536.237,962.907,620.685,1013.32,562.134,909.053,481.681,883.55,488.135,590.462,393.642,,,,,953.169,392.042,656.988,367.571,662.594,375.883,,,,,,,,,,,,,,,,,,,,,,,,,,,,,,,,,,,,,,,,,,,,,,,,,,,,,,,,,,,,,,,,,,,,,,,,,,,,,,,,,,,,,,,,,,,,,,,,,,,,,,,,
97,747,429.922,362.336,136.037,554.905,140.19,658.364,,,644.032,567.144,683.778,661.302,760.133,789.595,,,1040.94,767.114,,,,,,,,,,,798.697,390.858,808.116,377.268,,,,,812.466,423.539,,,682.22,612.879,564.566,523.187,732.669,637.923,567.805,636.404,749.662,498.649,,,,,810.825,397.564,1191.68,688.06,1155.28,683.922,775.015,701.582,814.865,732.432,965.762,693.247,1035.4,761.724,600.199,332.835,,,1006.16,788.594,1014.1,980.168,888.951,150.264,825.294,273.398,767.318,275.032,794.917,259.02,787.308,562.729,736.648,535.411,962.872,621.413,1014.23,561.27,909.606,481.348,882.863,488.63,590.628,392.881,,,,,953.066,390.966,656.719,367.195,660.895,374.711,,,,,,,,,,,,,,,,,,,,,,,,,,,,,,,,,,,,,,,,,,,,,,,,,,,,,,,,,,,,,,,,,,,,,,,,,,,,,,,,,,,,,,,,,,,,,,,,,,,,,,,,
98,748,429.309,363.438,135.886,555.737,140.127,658.419,,,642.284,567.63,684.065,661.246,760.14,789.551,,,1042.81,766.469,,,,,,,,,,,798.419,390.579,807.999,377.144,,,,,812.052,422.996,,,682.196,613.106,567.42,522.235,731.556,638.623,567.034,637.32,747.297,497.297,,,,,811.484,397.536,1191.95,687.919,1154.15,683.897,772.123,704.643,814.939,732.347,965.617,693.665,1034.19,760.688,599.541,334.198,,,1004.41,787.641,1014.62,981.646,889.43,147.604,825.063,273.398,767.322,271.543,795.149,258.557,786.023,562.257,736.423,534.765,962.838,621.959,1015.13,560.41,910.547,480.781,882.22,489.095,590.809,391.885,,,,,953.299,389.538,656.909,367.269,660.79,374.549,,,,,,,,,,,,,,,,,,,,,,,,,,,,,,,,,,,,,,,,,,,,,,,,,,,,,,,,,,,,,,,,,,,,,,,,,,,,,,,,,,,,,,,,,,,,,,,,,,,,,,,,
99,749,428.712,364.509,135.804,555.971,140.037,658.425,,,639.841,568.278,684.303,661.194,760.135,789.527,,,1045.48,765.603,,,,,,,,,,,,,807.914,377.054,,,,,812.052,422.996,,,682.183,613.433,566.383,522.397,730.81,639.162,566.497,637.976,,,,,,,812.077,397.437,1192.2,687.619,1153.12,683.879,769.658,707.257,814.978,732.189,965.517,693.936,1032.87,759.528,598.953,335.434,,,1002.4,786.547,1015.09,982.948,889.966,144.666,821.816,270.615,767.323,271.238,795.381,258.557,784.978,561.886,736.398,533.374,962.569,622.737,1015.99,559.592,,,881.633,489.521,590.992,390.824,,,,,953.646,387.688,656.997,367.473,660.827,374.449,798.419,384.733,798.697,396.147,748.311,488.176,749.662,502.027,,,,,,,,,,,,,,,,,,,,,,,,,,,,,,,,,,,,,,,,,,,,,,,,,,,,,,,,,,,,,,,,,,,,,,,,,,,,,,,,,,,,,,,,,,,,,,,,
100,750,428.149,365.515,135.721,556.171,139.91,658.431,,,637.4,568.93,684.459,661.149,760.017,789.562,,,1048.42,764.658,,,,,,,,,,,,,807.848,376.993,,,,,812.052,422.996,,,682.182,613.792,564.613,522.721,731.432,639.503,566.348,638.499,,,,,,,,,1192.55,687.203,1152.35,683.893,767.905,709.122,815.015,732.006,965.501,693.74,1031.68,758.465,598.536,336.294,,,1000.37,785.461,1015.44,983.893,890.487,141.976,819.497,268.528,767.324,271.086,797.932,259.02,782.846,561.292,736.375,531.387,962.198,623.793,1016.77,558.854,,,881.115,489.897,591.16,389.868,,,,,953.993,386.096,655.906,368.138,660.898,374.341,799.031,384.523,800.089,395.869,748.541,487.224,750.042,501.336,814.154,389.133,809.111,400.997,,,,,,,,,,,,,,,,,,,,,,,,,,,,,,,,,,,,,,,,,,,,,,,,,,,,,,,,,,,,,,,,,,,,,,,,,,,,,,,,,,,,,,,,,,,,
101,751,427.637,366.419,135.383,557.131,139.77,658.434,,,635.658,569.428,684.241,660.924,759.848,789.613,,,1051.11,763.772,,,,,,,,,,,,,807.749,376.902,,,,,812.052,422.996,,,682.194,614.112,562.553,523.106,732.41,639.953,566.191,639.191,,,,,,,,,1192.95,686.706,1151.37,684.285,766.921,710.339,815.08,731.846,965.482,693.429,1030.87,757.718,598.343,336.609,,,998.589,784.527,1016.06,984.962,890.919,140.061,819.497,268.528,767.325,271.039,803.497,257.629,780.053,560.52,736.365,529.199,961.753,625.05,1017.42,558.234,,,880.681,490.213,591.298,389.187,,,,,954.921,383.545,654.308,369.082,660.895,374.154,798.734,384.683,800.169,395.843,748.771,486.272,750.421,500.645,814.299,389.762,809.666,400.735,,,,,,,,,,,,,,,,,,,,,,,,,,,,,,,,,,,,,,,,,,,,,,,,,,,,,,,,,,,,,,,,,,,,,,,,,,,,,,,,,,,,,,,,,,,,
102,752,427.197,367.188,134.896,558.52,139.639,658.431,,,634.742,570.088,683.928,660.611,759.652,789.674,,,1053.02,763.087,,,,,,,,,,,,,807.732,376.888,,,,,814.044,424.444,,,682.22,614.323,560.646,523.453,733.522,640.44,566.039,639.868,,,,,,,,,1193.39,686.16,1150.09,684.825,765.613,711.974,815.203,731.757,965.471,693.074,1030.81,757.266,598.088,337.007,,,997.315,783.893,1016.95,986.451,892.245,138.609,819.265,268.76,767.325,271.052,804.042,257.894,777.979,559.918,736.377,527.205,961.263,626.429,1017.91,557.77,,,880.344,490.46,591.638,388.784,,,,,955.429,381.91,652.662,370.057,660.281,372.718,798.891,384.658,800.089,395.869,749.574,485.259,751.175,500.706,814.315,389.427,810.222,400.473,,,,,,,,,,,,,,,,,,,,,,,,,,,,,,,,,,,,,,,,,,,,,,,,,,,,,,,,,,,,,,,,,,,,,,,,,,,,,,,,,,,,,,,,,,,,
103,753,426.846,367.785,134.355,560.062,139.54,658.419,,,633.531,571.012,683.549,660.237,759.45,789.739,,,1054.34,761.73,,,,,,,,,,,,,807.914,377.054,,,,,815.777,425.893,,,682.549,614.224,559.334,523.662,734.546,640.893,565.903,640.349,,,,,,,,,1193.85,685.601,1148.99,685.235,764.091,713.885,816.486,732.055,965.479,692.744,1030.84,756.748,597.806,337.444,,,996.164,784.035,1017.93,988.076,894.159,136.64,817.178,267.369,767.322,271.079,804.216,258.433,777.453,559.478,736.423,525.798,960.755,627.853,1018.34,557.405,,,880.695,490.418,592.124,388.245,,,,,956.092,379.726,651.43,370.814,659.503,371.371,798.281,385.566,800.208,396.009,750.718,483.894,752.252,500.859,814.396,389.574,811.191,401.488,,,,,,,,,,,,,,,,,,,,,,,,,,,,,,,,,,,,,,,,,,,,,,,,,,,,,,,,,,,,,,,,,,,,,,,,,,,,,,,,,,,,,,,,,,,,
104,754,425.674,369.05,133.86,561.481,139.366,658.243,,,632.177,572.069,683.135,659.832,759.265,789.805,,,1056.1,759.795,,,,,,,,,,,,,810.473,379.392,,,,,813.708,425.893,,,682.996,614.061,558.749,523.299,735.259,641.239,565.508,640.548,,,,,,,,,1194.29,685.06,1147.15,685.406,762.463,715.931,818.362,732.499,965.517,692.509,1030.87,756.376,597.532,337.872,,,994.781,784.322,1018.83,989.554,896.267,134.515,817.178,267.832,767.28,271.724,804.262,259.033,776.916,558.903,737.082,524.956,960.259,629.243,1018.91,556.929,,,881.153,490.361,592.683,387.64,,,,,956.802,377.385,650.01,371.993,658.178,371.892,797.597,386.506,800.367,396.147,751.875,482.5,753.433,501.047,815.295,388.594,812.077,402.56,,,,,,,,,,,,,,,,,,,,,,,,,,,,,,,,,,,,,,,,,,,,,,,,,,,,,,,,,,,,,,,,,,,,,,,,,,,,,,,,,,,,,,,,,,,,
105,755,424.077,370.764,133.506,562.498,139.137,658.003,,,630.836,573.132,682.718,659.422,759.122,789.865,,,1058.01,757.667,,,,,,,,,,,,,809.644,379.732,,,,,811.225,423.41,,,683.304,613.962,558.001,522.738,735.647,641.844,564.942,640.802,,,,,,,,,1194.7,684.573,1144.58,685.613,760.841,717.97,820.441,732.997,966.089,692.301,1030.86,756.355,597.3,338.247,,,993.96,784.564,1019.46,990.604,898.178,132.597,815.091,268.064,767.221,272.661,804.424,259.484,776.42,558.343,738.039,523.883,959.803,630.522,1019.59,556.363,,,881.702,490.29,593.244,387.039,,,,,957.453,375.281,648.087,373.602,656.445,372.81,797.158,386.734,800.606,396.157,752.713,481.402,754.5,501.213,816.519,387.211,811.966,402.755,,,,,,,,,,,,,,,,,,,,,,,,,,,,,,,,,,,,,,,,,,,,,,,,,,,,,,,,,,,,,,,,,,,,,,,,,,,,,,,,,,,,,,,,,,,,
106,756,422.16,372.815,133.222,563.418,138.954,657.833,,,629.661,574.071,682.329,659.036,758.745,790.198,,,1059.77,755.728,,,,,,,,,,,,,808.446,379.73,,,,,808.741,422.582,,,683.152,614.166,557.214,522.121,736.129,642.686,564.289,641.084,,,,,,,,,1195.04,684.173,1142.03,685.798,759.332,719.861,822.333,733.457,966.917,692.024,1030.85,756.366,597.144,338.521,,,995.658,784.828,1019.91,991.3,899.499,131.249,812.772,268.528,767.154,273.618,805.903,260.072,776.011,557.949,739.007,522.838,959.414,631.611,1020.35,555.73,,,882.325,490.208,593.734,386.51,,,,,957.935,373.806,645.804,375.519,655.049,373.598,796.59,386.964,800.937,396.156,753.327,479.55,755.233,501.301,817.41,386.096,811.709,402.917,,,,,,,,,,,,,,,,,,,,,,,,,,,,,,,,,,,,,,,,,,,,,,,,,,,,,,,,,,,,,,,,,,,,,,,,,,,,,,,,,,,,,,,,,,,,
107,757,420.031,375.092,132.832,564.681,138.772,657.88,,,628.806,574.756,681.998,658.701,758.203,790.683,,,1061.07,754.362,,,,,,,,,,,,,808.057,379.329,,,,,805.844,422.582,,,682.912,614.463,556.508,521.589,736.622,643.546,563.633,641.367,,,,,,,,,1195.3,683.893,1140.27,685.906,758.047,721.463,823.649,733.784,967.759,691.751,1030.84,756.382,597.269,338.804,,,997.315,785.235,1020.51,992.236,899.869,130.637,812.772,268.528,767.09,274.325,808.038,260.881,775.194,557.838,739.704,522.08,959.122,632.432,1021.16,555.054,,,883.006,490.117,594.081,386.125,,,,,958.546,373.253,643.301,377.622,653.627,374.646,796.063,387.15,801.261,396.15,754.129,476.967,755.348,500.953,817.416,385.026,811.404,403.075,,,,,,,,,,,,,,,,,,,,,,,,,,,,,,,,,,,,,,,,,,,,,,,,,,,,,,,,,,,,,,,,,,,,,,,,,,,,,,,,,,,,,,,,,,,,
108,758,417.795,377.484,132.39,566.118,138.521,657.955,,,627.939,575.616,681.757,658.446,757.58,791.242,,,1062.77,753.568,,,,,,,,,,,,,807.726,378.704,,,,,808.327,421.754,,,682.623,614.814,556.005,521.284,737.039,644.205,563.056,641.625,,,,,,,,,1195.63,684.167,1140.01,685.639,757.095,722.635,824.181,734.06,968.371,691.558,1030.87,756.376,597.461,339.199,,,996.163,786.623,1021.19,993.292,900.263,129.892,811.149,269.456,766.854,275.01,810.221,261.686,774.047,557.72,740.148,521.569,958.613,633.865,1021.99,554.356,,,883.729,490.02,594.325,385.703,,,,,959.389,372.612,640.723,379.791,651.663,376.113,795.749,387.246,801.481,396.147,754.919,474.398,755.456,500.437,817.333,383.585,811.149,403.256,,,,,,,,,,,,,,,,,,,,,,,,,,,,,,,,,,,,,,,,,,,,,,,,,,,,,,,,,,,,,,,,,,,,,,,,,,,,,,,,,,,,,,,,,,,,
109,759,415.558,379.878,131.95,567.56,138.228,658.048,,,626.759,576.788,681.479,657.85,756.962,791.795,,,1065.16,752.519,,,,,,,,,,,,,807.77,377.703,,,,,,,,,682.325,615.176,555.722,522.217,738.068,645.129,562.641,641.832,,,,,,,,,1196.08,684.573,1139.83,685.236,755.927,723.667,824.844,734.437,968.836,691.479,1031.28,756.17,597.689,339.648,,,994.631,787.919,1021.86,994.348,900.623,129.187,808.598,270.847,766.517,275.928,811.845,262.267,772.898,557.607,740.742,520.882,957.905,635.869,1022.83,553.661,,,884.477,489.918,594.641,385.128,,,,,960.201,371.988,638.211,381.903,649.52,377.724,796.39,386.787,801.44,396.147,755.496,472.591,755.55,499.855,817.173,382.182,810.505,404.179,810.811,414.718,809.569,426.307,,,,,,,,,,,,,,,,,,,,,,,,,,,,,,,,,,,,,,,,,,,,,,,,,,,,,,,,,,,,,,,,,,,,,,,,,,,,,,,,,,,,,,,,
110,760,413.426,382.163,131.566,568.835,137.922,658.15,,,625.359,578.183,681.104,657.032,756.434,792.263,,,1067.78,751.397,,,,,,,,,,,,,810.473,372.297,,,,,,,,,682.058,615.508,555.39,523.553,739.521,646.4,562.229,642.419,,,,,,,,,1196.6,685.067,1139.7,684.832,754.337,725.061,825.545,734.845,969.465,691.382,1031.88,755.865,597.919,340.094,,,993.242,787.593,1022.43,995.282,900.89,128.699,807.439,270.615,766.176,276.856,813.55,262.635,772.074,557.512,741.377,520.144,957.074,638.22,1023.63,552.991,,,885.236,489.815,594.956,384.565,,,,,960.718,371.487,635.908,383.836,647.559,379.205,797.312,386.154,801.356,396.147,755.943,471.97,755.624,499.308,816.946,381.226,809.598,405.501,813.004,418.097,801.642,426.677,,,,,,,,,,,,,,,,,,,,,,,,,,,,,,,,,,,,,,,,,,,,,,,,,,,,,,,,,,,,,,,,,,,,,,,,,,,,,,,,,,,,,,,,
111,761,411.506,384.227,131.292,569.774,137.629,658.252,,,623.828,579.711,680.658,656.054,756.081,792.568,,,1070.15,750.385,,,,,,,,,,,,,811.486,371.959,,,,,,,,,681.859,615.768,555.054,524.614,740.993,647.686,561.668,643.261,,,,,,,,,1197.17,685.602,1139.6,684.564,752.445,726.712,826.191,735.214,970.146,691.277,1032.54,755.529,598.12,340.48,,,991.346,787.0,1022.82,995.973,901.118,128.666,806.048,271.311,765.931,277.572,815.091,262.963,771.592,557.289,741.942,519.481,956.196,640.694,1024.38,552.368,,,885.987,489.711,595.195,384.176,,,,,960.195,370.563,633.957,385.47,646.14,380.279,797.967,385.767,801.264,396.147,756.53,471.268,755.67,498.895,815.359,381.334,808.655,406.86,809.294,420.647,802.337,429.923,,,,,,,,,,,,,,,,,,,,,,,,,,,,,,,,,,,,,,,,,,,,,,,,,,,,,,,,,,,,,,,,,,,,,,,,,,,,,,,,,,,,,,,,
112,762,409.903,385.96,131.082,571.077,137.378,658.345,,,622.258,581.281,680.17,654.98,756.276,792.218,,,1071.81,749.664,,,,,,,,,,,,,811.867,372.361,,,,,,,,,681.498,616.49,554.07,525.455,742.081,648.653,561.046,644.194,,,,,,,,,1197.76,686.133,1139.49,684.658,750.373,728.516,826.689,735.473,970.77,691.174,1033.14,755.23,598.257,340.748,,,989.272,786.301,1022.69,996.966,901.429,128.658,805.12,272.006,765.765,278.601,815.395,263.222,770.984,556.974,742.328,519.018,955.349,643.069,1025.04,551.816,,,886.716,489.61,595.5,384.154,,,,,959.383,369.258,632.499,386.682,644.786,381.394,797.772,386.509,801.203,396.147,757.122,470.59,755.542,498.188,813.07,381.594,807.903,407.894,807.336,422.323,801.376,430.162,,,,,,,,,,,,,,,,,,,,,,,,,,,,,,,,,,,,,,,,,,,,,,,,,,,,,,,,,,,,,,,,,,,,,,,,,,,,,,,,,,,,,,,,
113,763,408.725,387.248,130.793,572.911,137.195,658.419,,,620.738,582.802,679.665,653.871,756.599,791.672,,,1072.59,749.214,,,,,,,,,,,,,812.162,372.635,,,,,,,,,,,552.671,526.566,743.129,649.776,560.451,645.057,,,,,,,,,1198.34,686.615,1139.35,684.825,748.242,730.367,827.584,735.585,971.225,691.082,1033.56,755.034,598.284,340.802,,,987.349,785.659,1022.44,998.255,901.766,128.667,803.084,271.92,765.548,280.024,815.671,263.565,770.374,556.655,742.302,518.862,954.609,645.119,1025.6,551.357,,,887.406,489.513,595.919,384.166,,,,,958.462,367.813,630.491,388.108,642.917,382.939,797.402,387.581,801.203,396.147,757.583,470.04,755.353,497.2,810.748,381.902,806.495,409.254,,,799.899,430.155,687.277,616.49,673.914,618.657,,,,,,,,,,,,,,,,,,,,,,,,,,,,,,,,,,,,,,,,,,,,,,,,,,,,,,,,,,,,,,,,,,,,,,,,,,,,,,,,,,,,
114,764,408.222,388.375,130.467,575.009,137.005,658.691,,,619.359,584.186,679.173,652.79,756.96,791.064,,,1073.54,748.638,,,,,,,,,,,,,812.5,371.284,,,,,,,,,,,551.274,527.652,744.572,651.337,559.972,645.688,,,,,,,,,1198.87,687.002,1139.19,685.012,746.173,732.161,828.855,735.723,971.709,690.729,1033.71,755.164,598.317,340.871,,,985.906,785.235,1022.15,999.329,902.069,128.684,800.379,271.68,765.349,281.439,815.888,263.897,769.887,556.418,742.22,518.688,954.054,646.622,1026.01,551.014,,,888.04,489.423,596.325,384.183,,,,,957.611,366.466,627.722,390.054,640.89,384.623,797.043,388.355,801.203,396.147,758.306,468.987,755.128,496.04,809.062,382.154,804.655,410.963,,,798.366,430.032,687.026,616.965,676.057,620.284,,,,,,,,,,,,,,,,,,,,,,,,,,,,,,,,,,,,,,,,,,,,,,,,,,,,,,,,,,,,,,,,,,,,,,,,,,,,,,,,,,,,
115,765,407.566,389.908,130.149,577.103,136.742,659.085,,,618.212,585.34,678.72,651.799,757.268,790.529,,,1074.47,748.072,,,,,,,,,,,,,811.839,371.463,,,,,,,,,,,550.297,528.419,746.143,653.048,558.716,646.434,,,,,,,,,1199.33,687.248,1139.04,685.166,744.288,733.793,830.253,735.873,972.385,690.216,1033.87,755.377,598.353,340.948,,,983.699,785.303,1021.09,1000.75,902.282,128.699,798.163,271.311,765.235,282.441,816.019,264.122,769.007,556.175,742.137,518.514,952.996,648.585,1025.98,551.121,,,888.603,489.343,596.587,384.176,,,,,957.008,365.458,624.975,391.985,639.061,386.153,796.22,388.379,801.075,395.763,759.309,467.513,754.891,494.819,807.706,382.667,803.265,412.068,,,797.236,429.923,686.774,617.441,677.588,620.284,,,,,,,,,,,,,,,,,,,,,,,,,,,,,,,,,,,,,,,,,,,,,,,,,,,,,,,,,,,,,,,,,,,,,,,,,,,,,,,,,,,,
116,766,406.81,391.711,129.882,578.927,136.455,659.519,,,617.387,586.175,678.334,650.961,757.432,790.203,,,1075.17,747.651,,,,,,,,,,,,,810.878,371.904,,,,,,,,,,,550.032,528.678,747.577,654.622,557.052,647.373,,,,,,,,,1201.92,686.465,1138.93,685.235,742.708,735.157,831.528,736.02,973.154,689.626,1034.05,755.587,598.391,341.029,,,980.585,785.437,1019.56,1002.75,902.362,128.809,795.613,269.456,765.548,282.874,815.71,264.083,767.761,555.839,742.11,518.361,951.486,651.332,1025.92,551.283,,,889.079,489.274,596.37,383.959,,,,,956.534,363.906,623.034,393.363,637.788,387.239,795.379,388.17,801.109,395.379,760.318,466.027,754.668,493.648,806.511,383.313,802.677,410.805,,,796.135,429.451,686.624,617.24,678.463,618.315,,,,,,,,,,,,,,,,,,,,,,,,,,,,,,,,,,,,,,,,,,,,,,,,,,,,,,,,,,,,,,,,,,,,,,,,,,,,,,,,,,,,
117,767,406.005,393.648,129.71,580.214,136.199,659.911,,,617.405,586.379,678.041,650.338,756.704,790.79,,,1075.98,747.238,,,,,,,,,,,,,810.135,372.297,,,,,,,,,,,549.732,528.992,748.606,655.772,555.819,648.06,,,,,,,,,1205.42,685.356,1138.72,684.645,741.554,736.149,832.432,736.149,973.917,689.043,1034.23,755.705,598.429,341.108,,,977.166,785.604,1017.81,1005.04,902.46,128.973,793.536,269.447,766.021,283.415,815.247,263.999,766.385,555.471,742.478,517.924,949.83,654.347,1025.85,551.485,,,889.45,489.218,596.023,383.644,,,,,955.972,361.847,622.289,394.072,637.382,387.94,794.974,387.389,802.403,395.379,761.061,464.938,754.482,492.637,806.074,384.586,802.063,408.878,,,794.653,428.776,686.424,616.904,677.833,618.479,,,,,,,,,,,,,,,,,,,,,,,,,,,,,,,,,,,,,,,,,,,,,,,,,,,,,,,,,,,,,,,,,,,,,,,,,,,,,,,,,,,,
118,768,405.205,395.582,129.971,580.927,136.023,660.178,,,617.459,586.632,677.501,649.543,755.632,791.68,,,1077.01,746.723,,,,,,,,,,,,,809.74,372.871,,,,,,,,,,,549.423,529.319,749.461,657.071,555.55,648.16,,,,,,,,,1208.05,684.564,1138.46,683.823,740.881,736.513,833.049,736.617,974.575,688.549,1034.97,755.382,598.465,341.18,,,974.041,785.771,1016.04,1007.33,902.563,129.151,791.671,269.687,766.547,283.995,814.764,263.919,765.119,555.134,742.995,517.333,948.332,657.115,1025.76,551.712,,,889.762,489.024,595.679,383.317,,,,,955.616,359.892,621.336,395.007,636.87,388.88,794.443,386.27,,,761.731,464.007,754.358,491.897,805.738,385.941,801.642,407.198,,,793.188,428.094,686.211,616.515,676.838,618.983,,,,,,,,,,,,,,,,,,,,,,,,,,,,,,,,,,,,,,,,,,,,,,,,,,,,,,,,,,,,,,,,,,,,,,,,,,,,,,,,,,,,
119,769,404.462,397.377,130.356,581.743,136.016,660.196,,,617.541,586.919,676.748,648.438,754.419,792.682,,,1077.85,746.309,,,,,,,,,,,,,809.245,373.664,,,,,,,,,,,549.127,529.617,750.498,658.704,555.294,648.229,,,,,,,,,1208.86,684.726,1138.26,683.221,739.994,736.982,833.876,737.295,975.03,688.228,1036.03,754.914,598.496,341.24,,,971.812,785.906,1014.51,1009.32,902.663,129.304,790.811,269.818,767.016,284.544,814.396,263.89,764.2,554.887,743.422,516.83,947.297,659.122,1025.66,551.949,,,890.172,488.765,595.473,383.063,,,,,956.08,355.255,620.29,396.051,636.287,389.979,793.853,384.977,,,762.647,462.739,754.478,490.935,805.352,387.255,801.747,404.546,,,792.134,427.604,686.024,616.156,676.057,619.409,,,,,,,,,,,,,,,,,,,,,,,,,,,,,,,,,,,,,,,,,,,,,,,,,,,,,,,,,,,,,,,,,,,,,,,,,,,,,,,,,,,,
120,770,403.828,398.895,130.659,582.429,136.019,660.207,,,617.642,587.224,675.863,647.147,753.263,793.604,,,1078.86,745.879,,,,,,,,,,,,,808.773,374.45,,,,,,,,,,,548.87,529.845,751.275,659.924,555.077,648.287,,,,,,,,,1209.87,684.955,1138.25,683.183,738.948,737.529,834.767,738.043,975.067,688.595,1037.27,754.357,598.52,341.284,,,970.097,786.313,1013.42,1010.74,902.746,129.394,790.047,269.919,767.322,284.992,813.899,264.222,763.221,554.608,743.931,516.084,947.033,661.165,1025.57,552.182,,,890.66,488.455,595.853,382.659,,,,,954.225,355.95,619.266,397.085,635.672,391.156,793.267,383.671,,,763.646,461.357,754.667,489.617,,,801.951,401.127,,,791.512,427.301,685.899,615.91,675.575,619.802,,,,,,,,,,,,,,,,,,,,,,,,,,,,,,,,,,,,,,,,,,,,,,,,,,,,,,,,,,,,,,,,,,,,,,,,,,,,,,,,,,,,
121,771,403.356,400.0,130.869,583.471,136.027,660.21,,,617.755,587.53,674.929,645.791,752.365,794.257,,,1080.23,745.297,,,,,,,,,,,,,808.446,375.0,,,,,,,,,,,548.002,530.22,751.597,660.355,554.929,648.357,,,,,,,,,1211.05,685.24,1138.25,683.18,737.797,738.125,835.573,738.721,975.072,689.167,1038.58,753.766,598.536,341.305,,,967.764,786.894,1012.78,1011.69,902.994,129.151,788.946,269.92,767.119,286.186,813.212,264.713,761.895,554.228,744.624,515.05,946.718,663.997,1025.48,552.395,,,891.205,488.107,596.43,382.099,,,,,953.055,353.507,618.379,397.992,635.06,392.33,792.75,382.516,,,764.563,460.083,754.865,488.29,,,802.106,398.618,,,790.68,426.903,685.971,615.809,674.933,620.343,,,,,,,,,,,,,,,,,,,,,,,,,,,,,,,,,,,,,,,,,,,,,,,,,,,,,,,,,,,,,,,,,,,,,,,,,,,,,,,,,,,,
122,772,402.736,400.9,131.152,584.942,136.035,660.206,,,617.87,587.823,674.025,644.495,750.415,794.742,,,1081.59,744.718,,,,,,,,,,,,,808.429,375.14,,,,,,,,,,,546.754,530.751,751.932,660.783,554.986,648.724,,,,,,,,,1212.35,685.568,1138.26,683.195,736.595,738.744,836.149,739.189,975.056,689.746,1039.83,753.197,598.449,340.899,,,965.121,787.566,1011.95,1012.96,903.349,128.793,787.518,269.91,766.791,287.879,812.538,265.197,760.573,553.85,745.319,514.032,946.384,667.224,1025.4,552.573,,,891.787,487.732,597.016,381.533,,,,,951.705,350.033,617.744,398.653,634.488,393.421,792.369,381.674,,,765.235,459.141,755.014,487.303,,,802.132,398.222,,,789.701,426.436,686.089,615.69,674.247,620.929,,,,,,,,,,,,,,,,,,,,,,,,,,,,,,,,,,,,,,,,,,,,,,,,,,,,,,,,,,,,,,,,,,,,,,,,,,,,,,,,,,,,
123,773,401.899,402.099,131.456,586.557,136.035,660.195,,,617.98,588.086,673.233,643.379,747.814,795.342,,,1082.55,744.295,,,,,,,,,,,,,808.448,375.257,,,,,,,,,,,545.369,531.333,752.165,661.11,555.085,649.254,,,,,,,,,1213.74,685.929,1138.27,683.214,735.399,739.358,836.536,739.318,975.03,690.131,1040.88,752.706,598.331,340.342,,,962.473,788.241,1010.96,1014.45,903.693,128.388,786.337,269.919,766.438,289.578,812.077,265.513,759.607,553.575,745.828,513.331,946.066,670.452,1025.34,552.703,,,892.388,487.346,597.422,381.114,,,,,950.747,347.37,617.391,399.34,633.994,394.349,791.867,380.591,,,766.01,457.915,755.193,486.293,,,802.157,397.924,,,788.637,425.926,686.221,615.571,673.635,621.455,,,,,,,,,,,,,,,,,,,,,,,,,,,,,,,,,,,,,,,,,,,,,,,,,,,,,,,,,,,,,,,,,,,,,,,,,,,,,,,,,,,,
124,774,400.901,403.52,131.731,588.028,136.023,660.178,,,618.075,588.304,672.635,642.568,745.608,795.946,,,1082.92,743.953,,,,,,,,,,,,,808.446,375.338,,,,,,,,,,,544.09,531.859,752.139,661.391,555.181,649.78,,,,,,,,,1215.18,686.311,1138.26,683.221,734.263,739.939,837.052,739.464,974.812,690.003,1041.61,752.349,598.189,339.672,,,960.127,788.835,1009.87,1016.09,903.905,128.003,784.853,270.091,766.163,290.789,812.098,265.306,758.824,553.373,746.264,513.308,945.796,673.287,1025.19,552.816,,,892.986,486.96,597.501,380.699,,,,,950.799,346.082,616.984,400.202,633.613,395.034,,,,,767.069,456.228,755.447,484.898,,,802.156,397.683,,,787.552,425.399,686.337,615.472,673.214,621.815,,,,,,,,,,,,,,,,,,,,,,,,,,,,,,,,,,,,,,,,,,,,,,,,,,,,,,,,,,,,,,,,,,,,,,,,,,,,,,,,,,,,
125,775,399.795,405.09,131.924,589.073,135.776,659.936,,,618.149,588.459,671.394,641.681,742.403,797.671,,,1083.38,743.487,,,,,,,,,,,,,808.249,375.359,,,,,,,,,,,543.163,532.224,752.083,661.773,555.226,650.136,,,,,,,,,1216.63,686.702,1138.13,683.179,733.24,740.461,837.61,739.614,974.493,689.778,1041.65,751.906,598.03,338.925,,,958.389,789.262,1008.74,1017.81,903.601,126.582,782.77,270.346,765.693,291.423,812.181,264.969,757.753,553.103,746.788,513.364,945.608,675.338,1024.97,552.966,,,893.562,486.587,597.571,380.14,,,,,951.008,344.679,616.631,400.88,632.799,395.806,,,,,768.102,454.573,755.72,483.373,,,802.106,397.458,,,786.508,424.884,686.675,615.246,673.191,621.833,,,,,,,,,,,,,,,,,,,,,,,,,,,,,,,,,,,,,,,,,,,,,,,,,,,,,,,,,,,,,,,,,,,,,,,,,,,,,,,,,,,,
126,776,398.636,406.733,132.024,589.782,135.415,659.585,,,618.452,588.327,669.668,640.463,738.28,799.968,,,1083.9,742.958,,,,,,,,,,,,,807.977,375.371,,,,,,,,,,,542.163,532.323,752.01,662.191,554.957,650.089,,,,,,,,,1218.06,687.091,1137.95,683.12,732.387,740.896,838.126,739.753,974.14,689.522,1041.63,751.296,597.863,338.139,,,955.839,789.691,1007.6,1019.53,903.134,124.528,780.391,270.639,765.027,292.248,812.27,264.614,756.511,552.791,747.14,513.331,945.672,677.44,1024.72,553.145,,,894.096,486.241,597.636,379.582,,,,,951.21,343.66,616.007,401.447,631.661,396.861,,,,,768.802,453.445,755.958,481.976,,,801.44,396.784,,,785.568,424.404,687.164,614.928,673.189,621.832,,,,,,,,,,,,,,,,,,,,,,,,,,,,,,,,,,,,,,,,,,,,,,,,,,,,,,,,,,,,,,,,,,,,,,,,,,,,,,,,,,,,
127,777,397.479,408.374,132.153,590.744,135.064,659.236,,,618.884,588.118,667.617,639.026,735.135,801.689,,,1084.41,742.428,,,,,,,,,,,,,807.77,375.338,,,,,,,,,,,540.77,532.439,751.934,662.585,554.564,649.978,,,,,,,,,1219.43,687.465,1137.74,683.05,731.757,741.216,838.514,739.865,973.821,689.3,1041.6,750.709,597.693,337.35,,,952.309,790.269,1006.51,1021.17,902.611,122.257,778.02,270.927,764.295,293.127,812.309,264.354,755.215,552.461,746.895,512.542,945.772,680.365,1024.43,553.342,,,894.567,485.935,597.701,379.165,,,,,951.604,343.417,615.14,402.217,630.308,398.107,,,,,768.67,453.543,756.108,480.961,,,800.521,395.877,,,784.794,423.988,687.701,614.571,673.198,621.821,,,,,,,,,,,,,,,,,,,,,,,,,,,,,,,,,,,,,,,,,,,,,,,,,,,,,,,,,,,,,,,,,,,,,,,,,,,,,,,,,,,,
128,778,396.378,409.938,132.301,591.855,134.85,659.006,,,619.33,587.89,665.402,637.479,733.465,802.259,,,1084.87,741.958,,,,,,,,,,,,,807.677,374.937,,,,,,,,,,,539.259,532.554,751.869,662.89,554.132,649.872,,,,,,,,,1220.69,687.814,1137.5,682.971,731.563,741.227,839.089,740.129,973.603,689.18,1041.61,750.336,597.529,336.595,,,948.799,790.847,1005.52,1022.65,902.137,120.185,775.959,271.166,763.625,293.924,812.033,264.105,753.982,552.137,746.497,511.394,945.896,683.694,1024.14,553.549,,,894.957,485.681,597.949,378.737,,,,,952.157,343.178,614.11,403.123,628.85,399.45,,,,,768.448,453.738,755.887,479.914,,,799.787,395.14,,,784.25,423.662,688.188,614.224,673.211,621.809,,,,,,,,,,,,,,,,,,,,,,,,,,,,,,,,,,,,,,,,,,,,,,,,,,,,,,,,,,,,,,,,,,,,,,,,,,,,,,,,,,,,
129,779,395.388,411.351,132.457,593.011,135.187,659.108,,,619.671,587.698,663.183,635.935,731.286,802.948,,,1085.23,741.611,,,,,,,,,,,,,807.563,374.358,,,,,,,,,,,537.904,532.647,751.608,663.516,553.743,649.84,,,,,,,,,1221.81,688.126,1137.26,682.889,731.321,741.232,839.898,740.507,973.581,689.656,1041.98,750.725,597.378,335.911,,,946.309,791.275,1004.67,1023.9,901.818,118.727,774.511,271.311,763.148,294.5,811.627,263.772,752.928,551.844,746.092,510.231,946.031,687.005,1023.84,553.756,,,895.244,485.493,598.304,378.152,,,,,952.701,342.949,613.001,404.095,627.395,400.798,,,,,768.166,454.001,755.67,478.992,,,799.118,394.35,,,784.778,422.694,688.524,613.941,673.219,621.804,,,,,,,,,,,,,,,,,,,,,,,,,,,,,,,,,,,,,,,,,,,,,,,,,,,,,,,,,,,,,,,,,,,,,,,,,,,,,,,,,,,,
130,780,394.564,412.538,132.612,594.109,135.703,659.284,,,620.155,587.219,661.121,634.506,728.962,803.657,,,1086.05,741.108,,,,,,,,,,,,,807.467,373.762,,,,,,,,,,,536.98,532.699,751.255,664.339,552.508,650.36,,,,,,,,,1222.76,688.389,1137.01,682.806,731.042,741.232,840.789,740.923,973.572,690.365,1042.49,751.305,597.247,335.334,,,945.212,791.687,1004.03,1024.83,901.851,117.891,773.851,270.931,762.785,294.992,811.213,263.44,752.171,551.606,745.828,509.394,946.165,689.877,1023.56,553.953,,,,,598.701,377.504,,,,,953.066,342.733,611.892,405.066,626.054,402.058,,,,,767.853,454.301,755.852,478.968,,,798.22,393.281,,,785.587,421.303,688.601,613.125,673.214,621.815,,,,,,,,,,,,,,,,,,,,,,,,,,,,,,,,,,,,,,,,,,,,,,,,,,,,,,,,,,,,,,,,,,,,,,,,,,,,,,,,,,,,
131,781,393.96,413.423,132.754,595.045,136.232,659.466,,,620.839,586.527,659.376,633.301,726.858,804.284,,,1087.21,740.398,,,,,,,,,,,,,807.432,373.311,,,,,,,,,,,536.999,532.477,750.979,664.966,550.855,651.082,,,,,,,,,1223.49,688.591,1136.77,682.727,730.736,741.229,841.616,741.298,973.578,691.076,1042.95,751.678,597.144,334.902,,,943.792,792.249,1002.81,1025.74,901.936,116.834,772.993,270.367,762.452,295.427,810.917,263.195,751.631,550.751,745.974,508.856,946.284,691.892,1023.32,554.131,,,,,599.078,376.883,,,,,952.959,342.003,610.867,405.966,624.935,403.137,,,,,767.537,454.611,756.086,478.95,,,797.353,392.213,,,786.541,419.702,688.678,611.964,673.035,622.07,,,,,,,,,,,,,,,,,,,,,,,,,,,,,,,,,,,,,,,,,,,,,,,,,,,,,,,,,,,,,,,,,,,,,,,,,,,,,,,,,,,,
132,782,393.835,414.19,132.874,595.716,136.609,659.592,,,621.586,585.771,658.108,632.432,725.338,804.73,,,1088.54,739.585,,,,,,,,,,,,,807.845,372.735,,,,,,,,,,,537.11,532.139,750.781,665.277,549.591,651.619,,,,,,,,,1223.92,688.938,1136.55,682.655,730.414,741.223,842.23,741.554,973.603,691.558,1043.8,751.16,596.795,334.353,,,942.217,792.892,1001.1,1026.98,902.02,115.796,772.041,269.709,762.223,295.55,810.738,262.974,750.925,549.528,746.215,508.174,946.895,692.68,1023.11,554.28,,,,,599.371,376.382,,,,,952.763,340.969,610.007,406.728,624.147,403.942,,,,,767.248,454.899,756.363,478.937,,,796.772,391.429,,,787.5,418.104,688.733,610.807,672.779,622.435,,,,,,,,,,,,,,,,,,,,,,,,,,,,,,,,,,,,,,,,,,,,,,,,,,,,,,,,,,,,,,,,,,,,,,,,,,,,,,,,,,,,
133,783,393.684,415.225,133.392,596.129,136.812,659.609,,,622.257,585.097,657.024,631.953,724.076,804.902,,,1089.89,738.776,,,,,,,,,,,,,808.453,371.945,,,,,,,,,,,537.258,531.77,750.513,665.68,548.932,651.745,,,,,,,,,1224.49,689.42,1136.37,682.595,730.086,741.217,843.087,741.567,973.888,691.502,1044.98,750.361,596.312,333.603,,,940.656,793.548,999.093,1028.43,902.05,115.017,771.096,269.046,761.915,295.688,810.509,262.672,750.24,548.306,746.481,507.445,947.778,693.664,1022.97,554.392,,,,,599.988,375.052,,,,,952.545,339.889,609.393,407.283,624.25,405.23,,,,,767.015,455.138,756.678,478.929,,,796.98,390.753,,,788.329,416.725,688.743,610.004,672.481,622.861,,,,,,,,,,,,,,,,,,,,,,,,,,,,,,,,,,,,,,,,,,,,,,,,,,,,,,,,,,,,,,,,,,,,,,,,,,,,,,,,,,,,
134,784,393.514,416.45,134.137,596.653,137.08,659.627,,,622.716,584.653,655.562,631.32,722.356,805.112,,,1091.08,738.073,,,,,,,,,,,,,809.057,371.162,,,,,,,,,,,537.392,531.454,750.225,666.107,548.075,651.883,,,,,,,,,1225.15,689.992,1136.24,682.55,729.762,741.21,844.27,741.557,974.3,691.368,1046.16,749.549,595.737,332.716,,,939.279,794.15,996.982,1029.94,901.698,114.176,770.262,268.468,761.582,295.833,810.253,262.342,749.765,547.451,746.703,506.769,948.761,694.693,1023.18,554.497,,,,,600.876,373.144,,,,,952.37,339.022,609.221,407.731,624.502,406.893,,,,,766.069,456.306,757.024,478.924,,,797.337,389.829,,,788.888,415.778,688.354,609.866,672.176,623.298,,,,,,,,,,,,,,,,,,,,,,,,,,,,,,,,,,,,,,,,,,,,,,,,,,,,,,,,,,,,,,,,,,,,,,,,,,,,,,,,,,,,
135,785,393.336,417.788,134.882,597.184,137.364,659.637,,,622.743,584.903,653.832,630.577,720.49,805.337,,,1091.95,737.584,,,,,,,,,,,,,809.459,370.608,,,,,,,,,,,537.455,531.272,749.968,666.485,547.162,652.018,,,,,,,,,1225.86,690.609,1136.15,682.504,729.452,741.206,845.447,741.546,974.721,691.21,1046.98,748.993,595.113,331.758,,,938.255,794.631,994.958,1031.39,901.216,113.052,769.641,268.064,761.28,295.981,809.994,262.035,749.704,547.221,747.247,504.457,949.672,695.617,1023.47,554.641,,,,,601.844,371.038,,,,,952.016,337.344,608.999,408.335,624.704,408.118,,,,,764.793,457.884,757.394,478.924,,,797.751,388.826,,,788.794,415.746,687.786,609.737,671.898,623.695,,,,,,,,,,,,,,,,,,,,,,,,,,,,,,,,,,,,,,,,,,,,,,,,,,,,,,,,,,,,,,,,,,,,,,,,,,,,,,,,,,,,
136,786,393.157,419.162,135.404,597.615,137.613,659.628,,,622.75,585.3,651.942,629.77,718.79,805.555,,,1093.06,737.433,,,,,,,,,,,,,809.318,370.384,,,,,,,,,,,537.094,531.838,749.792,666.746,546.335,652.134,,,,,,,,,1226.57,691.225,1136.03,682.442,729.168,741.205,846.284,741.554,975.03,691.082,1047.13,748.961,594.481,330.792,,,936.81,796.041,993.216,1032.64,900.637,111.715,768.758,267.866,761.061,296.123,809.758,261.803,749.67,546.981,748.016,501.154,950.338,696.284,1023.82,554.813,,,,,602.705,369.114,,,,,951.504,334.965,608.745,409.049,624.807,408.356,,,,,763.815,459.077,757.782,478.926,,,798.134,387.912,,,788.612,415.777,687.15,609.612,671.683,624.002,,,,,,,,,,,,,,,,,,,,,,,,,,,,,,,,,,,,,,,,,,,,,,,,,,,,,,,,,,,,,,,,,,,,,,,,,,,,,,,,,,,,
137,787,392.987,420.496,135.561,598.48,137.781,659.592,,,622.745,585.773,650.002,628.943,717.568,805.743,,,1094.58,737.27,,,,,,,,,,,,,809.083,370.103,,,,,,,,,,,536.553,532.688,749.792,666.746,545.735,652.213,,,,,,,,,1227.23,691.795,1135.89,682.367,728.919,741.208,846.682,741.757,975.314,690.793,1047.29,748.962,593.885,329.884,,,934.958,797.92,991.946,1033.56,899.991,110.236,767.511,267.61,760.869,296.799,808.743,261.424,749.629,546.758,748.784,497.869,951.141,696.781,1024.21,555.0,,,,,603.268,367.751,,,,,950.92,332.229,608.474,409.829,624.936,408.621,,,,,763.308,459.549,758.18,478.931,,,798.395,387.255,,,788.385,415.847,686.556,609.485,671.148,624.765,,,,,,,,,,,,,,,,,,,,,,,,,,,,,,,,,,,,,,,,,,,,,,,,,,,,,,,,,,,,,,,,,,,,,,,,,,,,,,,,,,,,
138,788,392.834,421.714,135.758,599.681,137.709,659.054,,,622.734,586.25,648.121,628.143,716.566,806.373,,,1096.12,737.096,,,,,,,,,,,,,808.799,369.791,,,,,,,,,,,535.955,533.635,750.386,668.525,545.208,652.173,,,,,,,,,1227.78,692.274,1135.74,682.284,728.716,741.216,847.171,742.052,975.69,690.386,1047.44,748.981,593.366,329.098,,,933.557,799.329,990.692,1034.47,899.31,108.683,766.15,267.337,760.605,297.781,807.284,260.898,749.546,546.576,749.327,495.615,952.262,697.452,1024.62,555.19,,,,,602.887,366.835,,,,,950.348,329.484,608.203,410.629,625.082,408.89,,,,,762.676,460.104,758.582,478.938,,,798.476,386.716,,,788.154,415.932,686.118,609.348,670.393,625.844,,,,,,,,,,,,,,,,,,,,,,,,,,,,,,,,,,,,,,,,,,,,,,,,,,,,,,,,,,,,,,,,,,,,,,,,,,,,,,,,,,,,
139,789,392.708,422.737,135.981,601.108,137.593,658.265,,,622.722,586.662,646.407,627.414,715.363,807.207,,,1097.32,736.913,,,,,,,,,,,,,808.512,369.473,,,,,,,,,,,535.422,534.493,748.986,665.541,544.487,652.107,,,,,,,,,1228.19,692.617,1135.58,682.198,727.869,741.474,847.639,742.352,976.092,689.97,1047.56,748.997,592.968,328.499,,,932.93,799.801,989.006,1035.69,898.626,107.126,764.922,267.089,760.32,298.866,805.844,260.361,748.845,546.234,749.538,495.552,953.488,698.179,1025.03,555.372,,,,,602.279,365.611,,,,,949.876,327.072,607.949,411.404,625.238,409.143,,,,,762.06,460.638,758.982,478.946,,,798.575,385.976,,,787.96,416.01,685.502,608.567,669.627,626.931,,,,,,,,,,,,,,,,,,,,,,,,,,,,,,,,,,,,,,,,,,,,,,,,,,,,,,,,,,,,,,,,,,,,,,,,,,,,,,,,,,,,
140,790,392.617,423.49,136.215,602.649,137.454,657.392,,,622.716,586.937,644.97,626.801,714.527,807.77,,,1099.14,736.086,,,,,,,,,,,,,808.266,369.173,,,,,,,,,,,535.077,535.077,750.386,666.449,543.703,652.031,,,,,,,,,1228.55,692.742,1135.42,682.113,726.715,741.827,847.973,742.568,976.457,689.655,1047.65,748.993,591.956,327.155,,,932.123,800.385,987.314,1036.93,897.97,105.636,764.076,266.905,760.068,299.849,804.888,259.948,747.833,545.76,749.803,495.516,954.607,698.843,1025.41,555.532,,,,,601.584,364.288,,,,,949.587,325.341,607.726,412.109,625.393,409.356,,,,,761.6,461.046,759.372,478.954,,,798.685,385.117,,,787.281,416.431,684.716,607.509,669.058,627.72,,,,,,,,,,,,,,,,,,,,,,,,,,,,,,,,,,,,,,,,,,,,,,,,,,,,,,,,,,,,,,,,,,,,,,,,,,,,,,,,,,,,
141,791,392.699,424.076,136.447,604.194,137.314,656.606,,,622.711,586.849,643.919,626.351,714.682,807.49,,,1101.65,734.899,,,,,,,,,,,,,808.108,368.919,,,,,,,,,,,535.344,535.115,752.313,667.487,542.988,651.962,,,,,,,,,1229.02,692.898,1135.26,682.034,725.33,742.252,848.121,742.711,977.625,689.254,1047.66,748.794,590.52,325.261,,,931.225,801.024,986.04,1037.85,897.373,104.283,763.919,266.684,759.902,300.529,805.28,259.362,746.803,545.256,750.113,495.503,955.405,699.324,1025.74,555.66,,,,,600.94,363.076,,,,,950.354,323.706,607.553,412.699,625.539,409.51,,,,,761.132,461.564,759.746,478.963,,,798.799,384.222,,,786.299,417.041,684.15,606.723,668.475,628.308,,,,,,,,,,,,,,,,,,,,,,,,,,,,,,,,,,,,,,,,,,,,,,,,,,,,,,,,,,,,,,,,,,,,,,,,,,,,,,,,,,,,
142,792,392.812,424.854,136.663,605.631,137.195,656.074,,,622.699,586.692,643.32,626.053,714.998,807.02,,,1104.18,733.712,,,,,,,,,,,,,808.266,367.923,,,,,,,,,,,535.768,535.119,754.241,668.525,542.472,651.916,,,,,,,,,1229.58,693.078,1135.12,681.966,723.791,742.725,848.299,742.896,979.289,688.703,1047.65,748.521,588.832,323.034,,,930.323,801.658,984.564,1038.93,896.867,103.135,763.763,266.376,759.997,300.715,805.957,258.553,746.047,544.826,750.457,495.511,956.016,699.797,1026.01,555.743,,,,,600.484,362.184,,,,,951.514,321.461,607.444,413.129,626.375,409.51,,,,,760.502,462.273,760.097,478.972,,,798.91,383.375,,,785.216,417.719,684.154,606.547,667.664,629.104,,,,,,,,,,,,,,,,,,,,,,,,,,,,,,,,,,,,,,,,,,,,,,,,,,,,,,,,,,,,,,,,,,,,,,,,,,,,,,,,,,,,
143,793,392.951,425.777,136.847,606.85,136.767,656.114,,,622.687,586.507,642.565,625.668,715.35,806.52,,,1106.04,732.886,,,,,,,,,,,,,808.446,366.892,,,,,,,,,,,536.248,535.105,,,542.019,651.915,,,,,,,,,1230.2,693.277,1135.0,681.913,722.172,743.223,848.483,743.085,980.963,688.153,1047.65,748.322,587.061,320.691,,,929.505,802.231,,,896.485,102.263,763.615,266.039,760.158,300.91,806.679,257.745,745.383,543.699,750.826,495.534,956.85,700.454,1027.07,555.407,,,,,600.124,361.121,,,,,952.801,319.013,608.121,413.305,626.771,408.958,,,,,759.867,462.984,760.418,478.98,,,799.01,382.658,,,784.234,418.343,684.223,606.378,666.741,630.006,760.766,663.187,755.131,673.271,,,,,,,,,,,,,,,,,,,,,,,,,,,,,,,,,,,,,,,,,,,,,,,,,,,,,,,,,,,,,,,,,,,,,,,,,,,,,,,,
144,794,393.106,426.795,136.986,607.738,136.152,656.208,,,622.682,586.332,641.812,625.288,715.608,806.149,,,1107.69,732.705,,,,,,,,,,,,,808.47,366.357,,,,,,,,,,,536.685,535.087,,,541.414,651.919,,,,,,,,,1230.86,693.488,1134.9,681.879,720.55,743.722,848.649,743.243,982.164,687.753,1047.66,748.313,585.376,318.449,,,928.859,802.685,,,895.829,100.805,763.484,265.732,760.307,301.089,807.207,257.165,744.497,542.102,751.21,495.569,957.793,701.201,1028.52,554.938,,,,,599.636,359.639,,,,,953.948,316.769,609.123,413.509,627.257,408.153,,,,,759.385,463.508,760.704,478.986,,,799.091,382.154,,,783.554,418.792,684.31,606.218,665.822,630.911,760.025,663.483,752.055,673.796,,,,,,,,,,,,,,,,,,,,,,,,,,,,,,,,,,,,,,,,,,,,,,,,,,,,,,,,,,,,,,,,,,,,,,,,,,,,,,,,
145,795,393.27,427.861,137.192,608.601,135.443,656.334,,,622.69,586.208,641.216,625.0,715.878,805.743,,,1109.9,732.533,,,,,,,,,,,,,808.475,365.749,,,,,,,,,,,536.98,535.077,,,540.82,651.921,,,,,,,,,1231.54,693.703,1134.62,682.102,719.0,744.2,849.171,743.608,982.877,687.454,1047.66,748.324,583.948,316.525,,,927.185,803.826,,,894.913,98.7612,763.38,265.513,760.365,301.224,807.697,256.811,743.621,540.5,751.599,495.613,958.731,701.943,1030.27,554.374,,,,,599.105,358.019,,,,,954.689,315.138,610.121,413.733,627.719,407.331,,,,,758.766,463.978,760.946,478.99,,,799.368,382.069,,,783.377,419.206,684.368,606.067,665.025,631.714,759.58,662.593,752.397,673.74,,,,,,,,,,,,,,,,,,,,,,,,,,,,,,,,,,,,,,,,,,,,,,,,,,,,,,,,,,,,,,,,,,,,,,,,,,,,,,,,
146,796,393.436,428.926,137.485,609.791,134.732,656.466,,,622.716,586.175,640.203,624.662,,,,,1112.03,732.371,,,,,,,,,,,,,808.446,365.203,,,,,,,,,,,536.98,535.077,,,540.396,651.916,,,,,,,,,1232.2,693.917,1134.23,682.418,717.598,744.632,849.925,744.131,983.775,687.065,1047.67,748.333,582.946,315.136,,,924.83,805.433,,,893.837,96.3651,763.189,265.358,759.808,301.364,808.371,256.341,742.985,539.358,751.982,495.661,959.549,702.588,1032.19,553.75,,,,,598.617,356.545,,,,,954.081,313.452,610.785,413.964,628.045,406.726,,,,,757.983,464.554,761.138,478.992,,,799.757,381.968,,,783.196,419.762,684.372,605.562,664.465,632.313,758.213,661.818,752.818,673.655,716.892,799.324,719.932,812.5,,,,,,,,,,,,,,,,,,,,,,,,,,,,,,,,,,,,,,,,,,,,,,,,,,,,,,,,,,,,,,,,,,,,,,,,,,,,
147,797,393.596,429.942,137.802,611.086,134.112,656.583,,,623.172,587.243,639.527,625.338,,,,,1113.42,732.215,,,,,,,,,,,,,808.149,364.067,,,,,,,,,,,,,,,540.201,651.826,,,,,,,,,1232.82,694.124,1133.76,682.798,716.42,744.997,850.755,744.707,984.701,686.663,1047.65,748.322,582.722,313.802,,,922.058,807.324,,,892.706,93.8478,762.93,265.149,758.982,301.552,809.103,255.839,742.528,538.764,752.351,495.709,960.135,703.041,1034.17,553.104,,,,,598.257,355.502,,,,,953.13,311.129,610.535,414.985,628.131,406.157,,,,,757.415,464.985,761.291,478.999,,,800.221,381.86,,,783.019,420.297,684.372,604.833,664.228,633.273,756.244,660.754,753.233,673.034,716.216,798.986,719.307,816.554,529.37,534.602,543.639,537.931,,,,,,,,,,,,,,,,,,,,,,,,,,,,,,,,,,,,,,,,,,,,,,,,,,,,,,,,,,,,,,,,,,,,,,,,
148,798,393.741,430.861,138.079,612.268,133.677,656.66,,,623.477,588.459,639.474,625.091,,,,,1112.53,731.662,,,,,,,,,,,,,807.861,362.942,,,,,,,,,,,,,,,539.957,651.693,,,,,,,,,1233.39,694.316,1133.26,683.21,715.541,745.27,851.508,745.233,985.493,686.326,1047.43,748.097,582.45,311.994,,,919.132,809.318,,,891.619,91.4411,762.628,264.925,758.065,301.764,809.762,255.389,741.919,537.993,752.696,495.754,960.578,703.232,1036.11,552.47,,,,,597.811,354.85,,,,,952.042,308.582,610.112,416.463,628.236,405.37,,,,,757.389,465.156,761.481,479.008,,,800.722,381.751,,,782.859,420.647,684.371,604.028,663.927,634.631,754.068,659.603,753.055,673.567,715.203,800.338,719.409,815.991,532.547,529.755,544.59,536.98,,,,,,,,,,,,,,,,,,,,,,,,,,,,,,,,,,,,,,,,,,,,,,,,,,,,,,,,,,,,,,,,,,,,,,,,
149,799,393.865,431.635,138.252,613.117,133.446,656.663,,,622.306,589.622,639.497,624.656,,,,,1111.07,730.871,,,,,,,,,,,,,807.912,362.488,,,,,,,,,,,,,,,539.691,651.546,,,,,,,,,1233.87,694.487,1132.75,683.623,714.642,745.606,852.027,745.608,987.542,685.521,1047.11,747.778,582.145,309.85,,,916.318,811.232,,,890.681,89.3766,762.307,264.724,757.231,301.972,810.222,255.078,741.254,537.17,753.006,495.793,961.186,703.482,1037.89,551.887,,,,,597.186,353.983,,,,,951.024,306.225,609.619,418.1,628.346,404.475,,,,,757.361,465.359,761.702,479.019,,,801.222,381.65,,,782.475,420.497,684.369,603.296,663.613,636.122,752.083,658.567,752.507,673.155,713.851,798.311,719.679,814.78,531.946,531.649,545.257,536.317,,,,,,,,,,,,,,,,,,,,,,,,,,,,,,,,,,,,,,,,,,,,,,,,,,,,,,,,,,,,,,,,,,,,,,,,
150,800,393.96,432.215,137.977,613.824,133.143,656.66,,,620.573,591.234,639.527,624.324,,,,,1109.61,730.081,,,,,,,,,,,,,807.976,361.943,,,,,,,,,,,,,,,539.433,651.413,,,,,,,,,1234.23,694.631,1132.27,684.007,713.434,746.06,852.159,745.885,990.478,684.371,1046.73,747.397,581.822,307.507,,,913.879,812.885,,,889.992,87.8861,761.989,264.586,756.655,302.152,810.374,255.027,740.629,536.417,753.272,495.82,961.873,703.757,1039.4,551.389,,,,,596.504,353.053,,,,,950.283,304.471,609.16,419.594,628.452,403.586,,,,,757.332,465.591,761.951,479.031,,,801.683,381.562,,,781.927,420.248,684.368,602.786,663.338,637.479,750.682,657.848,751.718,672.502,713.1,798.001,719.595,815.541,532.141,530.61,546.03,535.549,,,,,,,,,,,,,,,,,,,,,,,,,,,,,,,,,,,,,,,,,,,,,,,,,,,,,,,,,,,,,,,,,,,,,,,,
151,801,394.162,432.829,137.558,614.782,132.803,656.656,,,618.557,593.066,639.513,624.32,,,,,1108.72,729.53,,,,,,,,,,,,,808.052,361.318,,,,,,,,,,,,,,,539.21,651.323,,,,,,,,,1234.81,695.436,1131.85,684.331,711.997,746.601,852.307,746.258,993.723,683.099,1046.32,746.985,581.494,305.101,,,912.081,814.094,,,889.064,86.4948,760.304,264.577,756.492,302.789,810.57,254.967,740.141,535.859,753.483,495.833,962.548,704.023,1040.54,551.014,,,,,595.892,352.209,,,,,949.362,301.985,608.836,420.645,628.541,402.814,,,,,757.301,465.848,762.223,479.045,,,802.067,381.496,,,781.32,419.957,684.368,602.579,663.153,638.437,749.822,657.667,750.846,671.76,712.237,797.842,720.642,815.543,532.071,532.602,546.492,535.077,,,,,,,,,,,,,,,,,,,,,,,,,,,,,,,,,,,,,,,,,,,,,,,,,,,,,,,,,,,,,,,,,,,,,,,,
152,802,394.443,433.667,137.086,615.83,132.462,656.652,,,616.535,594.889,639.527,624.324,,,,,1110.09,729.393,,,,,,,,,,,,,808.14,360.622,,,,,,,,,,,,,,,538.434,651.317,,,,,,,,,1235.61,696.587,1131.54,684.564,710.407,747.201,852.456,746.662,996.694,681.932,1045.91,746.572,581.178,302.77,,,909.397,815.663,,,887.544,83.8992,757.869,264.572,756.31,303.688,810.799,254.9,739.117,535.167,754.036,495.723,963.124,704.246,1042.37,550.312,,,,,595.473,351.605,,,,,948.072,298.485,608.571,421.24,628.602,402.272,,,,,757.271,466.129,762.513,479.059,,,802.337,381.458,,,780.758,419.685,684.368,602.334,663.231,639.018,748.667,657.454,750.052,671.076,711.486,797.635,722.173,815.495,531.949,535.616,545.6,535.847,,,,,,,,,,,,,,,,,,,,,,,,,,,,,,,,,,,,,,,,,,,,,,,,,,,,,,,,,,,,,,,,,,,,,,,,
153,803,394.781,434.664,136.655,616.805,132.155,656.653,,,614.784,596.475,639.69,624.168,,,,,1112.19,729.238,,,,,,,,,,,,,808.236,359.864,,,,,,,,,,,,,,,537.313,651.316,,,,,,,,,1236.56,697.944,1130.85,684.719,708.743,747.828,852.593,747.03,998.811,681.094,1045.52,746.19,580.887,300.651,,,905.68,817.819,,,886.05,81.1613,755.056,264.571,756.116,304.709,811.05,254.829,737.68,534.219,754.822,495.561,963.514,704.392,1044.88,549.347,,,,,595.454,351.155,,,,,946.664,294.652,608.216,421.994,628.557,402.046,,,,,757.239,466.43,762.817,479.074,,,802.296,381.826,,,780.347,419.488,684.368,602.096,663.358,639.784,747.368,657.229,749.496,670.601,710.417,797.084,723.952,815.415,531.813,538.75,544.59,536.98,,,,,,,,,,,,,,,,,,,,,,,,,,,,,,,,,,,,,,,,,,,,,,,,,,,,,,,,,,,,,,,,,,,,,,,,
154,804,395.15,435.754,136.354,617.546,131.918,656.66,,,613.581,597.594,639.865,623.986,,,,,1114.54,729.085,,,,,,,,,,,,,808.341,359.053,,,,,,,,,,,,,,,536.075,651.317,,,,,,,,,1237.55,699.373,1129.89,684.924,707.082,748.454,852.703,747.297,1000.46,680.34,1045.2,745.868,580.636,298.882,,,901.976,819.958,,,885.319,78.631,752.238,264.573,755.919,305.713,811.314,254.755,736.217,533.272,755.747,495.369,963.327,704.195,1047.88,548.195,,,,,595.459,350.553,,,,,945.385,291.164,607.892,422.701,628.488,401.773,,,,,757.207,466.747,763.13,479.09,,,802.237,382.306,,,779.844,419.256,684.368,601.912,663.512,640.609,746.081,657.009,749.212,670.358,708.94,796.303,725.738,815.327,531.703,541.108,544.115,539.408,,,,,,,,,,,,,,,,,,,,,,,,,,,,,,,,,,,,,,,,,,,,,,,,,,,,,,,,,,,,,,,,,,,,,,,,
155,805,395.527,436.869,136.202,618.815,131.387,656.804,,,613.444,598.181,639.982,623.785,,,,,1116.67,728.952,,,,,,,,,,,,,808.453,358.2,,,,,,,,,,,,,,,534.95,651.32,,,,,,,,,1238.49,700.733,1128.75,685.165,705.503,749.048,852.944,747.551,1002.45,679.414,1044.97,745.638,580.44,297.598,,,899.329,821.477,,,884.424,75.2487,749.787,264.579,755.728,306.558,811.578,254.68,735.111,532.578,756.716,495.169,963.015,703.892,1051.16,546.931,,,,,595.475,349.868,,,,,944.486,288.702,607.723,423.151,628.405,401.54,,,,,757.175,467.079,763.446,479.105,,,802.164,382.879,,,,,684.368,601.646,663.669,641.369,744.96,656.814,748.858,670.061,707.469,795.512,727.293,815.249,531.462,543.963,543.502,542.883,783.554,414.155,777.757,429.691,,,,,,,,,,,,,,,,,,,,,,,,,,,,,,,,,,,,,,,,,,,,,,,,,,,,,,,,,,,,,,,,,,,,
156,806,395.889,437.944,136.002,620.552,130.686,657.013,,,613.313,598.966,640.203,623.649,,,,,1118.12,728.859,,,,,,,,,,,,,808.57,357.313,,,,,,,,,,,,,,,534.168,651.323,,,,,,,,,1239.29,701.889,1127.5,685.428,704.082,749.58,853.283,747.899,1004.04,678.716,1044.83,745.544,580.005,297.23,,,897.929,822.153,,,883.53,71.8662,748.075,264.586,754.8,309.341,811.833,254.608,733.753,532.007,757.636,494.983,962.661,703.553,1054.54,545.63,,,,,595.49,349.167,,,,,944.018,287.245,608.303,422.769,628.323,401.436,,,,,757.142,467.423,763.763,479.121,,,802.079,383.528,,,,,684.368,601.282,663.809,641.937,744.157,656.662,748.526,669.738,706.419,794.932,728.378,815.203,531.136,547.577,542.856,546.701,783.786,415.43,775.902,432.706,,,,,,,,,,,,,,,,,,,,,,,,,,,,,,,,,,,,,,,,,,,,,,,,,,,,,,,,,,,,,,,,,,,,
157,807,396.212,438.914,135.768,622.625,130.159,657.247,,,613.192,599.864,641.216,623.986,,,,,1118.2,728.858,,,,,,,,,,,,,808.691,356.401,,,,,,,,,,,,,,,533.86,651.336,,,,,,,,,1239.86,702.703,1126.21,685.699,702.897,750.02,853.676,748.296,1005.69,678.384,1044.65,745.423,579.392,296.784,,,896.06,823.042,,,882.803,69.3349,747.367,264.686,754.356,310.011,812.067,254.54,732.008,531.318,758.412,494.833,962.349,703.246,1057.83,544.367,,,,,595.494,348.517,,,,,943.495,285.571,609.134,422.175,627.978,402.199,,,,,757.11,467.775,764.075,479.136,,,801.984,384.234,,,,,684.368,600.905,664.383,642.744,743.578,656.356,748.309,669.415,705.864,794.408,728.852,815.261,530.828,550.294,542.281,550.16,784.018,416.705,774.322,435.883,,,,,,,,,,,,,,,,,,,,,,,,,,,,,,,,,,,,,,,,,,,,,,,,,,,,,,,,,,,,,,,,,,,,
158,808,396.471,439.71,135.515,624.9,129.957,658.067,,,613.08,600.792,642.23,624.324,,,,,1118.2,728.866,,,,,,,,,,,,,808.815,355.475,,,,,,,,,,,,,,,533.54,651.35,,,,,,,,,1240.14,702.983,1124.96,685.963,702.027,750.338,854.077,748.697,1007.91,677.976,1044.44,745.282,578.684,296.305,,,893.92,824.053,,,881.343,66.5874,746.527,264.833,753.782,310.757,812.27,254.478,730.518,530.828,758.951,494.74,962.162,703.041,1060.83,543.216,,,,,595.473,347.986,,,,,943.094,284.296,609.81,421.689,627.477,403.334,,,,,757.077,468.133,764.377,479.15,,,801.883,384.977,,,,,684.368,600.599,665.204,643.874,742.823,655.927,748.47,668.099,705.168,793.706,729.452,815.356,530.109,551.409,541.879,552.557,784.907,416.611,772.407,439.834,,,,,,,,,,,,,,,,,,,,,,,,,,,,,,,,,,,,,,,,,,,,,,,,,,,,,,,,,,,,,,,,,,,,
159,809,396.644,440.268,135.256,627.243,129.696,659.232,,,612.98,601.667,,,,,,,1118.15,728.876,,,,,,,,,,,,,808.94,354.544,,,,,,,,,,,,,,,533.278,651.323,,,,,,,,,1240.51,703.33,1123.81,686.207,701.801,750.221,854.443,749.055,1010.1,677.582,1044.21,745.128,577.963,295.835,,,891.704,825.096,,,879.271,62.7688,745.708,264.972,753.176,311.494,812.432,254.425,728.22,530.866,758.923,495.033,962.556,703.08,1063.35,542.254,,,,,595.034,346.22,,,,,942.802,283.473,610.506,421.202,626.925,404.59,,,,,757.045,468.493,764.665,479.164,,,801.779,385.739,,,,,684.368,599.984,666.155,645.17,742.069,655.495,748.72,666.324,704.507,793.026,730.086,815.455,529.156,552.562,541.792,553.293,786.106,416.298,771.032,442.677,639.189,620.946,645.608,629.73,,,,,,,,,,,,,,,,,,,,,,,,,,,,,,,,,,,,,,,,,,,,,,,,,,,,,,,,,,,,,,,,
160,810,396.149,439.718,135.006,629.521,129.4,660.604,,,612.892,602.405,,,,,,,1118.11,728.876,,,,,,,,,,,,,809.065,353.616,,,,,,,,,,,,,,,532.905,650.96,,,,,,,,,1240.93,703.724,1122.85,686.417,701.522,750.051,854.73,749.324,1011.65,677.289,1043.97,744.968,577.315,295.416,,,889.61,826.081,,,876.978,58.608,745.061,265.05,752.633,312.132,812.541,254.383,725.033,530.972,758.86,495.441,963.15,703.156,1065.2,541.554,,,,,594.398,343.703,,,,,942.451,282.508,,,626.429,405.712,,,,,757.013,468.853,764.935,479.177,,,801.674,386.501,,,,,684.367,599.105,667.119,646.476,741.488,655.179,748.903,664.966,704.054,792.568,730.66,815.528,528.422,553.356,541.697,554.199,787.033,416.01,771.032,442.677,641.572,624.796,648.311,631.757,,,,,,,,,,,,,,,,,,,,,,,,,,,,,,,,,,,,,,,,,,,,,,,,,,,,,,,,,,,,,,,,
161,811,395.467,438.962,134.779,631.6,129.097,662.049,,,612.82,602.923,,,,,,,1118.12,728.859,,,,,,,,,,,,,809.189,352.702,,,,,,,,,,,,,,,532.391,650.433,,,,,,,,,1241.38,704.147,1122.15,686.577,701.203,749.839,855.489,749.821,1012.18,677.007,1043.72,744.807,576.821,295.092,,,887.836,826.918,,,874.856,54.8338,743.999,264.817,752.249,312.587,811.963,254.282,721.854,531.116,758.772,495.932,963.818,703.246,1066.64,541.232,,,,,593.743,341.17,,,,,942.167,281.746,,,626.096,406.447,,,,,756.982,469.21,765.18,479.188,,,801.57,387.245,,,,,684.367,598.14,667.98,647.638,740.669,654.908,748.892,664.272,704.094,792.686,731.081,815.541,527.981,553.19,541.596,555.178,787.605,415.534,771.336,442.537,640.541,623.198,651.014,633.784,,,,,,,,,,,,,,,,,,,,,,,,,,,,,,,,,,,,,,,,,,,,,,,,,,,,,,,,,,,,,,,,
162,812,394.642,438.044,134.591,633.347,128.812,663.429,,,612.673,602.912,,,,,,,1118.61,728.563,,,,,,,,,,,,,809.31,351.811,,,,,,,,,,,,,,,531.875,649.906,,,,,,,,,1241.83,704.579,1121.68,686.926,700.859,749.6,856.564,750.515,1012.7,676.652,1043.49,744.652,575.776,294.448,,,886.577,827.517,,,873.296,52.1751,742.523,264.467,752.087,312.675,811.141,254.139,719.582,531.266,758.669,496.475,964.432,703.328,1068.49,540.824,,,,,593.246,339.356,,,,,941.839,281.022,,,626.167,406.01,,,,,756.951,469.561,765.398,479.198,,,801.472,387.952,,,,,684.367,597.267,668.621,648.499,739.618,654.574,748.851,663.409,704.203,792.912,731.514,814.929,527.421,552.86,541.493,556.135,788.338,414.884,771.777,442.33,641.216,624.324,651.789,634.571,,,,,,,,,,,,,,,,,,,,,,,,,,,,,,,,,,,,,,,,,,,,,,,,,,,,,,,,,,,,,,,,
163,813,393.716,437.008,134.455,634.629,128.571,664.61,,,612.465,602.848,,,,,,,1119.32,728.134,,,,,,,,,,,,,809.427,350.952,,,,,,,,,,,,,,,531.498,649.543,,,,,,,,,1242.25,705.002,1121.06,687.407,700.502,749.346,857.651,751.206,1013.08,676.338,1043.28,744.511,574.305,293.543,,,886.236,827.771,,,871.318,50.7551,741.041,264.119,751.883,312.759,810.153,253.969,718.364,531.971,758.562,497.04,964.865,703.378,1070.68,540.346,,,,,592.615,338.31,,,,,941.396,280.046,,,626.268,405.417,,,,,756.921,469.903,765.583,479.205,,,801.38,388.604,,,,,684.368,596.662,669.716,649.834,738.818,654.289,748.836,662.583,704.322,793.135,732.114,814.029,526.869,552.505,541.389,556.974,789.055,414.159,772.275,442.101,640.752,624.402,652.691,635.55,,,,,,,,,,,,,,,,,,,,,,,,,,,,,,,,,,,,,,,,,,,,,,,,,,,,,,,,,,,,,,,,
164,814,392.73,435.9,134.468,635.63,128.401,665.455,,,612.234,602.764,,,,,,,1120.12,727.652,,,,,,,,,,,,,809.538,350.135,,,,,,,,,,,,,,,531.196,649.518,,,,,,,,,1242.62,705.396,1120.32,687.982,700.145,749.091,858.446,751.689,1013.29,675.753,1043.09,744.39,572.839,292.647,,,885.81,828.102,,,868.604,48.972,739.959,263.89,751.666,312.845,809.083,253.787,716.778,532.996,758.461,497.596,965.169,703.313,1073.14,539.814,,,,,591.726,336.903,,,,,940.932,279.108,,,626.395,404.696,,,,,756.892,470.234,765.731,479.211,,,801.299,389.181,,,,,684.392,596.492,671.27,651.719,738.412,653.84,748.903,662.0,704.392,793.243,732.767,813.029,526.454,552.263,541.286,557.599,789.584,413.459,772.749,441.893,640.014,624.423,653.611,636.574,,,,,,,,,,,,,,,,,,,,,,,,,,,,,,,,,,,,,,,,,,,,,,,,,,,,,,,,,,,,,,,,
165,815,391.726,434.763,134.488,636.962,128.389,666.089,,,612.017,602.696,,,,,,,1120.88,727.196,,,,,,,,,,,,,809.642,349.369,,,,,,,,,,,,,,,530.836,649.534,,,,,,,,,1242.91,705.743,1119.52,688.613,699.801,748.846,859.108,751.823,1013.55,674.936,1042.95,744.295,571.81,292.03,,,885.331,828.485,,,865.917,47.2831,739.097,264.014,751.469,312.94,808.01,253.606,715.079,534.127,758.376,498.111,965.566,703.213,1075.79,539.242,,,,,590.711,335.331,,,,,940.544,278.499,,,626.541,403.876,,,,,756.865,470.549,765.736,479.152,,,801.231,389.665,,,,,684.421,596.294,672.976,653.79,737.909,653.215,749.914,661.832,704.255,792.681,733.361,812.118,525.995,552.249,540.663,558.391,790.039,410.773,773.119,441.749,639.169,624.404,654.439,637.499,,,,,,,,,,,,,,,,,,,,,,,,,,,,,,,,,,,,,,,,,,,,,,,,,,,,,,,,,,,,,,,,
166,816,390.747,433.641,134.513,638.541,128.39,666.918,,,611.851,602.676,,,,,,,1121.48,726.846,,,,,,,,,,,,,809.738,348.663,,,,,,,,,,,,,,,530.609,649.543,,,,,,,,,1243.58,707.77,1118.69,689.262,699.485,748.626,860.011,751.978,1013.81,674.107,1042.6,744.047,571.486,291.995,,,884.83,828.891,,,864.02,46.146,737.961,264.221,751.322,313.051,807.015,253.442,713.522,535.153,758.317,498.554,965.951,703.111,1078.54,538.647,,,,,589.703,333.786,,,,,939.616,278.963,,,626.701,402.983,,,,,756.838,470.848,765.74,479.086,,,801.178,390.038,,,,,684.46,596.093,674.528,655.681,737.415,652.607,751.383,661.649,704.046,791.843,733.784,811.486,525.372,552.256,539.762,559.497,789.584,407.198,773.947,441.704,638.388,624.366,655.068,638.176,,,,,,,,,,,,,,,,,,,,,,,,,,,,,,,,,,,,,,,,,,,,,,,,,,,,,,,,,,,,,,,,
167,817,389.835,432.58,134.543,640.284,128.397,667.749,,,611.541,603.088,,,,,,,1122.84,726.147,,,,,,,,,,,,,809.825,348.027,,,,,,,,,,,,,,,530.904,649.49,,,,,,,,,1244.26,706.757,1117.9,689.891,699.209,748.443,860.989,752.134,1014.03,673.484,1042.13,743.705,571.084,291.987,,,884.337,829.294,,,863.32,46.5044,736.838,264.436,751.123,313.79,806.179,253.31,712.364,535.859,758.295,498.895,966.216,703.041,1081.34,538.044,,,,,588.834,332.465,,,,,938.878,277.783,,,626.869,402.047,,,,,756.813,471.125,765.745,479.012,,,801.106,390.152,,,,,684.514,595.916,675.62,657.028,737.039,652.213,752.871,661.494,703.841,791.029,734.07,811.249,524.744,552.266,538.757,560.711,782.825,399.378,775.132,441.648,637.838,624.324,655.932,638.831,,,,,,,,,,,,,,,,,,,,,,,,,,,,,,,,,,,,,,,,,,,,,,,,,,,,,,,,,,,,,,,,
168,818,389.032,431.624,134.578,642.107,128.401,668.386,,,611.102,603.686,,,,,,,1124.76,725.165,,,,,,,,,,,,,809.9,347.47,,,,,,,,,,,,,,,531.357,649.407,,,,,,,,,1244.62,706.883,1117.17,690.462,698.986,748.311,861.875,752.27,1014.52,672.768,1041.56,743.296,570.649,291.996,,,883.884,829.664,,,862.507,47.157,736.017,264.586,750.863,314.801,805.584,253.223,710.839,536.026,758.951,499.77,966.235,703.036,1084.09,537.449,,,,,588.235,331.561,,,,,937.986,276.089,,,627.04,401.094,,,,,756.789,471.38,765.75,478.931,,,801.006,390.299,,,,,684.587,595.787,676.215,658.036,736.557,652.504,753.945,661.407,703.716,790.541,734.455,810.957,524.267,552.263,537.823,561.828,775.902,391.893,776.436,441.593,637.441,623.962,657.153,639.737,,,,,,,,,,,,,,,,,,,,,,,,,,,,,,,,,,,,,,,,,,,,,,,,,,,,,,,,,,,,,,,,
169,819,388.379,430.816,134.615,643.927,128.4,669.264,,,610.597,604.381,,,,,,,1126.72,724.185,,,,,,,,,,,,,809.963,347.002,,,,,,,,,,,,,,,531.87,649.32,,,,,,,,,1244.93,707.095,1116.56,690.936,698.195,748.281,862.5,752.365,1015.21,671.792,1040.93,742.847,570.225,292.012,,,883.501,829.976,,,861.755,47.8258,735.373,264.632,750.626,315.602,805.37,253.444,708.743,536.19,759.703,500.47,966.233,703.036,1086.73,536.877,,,,,588.211,331.791,,,,,937.297,274.789,,,627.209,400.154,,,,,756.768,471.608,765.754,478.843,,,800.889,390.463,,,,,685.207,595.712,676.995,659.4,735.953,652.971,754.669,661.694,703.908,791.441,734.867,810.648,523.665,552.138,537.134,562.641,774.136,391.002,777.622,441.546,636.898,623.439,658.482,640.72,,,,,,,,,,,,,,,,,,,,,,,,,,,,,,,,,,,,,,,,,,,,,,,,,,,,,,,,,,,,,,,,
170,820,387.919,430.201,134.653,645.659,128.397,670.476,,,610.09,605.084,,,,,,,1128.19,723.49,,,,,,,,,,,,,810.231,345.278,,,,,,,,,,,,,,,532.345,649.257,,,,,,,,,1245.27,706.757,1116.11,691.275,697.103,748.243,862.843,752.369,1015.91,670.829,1040.28,742.384,569.855,292.027,,,883.221,830.201,,,861.237,48.233,734.499,264.688,750.141,316.265,805.096,253.763,706.652,536.352,760.649,501.316,966.222,703.039,1089.17,536.344,,,,,588.234,332.226,,,,,936.807,274.173,,,627.37,399.254,,,,,756.748,471.807,765.759,478.749,,,800.767,390.627,,,,,686.107,595.611,677.827,660.873,735.556,653.399,755.607,662.122,704.202,792.804,735.231,810.362,522.84,551.957,536.197,563.528,772.32,390.528,778.453,441.517,636.287,622.833,659.672,641.609,,,,,,,,,,,,,,,,,,,,,,,,,,,,,,,,,,,,,,,,,,,,,,,,,,,,,,,,,,,,,,,,
171,821,388.965,429.203,134.693,647.221,128.396,671.669,,,609.643,605.706,,,,,,,1129.92,723.181,,,,,,,,,,,,,810.615,342.812,,,,,,,,,,,,,,,532.685,649.247,,,,,,,,,1245.29,707.124,1115.79,691.246,695.796,748.201,863.291,752.365,1016.41,670.155,1039.66,741.935,569.583,292.03,,,883.07,830.28,,,861.282,47.6156,733.553,264.744,749.459,317.144,804.787,254.144,705.146,536.515,761.357,501.958,966.216,703.041,1091.35,535.866,,,,,588.269,332.713,,,,,936.37,273.63,,,627.517,398.421,,,,,756.73,471.974,765.764,478.649,,,800.651,390.776,,,,,687.111,595.504,678.579,662.206,735.941,654.239,756.529,662.563,704.506,794.218,735.473,810.135,522.017,551.765,534.881,564.753,770.729,390.274,778.856,441.589,635.682,622.22,660.473,642.23,,,,,,,,,,,,,,,,,,,,,,,,,,,,,,,,,,,,,,,,,,,,,,,,,,,,,,,,,,,,,,,,
172,822,390.434,427.838,134.733,648.529,128.401,672.491,,,609.32,606.156,,,,,,,1132.28,722.808,,,,,,,,,,,,,811.001,340.349,,,,,,,,,,,,,,,533.01,649.785,,,,,,,,,1245.27,707.678,1115.37,691.195,694.358,748.156,863.771,752.359,1016.73,669.972,1039.09,741.527,569.309,291.964,,,882.864,830.383,,,861.397,46.6658,732.693,264.791,748.78,318.006,804.47,254.549,704.186,537.18,761.619,502.304,966.216,703.041,1093.18,535.458,,,,,588.282,333.1,,,,,936.1,272.909,,,627.644,397.684,,,,,756.604,472.192,765.769,478.544,,,800.552,390.894,,,,,688.048,595.411,679.119,663.153,736.446,655.179,757.207,662.89,704.73,795.27,735.35,809.643,521.423,551.606,533.439,566.099,769.641,390.038,779.382,441.688,635.16,621.678,660.312,642.476,,,,,,,,,,,,,,,,,,,,,,,,,,,,,,,,,,,,,,,,,,,,,,,,,,,,,,,,,,,,,,,,
173,823,392.208,426.211,134.772,649.499,128.469,672.533,,,608.965,606.704,,,,,,,1134.6,722.441,,,,,,,,,,,,,811.275,338.632,,,,,,,,,,,,,,,533.449,650.573,,,,,,,,,1245.27,708.108,1114.87,691.127,692.874,748.111,864.208,752.357,1017.16,669.763,1038.61,741.186,568.935,291.867,,,882.629,830.498,,,861.535,45.6073,732.075,264.818,748.307,318.616,804.17,254.942,702.957,538.132,761.951,502.756,966.216,703.041,1094.59,535.135,,,,,588.235,333.231,,,,,935.739,271.9,,,627.747,397.071,,,,,756.436,472.477,765.774,478.434,,,800.482,390.966,,,,,688.743,595.35,679.521,663.734,737.006,656.407,757.78,663.222,704.945,796.41,735.144,808.95,521.026,551.244,532.128,567.346,769.944,389.549,779.999,441.807,634.797,621.284,660.003,642.786,,,,,,,,,,,,,,,,,,,,,,,,,,,,,,,,,,,,,,,,,,,,,,,,,,,,,,,,,,,,,,,,
174,824,394.17,424.425,135.212,650.086,128.567,672.533,,,608.471,607.468,,,,,,,1136.24,722.148,,,,,,,,,,,,,811.404,338.244,,,,,,,,,,,,,,,533.876,651.365,,,,,,,,,1245.47,708.338,1114.31,691.047,691.43,748.068,864.527,752.365,1017.62,669.55,1038.26,740.94,568.506,291.754,,,882.388,830.615,,,861.652,44.6638,731.583,264.731,748.198,318.849,803.915,255.285,701.729,539.096,762.336,503.288,966.216,703.041,1095.7,534.416,,,,,587.363,331.097,,,,,935.332,270.744,,,627.819,396.61,,,,,756.235,472.816,765.778,478.32,,,800.463,390.632,,,,,689.747,595.412,680.067,664.503,737.787,658.136,758.528,663.658,705.234,797.952,734.933,808.258,520.497,550.732,531.202,568.276,770.463,388.848,780.677,441.94,634.74,620.782,659.639,643.108,,,,,,,,,,,,,,,,,,,,,,,,,,,,,,,,,,,,,,,,,,,,,,,,,,,,,,,,,,,,,,,,
175,825,396.203,422.586,135.828,650.863,128.681,672.511,,,607.934,608.305,,,,,,,1136.75,721.624,,,,,,,,,,,,,811.569,337.821,,,,,,,,,,,,,,,534.168,651.916,,,,,,,,,1245.77,708.624,1113.74,690.961,690.108,748.029,864.854,752.514,1018.03,669.356,1038.1,740.881,568.069,291.641,,,882.166,830.724,,,861.701,44.059,730.937,264.603,748.116,319.092,803.729,255.542,700.772,539.796,762.757,503.873,966.216,703.041,1097.22,533.399,,,,,586.092,327.97,,,,,934.924,269.585,,,627.536,396.67,,,,,756.009,473.197,765.783,478.201,,,800.439,390.164,,,,,691.038,595.504,680.653,665.332,738.677,660.11,759.417,664.177,705.524,799.505,734.797,807.77,519.925,550.161,530.642,569.629,771.096,388.045,781.383,442.081,634.685,620.084,659.314,643.39,,,,,,,,,,,,,,,,,,,,,,,,,,,,,,,,,,,,,,,,,,,,,,,,,,,,,,,,,,,,,,,,
176,826,398.188,420.797,136.568,651.775,128.798,672.485,,,607.447,609.075,,,,,,,1137.36,720.88,,,,,,,,,,,,,811.744,337.408,,,,,,,,,,,,,,,534.145,652.041,,,,,,,,,1246.07,708.906,1113.16,690.873,688.996,747.997,865.309,752.731,1018.31,669.203,1037.89,740.807,567.67,291.542,,,881.988,830.813,,,861.24,44.6239,730.281,264.466,748.075,319.312,803.592,256.038,699.29,540.33,763.196,504.484,966.216,703.041,1098.99,532.204,,,,,584.621,324.345,,,,,934.56,268.567,,,627.116,396.799,,,,,755.766,473.604,765.788,478.079,,,800.412,389.601,,,,,692.023,595.569,681.174,666.091,739.566,662.076,760.41,664.758,705.743,800.676,734.898,807.588,519.402,549.62,529.895,571.536,771.741,387.247,782.086,442.223,634.631,619.283,659.122,643.581,,,,,,,,,,,,,,,,,,,,,,,,,,,,,,,,,,,,,,,,,,,,,,,,,,,,,,,,,,,,,,,,
177,827,400.009,419.163,137.381,652.768,128.904,672.472,,,607.106,609.636,,,,,,,1137.98,720.062,,,,,,,,,,,,,811.901,337.048,,,,,,,,,,,,,,,534.089,652.178,,,,,,,,,1246.28,709.122,1112.61,690.788,688.176,747.973,865.802,752.975,1018.32,668.91,1037.64,740.725,567.356,291.473,,,881.879,830.872,,,860.774,45.2184,729.756,264.354,748.224,319.806,803.425,256.686,697.192,541.05,763.637,505.095,966.216,703.041,1100.82,530.951,,,,,583.149,320.715,,,,,934.283,267.832,,,626.643,396.957,,,,,755.514,474.026,765.793,477.953,,,800.383,388.979,,,,,692.551,595.533,681.525,666.652,740.342,663.78,761.473,665.38,706.012,802.058,735.061,807.362,519.018,549.201,529.102,573.626,772.295,386.561,782.756,442.36,634.576,618.477,659.521,643.514,,,,,,,,,,,,,,,,,,,,,,,,,,,,,,,,,,,,,,,,,,,,,,,,,,,,,,,,,,,,,,,,
178,828,401.547,417.789,138.218,653.79,128.987,672.491,,,606.956,610.254,,,,,,,1138.53,719.317,,,,,,,,,,,,,812.015,336.784,,,,,,,,,,,,,,,534.014,652.311,,,,,,,,,1246.37,709.406,1112.12,690.712,687.381,747.972,866.247,753.204,1018.31,668.499,1037.37,740.636,566.501,291.434,,,882.282,830.765,,,860.78,44.85,728.79,264.114,748.428,320.457,803.265,257.165,694.895,541.832,764.063,505.677,966.216,703.041,1102.56,529.759,,,,,581.875,317.574,,,,,933.758,267.081,,,626.199,397.103,,,,,755.263,474.45,765.798,477.825,,,800.354,388.336,,,,,693.206,595.476,681.436,667.348,740.895,664.966,762.569,666.023,706.388,803.978,735.242,807.126,518.58,548.326,528.403,575.53,772.656,386.096,783.361,442.485,634.519,617.761,660.121,643.404,,,,,,,,,,,,,,,,,,,,,,,,,,,,,,,,,,,,,,,,,,,,,,,,,,,,,,,,,,,,,,,,
179,829,402.685,416.779,139.027,654.787,129.202,672.99,,,606.775,611.094,,,,,,,1138.93,718.792,,,,,,,,,,,,,812.101,336.623,,,,,,,,,,,,,,,533.937,652.427,,,,,,,,,1246.46,709.796,1111.71,690.649,686.306,747.973,866.554,753.378,1018.3,668.084,1037.1,740.547,565.272,291.381,,,882.887,830.599,,,860.838,44.2487,727.438,263.777,748.539,320.935,802.874,257.264,692.815,542.55,764.456,506.204,966.216,703.041,1104.03,528.749,,,,,580.997,315.414,,,,,933.023,266.067,,,625.867,397.196,,,,,755.02,474.86,765.803,477.694,,,800.324,387.712,,,,,693.871,595.41,681.29,668.316,741.289,665.302,763.665,666.664,706.799,806.085,735.394,806.914,518.423,548.109,527.939,576.877,772.401,386.208,783.869,442.593,634.459,617.23,660.82,643.271,,,,,,,,,,,,,,,,,,,,,,,,,,,,,,,,,,,,,,,,,,,,,,,,,,,,,,,,,,,,,,,,
180,830,404.094,415.911,139.758,655.705,129.51,673.72,,,606.601,611.917,,,,,,,1139.23,718.485,,,,,,,,,,,,,812.214,336.419,,,,,,,,,,,,,,,533.871,652.509,,,,,,,,,1246.55,710.187,1111.41,690.604,685.031,747.974,866.625,753.698,1018.31,667.776,1036.83,740.462,563.86,291.322,,,883.558,830.418,,,860.922,43.6105,726.086,263.439,748.164,321.011,802.316,257.368,691.367,543.076,764.799,506.65,966.216,703.041,1105.07,528.041,,,,,580.881,315.187,,,,,932.28,265.066,,,625.332,397.145,,,,,754.794,475.246,765.808,477.561,,,800.297,387.144,,,,,694.429,595.35,681.107,669.447,741.821,665.688,764.724,667.283,707.171,808.029,735.473,806.757,518.266,547.94,528.216,577.733,772.024,386.385,784.25,442.677,634.058,616.408,661.517,643.131,,,,,,,,,,,,,,,,,,,,,,,,,,,,,,,,,,,,,,,,,,,,,,,,,,,,,,,,,,,,,,,,
181,831,406.01,414.744,140.36,656.491,129.865,674.563,,,606.473,612.484,,,,,,,1139.62,718.095,,,,,,,,,,,,,812.32,336.213,,,,,,,,,,,,,,,533.626,652.526,,,,,,,,,1246.62,710.473,1111.34,690.6,683.636,747.975,866.703,754.155,1018.59,667.468,1036.59,740.384,562.45,291.266,,,884.162,830.27,,,861.005,43.1314,725.118,263.195,747.603,321.068,801.698,257.469,690.841,543.685,765.075,506.988,966.216,703.041,1105.26,527.894,,,,,580.774,315.001,,,,,931.732,264.354,,,624.597,397.049,,,,,754.594,475.592,765.814,477.426,,,800.271,386.67,,,,,695.743,595.153,680.909,670.632,742.393,666.085,765.711,667.859,707.432,809.459,735.061,806.592,518.143,547.888,528.66,578.88,771.564,386.609,784.579,442.913,633.481,615.273,662.111,643.003,,,,,,,,,,,,,,,,,,,,,,,,,,,,,,,,,,,,,,,,,,,,,,,,,,,,,,,,,,,,,,,,
182,832,408.289,413.364,140.783,657.091,130.22,675.402,,,606.358,612.51,,,,,,,1140.0,717.718,,,,,,,,,,,,,812.384,336.044,,,,,,,,,,,,,,,533.275,652.544,,,,,,,,,1246.71,710.713,1111.25,690.596,682.203,747.976,866.779,754.655,1019.01,667.053,1036.39,740.318,561.233,291.221,,,884.564,830.201,,,861.361,42.5457,724.582,263.04,747.046,321.117,801.128,257.559,690.236,544.514,766.098,507.446,966.216,703.041,1105.49,527.718,,,,,580.675,314.851,,,,,931.212,264.035,,,623.813,397.026,,,,,754.427,475.887,765.819,477.29,,,800.25,386.328,,,,,697.621,594.872,680.716,671.764,742.908,666.451,766.59,668.371,707.55,811.231,734.444,806.362,518.013,548.5,529.173,580.103,771.061,386.858,785.028,443.242,632.886,614.103,662.5,642.905,,,,,,,,,,,,,,,,,,,,,,,,,,,,,,,,,,,,,,,,,,,,,,,,,,,,,,,,,,,,,,,,
183,833,410.785,411.856,140.459,658.313,130.529,676.119,,,606.208,612.484,,,,,,,1140.27,717.45,,,,,,,,,,,,,812.27,335.699,,,,,,,,,,,,,,,532.926,652.545,,,,,,,,,1246.84,711.039,1111.16,690.592,680.813,747.977,866.845,755.103,1019.43,666.643,1036.24,740.268,560.396,291.195,,,884.436,830.73,,,861.878,41.7287,723.905,262.841,746.684,321.167,800.714,257.629,689.65,545.336,767.56,508.076,966.216,703.04,1105.73,527.525,,,,,580.586,314.734,,,,,930.497,263.631,,,623.133,397.196,,,,,754.302,476.116,765.824,477.153,,,800.146,386.225,,,,,699.694,594.558,680.55,672.733,743.267,666.746,767.326,668.798,707.7,813.712,733.762,806.113,517.84,549.399,529.657,581.188,770.554,387.114,785.556,443.634,632.432,613.176,662.163,642.659,,,,,,,,,,,,,,,,,,,,,,,,,,,,,,,,,,,,,,,,,,,,,,,,,,,,,,,,,,,,,,,,
184,834,413.356,410.304,140.15,659.622,130.746,676.595,,,606.032,612.457,,,,,,,1140.42,717.334,,,,,,,,,,,,,812.095,335.215,,,,,,,,,,,,,,,532.685,652.509,,,,,,,,,1246.99,711.422,1111.06,690.588,679.545,747.977,866.892,755.405,1019.74,666.35,1036.14,740.218,560.344,291.317,,,884.201,831.509,,,862.448,40.8334,723.256,262.645,746.936,321.369,800.264,257.744,689.18,545.92,769.036,508.709,966.217,703.04,1105.98,527.325,,,,,580.507,314.645,,,,,929.717,263.201,,,621.248,399.639,,,,,754.309,476.58,765.829,477.016,,,800.004,386.093,,,,,701.597,594.263,680.431,673.432,743.386,667.422,767.885,669.119,707.858,816.422,733.158,805.891,517.654,550.308,530.015,581.92,770.084,387.356,786.123,444.058,631.811,611.526,661.647,642.309,,,,,,,,,,,,,,,,,,,,,,,,,,,,,,,,,,,,,,,,,,,,,,,,,,,,,,,,,,,,,,,,
185,835,415.854,408.794,140.695,660.916,130.852,676.292,,,605.84,612.484,,,,,,,1140.6,717.202,,,,,,,,,,,,,811.925,334.729,,,,,,,,,,,,,,,532.666,652.033,,,,,,,,,1247.15,711.833,1110.96,690.587,678.482,747.976,866.895,755.358,1020.02,666.204,1036.0,740.152,560.363,291.5,,,883.979,832.305,,,862.966,40.0132,722.799,262.499,747.343,321.661,799.636,257.911,688.329,546.183,770.106,509.175,966.217,703.04,1106.22,527.13,,,,,580.44,314.579,,,,,929.003,262.804,,,618.744,402.974,,,,,754.333,477.233,765.835,476.879,,,799.834,385.941,,,,,702.959,594.038,680.296,674.041,743.529,668.376,768.186,669.153,708.002,818.881,732.77,805.743,517.486,550.95,530.561,581.713,769.689,387.564,786.687,444.483,631.014,609.379,661.037,641.906,,,,,,,,,,,,,,,,,,,,,,,,,,,,,,,,,,,,,,,,,,,,,,,,,,,,,,,,,,,,,,,,
186,836,418.137,407.412,141.484,662.52,130.991,675.817,,,604.891,613.05,,,,,,,1140.79,717.026,,,,,,,,,,,,,811.83,334.381,,,,,,,,,,,,,,,532.665,651.342,,,,,,,,,1247.31,712.243,1110.87,690.589,677.703,747.973,866.894,755.256,1020.38,666.038,1035.84,740.074,560.398,291.67,,,883.893,832.886,,,863.324,39.4212,722.683,262.35,747.768,321.938,798.954,258.09,687.121,546.518,770.876,509.596,966.217,703.04,1106.44,526.952,,,,,580.264,314.746,,,,,928.485,262.499,,,616.884,405.397,,,,,754.356,477.882,765.84,476.743,,,799.644,385.776,,,,,704.13,593.626,680.109,674.877,743.687,669.478,768.582,669.188,708.108,820.608,733.156,805.797,516.961,551.22,531.328,581.36,769.409,387.719,787.209,444.879,630.405,607.77,660.413,641.499,,,,,,,,,,,,,,,,,,,,,,,,,,,,,,,,,,,,,,,,,,,,,,,,,,,,,,,,,,,,,,,,
187,837,420.059,406.242,142.048,663.735,131.135,675.258,,,603.611,613.825,,,,,,,1140.94,716.779,,,,,,,,,,,,,812.095,334.18,,,,,,,,,,,,,,,532.673,650.642,,,,,,,,,1247.45,712.623,1110.8,690.594,677.201,747.908,866.892,755.144,1020.69,665.874,1035.66,739.988,560.396,291.751,,,884.736,833.37,,,863.441,38.8638,722.566,262.148,748.075,322.094,798.345,258.241,685.791,546.873,771.928,510.179,966.216,703.041,1106.62,526.801,,,,,580.007,314.995,,,,,927.966,261.96,,,616.423,405.393,,,,,754.358,478.336,765.846,476.607,,,799.445,385.606,,,,,705.731,593.039,679.902,675.781,743.85,670.6,769.046,669.224,708.217,821.476,733.763,805.892,516.207,551.534,532.207,580.93,769.311,388.043,787.647,445.215,630.065,607.216,659.86,641.14,,,,,,,,,,,,,,,,,,,,,,,,,,,,,,,,,,,,,,,,,,,,,,,,,,,,,,,,,,,,,,,,
188,838,421.477,405.369,141.912,664.337,131.258,674.706,,,602.676,614.382,,,,,,,1141.29,715.118,,,,,,,,,,,,,812.473,333.936,,,,,,,,,,,,,,,532.685,650.136,,,,,,,,,1247.57,712.944,1110.74,690.604,676.543,747.819,866.892,755.068,1021.26,665.419,1035.48,739.899,560.087,291.29,,,885.887,833.939,,,863.571,38.1151,722.449,261.948,748.301,321.653,797.932,258.325,684.576,547.201,773.113,510.84,966.199,703.05,1106.76,526.689,,,,,579.713,315.285,,,,,927.261,261.206,,,615.897,405.188,,,,,754.186,478.449,765.851,476.473,,,799.245,385.438,,,,,707.468,592.396,679.707,676.592,744.01,671.61,769.551,669.258,708.369,822.599,734.38,805.997,515.491,551.885,533.094,580.489,769.205,388.505,787.96,445.46,629.62,606.545,659.459,640.878,,,,,,,,,,,,,,,,,,,,,,,,,,,,,,,,,,,,,,,,,,,,,,,,,,,,,,,,,,,,,,,,
189,839,422.777,404.264,141.699,665.128,131.332,674.25,,,602.62,614.324,,,,,,,1141.61,713.423,,,,,,,,,,,,,812.754,333.641,,,,,,,,,,,,,,,532.767,649.792,,,,,,,,,1247.64,713.176,1110.67,690.801,675.767,747.711,866.904,755.059,1022.05,664.78,1035.31,739.811,559.636,290.624,,,886.577,834.228,,,863.694,37.3818,722.336,261.803,748.539,321.167,797.987,258.007,683.712,547.451,774.287,511.495,966.164,703.07,1106.79,526.624,,,,,579.426,315.573,,,,,926.589,260.461,,,615.387,404.867,,,,,753.951,478.586,765.857,476.34,,,799.054,385.279,,,,,709.048,591.814,679.556,677.151,744.157,672.381,770.069,669.293,708.534,823.795,734.797,806.081,515.081,552.263,533.882,580.105,769.078,389.014,788.06,445.706,629.142,605.846,658.939,640.557,,,,,,,,,,,,,,,,,,,,,,,,,,,,,,,,,,,,,,,,,,,,,,,,,,,,,,,,,,,,,,,,
190,840,424.551,402.744,141.431,666.052,131.153,672.807,,,602.667,614.168,,,,,,,1141.59,712.898,,,,,,,,,,,,,812.8,332.444,,,,,,,,,,,,,,,532.889,649.342,,,,,,,,,1247.31,713.32,1110.56,691.088,674.912,747.592,866.916,755.06,1022.88,664.094,1035.15,739.728,559.103,289.833,,,885.113,833.051,,,863.788,36.8704,721.908,261.7,748.945,320.961,798.11,257.529,683.08,547.866,775.301,512.062,966.138,703.085,1106.82,526.535,,,,,579.19,315.816,,,,,926.166,259.948,,,614.972,404.518,,,,,753.668,478.741,765.863,476.209,,,798.881,385.138,,,,,710.177,591.413,679.25,677.218,744.926,674.038,770.574,669.326,708.683,824.881,734.746,806.252,516.144,554.058,534.464,579.843,768.918,389.479,788.19,446.041,628.704,605.211,658.276,640.152,,,,,,,,,,,,,,,,,,,,,,,,,,,,,,,,,,,,,,,,,,,,,,,,,,,,,,,,,,,,,,,,
191,841,426.638,400.946,141.129,667.055,130.881,670.726,,,602.676,614.066,,,,,,,1141.61,712.752,,,,,,,,,,,,,812.844,330.719,,,,,,,,,,,,,,,532.984,648.919,,,,,,,,,1246.86,713.518,1110.45,691.42,674.016,747.466,866.892,755.068,1023.54,663.496,1035.01,739.656,558.547,288.998,,,882.909,831.307,,,863.909,36.7692,721.296,261.567,749.524,320.699,798.252,257.0,682.254,548.443,776.011,512.456,966.147,703.08,1106.86,526.428,,,,,579.048,315.971,,,,,926.676,259.919,,,614.736,404.226,,,,,753.355,478.907,765.868,476.081,,,798.736,385.021,,,,,711.013,591.324,678.813,677.268,746.043,676.404,771.039,669.358,708.784,825.676,734.647,806.502,517.268,555.762,535.345,579.796,768.713,389.806,788.341,446.438,628.378,604.73,657.77,639.865,,,,,,,,,,,,,,,,,,,,,,,,,,,,,,,,,,,,,,,,,,,,,,,,,,,,,,,,,,,,,,,,
192,842,428.882,399.009,140.814,668.082,130.58,668.428,,,602.332,614.222,,,,,,,1142.28,714.094,,,,,,,,,,,,,812.884,328.799,,,,,,,,,,,,,,,532.981,648.653,,,,,,,,,1246.32,713.754,1110.33,691.751,673.117,747.34,866.567,755.137,1024.83,661.812,1034.9,739.597,558.027,288.197,,,880.429,829.346,,,864.069,36.6935,720.682,261.435,750.155,320.425,798.363,256.533,681.445,549.017,776.206,512.533,966.216,703.041,1106.9,526.309,,,,,579.483,315.747,,,,,927.467,259.921,,,615.673,403.056,,,,,753.03,479.076,765.874,475.956,,,798.627,384.936,,,,,712.148,591.23,678.332,677.307,747.279,679.01,771.437,669.387,708.791,826.49,734.507,806.768,517.349,555.406,536.585,579.746,767.097,390.006,788.501,446.873,627.952,604.036,657.504,639.916,,,,,,,,,,,,,,,,,,,,,,,,,,,,,,,,,,,,,,,,,,,,,,,,,,,,,,,,,,,,,,,,
193,843,431.122,397.07,140.506,669.078,130.317,666.336,,,601.851,614.443,,,,,,,1141.22,718.919,,,,,,,,,,,,,812.916,327.013,,,,,,,,,,,,,,,532.094,648.99,,,,,,,,,1245.71,714.012,1110.22,692.037,672.255,747.221,866.098,755.237,1026.63,659.417,1034.57,739.367,557.603,287.511,,,878.141,827.518,,,864.263,36.5323,720.249,261.339,750.717,320.18,798.395,256.238,680.869,549.419,776.441,512.619,967.304,702.424,1106.94,526.185,,,,,580.134,315.409,,,,,928.352,259.939,,,617.07,401.38,,,,,752.71,479.242,765.88,475.834,,,798.505,385.011,,,,,713.368,591.136,677.895,677.339,748.407,681.385,771.74,669.415,708.791,827.617,734.33,806.987,517.345,554.7,538.007,579.696,764.782,390.274,788.663,447.319,627.412,603.132,657.144,640.005,,,,,,,,,,,,,,,,,,,,,,,,,,,,,,,,,,,,,,,,,,,,,,,,,,,,,,,,,,,,,,,,
194,844,433.201,395.266,140.226,669.987,130.159,664.869,,,601.273,614.711,,,,,,,1142.91,720.27,,,,,,,,,,,,,812.939,325.693,,,,,,,,,,,,,,,530.878,649.487,,,,,,,,,1245.07,714.279,1110.14,692.23,671.467,747.113,865.604,755.337,1028.44,657.04,1034.13,739.06,557.334,287.019,,,876.51,826.174,,,864.484,36.1748,720.08,261.263,751.09,320.007,797.694,256.608,680.597,549.536,776.692,512.707,968.904,701.521,1106.98,526.062,,,,,580.889,315.013,,,,,929.141,259.953,,,618.471,399.71,,,,,752.412,479.397,765.886,475.717,,,798.335,385.122,,,,,714.459,591.049,677.588,677.369,749.199,683.058,772.34,669.594,708.789,828.844,734.122,807.095,517.302,553.923,539.432,579.645,762.048,390.583,788.815,447.751,627.027,602.365,656.732,640.118,,,,,,,,,,,,,,,,,,,,,,,,,,,,,,,,,,,,,,,,,,,,,,,,,,,,,,,,,,,,,,,,
195,845,434.961,393.736,139.995,670.755,130.488,664.118,,,600.636,615.007,,,,,,,1143.92,721.284,,,,,,,,,,,,,812.927,323.867,,,,,,,,,,,,,,,530.015,649.84,,,,,,,,,1244.44,714.538,1109.91,692.191,670.793,747.024,865.203,755.405,1029.73,655.41,1033.78,738.851,557.987,286.601,,,875.105,824.374,,,865.643,32.9283,719.867,261.158,750.911,319.936,796.658,257.179,680.26,549.662,776.938,512.787,970.669,700.521,1107.02,525.946,,,,,581.638,314.613,,,,,929.645,259.948,,,619.422,398.563,,,,,752.153,479.535,765.892,475.603,,,798.135,385.257,,,,,715.207,590.976,677.436,677.463,749.636,684.043,773.195,669.854,708.786,829.957,732.582,806.395,517.268,553.356,540.683,579.595,759.171,390.905,788.948,448.143,627.072,601.223,656.31,640.241,,,,,,,,,,,,,,,,,,,,,,,,,,,,,,,,,,,,,,,,,,,,,,,,,,,,,,,,,,,,,,,,
196,846,436.242,392.617,139.834,671.328,130.964,663.269,,,599.979,615.314,,,,,,,1141.89,728.041,,,,,,,,,,,,,812.903,321.351,,,,,,,,,,,,,,,530.233,649.724,,,,,,,,,1243.84,714.775,1109.59,692.112,670.27,746.959,864.365,755.409,1030.4,655.392,1033.3,738.988,558.969,286.026,,,873.189,821.849,,,863.092,41.7401,719.646,261.046,750.613,319.859,795.51,257.82,679.955,549.777,777.156,512.852,972.254,699.613,1107.05,525.843,,,,,582.268,314.265,,,,,929.15,259.738,,,619.336,398.507,,,,,751.952,479.648,765.898,475.494,,,797.921,385.403,,,,,715.242,590.77,677.238,677.595,750.219,685.364,774.136,670.143,708.784,830.743,730.337,805.36,517.166,552.81,541.583,579.547,756.433,391.21,789.053,448.47,627.18,599.64,655.92,640.362,,,,,,,,,,,,,,,,,,,,,,,,,,,,,,,,,,,,,,,,,,,,,,,,,,,,,,,,,,,,,,,,
197,847,437.299,391.495,139.899,671.942,131.332,662.523,,,599.341,615.613,,,,,,,1141.55,729.392,,,,,,,,,,,,,812.898,318.834,,,,,,,,,,,,,,,530.629,649.522,,,,,,,,,1243.31,714.975,1109.23,692.025,669.022,746.956,863.271,755.405,1031.23,655.546,1032.64,739.211,560.07,285.408,,,871.103,819.082,,,856.831,64.2334,719.452,260.945,750.394,319.776,794.47,258.4,679.775,549.857,777.323,512.893,973.311,698.986,1107.07,525.76,,,,,582.668,314.022,,,,,928.379,259.429,,,619.101,398.579,,,,,751.348,480.112,765.904,475.39,,,797.707,385.549,,,,,715.221,590.471,677.028,677.745,750.87,686.844,774.993,670.41,708.781,831.188,727.849,804.203,517.022,552.059,542.436,579.274,754.11,391.472,789.12,448.706,627.296,598.068,655.604,640.466,,,,,,,,,,,,,,,,,,,,,,,,,,,,,,,,,,,,,,,,,,,,,,,,,,,,,,,,,,,,,,,,
198,848,438.745,389.941,139.993,672.756,131.526,661.1,,,598.761,615.886,,,,,,,1141.46,729.694,,,,,,,,,,,,,812.939,317.006,,,,,,,,,,,,,,,531.094,649.288,,,,,,,,,1242.87,715.123,1108.92,691.959,667.301,746.954,862.5,755.405,1032.03,655.75,1031.99,739.44,561.08,284.865,,,869.188,816.56,,,857.063,71.6538,719.321,260.876,750.408,319.494,793.758,258.789,680.184,549.868,777.626,512.766,972.998,698.822,1107.09,525.702,,,,,582.022,313.924,,,,,927.507,259.086,,,619.032,398.563,,,,,750.48,480.78,765.911,475.291,,,797.512,385.683,,,,,715.182,590.145,676.842,677.895,751.513,688.307,775.596,670.601,708.775,831.779,725.579,803.134,516.851,551.173,543.609,578.877,752.481,391.661,788.756,448.739,627.365,596.959,655.405,640.541,,,,,,,,,,,,,,,,,,,,,,,,,,,,,,,,,,,,,,,,,,,,,,,,,,,,,,,,,,,,,,,,
199,849,440.423,388.131,140.107,673.724,131.745,659.238,,,598.278,616.114,,,,,,,1141.37,729.985,,,,,,,,,,,,,813.53,315.654,,,,,,,,,,,,,,,531.519,649.079,,,,,,,,,1242.57,715.203,1108.72,691.946,665.244,746.952,862.699,755.446,1032.58,655.886,1031.54,739.597,561.788,284.513,,,867.785,814.765,,,856.716,73.7408,719.366,260.873,750.444,319.091,793.661,258.729,680.797,549.88,778.054,512.578,972.415,698.654,1107.09,525.676,,,,,581.039,313.799,,,,,926.71,258.774,,,620.131,397.766,,,,,749.52,481.523,765.917,475.198,,,797.349,385.792,,,,,715.165,589.854,676.713,678.025,752.069,689.575,775.943,670.79,708.769,832.442,723.986,802.365,516.666,550.224,544.889,578.439,752.078,391.823,788.24,448.798,627.236,596.55,655.997,640.636,,,,,,,,,,,,,,,,,,,,,,,,,,,,,,,,,,,,,,,,,,,,,,,,,,,,,,,,,,,,,,,,
200,850,442.175,386.242,140.238,674.803,131.918,657.833,,,597.931,616.28,,,,,,,1141.28,730.234,,,,,,,,,,,,,814.387,313.891,,,,,,,,,,,,,,,531.795,648.95,,,,,,,,,1243.09,714.002,1108.94,692.459,662.984,746.952,863.043,755.506,1032.62,655.896,1031.53,739.604,562.21,284.834,,,866.798,813.083,,,856.368,75.8278,719.446,260.877,750.495,318.642,793.569,258.614,681.489,549.886,778.527,512.366,971.857,698.483,1106.66,526.51,,,,,579.933,313.669,,,,,926.166,258.557,,,621.74,396.604,,,,,748.64,482.21,765.923,475.112,,,797.236,385.864,,,,,715.207,589.663,676.699,678.507,752.462,690.473,776.399,671.049,708.766,833.103,723.125,801.605,516.482,549.283,546.063,578.041,751.617,392.048,787.622,448.864,627.04,596.076,656.879,640.765,,,,,,,,,,,,,,,,,,,,,,,,,,,,,,,,,,,,,,,,,,,,,,,,,,,,,,,,,,,,,,,,
201,851,443.845,384.453,140.378,675.949,132.09,657.254,,,597.886,616.376,,,,,,,1141.22,730.405,,,,,,,,,,,,,815.259,312.114,,,,,,,,,,,,,,,531.663,649.14,,,,,,,,,1241.93,714.133,1109.26,693.156,660.657,746.952,863.464,755.575,1032.6,655.891,1031.54,739.609,562.767,285.341,,,865.605,811.011,,,,,719.523,260.88,750.558,318.226,793.484,258.47,682.138,549.881,778.967,512.167,971.622,698.311,1106.07,527.647,,,,,578.92,313.551,,,,,926.047,258.474,,,623.607,395.259,,,,,748.015,482.71,765.93,475.032,,,797.299,385.731,,,,,716.054,589.783,676.692,679.193,752.614,690.901,776.889,671.332,708.77,833.688,721.997,800.557,516.313,548.42,546.921,577.767,751.171,392.286,786.949,448.921,626.838,595.622,657.871,640.913,854.513,79.0743,862.397,70.2625,,,,,,,,,,,,,,,,,,,,,,,,,,,,,,,,,,,,,,,,,,,,,,,,,,,,,,,,,,,,
202,852,445.275,382.939,140.522,677.118,132.309,656.635,,,597.845,616.499,,,,,,,1141.2,730.368,,,,,,,,,,,,,815.896,310.721,,,,,,,,,,,,,,,531.468,649.413,,,,,,,,,1240.27,714.494,1109.46,693.581,658.398,746.953,863.896,755.644,1032.58,655.886,1031.56,739.611,563.365,285.91,,,864.527,809.459,,,,,719.553,260.876,750.626,317.92,793.408,258.319,682.618,549.857,779.292,512.019,973.502,697.599,1105.36,529.013,,,,,578.213,313.466,,,,,925.962,258.39,,,625.477,393.91,,,,,747.546,483.28,765.937,474.959,,,797.391,385.542,,,,,717.285,589.979,676.695,679.897,752.793,691.426,777.338,671.594,708.784,834.122,720.794,799.416,516.173,547.708,547.809,577.705,750.816,392.484,786.273,448.95,626.689,595.27,658.791,641.068,852.889,79.77,861.237,68.4074,,,,,,,,,,,,,,,,,,,,,,,,,,,,,,,,,,,,,,,,,,,,,,,,,,,,,,,,,,,,
203,853,446.309,381.879,140.665,678.266,132.505,656.074,,,597.804,616.64,,,,,,,1141.18,730.29,,,,,,,,,,,,,816.427,308.453,,,,,,,,,,,,,,,531.228,649.743,,,,,,,,,1239.19,714.865,1110.07,693.121,656.342,746.955,864.273,755.704,1032.56,655.885,1031.59,739.612,563.906,286.418,,,863.404,808.18,,,,,719.272,260.82,751.086,317.529,793.344,258.186,683.326,549.502,779.74,511.796,976.122,696.644,1104.57,530.537,,,,,577.853,313.389,,,,,925.935,258.325,,,627.096,392.738,,,,,746.91,484.059,765.943,474.894,,,797.505,385.313,,,,,718.517,590.181,676.713,680.431,752.956,691.92,777.672,671.788,709.029,834.751,719.705,798.377,516.075,547.218,549.031,577.636,750.626,392.589,785.642,448.936,626.555,594.776,659.459,641.216,851.266,80.4656,860.939,69.6379,,,,,,,,,,,,,,,,,,,,,,,,,,,,,,,,,,,,,,,,,,,,,,,,,,,,,,,,,,,,
204,854,447.203,381.772,140.8,679.349,132.892,654.833,,,597.763,616.792,,,,,,,1141.15,730.21,,,,,,,,,,,,,817.072,305.499,,,,,,,,,,,,,,,530.962,650.102,,,,,,,,,1238.98,715.363,1110.47,692.568,654.624,746.957,864.527,755.743,1032.53,655.885,1031.62,739.61,564.294,286.74,,,861.486,807.095,,,,,718.848,260.737,751.747,316.993,793.294,258.093,684.31,548.985,780.366,511.485,978.041,695.946,1103.74,532.143,,,,,577.394,313.289,,,,,926.216,258.273,,,628.21,391.923,,,,,746.164,484.979,765.95,474.837,,,797.632,385.06,,,,,719.363,590.32,676.93,681.122,753.055,692.253,778.115,672.047,709.387,835.637,718.919,797.635,516.134,547.658,550.372,577.569,751.661,392.077,785.106,448.861,626.377,594.094,660.222,641.954,851.127,80.5403,860.774,71.1901,,,,,,,,,,,,,,,,,,,,,,,,,,,,,,,,,,,,,,,,,,,,,,,,,,,,,,,,,,,,
205,855,448.425,381.67,140.921,680.323,133.439,653.08,,,597.72,616.946,,,,,,,1141.08,730.167,,,,,,,,,,,,,817.56,303.142,,,,,,,,,,,,,,,530.689,650.466,,,,,,,,,1238.78,716.049,1110.45,692.755,653.378,746.959,864.546,755.725,1032.53,655.885,1031.63,739.608,564.581,286.397,,,854.054,807.095,,,,,718.486,260.666,752.427,316.456,793.256,258.018,685.268,548.467,781.098,511.121,978.151,695.898,1102.91,533.759,,,,,576.893,313.173,,,,,926.63,258.205,,,628.362,391.65,,,,,745.365,485.971,766.277,474.96,,,797.763,384.8,,,,,719.404,590.326,677.24,682.078,752.885,692.14,778.724,672.404,709.801,836.652,718.272,797.09,516.207,548.199,551.619,577.511,753.198,391.317,784.714,448.706,626.186,593.409,661.277,643.002,851.062,80.5875,860.676,71.9077,,,,,,,,,,,,,,,,,,,,,,,,,,,,,,,,,,,,,,,,,,,,,,,,,,,,,,,,,,,,
206,856,449.863,381.572,141.023,681.144,133.958,651.358,,,597.671,617.095,,,,,,,1140.94,730.201,,,,,,,,,,,,,817.817,300.95,,,,,,,,,,,,,,,530.428,650.809,,,,,,,,,1238.63,716.734,1110.38,693.093,652.91,747.007,864.536,755.703,1032.58,655.886,1031.63,739.605,564.973,285.878,,,852.365,809.459,,,,,718.393,260.644,752.945,316.065,793.206,257.916,685.899,548.107,781.865,510.738,978.142,695.886,1102.11,535.312,,,,,576.405,313.044,,,,,927.044,258.139,,,628.468,391.33,,,,,744.569,486.965,766.724,475.138,,,797.89,384.548,,,,,719.423,590.329,677.607,683.197,752.629,691.947,779.326,672.75,710.214,837.668,717.398,796.358,516.292,548.83,552.557,577.471,754.724,390.555,784.258,445.511,626.014,592.905,662.508,644.239,851.043,80.6205,860.572,72.6849,,,,,,,,,,,,,,,,,,,,,,,,,,,,,,,,,,,,,,,,,,,,,,,,,,,,,,,,,,,,
207,857,451.405,381.481,141.099,681.768,134.264,650.211,,,597.615,617.229,,,,,,,1139.36,731.26,,,,,,,,,,,,,818.137,298.015,,,,,,,,,,,,,,,530.197,651.103,,,,,,,,,1238.51,717.23,1110.27,693.423,652.307,747.073,864.527,755.743,1033.28,655.894,1031.6,739.601,565.415,285.265,,,851.774,811.191,,,,,720.429,261.004,753.633,315.76,793.151,257.805,685.553,548.032,782.596,510.372,978.078,695.897,1101.39,536.727,,,,,575.986,312.909,,,,,927.326,258.093,,,628.494,391.111,,,,,743.833,487.892,767.044,475.274,,,798.005,384.321,,,,,719.425,590.33,677.994,684.374,752.339,691.72,779.748,672.974,710.57,838.556,716.442,795.562,516.387,549.542,554.04,577.471,755.728,390.038,783.554,441.749,625.456,592.457,663.801,645.544,851.043,80.6528,860.542,73.2771,,,,,,,,,,,,,,,,,,,,,,,,,,,,,,,,,,,,,,,,,,,,,,,,,,,,,,,,,,,,
208,858,452.938,381.397,141.196,682.573,133.593,650.646,,,597.085,618.031,,,,,,,1137.58,732.215,,,,,,,,,,,,,818.447,295.102,,,,,,,,,,,,,,,530.015,651.323,,,,,,,,,1238.51,717.568,1110.14,693.581,651.61,747.152,864.526,756.31,1034.31,655.909,1031.54,739.597,565.856,284.639,,,851.351,813.176,,,,,720.429,260.707,754.581,315.357,793.1,257.704,684.979,547.961,783.22,510.058,978.023,695.921,1100.79,537.931,,,,,574.549,312.093,,,,,927.304,258.092,,,628.405,391.142,,,,,743.213,488.685,766.987,475.334,,,798.099,384.136,,,,,719.416,590.328,678.363,685.505,752.068,691.51,779.865,672.8,710.811,839.189,715.549,794.821,516.492,550.325,,,755.201,390.091,781.177,437.065,624.661,591.858,665.039,646.795,851.034,80.6975,860.977,73.6999,,,,,,,,,,,,,,,,,,,,,,,,,,,,,,,,,,,,,,,,,,,,,,,,,,,,,,,,,,,,
209,859,454.353,381.323,141.322,683.607,132.627,651.404,,,596.321,619.19,,,,,,,1135.81,731.419,,,,,,,,,,,,,818.669,292.976,,,,,,,,,,,,,,,529.382,651.739,,,,,,,,,,,1109.29,692.713,650.858,747.24,864.526,757.141,1035.45,655.921,1030.07,739.527,566.242,284.083,,,851.014,817.568,,,,,721.912,261.597,755.522,314.961,793.062,257.629,684.373,547.908,783.666,509.831,978.041,695.946,1100.34,538.851,,,,,572.481,310.901,,,,,927.244,258.097,,,626.949,393.572,,,,,742.766,489.272,766.904,475.397,,,798.163,384.009,,,,,719.4,590.326,678.677,686.485,751.869,691.363,779.967,672.536,710.767,839.677,714.865,794.257,516.606,551.168,,,754.363,390.204,778.221,431.778,623.867,591.275,666.108,647.871,851.037,81.0195,861.597,74.2115,1241.65,720.864,1235.14,714.865,,,,,,,,,,,,,,,,,,,,,,,,,,,,,,,,,,,,,,,,,,,,,,,,,,,,,,,,
210,860,455.536,381.26,141.47,684.833,131.918,651.97,,,595.435,620.529,,,,,,,1134.23,726.846,,,,,,,,,,,,,818.792,291.327,,,,,,,,,,,,,,,528.469,652.333,,,,,,,,,,,1108.72,691.946,650.089,747.331,864.527,758.061,1036.53,655.917,1030.9,740.059,566.521,283.678,,,851.351,821.622,,,,,727.205,267.832,756.191,314.674,793.008,257.543,683.931,547.888,783.952,509.61,978.798,696.156,1099.93,540.748,,,,,570.186,309.588,,,,,927.172,258.102,,,625.476,396.024,,,,,742.549,490.102,766.799,475.463,,,798.083,384.19,,,,,719.383,590.323,678.9,687.212,751.59,691.272,780.045,672.381,710.678,840.334,713.609,793.283,516.726,552.061,,,753.362,390.35,772.887,423.198,623.311,590.878,666.892,648.649,851.044,81.479,862.165,74.6684,1241.65,720.864,1233.78,716.892,,,,,,,,,,,,,,,,,,,,,,,,,,,,,,,,,,,,,,,,,,,,,,,,,,,,,,,,
211,861,456.376,381.208,141.637,686.212,131.881,652.0,,,594.541,621.873,,,,,,,,,,,,,,,,,,,,,818.953,289.098,,,,,,,,,,,,,,,527.458,652.985,,,,,,,,,,,1110.81,692.905,649.343,747.42,864.527,758.893,1037.34,655.886,1032.09,740.541,566.785,283.11,,,853.691,824.832,,,,,738.8,264.818,756.511,314.486,792.936,257.423,683.538,548.117,784.338,509.303,979.905,696.466,1099.42,543.255,,,,,568.065,308.409,,,,,927.113,258.102,,,625.254,396.242,,,,,742.273,491.195,766.678,475.535,,,797.968,384.448,,,,,719.369,590.32,679.019,688.335,751.201,691.153,780.128,672.777,710.577,841.051,711.854,791.928,516.852,552.995,,,752.345,390.504,772.215,421.47,623.152,590.919,667.905,649.459,851.052,82.0219,863.329,75.5667,1242.58,721.3,1232.77,715.203,1124.83,726.174,1141.61,730.201,,,,,,,,,,,,,,,,,,,,,,,,,,,,,,,,,,,,,,,,,,,,,,,,,,,,
212,862,456.412,381.156,141.818,687.707,131.866,652.011,,,593.753,623.046,,,,,,,,,,,,,,,,,,,,,819.126,286.677,,,,,,,,,,,,,,,526.529,653.577,,,,,,,,,,,1110.74,691.946,648.659,747.504,864.527,759.459,1038.74,655.407,1033.54,740.066,567.146,282.312,,,853.378,824.662,,,,,740.894,265.144,756.921,314.236,792.851,257.286,682.998,548.454,784.772,508.954,981.14,696.806,1098.99,545.27,,,,,566.521,307.619,,,,,927.094,258.093,,,625.092,396.289,,,,,741.948,492.499,766.546,475.616,,,797.829,384.762,,,,,719.363,590.32,679.177,689.909,750.772,691.022,780.237,673.373,710.497,841.719,710.084,790.555,516.982,553.96,,,751.461,390.64,771.477,419.379,622.986,591.022,669.326,650.586,851.058,82.594,864.868,76.7493,1243.58,721.959,1228.38,715.541,1125.5,728.188,1142.28,729.866,,,,,,,,,,,,,,,,,,,,,,,,,,,,,,,,,,,,,,,,,,,,,,,,,,,,
213,863,456.429,381.085,142.009,689.279,131.868,652.009,,,593.185,623.873,,,,,,,,,,,,,,,,,,,,,819.287,284.451,,,,,,,,,,,,,,,525.863,653.992,,,,,,,,,,,,,648.077,747.577,864.528,759.502,1040.7,654.71,1034.9,739.597,567.541,281.436,,,853.716,825.676,,,,,741.582,265.977,757.357,313.965,792.762,257.147,682.414,548.829,785.203,508.606,982.282,697.106,1098.42,547.253,,,,,564.769,307.812,,,,,927.414,257.944,,,624.976,396.253,,,,,741.587,493.961,766.407,475.706,,,797.674,385.108,,,,,719.363,590.32,679.353,691.718,750.377,690.89,780.364,674.038,710.473,842.23,708.784,789.527,517.114,554.944,,,750.858,390.734,770.703,417.045,622.813,591.138,670.95,651.869,851.059,83.1412,866.107,77.683,1244.18,723.753,1227.7,714.527,1128.19,728.188,1140.27,728.188,1109.8,689.527,1117.45,697.987,,,,,,,,,,,,,,,,,,,,,,,,,,,,,,,,,,,,,,,,,,,,,,,,
214,864,456.432,381.001,142.204,690.892,131.881,651.999,,,592.572,624.365,,,,,,,,,,,,,,,,,,,,,819.409,282.81,,,,,,,,,,,,,,,525.279,654.194,,,,,,,,,,,,,647.635,747.635,864.528,759.481,1042.64,654.008,1035.39,740.126,567.91,280.634,,,,,,,,,741.93,267.021,757.754,313.711,792.675,257.025,681.889,549.174,785.581,508.301,983.108,697.297,1097.63,549.927,,,,,562.324,308.149,,,,,927.881,257.725,,,624.89,396.219,,,,,741.202,495.529,766.268,475.809,,,797.514,385.466,,,,,719.945,590.468,679.526,693.546,750.089,690.77,780.5,674.641,710.956,843.148,707.627,788.379,517.249,555.94,,,750.761,390.794,769.92,414.588,622.635,591.216,672.573,653.15,851.052,83.6092,867.349,78.458,1244.38,723.973,1227.7,715.878,1132.21,729.53,1136.24,728.859,1111.15,688.851,1116.78,696.644,852.349,821.477,856.376,835.57,,,,,,,,,,,,,,,,,,,,,,,,,,,,,,,,,,,,,,,,,,,,
215,865,456.424,380.909,142.399,692.507,131.897,651.986,,,591.727,625.026,,,,,,,,,,,,,,,,,,,,,819.614,280.772,,,,,,,,,,,,,,,524.5,654.442,,,,,,,,,,,,,646.925,747.83,864.527,759.459,1044.0,653.508,1035.87,740.93,568.191,280.059,,,,,,,,,742.278,268.064,758.047,313.515,792.598,256.933,681.525,549.419,785.853,508.082,983.986,697.076,1096.84,552.552,,,,,559.534,308.562,,,,,928.36,257.516,,,624.868,395.995,,,,,740.804,497.148,766.132,475.927,,,797.358,385.812,,,,,720.788,590.688,679.674,695.178,749.765,690.273,780.638,675.05,711.665,844.432,706.087,786.821,517.383,556.936,,,750.657,390.886,769.156,412.128,621.877,591.222,673.991,654.269,851.034,83.944,869.022,79.4881,1244.63,724.139,1227.7,715.878,1134.23,726.174,,,1110.92,689.172,1116.69,697.028,848.322,818.792,860.403,841.611,,,,,,,,,,,,,,,,,,,,,,,,,,,,,,,,,,,,,,,,,,,,
216,866,456.411,380.815,142.59,694.085,131.912,651.975,,,590.729,625.798,,,,,,,,,,,,,,,,,,,,,819.905,277.93,,,,,,,,,,,,,,,523.735,654.688,,,,,,,,,,,,,645.976,748.092,864.51,759.458,1044.34,653.083,1036.24,741.611,568.678,279.569,,,,,,,,,,,758.385,313.119,792.219,256.784,681.447,549.599,786.101,507.887,985.203,696.749,1096.28,554.392,,,,,556.751,308.982,,,,,928.717,257.397,,,624.856,395.687,,,,,740.406,498.768,766.005,476.061,,,797.215,386.124,,,,,721.684,590.888,679.775,696.398,749.317,689.554,781.403,675.072,712.369,845.713,704.544,785.264,517.517,557.922,,,750.578,390.97,768.44,409.784,620.791,591.221,675.0,655.068,850.69,84.1982,870.687,80.4853,1244.88,724.268,1227.7,715.878,1133.97,726.299,,,1110.47,689.703,1118.37,697.275,847.651,818.792,862.416,844.295,738.336,259.716,745.988,268.76,,,,,,,,,,,,,,,,,,,,,,,,,,,,,,,,,,,,,,,,
217,867,456.395,380.725,142.772,695.591,131.918,651.97,,,589.658,626.621,,,,,,,,,,,,,,,,,,,,,820.224,274.812,,,,,,,,,,,,,,,523.194,654.882,,,,,,,,,,,,,644.841,748.407,864.481,759.459,1044.74,652.491,1036.56,742.512,569.372,278.903,,,,,,,,,,,758.844,312.561,791.683,256.57,681.37,549.842,786.44,507.618,986.621,696.357,1095.98,554.874,,,,,554.324,309.341,,,,,929.093,257.706,,,624.89,395.438,,,,,740.02,500.335,765.893,476.215,,,797.093,386.381,,,,,722.425,590.976,679.751,698.508,748.824,688.757,782.493,675.08,712.838,846.622,703.378,784.122,517.648,558.889,,,750.557,391.01,767.8,407.676,619.698,591.218,675.724,655.672,850.188,84.5367,871.904,81.1613,1245.11,724.374,1225.34,716.216,1133.33,726.946,,,1109.93,690.314,1120.83,697.593,847.573,817.755,862.752,845.252,738.104,265.05,746.22,270.615,,,,,,,,,,,,,,,,,,,,,,,,,,,,,,,,,,,,,,,,
218,868,456.381,380.645,142.939,696.984,131.918,651.974,,,588.593,627.437,,,,,,,,,,,,,,,,,,,,,820.51,271.949,,,,,,,,,,,,,,,522.99,655.213,,,,,,,,,,,,,643.573,748.759,864.475,759.459,1045.12,651.863,1036.82,743.243,570.13,278.176,,,,,,,,,,,759.31,312.017,791.059,256.326,681.289,550.104,786.826,507.313,988.103,695.939,1095.6,555.474,,,,,552.602,309.568,,,,,929.615,258.17,,,625.312,395.192,,,,,739.657,501.796,765.8,476.389,,,797.004,386.56,,,,,724.124,590.332,679.707,701.497,748.363,688.027,783.779,675.079,712.666,847.037,701.986,783.151,517.775,559.826,,,750.626,390.966,767.263,405.924,618.919,591.216,676.7,656.489,849.627,84.9103,872.889,81.0388,1245.26,724.475,1225.34,716.216,1132.89,727.517,,,1109.43,690.873,1123.3,697.9,847.651,816.779,862.939,846.209,736.713,270.151,745.924,270.758,,,,,,,,,,,,,,,,,,,,,,,,,,,,,,,,,,,,,,,,
219,869,456.373,380.58,143.089,698.228,131.918,651.982,,,587.612,628.186,,,,,,,,,,,,,,,,,,,,,820.702,269.871,,,,,,,,,,,,,,,522.743,655.687,,,,,,,,,,,,,642.227,749.133,864.527,759.459,1045.43,651.328,1036.82,742.568,570.805,277.503,,,,,,,,,,,759.67,311.659,790.417,256.088,681.196,550.342,787.215,507.009,989.511,695.536,1095.15,556.168,,,,,551.488,309.29,,,,,930.182,258.689,,,625.882,394.886,,,,,739.33,503.099,765.731,476.586,,,796.895,386.389,,,,,726.517,589.385,679.653,704.788,748.013,687.507,785.135,675.072,712.374,847.568,700.078,781.86,517.897,560.724,,,752.101,389.749,766.858,404.647,618.522,591.216,677.753,657.374,849.103,85.2702,873.759,80.9294,1245.26,724.778,1224.61,716.529,1133.25,728.17,,,1109.1,691.249,1125.0,698.111,848.229,817.264,863.087,846.98,735.731,273.013,745.756,270.615,,,,,,,,,,,,,,,,,,,,,,,,,,,,,,,,,,,,,,,,
220,870,456.376,380.537,143.215,699.285,131.918,651.988,,,586.797,628.811,,,,,,,,,,,,,,,,,,,,,820.668,267.716,,,,,,,,,,,,,,,522.479,656.202,,,,,,,,,,,,,640.855,749.515,865.263,759.453,1045.61,651.014,1038.51,743.919,571.254,276.997,,,,,,,,,,,760.192,311.874,789.824,255.892,681.087,550.513,787.562,506.743,990.707,695.187,1094.64,556.93,,,,,552.17,310.256,,,,,930.69,259.161,,,626.257,394.657,,,,,739.05,504.191,765.731,480.304,,,796.747,386.148,,,,,728.941,588.413,679.6,707.801,747.395,687.104,786.433,675.063,712.032,848.128,698.216,780.602,518.013,561.572,,,754.247,387.965,766.951,405.209,618.027,591.216,678.708,658.187,848.715,85.5672,874.064,81.7103,1245.25,725.207,1223.55,716.954,1133.81,728.983,,,1109.39,691.192,1125.12,698.111,849.023,818.081,863.415,847.987,734.858,275.253,747.023,270.175,,,,,,,,,,,,,,,,,,,,,,,,,,,,,,,,,,,,,,,,
221,871,456.542,380.65,143.314,700.117,131.918,651.987,,,586.225,629.251,,,,,,,,,,,,,,,,,,,,,820.592,265.012,,,,,,,,,,,,,,,522.225,656.659,,,,,,,,,,,,,639.51,749.89,866.329,759.442,1045.06,651.148,1039.53,743.919,571.06,276.225,,,,,,,,,,,760.912,312.228,789.352,255.774,680.329,550.645,787.822,506.551,991.554,694.932,1094.1,557.735,,,,,553.139,311.592,,,,,931.036,259.484,,,625.865,394.572,,,,,738.829,505.02,766.578,482.155,,,796.569,385.855,,,,,730.736,587.695,679.556,709.958,746.532,686.57,787.547,675.054,711.713,848.63,696.959,779.73,518.121,562.36,,,756.732,385.905,767.083,405.988,617.556,591.216,679.392,658.784,848.157,86.4365,874.415,82.8611,1245.24,725.705,1222.3,717.23,1134.23,729.53,,,1109.85,691.064,1125.06,698.088,849.664,818.792,863.758,848.993,734.331,275.378,748.798,269.597,,,,,,,,,,,,,,,,,,,,,,,,,,,,,,,,,,,,,,,,
222,872,456.773,380.814,143.43,701.55,131.918,651.97,,,586.417,629.137,,,,,,,,,,,,,,,,,,,,,820.518,262.847,,,,,,,,,,,,,,,522.007,656.958,,,,,,,,,,,,,638.246,750.242,867.423,759.44,1044.25,651.383,1043.07,744.405,570.723,275.23,,,,,,,,,,,761.648,312.588,787.925,256.121,679.235,550.815,788.277,506.382,991.876,694.578,1093.55,558.559,,,,,554.325,313.205,,,,,931.022,259.546,,,625.476,394.462,,,,,738.273,505.563,767.741,484.199,,,796.373,385.527,,,,,732.503,586.988,679.421,711.771,745.668,686.06,788.35,675.05,711.486,848.986,697.249,779.635,518.22,563.079,,,759.226,383.861,767.248,406.942,617.23,591.216,679.896,659.485,847.381,87.6647,874.728,84.0316,1245.23,726.21,1217.57,716.892,1134.29,729.145,,,1110.28,690.936,1125.0,698.111,850.31,819.851,864.038,849.764,733.93,275.253,750.162,269.224,,,,,,,,,,,,,,,,,,,,,,,,,,,,,,,,,,,,,,,,
223,873,457.05,381.012,143.59,703.57,131.923,651.711,,,586.72,628.953,,,,,,,,,,,,,,,,,,,,,820.348,260.673,,,,,,,,,,,,,,,521.285,656.745,,,,,,,,,,,,,637.117,750.556,868.243,759.459,1043.52,651.605,1046.96,744.932,570.418,274.491,,,,,,,,,,,762.221,312.819,786.569,256.47,678.138,550.999,788.92,506.149,992.25,694.09,1093.0,559.377,,,,,555.66,315.004,,,,,930.965,259.599,,,625.869,394.041,,,,,737.501,506.286,768.575,485.772,,,796.168,385.18,,,,,734.947,586.009,679.224,714.245,745.047,685.728,789.099,675.046,711.27,849.161,697.789,779.577,518.308,563.718,,,761.397,382.127,767.437,408.029,617.209,591.216,680.579,660.465,846.634,88.9456,874.919,84.8715,1245.24,726.663,1216.27,716.993,1134.23,728.859,,,1110.47,690.878,1124.91,698.535,851.204,821.346,864.418,850.807,734.065,275.494,750.875,269.676,,,,,,,,,,,,,,,,,,,,,,,,,,,,,,,,,,,,,,,,
224,874,457.351,381.226,143.773,705.892,131.937,651.36,,,587.098,628.722,,,,,,,,,,,,,,,,,,,,,820.106,257.667,,,,,,,,,,,,,,,520.247,656.403,,,,,,,,,,,,,636.174,750.819,869.188,759.735,1042.09,652.081,1050.68,745.27,569.329,274.411,,,,,,,,,,,763.117,312.633,786.657,256.372,677.369,551.169,789.658,505.885,992.614,693.601,1092.46,560.164,,,,,557.075,316.898,,,,,930.886,259.653,,,626.484,393.431,,,,,736.582,507.13,768.458,486.999,,,795.966,384.833,,,,,737.6,584.947,679.008,716.928,744.662,685.974,790.099,675.038,710.972,849.389,698.421,779.532,518.385,564.267,,,762.916,380.994,767.643,409.206,617.208,591.216,681.314,661.533,846.165,89.9731,874.574,85.3918,1245.26,727.004,1215.09,717.168,1133.65,730.201,,,1109.1,691.249,1124.8,699.149,852.176,822.983,864.858,852.016,734.295,275.853,751.819,270.362,,,,,,,,,,,,,,,,,,,,,,,,,,,,,,,,,,,,,,,,
225,875,457.656,381.437,143.96,708.231,131.955,650.939,,,587.511,628.467,,,,,,,,,,,,,,,,,,,,,819.838,254.397,,,,,,,,,,,,,,,519.095,656.018,,,,,,,,,,,,,635.473,751.014,870.476,760.135,1041.14,655.886,,,567.845,274.394,,,,,,,,,,,764.365,312.334,786.858,256.212,677.142,551.751,790.401,505.623,992.905,693.243,1091.97,560.894,,,,,558.498,318.796,,,,,930.804,259.716,,,627.175,392.758,,,,,735.588,508.038,768.225,488.536,,,795.775,384.501,,,,,739.998,583.988,678.814,719.368,744.213,686.357,791.115,675.037,710.647,849.629,698.986,779.478,518.448,564.717,,,763.612,382.154,767.86,410.433,617.216,591.216,681.974,662.5,846.723,91.9569,874.071,86.0849,1245.72,727.664,1213.85,717.23,1132.89,731.544,,,1106.83,691.606,1124.7,699.785,853.061,824.467,865.32,853.283,734.394,276.18,752.872,271.168,1048.32,744.966,1061.07,749.664,,,,,,,,,,,,,,,,,,,,,,,,,,,,,,,,,,,,
226,876,457.944,381.629,144.13,710.303,131.974,650.469,,,587.922,628.211,,,,,,,,,,,,,,,,,,,,,819.59,251.435,,,,,,,,,,,,,,,518.032,655.68,,,,,,,,,,,,,635.245,751.079,871.746,760.535,,,,,566.554,274.324,,,,,,,,,,,765.584,312.045,787.133,256.013,676.897,552.58,791.059,505.396,993.422,692.957,1091.53,561.544,,,,,559.862,320.607,,,,,930.422,260.049,,,627.799,392.149,,,,,734.589,508.951,768.356,490.147,,,795.607,384.203,,,,,741.672,583.321,678.682,721.113,743.86,686.618,791.909,675.05,710.35,849.846,699.324,779.392,518.559,564.668,,,764.539,382.386,768.079,411.667,617.226,591.216,682.432,663.176,847.581,94.7808,873.465,86.8935,1246.39,728.594,1209.61,716.537,1131.27,731.261,,,1103.6,692.102,1124.63,700.278,853.691,825.503,865.765,854.503,733.672,276.826,753.916,271.979,1049.16,745.024,1066.43,751.221,1044.0,649.703,1037.34,661.118,,,,,,,,,,,,,,,,,,,,,,,,,,,,,,,,
227,877,458.196,381.782,144.263,711.823,131.991,649.974,,,588.292,627.977,,,,,,,,,,,,,,,,,,,,,819.409,249.353,,,,,,,,,,,,,,,517.262,655.475,,,,,,,,,,,,,634.957,751.16,872.635,760.811,,,,,563.094,273.998,,,,,,,,,,,766.395,311.891,787.443,255.798,676.668,553.415,791.54,505.238,994.151,692.563,1091.16,562.087,,,,,561.097,322.239,,,,,929.873,260.529,,,628.21,391.728,,,,,733.655,509.812,771.418,495.177,,,795.472,383.956,,,,,742.313,583.094,678.682,722.425,743.53,686.415,793.191,675.24,710.135,850.0,698.684,778.627,518.715,564.562,,,764.539,381.922,768.292,412.866,617.23,591.216,682.539,663.452,848.554,97.8882,872.809,87.7605,1247.17,729.686,1205.41,715.878,1129.14,730.681,,,1100.06,692.636,1124.78,701.033,854.133,825.938,866.152,855.57,732.656,277.668,754.831,272.683,1048.77,744.966,1064.21,750.559,1042.42,650.974,1035.91,658.74,,,,,,,,,,,,,,,,,,,,,,,,,,,,,,,,
228,878,458.389,381.879,144.602,713.902,132.002,649.474,,,588.583,627.789,,,,,,,,,,,,,,,,,,,,,819.188,248.322,,,,,,,,,,,,,,,516.438,655.874,,,,,,,,,,,,,634.629,751.253,872.868,760.83,,,,,558.185,273.526,,,,,,,,,,,766.051,312.458,787.748,255.594,676.494,554.012,792.171,505.2,995.005,692.108,1090.88,562.5,,,,,562.134,323.601,,,,,929.326,261.008,,,628.041,391.621,,,,,732.858,510.562,771.713,497.115,,,795.381,383.777,,,,,743.063,582.836,678.682,722.425,743.078,686.097,794.926,675.501,709.921,850.091,697.713,777.512,518.895,564.427,,,764.539,381.922,768.493,413.988,617.203,591.216,682.662,663.803,849.457,100.723,872.156,88.6288,1248.0,730.832,1204.39,716.216,1127.52,730.201,,,1096.86,693.108,1125.0,702.08,854.707,826.45,866.443,856.376,731.843,278.267,755.496,273.166,1048.99,744.966,1065.77,751.007,1040.85,652.245,1036.39,662.545,,,,,,,,,,,,,,,,,,,,,,,,,,,,,,,,
229,879,458.901,381.551,145.088,716.814,132.004,648.991,,,588.756,627.669,,,,,,,,,,,,,,,,,,,,,818.881,246.982,,,,,,,,,,,,,,,515.321,656.477,,,,,,,,,,,,,634.282,751.351,873.12,760.835,,,,,553.277,273.077,,,,,,,,,,,765.699,313.051,788.011,255.423,676.284,554.346,793.057,505.154,995.9,691.633,1090.81,562.526,,,,,562.902,324.601,,,,,928.949,261.339,,,627.748,391.511,,,,,732.267,511.144,771.883,499.529,,,795.675,383.767,,,,,743.774,582.602,678.682,722.425,742.584,685.732,797.0,675.814,709.625,850.214,696.623,776.273,519.074,564.29,,,764.539,381.922,768.674,414.991,617.158,591.216,682.791,664.193,850.107,102.727,871.558,89.441,1248.79,731.922,1203.04,716.892,1126.7,729.773,,,1094.66,693.416,1125.21,703.129,855.276,826.992,866.972,857.957,731.124,278.179,756.171,273.226,1048.51,744.564,1065.88,750.847,1040.63,652.42,1034.97,663.882,,,,,,,,,,,,,,,,,,,,,,,,,,,,,,,,
230,880,459.613,381.087,145.626,720.016,131.993,648.548,,,587.861,628.008,,,,,,,,,,,,,,,,,,,,,818.544,245.567,,,,,,,,,,,,,,,514.211,657.098,,,,,,,,,,,,,633.937,751.45,873.39,760.831,,,,,549.818,272.821,,,,,,,,,,,766.442,313.099,788.192,255.31,676.001,554.764,794.07,505.106,996.75,691.185,1090.73,562.53,,,,,563.714,325.081,,,,,928.918,261.374,,,627.442,391.412,,,,,731.409,512.669,771.972,502.046,,,796.103,383.761,,,,,744.297,582.446,678.682,722.425,742.126,685.388,799.299,676.163,709.287,850.352,695.626,775.136,519.229,564.18,,,765.061,381.293,768.827,415.834,617.149,591.216,682.915,664.581,850.779,104.014,871.07,90.1401,1249.47,732.849,1202.03,716.216,1125.61,729.181,,,1094.17,693.174,1125.36,703.89,855.705,827.517,867.686,860.154,730.135,277.985,757.087,273.258,1047.8,743.973,1065.82,750.564,1040.54,652.495,1032.84,665.418,,,,,,,,,,,,,,,,,,,,,,,,,,,,,,,,
231,881,460.461,380.53,146.12,722.963,131.965,648.165,,,586.643,628.472,,,,,,,,,,,,,,,,,,,,,818.233,244.306,,,,,,,,,,,,,,,513.406,657.551,,,,,,,,,,,,,633.612,751.543,873.679,760.822,,,,,548.561,273.497,,,,,,,,,,,767.322,313.051,788.346,255.407,675.692,555.189,795.08,505.063,997.47,690.806,1090.65,562.52,,,,,564.846,325.698,,,,,928.928,261.372,,,627.233,391.337,,,,,730.199,514.862,772.021,504.292,,,796.612,383.76,,,,,744.715,582.527,678.682,722.425,741.784,685.135,801.711,676.53,708.95,850.487,694.932,774.324,519.338,564.124,,,765.827,380.368,768.945,416.473,617.23,591.216,683.025,664.931,851.71,105.735,870.745,90.6688,1249.95,733.504,1202.36,716.892,1124.41,728.509,,,1093.79,692.8,1125.29,704.445,856.191,829.514,868.522,862.701,729.065,277.766,757.961,273.301,1046.98,743.315,1065.77,750.336,1040.49,652.606,1030.7,666.825,,,,,,,,,,,,,,,,,,,,,,,,,,,,,,,,
232,882,461.378,379.922,146.477,725.11,131.918,647.866,,,585.174,629.032,,,,,,,,,,,,,,,,,,,,,818.005,243.433,,,,,,,,,,,,,,,512.838,657.926,,,,,,,,,,,,,633.329,751.624,873.986,760.811,,,,,547.019,274.502,,,,,,,,,,,768.073,312.872,788.559,255.558,675.401,555.543,795.957,505.032,997.973,690.541,1090.59,562.506,,,,,566.072,326.353,,,,,928.949,261.339,,,627.229,391.264,,,,,728.873,517.277,772.074,505.894,,,797.149,383.761,,,,,745.263,582.665,678.682,722.425,741.286,684.762,804.121,676.896,708.656,850.601,694.614,773.66,519.378,564.473,,,766.679,379.34,769.211,417.228,618.385,591.218,683.108,665.203,852.724,107.577,871.299,91.6624,1250.31,733.761,1201.14,717.645,1123.22,727.841,,,1093.44,692.54,1125.18,705.171,856.852,832.369,869.419,865.333,728.103,277.602,758.51,273.398,1046.22,742.711,1065.92,750.166,1040.4,653.292,1029.25,667.776,,,,,,,,,,,,,,,,,,,,,,,,,,,,,,,,
233,883,462.299,379.308,146.827,727.483,130.75,646.956,,,583.526,629.661,,,,,,,,,,,,,,,,,,,,,817.722,243.324,,,,,,,,,,,,,,,512.162,658.383,,,,,,,,,,,,,633.108,751.689,875.809,760.71,,,,,545.409,275.642,,,,,,,,,,,769.099,312.612,788.788,255.731,674.363,556.35,796.571,505.02,998.042,690.533,1090.54,562.5,,,,,567.169,326.949,,,,,929.043,261.055,,,627.249,391.178,,,,,727.662,519.467,772.108,506.732,,,797.661,383.765,,,,,745.821,582.802,678.463,724.175,740.597,684.247,806.417,677.246,708.446,850.676,694.226,772.78,519.427,564.982,,,767.462,378.403,769.536,418.147,620.061,591.22,683.235,665.821,853.64,109.23,872.055,92.9868,1250.78,734.08,1199.4,718.586,1122.2,727.259,,,1092.56,692.688,1125.06,705.888,857.511,835.244,870.312,867.788,727.437,277.572,757.835,274.266,1045.64,742.282,1066.14,749.936,1040.29,654.287,1029.44,667.458,,,,,,,,,,,,,,,,,,,,,,,,,,,,,,,,
234,884,463.158,378.729,147.307,730.783,129.573,646.107,,,581.77,630.332,,,,,,,,,,,,,,,,,,,,,817.333,243.262,,,,,,,,,,,,,,,511.627,658.738,,,,,,,,,,,,,632.538,751.886,878.273,760.573,,,,,543.95,276.724,,,,,,,,,,,770.213,312.326,788.989,255.891,672.865,557.501,796.815,505.23,998.093,690.55,1090.54,562.504,,,,,567.913,327.385,,,,,929.177,260.643,,,627.233,391.142,,,,,726.8,520.986,772.163,507.844,,,798.094,383.771,,,,,746.265,582.883,678.566,725.553,739.909,683.731,808.485,677.561,708.286,850.602,693.854,771.913,519.482,565.576,,,768.018,377.748,769.913,419.213,621.757,591.22,683.416,666.701,854.281,110.379,872.97,94.5694,1251.3,734.415,1197.97,719.257,1121.48,726.846,,,1091.3,692.933,1125.0,706.418,857.994,837.3,871.141,869.799,727.289,278.899,756.785,275.518,1044.6,741.955,1066.4,749.676,1040.18,655.254,1029.87,666.886,,,,,,,,,,,,,,,,,,,,,,,,,,,,,,,,
235,885,463.89,378.23,147.834,734.383,129.449,646.291,,,579.976,631.016,,,,,,,,,,,,,,,,,,,,,816.952,243.23,,,,,,,,,,,,,,,511.113,659.006,,,,,,,,,,,,,631.755,752.157,880.068,760.473,,,,,542.858,277.554,,,,,,,,,,,771.229,312.068,789.12,256.006,671.208,558.773,797.129,505.538,998.143,690.571,1090.53,562.513,,,,,567.826,327.842,,,,,929.313,260.231,,,626.926,391.408,,,,,726.165,521.488,772.225,509.119,,,798.395,383.777,,,,,747.078,582.723,678.738,727.367,739.412,683.355,810.212,677.824,708.073,850.483,693.581,771.284,519.537,566.177,,,768.444,377.432,770.337,420.409,622.973,591.216,683.623,667.713,854.543,110.668,873.999,96.3379,1251.77,734.72,1196.49,719.196,1121.26,726.593,,,1089.9,693.207,1125.14,706.898,858.39,838.446,875.743,876.791,727.128,280.851,755.728,276.811,1043.13,741.514,1066.67,749.413,1040.12,655.856,1030.35,666.285,,,,,,,,,,,,,,,,,,,,,,,,,,,,,,,,
236,886,464.43,377.852,148.323,737.657,129.333,646.599,,,578.216,631.687,,,,,,,,,,,,,,,,,,,,,816.693,243.214,,,,,,,,,,,,,,,510.422,659.358,,,,,,,,,,,,,630.82,752.48,880.126,760.466,,,,,541.466,279.224,,,,,,,,,,,771.96,311.891,789.006,256.116,669.693,559.945,797.474,505.895,998.21,690.575,1090.53,562.521,,,,,567.675,328.504,,,,,929.413,259.948,,,626.48,391.797,,,,,725.38,522.099,772.282,510.441,,,798.423,383.866,,,,,748.229,582.48,678.936,729.171,739.08,683.071,811.484,678.016,707.878,850.376,693.374,770.849,519.589,566.707,,,769.013,377.028,770.801,421.717,623.703,591.158,683.828,668.731,854.852,110.958,875.099,98.2197,1252.12,734.949,1194.64,719.022,1121.01,726.307,,,1088.61,693.443,1125.37,707.541,858.924,839.928,880.405,883.784,726.972,283.022,755.032,277.804,1041.51,741.035,1066.91,749.176,1040.33,655.069,1030.68,665.874,,,,,,,,,,,,,,,,,,,,,,,,,,,,,,,,
237,887,465.128,377.045,148.692,739.979,129.228,646.987,,,576.561,632.316,,,,,,,,,,,,,,,,,,,,,816.715,243.333,,,,,,,,,,,,,,,509.74,659.697,,,,,,,,,,,,,629.791,752.836,880.013,760.467,,,,,540.77,279.502,,,,,,,,,,,772.592,311.877,788.845,256.265,668.621,560.793,797.813,506.252,998.311,690.541,1090.53,562.518,,,,,567.428,329.188,,,,,929.496,259.93,,,626.021,392.201,,,,,724.463,522.806,772.321,511.696,,,798.451,383.988,,,,,749.499,582.208,679.119,730.518,738.642,682.689,812.051,678.091,707.77,850.338,693.101,770.272,519.635,567.09,,,769.674,376.567,771.299,423.12,624.666,591.069,684.003,669.626,855.165,111.248,876.225,100.142,1252.48,735.26,1193.24,718.919,1120.74,725.989,,,1087.66,693.572,1125.59,708.164,859.509,841.542,881.713,885.798,726.837,285.002,755.359,279.225,1040.01,740.595,1067.11,748.993,1040.61,653.893,1030.69,665.847,,,,,,,,,,,,,,,,,,,,,,,,,,,,,,,,
238,888,466.092,375.918,149.28,741.481,129.137,647.411,,,575.082,632.877,,,,,,,,,,,,,,,,,,,,,816.775,243.507,,,,,,,,,,,,,,,509.254,659.924,,,,,,,,,,,,,628.729,753.204,879.842,760.471,,,,,540.074,279.781,,,,,,,,,,,773.452,311.869,788.647,256.443,667.899,561.662,798.108,506.56,999.207,689.939,1090.54,562.5,,,,,567.054,329.711,,,,,929.594,259.944,,,625.671,392.509,,,,,723.433,523.593,772.329,512.77,,,798.48,384.134,,,,,750.668,581.961,679.749,731.933,738.163,682.271,812.77,678.186,708.12,850.796,692.796,769.642,519.82,567.522,,,770.373,376.077,771.825,424.601,625.703,590.976,684.122,670.27,855.44,111.539,877.333,102.033,1252.97,735.695,1192.65,719.211,1120.44,725.64,,,1086.51,693.079,1125.72,708.585,860.056,843.079,883.227,888.15,726.741,286.383,755.728,280.586,1038.93,740.268,1067.77,748.579,1040.85,652.967,1030.67,665.854,,,,,,,,,,,,,,,,,,,,,,,,,,,,,,,,
239,889,467.232,374.578,150.085,743.487,129.064,647.826,,,573.851,633.341,,,,,,,,,,,,,,,,,,,,,816.848,243.698,,,,,,,,,,,,,,,509.012,659.838,,,,,,,,,,,,,627.693,753.564,879.73,760.473,,,,,,,,,,,,,,,,,774.391,311.869,788.427,256.639,666.934,562.861,798.32,506.769,1000.51,689.069,1090.61,562.21,,,,,566.521,329.891,,,,,929.645,259.948,,,625.212,392.926,,,,,722.309,524.448,772.293,513.55,,,798.508,384.297,,,,,751.515,581.79,680.649,733.851,737.706,681.88,813.613,678.295,708.643,851.473,692.494,769.049,520.09,568.127,,,771.061,375.588,772.372,426.143,626.656,590.904,684.077,670.914,856.215,112.702,878.381,103.82,1253.53,736.194,1192.02,719.627,1120.12,725.264,,,1084.9,692.341,1125.46,708.479,860.478,844.336,884.764,890.542,726.733,287.039,755.366,281.091,1037.76,739.847,1068.72,747.986,1041.07,652.323,1030.65,665.871,543.415,276.718,535.898,286.74,,,,,,,,,,,,,,,,,,,,,,,,,,,,
240,890,468.46,373.133,151.045,745.85,129.013,648.188,,,572.938,633.68,,,,,,,,,,,,,,,,,,,,,816.911,243.87,,,,,,,,,,,,,,,508.704,659.686,,,,,,,,,,,,,626.742,753.896,879.701,760.473,,,,,,,,,,,,,,,,,775.258,311.876,788.194,256.843,665.892,564.173,798.47,506.741,1002.01,688.059,1090.71,561.817,,,,,561.692,326.861,,,,,929.46,259.86,,,624.581,393.5,,,,,721.109,525.357,771.293,514.268,,,798.535,384.469,,,,,752.393,581.736,681.549,735.742,737.335,681.576,814.551,678.417,709.227,852.225,692.23,768.581,520.386,568.783,,,771.684,375.13,772.936,427.728,627.365,590.878,684.001,671.8,857.063,113.858,879.323,105.429,1254.1,736.696,1191.55,719.932,1119.78,724.862,,,1083.14,691.519,1125.09,708.297,861.284,847.772,886.137,892.677,726.741,287.543,754.803,281.713,1036.14,739.257,1069.81,747.305,1041.36,651.485,1030.68,665.874,544.441,277.021,534.378,286.409,,,,,,,,,,,,,,,,,,,,,,,,,,,,
241,891,469.688,371.691,152.098,748.422,128.987,648.452,,,572.699,633.574,,,,,,,,,,,,,,,,,,,,,817.088,244.425,,,,,,,,,,,,,,,508.37,659.518,,,,,,,,,,,,,625.938,754.178,879.667,760.473,,,,,,,,,,,,,,,,,775.902,311.891,787.961,257.046,664.94,565.379,798.102,506.988,1003.52,687.038,1090.83,561.345,,,,,554.695,322.417,,,,,929.185,259.731,,,623.957,394.067,,,,,719.854,526.305,770.106,514.862,,,798.56,384.64,,,,,753.61,581.667,682.181,737.079,736.356,680.953,815.558,678.548,709.762,852.908,691.243,767.538,520.65,569.367,,,772.192,374.733,773.509,429.339,628.318,591.287,683.913,672.769,857.923,114.088,880.116,106.79,1254.62,737.144,1191.31,719.947,1119.41,724.435,,,1081.54,690.774,1124.64,708.073,862.402,852.634,887.162,894.257,726.777,287.706,754.165,282.362,1034.37,738.609,1070.89,746.627,1041.67,650.666,1031.14,665.784,543.971,276.904,534.97,286.555,,,,,,,,,,,,,,,,,,,,,,,,,,,,
242,892,470.826,370.359,153.182,751.057,129.483,648.554,,,572.399,633.417,,,,,,,,,,,,,,,,,,,,,817.337,245.208,,,,,,,,,,,,,,,508.046,659.383,,,,,,,,,,,,,625.338,754.392,879.664,760.473,,,,,,,,,,,,,,,,,776.791,312.084,787.739,257.236,664.246,566.261,794.165,509.394,1004.83,686.133,1090.96,560.816,,,,,547.696,317.95,,,,,928.908,259.595,,,623.523,394.462,,,,,718.562,527.28,768.575,514.643,,,798.583,384.804,,,,,754.935,581.602,682.386,737.593,734.954,680.064,816.606,678.684,710.135,853.378,689.815,766.049,520.821,569.759,,,774.078,372.755,774.085,430.959,629.651,591.891,683.834,673.663,859.086,114.297,880.716,107.829,1255.01,737.477,1190.99,719.955,1119.03,723.986,,,1080.43,690.268,1124.2,707.842,863.593,857.59,888.293,895.82,726.829,287.897,753.581,282.945,1032.74,738.015,1071.84,746.041,1041.93,650.078,1031.82,665.655,544.25,276.997,534.506,286.462,,,,,,,,,,,,,,,,,,,,,,,,,,,,
243,893,471.788,369.245,154.236,753.607,130.177,648.686,,,572.055,633.222,,,,,,,,,,,,,,,,,,,,,817.593,246.034,,,,,,,,,,,,,,,507.771,659.331,,,,,,,,,,,,,624.52,754.788,879.73,760.473,,,,,,,,,,,,,,,,,778.019,312.364,787.542,257.403,663.519,567.273,792.791,509.133,1005.74,685.473,1091.1,560.253,,,,,542.858,314.858,,,,,928.717,259.484,,,623.439,394.544,,,,,717.251,528.267,767.044,514.424,,,798.602,384.952,,,,,756.136,581.564,682.634,738.233,733.34,679.044,817.666,678.822,710.319,853.487,688.239,764.406,520.691,569.637,,,775.902,370.791,774.659,432.57,631.117,592.561,683.784,674.324,860.223,114.461,881.502,109.45,1255.85,738.018,1190.62,719.957,1118.63,723.516,,,1079.97,690.235,1123.81,707.64,864.617,861.305,889.863,897.974,726.886,288.1,753.177,283.369,1031.54,737.584,1072.48,745.638,1042.6,649.748,1032.52,665.516,543.746,277.103,534.014,286.557,,,,,,,,,,,,,,,,,,,,,,,,,,,,
244,894,472.483,368.456,155.198,755.925,130.743,648.986,,,571.683,633.001,,,,,,,,,,,,,,,,,,,,,817.786,246.714,,,,,,,,,,,,,,,506.874,659.984,,,,,,,,,,,,,623.42,755.324,880.623,760.472,,,,,,,,,,,,,,,,,779.232,312.64,787.38,257.538,662.517,568.684,791.892,508.784,1006.14,684.602,1091.24,559.678,,,,,542.237,314.37,,,,,928.704,259.241,,,623.354,394.629,,,,,715.942,529.252,,,,,798.617,385.076,,,,,756.983,581.571,682.888,738.901,731.724,678.026,818.712,678.959,710.562,853.613,686.806,762.9,520.524,569.463,,,775.912,370.503,775.223,434.156,632.465,593.168,683.832,675.188,861.005,114.553,882.504,111.549,1257.06,738.786,1190.22,719.955,1118.22,723.027,,,1079.43,690.244,1123.55,707.501,867.351,865.541,891.578,900.326,726.938,288.297,753.017,283.725,1030.11,737.145,1072.55,745.618,1043.56,649.333,1033.06,665.398,542.976,277.246,533.344,286.704,,,,,,,,,,,,,,,,,,,,,,,,,,,,
245,895,472.963,368.42,156.007,757.864,131.286,650.251,,,571.3,632.766,,,,,,,,,,,,,,,,,,,,,818.032,248.231,,,,,,,,,,,,,,,505.6,660.943,,,,,,,,,,,,,622.109,755.964,881.92,760.47,,,,,,,,,,,,,,,,,780.076,312.819,787.265,257.629,661.418,570.223,791.759,510.488,1006.6,683.402,1091.39,559.115,,,,,541.585,313.831,,,,,928.706,258.899,,,623.273,394.713,,,,,714.652,530.222,,,,,798.627,385.168,,,,,757.43,582.159,683.113,739.497,730.316,677.144,819.716,679.09,710.833,853.745,685.811,761.824,520.396,569.444,,,775.844,370.185,775.773,435.698,633.446,593.581,683.907,676.402,861.031,114.238,883.267,113.162,1258.44,739.666,1189.82,719.95,1117.79,722.522,,,1078.92,690.265,1123.53,707.437,871.23,871.307,893.141,902.483,726.973,288.47,752.831,284.199,1028.16,736.552,1072.61,745.629,1044.51,648.929,1033.85,665.104,542.216,277.403,532.699,286.87,,,,,,,,,,,,,,,,,,,,,,,,,,,,
246,896,473.609,368.405,156.601,759.277,131.757,651.689,,,570.921,632.528,,,,,,,,,,,,,,,,,,,,,818.378,250.384,,,,,,,,,,,,,,,504.299,661.911,,,,,,,,,,,,,620.657,756.675,883.22,760.469,,,,,,,,,,,,,,,,,780.236,312.689,787.381,257.332,660.404,571.62,,,1007.07,682.223,1091.53,558.586,,,,,540.921,313.261,,,,,928.714,258.559,,,623.198,394.789,,,,,713.401,531.163,,,,,798.544,385.239,,,,,758.013,583.02,683.275,739.923,729.327,676.533,820.65,679.214,711.098,853.871,685.436,760.945,520.229,569.434,,,775.719,369.851,776.302,437.18,634.507,593.611,683.992,677.726,860.985,113.769,883.659,114.128,1259.83,740.54,1189.44,719.944,1117.35,722.001,,,1078.57,690.268,1123.53,707.355,875.113,877.04,894.257,904.054,726.977,289.107,752.644,284.663,1026.22,735.971,1072.63,745.648,1045.18,648.633,1034.94,664.688,541.744,277.554,532.279,287.019,785.853,511.8,798.32,506.769,,,,,,,,,,,,,,,,,,,,,,,,
247,897,474.365,368.406,157.079,759.796,131.757,653.422,,,570.562,632.298,,,,,,,,,,,,,,,,,,,,,818.772,252.864,,,,,,,,,,,,,,,503.322,662.593,,,,,,,,,,,,,619.131,757.422,884.122,760.473,,,,,,,,,,,,,,,,,780.4,312.481,787.56,256.897,659.653,572.603,,,1007.43,681.419,1091.67,558.114,,,,,540.265,312.681,,,,,928.717,258.325,,,623.133,394.852,,,,,712.207,532.061,,,,,798.429,385.334,,,,,758.634,583.981,683.361,740.157,728.819,676.401,821.486,679.325,711.326,853.978,685.06,759.885,520.061,569.439,,,775.557,369.516,776.803,438.584,635.834,593.596,684.069,678.916,860.891,113.287,884.182,115.416,1261.03,741.294,1189.11,719.937,1116.9,721.468,,,1078.61,690.141,1123.54,707.269,877.861,881.172,895.096,905.725,726.98,290.024,752.481,284.992,1024.83,735.57,1072.59,745.658,1045.36,648.396,1036.04,664.27,542.363,278.112,532.59,287.5,784.322,512.675,799.195,508.628,,,,,,,,,,,,,,,,,,,,,,,,
248,898,475.175,368.417,157.55,760.227,131.918,654.902,,,570.241,632.09,,,,,,,,,,,,,,,,,,,,,819.167,255.363,,,,,,,,,,,,,,,502.185,662.852,,,,,,,,,,,,,617.602,758.169,884.275,760.524,,,,,,,,,,,,,,,,,780.553,312.246,787.728,256.47,658.657,573.126,,,1008.08,681.47,1091.79,557.722,,,,,539.637,312.112,,,,,928.7,258.297,,,622.938,395.016,,,,,711.091,532.902,,,,,798.291,385.446,,,,,759.198,584.868,683.473,740.47,728.155,676.258,822.197,679.422,711.486,854.054,684.797,759.122,519.931,569.463,,,775.381,369.196,777.271,439.894,636.824,593.581,684.122,679.73,860.774,112.93,884.796,116.931,1261.87,741.811,1188.85,719.932,1116.44,720.924,,,1078.69,689.952,1123.55,707.193,879.028,883.788,896.216,908.024,726.981,291.041,752.048,285.12,1024.07,735.547,1072.48,745.638,1045.55,648.083,1036.86,663.971,543.136,278.667,533.074,288.194,783.614,512.171,800.07,510.488,,,,,,,,,,,,,,,,,,,,,,,,
249,899,475.984,368.433,158.094,760.931,133.677,654.315,,,569.973,631.914,,,,,,,,,,,,,,,,,,,,,819.511,257.572,,,,,,,,,,,,,,,500.598,663.169,,,,,,,,,,,,,616.139,758.882,884.418,760.6,,,,,,,,,,,,,,,,,780.682,312.033,788.097,255.381,657.264,573.809,,,1009.0,681.614,1091.89,557.432,,,,,539.058,311.575,,,,,928.67,258.28,,,622.671,395.24,,,,,710.07,533.672,,,,,798.138,385.568,,,,,759.607,585.508,683.599,740.819,727.41,676.106,822.755,679.499,711.507,854.055,684.811,759.09,519.75,569.746,,,775.211,368.905,777.699,441.091,637.177,593.587,684.124,679.769,860.031,112.581,885.461,118.578,1262.22,741.795,1188.17,719.874,1115.97,720.37,,,1078.79,689.744,1123.55,707.14,880.502,887.3,897.494,910.656,726.979,291.975,751.432,285.274,1023.11,735.558,1070.91,745.222,1045.73,647.774,1037.75,663.809,543.901,278.797,533.646,288.993,782.857,511.351,800.425,509.811,,,,,,,,,,,,,,,,,,,,,,,,
250,900,476.737,368.449,158.825,761.885,,,,,569.774,631.782,,,,,,,,,,,,,,,,,,,,,819.755,259.181,,,,,,,,,,,,,,,498.867,663.505,,,,,,,,,,,,,614.811,759.527,884.553,760.684,,,,,,,,,,,,,,,,,780.772,311.891,788.35,254.479,655.733,574.537,,,1010.01,681.801,1092.59,557.424,,,,,538.547,311.091,,,,,928.664,258.286,,,622.353,395.507,,,,,709.164,534.358,,,,,797.979,385.693,,,,,759.977,586.161,683.727,741.164,726.663,675.951,823.76,679.766,711.522,854.046,684.867,759.133,519.498,570.157,,,775.069,368.659,778.081,442.159,637.584,593.599,684.125,679.787,859.018,112.142,886.137,120.262,1262.67,741.737,1187.23,719.788,1115.5,719.808,,,1078.9,689.56,1123.56,707.143,882.055,891.035,898.803,913.321,726.973,292.644,750.82,285.402,1022.17,735.575,1068.59,744.609,1045.9,647.55,1038.86,663.626,544.858,278.896,534.224,289.786,782.354,510.706,800.507,508.956,133.677,644.348,135.436,659.592,,,,,,,,,,,,,,,,,,,,
251,901,477.379,368.459,159.697,763.025,,,,,569.768,631.565,,,,,,,,,,,,,,,,,,,,,819.915,261.19,,,,,,,,,,,,,,,497.3,663.821,,,,,,,,,,,,,613.687,760.069,884.679,760.759,,,,,,,,,,,,,,,,,780.74,311.922,787.437,255.359,654.328,575.194,,,1010.9,681.978,1093.53,557.448,,,,,538.125,310.682,,,,,928.717,258.325,,,622.007,395.797,,,,,708.391,534.946,,,,,797.824,385.816,,,,,760.469,587.042,683.841,741.462,725.991,675.796,825.182,680.148,711.519,854.042,684.888,759.171,519.208,570.632,,,774.974,368.472,778.412,443.08,637.949,593.602,684.125,679.789,858.223,111.771,886.782,121.887,1263.19,741.654,1186.11,719.686,1115.02,719.242,,,1078.98,689.442,1123.57,707.154,883.458,894.321,900.018,915.725,726.895,293.235,750.394,285.456,1021.48,735.57,1066.05,743.934,1046.5,647.387,1039.71,663.496,545.642,278.945,534.724,290.464,782.67,510.31,799.195,509.394,133.562,644.302,134.515,666.711,,,,,,,,,,,,,,,,,,,,
252,902,477.852,368.456,160.661,764.289,,,,,569.765,631.277,,,,,,,,,,,,,,,,,,,,,820.124,263.945,,,,,,,,,,,,,,,496.204,664.076,,,,,,,,,,,,,612.838,760.473,884.797,760.811,,,,,,,,,,,,,,,,,780.685,311.983,786.57,256.258,653.31,575.665,,,1011.49,682.095,1094.26,557.432,,,,,536.968,309.09,,,,,929.466,258.81,,,621.656,396.091,,,,,707.771,535.421,,,,,797.681,385.928,,,,,760.968,587.921,683.931,741.672,725.472,675.644,826.754,680.574,711.486,854.054,684.797,759.122,518.914,571.112,,,774.894,368.359,778.685,443.836,638.176,593.581,684.125,679.781,857.636,111.223,887.358,123.357,1263.72,741.566,1184.89,719.577,1114.54,718.671,,,1079.22,689.566,1123.57,707.158,884.483,896.486,901.014,917.568,726.792,293.957,750.319,284.99,1020.84,735.377,1063.81,743.337,1047.35,647.174,1040.25,663.489,546.582,278.784,535.063,290.916,783.188,509.802,798.867,508.847,134.122,644.257,135.045,663.891,,,,,,,,,,,,,,,,,,,,
253,903,478.43,368.296,161.672,765.615,,,,,569.765,630.933,,,,,,,,,,,,,,,,,,,,,820.313,266.67,,,,,,,,,,,,,,,495.728,664.72,,,,,,,,,,,,,611.55,760.859,885.262,760.815,,,,,,,,,,,,,,,,,780.622,312.052,786.969,255.29,652.276,575.997,,,1011.11,682.109,1094.66,557.078,,,,,535.713,307.341,,,,,930.472,259.454,,,621.321,396.369,,,,,707.453,535.929,,,,,797.559,386.024,,,,,761.357,588.57,684.145,741.754,724.312,674.745,828.209,680.974,711.072,854.257,683.423,758.171,518.649,571.533,,,774.786,368.216,779.094,444.574,637.83,593.272,684.124,679.766,856.873,110.462,887.823,124.577,1264.25,741.49,1183.66,719.47,1114.06,718.099,,,1079.57,689.761,1123.55,707.14,885.465,894.979,904.392,921.622,726.741,294.5,750.257,284.303,1020.07,735.109,1062.42,742.953,1048.2,646.969,1040.95,663.494,547.865,278.542,535.045,290.653,783.726,509.31,798.539,508.3,134.655,643.799,134.85,666.041,,,,,,,,,,,,,,,,,,,,
254,904,479.221,368.079,162.682,766.94,,,,,569.766,630.547,,,,,,,,,,,,,,,,,,,,,820.411,268.586,,,,,,,,,,,,,,,495.122,665.646,,,,,,,,,,,,,609.788,761.381,885.935,760.817,,,,,,,,,,,,,,,,,780.568,312.106,787.619,253.808,650.88,576.429,,,1010.48,682.119,1095.17,556.56,,,,,534.506,305.671,,,,,931.081,259.797,,,621.024,396.614,,,,,707.038,536.609,,,,,797.468,386.096,,,,,761.971,589.164,684.449,741.853,722.678,673.451,829.28,681.279,710.463,854.553,681.533,756.85,518.448,571.835,,,774.658,368.048,779.626,445.525,637.302,592.818,684.123,679.749,856.09,109.718,888.137,125.452,1264.73,741.446,1182.51,719.375,1113.57,717.527,,,1079.93,689.951,1123.28,706.866,886.824,893.581,906.239,922.791,726.99,294.741,750.205,283.612,1019.46,734.899,1064.49,743.332,1048.79,646.827,1041.62,663.5,549.15,278.294,534.991,290.229,784.104,508.956,,,135.135,643.243,136.609,667.8,,,,,,,,,,,,,,,,,,,,
255,905,480.154,367.82,163.644,768.202,,,,,569.769,630.134,,,,,,,,,,,,,,,,,,,,,819.991,269.199,,,,,,,,,,,,,,,494.487,666.664,,,,,,,,,,,,,607.686,762.0,886.679,760.817,,,,,,,,,,,,,,,,,780.54,312.123,787.96,252.528,649.497,576.861,,,1009.85,682.116,1095.73,555.983,,,,,,,,,,,929.877,258.557,,,620.789,396.805,,,,,706.551,537.42,,,,,797.303,386.216,,,,,762.837,589.977,684.8,741.964,721.032,672.142,830.657,681.83,709.791,854.883,680.068,755.743,518.031,572.123,,,774.513,367.86,780.26,446.652,636.709,592.316,684.122,679.735,855.44,109.22,887.32,125.233,1265.12,741.45,1181.51,719.3,1113.09,716.957,,,1080.22,690.061,1122.88,706.465,890.878,896.622,908.557,924.05,727.362,295.027,750.162,283.137,1019.04,734.755,1067.68,743.927,1048.89,646.827,1042.09,663.496,550.096,278.11,534.918,289.741,784.253,508.775,,,135.265,642.421,137.07,669.826,,,,,,,,,,,,,,,,,,,,
256,906,481.162,367.534,164.512,769.338,,,,,569.773,629.707,,,,,,,,,,,,,,,,,,,,,819.368,269.917,,,,,,,,,,,,,,,493.924,667.588,,,,,,,,,,,,,605.382,762.677,887.359,760.815,,,,,,,,,,,,,,,,,780.672,311.81,786.57,250.623,648.499,577.196,,,1009.46,682.095,1096.24,555.451,,,,,,,,,,,931.081,258.784,,,619.982,397.384,,,,,706.015,538.316,,,,,797.07,386.386,,,,,763.789,590.865,685.152,742.083,719.836,671.195,832.593,682.613,709.188,855.186,679.152,754.292,517.433,572.521,,,774.358,367.658,780.972,447.916,636.172,591.863,684.122,679.73,853.974,109.381,886.094,124.837,1266.61,742.3,1180.74,719.257,1112.62,716.391,,,1080.77,689.793,1122.44,706.021,892.568,896.622,910.82,925.193,727.713,295.339,750.084,283.094,1018.45,734.559,1070.92,744.539,1048.97,646.842,1042.22,663.395,550.949,277.932,534.843,289.288,784.437,508.541,,,135.412,641.276,137.593,672.636,,,,,,,,,,,,,,,,,,,,
257,907,482.176,367.238,165.238,770.286,,,,,569.777,629.281,,,,,,,,,,,,,,,,,,,,,818.67,270.677,,,,,,,,,,,,,,,493.534,668.229,,,,,,,,,,,,,603.013,763.372,887.838,760.811,,,,,,,,,,,,,,,,,780.867,311.353,787.163,250.623,647.868,577.694,,,1009.9,681.824,1096.62,555.068,,,,,,,,,,,931.757,258.784,,,618.883,398.17,,,,,705.456,539.256,,,,,796.797,386.586,,,,,764.664,591.683,685.461,742.206,718.932,670.525,834.804,683.511,708.784,855.405,677.978,752.293,516.778,572.953,,,774.197,367.446,781.74,449.28,635.811,591.554,684.122,679.729,851.912,109.672,884.719,124.366,1268.62,743.47,1179.01,719.531,1112.14,715.83,,,1081.56,689.391,1122.03,705.616,892.568,896.622,912.5,926.014,727.901,295.659,749.977,283.081,1017.78,734.333,1073.15,744.966,1049.05,646.858,1042.34,663.247,552.119,277.687,534.785,288.967,784.633,508.289,,,135.562,640.001,138.12,675.722,,,,,,,,,,,,,,,,,,,,
258,908,483.127,366.947,165.776,770.983,,,,,569.78,628.87,,,,,,,,,,,,,,,,,,,,,818.027,271.42,,,,,,,,,,,,,,,493.511,668.447,,,,,,,,,,,,,600.714,764.045,888.129,760.762,,,,,,,,,,,,,,,,,781.072,310.875,786.867,251.513,647.06,578.383,,,1010.56,681.435,1097.2,554.695,,,,,,,,,,,931.757,258.446,,,617.564,399.112,,,,,704.898,540.194,,,,,796.512,386.793,,,,,765.294,592.288,685.681,742.328,717.705,669.618,837.007,684.407,708.884,855.615,676.836,750.33,516.186,573.342,,,774.035,367.231,782.543,450.703,635.838,591.541,684.122,679.729,849.817,109.97,883.458,123.919,1270.18,744.339,1176.56,719.937,1111.68,715.278,,,1082.42,688.938,1121.75,705.334,895.946,901.014,914.1,926.343,727.206,297.039,749.847,283.096,1017.08,734.098,1073.48,745.101,1049.11,646.858,1042.46,663.104,553.391,277.419,534.612,288.697,784.821,508.052,,,135.7,638.79,138.593,678.578,,,,,,,,,,,,,,,,,,,,
259,909,483.946,366.677,166.103,771.245,,,,,569.782,628.49,,,,,,,,,,,,,,,,,,,,,817.567,272.085,,,,,,,,,,,,,,,493.52,668.694,,,,,,,,,,,,,598.623,764.658,888.517,760.693,,,,,,,,,,,,,,,,,781.236,310.5,786.57,251.513,646.26,579.08,,,1011.36,680.975,1098.02,554.185,,,,,,,,,,,936.138,260.644,,,616.098,400.159,,,,,704.367,541.089,,,,,796.239,386.988,,,,,765.89,593.074,685.856,743.127,716.264,668.554,838.918,685.185,709.058,855.902,676.014,748.986,515.779,573.615,,,773.879,367.017,783.358,452.149,635.811,591.554,684.122,679.729,848.252,110.147,882.571,123.597,1271.22,744.512,1174.09,720.341,1111.22,714.734,,,1083.2,688.515,1121.56,705.217,896.284,903.716,916.247,926.734,726.169,299.019,749.699,283.137,1016.42,733.876,1073.85,745.275,1049.15,646.827,1042.57,663.02,554.551,277.174,534.363,288.327,784.978,507.863,,,135.811,637.838,138.954,680.699,,,,,,,,,,,,,,,,,,,,
260,910,484.564,366.443,166.54,771.576,,,,,569.782,628.153,,,,,,,,,,,,,,,,,,,,,817.171,274.641,,,,,,,,,,,,,,,493.537,668.931,,,,,,,,,,,,,596.875,765.169,888.973,760.611,,,,,,,,,,,,,,,,,781.536,309.856,784.714,252.528,645.655,579.602,,,1012.2,680.492,1098.92,553.625,,,,,,,,,,,943.79,266.905,,,614.558,401.259,,,,,703.887,541.897,,,,,796.008,387.149,,,,,766.708,594.17,686.094,744.29,714.722,667.417,840.254,685.728,709.272,856.23,675.544,749.029,515.708,573.723,,,773.733,366.81,784.163,453.578,635.015,591.449,684.122,679.73,846.542,109.831,882.01,123.184,1272.62,744.699,1172.3,720.608,1110.77,714.203,,,1083.73,688.202,1121.33,705.092,896.284,903.716,918.379,927.102,725.129,301.0,748.912,283.56,1015.85,733.688,1074.23,745.473,1049.11,646.304,1042.86,663.196,555.385,276.997,534.088,287.926,785.453,507.418,,,136.055,635.654,139.468,683.637,,,,,,,,,,,,,,,,,,,,
261,911,485.77,365.085,167.032,771.941,,,,,569.78,627.875,,,,,,,,,,,,,,,,,,,,,816.679,278.096,,,,,,,,,,,,,,,493.534,669.119,,,,,,,,,,,,,595.608,765.541,889.469,760.521,,,,,,,,,,,,,,,,,781.958,308.954,,,644.933,580.191,,,1013.0,680.035,1099.74,553.102,,,,,,,,,,,946.573,268.296,,,613.017,402.363,,,,,703.482,542.574,,,,,795.845,387.255,,,,,767.6,595.377,686.354,745.578,713.188,666.288,840.726,685.917,709.49,856.562,674.95,749.239,515.638,573.858,,,773.601,366.615,784.936,454.953,633.859,591.291,684.122,679.73,844.388,109.365,881.289,122.646,1274.21,744.893,1170.89,720.485,1110.33,713.684,,,1083.82,687.76,1121.02,704.973,897.973,909.122,919.932,927.365,724.423,302.384,747.785,284.172,1015.44,733.557,1074.62,745.681,1049.05,645.542,1043.28,663.459,556.099,276.824,533.841,287.56,786.139,506.777,,,136.401,632.545,140.193,687.779,776.83,250.441,787.497,253.687,,,,,,,,,,,,,,,,
262,912,487.446,363.176,167.526,772.303,,,,,569.774,627.669,,,,,,,,,,,,,,,,,,,,,816.255,280.834,,,,,,,,,,,,,,,493.367,669.433,,,,,,,,,,,,,595.17,765.662,889.977,760.428,,,,,,,,,,,,,,,,,782.367,308.072,,,643.928,581.009,,,1013.7,679.652,1100.34,552.703,,,,,,,,,,,947.732,268.296,,,611.547,403.419,,,,,703.178,543.076,,,,,795.78,387.099,,,,,768.418,596.493,686.594,746.754,711.775,665.251,841.328,686.157,709.677,856.863,674.38,749.492,515.574,573.999,,,773.491,366.437,785.655,456.236,632.561,591.119,684.122,679.73,842.686,108.988,880.437,122.005,1275.78,745.083,1169.04,720.275,1109.91,713.181,,,1083.89,687.148,1119.61,704.675,885.725,894.831,921.117,927.471,724.487,302.742,746.629,284.789,1015.12,733.553,1074.99,745.883,1048.98,644.66,1043.7,663.74,557.071,276.59,533.671,287.297,786.894,506.075,,,136.8,628.966,141.022,692.514,778.221,253.687,787.844,253.571,,,,,,,,,,,,,,,,
263,913,489.437,360.898,167.969,772.629,,,,,569.597,627.84,,,,,,,,,,,,,,,,,,,,,815.555,283.137,,,,,,,,,,,,,,,493.13,669.867,,,,,,,,,,,,,594.613,765.815,890.468,760.337,,,,,,,,,,,,,,,,,782.627,307.485,,,642.825,581.905,,,1014.19,679.392,1100.94,551.994,,,,,,,,,,,948.196,267.369,,,610.221,404.375,,,,,702.854,543.446,,,,,795.699,386.894,,,,,769.012,597.319,686.774,747.578,710.592,664.387,842.03,686.437,709.797,857.095,673.986,749.662,515.521,574.123,,,773.405,366.281,786.297,457.386,631.337,590.969,684.121,679.73,841.188,108.62,879.484,121.285,1277.14,745.263,1167.21,720.063,1109.5,712.695,,,1083.93,686.547,1117.58,704.254,900.676,912.838,922.671,927.6,724.646,303.143,745.756,285.224,1014.71,733.555,1075.33,746.064,1048.9,643.779,1044.0,663.971,558.131,276.33,533.651,287.077,787.575,505.445,,,137.204,625.369,141.847,697.229,778.71,253.927,788.192,253.455,,,,,,,,,,,,,,,,
264,914,491.586,358.432,168.306,772.881,,,,,569.364,628.069,,,,,,,,,,,,,,,,,,,,,815.088,284.388,,,,,,,,,,,,,,,492.852,670.371,,,,,,,,,,,,,593.966,765.991,890.913,760.255,,,,,,,,,,,,,,,,,782.358,307.727,,,641.809,582.726,,,1014.58,679.529,1101.76,550.989,,,,,,,,,,,,,,,609.111,405.182,,,,,702.41,543.951,,,,,795.604,386.647,,,,,769.624,598.424,687.047,748.014,709.752,663.78,842.801,686.744,709.683,857.637,673.966,749.682,515.482,574.208,,,773.351,366.153,786.841,458.368,630.405,590.878,684.121,679.729,839.138,108.114,878.458,120.508,1278.12,745.422,1165.88,719.932,1109.1,712.227,,,1083.94,686.137,1115.55,703.832,902.241,915.931,924.207,927.697,724.842,303.551,744.686,285.398,1014.21,733.56,1075.62,746.211,1048.84,643.017,1044.1,664.48,559.11,276.082,533.649,286.794,788.041,505.02,,,137.566,622.207,142.562,701.312,779.275,253.921,788.967,252.427,944.022,262.731,955.384,269.456,,,,,,,,,,,,
265,915,493.738,355.96,168.986,773.437,,,,,569.086,628.345,,,,,,,,,,,,,,,,,,,,,814.46,286.046,,,,,,,,,,,,,,,492.561,670.892,,,,,,,,,,,,,593.261,766.183,891.285,760.185,,,,,,,,,,,,,,,,,781.936,308.145,,,641.062,583.321,,,1015.11,679.754,1102.71,549.836,,,,,,,,,,,,,,,608.292,405.788,,,,,701.901,544.521,,,,,795.498,386.367,,,,,770.45,599.944,687.43,748.577,709.717,663.962,843.613,687.068,709.51,858.412,673.971,749.701,515.484,574.191,,,774.011,365.549,787.265,459.141,628.677,591.077,684.121,679.729,836.91,107.56,877.391,119.698,1278.79,746.095,1164.92,720.118,1108.73,711.781,,,1083.64,686.167,1114.16,703.528,902.027,916.892,925.338,927.703,725.019,303.929,743.223,285.604,1013.67,733.567,1075.84,746.309,1048.79,642.493,1044.23,665.2,559.84,275.883,533.645,286.464,788.08,505.079,,,137.838,619.932,143.058,704.151,779.776,253.798,789.986,251.025,945.877,265.05,957.703,270.847,,,,,,,,,,,,
266,916,495.738,353.666,169.918,774.195,,,,,568.772,628.659,,,,,,,,,,,,,,,,,,,,,813.735,287.948,,,,,,,,,,,,,,,492.285,671.381,,,,,,,,,,,,,592.528,766.383,891.554,760.135,,,,,,,,,,,,,,,,,781.511,308.581,,,640.154,583.915,,,1015.68,680.011,1103.65,548.682,,,,,,,,,,,,,,,607.774,406.577,,,,,701.384,545.086,,,,,795.384,386.062,,,,,771.269,601.464,687.853,749.185,709.694,664.229,844.436,687.396,709.305,859.303,673.987,749.709,515.482,574.208,,,774.985,364.671,787.929,460.908,626.224,591.376,684.121,679.729,834.876,107.049,876.311,118.877,1279.69,747.074,1163.66,720.401,1108.37,711.357,,,1083.23,686.266,1114.08,703.352,902.748,917.834,926.317,926.9,725.118,304.239,741.752,285.794,1013.11,733.573,1076.12,746.047,1048.73,642.461,1044.36,665.9,560.873,275.374,533.616,286.103,788.088,505.213,,,138.34,617.679,143.171,704.845,780.076,253.687,790.743,249.977,946.669,265.059,961.414,272.006,,,,,,,,,,,,
267,917,497.43,351.73,171.031,775.1,,,,,568.432,629.0,,,,,,,,,,,,,,,,,,,,,812.977,289.93,,,,,,,,,,,,,,,492.051,671.788,,,,,,,,,,,,,591.799,766.583,891.59,760.108,,,,,,,,,,,,,,,,,781.236,308.877,,,638.883,584.735,,,1016.19,680.247,1104.47,547.674,,,,,,,,,,,,,,,607.112,407.661,,,,,700.916,545.575,,,,,795.265,385.741,,,,,771.855,602.568,688.241,749.754,709.683,664.561,845.239,687.716,709.097,860.191,673.997,749.7,515.415,574.562,,,776.069,363.701,788.872,463.441,623.52,591.712,684.122,679.73,833.411,106.669,875.247,118.068,1280.66,748.151,1162.42,720.703,1108.03,710.958,,,1082.91,686.343,1114.08,703.124,903.725,919.084,927.654,925.726,724.848,305.025,740.655,285.92,1012.58,733.577,1076.51,745.665,1048.65,642.459,1044.47,666.35,562.197,274.7,533.539,285.726,788.072,505.36,,,138.851,615.203,143.289,705.611,779.446,253.192,790.933,249.682,947.268,264.818,963.293,273.631,,,,,,,,,,,,
268,918,498.658,350.336,172.253,776.096,,,,,568.076,629.358,,,,,,,,,,,,,,,,,,,,,812.251,291.831,,,,,,,,,,,,,,,491.096,673.298,,,,,,,,,,,,,591.103,766.775,891.631,760.073,,,,,,,,,,,,,,,,,781.42,308.869,,,637.497,585.629,,,1016.55,680.405,1105.07,546.959,,,,,,,,,,,,,,,606.454,408.737,,,,,700.553,545.92,,,,,795.144,385.41,,,,,772.182,603.383,688.524,750.202,709.68,664.938,845.994,688.018,708.914,860.959,673.986,749.662,515.321,575.076,,,777.061,362.82,789.901,466.227,621.04,592.018,684.127,679.734,832.118,106.148,874.229,117.295,1281.52,749.115,1161.49,720.946,1107.72,710.585,,,1082.74,686.349,1114.12,702.874,904.903,920.572,929.109,924.414,724.442,306.132,739.498,285.837,1012.1,733.577,1076.96,745.21,1048.56,642.473,1044.83,665.944,563.18,274.213,533.393,285.348,788.041,505.457,,,139.189,611.149,143.41,706.381,778.685,252.759,791.126,249.37,947.575,265.133,965.378,275.719,,,,,,,,,,,,
269,919,499.671,349.423,173.513,777.126,,,,,567.715,629.722,,,,,,,,,,,,,,,,,,,,,811.62,293.485,,,,,,,,,,,,,,,489.73,675.456,,,,,,,,,,,,,590.472,766.953,891.674,760.031,,,,,,,,,,,,,,,,,781.712,308.837,,,636.245,586.448,,,1016.67,680.428,1105.67,546.653,,,,,,,,,,,,,,,605.948,409.498,,,,,699.684,546.057,,,,,795.022,385.08,,,,,772.609,604.48,688.829,751.175,709.684,665.341,846.67,688.29,708.784,861.486,673.718,749.118,515.211,575.672,,,777.757,362.211,790.821,468.752,619.257,592.23,684.137,679.742,830.525,105.489,873.287,116.581,1282.1,749.756,1160.49,721.429,1107.43,710.24,,,1082.51,686.352,1114.16,702.637,906.225,922.229,930.444,923.193,724.027,307.278,737.93,285.703,1011.7,733.571,1077.43,744.731,1048.48,642.489,1045.36,665.307,563.459,274.213,531.412,282.82,787.742,505.434,,,140.145,607.763,143.53,707.089,777.931,253.143,791.302,249.071,947.964,265.621,966.979,277.34,,,,,,,,,,,,
270,920,501.05,348.192,174.737,778.135,,,,,567.357,630.083,,,,,,,,,,,,,,,,,,,,,811.149,294.731,,,,,,,,,,,,,,,488.339,677.633,,,,,,,,,,,,,589.936,767.107,891.718,759.986,,,,,,,,,,,,,,,,,782.05,308.786,,,635.375,587.039,,,1016.79,680.432,1106.49,546.268,,,,,,,,,,,,,,,605.248,409.814,,,,,698.468,546.224,,,,,794.904,384.757,,,,,773.068,605.671,689.248,752.559,709.694,665.75,847.238,688.519,708.674,861.514,673.329,748.329,515.095,576.272,,,778.159,362.025,791.439,470.504,617.645,592.308,684.144,679.748,829.237,105.046,872.45,115.947,1281.94,749.519,1159.14,722.104,1107.16,709.926,,,1082.27,686.351,1114.16,702.445,907.638,923.987,931.419,922.297,723.727,308.181,736.391,285.561,1011.41,733.557,1077.88,744.274,1048.43,642.493,1045.93,664.587,563.636,274.01,528.704,279.374,787.305,505.395,,,141.484,603.275,143.644,707.669,776.915,253.748,791.439,248.817,948.294,266.113,968.19,278.468,,,,,,,,,,,,
271,921,502.671,346.753,175.855,779.066,,,,,567.014,630.429,,,,,,,,,,,,,,,,,,,,,810.382,296.958,,,,,,,,,,,,,,,487.306,679.203,,,,,,,,,,,,,589.527,767.23,891.761,759.94,,,,,,,,,,,,,,,,,782.375,308.72,,,635.1,587.597,,,1016.89,680.405,1107.43,545.838,,,,,,,,,,,,,,,604.293,410.223,,,,,697.035,546.415,,,,,794.791,384.45,,,,,773.495,606.773,689.711,754.09,709.708,666.144,847.669,688.694,708.524,861.507,672.931,747.531,514.984,576.799,,,778.696,361.797,791.279,471.083,615.491,592.399,684.142,679.746,827.811,105.363,871.747,115.419,1281.66,749.103,1157.78,722.792,1106.92,709.644,,,1082.05,686.348,1113.83,701.939,909.083,925.775,932.496,921.135,723.516,309.742,735.321,285.456,1011.51,733.218,1078.26,743.889,1048.54,642.424,1046.47,663.934,563.867,273.716,526.711,276.718,786.822,505.345,,,142.943,598.839,144.17,709.076,775.914,254.381,791.629,248.203,948.428,266.441,969.298,279.427,,,,,,,,,,,,
272,922,504.409,345.214,176.794,779.865,,,,,566.694,630.751,,,,,,,,,,,,,,,,,,,,,809.317,300.068,,,,,,,,,,,,,,,486.248,680.244,,,,,,,,,,,,,588.887,767.647,891.801,759.896,,,,,,,,,,,,,,,,,782.627,308.645,,,634.778,588.363,,,1017.02,680.194,1108.37,545.394,,,,,,,,,,,,,,,603.155,410.699,,,,,695.52,546.619,,,,,794.687,384.167,,,,,773.824,607.598,690.149,755.507,709.723,666.504,847.988,688.901,708.362,861.487,672.635,746.959,514.889,577.174,,,779.314,361.543,791.033,471.822,613.361,592.489,684.122,679.73,826.014,105.859,871.209,115.017,1281.32,748.653,1156.76,723.311,1106.71,709.396,,,1081.87,686.343,1113.35,701.21,910.507,927.526,933.991,919.513,723.261,311.769,735.155,285.337,1011.66,732.739,1078.52,743.624,1048.71,642.314,1046.85,663.496,564.122,273.384,526.459,275.195,786.381,505.29,,,144.257,595.608,144.917,711.057,775.206,254.846,791.882,247.338,947.176,266.332,970.076,279.699,,,,,,,,,,,,
273,923,506.142,343.686,177.481,780.474,,,,,566.408,631.038,,,,,,,,,,,,,,,,,,,,,808.241,303.176,,,,,,,,,,,,,,,484.778,681.64,,,,,,,,,,,,,587.98,768.251,891.838,759.855,,,,,,,,,,,,,,,,,783.192,308.095,,,634.44,589.2,,,1017.21,679.888,1109.2,544.969,,,,,,,,,,,,,,,601.909,411.214,,,,,694.055,546.829,,,,,794.594,383.917,,,,,774.433,608.828,690.492,756.545,709.738,666.81,848.421,689.188,708.214,861.472,672.331,746.627,514.486,577.493,,,779.956,361.279,790.723,472.673,611.824,592.568,683.809,679.472,824.599,106.205,870.951,115.015,1281.01,748.312,1155.49,723.939,1106.59,709.33,,,1081.48,686.28,1112.82,700.408,911.852,929.17,935.625,917.729,723.031,313.283,735.007,285.167,1011.85,732.165,1078.49,743.657,1048.89,642.202,1047.22,663.543,564.367,273.068,526.261,273.179,786.072,505.238,,,148.41,593.204,145.799,713.387,774.932,255.292,792.203,246.458,945.333,266.138,970.988,279.942,,,,,,,,,,,,
274,924,507.745,342.28,177.992,781.808,,,,,566.166,631.28,,,,,,,,,,,,,,,,,,,,,807.439,305.398,,,,,,,,,,,,,,,483.184,683.138,,,,,,,,,,,,,586.987,768.916,891.869,759.822,,,,,,,,,,,,,,,,,783.935,307.347,,,634.118,589.971,,,1017.41,679.546,1109.8,544.595,,,,,,,,,,,,,,,600.625,411.74,,,,,692.772,547.037,,,,,794.515,383.707,,,,,775.296,610.559,691.247,757.813,709.752,667.042,848.928,689.527,708.108,861.486,671.947,746.245,513.919,577.93,,,780.566,361.021,790.373,473.589,610.842,592.774,683.349,679.094,823.401,106.023,870.618,115.024,1279.93,747.847,1153.84,724.734,1106.44,709.246,,,1080.92,686.188,1112.33,699.686,913.065,930.638,937.113,916.08,722.566,313.762,734.873,284.987,1012.06,731.544,1078.44,743.712,1049.05,642.128,1047.72,663.656,564.572,272.821,526.105,271.035,785.919,504.969,,,153.957,590.334,146.728,715.844,774.61,255.889,792.598,245.803,943.472,265.922,971.617,280.122,,,,,,,,,,,,
275,925,509.094,341.104,178.677,783.643,,,,,565.978,631.466,,,,,,,,,,,,,,,,,,,,,806.597,306.603,,,,,,,,,,,,,,,481.756,684.486,,,,,,,,,,,,,586.091,769.518,891.892,759.797,,,,,,,,,,,,,,,,,784.482,306.79,,,633.844,590.538,,,1017.6,679.229,1110.47,542.905,,,,,,,,,,,,,,,599.377,412.25,,,,,691.805,547.232,,,,,794.453,383.545,,,,,776.248,612.462,692.324,759.592,709.996,667.554,849.472,689.891,708.027,861.829,671.622,745.946,513.242,578.444,,,781.088,360.785,790.009,474.521,609.579,593.066,682.842,678.676,821.947,105.725,870.228,115.041,1278.36,747.188,1152.36,725.338,1106.27,709.149,,,1080.3,686.086,1111.99,699.195,914.087,931.861,938.176,914.865,721.903,314.334,734.747,284.838,1012.27,730.923,1078.37,743.783,1049.15,642.132,1048.26,663.808,565.198,272.263,525.98,269.124,785.721,504.575,,,158.108,588.176,147.616,718.203,774.297,256.487,,,942.167,265.745,971.381,280.25,,,,,,,,,,,,
276,926,510.067,340.268,179.486,785.836,,,,,565.663,631.699,,,,,,,,,,,,,,,,,,,,,805.458,308.111,,,,,,,,,,,,,,,480.781,685.431,,,,,,,,,,,,,585.473,769.932,891.898,759.796,,,,,,,,,,,,,,,,,784.576,306.653,,,632.988,591.241,,,1017.74,678.998,1111.82,542.568,,,,,,,,,,,,,,,598.238,412.715,,,,,689.827,548.537,,,,,794.375,383.489,,,,,777.125,614.21,693.562,761.622,710.32,668.232,850.013,690.254,707.904,862.325,671.14,745.683,512.511,578.994,,,781.467,360.588,789.654,475.421,608.341,593.362,682.39,678.298,820.889,105.51,869.795,115.065,1276.64,746.473,1149.46,725.639,1106.07,709.041,,,1079.76,685.993,1111.81,699.182,914.865,932.77,938.972,913.307,721.172,314.922,734.626,284.76,1012.47,730.349,1078.29,743.865,1049.03,643.057,1048.75,663.971,566.088,271.479,525.876,267.81,785.512,504.142,,,159.402,587.157,148.377,720.243,774.047,256.933,,,941.733,265.354,971.385,280.354,,,,,,,,,,,,
277,927,510.547,340.282,180.368,788.244,,,,,565.248,632.006,,,,,,,,,,,,,,,,,,,,,804.324,309.595,,,,,,,,,,,,,,,480.786,685.797,,,,,,,,,,,,,585.336,770.009,891.911,759.796,,,,,,,,,,,,,,,,,784.656,306.514,,,631.772,592.224,,,1017.91,678.716,1112.11,542.425,,,,,,,,,,,,,,,597.28,413.109,,,,,687.003,550.441,,,,,794.277,383.42,,,,,777.761,615.472,694.798,763.641,710.709,669.042,850.511,690.588,707.788,862.886,670.46,745.328,511.781,579.539,,,781.787,359.823,789.333,476.243,607.432,593.581,682.095,678.041,820.73,105.563,869.339,115.093,1275.12,745.839,1145.31,726.035,1105.86,708.926,,,1079.4,685.93,1111.58,699.216,916.031,932.926,940.064,911.127,720.5,315.448,734.112,285.175,1012.64,729.869,1078.2,743.954,1048.83,644.402,1050.35,664.775,566.986,270.671,525.737,267.771,785.326,503.752,,,160.83,585.911,148.921,721.74,773.598,257.415,,,941.208,264.797,973.936,280.354,,,,,,,,,,,,
278,928,511.176,340.334,181.274,790.725,,,,,564.752,632.372,,,,,,,,,,,,,,,,,,,,,803.497,310.732,,,,,,,,,,,,,,,480.904,686.227,,,,,,,,,,,,,585.191,770.088,891.926,759.797,,,,,,,,,,,,,,,,,784.706,306.397,,,630.341,593.371,,,,,1112.16,542.23,,,,,,,,,,,,,,,596.575,413.404,,,,,683.899,552.546,,,,,794.162,383.34,,,,,778.432,616.704,695.87,765.39,711.147,669.952,850.929,690.868,707.727,863.424,669.716,744.935,511.106,580.038,,,782.227,358.735,789.07,476.939,606.689,593.799,682.283,678.023,820.638,105.667,868.874,115.123,1274.15,745.422,1140.76,726.449,1105.64,708.806,,,1079.67,685.922,1111.33,699.256,917.657,933.108,941.296,908.634,720.017,315.833,733.377,285.788,1012.75,729.53,1078.12,744.042,1048.62,645.786,1052.65,665.943,567.635,270.037,525.542,267.807,785.197,503.489,,,162.163,584.7,149.349,723.778,772.969,258.075,,,940.668,264.181,974.631,279.891,1013.18,680.743,1022.3,677.027,,,,,,,,
279,929,511.913,340.415,182.152,793.134,,,,,564.196,632.781,,,,,,,,,,,,,,,,,,,,,802.858,312.227,,,,,,,,,,,,,,,481.035,686.63,,,,,,,,,,,,,585.047,770.161,891.939,759.797,,,,,,,,,,,,,,,,,784.714,306.326,,,628.836,594.57,,,,,1111.66,541.478,,,,,,,,,,,,,,,595.979,413.746,,,,,681.083,554.452,,,,,794.033,383.25,,,,,779.366,618.404,696.616,766.606,711.617,670.928,851.228,691.067,707.77,863.851,669.045,744.56,510.542,580.45,,,782.737,357.453,788.888,477.46,605.705,594.092,682.586,678.017,820.425,105.742,868.42,115.155,1275.2,745.686,1136.64,726.805,1105.41,708.684,,,1080.1,685.917,1111.09,699.263,919.562,933.298,942.511,906.136,719.566,316.182,732.629,286.409,1012.76,729.512,1078.03,744.126,1048.43,646.827,1055.2,667.233,568.084,268.984,525.32,267.888,785.189,503.517,,,163.176,583.784,149.929,726.618,772.356,258.686,,,940.189,263.611,974.907,279.717,1009.03,681.022,1023.4,675.135,,,,,,,,
280,930,512.712,340.515,182.954,795.33,,,,,563.6,633.22,,,,,,,,,,,,,,,,,,,,,801.995,314.321,,,,,,,,,,,,,,,481.077,686.914,,,,,,,,,,,,,584.912,770.224,891.947,759.798,,,,,,,,,,,,,,,,,784.336,306.475,,,627.401,595.703,,,,,1111.15,540.878,,,,,,,,,,,,,,,595.203,414.196,,,,,679.119,555.762,,,,,793.892,383.152,,,,,780.38,620.254,696.84,766.91,712.105,671.938,851.281,691.072,709.212,864.909,668.581,744.257,510.144,580.733,,,783.268,356.104,789.05,478.034,604.74,594.383,682.93,678.021,818.871,105.714,867.992,115.185,1276.85,746.117,1133.78,727.027,1105.18,708.564,,,1080.54,685.918,1110.91,699.195,921.565,933.478,943.55,903.943,718.963,316.646,732.075,286.847,1012.76,729.505,1077.96,744.2,1047.91,648.077,1057.54,668.401,568.682,267.49,525.097,267.982,785.188,503.606,,,164.325,582.719,150.601,729.941,771.96,259.02,,,939.848,263.195,975.095,279.659,1009.32,681.018,1022.97,675.901,,,,,,,,
281,931,513.529,340.623,183.628,797.168,,,,,562.983,633.674,,,,,,,,,,,,,,,,,,,,,801.058,316.618,,,,,,,,,,,,,,,480.495,686.986,,,,,,,,,,,,,584.797,770.27,891.944,759.799,,,,,,,,,,,,,,,,,783.784,306.702,,,626.18,596.658,,,,,1111.15,541.892,,,,,,,,,,,,,,,594.282,414.732,,,,,678.326,556.018,,,,,793.742,383.049,,,,,781.291,621.934,697.083,767.218,712.594,672.947,851.34,691.07,711.315,866.408,668.478,743.454,510.13,580.463,,,783.769,354.816,789.285,478.809,604.054,594.595,683.242,678.03,816.749,105.652,867.607,115.212,1278.5,746.563,1132.93,726.636,1104.96,708.449,,,1080.84,685.93,1110.54,698.009,923.485,933.63,944.257,902.365,718.365,317.11,731.521,287.018,1012.76,729.506,1077.9,744.258,1047.16,649.789,1059.22,669.203,569.334,265.853,524.902,268.059,785.191,503.681,,,165.934,581.24,151.306,733.427,772.266,257.893,,,939.697,262.695,975.095,280.122,1009.68,680.943,1023.31,675.338,,,,,,,,
282,932,514.322,340.729,184.125,798.507,,,,,562.366,634.128,,,,,,,,,,,,,,,,,,,,,800.194,318.722,,,,,,,,,,,,,,,479.644,687.058,,,,,,,,,,,,,584.45,770.295,891.927,759.798,,,,,,,,,,,,,,,,,783.232,306.915,,,625.314,597.319,,,,,,,,,,,,,,,,,,,,,593.252,415.332,,,,,677.304,556.3,,,,,793.587,382.943,,,,,781.916,623.127,697.312,767.494,713.067,673.923,851.405,691.062,713.419,867.895,668.389,742.385,510.144,580.14,,,784.191,353.717,789.573,479.729,603.75,594.749,683.446,678.041,815.091,105.51,867.282,115.234,1279.57,746.867,1131.88,726.051,1104.74,708.342,,,1080.86,686.08,1110.01,696.283,925.141,933.738,944.037,900.851,717.93,317.457,730.773,287.219,1012.76,729.512,1077.85,744.295,1046.42,651.465,1060.66,669.354,569.945,264.375,524.763,268.088,785.195,503.666,,,167.678,579.617,151.985,736.758,772.656,256.702,,,939.533,262.062,975.093,280.164,1010.47,680.743,1023.71,675.067,1106.42,542.905,1116.55,539.189,,,,
283,933,515.045,340.824,184.521,799.208,,,,,561.767,634.568,,,,,,,,,,,,,,,,,,,,,799.555,320.239,,,,,,,,,,,,,,,478.768,687.132,,,,,,,,,,,,,583.972,770.328,891.892,759.797,,,,,,,,,,,,,,,,,782.859,307.022,,,624.885,597.201,,,,,,,,,,,,,,,,,,,,,592.15,415.976,,,,,676.178,556.588,,,,,793.428,382.835,,,,,781.983,623.903,697.491,767.7,713.511,674.833,851.473,691.052,714.865,868.919,668.243,741.554,509.969,580.006,,,784.482,352.936,789.891,480.737,603.36,594.951,683.354,678.137,813.943,104.549,867.035,115.249,1278.81,746.883,1130.74,725.365,1104.53,708.246,,,1080.86,686.296,1109.48,694.568,926.351,933.784,943.638,898.822,717.613,317.819,730.038,287.408,1012.76,729.52,1077.85,744.128,1045.9,652.606,1062.58,669.485,570.418,263.356,524.657,267.755,785.197,503.489,,,169.232,578.122,152.578,739.613,772.928,256.523,,,939.384,261.571,975.095,280.122,1009.8,680.743,1024.21,674.746,1105.74,543.243,1117.23,536.824,,,,
284,934,515.655,340.898,185.063,800.142,,,,,561.209,634.979,,,,,,,,,,,,,,,,,,,,,798.718,321.649,,,,,,,,,,,,,,,478.111,687.211,,,,,,,,,,,,,583.4,770.366,891.158,759.771,,,,,,,,,,,,,,,,,782.91,306.499,,,624.324,596.974,,,,,,,,,,,,,,,,,,,,,591.012,416.64,,,,,675.074,556.862,,,,,793.268,382.728,,,,,782.042,624.951,697.764,767.871,713.907,675.642,851.543,691.042,714.945,868.978,667.393,740.99,509.716,579.83,,,784.428,352.452,790.219,481.776,602.954,595.178,683.199,678.276,812.567,103.244,866.74,115.251,1277.59,746.872,1129.65,724.674,1104.34,708.163,,,1080.85,686.541,1109.1,693.416,927.857,932.888,943.211,896.79,717.197,318.312,729.524,287.543,1012.75,729.527,1077.86,743.889,1045.84,652.483,1064.48,669.594,571.37,263.139,524.507,267.264,785.197,500.645,,,170.27,577.027,153.025,741.674,773.299,256.344,,,939.058,261.23,975.136,279.921,1008.25,678.763,1024.66,674.324,1104.73,542.504,1117.48,536.001,,,,
285,935,516.107,340.94,185.698,801.227,,,,,560.709,635.347,,,,,,,,,,,,,,,,,,,,,797.568,323.537,,,,,,,,,,,,,,,477.354,687.573,,,,,,,,,,,,,582.771,770.407,890.124,759.734,,,,,,,,,,,,,,,,,783.029,305.759,,,623.736,596.696,,,,,,,,,,,,,,,,,,,,,589.874,417.303,,,,,674.117,557.104,,,,,793.11,382.623,,,,,782.089,626.131,698.149,768.103,714.242,676.319,851.614,691.036,714.959,868.995,666.171,740.233,509.417,579.63,,,784.327,352.008,790.536,482.79,602.599,595.405,683.023,678.433,811.381,102.263,866.328,115.254,1276.36,746.859,1128.71,724.07,1104.17,708.098,,,1080.84,686.776,1108.87,693.711,929.966,931.577,942.905,895.27,716.799,318.783,729.394,287.602,1012.75,729.53,1077.86,743.602,1045.78,652.239,1065.87,669.679,572.706,262.886,524.354,266.717,785.06,500.468,,,169.893,575.73,153.89,743.548,773.718,256.172,,,938.6,260.789,975.202,279.646,1006.22,676.032,1025.5,672.402,1103.72,541.892,1117.57,535.473,,,,
286,936,516.541,340.675,186.379,802.383,,,,,560.289,635.657,,,,,,,,,,,,,,,,,,,,,796.426,325.4,,,,,,,,,,,,,,,476.323,688.093,,,,,,,,,,,,,582.122,770.45,888.889,759.691,,,,,,,,,,,,,,,,,783.091,305.166,,,623.229,596.426,,,,,,,,,,,,,,,,,,,,,588.771,417.944,,,,,673.432,557.293,,,,,792.958,382.522,,,,,782.122,627.299,698.572,768.358,714.498,676.83,851.685,691.036,714.933,868.983,664.755,739.377,509.102,579.425,,,784.25,351.544,790.82,483.721,602.365,595.608,682.866,678.588,809.389,101.938,865.878,115.255,1275.6,746.867,1128.04,723.649,1104.03,708.054,,,1080.84,686.963,1108.56,694.272,932.269,930.105,942.697,893.629,716.538,319.08,729.26,287.673,1012.75,729.53,1077.87,743.291,1045.73,651.92,1067.03,669.781,574.275,262.614,524.24,266.215,784.906,500.645,,,169.231,573.916,155.117,746.138,774.132,256.015,,,938.128,260.334,975.327,279.427,1004.73,673.986,1026.68,669.646,1103.04,543.243,1116.89,535.473,,,,
287,937,517.111,340.318,187.055,803.529,,,,,559.967,635.895,,,,,,,,,,,,,,,,,,,,,795.613,326.732,,,,,,,,,,,,,,,475.296,688.617,,,,,,,,,,,,,581.49,770.494,887.549,759.644,,,,,,,,,,,,,,,,,782.814,304.643,,,622.909,596.225,,,,,,,,,,,,,,,,,,,,,587.741,418.541,,,,,673.029,557.645,,,,,792.813,382.428,,,,,782.139,628.314,698.96,768.6,714.829,677.039,851.755,691.045,714.892,868.957,663.326,738.516,508.801,579.232,,,,,791.051,484.515,602.553,596.434,682.77,678.716,806.807,101.62,865.469,115.254,1276.63,747.087,1127.9,723.432,1103.1,708.457,,,1080.92,687.441,1108.26,694.856,934.354,928.729,942.429,891.407,716.704,318.721,729.142,287.737,1012.75,729.53,1077.88,742.98,1045.68,651.571,1068.57,669.922,575.927,262.34,524.206,265.861,784.76,500.645,,,168.488,571.939,156.527,749.078,774.49,255.88,,,937.761,259.948,976.082,279.225,1004.54,673.394,1027.86,666.864,1102.7,543.243,1118.58,535.811,,,,
288,938,517.787,339.889,187.676,804.585,,,,,559.611,636.187,,,,,,,,,,,,,,,,,,,,,795.223,327.423,,,,,,,,,,,,,,,474.552,688.99,,,,,,,,,,,,,580.913,770.536,886.203,759.594,,,,,,,,,,,,,,,,,782.428,304.005,,,623.407,595.842,,,,,,,,,,,,,,,,,,,,,586.819,419.072,,,,,672.49,558.145,,,,,792.679,382.342,,,,,782.135,629.033,699.241,768.793,715.294,677.302,851.821,691.067,714.861,868.931,662.064,737.746,508.545,579.069,,,,,791.207,485.113,602.854,597.615,682.926,679.125,804.888,101.336,865.179,115.249,1278.23,747.408,1127.75,723.157,1101.74,709.055,,,1081.04,688.119,1108.02,695.222,935.811,927.703,942.146,889.174,716.973,318.164,729.06,287.775,1012.75,729.53,1077.88,742.692,1045.63,651.238,1070.07,670.06,577.513,262.082,524.962,265.63,,,,,167.865,570.155,157.94,752.001,774.743,255.774,,,937.178,258.984,977.169,278.956,1004.4,672.697,1028.72,664.865,1101.69,542.905,1118.92,534.122,,,,
289,939,518.54,339.408,188.192,805.468,,,,,559.135,636.58,,,,,,,,,,,,,,,,,,,,,794.762,328.262,,,,,,,,,,,,,,,474.03,689.188,,,,,,,,,,,,,580.426,770.574,884.949,759.545,,,,,,,,,,,,,,,,,782.163,303.543,,,624.002,595.569,,,,,,,,,,,,,,,,,,,,,586.041,419.515,,,,,671.884,558.72,,,,,792.558,382.266,,,,,781.747,629.412,699.514,769.271,715.801,677.579,852.389,691.583,714.865,868.919,661.149,737.162,508.364,578.954,,,,,790.901,486.127,603.163,598.807,683.16,679.709,804.359,100.724,865.006,115.175,1279.86,747.73,1127.61,722.855,1100.24,709.719,,,1081.16,688.788,1107.65,694.822,936.414,926.118,941.892,887.5,717.257,317.601,729.063,287.688,1012.76,729.53,1077.87,742.451,1045.58,650.966,1071.11,670.155,578.882,261.858,526.078,265.32,,,,,167.568,568.919,159.178,754.541,774.837,255.635,,,936.353,257.604,978.263,278.69,1004.29,671.993,1029.38,663.625,1102.36,542.905,1118.64,534.072,,,,
290,940,519.341,338.893,188.554,806.1,,,,,558.567,637.048,,,,,,,,,,,,,,,,,,,,,794.205,329.207,,,,,,,,,,,,,,,473.351,689.434,,,,,,,,,,,,,580.068,770.608,883.885,759.5,,,,,,,,,,,,,,,,,782.327,303.509,,,624.463,596.249,,,,,,,,,,,,,,,,,,,,,585.444,419.848,,,,,671.283,559.293,,,,,792.453,382.203,,,,,781.181,629.91,699.89,769.95,716.258,677.83,853.185,692.306,715.224,868.916,660.062,736.035,508.286,578.947,,,,,790.438,487.563,603.378,599.662,683.433,680.384,803.752,99.8491,864.789,115.079,1281.01,747.95,1127.47,722.558,1098.89,710.323,,,1081.25,689.235,1107.12,694.2,937.126,923.943,941.102,885.636,717.466,317.225,729.077,287.559,1012.76,729.53,1077.85,742.282,1045.54,650.8,1071.15,670.16,579.884,261.685,527.317,264.988,,,,,169.595,568.581,160.061,756.332,774.959,255.446,,,935.448,256.08,979.037,278.499,1004.18,671.377,1030.17,662.195,1101.75,542.9,1118.22,534.247,,,,
291,941,520.16,338.367,188.415,806.158,,,,,557.939,637.567,,,,,,,,,,,,,,,,,,,,,793.526,330.211,,,,,,,,,,,,,,,472.68,689.68,,,,,,,,,,,,,579.744,770.811,883.108,759.459,,,,,,,,,,,,,,,,,782.594,303.497,,,624.877,597.319,,,,,,,,,,,,,,,,,,,,,584.699,419.921,,,,,670.755,559.79,,,,,792.366,382.154,,,,,780.546,630.437,700.318,770.734,716.574,678.016,854.135,693.17,715.744,868.912,658.578,734.456,508.189,578.944,,,,,789.919,489.143,603.43,600.186,683.71,681.063,803.132,98.8863,864.534,114.964,1281.51,747.959,1127.36,722.297,1097.99,710.738,,,1081.29,689.095,1106.6,693.547,937.855,921.621,939.987,883.105,717.671,317.331,729.083,287.421,1012.76,729.53,1077.51,742.277,1045.33,651.239,1071.15,670.162,581.174,261.382,528.442,264.686,,,,,170.122,568.135,160.77,757.199,775.1,255.221,,,934.626,254.683,979.369,278.391,1004.05,670.946,1030.74,661.149,1100.78,542.89,1117.91,534.459,,,,
292,942,520.967,337.847,188.204,806.214,,,,,557.28,638.111,,,,,,,,,,,,,,,,,,,,,789.626,334.885,,,,,,,,,,,,,,,472.179,689.88,,,,,,,,,,,,,579.295,771.104,882.293,759.214,,,,,,,,,,,,,,,,,782.895,303.501,,,625.096,600.162,,,,,,,,,,,,,,,,,,,,,583.692,420.01,,,,,670.37,560.136,,,,,792.019,382.219,,,,,779.953,630.903,700.75,771.523,716.638,678.242,855.166,694.109,716.349,868.908,657.111,732.878,508.079,578.945,,,,,789.446,490.583,603.378,600.676,683.952,681.662,802.562,98.0097,864.248,114.835,1282.14,747.952,1127.08,721.321,1098.17,710.842,,,1081.35,688.839,1106.22,693.055,938.514,919.595,938.81,880.575,717.948,317.527,729.06,287.311,1012.76,729.53,1077.18,742.282,1045.05,651.809,1071.11,670.161,582.99,260.952,529.217,264.469,,,,,170.756,567.52,161.729,758.344,775.252,254.974,,,934.051,253.687,979.719,278.253,1003.37,670.918,1030.77,660.891,1099.75,542.888,1117.91,535.135,,,,
293,943,521.733,337.355,187.943,806.265,,,,,556.621,638.655,,,,,,,,,,,,,,,,,,,,,785.641,339.718,,,,,,,,,,,,,,,471.668,690.277,,,,,,,,,,,,,578.772,771.448,881.156,758.859,,,,,,,,,,,,,,,,,783.161,303.518,,,,,,,,,,,,,,,,,,,,,,,,,582.489,420.111,,,,,669.957,560.25,,,,,791.552,382.316,,,,,779.511,631.22,701.136,772.221,716.704,678.553,856.205,695.057,716.961,868.906,656.081,731.757,507.967,578.948,,,,,789.12,491.606,602.768,601.265,684.122,682.095,802.106,97.3936,863.938,114.693,1282.81,747.939,1126.68,719.925,1098.44,710.973,,,1081.41,688.575,1105.9,692.443,940.554,913.859,937.838,878.716,718.216,317.745,728.716,287.093,1012.75,729.53,1077.33,742.19,1044.72,652.488,1071.07,670.158,584.967,260.478,529.414,264.3,,,,,171.428,566.812,162.843,759.652,775.407,254.72,,,933.776,252.895,979.965,278.035,1002.43,670.938,1030.77,660.609,1098.99,542.905,1116.22,535.811,626.014,601.014,623.649,595.608
294,944,522.428,336.91,187.654,806.312,,,,,555.992,639.173,,,,,,,,,,,,,,,,,,,,,784.278,341.989,,,,,,,,,,,,,,,470.965,690.833,,,,,,,,,,,,,578.231,771.81,879.863,758.448,,,,,,,,,,,,,,,,,783.323,303.543,,,,,,,,,,,,,,,,,,,,,,,,,581.158,420.22,,,,,669.386,560.384,,,,,791.207,382.386,,,,,778.826,631.154,701.428,772.73,716.768,678.899,857.18,695.948,717.505,868.909,655.762,731.236,507.861,578.951,,,,,789.018,492.305,601.879,602.086,684.226,682.573,801.095,97.0582,863.611,114.544,1283.43,747.935,1126.29,718.532,1098.8,711.123,,,1081.46,688.409,1105.47,691.605,942.568,908.108,935.633,877.096,718.393,317.92,728.245,286.809,1012.75,729.53,1077.53,742.073,1044.35,653.258,1071.06,670.156,586.744,260.045,529.66,264.073,,,,,172.067,566.084,164.012,761.007,775.558,254.473,,,933.44,251.854,979.965,276.858,1001.69,670.946,1030.75,660.321,1098.09,543.144,1116.02,535.804,627.136,599.498,622.314,596.951
295,945,523.024,336.532,187.359,806.351,,,,,555.424,639.641,,,,,,,,,,,,,,,,,,,,,782.726,344.774,,,,,,,,,,,,,,,470.192,691.457,,,,,,,,,,,,,577.724,772.152,878.577,758.037,,,,,,,,,,,,,,,,,783.022,303.818,,,,,,,,,,,,,,,,,,,,,,,,,579.765,420.331,,,,,668.759,560.526,,,,,791.142,382.377,,,,,777.878,631.024,701.978,773.376,716.825,679.231,858.016,696.716,717.905,868.919,655.382,730.571,507.771,578.954,,,,,788.893,493.257,600.889,602.985,684.361,683.234,799.672,96.6342,863.273,114.39,1283.9,747.95,1126.01,717.568,1099.2,711.284,,,1081.64,688.576,1105.06,690.77,943.012,905.967,932.711,875.119,718.303,318.279,727.901,286.615,1012.68,729.531,1077.77,741.935,1043.94,654.099,1071.11,670.155,587.957,259.737,529.94,263.806,,,,,172.606,565.41,165.142,762.292,775.696,254.247,,,933.118,250.802,979.936,275.165,1001.08,670.84,1030.73,660.045,1096.89,543.472,1115.86,535.737,627.703,600.338,621.963,597.455
296,946,523.49,336.242,187.08,806.383,,,,,554.946,640.033,,,,,,,,,,,,,,,,,,,,,781.298,347.408,,,,,,,,,,,,,,,469.469,692.06,,,,,,,,,,,,,577.305,772.439,877.464,757.68,,,,,,,,,,,,,,,,,782.569,304.212,,,,,,,,,,,,,,,,,,,,,,,,,578.377,420.441,,,,,668.179,560.666,,,,,791.116,382.36,,,,,776.926,630.882,702.748,774.26,716.87,679.499,858.643,697.295,718.49,869.09,654.993,729.863,507.402,578.976,,,,,788.757,494.329,599.978,603.806,684.512,683.96,798.248,96.2421,862.932,114.234,1284.67,748.245,1125.99,717.433,1099.63,711.45,,,1081.9,688.842,1104.77,690.166,943.526,903.248,930.405,873.649,718.155,318.791,727.879,286.727,1012.58,729.532,1078.03,741.779,1043.51,654.99,1072.06,670.155,587.985,259.501,530.237,263.514,,,,,172.973,564.865,166.134,763.391,775.813,254.058,,,932.891,249.977,979.92,273.458,1000.25,670.682,1030.74,659.797,1095.47,543.867,1115.75,535.639,627.703,600.338,621.576,598.026
297,947,524.722,335.648,186.838,806.405,,,,,554.589,640.324,,,,,,,,,,,,,,,,,,,,,780.308,349.225,,,,,,,,,,,,,,,468.917,692.55,,,,,,,,,,,,,577.027,772.635,876.689,757.432,,,,,,,,,,,,,,,,,782.042,304.671,,,,,,,,,,,,,,,,,,,,,,,,,577.06,420.544,,,,,667.746,560.793,,,,,791.207,382.386,,,,,776.23,630.782,703.515,775.145,716.956,680.218,859.768,698.461,719.302,869.332,654.646,729.212,506.891,579.008,,,,,788.625,495.388,599.324,604.392,684.662,684.633,797.236,96.0022,862.594,114.08,1285.67,748.629,1125.99,717.343,1100.06,711.613,,,1082.14,689.097,1104.68,689.76,944.059,900.266,928.518,873.145,717.984,319.354,727.905,286.918,1012.46,729.534,1078.33,741.608,1043.07,655.911,1072.2,669.488,587.891,259.193,530.537,263.213,,,,,172.698,563.102,166.892,764.189,775.902,253.919,,,932.817,248.629,979.965,272.238,999.347,670.51,1031.05,658.879,1093.89,544.307,1115.65,535.541,628.041,598.986,621.182,598.615
298,948,526.416,334.836,186.656,806.416,,,,,554.238,640.537,,,,,,,,,,,,,,,,,,,,,780.308,349.225,,,,,,,,,,,,,,,467.91,693.911,,,,,,,,,,,,,577.148,772.783,876.488,757.357,,,,,,,,,,,,,,,,,781.515,305.136,,,,,,,,,,,,,,,,,,,,,,,,,575.881,420.635,,,,,667.119,561.3,,,,,792.256,382.766,,,,,775.664,630.74,704.053,775.792,717.075,681.243,861.313,700.066,720.263,869.621,654.392,728.716,506.279,579.046,,,,,788.509,496.302,598.724,604.85,684.797,685.135,796.759,96.4052,862.265,113.932,1286.85,749.086,1126.0,717.28,1100.47,711.765,,,1082.29,689.235,1104.58,689.233,944.561,897.337,925.94,872.532,717.821,319.87,727.813,287.073,1012.32,729.536,1078.64,741.425,1042.62,656.843,1072.26,668.572,587.761,258.878,530.824,262.919,,,,,172.27,560.687,168.574,764.856,776.039,253.81,,,932.741,246.884,980.678,271.562,998.537,670.36,1031.46,657.651,1092.23,544.768,1115.54,535.473,628.947,597.105,620.813,599.173
299,949,528.442,333.866,186.228,806.187,,,,,553.757,640.826,,,,,,,,,,,,,,,,,,,,,780.772,349.921,,,,,,,,,,,,,,,466.499,695.847,,,,,,,,,,,,,577.375,772.946,876.249,757.267,,,,,,,,,,,,,,,,,781.066,305.552,,,,,,,,,,,,,,,,,,,,,,,,,574.907,420.711,,,,,666.234,562.038,,,,,793.781,383.32,,,,,774.895,630.685,704.22,776.316,717.21,682.384,863.157,701.983,721.298,869.933,654.175,727.916,505.605,579.088,,,,,788.424,496.939,597.932,605.442,685.35,685.865,796.177,97.0199,861.953,113.793,1288.19,749.604,1126.01,717.23,1100.84,711.898,,,1081.99,688.753,1104.48,688.722,944.982,894.779,923.156,871.899,717.698,320.239,727.437,287.079,1012.18,729.537,1078.98,741.235,1042.18,657.766,1072.3,667.905,587.679,258.623,531.081,262.649,,,,,171.959,558.446,170.944,765.74,776.225,253.665,,,932.659,245.571,981.706,270.663,997.973,670.27,1031.76,656.757,1090.55,545.229,1115.09,535.383,630.155,594.697,620.499,599.651
