Frame ID,Mean Entropy,Frame Type
1518,0.49204597575416364,Switch
1519,0.9991583196545127,Switch
1524,0.9993738139160439,Switch
1526,0.9483908469376457,Switch
1713,0.9705644841220622,Switch
1714,0.853900052909276,Switch
2350,0.9182870037306197,Switch
2351,0.7633972785804385,Switch
2352,0.9225747031992804,Switch
2510,0.9866733251064526,Switch
2511,0.9520773810502154,Switch
4680,0.9999996587825336,Switch
4681,1.0000000027478353,Switch
4682,0.9999993148172319,Switch
4683,0.9999988848606047,Switch
5976,0.789068354952801,Switch
5993,0.9573495092124148,Switch
7030,0.062444965723463614,Switch
7032,0.485552813766501,Switch
7041,0.48089337379800035,Switch
7047,0.9040950813727462,Switch
7050,0.9976999067751962,Switch
7053,0.89900697464697,Switch
7056,0.8411437557294797,Switch
7059,0.9490093825414738,Switch
7065,0.9999706797058633,Switch
7066,0.9995988532146979,Switch
7067,0.9999468601087187,Switch
7068,0.9999998307651845,Switch
7069,0.9996990331088255,Switch
7071,0.9953475280766947,Switch
7072,0.9999812566388913,Switch
7073,0.9949375214370377,Switch
7074,0.6444833142943667,Switch
7075,0.9628347238790332,Switch
7076,0.9996011749804845,Switch
7077,0.9927963374337957,Switch
7080,0.9999845243092577,Switch
7081,0.9999974230080724,Switch
7084,0.9999963911121672,Switch
7085,0.999656897359364,Switch
7111,0.9450185251282023,Switch
7112,0.7012248623629297,Switch
7114,0.9981252198707798,Switch
7115,0.9999978529646996,Switch
7120,0.9997270662809161,Switch
7121,0.9999693898359817,Switch
7122,0.9999196868498824,Switch
7123,0.9998017067513906,Switch
7124,0.8972389929961003,Switch
7125,0.9999435924383523,Switch
7129,0.996678329829071,Switch
7130,0.9980793005029995,Switch
7156,0.9998495179283304,Switch
7157,0.8147161276759717,Switch
7290,0.9854645450448634,Switch
8535,0.9434928670323983,Switch
8550,0.46459745868513397,Switch
8570,0.2874601438106652,Switch
8571,0.9749777309258527,Switch
8575,0.9151479763870717,Switch
8577,0.9498254402198179,Switch
8578,0.9733821618824731,Switch
8582,0.9889642200072707,Switch
8584,0.779044518129913,Switch
8592,0.5628934978508315,Switch
8610,0.4861611164026028,Switch
8611,0.8943993874477044,Switch
8613,0.7203464954251347,Switch
8614,0.23860354882970347,Switch
8615,0.8335896757643071,Switch
8621,0.5261269607580549,Switch
8634,0.8536990051904173,Switch
8711,0.9883302919561904,Switch
8712,0.25901810446543244,Switch
8730,0.6790914691188151,Switch
8743,0.9127119281289254,Switch
8757,0.9933686097045418,Switch
8759,0.9492885103838241,Switch
8760,0.9843736590904405,Switch
8772,0.9351934142583863,Switch
8788,0.9965538143898464,Switch
8811,0.45006475270457574,Switch
8817,0.9450436345952283,Switch
8818,0.5590326163259496,Switch
8830,0.8704422041825152,Switch
8832,0.03193001680015248,Switch
8839,0.8661455616160096,Switch
8841,0.9027795000849711,Switch
8901,0.4372074587130603,Switch
8902,0.5639313701531258,Switch
8912,0.9894724287405703,Switch
8913,0.32389632372896576,Switch
1,0.8427796547044868,Non-Switch
10,0.0044740493889428344,Non-Switch
100,0.004354339050930256,Non-Switch
1000,0.0051850391037542845,Non-Switch
1001,0.005847360415600479,Non-Switch
1002,0.007830895447037484,Non-Switch
1003,0.041384228272780356,Non-Switch
1004,0.014426108983770287,Non-Switch
1005,0.014858803897196515,Non-Switch
1006,0.010658404434451147,Non-Switch
1007,0.026895224696143756,Non-Switch
1008,0.009365927940927943,Non-Switch
1009,0.019330601388304617,Non-Switch
101,0.004354336363701336,Non-Switch
1010,0.06518495032134716,Non-Switch
1011,0.3432487790064601,Non-Switch
1012,0.3023174885425583,Non-Switch
1013,0.05405422240859051,Non-Switch
1014,0.12514254171429764,Non-Switch
1015,0.06658657667913201,Non-Switch
1016,0.32350366583921464,Non-Switch
1017,0.07618691159872813,Non-Switch
1018,0.15301846791746845,Non-Switch
1019,0.03877047087894335,Non-Switch
102,0.004354343753580865,Non-Switch
1020,0.020850344893256264,Non-Switch
1021,0.009274674349464475,Non-Switch
1022,0.0067893013326893225,Non-Switch
1023,0.0074157756825535305,Non-Switch
1024,0.007271861809564546,Non-Switch
1025,0.00853153529966459,Non-Switch
1026,0.005322785786372485,Non-Switch
1027,0.0050040488615525364,Non-Switch
1028,0.0051049166862835735,Non-Switch
1029,0.006122204143245535,Non-Switch
103,0.004354340730448331,Non-Switch
1030,0.005593487822445006,Non-Switch
1031,0.004866385483030847,Non-Switch
1032,0.005128667087283389,Non-Switch
1033,0.004794254884367417,Non-Switch
1034,0.004618929656632078,Non-Switch
1035,0.004579616505247252,Non-Switch
1036,0.004704056030254943,Non-Switch
1037,0.004464014604349328,Non-Switch
1038,0.0044739418997860455,Non-Switch
1039,0.004415121817769275,Non-Switch
104,0.004354341066351946,Non-Switch
1040,0.004562862304739957,Non-Switch
1041,0.00469373203264895,Non-Switch
1042,0.004957961541964683,Non-Switch
1043,0.004612158511561585,Non-Switch
1044,0.004419684060667749,Non-Switch
1045,0.004517149181779177,Non-Switch
1046,0.004393365004724285,Non-Switch
1047,0.00444448718359687,Non-Switch
1048,0.016004858661341395,Non-Switch
1049,0.017428754085184066,Non-Switch
105,0.004354339050930256,Non-Switch
1050,0.022158948791141234,Non-Switch
1051,0.019108109582666535,Non-Switch
1052,0.009420609690408328,Non-Switch
1053,0.005775145169226077,Non-Switch
1054,0.004568162863784127,Non-Switch
1055,0.004702054380613358,Non-Switch
1056,0.0045615039105210324,Non-Switch
1057,0.00476381328335747,Non-Switch
1058,0.004404121646186355,Non-Switch
1059,0.0044155289329506145,Non-Switch
106,0.004354337371412181,Non-Switch
1060,0.004414057675117061,Non-Switch
1061,0.004395801313643637,Non-Switch
1062,0.004384695668325616,Non-Switch
1063,0.004398596703527387,Non-Switch
1064,0.004432413464060516,Non-Switch
1065,0.004369869890471843,Non-Switch
1066,0.004365624404682283,Non-Switch
1067,0.004380586223500117,Non-Switch
1068,0.004363322121305303,Non-Switch
1069,0.004358643655756051,Non-Switch
107,0.004354332668761571,Non-Switch
1070,0.004357745113586015,Non-Switch
1071,0.004357887536718761,Non-Switch
1072,0.004358462939611198,Non-Switch
1073,0.0043596076991310045,Non-Switch
1074,0.0043579839410562565,Non-Switch
1075,0.0043944170548463595,Non-Switch
1076,0.004366218954080773,Non-Switch
1077,0.004411769835595525,Non-Switch
1078,0.004499865261271079,Non-Switch
1079,0.004454460161925223,Non-Switch
108,0.004354334348279646,Non-Switch
1080,0.004535337690722378,Non-Switch
1081,0.004600164065278363,Non-Switch
1082,0.004536687351447313,Non-Switch
1083,0.004511094183215792,Non-Switch
1084,0.004557606084972962,Non-Switch
1085,0.004590969711529502,Non-Switch
1086,0.004537047440122557,Non-Switch
1087,0.004462402266997489,Non-Switch
1088,0.004457857491086993,Non-Switch
1089,0.00444978639902658,Non-Switch
109,0.004354335020086877,Non-Switch
1090,0.00441207584378876,Non-Switch
1091,0.004377405216266385,Non-Switch
1092,0.004378836501569757,Non-Switch
1093,0.004359381971901746,Non-Switch
1094,0.00435984887792655,Non-Switch
1095,0.004358013836477988,Non-Switch
1096,0.004357867046598248,Non-Switch
1097,0.0043571918803321655,Non-Switch
1098,0.0043558220653903326,Non-Switch
1099,0.00435549254394405,Non-Switch
11,0.0044019587628095855,Non-Switch
110,0.004354335020086877,Non-Switch
1100,0.004355224828762922,Non-Switch
1101,0.004354918484666073,Non-Switch
1102,0.004354869778641903,Non-Switch
1103,0.004354804277436984,Non-Switch
1104,0.004354966854786628,Non-Switch
1105,0.004355423683702983,Non-Switch
1106,0.0043558039265951245,Non-Switch
1107,0.004357403499609594,Non-Switch
1108,0.004364632145403672,Non-Switch
1109,0.004362382262990627,Non-Switch
111,0.004354335691894106,Non-Switch
1110,0.004369195060109376,Non-Switch
1111,0.004367386555046397,Non-Switch
1112,0.004381424638923073,Non-Switch
1113,0.004401401498712356,Non-Switch
1114,0.004478237099310621,Non-Switch
1115,0.004428557962367932,Non-Switch
1116,0.004535175113372735,Non-Switch
1117,0.004657836364642794,Non-Switch
1118,0.005266050658093812,Non-Switch
1119,0.005072364938764408,Non-Switch
112,0.004354334348279646,Non-Switch
1120,0.004783548628447592,Non-Switch
1121,0.0047682908785449726,Non-Switch
1122,0.00464196894967901,Non-Switch
1123,0.004768044997098817,Non-Switch
1124,0.004706133258209896,Non-Switch
1125,0.00455862790376969,Non-Switch
1126,0.004503445657903006,Non-Switch
1127,0.004673551279365382,Non-Switch
1128,0.004520662061784495,Non-Switch
1129,0.004547041244475038,Non-Switch
113,0.004354334348279646,Non-Switch
1130,0.00454222573025088,Non-Switch
1131,0.00453961979000597,Non-Switch
1132,0.00452221796732902,Non-Switch
1133,0.004526490325407777,Non-Switch
1134,0.004526116800587935,Non-Switch
1135,0.00449080762029351,Non-Switch
1136,0.004442566150822877,Non-Switch
1137,0.004437374760453571,Non-Switch
1138,0.004414402984033247,Non-Switch
1139,0.0044099361377614235,Non-Switch
114,0.004354333340568802,Non-Switch
1140,0.004391178608094469,Non-Switch
1141,0.004400323919915544,Non-Switch
1142,0.004543332868565809,Non-Switch
1143,0.0044188856177749735,Non-Switch
1144,0.004431237465504519,Non-Switch
1145,0.004421612819224886,Non-Switch
1146,0.004439803007686163,Non-Switch
1147,0.004458559193738658,Non-Switch
1148,0.004493422965839638,Non-Switch
1149,0.004484229283898007,Non-Switch
115,0.004354333340568802,Non-Switch
1150,0.004445232889622095,Non-Switch
1151,0.004444120040945711,Non-Switch
1152,0.0044312609787575665,Non-Switch
1153,0.004403875764740199,Non-Switch
1154,0.004445626232755221,Non-Switch
1155,0.004425841173930084,Non-Switch
1156,0.004442141904557174,Non-Switch
1157,0.004416784540663359,Non-Switch
1158,0.0044274108515228216,Non-Switch
1159,0.004412617320416086,Non-Switch
116,0.004354334348279646,Non-Switch
1160,0.004413978401863929,Non-Switch
1161,0.0043918772876135985,Non-Switch
1162,0.004416602816807662,Non-Switch
1163,0.004408421884265155,Non-Switch
1164,0.004414767775359101,Non-Switch
1165,0.004432596531530673,Non-Switch
1166,0.004410144733906317,Non-Switch
1167,0.004409215960410935,Non-Switch
1168,0.004431867284782581,Non-Switch
1169,0.004427839128631904,Non-Switch
117,0.004354349128038705,Non-Switch
1170,0.004392631055325584,Non-Switch
1171,0.004399311170516421,Non-Switch
1172,0.004402642998473273,Non-Switch
1173,0.004387865926643669,Non-Switch
1174,0.0043860221517011185,Non-Switch
1175,0.004383200225431786,Non-Switch
1176,0.004378098857231291,Non-Switch
1177,0.004409318075109885,Non-Switch
1178,0.004406758153660226,Non-Switch
1179,0.00441487459270866,Non-Switch
118,0.004354334348279646,Non-Switch
1180,0.00441587625728849,Non-Switch
1181,0.0044951992241555805,Non-Switch
1182,0.004641696195943657,Non-Switch
1183,0.004586302330799544,Non-Switch
1184,0.004600001823832334,Non-Switch
1185,0.004413934062586754,Non-Switch
1186,0.004482278355702282,Non-Switch
1187,0.004479448703649805,Non-Switch
1188,0.004415839307890843,Non-Switch
1189,0.0044456863595023,Non-Switch
119,0.004354335691894106,Non-Switch
1190,0.004413088929091498,Non-Switch
1191,0.004395286037498278,Non-Switch
1192,0.004381393735790496,Non-Switch
1193,0.004378545944942811,Non-Switch
1194,0.004377768663977779,Non-Switch
1195,0.0043924846013494575,Non-Switch
1196,0.004382984575310977,Non-Switch
1197,0.00439066064472019,Non-Switch
1198,0.004379742433619322,Non-Switch
1199,0.004372416375776904,Non-Switch
12,0.004408986202338298,Non-Switch
120,0.004354334348279646,Non-Switch
1200,0.004368041567095581,Non-Switch
1201,0.0043735030239713205,Non-Switch
1202,0.004361737999857122,Non-Switch
1203,0.004362807516967175,Non-Switch
1204,0.004363744352149316,Non-Switch
1205,0.004356292330451286,Non-Switch
1206,0.004355477428281377,Non-Switch
1207,0.0043586967285272156,Non-Switch
1208,0.004358182795996317,Non-Switch
1209,0.004355467351172928,Non-Switch
121,0.004354369618159218,Non-Switch
1210,0.004357074314066928,Non-Switch
1211,0.004355151937678475,Non-Switch
1212,0.004356636295753011,Non-Switch
1213,0.0043566010258734396,Non-Switch
1214,0.004357689689489546,Non-Switch
1215,0.0043603571000959945,Non-Switch
1216,0.004357740075031791,Non-Switch
1217,0.004359922440818228,Non-Switch
1218,0.00436554781865807,Non-Switch
1219,0.0043643540172104795,Non-Switch
122,0.0043549705497263926,Non-Switch
1220,0.004371719711679463,Non-Switch
1221,0.004367612954082884,Non-Switch
1222,0.00438160837820046,Non-Switch
1223,0.004375586969998572,Non-Switch
1224,0.004377791505423597,Non-Switch
1225,0.004384480690012038,Non-Switch
1226,0.004392107717493466,Non-Switch
1227,0.004395530575329974,Non-Switch
1228,0.004397577907863194,Non-Switch
1229,0.004423112292962096,Non-Switch
123,0.004354379023460437,Non-Switch
1230,0.0044216679074177406,Non-Switch
1231,0.004415261217769486,Non-Switch
1232,0.004400223820638284,Non-Switch
1233,0.004388876324717489,Non-Switch
1234,0.004386794730015541,Non-Switch
1235,0.004401186856302393,Non-Switch
1236,0.004369420115531404,Non-Switch
1237,0.004368878303000463,Non-Switch
1238,0.004372365318427429,Non-Switch
1239,0.004372023368547393,Non-Switch
124,0.004354337371412181,Non-Switch
1240,0.004368843704928121,Non-Switch
1241,0.0043734633873447545,Non-Switch
1242,0.0043732507603564804,Non-Switch
1243,0.00447434867906377,Non-Switch
1244,0.004406038984020583,Non-Switch
1245,0.004420868120910505,Non-Switch
1246,0.0044685207513441025,Non-Switch
1247,0.004382462245189705,Non-Switch
1248,0.004369500060591765,Non-Switch
1249,0.004375426072167003,Non-Switch
125,0.004354340394544715,Non-Switch
1250,0.004364085630222122,Non-Switch
1251,0.004367640834082926,Non-Switch
1252,0.004375031049515803,Non-Switch
1253,0.004371678731438438,Non-Switch
1254,0.004368315664445394,Non-Switch
1255,0.0043668689275757335,Non-Switch
1256,0.004368089937216137,Non-Switch
1257,0.004364873324199218,Non-Switch
1258,0.004368548445650566,Non-Switch
1259,0.0043640322215473416,Non-Switch
126,0.004354341402255561,Non-Switch
1260,0.004362391668291846,Non-Switch
1261,0.004377626912652263,Non-Switch
1262,0.0043762342562646125,Non-Switch
1263,0.004524162177452445,Non-Switch
1264,0.005538464123084586,Non-Switch
1265,0.004668699487550807,Non-Switch
1266,0.004441346484796934,Non-Switch
1267,0.004601736430100021,Non-Switch
1268,0.004534753218432336,Non-Switch
1269,0.00441657628042208,Non-Switch
127,0.004354355174303774,Non-Switch
1270,0.004428414867427956,Non-Switch
1271,0.004401117996061325,Non-Switch
1272,0.0043813534273567005,Non-Switch
1273,0.0046120778946939925,Non-Switch
1274,0.004404877429320029,Non-Switch
1275,0.004390918618696484,Non-Switch
1276,0.004359575452383967,Non-Switch
1277,0.0043591192952748435,Non-Switch
1278,0.004372990770958497,Non-Switch
1279,0.004386125274110914,Non-Switch
128,0.004354349799845935,Non-Switch
1280,0.0045180420135877575,Non-Switch
1281,0.00438385389386651,Non-Switch
1282,0.0043780414177131315,Non-Switch
1283,0.004381280200368638,Non-Switch
1284,0.004387693272185577,Non-Switch
1285,0.004362785683232202,Non-Switch
1286,0.004362935496244477,Non-Switch
1287,0.004369634086134137,Non-Switch
1288,0.0043657748895017875,Non-Switch
1289,0.004361132029735722,Non-Switch
129,0.00435435080755678,Non-Switch
1290,0.004358010813345454,Non-Switch
1291,0.0043817528167548955,Non-Switch
1292,0.004373927942044253,Non-Switch
1293,0.004374488229274017,Non-Switch
1294,0.004382666474587604,Non-Switch
1295,0.004358028952140662,Non-Switch
1296,0.004364663048536249,Non-Switch
1297,0.004398886252443488,Non-Switch
1298,0.004477042290152186,Non-Switch
1299,0.004406113554623106,Non-Switch
13,0.004381571764706429,Non-Switch
130,0.00435434408948448,Non-Switch
1300,0.0044721696723134825,Non-Switch
1301,0.0046082939404713955,Non-Switch
1302,0.0044326835305669495,Non-Switch
1303,0.004439345506962579,Non-Switch
1304,0.004399570488107175,Non-Switch
1305,0.004529256491677026,Non-Switch
1306,0.004426047754653288,Non-Switch
1307,0.004496714821266309,Non-Switch
1308,0.004476556573524944,Non-Switch
1309,0.004492178107042572,Non-Switch
131,0.004354338043219411,Non-Switch
1310,0.004426462595617771,Non-Switch
1311,0.004473078627495582,Non-Switch
1312,0.004407874697276375,Non-Switch
1313,0.00443468014165431,Non-Switch
1314,0.00450731526754742,Non-Switch
1315,0.004493067915718619,Non-Switch
1316,0.004406311065948706,Non-Switch
1317,0.004398856021118141,Non-Switch
1318,0.004497188109459796,Non-Switch
1319,0.004621910801214904,Non-Switch
132,0.0043543565179182345,Non-Switch
1320,0.004401708178712821,Non-Switch
1321,0.0045003314954886525,Non-Switch
1322,0.004407038633178723,Non-Switch
1323,0.0043803269059093635,Non-Switch
1324,0.00438190934783947,Non-Switch
1325,0.004366080561791407,Non-Switch
1326,0.004373686763248707,Non-Switch
1327,0.004389584409537838,Non-Switch
1328,0.004394256157014791,Non-Switch
1329,0.004385624777724613,Non-Switch
133,0.004354339722737486,Non-Switch
1330,0.004385372178206159,Non-Switch
1331,0.004410352658243982,Non-Switch
1332,0.0044132481474049925,Non-Switch
1333,0.004415420771986595,Non-Switch
1334,0.004428117928632326,Non-Switch
1335,0.004358631563225912,Non-Switch
1336,0.004401596994616267,Non-Switch
1337,0.004402485795581468,Non-Switch
1338,0.004382727273141913,Non-Switch
1339,0.004385293576760257,Non-Switch
134,0.004354340730448331,Non-Switch
1340,0.004371031781076012,Non-Switch
1341,0.004466173792786332,Non-Switch
1342,0.004466955440498359,Non-Switch
1343,0.004384499836518091,Non-Switch
1344,0.0043914268408659285,Non-Switch
1345,0.004407350015829797,Non-Switch
1346,0.004374180541562708,Non-Switch
1347,0.004377550998435281,Non-Switch
1348,0.00436255155841257,Non-Switch
1349,0.0043621276480504826,Non-Switch
135,0.004354371297677293,Non-Switch
1350,0.004357580856718297,Non-Switch
1351,0.004360143129493261,Non-Switch
1352,0.004358615439852394,Non-Switch
1353,0.004359969803227938,Non-Switch
1354,0.0043661725993819085,Non-Switch
1355,0.0044003481049758215,Non-Switch
1356,0.004372744217705111,Non-Switch
1357,0.004372960539633149,Non-Switch
1358,0.004364096043234186,Non-Switch
1359,0.004379818011932689,Non-Switch
136,0.004354341066351946,Non-Switch
1360,0.0044347446351483836,Non-Switch
1361,0.004404844510765763,Non-Switch
1362,0.004534696114817793,Non-Switch
1363,0.004645676317877394,Non-Switch
1364,0.0057657566631877655,Non-Switch
1365,0.005537529639227749,Non-Switch
1366,0.006333118023082953,Non-Switch
1367,0.005777397067060812,Non-Switch
1368,0.005497916861818374,Non-Switch
1369,0.005530758158253641,Non-Switch
137,0.004354338715026641,Non-Switch
1370,0.016643044626645023,Non-Switch
1371,0.018010408815703302,Non-Switch
1372,0.013911700813352868,Non-Switch
1373,0.014720236937950567,Non-Switch
1374,0.01218577698230591,Non-Switch
1375,0.00945720235841554,Non-Switch
1376,0.006384301000509846,Non-Switch
1377,0.0066956500612222235,Non-Switch
1378,0.006254178658144153,Non-Switch
1379,0.005177255545188282,Non-Switch
138,0.004354335020086877,Non-Switch
1380,0.005755776294979883,Non-Switch
1381,0.007690094056944779,Non-Switch
1382,0.004783774355676849,Non-Switch
1383,0.004603812314440513,Non-Switch
1384,0.0045382002613291225,Non-Switch
1385,0.00472870396571395,Non-Switch
1386,0.004808066569207606,Non-Switch
1387,0.0047054271888112365,Non-Switch
1388,0.004758021633228218,Non-Switch
1389,0.005007699797943606,Non-Switch
139,0.004354334012376031,Non-Switch
1390,0.0047528198298468485,Non-Switch
1391,0.004638996202686557,Non-Switch
1392,0.004689703876498273,Non-Switch
1393,0.007273766383061406,Non-Switch
1394,0.004664642443689243,Non-Switch
1395,0.00501505810253306,Non-Switch
1396,0.004668046490923313,Non-Switch
1397,0.004743964738749104,Non-Switch
1398,0.004686864147337347,Non-Switch
1399,0.004537330942773589,Non-Switch
14,0.004401729676544178,Non-Switch
140,0.004354335020086877,Non-Switch
1400,0.0053136250229851205,Non-Switch
1401,0.0049144307847903395,Non-Switch
1402,0.004701718141094777,Non-Switch
1403,0.004913951786235397,Non-Switch
1404,0.004841391566848425,Non-Switch
1405,0.0048203572824792274,Non-Switch
1406,0.0056380749964884186,Non-Switch
1407,0.0066363919608915375,Non-Switch
1408,0.005575116917838877,Non-Switch
1409,0.03552826738102228,Non-Switch
141,0.004354344425388095,Non-Switch
1410,0.017423055816259775,Non-Switch
1411,0.06702457886967471,Non-Switch
1412,0.08715286938304254,Non-Switch
1413,0.08313867069937426,Non-Switch
1414,0.057790846468224036,Non-Switch
1415,0.14404030710965776,Non-Switch
1416,0.03710670265280978,Non-Switch
1417,0.0737452147853926,Non-Switch
1418,0.11662567062284804,Non-Switch
1419,0.04277961219778468,Non-Switch
142,0.0043543484562314745,Non-Switch
1420,0.14020884536698908,Non-Switch
1421,0.06465773750512722,Non-Switch
1422,0.01694250673023097,Non-Switch
1423,0.0499086612264101,Non-Switch
1424,0.014944656830338554,Non-Switch
1425,0.017784665463072346,Non-Switch
1426,0.007493455408936206,Non-Switch
1427,0.016135025342984267,Non-Switch
1428,0.007460945985272525,Non-Switch
1429,0.011066835014346662,Non-Switch
143,0.004354335691894106,Non-Switch
1430,0.00696609546693291,Non-Switch
1431,0.008268262107940665,Non-Switch
1432,0.006476407115348099,Non-Switch
1433,0.00684814559976637,Non-Switch
1434,0.016106726135230575,Non-Switch
1435,0.0079791955494307,Non-Switch
1436,0.013427507844908908,Non-Switch
1437,0.01308975541644571,Non-Switch
1438,0.010815201554688554,Non-Switch
1439,0.007503996736181082,Non-Switch
144,0.004354335691894106,Non-Switch
1440,0.007384976680097259,Non-Switch
1441,0.0073950564757751715,Non-Switch
1442,0.008517342700125028,Non-Switch
1443,0.0070178689629149145,Non-Switch
1444,0.005296585976212334,Non-Switch
1445,0.005317474142509021,Non-Switch
1446,0.00772780394037537,Non-Switch
1447,0.009201079882847022,Non-Switch
1448,0.06772916491797044,Non-Switch
1449,0.02489547223817617,Non-Switch
145,0.004354332668761571,Non-Switch
1450,0.008643102998146766,Non-Switch
1451,0.008066127404984011,Non-Switch
1452,0.006792839069562149,Non-Switch
1453,0.0063056760413546555,Non-Switch
1454,0.007979177410635493,Non-Switch
1455,0.005584310935684123,Non-Switch
1456,0.005627113117917605,Non-Switch
1457,0.006481044600656326,Non-Switch
1458,0.011136189033728778,Non-Switch
1459,0.009350864007411159,Non-Switch
146,0.004354332668761571,Non-Switch
1460,0.014024861366777218,Non-Switch
1461,0.011555723915327852,Non-Switch
1462,0.014503208268706302,Non-Switch
1463,0.00782113677521548,Non-Switch
1464,0.006040967869387596,Non-Switch
1465,0.007873245503005222,Non-Switch
1466,0.007684244631393754,Non-Switch
1467,0.007018101408216472,Non-Switch
1468,0.006819260576108177,Non-Switch
1469,0.0070925040589315345,Non-Switch
147,0.004354335020086877,Non-Switch
1470,0.01251512913316603,Non-Switch
1471,0.006059953141705498,Non-Switch
1472,0.006134214712902275,Non-Switch
1473,0.0059904822278653725,Non-Switch
1474,0.006244715581503319,Non-Switch
1475,0.06933916975510694,Non-Switch
1476,0.05952009977590254,Non-Switch
1477,0.6661219994432744,Non-Switch
1478,0.043369875466148275,Non-Switch
1479,0.2392280393328177,Non-Switch
148,0.004354335691894106,Non-Switch
1480,0.5415878141096568,Non-Switch
1481,0.9567683798351494,Non-Switch
1482,0.5590876077785629,Non-Switch
1483,0.8612079397097384,Non-Switch
1484,0.7087359466653865,Non-Switch
1485,0.5905713107891241,Non-Switch
1486,0.4114428667742911,Non-Switch
1487,0.451380462979339,Non-Switch
1488,0.27103816541471637,Non-Switch
1489,0.11220492107591361,Non-Switch
149,0.004354332668761571,Non-Switch
1490,0.1509040057186043,Non-Switch
1491,0.054422394268425066,Non-Switch
1492,0.02388417125544014,Non-Switch
1493,0.011169313832815077,Non-Switch
1494,0.01219738581123915,Non-Switch
1495,0.01640830040074743,Non-Switch
1496,0.008949213977887357,Non-Switch
1497,0.019911838254726835,Non-Switch
1498,0.01556434928621659,Non-Switch
1499,0.005938507189714387,Non-Switch
15,0.0044117977155955675,Non-Switch
150,0.004354335691894106,Non-Switch
1500,0.0056467157810798155,Non-Switch
1501,0.004856263363497449,Non-Switch
1502,0.004560251325940823,Non-Switch
1503,0.0045662912088415344,Non-Switch
1504,0.005158787564437428,Non-Switch
1505,0.005128323121981663,Non-Switch
1506,0.005355821906904433,Non-Switch
1507,0.005345889908817105,Non-Switch
1508,0.005754186127266633,Non-Switch
1509,0.011350744780559661,Non-Switch
151,0.004354332668761571,Non-Switch
1510,0.006598514125653463,Non-Switch
1511,0.005232429393464592,Non-Switch
1512,0.0051475317702035185,Non-Switch
1513,0.008481917633083438,Non-Switch
1514,0.00536670283270404,Non-Switch
1515,0.2644229172427725,Non-Switch
1516,0.749158146984903,Non-Switch
1517,0.6987968112980485,Non-Switch
152,0.004354332668761571,Non-Switch
1527,0.142822336725163,Non-Switch
1528,0.8957376704453934,Non-Switch
153,0.004354332668761571,Non-Switch
1535,0.7583762450884988,Non-Switch
1536,0.8770987926841602,Non-Switch
1537,0.19032909362408096,Non-Switch
1538,0.5380435096493507,Non-Switch
154,0.004354332668761571,Non-Switch
1540,0.04385149675651605,Non-Switch
1541,0.027418621647297678,Non-Switch
1542,0.023884904868935228,Non-Switch
1543,0.034242428342930814,Non-Switch
1544,0.020819408170317855,Non-Switch
1545,0.014750110861851221,Non-Switch
1546,0.007600939863074851,Non-Switch
1547,0.008147041883178812,Non-Switch
1548,0.004391038200383413,Non-Switch
1549,0.004550383485443954,Non-Switch
155,0.004354332668761571,Non-Switch
1550,0.004407320792215295,Non-Switch
1551,0.004372865478910114,Non-Switch
1552,0.00437865612132852,Non-Switch
1553,0.004372693832162866,Non-Switch
1554,0.004400694085699237,Non-Switch
1555,0.004402786765220478,Non-Switch
1556,0.0044130321613805685,Non-Switch
1557,0.004683035182030344,Non-Switch
1558,0.006698587202431491,Non-Switch
1559,0.004414524581141865,Non-Switch
156,0.004354332668761571,Non-Switch
1560,0.004468832805802406,Non-Switch
1561,0.007224940777204346,Non-Switch
1562,0.005292545391627903,Non-Switch
1563,0.011604133000702352,Non-Switch
1564,0.02752123617082654,Non-Switch
1565,0.0516535219596544,Non-Switch
1566,0.11311519300018343,Non-Switch
1567,0.2054745952874947,Non-Switch
1568,0.19072119257021683,Non-Switch
1569,0.4390691279129875,Non-Switch
157,0.004354333340568802,Non-Switch
1570,0.5565333214479485,Non-Switch
1571,0.3039666301816818,Non-Switch
1572,0.22864672074715794,Non-Switch
1573,0.11275528705650596,Non-Switch
1574,0.04700475028996509,Non-Switch
1575,0.06585546768139854,Non-Switch
1576,0.05214710141871498,Non-Switch
1577,0.09245757213420691,Non-Switch
1578,0.07589665325419226,Non-Switch
1579,0.015080330987652412,Non-Switch
158,0.004354335691894106,Non-Switch
1580,0.0386525230271985,Non-Switch
1581,0.04949967573374266,Non-Switch
1582,0.050448708247950676,Non-Switch
1583,0.04211040889267505,Non-Switch
1584,0.050110601105270075,Non-Switch
1585,0.047942990892831466,Non-Switch
1586,0.057631945247742476,Non-Switch
1587,0.03283977546369862,Non-Switch
1588,0.03186639128102,Non-Switch
1589,0.1810828978549006,Non-Switch
159,0.004354332668761571,Non-Switch
1590,0.14605529884282914,Non-Switch
1591,0.09381648230108372,Non-Switch
1592,0.13697409892932025,Non-Switch
1593,0.26919016883553276,Non-Switch
1594,0.21536716635211162,Non-Switch
1595,0.057475333546300536,Non-Switch
1596,0.05389245122762268,Non-Switch
1597,0.07978083305380824,Non-Switch
1598,0.04965801263615107,Non-Switch
1599,0.05261453951484442,Non-Switch
16,0.004393135246651648,Non-Switch
160,0.004354335020086877,Non-Switch
1600,0.0864996416538607,Non-Switch
1601,0.06866355740902376,Non-Switch
1602,0.21072789134942463,Non-Switch
1603,0.3616289518651329,Non-Switch
1604,0.14662548582393342,Non-Switch
1605,0.08551612124369685,Non-Switch
1606,0.1256608329305041,Non-Switch
1607,0.06974065250463049,Non-Switch
1608,0.024607645835812663,Non-Switch
1609,0.019962053157935394,Non-Switch
161,0.004354333340568802,Non-Switch
1610,0.04165298341150053,Non-Switch
1611,0.02938347237605579,Non-Switch
1612,0.008885548150321082,Non-Switch
1613,0.09722450125949682,Non-Switch
1614,0.07609558343666213,Non-Switch
1615,0.008102583696123548,Non-Switch
1616,0.024692548833531575,Non-Switch
1617,0.011433445594178854,Non-Switch
1618,0.010554570580799956,Non-Switch
1619,0.013619811320862726,Non-Switch
162,0.004354333340568802,Non-Switch
1620,0.02686668363778729,Non-Switch
1621,0.03672917923633456,Non-Switch
1622,0.008140989571844347,Non-Switch
1623,0.005271642445572157,Non-Switch
1624,0.11969618437785855,Non-Switch
1625,0.10801134986185328,Non-Switch
1626,0.17426423720264872,Non-Switch
1627,0.45146172478187163,Non-Switch
1628,0.012666343535322694,Non-Switch
1629,0.01289957350772402,Non-Switch
163,0.004354334348279646,Non-Switch
1630,0.010459887413427682,Non-Switch
1631,0.021105299767859156,Non-Switch
1632,0.04522796527715438,Non-Switch
1633,0.07275314361280617,Non-Switch
1634,0.14432369152261695,Non-Switch
1635,0.20008953901717252,Non-Switch
1636,0.292651977572743,Non-Switch
1637,0.4952481207305783,Non-Switch
1638,0.5576153502958519,Non-Switch
1639,0.780532082068551,Non-Switch
164,0.004354333340568802,Non-Switch
1640,0.6142874603691291,Non-Switch
1641,0.6633987831538499,Non-Switch
1642,0.4137078782861543,Non-Switch
1643,0.5570979834863938,Non-Switch
1644,0.6768191483442902,Non-Switch
1645,0.8224920652607572,Non-Switch
1646,0.2193980527273714,Non-Switch
1647,0.4605237056341466,Non-Switch
1648,0.7102402789124835,Non-Switch
1649,0.6156540345128849,Non-Switch
165,0.004354335020086877,Non-Switch
1650,0.6096777233867278,Non-Switch
1651,0.7007951637097489,Non-Switch
1652,0.6798119044432794,Non-Switch
1653,0.7289192286313677,Non-Switch
1654,0.5083461044419761,Non-Switch
1655,0.4253045824425081,Non-Switch
1656,0.3855307567167443,Non-Switch
1657,0.8361908273672817,Non-Switch
1658,0.1526265302050678,Non-Switch
1659,0.5362982297083949,Non-Switch
166,0.004354332668761571,Non-Switch
1660,0.5493850775431495,Non-Switch
1661,0.6474630857032156,Non-Switch
1662,0.7182439215270114,Non-Switch
1663,0.8433453056431746,Non-Switch
1664,0.8116936185783832,Non-Switch
1665,0.8268067660056034,Non-Switch
1666,0.678643368321992,Non-Switch
1667,0.8129545953745093,Non-Switch
1668,0.14441020954491662,Non-Switch
1669,0.6663675476730437,Non-Switch
167,0.004354332668761571,Non-Switch
1670,0.7935770521278204,Non-Switch
1671,0.7789978248402039,Non-Switch
1672,0.8111073297215919,Non-Switch
1673,0.8005190458385723,Non-Switch
1674,0.8493056223828015,Non-Switch
1675,0.22044632998004293,Non-Switch
1676,0.5761423963383615,Non-Switch
1677,0.9185698291999636,Non-Switch
1678,0.6103625583024634,Non-Switch
1679,0.6061396962931781,Non-Switch
168,0.004354332668761571,Non-Switch
1680,0.6307580238639466,Non-Switch
1681,0.6408736564267326,Non-Switch
1682,0.5770823675166522,Non-Switch
1683,0.6135371430590774,Non-Switch
1684,0.7796435337028682,Non-Switch
1685,0.8458886710754592,Non-Switch
1686,0.8485273148963218,Non-Switch
1687,0.7809192150156431,Non-Switch
1688,0.9213844972639843,Non-Switch
1689,0.9085289660946402,Non-Switch
169,0.004354332668761571,Non-Switch
1690,0.8595710948301516,Non-Switch
1691,0.8517166471652472,Non-Switch
1692,0.8985988598164725,Non-Switch
1693,0.8931296395363844,Non-Switch
1694,0.9555459271528166,Non-Switch
1695,0.9372840353622747,Non-Switch
1696,0.9337114397559015,Non-Switch
1697,0.9224776189928683,Non-Switch
1698,0.9408549971334645,Non-Switch
1699,0.98775019447483,Non-Switch
17,0.004387940497246192,Non-Switch
170,0.004354332668761571,Non-Switch
1700,0.8881000069119015,Non-Switch
1701,0.9807334743022783,Non-Switch
1702,0.9358890840811265,Non-Switch
1703,0.9425441247389137,Non-Switch
1704,0.484493572619837,Non-Switch
1705,0.28804948535950936,Non-Switch
1706,0.9803073872847657,Non-Switch
1707,0.6210062635947237,Non-Switch
1708,0.6740280419034377,Non-Switch
1709,0.619311331574808,Non-Switch
171,0.004354352487074855,Non-Switch
1710,0.8992323579109257,Non-Switch
1711,0.8516477681135766,Non-Switch
1712,0.7925504016934949,Non-Switch
1715,0.3476394315894935,Non-Switch
1716,0.42944738652781683,Non-Switch
1717,0.2683250961016928,Non-Switch
1718,0.311196286373833,Non-Switch
1719,0.39301462476470217,Non-Switch
172,0.0043543484562314745,Non-Switch
1720,0.40433607068835,Non-Switch
1721,0.2896723566487135,Non-Switch
1722,0.3357156379290301,Non-Switch
1723,0.5014434517626092,Non-Switch
1724,0.761172682991528,Non-Switch
1725,0.8255536144200916,Non-Switch
1726,0.8985498447609767,Non-Switch
1727,0.9021199466189123,Non-Switch
1728,0.34384912744495943,Non-Switch
1729,0.38623373580214604,Non-Switch
173,0.004354358869243539,Non-Switch
1730,0.09035231100716391,Non-Switch
1731,0.03102898088167979,Non-Switch
1732,0.023380407198773778,Non-Switch
1733,0.016252380660752314,Non-Switch
1734,0.019845701520168867,Non-Switch
1735,0.018423329755123688,Non-Switch
1736,0.018009759849919187,Non-Switch
1737,0.023433565961263905,Non-Switch
1738,0.014741758954368696,Non-Switch
1739,0.010544889838616624,Non-Switch
174,0.004354367938641143,Non-Switch
1740,0.005748843916174207,Non-Switch
1741,0.006331322282357342,Non-Switch
1742,0.0064947938074241315,Non-Switch
1743,0.004677086329009289,Non-Switch
1744,0.004574316618010312,Non-Switch
1745,0.0043583964306954355,Non-Switch
1746,0.004356911736717284,Non-Switch
1747,0.00437071032131649,Non-Switch
1748,0.004360190827806586,Non-Switch
1749,0.004357281566597362,Non-Switch
175,0.004354366930930298,Non-Switch
1750,0.00435989556852903,Non-Switch
1751,0.004357872756959703,Non-Switch
1752,0.0043563420441863005,Non-Switch
1753,0.004355187207558046,Non-Switch
1754,0.004354961480328789,Non-Switch
1755,0.004355037394545771,Non-Switch
1756,0.00435464438731626,Non-Switch
1757,0.004354571832135428,Non-Switch
1758,0.004354605086593309,Non-Switch
1759,0.0043546003839427,Non-Switch
176,0.004354402536713485,Non-Switch
1760,0.0043545332032197065,Non-Switch
1761,0.00435450498731605,Non-Switch
1762,0.004354573847557118,Non-Switch
1763,0.0043544408297255905,Non-Switch
1764,0.004354381038882127,Non-Switch
1765,0.004354364579604994,Non-Switch
1766,0.004354481809966617,Non-Switch
1767,0.004354431424424371,Non-Switch
1768,0.004354793528521306,Non-Switch
1769,0.004354414629243623,Non-Switch
177,0.004354362228279688,Non-Switch
1770,0.004354412277918319,Non-Switch
1771,0.004354420339605078,Non-Switch
1772,0.004354443852858126,Non-Switch
1773,0.004354707537195874,Non-Switch
1774,0.004354564106352284,Non-Switch
1775,0.004354707873099489,Non-Switch
1776,0.0043545711603281976,Non-Switch
1777,0.0043547162706898635,Non-Switch
1778,0.004354580229725802,Non-Switch
1779,0.004354974916473387,Non-Switch
178,0.004354363907797763,Non-Switch
1780,0.004354770015268258,Non-Switch
1781,0.004355032691895162,Non-Switch
1782,0.00435514085285918,Non-Switch
1783,0.004355064938642198,Non-Switch
1784,0.004354715598882633,Non-Switch
1785,0.004355428386353592,Non-Switch
1786,0.004354984993581837,Non-Switch
1787,0.004356811301536409,Non-Switch
1788,0.0043566554422590645,Non-Switch
1789,0.004355478100088607,Non-Switch
179,0.00435434543309894,Non-Switch
1790,0.004355938959848341,Non-Switch
1791,0.004359924120336303,Non-Switch
1792,0.004356231867800591,Non-Switch
1793,0.004356980261054737,Non-Switch
1794,0.004356069290450948,Non-Switch
1795,0.004355592307317696,Non-Switch
1796,0.0043561505791257695,Non-Switch
1797,0.004355177802256827,Non-Switch
1798,0.004354761281774268,Non-Switch
1799,0.004355258755028034,Non-Switch
18,0.0043778465936164515,Non-Switch
180,0.004354333340568802,Non-Switch
1800,0.004355211392618324,Non-Switch
1801,0.004354859701533454,Non-Switch
1802,0.004354709552617564,Non-Switch
1803,0.004354424034544843,Non-Switch
1804,0.004354516072135343,Non-Switch
1805,0.004354688054786206,Non-Switch
1806,0.004354510697677504,Non-Switch
1807,0.004354720301533243,Non-Switch
1808,0.004354557388279984,Non-Switch
1809,0.004354754563701969,Non-Switch
181,0.004354334348279646,Non-Switch
1810,0.004354776733340557,Non-Switch
1811,0.004354531523701632,Non-Switch
1812,0.004354485840809996,Non-Switch
1813,0.004354571496231812,Non-Switch
1814,0.004354560747316134,Non-Switch
1815,0.00435450095647267,Non-Switch
1816,0.004354734409485072,Non-Switch
1817,0.004354548654785995,Non-Switch
1818,0.004354580565629417,Non-Switch
1819,0.004354588291412561,Non-Switch
182,0.004354333340568802,Non-Switch
1820,0.004354741799364601,Non-Switch
1821,0.004354606766111384,Non-Switch
1822,0.004354552013822144,Non-Switch
1823,0.004354543952135385,Non-Switch
1824,0.004354541264906466,Non-Switch
1825,0.004354527492858252,Non-Switch
1826,0.004354580229725802,Non-Switch
1827,0.004354798902979145,Non-Switch
1828,0.004355086772377171,Non-Switch
1829,0.004354723660569392,Non-Switch
183,0.004354335691894106,Non-Switch
1830,0.004354956777678179,Non-Switch
1831,0.004354827118882802,Non-Switch
1832,0.0043555580451489695,Non-Switch
1833,0.004355283947799157,Non-Switch
1834,0.004355009850449344,Non-Switch
1835,0.004355179817678517,Non-Switch
1836,0.004354790169485156,Non-Switch
1837,0.004354805621051444,Non-Switch
1838,0.004354902361292555,Non-Switch
1839,0.004354917812858843,Non-Switch
184,0.004354334348279646,Non-Switch
1840,0.004354820736714117,Non-Switch
1841,0.004354582916954721,Non-Switch
1842,0.004354563434545053,Non-Switch
1843,0.00435444284514728,Non-Switch
1844,0.004354470389243708,Non-Switch
1845,0.004354435455267752,Non-Switch
1846,0.004354407575267709,Non-Switch
1847,0.004354383390207431,Non-Switch
1848,0.004354505323219664,Non-Switch
1849,0.004354377679845977,Non-Switch
185,0.004354334348279646,Non-Switch
1850,0.004354360548761614,Non-Switch
1851,0.004354376672135132,Non-Switch
1852,0.0043543649155086085,Non-Switch
1853,0.0043543484562314745,Non-Switch
1854,0.004354374320809828,Non-Switch
1855,0.004354344425388095,Non-Switch
1856,0.004354342409966405,Non-Switch
1857,0.004354358533339924,Non-Switch
1858,0.004354337371412181,Non-Switch
1859,0.00435434543309894,Non-Switch
186,0.004354332668761571,Non-Switch
1860,0.004354339722737486,Non-Switch
1861,0.004354337371412181,Non-Switch
1862,0.00435439951358095,Non-Switch
1863,0.004354801590208065,Non-Switch
1864,0.004354797559364685,Non-Switch
1865,0.004354417988279773,Non-Switch
1866,0.004354415301050853,Non-Switch
1867,0.004354591650448711,Non-Switch
1868,0.004354806628762289,Non-Switch
1869,0.0043548996740636345,Non-Switch
187,0.004354339050930256,Non-Switch
1870,0.00435475254828028,Non-Switch
1871,0.004354476771412392,Non-Switch
1872,0.004354737768521221,Non-Switch
1873,0.004354960472617944,Non-Switch
1874,0.004354802597918909,Non-Switch
1875,0.004355025302015632,Non-Switch
1876,0.004354714255268174,Non-Switch
1877,0.0043547444865935205,Non-Switch
1878,0.004354485840809996,Non-Switch
1879,0.004354410262496629,Non-Switch
188,0.004354332668761571,Non-Switch
1880,0.004354426049966532,Non-Switch
1881,0.004354475091894318,Non-Switch
1882,0.004354560075508904,Non-Switch
1883,0.004354735081292301,Non-Switch
1884,0.004354578550207727,Non-Switch
1885,0.004355466007558468,Non-Switch
1886,0.004354390780086961,Non-Switch
1887,0.004354406567556864,Non-Switch
1888,0.004354352487074855,Non-Switch
1889,0.004354389100568886,Non-Switch
189,0.004354332668761571,Non-Switch
1890,0.004354493230689526,Non-Switch
1891,0.004354395146833955,Non-Switch
1892,0.004354708880810334,Non-Switch
1893,0.004354458968520799,Non-Switch
1894,0.004354389100568886,Non-Switch
1895,0.004354509689966659,Non-Switch
1896,0.004354426721773762,Non-Switch
1897,0.004354519767075108,Non-Switch
1898,0.004354565785870358,Non-Switch
1899,0.0043545463034606905,Non-Switch
19,0.004359956367083339,Non-Switch
190,0.004354332668761571,Non-Switch
1900,0.004354524805629333,Non-Switch
1901,0.004354507674544969,Non-Switch
1902,0.004354392795508651,Non-Switch
1903,0.004354507674544969,Non-Switch
1904,0.004354464678882253,Non-Switch
1905,0.0043544509068340394,Non-Switch
1906,0.004354355846111004,Non-Switch
1907,0.004354335691894106,Non-Switch
1908,0.004354332668761571,Non-Switch
1909,0.004354332668761571,Non-Switch
191,0.004354333340568802,Non-Switch
1910,0.004354332668761571,Non-Switch
1911,0.004354332668761571,Non-Switch
1912,0.004354332668761571,Non-Switch
1913,0.004354332668761571,Non-Switch
1914,0.004354332668761571,Non-Switch
1915,0.004354332668761571,Non-Switch
1916,0.004354332668761571,Non-Switch
1917,0.004354332668761571,Non-Switch
1918,0.004354332668761571,Non-Switch
1919,0.004354333340568802,Non-Switch
192,0.004354347112617015,Non-Switch
1920,0.004354333340568802,Non-Switch
1921,0.004354332668761571,Non-Switch
1922,0.004354334348279646,Non-Switch
1923,0.004354336363701336,Non-Switch
1924,0.004354334348279646,Non-Switch
1925,0.004354334348279646,Non-Switch
1926,0.004354344425388095,Non-Switch
1927,0.004354335691894106,Non-Switch
1928,0.004354337371412181,Non-Switch
1929,0.004354340730448331,Non-Switch
193,0.004354338043219411,Non-Switch
1930,0.004354344425388095,Non-Switch
1931,0.004354338043219411,Non-Switch
1932,0.004354334348279646,Non-Switch
1933,0.004354338043219411,Non-Switch
1934,0.004354337371412181,Non-Switch
1935,0.004354335691894106,Non-Switch
1936,0.004354334348279646,Non-Switch
1937,0.004354338043219411,Non-Switch
1938,0.004354334348279646,Non-Switch
1939,0.004354356853821849,Non-Switch
194,0.004354337371412181,Non-Switch
1940,0.004354341066351946,Non-Switch
1941,0.004354347784424245,Non-Switch
1942,0.004354347784424245,Non-Switch
1943,0.004354352151171239,Non-Switch
1944,0.004354352487074855,Non-Switch
1945,0.004354352151171239,Non-Switch
1946,0.0043543897723761155,Non-Switch
1947,0.004354396490448415,Non-Switch
1948,0.004354378351653207,Non-Switch
1949,0.0043543897723761155,Non-Switch
195,0.0043543417381591756,Non-Switch
1950,0.004354410262496629,Non-Switch
1951,0.004354381038882127,Non-Switch
1952,0.004354415636954468,Non-Switch
1953,0.004354392795508651,Non-Switch
1954,0.004354381038882127,Non-Switch
1955,0.004354383390207431,Non-Switch
1956,0.00435449759743652,Non-Switch
1957,0.004354447883701505,Non-Switch
1958,0.004354580229725802,Non-Switch
1959,0.004354531859605246,Non-Switch
196,0.004354358533339924,Non-Switch
1960,0.004354708209003104,Non-Switch
1961,0.004354525477436562,Non-Switch
1962,0.004355099200810925,Non-Switch
1963,0.004354893627798565,Non-Switch
1964,0.004354787146352621,Non-Switch
1965,0.0043545812374366465,Non-Switch
1966,0.004354387421050811,Non-Switch
1967,0.00435440421623156,Non-Switch
1968,0.0043544509068340394,Non-Switch
1969,0.004354367938641143,Non-Switch
197,0.004354340394544715,Non-Switch
1970,0.004354513049002809,Non-Switch
1971,0.0043543961545448005,Non-Switch
1972,0.004354398505870105,Non-Switch
1973,0.004354380702978512,Non-Switch
1974,0.004354405895749635,Non-Switch
1975,0.004354431424424371,Non-Switch
1976,0.004354428401291837,Non-Switch
1977,0.00435444284514728,Non-Switch
1978,0.0043545399212920055,Non-Switch
1979,0.004354356853821849,Non-Switch
198,0.004354342409966405,Non-Switch
1980,0.004354365587315838,Non-Switch
1981,0.004354340730448331,Non-Switch
1982,0.004354335691894106,Non-Switch
1983,0.004354337371412181,Non-Switch
1984,0.004354337371412181,Non-Switch
1985,0.004354335020086877,Non-Switch
1986,0.004354338043219411,Non-Switch
1987,0.00435434543309894,Non-Switch
1988,0.004354407911171324,Non-Switch
1989,0.004355959785872469,Non-Switch
199,0.004354337371412181,Non-Switch
1990,0.004354343753580865,Non-Switch
1991,0.004354343753580865,Non-Switch
1992,0.00441476710355187,Non-Switch
1993,0.0043545597396052885,Non-Switch
1994,0.004355027989244552,Non-Switch
1995,0.00435435483840016,Non-Switch
1996,0.004354439150207516,Non-Switch
1997,0.004354389100568886,Non-Switch
1998,0.004354353158882085,Non-Switch
1999,0.004354340394544715,Non-Switch
2,0.5365662216741018,Non-Switch
20,0.004373067692886323,Non-Switch
200,0.004354340730448331,Non-Switch
2000,0.004354526821051022,Non-Switch
2001,0.00435434408948448,Non-Switch
2002,0.004357649045152135,Non-Switch
2003,0.004354782107798397,Non-Switch
2004,0.004355168396955608,Non-Switch
2005,0.00435655097623481,Non-Switch
2006,0.004354381710689356,Non-Switch
2007,0.004354389436472501,Non-Switch
2008,0.004354573847557118,Non-Switch
2009,0.004354353158882085,Non-Switch
201,0.004354337371412181,Non-Switch
2010,0.004354349128038705,Non-Switch
2011,0.004355263793582259,Non-Switch
2012,0.004354354166592929,Non-Switch
2013,0.004354368610448373,Non-Switch
2014,0.004354368610448373,Non-Switch
2015,0.004354364579604994,Non-Switch
2016,0.004354382382496587,Non-Switch
2017,0.00435440085719541,Non-Switch
2018,0.004354378015749592,Non-Switch
2019,0.004354362564183304,Non-Switch
202,0.004354336363701336,Non-Switch
2020,0.004354352487074855,Non-Switch
2021,0.004354385741532736,Non-Switch
2022,0.00435435147936401,Non-Switch
2023,0.004354347112617015,Non-Switch
2024,0.004354357525629079,Non-Switch
2025,0.0043543518152676245,Non-Switch
2026,0.00435434946394232,Non-Switch
2027,0.004354353158882085,Non-Switch
2028,0.004354339722737486,Non-Switch
2029,0.004354342745870021,Non-Switch
203,0.004354335020086877,Non-Switch
2030,0.00435435282297847,Non-Switch
2031,0.004354363907797763,Non-Switch
2032,0.0043543665950266834,Non-Switch
2033,0.004354341402255561,Non-Switch
2034,0.004354340730448331,Non-Switch
2035,0.004354356853821849,Non-Switch
2036,0.004354347784424245,Non-Switch
2037,0.00435434879213509,Non-Switch
2038,0.004354803605629755,Non-Switch
2039,0.004355543601293525,Non-Switch
204,0.004354335020086877,Non-Switch
2040,0.004357167695271888,Non-Switch
2041,0.004357478070212117,Non-Switch
2042,0.004355917126113368,Non-Switch
2043,0.00435594769334233,Non-Switch
2044,0.0043551206986422826,Non-Switch
2045,0.004355773359366162,Non-Switch
2046,0.00436300267696747,Non-Switch
2047,0.004362986217690336,Non-Switch
2048,0.0043572083396092995,Non-Switch
2049,0.004356710530451919,Non-Switch
205,0.004354333340568802,Non-Switch
2050,0.0043568055911749545,Non-Switch
2051,0.004356693063463941,Non-Switch
2052,0.0043725692119217134,Non-Switch
2053,0.004384699699168996,Non-Switch
2054,0.004366871278901038,Non-Switch
2055,0.004482747948956005,Non-Switch
2056,0.004455448726264069,Non-Switch
2057,0.004400399162325297,Non-Switch
2058,0.004435038886715094,Non-Switch
2059,0.004364989546849996,Non-Switch
206,0.004354332668761571,Non-Switch
2060,0.004362493447087181,Non-Switch
2061,0.004357109583946499,Non-Switch
2062,0.0043567478157531805,Non-Switch
2063,0.0043578287535861425,Non-Switch
2064,0.004356867061536493,Non-Switch
2065,0.0043565005906925644,Non-Switch
2066,0.004356126729969107,Non-Switch
2067,0.004355138165630261,Non-Switch
2068,0.004354724332376623,Non-Switch
2069,0.0043550447844253005,Non-Switch
207,0.004354336363701336,Non-Switch
2070,0.004357091781054906,Non-Switch
2071,0.004356160992137834,Non-Switch
2072,0.004357290635994966,Non-Switch
2073,0.004358070268285303,Non-Switch
2074,0.004400394459674687,Non-Switch
2075,0.004397069685693749,Non-Switch
2076,0.004378056533375805,Non-Switch
2077,0.004381650366152331,Non-Switch
2078,0.00445638354602452,Non-Switch
2079,0.00441052632041292,Non-Switch
208,0.004354334348279646,Non-Switch
2080,0.004451877399029746,Non-Switch
2081,0.00437890972855782,Non-Switch
2082,0.004377870106869498,Non-Switch
2083,0.004385327838928983,Non-Switch
2084,0.004387296234112686,Non-Switch
2085,0.004513291328761287,Non-Switch
2086,0.0044252160573026314,Non-Switch
2087,0.004391766103517045,Non-Switch
2088,0.004460820160970997,Non-Switch
2089,0.0043558700996072725,Non-Switch
209,0.004354335020086877,Non-Switch
2090,0.004357468329007283,Non-Switch
2091,0.004358160290454114,Non-Switch
2092,0.004357958076477904,Non-Switch
2093,0.004384947260133227,Non-Switch
2094,0.004356002445631569,Non-Switch
2095,0.004356432402258727,Non-Switch
2096,0.004355820385872258,Non-Switch
2097,0.004442051210581133,Non-Switch
2098,0.483102361961345,Non-Switch
2099,0.22685012548275096,Non-Switch
21,0.004359500209974215,Non-Switch
210,0.004354335691894106,Non-Switch
2100,0.30915640015194923,Non-Switch
2101,0.2044966374411947,Non-Switch
2102,0.06433924175910281,Non-Switch
2103,0.01933404507216525,Non-Switch
2104,0.01651450774934197,Non-Switch
2105,0.009676607881639307,Non-Switch
2106,0.006283826854815549,Non-Switch
2107,0.005366850630294626,Non-Switch
2108,0.0052925591636761166,Non-Switch
2109,0.008732339824305976,Non-Switch
211,0.004354332668761571,Non-Switch
2110,0.006467657497985454,Non-Switch
2111,0.011349219778147714,Non-Switch
2112,0.05663784253009273,Non-Switch
2113,0.10906982783550412,Non-Switch
2114,0.24339844663358992,Non-Switch
2115,0.07511554567517827,Non-Switch
2116,0.04219754766485518,Non-Switch
2117,0.02048470574667855,Non-Switch
2118,0.005321453256731913,Non-Switch
2119,0.004737924184041163,Non-Switch
212,0.004354333340568802,Non-Switch
2120,0.004608108521675934,Non-Switch
2121,0.00460164707973844,Non-Switch
2122,0.005452918205846627,Non-Switch
2123,0.005901575930863289,Non-Switch
2124,0.007346388072809916,Non-Switch
2125,0.00978431470397106,Non-Switch
2126,0.012666938756528415,Non-Switch
2127,0.006363836408671632,Non-Switch
2128,0.01683126485825531,Non-Switch
2129,0.011582813870067663,Non-Switch
213,0.004354333340568802,Non-Switch
2130,0.017800294386469503,Non-Switch
2131,0.016247194308937233,Non-Switch
2132,0.010056465156431316,Non-Switch
2133,0.008315592270903895,Non-Switch
2134,0.013806213642108814,Non-Switch
2135,0.007000168186020644,Non-Switch
2136,0.006795485990048084,Non-Switch
2137,0.008542847861609429,Non-Switch
2138,0.006854056831582549,Non-Switch
2139,0.005201953194382303,Non-Switch
214,0.004354332668761571,Non-Switch
2140,0.011425812520432357,Non-Switch
2141,0.00680142610957515,Non-Switch
2142,0.005623041966104212,Non-Switch
2143,0.008129602439296986,Non-Switch
2144,0.005453681042956216,Non-Switch
2145,0.005249754966020945,Non-Switch
2146,0.004986087423453051,Non-Switch
2147,0.004777870177836585,Non-Switch
2148,0.004692942995057394,Non-Switch
2149,0.004748264305020674,Non-Switch
215,0.004354332668761571,Non-Switch
2150,0.004613007675900219,Non-Switch
2151,0.004585534455135731,Non-Switch
2152,0.004524689882031557,Non-Switch
2153,0.004509966218876734,Non-Switch
2154,0.004502701967299471,Non-Switch
2155,0.004476556573524944,Non-Switch
2156,0.004447802552276588,Non-Switch
2157,0.00445588506505991,Non-Switch
2158,0.004451821303126047,Non-Switch
2159,0.004456699295422589,Non-Switch
216,0.004354332668761571,Non-Switch
2160,0.00445903886410083,Non-Switch
2161,0.004452725555657536,Non-Switch
2162,0.004477080583164292,Non-Switch
2163,0.004457663338797543,Non-Switch
2164,0.004450949297341594,Non-Switch
2165,0.004427851221162043,Non-Switch
2166,0.004425946647665183,Non-Switch
2167,0.00441812580379792,Non-Switch
2168,0.004424959091037182,Non-Switch
2169,0.004407128991251149,Non-Switch
217,0.004354332668761571,Non-Switch
2170,0.0043992705261790095,Non-Switch
2171,0.004384918372422339,Non-Switch
2172,0.004383708111697615,Non-Switch
2173,0.004381521379164184,Non-Switch
2174,0.004381867023983984,Non-Switch
2175,0.004380249312174306,Non-Switch
2176,0.004395452645691301,Non-Switch
2177,0.004516340325874338,Non-Switch
2178,0.012221162412720935,Non-Switch
2179,0.004642935008475653,Non-Switch
218,0.004354332668761571,Non-Switch
2180,0.00460284558383664,Non-Switch
2181,0.004697464929522072,Non-Switch
2182,0.004840053998653629,Non-Switch
2183,0.00491326822237894,Non-Switch
2184,0.005233924500454808,Non-Switch
2185,0.0049569534952161685,Non-Switch
2186,0.007231445214804556,Non-Switch
2187,0.00932154969893304,Non-Switch
2188,0.015693040679182525,Non-Switch
2189,0.015684516789049138,Non-Switch
219,0.004354332668761571,Non-Switch
2190,0.020791014909551972,Non-Switch
2191,0.02823313148178394,Non-Switch
2192,0.011349023610436573,Non-Switch
2193,0.009283866015984417,Non-Switch
2194,0.016478987957480963,Non-Switch
2195,0.01976602921354221,Non-Switch
2196,0.010326219944309633,Non-Switch
2197,0.008261991459256473,Non-Switch
2198,0.0072230865892497316,Non-Switch
2199,0.016268811721982013,Non-Switch
22,0.0043686959073375355,Non-Switch
220,0.004354332668761571,Non-Switch
2200,0.016898319281489365,Non-Switch
2201,0.009193051114642093,Non-Switch
2202,0.008951323452589347,Non-Switch
2203,0.007205574590187072,Non-Switch
2204,0.008667660911436961,Non-Switch
2205,0.009219848161429655,Non-Switch
2206,0.008894300454912647,Non-Switch
2207,0.013553812978594123,Non-Switch
2208,0.01110406522741508,Non-Switch
2209,0.01018779406458197,Non-Switch
221,0.004354332668761571,Non-Switch
2210,0.008551088920899015,Non-Switch
2211,0.007666735991367244,Non-Switch
2212,0.009047911865265712,Non-Switch
2213,0.010009943177565697,Non-Switch
2214,0.014632187195166648,Non-Switch
2215,0.013307599659667114,Non-Switch
2216,0.018089925263052614,Non-Switch
2217,0.009202471867427443,Non-Switch
2218,0.006756469441555274,Non-Switch
2219,0.005846612022346333,Non-Switch
222,0.004354366930930298,Non-Switch
2220,0.006041178145050565,Non-Switch
2221,0.005196518945699377,Non-Switch
2222,0.0046757588379229414,Non-Switch
2223,0.004976207154522429,Non-Switch
2224,0.004684895080346413,Non-Switch
2225,0.004725503476070549,Non-Switch
2226,0.005788158075269877,Non-Switch
2227,0.004720616750280018,Non-Switch
2228,0.0051049509484523,Non-Switch
2229,0.022953656435717996,Non-Switch
223,0.00435505217430483,Non-Switch
2230,0.019292198199812736,Non-Switch
2231,0.0058712122594920145,Non-Switch
2232,0.005598111199801404,Non-Switch
2233,0.005500624244955003,Non-Switch
2234,0.005333694592172135,Non-Switch
2235,0.0057399908404981515,Non-Switch
2236,0.005516742915822782,Non-Switch
2237,0.005587709608460353,Non-Switch
2238,0.004930825232526005,Non-Switch
2239,0.00466657456128253,Non-Switch
224,0.004364108471667939,Non-Switch
2240,0.0045557639895484866,Non-Switch
2241,0.0045445555577242865,Non-Switch
2242,0.004510979975986703,Non-Switch
2243,0.0045364774116879595,Non-Switch
2244,0.004488423376434478,Non-Switch
2245,0.0045214171731109394,Non-Switch
2246,0.004450690987461685,Non-Switch
2247,0.004548615288814771,Non-Switch
2248,0.3911143454596563,Non-Switch
2249,0.005103438710377721,Non-Switch
225,0.004376446547349271,Non-Switch
2250,0.005363434826434032,Non-Switch
2251,0.005005695461073102,Non-Switch
2252,0.005235236539974867,Non-Switch
2253,0.007454301811768489,Non-Switch
2254,0.005482579166855392,Non-Switch
2255,0.006861518594485414,Non-Switch
2256,0.0059448638297240125,Non-Switch
2257,0.005729924480964837,Non-Switch
2258,0.006232934098111987,Non-Switch
2259,0.0049940053434650395,Non-Switch
226,0.004356084742017236,Non-Switch
2260,0.005628300873100126,Non-Switch
2261,0.005607892713069226,Non-Switch
2262,0.005203295801131325,Non-Switch
2263,0.00498395813043778,Non-Switch
2264,0.0048701674218317535,Non-Switch
2265,0.005794171421785005,Non-Switch
2266,0.014437114529811048,Non-Switch
2267,0.010627098889343507,Non-Switch
2268,0.01645979845576516,Non-Switch
2269,0.4534085253939759,Non-Switch
227,0.004356423332861122,Non-Switch
2270,0.23771721474065063,Non-Switch
2271,0.09211850833803088,Non-Switch
2272,0.5179611385037632,Non-Switch
2273,0.5010857708444773,Non-Switch
2274,0.3695901577605605,Non-Switch
2275,0.10105289956119701,Non-Switch
2276,0.1397799743803156,Non-Switch
2277,0.054477031006821046,Non-Switch
2278,0.02640078801105778,Non-Switch
2279,0.02647684196394402,Non-Switch
228,0.0043549705497263926,Non-Switch
2280,0.17877336433429528,Non-Switch
2281,0.3642803224021594,Non-Switch
2282,0.17360515668887974,Non-Switch
2283,0.11536194210430811,Non-Switch
2284,0.25605596127829683,Non-Switch
2285,0.15472221404824088,Non-Switch
2286,0.3409186290655826,Non-Switch
2287,0.22160484811191752,Non-Switch
2288,0.19035506300436125,Non-Switch
2289,0.1009929206117086,Non-Switch
229,0.004354562426834209,Non-Switch
2290,0.05645056417221881,Non-Switch
2291,0.034704064711822545,Non-Switch
2292,0.020572873727534937,Non-Switch
2293,0.009526467699243306,Non-Switch
2294,0.005702126441404676,Non-Switch
2295,0.005652019027352905,Non-Switch
2296,0.00546729488056719,Non-Switch
2297,0.005418583146035604,Non-Switch
2298,0.00482783919959899,Non-Switch
2299,0.005389640011052022,Non-Switch
23,0.004360436709252741,Non-Switch
230,0.004354471061050938,Non-Switch
2300,0.005216101454644689,Non-Switch
2301,0.0046391654981084995,Non-Switch
2302,0.0045931856676774355,Non-Switch
2303,0.004534102909033761,Non-Switch
2304,0.004473640258339805,Non-Switch
2305,0.004475049709908204,Non-Switch
2306,0.004706074810980891,Non-Switch
2307,0.007271864496793465,Non-Switch
2308,0.028297278323326847,Non-Switch
2309,0.0052264526604434945,Non-Switch
231,0.004354358869243539,Non-Switch
2310,0.006069572077623676,Non-Switch
2311,0.006739660824662355,Non-Switch
2312,0.020141924169292075,Non-Switch
2313,0.01236875711752272,Non-Switch
2314,0.024873813173083136,Non-Switch
2315,0.04427947827041707,Non-Switch
2316,0.05051941461528665,Non-Switch
2317,0.09861006873725735,Non-Switch
2318,0.1086789865125027,Non-Switch
2319,0.19160400101492697,Non-Switch
232,0.004354347112617015,Non-Switch
2320,0.37118912346129473,Non-Switch
2321,0.5523090835774562,Non-Switch
2322,0.6311146728861734,Non-Switch
2323,0.5649337710336797,Non-Switch
2324,0.6103842711121349,Non-Switch
2325,0.8126104580901329,Non-Switch
2326,0.16509092983068713,Non-Switch
2327,0.194576742632922,Non-Switch
2328,0.11947009168546803,Non-Switch
2329,0.46054408557827387,Non-Switch
233,0.0043543484562314745,Non-Switch
2330,0.3554058886306503,Non-Switch
2331,0.15669700483677307,Non-Switch
2332,0.11712268973492587,Non-Switch
2333,0.04569677923449072,Non-Switch
2334,0.012336307484702505,Non-Switch
2335,0.026966283090468213,Non-Switch
2336,0.028847243906810153,Non-Switch
2337,0.025875821718214738,Non-Switch
2338,0.015192724337220178,Non-Switch
2339,0.016696430459978866,Non-Switch
234,0.004354340730448331,Non-Switch
2340,0.01304834253156373,Non-Switch
2341,0.0232159326655127,Non-Switch
2342,0.021506481547743695,Non-Switch
2343,0.2765046769680534,Non-Switch
2344,0.13657108983377028,Non-Switch
2345,0.25021732226415533,Non-Switch
2346,0.24854612385005873,Non-Switch
2347,0.29483854349798144,Non-Switch
2348,0.5542284099610851,Non-Switch
2349,0.6222319409517602,Non-Switch
235,0.004354337371412181,Non-Switch
2353,0.6048890384561038,Non-Switch
2354,0.5102479315908799,Non-Switch
2355,0.3881245990570572,Non-Switch
2356,0.15315424822032464,Non-Switch
2357,0.11111493803040785,Non-Switch
2358,0.07471443376324563,Non-Switch
2359,0.026621398756452048,Non-Switch
236,0.004354332668761571,Non-Switch
2360,0.00826152119419552,Non-Switch
2361,0.0088290417724042,Non-Switch
2362,0.007850612989236014,Non-Switch
2363,0.006170598448860978,Non-Switch
2364,0.005206196328846559,Non-Switch
2365,0.004980672657179793,Non-Switch
2366,0.004614469864336168,Non-Switch
2367,0.004494807224636915,Non-Switch
2368,0.0046304595482158,Non-Switch
2369,0.004565113866671077,Non-Switch
237,0.004354332668761571,Non-Switch
2370,0.004492789451621812,Non-Switch
2371,0.004403676237992909,Non-Switch
2372,0.004420786496332069,Non-Switch
2373,0.004409238465953138,Non-Switch
2374,0.004387996257246276,Non-Switch
2375,0.004431402058275853,Non-Switch
2376,0.0044957685807829485,Non-Switch
2377,0.004493593604876041,Non-Switch
2378,0.004403194216305432,Non-Switch
2379,0.004457849429400234,Non-Switch
238,0.004354332668761571,Non-Switch
2380,0.004440804000458763,Non-Switch
2381,0.00450085348970631,Non-Switch
2382,0.004384494797963867,Non-Switch
2383,0.00439267069195215,Non-Switch
2384,0.004386095042785566,Non-Switch
2385,0.004369118809988778,Non-Switch
2386,0.004391841681830412,Non-Switch
2387,0.004427103499715128,Non-Switch
2388,0.0043942108100267704,Non-Switch
2389,0.004389080554115388,Non-Switch
239,0.004354333340568802,Non-Switch
2390,0.004379135119883463,Non-Switch
2391,0.00440706550546792,Non-Switch
2392,0.004414697907407187,Non-Switch
2393,0.004418846988859253,Non-Switch
2394,0.004400229866903354,Non-Switch
2395,0.004398827133407254,Non-Switch
2396,0.0043841226167584835,Non-Switch
2397,0.0043860732090505936,Non-Switch
2398,0.004379971519884729,Non-Switch
2399,0.004383190820130567,Non-Switch
24,0.0043577279825016526,Non-Switch
240,0.004354333340568802,Non-Switch
2400,0.004393709305929625,Non-Switch
2401,0.00441307079029629,Non-Switch
2402,0.004395385464968308,Non-Switch
2403,0.004403458572450411,Non-Switch
2404,0.004384938862542852,Non-Switch
2405,0.004409706379688787,Non-Switch
2406,0.00438645513146081,Non-Switch
2407,0.004410042955110983,Non-Switch
2408,0.0044075975767940275,Non-Switch
2409,0.0043778828712068675,Non-Switch
241,0.004354333340568802,Non-Switch
2410,0.004384294599409346,Non-Switch
2411,0.004390618992671934,Non-Switch
2412,0.0044173179556039254,Non-Switch
2413,0.004414788601383228,Non-Switch
2414,0.004401387390760528,Non-Switch
2415,0.004427410179715592,Non-Switch
2416,0.0044002805883492134,Non-Switch
2417,0.004400487504976033,Non-Switch
2418,0.00438656396423206,Non-Switch
2419,0.004381820333381504,Non-Switch
242,0.004354333340568802,Non-Switch
2420,0.004379922142053329,Non-Switch
2421,0.004372802664934115,Non-Switch
2422,0.004373102290958665,Non-Switch
2423,0.004362475308291973,Non-Switch
2424,0.004358915065876943,Non-Switch
2425,0.004357902652381435,Non-Switch
2426,0.004362956658172219,Non-Switch
2427,0.0043691366128803715,Non-Switch
2428,0.00435885057238287,Non-Switch
2429,0.004357974535755037,Non-Switch
243,0.004354333340568802,Non-Switch
2430,0.004357063565151248,Non-Switch
2431,0.004361099782988685,Non-Switch
2432,0.004361465917928999,Non-Switch
2433,0.004428355412488107,Non-Switch
2434,0.004536190885904393,Non-Switch
2435,0.004895578866207579,Non-Switch
2436,0.004683469169500881,Non-Switch
2437,0.00459084441948112,Non-Switch
2438,0.00448479628920007,Non-Switch
2439,0.004495959038132635,Non-Switch
244,0.004354335020086877,Non-Switch
2440,0.004559929530277685,Non-Switch
2441,0.004634765496656055,Non-Switch
2442,0.00438396003940884,Non-Switch
2443,0.004464962524350763,Non-Switch
2444,0.004660225982959665,Non-Switch
2445,0.004673793465871773,Non-Switch
2446,0.005071005872738253,Non-Switch
2447,0.0124789939658824,Non-Switch
2448,0.00716437466819698,Non-Switch
2449,0.006391383192327798,Non-Switch
245,0.004354333340568802,Non-Switch
2450,0.006713860067996784,Non-Switch
2451,0.007859727397924513,Non-Switch
2452,0.007936553257317944,Non-Switch
2453,0.007813786532312786,Non-Switch
2454,0.0070243774313585045,Non-Switch
2455,0.015619515408709756,Non-Switch
2456,0.010982104671085841,Non-Switch
2457,0.009760828323212609,Non-Switch
2458,0.012466214848754618,Non-Switch
2459,0.007898954893887521,Non-Switch
246,0.004354334012376031,Non-Switch
2460,0.006993745708902486,Non-Switch
2461,0.004730234342583736,Non-Switch
2462,0.005140424721518059,Non-Switch
2463,0.004578683365004875,Non-Switch
2464,0.004570624029570986,Non-Switch
2465,0.00441816980717148,Non-Switch
2466,0.004406407134382586,Non-Switch
2467,0.004359968459613478,Non-Switch
2468,0.004360896225398016,Non-Switch
2469,0.004357538532862811,Non-Switch
247,0.004354333340568802,Non-Switch
2470,0.004356790139608666,Non-Switch
2471,0.004355139173341106,Non-Switch
2472,0.0043550646027385835,Non-Switch
2473,0.004356142181535396,Non-Switch
2474,0.004355025973822862,Non-Switch
2475,0.004355121370449513,Non-Switch
2476,0.004354973572858928,Non-Switch
2477,0.004354829806111722,Non-Switch
2478,0.004355177130449597,Non-Switch
2479,0.0043578620080440235,Non-Switch
248,0.004354334348279646,Non-Switch
2480,0.004356958091416149,Non-Switch
2481,0.004366133634562572,Non-Switch
2482,0.004366563591189729,Non-Switch
2483,0.004380009812896835,Non-Switch
2484,0.0043866130061598445,Non-Switch
2485,0.0043816224861522885,Non-Switch
2486,0.004399853654854591,Non-Switch
2487,0.004439736162866785,Non-Switch
2488,0.004415057996082432,Non-Switch
2489,0.004429265375381052,Non-Switch
249,0.004354333340568802,Non-Switch
2490,0.0044428805566064855,Non-Switch
2491,0.00445543461831224,Non-Switch
2492,0.004426782375859219,Non-Switch
2493,0.004405837777755218,Non-Switch
2494,0.00446629740531664,Non-Switch
2495,0.004378867068798719,Non-Switch
2496,0.004452006721921508,Non-Switch
2497,0.004422086107418374,Non-Switch
2498,0.00446538710652008,Non-Switch
2499,0.004411760094390691,Non-Switch
25,0.004361145129976706,Non-Switch
250,0.004354333340568802,Non-Switch
2500,0.004385830350736973,Non-Switch
2501,0.004372816101078714,Non-Switch
2502,0.004405582155104229,Non-Switch
2503,0.0043783349974726125,Non-Switch
2504,0.004464642744109315,Non-Switch
2505,0.004682603209981498,Non-Switch
2506,0.011564759722570449,Non-Switch
2507,0.14013472084446718,Non-Switch
2508,0.7749978523464366,Non-Switch
2509,0.7643799874474685,Non-Switch
251,0.004354335020086877,Non-Switch
2512,0.04653058337262065,Non-Switch
2513,0.14465011459395455,Non-Switch
2514,0.08894733636214508,Non-Switch
2515,0.05306042066057977,Non-Switch
2516,0.02276572239398766,Non-Switch
2517,0.018383171806147222,Non-Switch
2518,0.016314190956749516,Non-Switch
2519,0.016757400996938652,Non-Switch
252,0.004354335020086877,Non-Switch
2520,0.008532259507858457,Non-Switch
2521,0.006328454337292759,Non-Switch
2522,0.006547104749190082,Non-Switch
2523,0.04762562915741119,Non-Switch
2524,0.0960574699864045,Non-Switch
2525,0.1256112481824772,Non-Switch
2526,0.06700488148169308,Non-Switch
2527,0.014853249395019431,Non-Switch
2528,0.01783885880869657,Non-Switch
2529,0.005751172400033154,Non-Switch
253,0.004354334012376031,Non-Switch
2530,0.0058453920204167755,Non-Switch
2531,0.005579192436399265,Non-Switch
2532,0.0051188234318467985,Non-Switch
2533,0.004766725567699229,Non-Switch
2534,0.00457683858235148,Non-Switch
2535,0.004648747484629032,Non-Switch
2536,0.004552675019905255,Non-Switch
2537,0.004761389738775487,Non-Switch
2538,0.004778971941693674,Non-Switch
2539,0.004738446514162435,Non-Switch
254,0.004354335020086877,Non-Switch
2540,0.004966459231616103,Non-Switch
2541,0.004817424172113341,Non-Switch
2542,0.004968985226800651,Non-Switch
2543,0.005207749547162164,Non-Switch
2544,0.013102205348030825,Non-Switch
2545,0.006765587209279923,Non-Switch
2546,0.012467162096948824,Non-Switch
2547,0.07180303620703025,Non-Switch
2548,0.04302983351864546,Non-Switch
2549,0.016948761255541643,Non-Switch
255,0.004354335020086877,Non-Switch
2550,0.017480843330564138,Non-Switch
2551,0.02064947990596418,Non-Switch
2552,0.017928031813168935,Non-Switch
2553,0.01783844228821401,Non-Switch
2554,0.01883748681984715,Non-Switch
2555,0.04620944339333923,Non-Switch
2556,0.04095005538344828,Non-Switch
2557,0.2700039047480901,Non-Switch
2558,0.4373621141118487,Non-Switch
2559,0.29044591311446305,Non-Switch
256,0.004354336027797721,Non-Switch
2560,0.6510763982021806,Non-Switch
2561,0.2917143711559017,Non-Switch
2562,0.029421050585269316,Non-Switch
2563,0.051463927210451677,Non-Switch
2564,0.03478856999966134,Non-Switch
2565,0.038929995536534284,Non-Switch
2566,0.007358013696923904,Non-Switch
2567,0.00796770025591932,Non-Switch
2568,0.00473029816427058,Non-Switch
2569,0.004556264485934786,Non-Switch
257,0.004354358197436309,Non-Switch
2570,0.004432050352252738,Non-Switch
2571,0.0043667073579369345,Non-Switch
2572,0.004361684927085957,Non-Switch
2573,0.004357502927079625,Non-Switch
2574,0.0043552826041846964,Non-Switch
2575,0.004358219073586733,Non-Switch
2576,0.004356161328041449,Non-Switch
2577,0.0043674053656488345,Non-Switch
2578,0.0043626607270874345,Non-Switch
2579,0.004369128551193612,Non-Switch
258,0.004354340394544715,Non-Switch
2580,0.004367431566130803,Non-Switch
2581,0.004359024234551807,Non-Switch
2582,0.004359538167082706,Non-Switch
2583,0.004357786765634271,Non-Switch
2584,0.004360031273589477,Non-Switch
2585,0.004358180780574627,Non-Switch
2586,0.0043576225087665526,Non-Switch
2587,0.0043560928037039955,Non-Switch
2588,0.004356151250933,Non-Switch
2589,0.00435744313623616,Non-Switch
259,0.004354335020086877,Non-Switch
2590,0.0043569805969583516,Non-Switch
2591,0.004358165329008339,Non-Switch
2592,0.004357298025874495,Non-Switch
2593,0.004356374290933338,Non-Switch
2594,0.004358312790695308,Non-Switch
2595,0.0043588881935877465,Non-Switch
2596,0.00435765005286298,Non-Switch
2597,0.0043583964306954355,Non-Switch
2598,0.00435819858346622,Non-Switch
2599,0.004358460588285894,Non-Switch
26,0.004362226067809668,Non-Switch
260,0.004354335691894106,Non-Switch
2600,0.004359328563226967,Non-Switch
2601,0.004365791012875306,Non-Switch
2602,0.004362728243714043,Non-Switch
2603,0.004362687935280246,Non-Switch
2604,0.004363922716968863,Non-Switch
2605,0.004370675387340533,Non-Switch
2606,0.004365942169502041,Non-Switch
2607,0.004361219364675613,Non-Switch
2608,0.004358556992623389,Non-Switch
2609,0.004359922440818228,Non-Switch
261,0.004354336363701336,Non-Switch
2610,0.004364035916487106,Non-Switch
2611,0.004363293905401646,Non-Switch
2612,0.004361717845640223,Non-Switch
2613,0.004360071917926888,Non-Switch
2614,0.0043561445328607,Non-Switch
2615,0.004357222783464743,Non-Switch
2616,0.0043570481135849605,Non-Switch
2617,0.004356923829247423,Non-Switch
2618,0.004359293629251011,Non-Switch
2619,0.004356927860090802,Non-Switch
262,0.004354338715026641,Non-Switch
2620,0.004357833456236752,Non-Switch
2621,0.004358208996478284,Non-Switch
2622,0.0043578932470802155,Non-Switch
2623,0.004359277169973877,Non-Switch
2624,0.004357887872622376,Non-Switch
2625,0.0043578751082850075,Non-Switch
2626,0.004356638982981931,Non-Switch
2627,0.0043557495102094996,Non-Switch
2628,0.0043590319603349515,Non-Switch
2629,0.004356383024427327,Non-Switch
263,0.004354338043219411,Non-Switch
2630,0.004356163343463139,Non-Switch
2631,0.0043559376162338815,Non-Switch
2632,0.004355826096233712,Non-Switch
2633,0.004355801239366205,Non-Switch
2634,0.004356435425391261,Non-Switch
2635,0.004356438784427411,Non-Switch
2636,0.004357621836959323,Non-Switch
2637,0.004357255030211779,Non-Switch
2638,0.004358940258648066,Non-Switch
2639,0.00435980017190238,Non-Switch
264,0.004354338715026641,Non-Switch
2640,0.004364480316969707,Non-Switch
2641,0.004363504516968229,Non-Switch
2642,0.004364830328536502,Non-Switch
2643,0.004371236010473912,Non-Switch
2644,0.004375190267829296,Non-Switch
2645,0.00437304988999473,Non-Switch
2646,0.004366874637937188,Non-Switch
2647,0.004368607228783184,Non-Switch
2648,0.004363891813836286,Non-Switch
2649,0.0043605186697347935,Non-Switch
265,0.004354337035508566,Non-Switch
2650,0.004358255687080765,Non-Switch
2651,0.0043591374340700515,Non-Switch
2652,0.004356590612861376,Non-Switch
2653,0.004356491521294961,Non-Switch
2654,0.0043586886668404564,Non-Switch
2655,0.004357987971899636,Non-Switch
2656,0.004360397744433405,Non-Switch
2657,0.004359630540576822,Non-Switch
2658,0.004359105187323014,Non-Switch
2659,0.004355028661051782,Non-Switch
266,0.004354338043219411,Non-Switch
2660,0.004355219454305083,Non-Switch
2661,0.004355139509244721,Non-Switch
2662,0.004354929233581752,Non-Switch
2663,0.004354830813822567,Non-Switch
2664,0.004354566457677588,Non-Switch
2665,0.004354723324665777,Non-Switch
2666,0.004354515736231728,Non-Switch
2667,0.004354572168039043,Non-Switch
2668,0.004354789497677926,Non-Switch
2669,0.004354707537195874,Non-Switch
267,0.004354335020086877,Non-Switch
2670,0.004354566457677588,Non-Switch
2671,0.004354538241773931,Non-Switch
2672,0.004355571481293567,Non-Switch
2673,0.004356143189246241,Non-Switch
2674,0.004354575191171577,Non-Switch
2675,0.00435524767020874,Non-Switch
2676,0.004355719278884153,Non-Switch
2677,0.0043550696412928075,Non-Switch
2678,0.004357540212380886,Non-Switch
2679,0.004355077031172337,Non-Switch
268,0.004354335020086877,Non-Switch
2680,0.00435474515840075,Non-Switch
2681,0.004354772702497177,Non-Switch
2682,0.004354859029726224,Non-Switch
2683,0.0043547559073164295,Non-Switch
2684,0.004354872801774438,Non-Switch
2685,0.004355271519365403,Non-Switch
2686,0.004354774046111638,Non-Switch
2687,0.004354837867798481,Non-Switch
2688,0.004354989024425216,Non-Switch
2689,0.00435515160177486,Non-Switch
269,0.004354337035508566,Non-Switch
2690,0.004354786138641776,Non-Switch
2691,0.0043545432803281554,Non-Switch
2692,0.004354470389243708,Non-Switch
2693,0.004354491551171451,Non-Switch
2694,0.004354515736231728,Non-Switch
2695,0.004354518759364263,Non-Switch
2696,0.004354397834062875,Non-Switch
2697,0.004354481809966617,Non-Switch
2698,0.004354793528521306,Non-Switch
2699,0.004354512377195578,Non-Switch
27,0.004463481861215991,Non-Switch
270,0.004354340394544715,Non-Switch
2700,0.004354439486111131,Non-Switch
2701,0.004354521446593183,Non-Switch
2702,0.004354484833099151,Non-Switch
2703,0.004354939646593816,Non-Switch
2704,0.0043548600374370685,Non-Switch
2705,0.004355081733822947,Non-Switch
2706,0.004354909079364854,Non-Switch
2707,0.0043547512046658195,Non-Switch
2708,0.004354775389726098,Non-Switch
2709,0.004354728363220002,Non-Switch
271,0.004354341402255561,Non-Switch
2710,0.004354899002256405,Non-Switch
2711,0.004356428371415347,Non-Switch
2712,0.004355373969967967,Non-Switch
2713,0.004354913782015464,Non-Switch
2714,0.004354735081292301,Non-Switch
2715,0.004355263793582259,Non-Switch
2716,0.004355090803220551,Non-Switch
2717,0.00435484996032862,Non-Switch
2718,0.004354947036473345,Non-Switch
2719,0.004355165037919459,Non-Switch
272,0.004354347784424245,Non-Switch
2720,0.0043547807641839366,Non-Switch
2721,0.004354480802255771,Non-Switch
2722,0.004354933936232362,Non-Switch
2723,0.004354564778159513,Non-Switch
2724,0.00435469712418381,Non-Switch
2725,0.004354767663942953,Non-Switch
2726,0.00435479991068999,Non-Switch
2727,0.0043545711603281976,Non-Switch
2728,0.004354529172376327,Non-Switch
2729,0.004354537905870316,Non-Switch
273,0.004354360548761614,Non-Switch
2730,0.004354716942497093,Non-Switch
2731,0.004354584932376411,Non-Switch
2732,0.004355380688040267,Non-Switch
2733,0.004355868084185583,Non-Switch
2734,0.0043555795429803265,Non-Switch
2735,0.004354968870208318,Non-Switch
2736,0.004354843242256321,Non-Switch
2737,0.004354855670690074,Non-Switch
2738,0.00435615528177638,Non-Switch
2739,0.004355195941052035,Non-Switch
274,0.004354358869243539,Non-Switch
2740,0.004354982978160147,Non-Switch
2741,0.004354890940569646,Non-Switch
2742,0.004355263793582259,Non-Switch
2743,0.00435549791840189,Non-Switch
2744,0.004355161678883309,Non-Switch
2745,0.004355870435510888,Non-Switch
2746,0.004356432066355112,Non-Switch
2747,0.004356546273584201,Non-Switch
2748,0.004366398998418395,Non-Switch
2749,0.004356190551655951,Non-Switch
275,0.004354347784424245,Non-Switch
2750,0.0043565234321383825,Non-Switch
2751,0.004356972535271592,Non-Switch
2752,0.004355568458161033,Non-Switch
2753,0.004355486161775366,Non-Switch
2754,0.004354934943943206,Non-Switch
2755,0.004354863732376833,Non-Switch
2756,0.004355047135750605,Non-Switch
2757,0.004354833165147872,Non-Switch
2758,0.004354489871653376,Non-Switch
2759,0.004354901017678095,Non-Switch
276,0.004354341402255561,Non-Switch
2760,0.004355032691895162,Non-Switch
2761,0.0043550562051482096,Non-Switch
2762,0.004355537890932071,Non-Switch
2763,0.0043547065294850295,Non-Switch
2764,0.004354594001774016,Non-Switch
2765,0.004354997086111975,Non-Switch
2766,0.004354795208039381,Non-Switch
2767,0.004354563434545053,Non-Switch
2768,0.004354505323219664,Non-Switch
2769,0.004354530180087171,Non-Switch
277,0.0043543417381591756,Non-Switch
2770,0.004354801590208065,Non-Switch
2771,0.004354807300569519,Non-Switch
2772,0.0043545745193643475,Non-Switch
2773,0.004354935615750437,Non-Switch
2774,0.004354917812858843,Non-Switch
2775,0.004355583573823706,Non-Switch
2776,0.004355262449967799,Non-Switch
2777,0.004355024630208403,Non-Switch
2778,0.004355498254305505,Non-Switch
2779,0.0043559409752700305,Non-Switch
278,0.004354336027797721,Non-Switch
2780,0.004357074985874157,Non-Switch
2781,0.004356218431655993,Non-Switch
2782,0.004357778703947512,Non-Switch
2783,0.00435689393382569,Non-Switch
2784,0.0043557710080408575,Non-Switch
2785,0.0043564508769575495,Non-Switch
2786,0.004357193895753855,Non-Switch
2787,0.004356468008041913,Non-Switch
2788,0.004356322561776632,Non-Switch
2789,0.004360874055759427,Non-Switch
279,0.004354354502496545,Non-Switch
2790,0.004357431043706022,Non-Switch
2791,0.0043601921714210455,Non-Switch
2792,0.004385433984471313,Non-Switch
2793,0.004356633608524092,Non-Switch
2794,0.004358911706840793,Non-Switch
2795,0.004402926165220689,Non-Switch
2796,0.004365904548297165,Non-Switch
2797,0.004380926157958463,Non-Switch
2798,0.004357234204187652,Non-Switch
2799,0.004358130395032382,Non-Switch
28,0.004692594327105059,Non-Switch
280,0.004354347784424245,Non-Switch
2800,0.004358907675997414,Non-Switch
2801,0.004363370155522243,Non-Switch
2802,0.004366964660105999,Non-Switch
2803,0.00435800174394785,Non-Switch
2804,0.004364466880825108,Non-Switch
2805,0.004370707298183955,Non-Switch
2806,0.004356746808042335,Non-Switch
2807,0.004359599637444245,Non-Switch
2808,0.004355679978161202,Non-Switch
2809,0.004358865016238314,Non-Switch
281,0.00435435080755678,Non-Switch
2810,0.004356093811414841,Non-Switch
2811,0.004355477428281377,Non-Switch
2812,0.004355210720811094,Non-Switch
2813,0.004354779420569477,Non-Switch
2814,0.004354759266352579,Non-Switch
2815,0.0043547065294850295,Non-Switch
2816,0.004354493902496755,Non-Switch
2817,0.004354531523701632,Non-Switch
2818,0.004354817713581583,Non-Switch
2819,0.0043546917497259705,Non-Switch
282,0.004354344761291711,Non-Switch
2820,0.004355650754546699,Non-Switch
2821,0.004360194858649966,Non-Switch
2822,0.004367768141552999,Non-Switch
2823,0.004354337371412181,Non-Switch
2824,0.004539535814102228,Non-Switch
2825,0.004571822533669187,Non-Switch
2826,0.004405088712693843,Non-Switch
2827,0.004502701631395855,Non-Switch
2828,0.029952646271857338,Non-Switch
2829,0.004706993507367824,Non-Switch
283,0.0043543501357495495,Non-Switch
2830,0.021261273252432666,Non-Switch
2831,0.01831955300508704,Non-Switch
2832,0.005866779003581688,Non-Switch
2833,0.007608691846701046,Non-Switch
2834,0.00483178909020738,Non-Switch
2835,0.005157093938410767,Non-Switch
2836,0.004401825409074444,Non-Switch
2837,0.004429458184056042,Non-Switch
2838,0.004397530545453484,Non-Switch
2839,0.004615873269639498,Non-Switch
284,0.0043543467767134005,Non-Switch
2840,0.004513719269966754,Non-Switch
2841,0.004444830477091365,Non-Switch
2842,0.004547960276765586,Non-Switch
2843,0.004465884243870231,Non-Switch
2844,0.004529158743725071,Non-Switch
2845,0.004476361749428263,Non-Switch
2846,0.004835695985153055,Non-Switch
2847,0.004705281406642341,Non-Switch
2848,0.004585077290315761,Non-Switch
2849,0.004669616168516051,Non-Switch
285,0.004354339722737486,Non-Switch
2850,0.005194398050274478,Non-Switch
2851,0.006331559430309508,Non-Switch
2852,0.00608594133258822,Non-Switch
2853,0.0050102637502366446,Non-Switch
2854,0.00848110138729907,Non-Switch
2855,0.004683771482754351,Non-Switch
2856,0.005607638769936312,Non-Switch
2857,0.0045679529240247735,Non-Switch
2858,0.00450300226513125,Non-Switch
2859,0.004579041438258429,Non-Switch
286,0.00435434408948448,Non-Switch
2860,0.004505418755737319,Non-Switch
2861,0.004500563604886594,Non-Switch
2862,0.00459368918719627,Non-Switch
2863,0.0045636194314880914,Non-Switch
2864,0.004373823811923613,Non-Switch
2865,0.004780592004828658,Non-Switch
2866,0.004386494432183761,Non-Switch
2867,0.004378739761328647,Non-Switch
2868,0.004371329391678873,Non-Switch
2869,0.004422215430310136,Non-Switch
287,0.004354339722737486,Non-Switch
2870,0.004451621440475142,Non-Switch
2871,0.00447189288773475,Non-Switch
2872,0.004524298218416507,Non-Switch
2873,0.00450470731188082,Non-Switch
2874,0.004919433397328034,Non-Switch
2875,0.004457955574942564,Non-Switch
2876,0.004458957575426008,Non-Switch
2877,0.004536071304217465,Non-Switch
2878,0.004562026240642306,Non-Switch
2879,0.0046224482469988505,Non-Switch
288,0.004354338715026641,Non-Switch
2880,0.004606606360709804,Non-Switch
2881,0.004716350774369944,Non-Switch
2882,0.004402623516063605,Non-Switch
2883,0.004811279151381145,Non-Switch
2884,0.0045360202468679904,Non-Switch
2885,0.00496583881763926,Non-Switch
2886,0.004738822054403968,Non-Switch
2887,0.0067647534965075765,Non-Switch
2888,0.0058792524484198505,Non-Switch
2889,0.005468924684907007,Non-Switch
289,0.0043543417381591756,Non-Switch
2890,0.004955352242683624,Non-Switch
2891,0.004443762975403002,Non-Switch
2892,0.0043794952085587065,Non-Switch
2893,0.0043670143738410135,Non-Switch
2894,0.004433797722857793,Non-Switch
2895,0.004436750315633348,Non-Switch
2896,0.00438885952953674,Non-Switch
2897,0.004434415113702101,Non-Switch
2898,0.004396901062079036,Non-Switch
2899,0.004445427377815161,Non-Switch
29,0.004447772320951241,Non-Switch
290,0.004354365587315838,Non-Switch
2900,0.004467837187487646,Non-Switch
2901,0.004367875630709788,Non-Switch
2902,0.004438701579732688,Non-Switch
2903,0.00438726600278734,Non-Switch
2904,0.004383667803263819,Non-Switch
2905,0.00441127236234176,Non-Switch
2906,0.004386672797003309,Non-Switch
2907,0.004383665787842129,Non-Switch
2908,0.004384471284710819,Non-Switch
2909,0.004392540361349543,Non-Switch
291,0.004354344425388095,Non-Switch
2910,0.004360567039855348,Non-Switch
2911,0.004359605683709315,Non-Switch
2912,0.004360536136722771,Non-Switch
2913,0.004357289292380506,Non-Switch
2914,0.00435564941093224,Non-Switch
2915,0.004355938288041111,Non-Switch
2916,0.0043555546861128195,Non-Switch
2917,0.0043549655111721685,Non-Switch
2918,0.0043545463034606905,Non-Switch
2919,0.004355403529486084,Non-Switch
292,0.004354335020086877,Non-Switch
2920,0.004362538794075201,Non-Switch
2921,0.004355672252378057,Non-Switch
2922,0.004359343007082411,Non-Switch
2923,0.004365897830224865,Non-Switch
2924,0.004362072223954013,Non-Switch
2925,0.004370261218183279,Non-Switch
2926,0.004373040484693512,Non-Switch
2927,0.004362578766605382,Non-Switch
2928,0.004364136687571596,Non-Switch
2929,0.004359670849010618,Non-Switch
293,0.004354364579604994,Non-Switch
2930,0.004357025943946372,Non-Switch
2931,0.004360905630699234,Non-Switch
2932,0.004390289807129267,Non-Switch
2933,0.0043792526861487005,Non-Switch
2934,0.004364606952632549,Non-Switch
2935,0.004363823961306063,Non-Switch
2936,0.004360763879373719,Non-Switch
2937,0.004357444815754235,Non-Switch
2938,0.004359920089492923,Non-Switch
2939,0.004362009409978014,Non-Switch
294,0.004354336363701336,Non-Switch
2940,0.0043640849584148916,Non-Switch
2941,0.004393680418218738,Non-Switch
2942,0.0043619049439537596,Non-Switch
2943,0.004364004005643685,Non-Switch
2944,0.00437084837770224,Non-Switch
2945,0.004380623844704994,Non-Switch
2946,0.004370318657701438,Non-Switch
2947,0.004366967011431303,Non-Switch
2948,0.004364506517451674,Non-Switch
2949,0.004398425056780139,Non-Switch
295,0.004354343753580865,Non-Switch
2950,0.0043764307598793675,Non-Switch
2951,0.004372181915053657,Non-Switch
2952,0.004363389973835527,Non-Switch
2953,0.004357224462982818,Non-Switch
2954,0.0043569359217775615,Non-Switch
2955,0.004359956367083339,Non-Switch
2956,0.004360468284192548,Non-Switch
2957,0.0043650752022718125,Non-Switch
2958,0.0043563732832224925,Non-Switch
2959,0.0043654252138386074,Non-Switch
296,0.004354335020086877,Non-Switch
2960,0.004368715389747204,Non-Switch
2961,0.00437605824277037,Non-Switch
2962,0.00437516272373287,Non-Switch
2963,0.004403284574377858,Non-Switch
2964,0.004442209085280167,Non-Switch
2965,0.004396345477499882,Non-Switch
2966,0.0043876079526673755,Non-Switch
2967,0.004633131325569243,Non-Switch
2968,0.004402313141123376,Non-Switch
2969,0.0044339213353881005,Non-Switch
297,0.004354335020086877,Non-Switch
2970,0.004380912050006635,Non-Switch
2971,0.004543131998204059,Non-Switch
2972,0.0045034322217584076,Non-Switch
2973,0.004564072229561066,Non-Switch
2974,0.004773905507469136,Non-Switch
2975,0.004752796316593801,Non-Switch
2976,0.004397694130513972,Non-Switch
2977,0.004371127177702663,Non-Switch
2978,0.004382558313623585,Non-Switch
2979,0.0043968264914765135,Non-Switch
298,0.004354334348279646,Non-Switch
2980,0.004371836606137472,Non-Switch
2981,0.0043760511887944555,Non-Switch
2982,0.004371517497703254,Non-Switch
2983,0.004358564382502919,Non-Switch
2984,0.004361817273110254,Non-Switch
2985,0.00436055293190352,Non-Switch
2986,0.004356013866354478,Non-Switch
2987,0.00435654828900589,Non-Switch
2988,0.0043546719314126875,Non-Switch
2989,0.004355553342498359,Non-Switch
299,0.004354339050930256,Non-Switch
2990,0.004354668572376538,Non-Switch
2991,0.004354913446111848,Non-Switch
2992,0.004355280588763007,Non-Switch
2993,0.004354526149243792,Non-Switch
2994,0.004354495917918445,Non-Switch
2995,0.004354514728520884,Non-Switch
2996,0.004354456617195494,Non-Switch
2997,0.004355793177679446,Non-Switch
2998,0.004354770687075488,Non-Switch
2999,0.004354594001774016,Non-Switch
3,0.2833898734083578,Non-Switch
30,0.004532690098429213,Non-Switch
300,0.004354339050930256,Non-Switch
3000,0.004354468037918403,Non-Switch
3001,0.004355715248040773,Non-Switch
3002,0.004354956441774564,Non-Switch
3003,0.00435735109864566,Non-Switch
3004,0.0043707093136056445,Non-Switch
3005,0.004393541018218527,Non-Switch
3006,0.0044058518857070465,Non-Switch
3007,0.004400010185939165,Non-Switch
3008,0.004363931450462852,Non-Switch
3009,0.004363057093353094,Non-Switch
301,0.004354338043219411,Non-Switch
3010,0.004368828589265447,Non-Switch
3011,0.004355159663461619,Non-Switch
3012,0.004354515736231728,Non-Switch
3013,0.004354405223942404,Non-Switch
3014,0.004354472740569012,Non-Switch
3015,0.004354567801292048,Non-Switch
3016,0.0043544905434606054,Non-Switch
3017,0.004354572168039043,Non-Switch
3018,0.0043547841232200865,Non-Switch
3019,0.004354720301533243,Non-Switch
302,0.004354343081773636,Non-Switch
3020,0.004354715262979018,Non-Switch
3021,0.004355099872618155,Non-Switch
3022,0.004355266480811178,Non-Switch
3023,0.00435574547936612,Non-Switch
3024,0.004356295017680205,Non-Switch
3025,0.004356362870210429,Non-Switch
3026,0.004356659473102444,Non-Switch
3027,0.004356803575753265,Non-Switch
3028,0.004355932913583271,Non-Switch
3029,0.004357536517441122,Non-Switch
303,0.004354373649002597,Non-Switch
3030,0.004359835441781952,Non-Switch
3031,0.004358558000334235,Non-Switch
3032,0.004374803978672085,Non-Switch
3033,0.0043560135304508635,Non-Switch
3034,0.004355395467799325,Non-Switch
3035,0.004355217774787008,Non-Switch
3036,0.004355209377196634,Non-Switch
3037,0.004355670908763598,Non-Switch
3038,0.004355280588763007,Non-Switch
3039,0.004355539234546531,Non-Switch
304,0.004354388092858041,Non-Switch
3040,0.004355062251413279,Non-Switch
3041,0.00435659901045175,Non-Switch
3042,0.0043570796885247665,Non-Switch
3043,0.00435850492756307,Non-Switch
3044,0.004354480130448542,Non-Switch
3045,0.004354833165147872,Non-Switch
3046,0.004354454265870189,Non-Switch
3047,0.004354738776232066,Non-Switch
3048,0.004354574855267962,Non-Switch
3049,0.004354416308761698,Non-Switch
305,0.004354430752617142,Non-Switch
3050,0.004354491551171451,Non-Switch
3051,0.004354472068761783,Non-Switch
3052,0.004354406567556864,Non-Switch
3053,0.004354371969484522,Non-Switch
3054,0.004354343081773636,Non-Switch
3055,0.004354367938641143,Non-Switch
3056,0.004354342409966405,Non-Switch
3057,0.004354358869243539,Non-Switch
3058,0.0043543484562314745,Non-Switch
3059,0.004354349128038705,Non-Switch
306,0.004354402536713485,Non-Switch
3060,0.004354358869243539,Non-Switch
3061,0.004354354166592929,Non-Switch
3062,0.0043543501357495495,Non-Switch
3063,0.0043543501357495495,Non-Switch
3064,0.004354342409966405,Non-Switch
3065,0.004354396490448415,Non-Switch
3066,0.00435439951358095,Non-Switch
3067,0.00435445023502681,Non-Switch
3068,0.004354410262496629,Non-Switch
3069,0.004354417988279773,Non-Switch
307,0.004354389100568886,Non-Switch
3070,0.004354542272617311,Non-Switch
3071,0.004354542272617311,Non-Switch
3072,0.004355078710690412,Non-Switch
3073,0.0043549608085215585,Non-Switch
3074,0.004355016568521644,Non-Switch
3075,0.004354700147316344,Non-Switch
3076,0.0043544640070750235,Non-Switch
3077,0.00435495005960588,Non-Switch
3078,0.004354539249484776,Non-Switch
3079,0.004354458968520799,Non-Switch
308,0.004354410598400244,Non-Switch
3080,0.004354522118400412,Non-Switch
3081,0.00435439884177372,Non-Switch
3082,0.004354374992617057,Non-Switch
3083,0.004354505995026894,Non-Switch
3084,0.004354527828761867,Non-Switch
3085,0.004354410262496629,Non-Switch
3086,0.004354368274544758,Non-Switch
3087,0.004354368610448373,Non-Switch
3088,0.004354392123701421,Non-Switch
3089,0.004354401864906255,Non-Switch
309,0.004354359876954384,Non-Switch
3090,0.004354365587315838,Non-Switch
3091,0.004354431760327987,Non-Switch
3092,0.004354394475026726,Non-Switch
3093,0.004354347112617015,Non-Switch
3094,0.004354334348279646,Non-Switch
3095,0.004354332668761571,Non-Switch
3096,0.004354340730448331,Non-Switch
3097,0.0043543484562314745,Non-Switch
3098,0.004354343753580865,Non-Switch
3099,0.004354352151171239,Non-Switch
31,0.004451108515655088,Non-Switch
310,0.0043543864133399664,Non-Switch
3100,0.004354339722737486,Non-Switch
3101,0.004354337371412181,Non-Switch
3102,0.004354342409966405,Non-Switch
3103,0.004354339050930256,Non-Switch
3104,0.00435434610490617,Non-Switch
3105,0.0043543632359905335,Non-Switch
3106,0.004354368610448373,Non-Switch
3107,0.004354400521291795,Non-Switch
3108,0.0043548963150274855,Non-Switch
3109,0.004355219454305083,Non-Switch
311,0.004354374320809828,Non-Switch
3110,0.004355277565630472,Non-Switch
3111,0.004372031430234152,Non-Switch
3112,0.00453361652059929,Non-Switch
3113,0.004611281131319292,Non-Switch
3114,0.004470710171106454,Non-Switch
3115,0.00438876547652455,Non-Switch
3116,0.004414255186442661,Non-Switch
3117,0.004366929726130043,Non-Switch
3118,0.004425370237061901,Non-Switch
3119,0.004380240914583932,Non-Switch
312,0.004354366930930298,Non-Switch
3120,0.0043610285714223125,Non-Switch
3121,0.004506691830438041,Non-Switch
3122,0.0051713402825287235,Non-Switch
3123,0.0066196088726733545,Non-Switch
3124,0.007573723608575811,Non-Switch
3125,0.004707770452429242,Non-Switch
3126,0.0046208721872374285,Non-Switch
3127,0.004681118180099731,Non-Switch
3128,0.00455607335677787,Non-Switch
3129,0.0052691006629177065,Non-Switch
313,0.004354358533339924,Non-Switch
3130,0.004454373498792561,Non-Switch
3131,0.004365267003235958,Non-Switch
3132,0.004354336027797721,Non-Switch
3133,0.004354335691894106,Non-Switch
3134,0.004354332668761571,Non-Switch
3135,0.004354332668761571,Non-Switch
3136,0.004354334012376031,Non-Switch
3137,0.004354334348279646,Non-Switch
3138,0.004354332668761571,Non-Switch
3139,0.004354373649002597,Non-Switch
314,0.004354403544424329,Non-Switch
3140,0.0043543501357495495,Non-Switch
3141,0.004354375328520672,Non-Switch
3142,0.004354366930930298,Non-Switch
3143,0.004354353830689314,Non-Switch
3144,0.0043543450971953255,Non-Switch
3145,0.004354369618159218,Non-Switch
3146,0.0043543467767134005,Non-Switch
3147,0.004354343753580865,Non-Switch
3148,0.00441332103848944,Non-Switch
3149,0.004488545645350325,Non-Switch
315,0.00435434610490617,Non-Switch
3150,0.004512116337916134,Non-Switch
3151,0.0043545943376776305,Non-Switch
3152,0.004354367602737528,Non-Switch
3153,0.00435445023502681,Non-Switch
3154,0.0043544357911713665,Non-Switch
3155,0.004354753555991124,Non-Switch
3156,0.004354611804665609,Non-Switch
3157,0.00435435080755678,Non-Switch
3158,0.004354356853821849,Non-Switch
3159,0.004354335020086877,Non-Switch
316,0.004354347112617015,Non-Switch
3160,0.004354384062014662,Non-Switch
3161,0.00435434946394232,Non-Switch
3162,0.004354421347315922,Non-Switch
3163,0.004354512377195578,Non-Switch
3164,0.004354529508279942,Non-Switch
3165,0.004354533875026936,Non-Switch
3166,0.004355017912136103,Non-Switch
3167,0.0043554821309319865,Non-Switch
3168,0.00435514824273871,Non-Switch
3169,0.00435779885816441,Non-Switch
317,0.004354340730448331,Non-Switch
3170,0.0043581606263577285,Non-Switch
3171,0.004354779420569477,Non-Switch
3172,0.0043557018118961744,Non-Switch
3173,0.0043550827415337915,Non-Switch
3174,0.00435664771647592,Non-Switch
3175,0.004358139800333601,Non-Switch
3176,0.00436144979455548,Non-Switch
3177,0.004377194940603416,Non-Switch
3178,0.004379093467835206,Non-Switch
3179,0.004357821363706613,Non-Switch
318,0.004354341066351946,Non-Switch
3180,0.004393620291471659,Non-Switch
3181,0.0043909152596603345,Non-Switch
3182,0.0043687520032412355,Non-Switch
3183,0.004357890895754911,Non-Switch
3184,0.004361249260097345,Non-Switch
3185,0.0043925108018314256,Non-Switch
3186,0.004367968340107518,Non-Switch
3187,0.004387402379655016,Non-Switch
3188,0.004377829798435703,Non-Switch
3189,0.004410382889569329,Non-Switch
319,0.004354334348279646,Non-Switch
3190,0.004477386255453911,Non-Switch
3191,0.004422731042359109,Non-Switch
3192,0.004375732080360238,Non-Switch
3193,0.004444169754680726,Non-Switch
3194,0.004391863851469,Non-Switch
3195,0.004420724690066915,Non-Switch
3196,0.0045128684261100446,Non-Switch
3197,0.004515296001535407,Non-Switch
3198,0.0049420168691694565,Non-Switch
3199,0.004974937438857856,Non-Switch
32,0.0045643503577542585,Non-Switch
320,0.004354334348279646,Non-Switch
3200,0.004740231841875982,Non-Switch
3201,0.004802967888236031,Non-Switch
3202,0.004470725958576357,Non-Switch
3203,0.0046947864340963295,Non-Switch
3204,0.004559858654614927,Non-Switch
3205,0.00479182428580952,Non-Switch
3206,0.0047159295512367765,Non-Switch
3207,0.004383206271696856,Non-Switch
3208,0.004376172449999458,Non-Switch
3209,0.004357272497199758,Non-Switch
321,0.004354333340568802,Non-Switch
3210,0.004355686360329886,Non-Switch
3211,0.004355056876955439,Non-Switch
3212,0.004354540593099236,Non-Switch
3213,0.004354438142496671,Non-Switch
3214,0.004354392459605036,Non-Switch
3215,0.004354392459605036,Non-Switch
3216,0.004354349128038705,Non-Switch
3217,0.004355079718401257,Non-Switch
3218,0.0043559013386434645,Non-Switch
3219,0.004365123908295983,Non-Switch
322,0.004354334348279646,Non-Switch
3220,0.004356316851415178,Non-Switch
3221,0.00437415635650243,Non-Switch
3222,0.004377449555543561,Non-Switch
3223,0.0043545876196053315,Non-Switch
3224,0.004354589970930636,Non-Switch
3225,0.004354556044665525,Non-Switch
3226,0.004354479458641312,Non-Switch
3227,0.004355156304425469,Non-Switch
3228,0.004354352487074855,Non-Switch
3229,0.004355658816233459,Non-Switch
323,0.004354333340568802,Non-Switch
3230,0.0043579772229839575,Non-Switch
3231,0.004356905018644984,Non-Switch
3232,0.004368120168541483,Non-Switch
3233,0.0043551438759917155,Non-Switch
3234,0.00444828625348214,Non-Switch
3235,0.0043668376885395415,Non-Switch
3236,0.004357670878887108,Non-Switch
3237,0.004358608721780094,Non-Switch
3238,0.004355512362257333,Non-Switch
3239,0.004360358443710455,Non-Switch
324,0.004354334348279646,Non-Switch
3240,0.004355581558402016,Non-Switch
3241,0.004356370260089958,Non-Switch
3242,0.004379240929522177,Non-Switch
3243,0.004364590157451801,Non-Switch
3244,0.004355815683221648,Non-Switch
3245,0.004364660697210944,Non-Switch
3246,0.004374016620598604,Non-Switch
3247,0.004369964615291264,Non-Switch
3248,0.004374961517467505,Non-Switch
3249,0.004367442986853711,Non-Switch
325,0.004354334348279646,Non-Switch
3250,0.004385906936761185,Non-Switch
3251,0.004391120496769079,Non-Switch
3252,0.004354706865388644,Non-Switch
3253,0.004366583073599397,Non-Switch
3254,0.004364318411427293,Non-Switch
3255,0.004369806404688615,Non-Switch
3256,0.004370209489026574,Non-Switch
3257,0.00445083676963058,Non-Switch
3258,0.004484852721007385,Non-Switch
3259,0.00444118659467621,Non-Switch
326,0.004354335691894106,Non-Switch
3260,0.004492014521982084,Non-Switch
3261,0.004520984193351248,Non-Switch
3262,0.004457324747953657,Non-Switch
3263,0.004431697317553408,Non-Switch
3264,0.0044911660294506784,Non-Switch
3265,0.006584678255752996,Non-Switch
3266,0.007474474167461683,Non-Switch
3267,0.005345730354599997,Non-Switch
3268,0.004974496397411405,Non-Switch
3269,0.0054291832564131,Non-Switch
327,0.004354335020086877,Non-Switch
3270,0.005982659032672804,Non-Switch
3271,0.004477105775935414,Non-Switch
3272,0.004457012357591738,Non-Switch
3273,0.004360790751662916,Non-Switch
3274,0.004376615170963984,Non-Switch
3275,0.004381342678441022,Non-Switch
3276,0.00439095691170859,Non-Switch
3277,0.00718488695834852,Non-Switch
3278,0.011943335189167747,Non-Switch
3279,0.023209289835623124,Non-Switch
328,0.004354337371412181,Non-Switch
3280,0.05185589179514153,Non-Switch
3281,0.08656763391998776,Non-Switch
3282,0.024914890154350153,Non-Switch
3283,0.01646151828227379,Non-Switch
3284,0.004894083423313748,Non-Switch
3285,0.005322549310227549,Non-Switch
3286,0.0047693388978236675,Non-Switch
3287,0.004859997268081415,Non-Switch
3288,0.004608172343362778,Non-Switch
3289,0.004445372625525921,Non-Switch
329,0.004354335691894106,Non-Switch
3290,0.004408504516554437,Non-Switch
3291,0.004367338856733072,Non-Switch
3292,0.004371825857221793,Non-Switch
3293,0.004361919387809203,Non-Switch
3294,0.004360702744915795,Non-Switch
3295,0.004359031288527722,Non-Switch
3296,0.004358560351659539,Non-Switch
3297,0.004357521401778448,Non-Switch
3298,0.00435619995695717,Non-Switch
3299,0.004356688696716946,Non-Switch
33,0.0046861883092640345,Non-Switch
330,0.004354337371412181,Non-Switch
3300,0.004357859992622334,Non-Switch
3301,0.004357073306356082,Non-Switch
3302,0.004364985851910232,Non-Switch
3303,0.004382281193141237,Non-Switch
3304,0.004372943072645171,Non-Switch
3305,0.00437685500614507,Non-Switch
3306,0.004456861872772232,Non-Switch
3307,0.004416103328132207,Non-Switch
3308,0.004496726241989218,Non-Switch
3309,0.004522526998654789,Non-Switch
331,0.004354340730448331,Non-Switch
3310,0.004413815152707056,Non-Switch
3311,0.004415853415842672,Non-Switch
3312,0.004403983253896989,Non-Switch
3313,0.004378324920364164,Non-Switch
3314,0.004360404462505705,Non-Switch
3315,0.00437104991987122,Non-Switch
3316,0.004560526095097866,Non-Switch
3317,0.004454655993732748,Non-Switch
3318,0.004499467215487344,Non-Switch
3319,0.004423249341637002,Non-Switch
332,0.004354340730448331,Non-Switch
3320,0.004400820721362079,Non-Switch
3321,0.004401452891965446,Non-Switch
3322,0.004468940294959195,Non-Switch
3323,0.004515197581776221,Non-Switch
3324,0.0046244979308573755,Non-Switch
3325,0.004475939182680636,Non-Switch
3326,0.0045947697891256176,Non-Switch
3327,0.004654405445119527,Non-Switch
3328,0.004647329299566644,Non-Switch
3329,0.00469398429626379,Non-Switch
333,0.004354339722737486,Non-Switch
3330,0.0048738176864155935,Non-Switch
3331,0.004734466056325083,Non-Switch
3332,0.004771863549393756,Non-Switch
3333,0.0049328890243363595,Non-Switch
3334,0.004453475964333371,Non-Switch
3335,0.005497281668082473,Non-Switch
3336,0.004521275757689039,Non-Switch
3337,0.004420732415850059,Non-Switch
3338,0.00440066519798835,Non-Switch
3339,0.004440430811542535,Non-Switch
334,0.004354343753580865,Non-Switch
3340,0.004430545168154073,Non-Switch
3341,0.00451381365888256,Non-Switch
3342,0.004550048253636218,Non-Switch
3343,0.004550083187612174,Non-Switch
3344,0.0045138768087621736,Non-Switch
3345,0.004638308272083105,Non-Switch
3346,0.004571544741379609,Non-Switch
3347,0.004663989447061748,Non-Switch
3348,0.0047610578660039005,Non-Switch
3349,0.0047058003777274635,Non-Switch
335,0.004354343753580865,Non-Switch
3350,0.0049401814918172806,Non-Switch
3351,0.004649835812341523,Non-Switch
3352,0.00483014013936151,Non-Switch
3353,0.004950710726532017,Non-Switch
3354,0.005122048778357706,Non-Switch
3355,0.005314757689974787,Non-Switch
3356,0.005321914452395262,Non-Switch
3357,0.005092818109879713,Non-Switch
3358,0.00495929440750887,Non-Switch
3359,0.0048105677075246465,Non-Switch
336,0.004354339050930256,Non-Switch
3360,0.00482664606995863,Non-Switch
3361,0.08077252801434591,Non-Switch
3362,0.006772548475796487,Non-Switch
3363,0.009775505967572182,Non-Switch
3364,0.40581873312143824,Non-Switch
3365,0.004754419738764934,Non-Switch
3366,0.004551117098939041,Non-Switch
3367,0.009277905070433221,Non-Switch
3368,0.007584410046182354,Non-Switch
3369,0.004668612488514531,Non-Switch
337,0.004354338043219411,Non-Switch
3370,0.0057420008877301105,Non-Switch
3371,0.004474026883400632,Non-Switch
3372,0.004369459416254355,Non-Switch
3373,0.004369235368543172,Non-Switch
3374,0.004361677873110042,Non-Switch
3375,0.004455114502167177,Non-Switch
3376,0.004381963092417865,Non-Switch
3377,0.00439145875170935,Non-Switch
3378,0.004837235095516831,Non-Switch
3379,0.004539782031451999,Non-Switch
338,0.004354340730448331,Non-Switch
3380,0.0046852642384192615,Non-Switch
3381,0.004841853434319004,Non-Switch
3382,0.005225212840200654,Non-Switch
3383,0.006672440465042504,Non-Switch
3384,0.005417878084347789,Non-Switch
3385,0.005945348874544024,Non-Switch
3386,0.006841784257106136,Non-Switch
3387,0.005727624213009547,Non-Switch
3388,0.005701814722849988,Non-Switch
3389,0.009743348570896987,Non-Switch
339,0.004354357525629079,Non-Switch
3390,0.005654139250970573,Non-Switch
3391,0.004911349876833867,Non-Switch
3392,0.004922634558778664,Non-Switch
3393,0.004660298202236882,Non-Switch
3394,0.004374887282768597,Non-Switch
3395,0.004415493998974658,Non-Switch
3396,0.004368038879866662,Non-Switch
3397,0.0043636163728720135,Non-Switch
3398,0.004359481399371777,Non-Switch
3399,0.004355587604667086,Non-Switch
34,0.004621993433504186,Non-Switch
340,0.004354352487074855,Non-Switch
3400,0.004370513817701734,Non-Switch
3401,0.004356507308764864,Non-Switch
3402,0.00435705281623557,Non-Switch
3403,0.004356762259608624,Non-Switch
3404,0.0043570151950306935,Non-Switch
3405,0.004356478756957592,Non-Switch
3406,0.004355426370931902,Non-Switch
3407,0.004354988352617986,Non-Switch
3408,0.004355138837437491,Non-Switch
3409,0.004354786138641776,Non-Switch
341,0.004354377679845977,Non-Switch
3410,0.004356306438403114,Non-Switch
3411,0.004358591926599346,Non-Switch
3412,0.004359341663467951,Non-Switch
3413,0.00435784756418858,Non-Switch
3414,0.00435565680081177,Non-Switch
3415,0.004361016142988558,Non-Switch
3416,0.004355875138161497,Non-Switch
3417,0.0043557246533419925,Non-Switch
3418,0.0043563601829815085,Non-Switch
3419,0.00435704945719942,Non-Switch
342,0.004354347112617015,Non-Switch
3420,0.004364122915523383,Non-Switch
3421,0.004473067878579903,Non-Switch
3422,0.004493104865116265,Non-Switch
3423,0.004537750150485067,Non-Switch
3424,0.004400066953650095,Non-Switch
3425,0.004374345806141271,Non-Switch
3426,0.004404525066427929,Non-Switch
3427,0.004733157375841174,Non-Switch
3428,0.008592500462166535,Non-Switch
3429,0.005043915917998441,Non-Switch
343,0.004354356853821849,Non-Switch
3430,0.008293597302195893,Non-Switch
3431,0.007841812314523893,Non-Switch
3432,0.013322017986435933,Non-Switch
3433,0.02212200208072385,Non-Switch
3434,0.032148569128194235,Non-Switch
3435,0.011721758384976834,Non-Switch
3436,0.018511781238631106,Non-Switch
3437,0.016705533447944457,Non-Switch
3438,0.02710535793597999,Non-Switch
3439,0.018582605844039545,Non-Switch
344,0.004354371297677293,Non-Switch
3440,0.028436052199199615,Non-Switch
3441,0.014310903449138023,Non-Switch
3442,0.007492179647006563,Non-Switch
3443,0.004417815092954076,Non-Switch
3444,0.005223256873450704,Non-Switch
3445,0.004888605507160876,Non-Switch
3446,0.004893907409819506,Non-Switch
3447,0.00471219564665281,Non-Switch
3448,0.006711731110885126,Non-Switch
3449,0.017249419175996872,Non-Switch
345,0.004354482817677461,Non-Switch
3450,0.0054510613306630925,Non-Switch
3451,0.0051287846535486275,Non-Switch
3452,0.005322898649987114,Non-Switch
3453,0.006475449118238215,Non-Switch
3454,0.00810374457901687,Non-Switch
3455,0.006098790317667916,Non-Switch
3456,0.004812036614032894,Non-Switch
3457,0.010760541303039528,Non-Switch
3458,0.00497769789476565,Non-Switch
3459,0.0046856585892632325,Non-Switch
346,0.0043549359516540515,Non-Switch
3460,0.004615830945784012,Non-Switch
3461,0.004485972959563298,Non-Switch
3462,0.004392020382553575,Non-Switch
3463,0.004973319055240948,Non-Switch
3464,0.005484486091677556,Non-Switch
3465,0.004621029390129232,Non-Switch
3466,0.004411123892943945,Non-Switch
3467,0.004560458578471257,Non-Switch
3468,0.004616080186266317,Non-Switch
3469,0.004468219445801477,Non-Switch
347,0.004354428401291837,Non-Switch
3470,0.004539018522535181,Non-Switch
3471,0.004437920939731506,Non-Switch
3472,0.004396856050994631,Non-Switch
3473,0.004734903738735385,Non-Switch
3474,0.006069848190395179,Non-Switch
3475,0.006880696003671077,Non-Switch
3476,0.006283082492404784,Non-Switch
3477,0.005464519644900337,Non-Switch
3478,0.004692388754092699,Non-Switch
3479,0.006455241156761835,Non-Switch
348,0.004354358869243539,Non-Switch
3480,0.0047407051300694695,Non-Switch
3481,0.004809138101739349,Non-Switch
3482,0.0047826023879642314,Non-Switch
3483,0.004762634933476168,Non-Switch
3484,0.01925421018818895,Non-Switch
3485,0.013723962939333674,Non-Switch
3486,0.36992668481263624,Non-Switch
3487,0.061527921982316075,Non-Switch
3488,0.10523329260463497,Non-Switch
3489,0.017330812652746615,Non-Switch
349,0.004354454265870189,Non-Switch
3490,0.010260102020354102,Non-Switch
3491,0.06537627027151635,Non-Switch
3492,0.24257209149402548,Non-Switch
3493,0.016767589625387814,Non-Switch
3494,0.006587064515033718,Non-Switch
3495,0.25291908371788463,Non-Switch
3496,0.005610329357892192,Non-Switch
3497,0.004916354504793252,Non-Switch
3498,0.00467838560419198,Non-Switch
3499,0.004491160319089224,Non-Switch
35,0.004975864532835163,Non-Switch
350,0.004354414629243623,Non-Switch
3500,0.011581587150065806,Non-Switch
3501,0.004917619517807215,Non-Switch
3502,0.0043967619979824405,Non-Switch
3503,0.004417968600906115,Non-Switch
3504,0.008152864436440642,Non-Switch
3505,0.015579084705997937,Non-Switch
3506,0.004608739684568456,Non-Switch
3507,0.004400954075097221,Non-Switch
3508,0.004385387629772447,Non-Switch
3509,0.004397692450995898,Non-Switch
351,0.004354394475026726,Non-Switch
3510,0.00665126308573333,Non-Switch
3511,0.004661237052840713,Non-Switch
3512,0.004437240734911199,Non-Switch
3513,0.004898992318742868,Non-Switch
3514,0.004768406429388521,Non-Switch
3515,0.005209272534152422,Non-Switch
3516,0.004699575411934906,Non-Switch
3517,0.004423119011034395,Non-Switch
3518,0.00453341497843031,Non-Switch
3519,0.004458258560003263,Non-Switch
352,0.004354372977195368,Non-Switch
3520,0.004807407862218657,Non-Switch
3521,0.019201842814615688,Non-Switch
3522,0.008647936651166133,Non-Switch
3523,0.006365890123373536,Non-Switch
3524,0.004628697733755301,Non-Switch
3525,0.004358624509249997,Non-Switch
3526,0.004402926165220689,Non-Switch
3527,0.00445978893687305,Non-Switch
3528,0.00449910847042656,Non-Switch
3529,0.00443067952960006,Non-Switch
353,0.00435439884177372,Non-Switch
3530,0.004495090391384331,Non-Switch
3531,0.0045437880179640885,Non-Switch
3532,0.004376969213374159,Non-Switch
3533,0.004503997211638781,Non-Switch
3534,0.004505874912846443,Non-Switch
3535,0.004520477314796264,Non-Switch
3536,0.004388745994114882,Non-Switch
3537,0.004396147294367052,Non-Switch
3538,0.004359398767082495,Non-Switch
3539,0.004359907996962785,Non-Switch
354,0.004354482817677461,Non-Switch
3540,0.004359449488528355,Non-Switch
3541,0.004360323173830883,Non-Switch
3542,0.0043663025940809,Non-Switch
3543,0.004358232509731332,Non-Switch
3544,0.004362481690460657,Non-Switch
3545,0.004357289964187736,Non-Switch
3546,0.004355635974787641,Non-Switch
3547,0.004357108576235654,Non-Switch
3548,0.004355603056233374,Non-Switch
3549,0.004354931584907057,Non-Switch
355,0.004354335020086877,Non-Switch
3550,0.004355688375751576,Non-Switch
3551,0.004356180138643887,Non-Switch
3552,0.004355654113582849,Non-Switch
3553,0.004355064266834969,Non-Switch
3554,0.004354808308280364,Non-Switch
3555,0.004355433424907816,Non-Switch
3556,0.004359145495756811,Non-Switch
3557,0.0043652616287781195,Non-Switch
3558,0.004356729341054357,Non-Switch
3559,0.004373934660116552,Non-Switch
356,0.004354333340568802,Non-Switch
3560,0.004359289934311246,Non-Switch
3561,0.004356724974307362,Non-Switch
3562,0.0043682075034813745,Non-Switch
3563,0.004359580490938192,Non-Switch
3564,0.004355866068763893,Non-Switch
3565,0.004355118011413363,Non-Switch
3566,0.00435509617767839,Non-Switch
3567,0.004355926867318202,Non-Switch
3568,0.004363766857691518,Non-Switch
3569,0.004354757922738119,Non-Switch
357,0.004354334348279646,Non-Switch
3570,0.004358168016237258,Non-Switch
3571,0.004358921112142013,Non-Switch
3572,0.00435654896081312,Non-Switch
3573,0.0043630386186542715,Non-Switch
3574,0.004356473046596138,Non-Switch
3575,0.004357011835994544,Non-Switch
3576,0.004356956411898074,Non-Switch
3577,0.004355271519365403,Non-Switch
3578,0.004356309125632034,Non-Switch
3579,0.004355840875992771,Non-Switch
358,0.004354332668761571,Non-Switch
3580,0.004407850176312482,Non-Switch
3581,0.00435935644322701,Non-Switch
3582,0.0043570481135849605,Non-Switch
3583,0.004356933906355872,Non-Switch
3584,0.00435954790828754,Non-Switch
3585,0.004386554558930841,Non-Switch
3586,0.004358704790213975,Non-Switch
3587,0.004378174771448274,Non-Switch
3588,0.004356110606595589,Non-Switch
3589,0.0043563964605719254,Non-Switch
359,0.004354332668761571,Non-Switch
3590,0.004359807225878295,Non-Switch
3591,0.004355823409004793,Non-Switch
3592,0.004355240952136441,Non-Switch
3593,0.004354821072617733,Non-Switch
3594,0.004354547311171535,Non-Switch
3595,0.004354438142496671,Non-Switch
3596,0.004354426721773762,Non-Switch
3597,0.004354395146833955,Non-Switch
3598,0.004354415301050853,Non-Switch
3599,0.004354403544424329,Non-Switch
36,0.004484509427512889,Non-Switch
360,0.004354332668761571,Non-Switch
3600,0.0043543632359905335,Non-Switch
3601,0.004354335691894106,Non-Switch
3602,0.004354340730448331,Non-Switch
3603,0.004354344425388095,Non-Switch
3604,0.004354339050930256,Non-Switch
3605,0.004354352151171239,Non-Switch
3606,0.004355064266834969,Non-Switch
3607,0.004354593329966785,Non-Switch
3608,0.004355231882738836,Non-Switch
3609,0.004354652449003019,Non-Switch
361,0.004354333340568802,Non-Switch
3610,0.004354800246593605,Non-Switch
3611,0.004356688360813331,Non-Switch
3612,0.004355454250931944,Non-Switch
3613,0.004359542869733316,Non-Switch
3614,0.00435435080755678,Non-Switch
3615,0.004354430080809912,Non-Switch
3616,0.0043544838253883065,Non-Switch
3617,0.004355507659606724,Non-Switch
3618,0.004356178123222197,Non-Switch
3619,0.004360214341059634,Non-Switch
362,0.004354333340568802,Non-Switch
3620,0.004358593270213805,Non-Switch
3621,0.00435704408274158,Non-Switch
3622,0.004354332668761571,Non-Switch
3623,0.004354332668761571,Non-Switch
3624,0.004354332668761571,Non-Switch
3625,0.004354332668761571,Non-Switch
3626,0.004354332668761571,Non-Switch
3627,0.004354332668761571,Non-Switch
3628,0.0043544492273159645,Non-Switch
3629,0.004354384397918277,Non-Switch
363,0.004354335020086877,Non-Switch
3630,0.00435449961285821,Non-Switch
3631,0.004354360212857998,Non-Switch
3632,0.004354572168039043,Non-Switch
3633,0.004354360548761614,Non-Switch
3634,0.004355268832136483,Non-Switch
3635,0.0043546736109307625,Non-Switch
3636,0.004354648754063255,Non-Switch
3637,0.004354359876954384,Non-Switch
3638,0.004354851639846695,Non-Switch
3639,0.004355240952136441,Non-Switch
364,0.004354332668761571,Non-Switch
3640,0.004355228187799072,Non-Switch
3641,0.00435630543069227,Non-Switch
3642,0.004356890574789541,Non-Switch
3643,0.004364176996005393,Non-Switch
3644,0.004374938340118072,Non-Switch
3645,0.004374679022527318,Non-Switch
3646,0.004372106672643905,Non-Switch
3647,0.004356631593102402,Non-Switch
3648,0.004437912206237517,Non-Switch
3649,0.00441136708716118,Non-Switch
365,0.004354332668761571,Non-Switch
3650,0.004368928352639093,Non-Switch
3651,0.00436885176661488,Non-Switch
3652,0.004362430633111182,Non-Switch
3653,0.004359334273588421,Non-Switch
3654,0.004359373910214987,Non-Switch
3655,0.004354481809966617,Non-Switch
3656,0.00435449558201483,Non-Switch
3657,0.004381939243261202,Non-Switch
3658,0.004355434432618661,Non-Switch
3659,0.004355891933342245,Non-Switch
366,0.004354332668761571,Non-Switch
3660,0.004355001116955355,Non-Switch
3661,0.004354475091894318,Non-Switch
3662,0.004355398826835475,Non-Switch
3663,0.0043544492273159645,Non-Switch
3664,0.0043560598851497285,Non-Switch
3665,0.004354352487074855,Non-Switch
3666,0.0043543897723761155,Non-Switch
3667,0.004354335691894106,Non-Switch
3668,0.004354333340568802,Non-Switch
3669,0.004354336363701336,Non-Switch
367,0.004354337371412181,Non-Switch
3670,0.004354335691894106,Non-Switch
3671,0.004354334348279646,Non-Switch
3672,0.004354334348279646,Non-Switch
3673,0.0043548136827382036,Non-Switch
3674,0.004354334348279646,Non-Switch
3675,0.004354335020086877,Non-Switch
3676,0.0043543864133399664,Non-Switch
3677,0.00437600684951728,Non-Switch
3678,0.004357057518886179,Non-Switch
3679,0.004357197926597235,Non-Switch
368,0.004354334348279646,Non-Switch
3680,0.004360182766119827,Non-Switch
3681,0.004356909385391979,Non-Switch
3682,0.004356763267319468,Non-Switch
3683,0.004356166702499289,Non-Switch
3684,0.004355957098643549,Non-Switch
3685,0.0043556225386430425,Non-Switch
3686,0.004354390780086961,Non-Switch
3687,0.004354393803219495,Non-Switch
3688,0.004354566457677588,Non-Switch
3689,0.004432648596590993,Non-Switch
369,0.004354334348279646,Non-Switch
3690,0.004372986068307887,Non-Switch
3691,0.004377367595061509,Non-Switch
3692,0.004371241720835366,Non-Switch
3693,0.004384638228807457,Non-Switch
3694,0.004361907295279064,Non-Switch
3695,0.004356823058162933,Non-Switch
3696,0.004356666527078358,Non-Switch
3697,0.004357189864910476,Non-Switch
3698,0.004354393803219495,Non-Switch
3699,0.004354437806593056,Non-Switch
37,0.004478355001479474,Non-Switch
370,0.004354334348279646,Non-Switch
3700,0.004354458968520799,Non-Switch
3701,0.004354434783460521,Non-Switch
3702,0.0043547693434610275,Non-Switch
3703,0.004354723324665777,Non-Switch
3704,0.004354388764665271,Non-Switch
3705,0.004355258419124419,Non-Switch
3706,0.0043543830543038165,Non-Switch
3707,0.004406943572455688,Non-Switch
3708,0.004370677066858608,Non-Switch
3709,0.004383747076516951,Non-Switch
371,0.004354335691894106,Non-Switch
3710,0.004385597233628186,Non-Switch
3711,0.004386781629774558,Non-Switch
3712,0.004389133626886553,Non-Switch
3713,0.004379009491931465,Non-Switch
3714,0.004368475554566118,Non-Switch
3715,0.004365939146369506,Non-Switch
3716,0.004373577258670228,Non-Switch
3717,0.004367411076010289,Non-Switch
3718,0.004367411076010289,Non-Switch
3719,0.004382840136756542,Non-Switch
372,0.004354333340568802,Non-Switch
3720,0.00439055785821401,Non-Switch
3721,0.004380893239404196,Non-Switch
3722,0.0043637302441974874,Non-Switch
3723,0.004361996645640645,Non-Switch
3724,0.004370116443725229,Non-Switch
3725,0.004358228478887952,Non-Switch
3726,0.00435684993045213,Non-Switch
3727,0.004355795193101136,Non-Switch
3728,0.004355341051413701,Non-Switch
3729,0.004354787482256236,Non-Switch
373,0.00435435282297847,Non-Switch
3730,0.0043544935665931405,Non-Switch
3731,0.0043546322947861215,Non-Switch
3732,0.004354556044665525,Non-Switch
3733,0.0043545348827377815,Non-Switch
3734,0.004354412949725548,Non-Switch
3735,0.004354420339605078,Non-Switch
3736,0.004354455945388264,Non-Switch
3737,0.004354779420569477,Non-Switch
3738,0.004354494574303985,Non-Switch
3739,0.004354644051412645,Non-Switch
374,0.004354335020086877,Non-Switch
3740,0.004354466022496713,Non-Switch
3741,0.00435439682635203,Non-Switch
3742,0.0043545399212920055,Non-Switch
3743,0.004355019255750563,Non-Switch
3744,0.004354513720810038,Non-Switch
3745,0.004354610461051149,Non-Switch
3746,0.004354556716472754,Non-Switch
3747,0.004354622889484902,Non-Switch
3748,0.004354413285629163,Non-Switch
3749,0.004354361220568844,Non-Switch
375,0.004354336027797721,Non-Switch
3750,0.0043543847338218915,Non-Switch
3751,0.0043543716335809075,Non-Switch
3752,0.004354359876954384,Non-Switch
3753,0.004354385069725506,Non-Switch
3754,0.004354360548761614,Non-Switch
3755,0.0043543632359905335,Non-Switch
3756,0.004354360884665229,Non-Switch
3757,0.004354382046592971,Non-Switch
3758,0.004354372641291753,Non-Switch
3759,0.004354374992617057,Non-Switch
376,0.004354335020086877,Non-Switch
3760,0.004354398505870105,Non-Switch
3761,0.00435439749815926,Non-Switch
3762,0.004354358197436309,Non-Switch
3763,0.004354368274544758,Non-Switch
3764,0.00435439682635203,Non-Switch
3765,0.004354490879364221,Non-Switch
3766,0.004354819057196043,Non-Switch
3767,0.004354420339605078,Non-Switch
3768,0.004355052510208445,Non-Switch
3769,0.004354473412376243,Non-Switch
377,0.004354335020086877,Non-Switch
3770,0.004354445532376201,Non-Switch
3771,0.004354458296713569,Non-Switch
3772,0.004354425714062918,Non-Switch
3773,0.0043543847338218915,Non-Switch
3774,0.004354353158882085,Non-Switch
3775,0.00435435080755678,Non-Switch
3776,0.00435434879213509,Non-Switch
3777,0.0043543467767134005,Non-Switch
3778,0.00435434207406279,Non-Switch
3779,0.0043543434176772505,Non-Switch
378,0.004354335020086877,Non-Switch
3780,0.00435435282297847,Non-Switch
3781,0.004354338043219411,Non-Switch
3782,0.004354360548761614,Non-Switch
3783,0.004354358533339924,Non-Switch
3784,0.00435439548273757,Non-Switch
3785,0.0043543467767134005,Non-Switch
3786,0.004354339722737486,Non-Switch
3787,0.004354468373822018,Non-Switch
3788,0.004354710224424794,Non-Switch
3789,0.0043550730003289575,Non-Switch
379,0.004354335020086877,Non-Switch
3790,0.004354395818641185,Non-Switch
3791,0.00435434408948448,Non-Switch
3792,0.004354374320809828,Non-Switch
3793,0.004354359205147154,Non-Switch
3794,0.004354356853821849,Non-Switch
3795,0.004354369618159218,Non-Switch
3796,0.00435714283840438,Non-Switch
3797,0.004354412613821934,Non-Switch
3798,0.004355128760329042,Non-Switch
3799,0.004354519095267878,Non-Switch
38,0.004723866281851203,Non-Switch
380,0.004354336363701336,Non-Switch
3800,0.004354510697677504,Non-Switch
3801,0.00436470638010258,Non-Switch
3802,0.004354631958882507,Non-Switch
3803,0.004355307796955819,Non-Switch
3804,0.004368098334806511,Non-Switch
3805,0.0043742819844544275,Non-Switch
3806,0.004365234084681692,Non-Switch
3807,0.004360405806120165,Non-Switch
3808,0.00435669843792178,Non-Switch
3809,0.0043831488321786965,Non-Switch
381,0.004354337371412181,Non-Switch
3810,0.00435954387744416,Non-Switch
3811,0.004358430692864162,Non-Switch
3812,0.004364082942993202,Non-Switch
3813,0.004355766305390248,Non-Switch
3814,0.004358992659612,Non-Switch
3815,0.0043547693434610275,Non-Switch
3816,0.004354786810449006,Non-Switch
3817,0.004354820736714117,Non-Switch
3818,0.004354575862978808,Non-Switch
3819,0.0043546934292440454,Non-Switch
382,0.004354333340568802,Non-Switch
3820,0.004354354166592929,Non-Switch
3821,0.004354373984906212,Non-Switch
3822,0.0043544737482798575,Non-Switch
3823,0.004354417652376158,Non-Switch
3824,0.00435440085719541,Non-Switch
3825,0.004354419667797848,Non-Switch
3826,0.004365911602273079,Non-Switch
3827,0.004357118653344103,Non-Switch
3828,0.0043550202634614074,Non-Switch
3829,0.004355138165630261,Non-Switch
383,0.004354334348279646,Non-Switch
3830,0.004354585604183641,Non-Switch
3831,0.004354564106352284,Non-Switch
3832,0.004354609789243919,Non-Switch
3833,0.004355520423944093,Non-Switch
3834,0.004355255060088269,Non-Switch
3835,0.004355781085149306,Non-Switch
3836,0.004354529172376327,Non-Switch
3837,0.0043546934292440454,Non-Switch
3838,0.004354644051412645,Non-Switch
3839,0.0043549954065939004,Non-Switch
384,0.004354334348279646,Non-Switch
3840,0.004356936257681176,Non-Switch
3841,0.004358593270213805,Non-Switch
3842,0.004357214049970753,Non-Switch
3843,0.004358567069731838,Non-Switch
3844,0.004357126715030862,Non-Switch
3845,0.004355720958402228,Non-Switch
3846,0.004356997728042715,Non-Switch
3847,0.00435754928177849,Non-Switch
3848,0.004354593329966785,Non-Switch
3849,0.004356256724668099,Non-Switch
385,0.004354337371412181,Non-Switch
3850,0.004355757571896259,Non-Switch
3851,0.0043566174851505735,Non-Switch
3852,0.00435525371647381,Non-Switch
3853,0.004355102895750689,Non-Switch
3854,0.0043549127743046185,Non-Switch
3855,0.004354791513099616,Non-Switch
3856,0.004355044448521686,Non-Switch
3857,0.004355329630690792,Non-Switch
3858,0.004355348105389615,Non-Switch
3859,0.004355284619606386,Non-Switch
386,0.004354339050930256,Non-Switch
3860,0.004355341051413701,Non-Switch
3861,0.004354657151653629,Non-Switch
3862,0.004354504651412435,Non-Switch
3863,0.0043544821458702315,Non-Switch
3864,0.004354470053340093,Non-Switch
3865,0.00435444687599066,Non-Switch
3866,0.004354410598400244,Non-Switch
3867,0.004354415301050853,Non-Switch
3868,0.004354374992617057,Non-Switch
3869,0.004354349128038705,Non-Switch
387,0.0043543484562314745,Non-Switch
3870,0.004354340730448331,Non-Switch
3871,0.004354342745870021,Non-Switch
3872,0.004354336363701336,Non-Switch
3873,0.004354992383461365,Non-Switch
3874,0.004354378351653207,Non-Switch
3875,0.0043543961545448005,Non-Switch
3876,0.004354433103942446,Non-Switch
3877,0.004354392123701421,Non-Switch
3878,0.004354436462978596,Non-Switch
3879,0.004354460312135259,Non-Switch
388,0.004354358533339924,Non-Switch
3880,0.004354485504906381,Non-Switch
3881,0.004354714927075403,Non-Switch
3882,0.004354522118400412,Non-Switch
3883,0.0043544425092436655,Non-Switch
3884,0.004354395818641185,Non-Switch
3885,0.004355198628280955,Non-Switch
3886,0.0043544142933400086,Non-Switch
3887,0.004355163022497769,Non-Switch
3888,0.004354433775749677,Non-Switch
3889,0.0043544341116532916,Non-Switch
389,0.004354369618159218,Non-Switch
3890,0.0043545876196053315,Non-Switch
3891,0.00435440085719541,Non-Switch
3892,0.004354405559846019,Non-Switch
3893,0.004354414629243623,Non-Switch
3894,0.004354416644665313,Non-Switch
3895,0.004354988352617986,Non-Switch
3896,0.004354392123701421,Non-Switch
3897,0.004354570488520968,Non-Switch
3898,0.004354422355026768,Non-Switch
3899,0.004354486176713611,Non-Switch
39,0.0044653951682068396,Non-Switch
390,0.004354398505870105,Non-Switch
3900,0.004354643379605416,Non-Switch
3901,0.004354652449003019,Non-Switch
3902,0.00435524565478705,Non-Switch
3903,0.0043549127743046185,Non-Switch
3904,0.00435464438731626,Non-Switch
3905,0.004354537234063086,Non-Switch
3906,0.004354470389243708,Non-Switch
3907,0.004354804277436984,Non-Switch
3908,0.004354778748762247,Non-Switch
3909,0.004354618858641523,Non-Switch
391,0.004354355174303774,Non-Switch
3910,0.004354549326593225,Non-Switch
3911,0.004354703506352494,Non-Switch
3912,0.004354911766593774,Non-Switch
3913,0.0043546537926174795,Non-Switch
3914,0.0043546833521355965,Non-Switch
3915,0.004354748181533285,Non-Switch
3916,0.004354765312617648,Non-Switch
3917,0.004355566442739343,Non-Switch
3918,0.004355953067800169,Non-Switch
3919,0.00435514085285918,Non-Switch
392,0.004354374320809828,Non-Switch
3920,0.00435464640273795,Non-Switch
3921,0.004354461319846104,Non-Switch
3922,0.004354580901533032,Non-Switch
3923,0.004354800246593605,Non-Switch
3924,0.004360424616722603,Non-Switch
3925,0.004359969803227938,Non-Switch
3926,0.004360143801300491,Non-Switch
3927,0.004356424676475582,Non-Switch
3928,0.004357568764188158,Non-Switch
3929,0.004358229822502412,Non-Switch
393,0.004354384062014662,Non-Switch
3930,0.004357084055271762,Non-Switch
3931,0.0043567562133435545,Non-Switch
3932,0.004356497231656415,Non-Switch
3933,0.004356741097680881,Non-Switch
3934,0.004356440799849101,Non-Switch
3935,0.004356574825391472,Non-Switch
3936,0.02664669095504456,Non-Switch
3937,0.012048086059687796,Non-Switch
3938,0.004360126670216127,Non-Switch
3939,0.004359395408046345,Non-Switch
394,0.004354452586352114,Non-Switch
3940,0.0043593487174438655,Non-Switch
3941,0.0043616953400980206,Non-Switch
3942,0.004359782369010787,Non-Switch
3943,0.0043600732615413475,Non-Switch
3944,0.004359710821540799,Non-Switch
3945,0.004831735345628986,Non-Switch
3946,0.005306023524178431,Non-Switch
3947,0.005729237893975846,Non-Switch
3948,0.005337369377719867,Non-Switch
3949,0.005260194850374102,Non-Switch
395,0.00435845219069552,Non-Switch
3950,0.005313181630213365,Non-Switch
3951,0.005445852473305809,Non-Switch
3952,0.005263742664355377,Non-Switch
3953,0.005340014954591343,Non-Switch
3954,0.005452445925363984,Non-Switch
3955,0.005502841544717397,Non-Switch
3956,0.005867998333704016,Non-Switch
3957,0.006841762087467548,Non-Switch
3958,0.007184353543407953,Non-Switch
3959,0.007673462797160562,Non-Switch
396,0.004483955186548195,Non-Switch
3960,0.007028938330642519,Non-Switch
3961,0.00740977644399023,Non-Switch
3962,0.008055166198220427,Non-Switch
3963,0.008848430800867292,Non-Switch
3964,0.008871732434637514,Non-Switch
3965,0.00910134741233457,Non-Switch
3966,0.008446628942909526,Non-Switch
3967,0.009790055296750838,Non-Switch
3968,0.00830443892727255,Non-Switch
3969,0.007758241510541938,Non-Switch
397,0.004356690712138636,Non-Switch
3970,0.00828242246073319,Non-Switch
3971,0.008881730941640603,Non-Switch
3972,0.00824210596525046,Non-Switch
3973,0.005718473526730632,Non-Switch
3974,0.00587726658624817,Non-Switch
3975,0.005801666103242137,Non-Switch
3976,0.006344329813943302,Non-Switch
3977,0.005179410702781907,Non-Switch
3978,0.005766453999092436,Non-Switch
3979,0.005712084639973971,Non-Switch
398,0.004354956105870949,Non-Switch
3980,0.005417485748925509,Non-Switch
3981,0.0055092828324379926,Non-Switch
3982,0.005622377884657423,Non-Switch
3983,0.005971294069764031,Non-Switch
3984,0.005406324343607404,Non-Switch
3985,0.0052212327182669166,Non-Switch
3986,0.005507629514845128,Non-Switch
3987,0.005452303166327624,Non-Switch
3988,0.005522790188603023,Non-Switch
3989,0.005192934182320455,Non-Switch
399,0.004354672603219918,Non-Switch
3990,0.49865845070586234,Non-Switch
3991,0.31598516478493927,Non-Switch
3992,0.14208376797994837,Non-Switch
3993,0.005572096136629484,Non-Switch
3994,0.006108759265152889,Non-Switch
3995,0.009589221212591334,Non-Switch
3996,0.007706775702271242,Non-Switch
3997,0.005450580316686461,Non-Switch
3998,0.004463726399047687,Non-Switch
3999,0.004463073738323807,Non-Switch
4,0.13695737361652385,Non-Switch
40,0.004475860581234734,Non-Switch
400,0.004354690742015126,Non-Switch
4000,0.004451804172041683,Non-Switch
4001,0.004477672445333863,Non-Switch
4002,0.004471636257372916,Non-Switch
4003,0.004979529241274447,Non-Switch
4004,0.004696919422051367,Non-Switch
4005,0.004710616899662468,Non-Switch
4006,0.0056511638167492,Non-Switch
4007,0.0046819720470889755,Non-Switch
4008,0.005139398535974337,Non-Switch
4009,0.005530118597770745,Non-Switch
401,0.00436045014539734,Non-Switch
4010,0.004974509497652389,Non-Switch
4011,0.00446009192193375,Non-Switch
4012,0.004448535493964445,Non-Switch
4013,0.004461936032779916,Non-Switch
4014,0.004478769842443958,Non-Switch
4015,0.00436895052227768,Non-Switch
4016,0.0043705262461354874,Non-Switch
4017,0.004366562919382499,Non-Switch
4018,0.0043648061434762245,Non-Switch
4019,0.004367886379625467,Non-Switch
402,0.004355418981052373,Non-Switch
4020,0.004380805232657076,Non-Switch
4021,0.004379952037475061,Non-Switch
4022,0.0043625834692559914,Non-Switch
4023,0.004367111785889354,Non-Switch
4024,0.004362620082750023,Non-Switch
4025,0.004370779181557557,Non-Switch
4026,0.004379816332414614,Non-Switch
4027,0.0043794374331369325,Non-Switch
4028,0.004377635646146252,Non-Switch
4029,0.004373162081802129,Non-Switch
403,0.004355081733822947,Non-Switch
4030,0.004365072850946508,Non-Switch
4031,0.004373389824453076,Non-Switch
4032,0.004364980813356007,Non-Switch
4033,0.004363526350703203,Non-Switch
4034,0.004367285783961907,Non-Switch
4035,0.004393267592675945,Non-Switch
4036,0.0043749289348168525,Non-Switch
4037,0.004375810681806139,Non-Switch
4038,0.0043745426456596416,Non-Switch
4039,0.004376940325663272,Non-Switch
404,0.0043554525714138695,Non-Switch
4040,0.004367346918419831,Non-Switch
4041,0.004532149293609117,Non-Switch
4042,0.004527367369746455,Non-Switch
4043,0.004509641064177447,Non-Switch
4044,0.005008194583968451,Non-Switch
4045,0.004626750836402955,Non-Switch
4046,0.005125934175472023,Non-Switch
4047,0.004899949644045522,Non-Switch
4048,0.004843531944682991,Non-Switch
4049,0.014705566011663293,Non-Switch
405,0.004355741784426356,Non-Switch
4050,0.01286196708260684,Non-Switch
4051,0.006829560052750278,Non-Switch
4052,0.006795637146674819,Non-Switch
4053,0.009869308395666016,Non-Switch
4054,0.007367042114286971,Non-Switch
4055,0.005155684486842368,Non-Switch
4056,0.004730163466920978,Non-Switch
4057,0.004799411340760767,Non-Switch
4058,0.004649407871136056,Non-Switch
4059,0.0044661395306176055,Non-Switch
406,0.00435529973526906,Non-Switch
4060,0.004530649819871907,Non-Switch
4061,0.004485966577394613,Non-Switch
4062,0.004440209115156657,Non-Switch
4063,0.004410421854388665,Non-Switch
4064,0.004397353188344781,Non-Switch
4065,0.004417054943073407,Non-Switch
4066,0.004428227433210805,Non-Switch
4067,0.004489260784146589,Non-Switch
4068,0.0044522311055363055,Non-Switch
4069,0.00443648125683776,Non-Switch
407,0.004355594994546615,Non-Switch
4070,0.004447107903600838,Non-Switch
4071,0.004461442254465915,Non-Switch
4072,0.0044896756251110725,Non-Switch
4073,0.004495288574517161,Non-Switch
4074,0.004511796893578302,Non-Switch
4075,0.0044674629908605734,Non-Switch
4076,0.004538358136028157,Non-Switch
4077,0.004499952260307355,Non-Switch
4078,0.004528584348543478,Non-Switch
4079,0.00445758675277333,Non-Switch
408,0.00435554931165498,Non-Switch
4080,0.004473573749424043,Non-Switch
4081,0.004475806164849109,Non-Switch
4082,0.004449648678544443,Non-Switch
4083,0.004452878727705961,Non-Switch
4084,0.004403756854860501,Non-Switch
4085,0.004413112778248161,Non-Switch
4086,0.004399098543528147,Non-Switch
4087,0.0044099213580023645,Non-Switch
4088,0.004399007849552106,Non-Switch
4089,0.004413608236080236,Non-Switch
409,0.004355242295750901,Non-Switch
4090,0.004409234099206144,Non-Switch
4091,0.004403556656305981,Non-Switch
4092,0.004405405469802756,Non-Switch
4093,0.00440642023462357,Non-Switch
4094,0.004389927703032334,Non-Switch
4095,0.004421703513200927,Non-Switch
4096,0.004387000303027901,Non-Switch
4097,0.004375076060600208,Non-Switch
4098,0.004370279356978488,Non-Switch
4099,0.0043649448716692055,Non-Switch
41,0.004476526006295982,Non-Switch
410,0.004355418981052373,Non-Switch
4100,0.004361778980098147,Non-Switch
4101,0.004362374873111098,Non-Switch
4102,0.004364832343958192,Non-Switch
4103,0.004367096334323066,Non-Switch
4104,0.0043674466817934755,Non-Switch
4105,0.004363834710221742,Non-Switch
4106,0.00436095400081979,Non-Switch
4107,0.004364303631668235,Non-Switch
4108,0.004361927449495962,Non-Switch
4109,0.004363374186365623,Non-Switch
411,0.004355734058643212,Non-Switch
4110,0.004360238526119911,Non-Switch
4111,0.004362922731907108,Non-Switch
4112,0.004360794782506295,Non-Switch
4113,0.004360949298169181,Non-Switch
4114,0.004361956337206849,Non-Switch
4115,0.004369662302037794,Non-Switch
4116,0.004381966115550399,Non-Switch
4117,0.00439756144858606,Non-Switch
4118,0.004390144024960372,Non-Switch
4119,0.004499426571149933,Non-Switch
412,0.004355075687557877,Non-Switch
4120,0.00453021851963029,Non-Switch
4121,0.004484913519561694,Non-Switch
4122,0.0046528246827074946,Non-Switch
4123,0.00477841568530729,Non-Switch
4124,0.004801476812089195,Non-Switch
4125,0.004655145440783297,Non-Switch
4126,0.004604195244561575,Non-Switch
4127,0.004743989931520226,Non-Switch
4128,0.004699777961814731,Non-Switch
4129,0.00448260351040157,Non-Switch
413,0.004355090467316936,Non-Switch
4130,0.0044462338823946955,Non-Switch
4131,0.004414364691021141,Non-Switch
4132,0.004380323210969599,Non-Switch
4133,0.004373473800356818,Non-Switch
4134,0.004377248685181811,Non-Switch
4135,0.004381483086152078,Non-Switch
4136,0.00437115001914848,Non-Switch
4137,0.004364063124679919,Non-Switch
4138,0.004363171636485798,Non-Switch
4139,0.004366736245647822,Non-Switch
414,0.004355019927557793,Non-Switch
4140,0.004365473919862778,Non-Switch
4141,0.004365195119862356,Non-Switch
4142,0.004363379224919847,Non-Switch
4143,0.004363941863474916,Non-Switch
4144,0.0043649761107053976,Non-Switch
4145,0.0043742887025267265,Non-Switch
4146,0.00437545831891404,Non-Switch
4147,0.0043829079892867655,Non-Switch
4148,0.004380032654342653,Non-Switch
4149,0.004378048807592661,Non-Switch
415,0.004355068633581963,Non-Switch
4150,0.004379043754100191,Non-Switch
4151,0.004378675939641803,Non-Switch
4152,0.004381719562297014,Non-Switch
4153,0.004364410449017794,Non-Switch
4154,0.004368275356011598,Non-Switch
4155,0.004376528843734938,Non-Switch
4156,0.0043772030022901755,Non-Switch
4157,0.004380902644705416,Non-Switch
4158,0.004384616730976099,Non-Switch
4159,0.004392855438940381,Non-Switch
416,0.004355079718401257,Non-Switch
4160,0.0043942024124363965,Non-Switch
4161,0.00439686142545247,Non-Switch
4162,0.004391519886167274,Non-Switch
4163,0.004390497395563317,Non-Switch
4164,0.0044407764563623355,Non-Switch
4165,0.0043866855613406775,Non-Switch
4166,0.004382494827840357,Non-Switch
4167,0.004373867479393559,Non-Switch
4168,0.004375645417227576,Non-Switch
4169,0.0043811767420552285,Non-Switch
417,0.0043549325926179015,Non-Switch
4170,0.0043826903237442665,Non-Switch
4171,0.004378504628798171,Non-Switch
4172,0.004389450719899081,Non-Switch
4173,0.004394629681834634,Non-Switch
4174,0.00440586565775526,Non-Switch
4175,0.0044098965011348575,Non-Switch
4176,0.00442592884477359,Non-Switch
4177,0.004525283087815589,Non-Switch
4178,0.00455542875774075,Non-Switch
4179,0.00461835291012518,Non-Switch
418,0.0043549194923769175,Non-Switch
4180,0.004567754404988328,Non-Switch
4181,0.004487022322456453,Non-Switch
4182,0.00451250430659142,Non-Switch
4183,0.004541354396273657,Non-Switch
4184,0.004494317141262679,Non-Switch
4185,0.0045884692450196924,Non-Switch
4186,0.004552810724965702,Non-Switch
4187,0.004505157422724875,Non-Switch
4188,0.004484612214019069,Non-Switch
4189,0.004454505844816858,Non-Switch
419,0.0043546057584005395,Non-Switch
4190,0.004369699587339055,Non-Switch
4191,0.004378365228797959,Non-Switch
4192,0.004362378232147248,Non-Switch
4193,0.004362918701063728,Non-Switch
4194,0.00436045350443349,Non-Switch
4195,0.004365649261549791,Non-Switch
4196,0.004359853244673545,Non-Switch
4197,0.00435775015214024,Non-Switch
4198,0.004356088101053386,Non-Switch
4199,0.004357873092863318,Non-Switch
42,0.004504343864169426,Non-Switch
420,0.004354569816713737,Non-Switch
4200,0.004358016187803293,Non-Switch
4201,0.004357720592622123,Non-Switch
4202,0.0043564770774395176,Non-Switch
4203,0.004358424310695478,Non-Switch
4204,0.004358742411418851,Non-Switch
4205,0.004358288941538646,Non-Switch
4206,0.004363391317449986,Non-Switch
4207,0.004361265719374479,Non-Switch
4208,0.004362371849978563,Non-Switch
4209,0.004364831000343732,Non-Switch
421,0.004354981634545687,Non-Switch
4210,0.004362445412870241,Non-Switch
4211,0.004362587836002987,Non-Switch
4212,0.004363822617691603,Non-Switch
4213,0.004365873645164588,Non-Switch
4214,0.004361907967086295,Non-Switch
4215,0.004359813272143364,Non-Switch
4216,0.004362375880821942,Non-Switch
4217,0.004374969243250649,Non-Switch
4218,0.004372205428306705,Non-Switch
4219,0.004376103253854775,Non-Switch
422,0.004355110621533834,Non-Switch
4220,0.004364959987331879,Non-Switch
4221,0.004371246759389591,Non-Switch
4222,0.004434053681412397,Non-Switch
4223,0.0050618760124834655,Non-Switch
4224,0.0044388587826244925,Non-Switch
4225,0.0044472916428782245,Non-Switch
4226,0.0043986880693106575,Non-Switch
4227,0.004381951335791341,Non-Switch
4228,0.004385493103507547,Non-Switch
4229,0.004388199814836946,Non-Switch
423,0.00435514085285918,Non-Switch
4230,0.004366460804683549,Non-Switch
4231,0.004363746031667391,Non-Switch
4232,0.004367376477937948,Non-Switch
4233,0.004360341648529706,Non-Switch
4234,0.00435764266298345,Non-Switch
4235,0.004357654419609974,Non-Switch
4236,0.0043584229670810175,Non-Switch
4237,0.004358477047563028,Non-Switch
4238,0.004359688315998596,Non-Switch
4239,0.004358301705876015,Non-Switch
424,0.004355210384907479,Non-Switch
4240,0.004355725661052837,Non-Switch
4241,0.004356182154065576,Non-Switch
4242,0.004356502606114254,Non-Switch
4243,0.004356466664427453,Non-Switch
4244,0.004358713859611578,Non-Switch
4245,0.004358840831178036,Non-Switch
4246,0.00435735177045289,Non-Switch
4247,0.004363742000824011,Non-Switch
4248,0.004364421197933473,Non-Switch
4249,0.004374969915057879,Non-Switch
425,0.004355300071172675,Non-Switch
4250,0.004371324353124648,Non-Switch
4251,0.004368425169023873,Non-Switch
4252,0.004378414942532974,Non-Switch
4253,0.004369546751194246,Non-Switch
4254,0.004373080121320078,Non-Switch
4255,0.004376010544457045,Non-Switch
4256,0.004377585596507623,Non-Switch
4257,0.004372613215295274,Non-Switch
4258,0.004373571548308773,Non-Switch
4259,0.004370273646617033,Non-Switch
426,0.004355132119365192,Non-Switch
4260,0.004367194418178636,Non-Switch
4261,0.004366704670708015,Non-Switch
4262,0.0043639348094990016,Non-Switch
4263,0.0043597067906974195,Non-Switch
4264,0.004358827059129823,Non-Switch
4265,0.004358587223948736,Non-Switch
4266,0.0043582083246710545,Non-Switch
4267,0.004358121997442008,Non-Switch
4268,0.004356405865873145,Non-Switch
4269,0.004355478771895837,Non-Switch
427,0.004355011194063804,Non-Switch
4270,0.004355383375269186,Non-Switch
4271,0.004355361877437828,Non-Switch
4272,0.004354871122256363,Non-Switch
4273,0.00435525237285935,Non-Switch
4274,0.004354953754545645,Non-Switch
4275,0.0043550316841843165,Non-Switch
4276,0.0043549903680396755,Non-Switch
4277,0.004354975252377003,Non-Switch
4278,0.004355412598883689,Non-Switch
4279,0.004355231210931607,Non-Switch
428,0.004354862052858758,Non-Switch
4280,0.004355052510208445,Non-Switch
4281,0.004355070984907268,Non-Switch
4282,0.004355472725630767,Non-Switch
4283,0.004355285963220846,Non-Switch
4284,0.004355366915992053,Non-Switch
4285,0.0043554555945464046,Non-Switch
4286,0.004355135814304956,Non-Switch
4287,0.00435564470828163,Non-Switch
4288,0.004354933264425131,Non-Switch
4289,0.004354759938159809,Non-Switch
429,0.004357879810935617,Non-Switch
4290,0.004355665534305758,Non-Switch
4291,0.004355343402739006,Non-Switch
4292,0.0043603735593731275,Non-Switch
4293,0.004355795864908365,Non-Switch
4294,0.0043563880629815515,Non-Switch
4295,0.004356227165149982,Non-Switch
4296,0.004358284574791651,Non-Switch
4297,0.004368012007577464,Non-Switch
4298,0.004496867321507504,Non-Switch
4299,0.004358592262502961,Non-Switch
43,0.0053985511980534666,Non-Switch
430,0.00435639881189723,Non-Switch
4300,0.004369074134807988,Non-Switch
4301,0.004362898882750445,Non-Switch
4302,0.004361092393109156,Non-Switch
4303,0.004358872742021458,Non-Switch
4304,0.004360852893831685,Non-Switch
4305,0.004363921037450788,Non-Switch
4306,0.004365470560826628,Non-Switch
4307,0.004357361175754109,Non-Switch
4308,0.004360343328047781,Non-Switch
4309,0.004358522730454663,Non-Switch
431,0.004355605743462295,Non-Switch
4310,0.004358725616238102,Non-Switch
4311,0.004357652740091899,Non-Switch
4312,0.004357815317441544,Non-Switch
4313,0.004358404492382195,Non-Switch
4314,0.004359698393107046,Non-Switch
4315,0.004359476696721167,Non-Switch
4316,0.004356991681777646,Non-Switch
4317,0.004356811637440024,Non-Switch
4318,0.004357230845151502,Non-Switch
4319,0.004358284910695266,Non-Switch
432,0.0043575680923809285,Non-Switch
4320,0.004355741784426356,Non-Switch
4321,0.004355656129004539,Non-Switch
4322,0.004355433760811432,Non-Switch
4323,0.0043553699391245876,Non-Switch
4324,0.004355411927076459,Non-Switch
4325,0.004355019255750563,Non-Switch
4326,0.004367524947335763,Non-Switch
4327,0.004365598876007545,Non-Switch
4328,0.0043663519719123,Non-Switch
4329,0.0044274340288722545,Non-Switch
433,0.004357801881296945,Non-Switch
4330,0.004415653889095382,Non-Switch
4331,0.0043944204138825094,Non-Switch
4332,0.004380727303018403,Non-Switch
4333,0.004409123922820435,Non-Switch
4334,0.005080731626005991,Non-Switch
4335,0.004451319127221672,Non-Switch
4336,0.0045295923952919925,Non-Switch
4337,0.004604136125525341,Non-Switch
4338,0.004485614214502514,Non-Switch
4339,0.004451835411077875,Non-Switch
434,0.004358502576237764,Non-Switch
4340,0.004432895821651609,Non-Switch
4341,0.004420826132958635,Non-Switch
4342,0.004436849407199763,Non-Switch
4343,0.004402377634617449,Non-Switch
4344,0.004398291703044998,Non-Switch
4345,0.004402908362329096,Non-Switch
4346,0.00441581948957756,Non-Switch
4347,0.004487075731131233,Non-Switch
4348,0.004414428512707984,Non-Switch
4349,0.004409609639447676,Non-Switch
435,0.0043683311160116825,Non-Switch
4350,0.004412945834151523,Non-Switch
4351,0.004439594411541269,Non-Switch
4352,0.004411071156076395,Non-Switch
4353,0.004410726183063825,Non-Switch
4354,0.004410943512702708,Non-Switch
4355,0.00440621398980398,Non-Switch
4356,0.004374211444695284,Non-Switch
4357,0.004383669146878279,Non-Switch
4358,0.004407905936312567,Non-Switch
4359,0.004450500194208383,Non-Switch
436,0.004389120526645569,Non-Switch
4360,0.004470955716648994,Non-Switch
4361,0.004628904314478505,Non-Switch
4362,0.004408128304505674,Non-Switch
4363,0.004517257342743196,Non-Switch
4364,0.004403555312691521,Non-Switch
4365,0.00449510651475785,Non-Switch
4366,0.004438066050093172,Non-Switch
4367,0.004409931099207199,Non-Switch
4368,0.004386573033629664,Non-Switch
4369,0.004375401215299495,Non-Switch
437,0.004555968218946386,Non-Switch
4370,0.004382081666393948,Non-Switch
4371,0.004401259747386841,Non-Switch
4372,0.004411093661618598,Non-Switch
4373,0.004397997451478287,Non-Switch
4374,0.004394799649063807,Non-Switch
4375,0.0043980112235265005,Non-Switch
4376,0.00439366295123076,Non-Switch
4377,0.004389040917488822,Non-Switch
4378,0.00442058159512694,Non-Switch
4379,0.004360318807083888,Non-Switch
438,0.0043715920683057765,Non-Switch
4380,0.004358668176719943,Non-Switch
4381,0.0043601095391317644,Non-Switch
4382,0.004402350090521021,Non-Switch
4383,0.004400284283288978,Non-Switch
4384,0.004418133865484679,Non-Switch
4385,0.004381982910731148,Non-Switch
4386,0.004379412576269425,Non-Switch
4387,0.004364316396005603,Non-Switch
4388,0.004363414830703034,Non-Switch
4389,0.004363325480341453,Non-Switch
439,0.00435954387744416,Non-Switch
4390,0.004365118533838143,Non-Switch
4391,0.00435584759406507,Non-Switch
4392,0.004355230203220762,Non-Switch
4393,0.004355270511654558,Non-Switch
4394,0.004354586611894486,Non-Switch
4395,0.004354414629243623,Non-Switch
4396,0.004354483153581077,Non-Switch
4397,0.0043543897723761155,Non-Switch
4398,0.004354369282255603,Non-Switch
4399,0.004354355510207389,Non-Switch
44,0.0045835317977833,Non-Switch
440,0.004355957770450779,Non-Switch
4400,0.004354496589725675,Non-Switch
4401,0.004354526821051022,Non-Switch
4402,0.004355306453341359,Non-Switch
4403,0.004355167053341148,Non-Switch
4404,0.004355658144426229,Non-Switch
4405,0.0043564213174394325,Non-Switch
4406,0.004361022861060858,Non-Switch
4407,0.00444778777251753,Non-Switch
4408,0.004397439179670212,Non-Switch
4409,0.0046490407284848975,Non-Switch
441,0.004354901017678095,Non-Switch
4410,0.004565077924984276,Non-Switch
4411,0.004509619566346089,Non-Switch
4412,0.004634814874487455,Non-Switch
4413,0.004995467195997374,Non-Switch
4414,0.005132984792350167,Non-Switch
4415,0.005302558342486437,Non-Switch
4416,0.006146511472438966,Non-Switch
4417,0.00454792803001855,Non-Switch
4418,0.004446431729623911,Non-Switch
4419,0.07324377786897072,Non-Switch
442,0.004357239578645491,Non-Switch
4420,0.00629692709579924,Non-Switch
4421,0.4999119032610132,Non-Switch
4422,0.3056432245514492,Non-Switch
4423,0.03766710543341732,Non-Switch
4424,0.015205085590250942,Non-Switch
4425,0.006788883468592305,Non-Switch
4426,0.027699171033746556,Non-Switch
4427,0.008134544253280373,Non-Switch
4428,0.00737605911092713,Non-Switch
4429,0.008329033789960392,Non-Switch
443,0.00435439749815926,Non-Switch
4430,0.006880818944394154,Non-Switch
4431,0.0057564044347398705,Non-Switch
4432,0.005482940935048711,Non-Switch
4433,0.006403044422224973,Non-Switch
4434,0.005986334490027767,Non-Switch
4435,0.012726040325774526,Non-Switch
4436,0.005148797119121097,Non-Switch
4437,0.00718978577666919,Non-Switch
4438,0.006246863349217415,Non-Switch
4439,0.0059638585073431335,Non-Switch
444,0.004354427393580992,Non-Switch
4440,0.005557945189138179,Non-Switch
4441,0.006361888167704827,Non-Switch
4442,0.0062686849916600935,Non-Switch
4443,0.005864089759240266,Non-Switch
4444,0.006039902383120922,Non-Switch
4445,0.005122375612575068,Non-Switch
4446,0.006996883720473503,Non-Switch
4447,0.007223264618165664,Non-Switch
4448,0.005187598017493099,Non-Switch
4449,0.015455890039787312,Non-Switch
445,0.004354425042255687,Non-Switch
4450,0.01093998101415459,Non-Switch
4451,0.008619933038593612,Non-Switch
4452,0.009646823979907465,Non-Switch
4453,0.009465540829753465,Non-Switch
4454,0.008593376498794367,Non-Switch
4455,0.006808938258020259,Non-Switch
4456,0.007196685236920601,Non-Switch
4457,0.005611092195001781,Non-Switch
4458,0.009561267313753827,Non-Switch
4459,0.0065128016002224814,Non-Switch
446,0.00435434610490617,Non-Switch
4460,0.007297509394181692,Non-Switch
4461,0.007376618726349664,Non-Switch
4462,0.00830394044630794,Non-Switch
4463,0.013102637991886903,Non-Switch
4464,0.008328817468032353,Non-Switch
4465,0.007498724393040569,Non-Switch
4466,0.00984955323226261,Non-Switch
4467,0.005430004204848077,Non-Switch
4468,0.006374099607723316,Non-Switch
4469,0.006126282684938458,Non-Switch
447,0.0043543467767134005,Non-Switch
4470,0.005513025470515949,Non-Switch
4471,0.005354572345456758,Non-Switch
4472,0.00572019671227541,Non-Switch
4473,0.006201432385293206,Non-Switch
4474,0.0055055731129143035,Non-Switch
4475,0.004788496824599663,Non-Switch
4476,0.004587650983813634,Non-Switch
4477,0.004585893872003745,Non-Switch
4478,0.004543207912421042,Non-Switch
4479,0.00496243611401965,Non-Switch
448,0.004354341402255561,Non-Switch
4480,0.004617474858075658,Non-Switch
4481,0.004937153992535588,Non-Switch
4482,0.004866535967850352,Non-Switch
4483,0.0047117824852064005,Non-Switch
4484,0.004648508657158791,Non-Switch
4485,0.004510873158637144,Non-Switch
4486,0.0044324359696027195,Non-Switch
4487,0.004406088697755598,Non-Switch
4488,0.004355504300570574,Non-Switch
4489,0.0043675901126370665,Non-Switch
449,0.004354338043219411,Non-Switch
4490,0.004359678238890147,Non-Switch
4491,0.004359101156479635,Non-Switch
4492,0.004357311797922709,Non-Switch
4493,0.00435724159406718,Non-Switch
4494,0.004360432678409362,Non-Switch
4495,0.004359762886601119,Non-Switch
4496,0.004359402126118645,Non-Switch
4497,0.0043614692769651485,Non-Switch
4498,0.004369649201796811,Non-Switch
4499,0.004366514549261944,Non-Switch
45,0.004482957552811744,Non-Switch
450,0.004354335691894106,Non-Switch
4500,0.004399150272684851,Non-Switch
4501,0.00441557394403502,Non-Switch
4502,0.004424262762843356,Non-Switch
4503,0.00445618603469892,Non-Switch
4504,0.004409329495832794,Non-Switch
4505,0.0044114544221010715,Non-Switch
4506,0.004476455802440454,Non-Switch
4507,0.004447297353239679,Non-Switch
4508,0.004412594478970268,Non-Switch
4509,0.004402704132931197,Non-Switch
451,0.004354333340568802,Non-Switch
4510,0.004388158498692305,Non-Switch
4511,0.004389880676526238,Non-Switch
4512,0.004399774381601459,Non-Switch
4513,0.004396320620632374,Non-Switch
4514,0.004374685404696002,Non-Switch
4515,0.004404787407151218,Non-Switch
4516,0.0045048994487485805,Non-Switch
4517,0.004558508993889992,Non-Switch
4518,0.004444203680945838,Non-Switch
4519,0.004503820526337308,Non-Switch
452,0.004354333340568802,Non-Switch
4520,0.004493770290177513,Non-Switch
4521,0.034938275522779574,Non-Switch
4522,0.009322457310500678,Non-Switch
4523,0.006999501753248551,Non-Switch
4524,0.017665046154939426,Non-Switch
4525,0.05085676395941188,Non-Switch
4526,0.06201879271462557,Non-Switch
4527,0.6021377459989259,Non-Switch
4528,0.04538652790679205,Non-Switch
4529,0.037238204887225755,Non-Switch
453,0.004354332668761571,Non-Switch
4530,0.05134241071870142,Non-Switch
4531,0.25649234575702984,Non-Switch
4532,0.5166584129191402,Non-Switch
4533,0.4920839409243416,Non-Switch
4534,0.5093838047616197,Non-Switch
4535,0.3131316286418236,Non-Switch
4536,0.34413971363142354,Non-Switch
4537,0.2800081570466111,Non-Switch
4538,0.21374326316700226,Non-Switch
4539,0.4942966267146798,Non-Switch
454,0.004354332668761571,Non-Switch
4540,0.20980782716297133,Non-Switch
4541,0.16196811185198298,Non-Switch
4542,0.08566402094898104,Non-Switch
4543,0.033317038068758596,Non-Switch
4544,0.007878799333375076,Non-Switch
4545,0.010899853968310702,Non-Switch
4546,0.011865823414592554,Non-Switch
4547,0.02399291266090599,Non-Switch
4548,0.01134405492416399,Non-Switch
4549,0.010655902624326877,Non-Switch
455,0.004354332668761571,Non-Switch
4550,0.005780300617908582,Non-Switch
4551,0.010537659849208087,Non-Switch
4552,0.01752822723810576,Non-Switch
4553,0.017907444952414874,Non-Switch
4554,0.017852608015464375,Non-Switch
4555,0.01854671924543099,Non-Switch
4556,0.12389689287192969,Non-Switch
4557,0.009720145020982335,Non-Switch
4558,0.018793111265081163,Non-Switch
4559,0.00481728141307698,Non-Switch
456,0.004354332668761571,Non-Switch
4560,0.0050498009493326525,Non-Switch
4561,0.006559707852823622,Non-Switch
4562,0.005507295626651852,Non-Switch
4563,0.004701194803262659,Non-Switch
4564,0.004641829885582413,Non-Switch
4565,0.005618663126579509,Non-Switch
4566,0.004633082955448687,Non-Switch
4567,0.005681106264987307,Non-Switch
4568,0.004865940074837401,Non-Switch
4569,0.005798099478658423,Non-Switch
457,0.004354332668761571,Non-Switch
4570,0.007315568244329517,Non-Switch
4571,0.006954232694866756,Non-Switch
4572,0.007713083300353082,Non-Switch
4573,0.025965575164133763,Non-Switch
4574,0.015036594993369325,Non-Switch
4575,0.02316481082254373,Non-Switch
4576,0.013613146993141792,Non-Switch
4577,0.009035948322115068,Non-Switch
4578,0.009309018478673102,Non-Switch
4579,0.011712267092432343,Non-Switch
458,0.004354332668761571,Non-Switch
4580,0.009591629641510642,Non-Switch
4581,0.005372742043797522,Non-Switch
4582,0.013738562654054575,Non-Switch
4583,0.03253896437119497,Non-Switch
4584,0.0642307368297819,Non-Switch
4585,0.06454919495460143,Non-Switch
4586,0.5430692296685264,Non-Switch
4587,0.44859460200933776,Non-Switch
4588,0.16209001530469766,Non-Switch
4589,0.1865283845291697,Non-Switch
459,0.004354332668761571,Non-Switch
4590,0.6142887932346732,Non-Switch
4591,0.05227635175529623,Non-Switch
4592,0.06670641096557851,Non-Switch
4593,0.19468786492321072,Non-Switch
4594,0.22209798686543528,Non-Switch
4595,0.17235991630530756,Non-Switch
4596,0.045676893740484704,Non-Switch
4597,0.013853581426276919,Non-Switch
4598,0.009852591816363596,Non-Switch
4599,0.11442916195060664,Non-Switch
46,0.004606607032517035,Non-Switch
460,0.004354332668761571,Non-Switch
4600,0.06510500526098516,Non-Switch
4601,0.022508065510705978,Non-Switch
4602,0.010736182244689392,Non-Switch
4603,0.016549879743612397,Non-Switch
4604,0.7773232297687527,Non-Switch
4606,0.12540020397203716,Non-Switch
4607,0.5099396526892083,Non-Switch
4608,0.2644533581719752,Non-Switch
4609,0.08385659077756971,Non-Switch
461,0.004354332668761571,Non-Switch
4610,0.031774842766182594,Non-Switch
4611,0.07272828674529865,Non-Switch
4612,0.03530924747514849,Non-Switch
4613,0.011751708894901701,Non-Switch
4614,0.006829400834436784,Non-Switch
4615,0.008246191896822911,Non-Switch
4616,0.005203722734625947,Non-Switch
4617,0.004665625297666635,Non-Switch
4618,0.005237975498051303,Non-Switch
4619,0.005280211346789951,Non-Switch
462,0.004354332668761571,Non-Switch
4620,0.004581409558743943,Non-Switch
4621,0.007117867469090419,Non-Switch
4622,0.005119635646787787,Non-Switch
4623,0.0064545915191704896,Non-Switch
4624,0.005810251799640678,Non-Switch
4625,0.010413444707815193,Non-Switch
4626,0.009505069967162714,Non-Switch
4627,0.019625011501521468,Non-Switch
4628,0.030765006323207816,Non-Switch
4629,0.05197451682857415,Non-Switch
463,0.004354332668761571,Non-Switch
4630,0.41481093201312563,Non-Switch
4631,0.024398224711640156,Non-Switch
4632,0.021292995989830095,Non-Switch
4633,0.017795492308389945,Non-Switch
4634,0.013184042217552325,Non-Switch
4635,0.008445914140016877,Non-Switch
4636,0.007117806334632495,Non-Switch
4637,0.007567050547360889,Non-Switch
4638,0.006884978774761899,Non-Switch
4639,0.005560078848900445,Non-Switch
464,0.004354333340568802,Non-Switch
4640,0.0056509125608452055,Non-Switch
4641,0.00476451330649106,Non-Switch
4642,0.004939006500972128,Non-Switch
4643,0.005035926450516465,Non-Switch
4644,0.004767989237098732,Non-Switch
4645,0.004385934480857613,Non-Switch
4646,0.004374213124213359,Non-Switch
4647,0.0043705722649307385,Non-Switch
4648,0.004397486877983538,Non-Switch
4649,0.004365072179139278,Non-Switch
465,0.004354332668761571,Non-Switch
4650,0.00436310747889534,Non-Switch
4651,0.00435699403310295,Non-Switch
4652,0.004356325249005553,Non-Switch
4653,0.0043586705280452475,Non-Switch
4654,0.0043838585965171204,Non-Switch
4655,0.004375543302528626,Non-Switch
4656,0.00436104805383198,Non-Switch
4657,0.004370136262038512,Non-Switch
4658,0.004406095415827897,Non-Switch
4659,0.0043703196654122835,Non-Switch
466,0.004354332668761571,Non-Switch
4660,0.004364790691909936,Non-Switch
4661,0.004359869032143448,Non-Switch
4662,0.004359274146841343,Non-Switch
4663,0.004631074923638418,Non-Switch
4664,0.028972202738806584,Non-Switch
4665,0.0064025916241519975,Non-Switch
4666,0.0178929581013086,Non-Switch
4667,0.00538481139658688,Non-Switch
4668,0.005090428491562842,Non-Switch
4669,0.006927301286633208,Non-Switch
467,0.004354332668761571,Non-Switch
4670,0.2376585686567064,Non-Switch
4671,0.6031403188621307,Non-Switch
4672,0.2507045921097124,Non-Switch
4673,0.3711863717388809,Non-Switch
4674,0.38461623897078134,Non-Switch
4675,0.4448490778475221,Non-Switch
4676,0.6331733912083266,Non-Switch
4677,0.9480196223857583,Non-Switch
4678,0.9999800527603353,Non-Switch
4679,0.999855623312436,Non-Switch
468,0.004354332668761571,Non-Switch
4684,0.9999807406909387,Non-Switch
4685,0.9998933735043004,Non-Switch
4686,0.9009044592339394,Non-Switch
4687,0.513208010986205,Non-Switch
4688,0.2612549753160482,Non-Switch
4689,0.18368271659233093,Non-Switch
469,0.004354335020086877,Non-Switch
4690,0.0909729426495494,Non-Switch
4691,0.0612841849448386,Non-Switch
4692,0.028015871710852576,Non-Switch
4693,0.009537573344561326,Non-Switch
4694,0.008176303790692998,Non-Switch
4695,0.06479056723062955,Non-Switch
4696,0.0074481245442892564,Non-Switch
4697,0.009715086984348172,Non-Switch
4698,0.006769834374587559,Non-Switch
4699,0.006618763067370869,Non-Switch
47,0.004732764704515278,Non-Switch
470,0.004354334348279646,Non-Switch
4700,0.00571498617540005,Non-Switch
4701,0.00670839290075959,Non-Switch
4702,0.00854282233293469,Non-Switch
4703,0.008042751200611268,Non-Switch
4704,0.014470518128897769,Non-Switch
4705,0.03782663815269501,Non-Switch
4706,0.0060132477594661065,Non-Switch
4707,0.005727649741684285,Non-Switch
4708,0.008955402666089499,Non-Switch
4709,0.006399916487762405,Non-Switch
471,0.004354332668761571,Non-Switch
4710,0.006024792766712503,Non-Switch
4711,0.00701281092628075,Non-Switch
4712,0.006325550114637759,Non-Switch
4713,0.008064051520643519,Non-Switch
4714,0.01670397888601439,Non-Switch
4715,0.011280694097080103,Non-Switch
4716,0.010771996959924342,Non-Switch
4717,0.013459480494595872,Non-Switch
4718,0.010943939974160585,Non-Switch
4719,0.8121793835757453,Non-Switch
472,0.004354334348279646,Non-Switch
4720,0.7142503983826516,Non-Switch
4721,0.7149955992088401,Non-Switch
4722,0.21911812946526082,Non-Switch
4723,0.5053964299970282,Non-Switch
4724,0.5291662381641024,Non-Switch
4725,0.7448603865311669,Non-Switch
4726,0.9537471606074425,Non-Switch
4727,0.9994171535440612,Non-Switch
4728,0.9924676785879969,Non-Switch
4729,0.9999630264778998,Non-Switch
473,0.004354333340568802,Non-Switch
4730,0.8631642423633029,Non-Switch
4734,0.9999969070601198,Non-Switch
4735,0.9988406676983691,Non-Switch
4736,0.998497992266525,Non-Switch
4737,0.998749344910761,Non-Switch
4738,0.999031998397454,Non-Switch
4739,0.9994371035315613,Non-Switch
474,0.004354333340568802,Non-Switch
4740,0.9996083982518207,Non-Switch
4741,0.9998887299727272,Non-Switch
4742,0.8788955814290494,Non-Switch
4743,0.41457441287252655,Non-Switch
4744,0.16522062624726905,Non-Switch
4745,0.0773705123253395,Non-Switch
4746,0.060836363619823204,Non-Switch
4747,0.03092601701839136,Non-Switch
4748,0.016260801092572292,Non-Switch
4749,0.008190239088063494,Non-Switch
475,0.004354332668761571,Non-Switch
4750,0.004365438985886821,Non-Switch
4751,0.004372905451440295,Non-Switch
4752,0.004365202509741885,Non-Switch
4753,0.004365490715043526,Non-Switch
4754,0.004362444405159396,Non-Switch
4755,0.004361097095759765,Non-Switch
4756,0.0043646660716687834,Non-Switch
4757,0.00435795035069476,Non-Switch
4758,0.004358899614310655,Non-Switch
4759,0.004363138382027916,Non-Switch
476,0.004354334348279646,Non-Switch
4760,0.004362331541544767,Non-Switch
4761,0.004372473815295063,Non-Switch
4762,0.004365886745405572,Non-Switch
4763,0.0044052378538988884,Non-Switch
4764,0.0044912416077640465,Non-Switch
4765,0.004441846309376003,Non-Switch
4766,0.004536880496025919,Non-Switch
4767,0.004544652969772627,Non-Switch
4768,0.004408350000891552,Non-Switch
4769,0.004416121466927415,Non-Switch
477,0.004354336027797721,Non-Switch
4770,0.004509956141768285,Non-Switch
4771,0.00464601625233574,Non-Switch
4772,0.004476911959549579,Non-Switch
4773,0.004500553863681761,Non-Switch
4774,0.004437003586959033,Non-Switch
4775,0.004413193059212138,Non-Switch
4776,0.004385486721338862,Non-Switch
4777,0.00437160785577568,Non-Switch
4778,0.00437276168469309,Non-Switch
4779,0.004373665937224579,Non-Switch
478,0.004354334012376031,Non-Switch
4780,0.004371715009028854,Non-Switch
4781,0.004371457035052559,Non-Switch
4782,0.004372870853367954,Non-Switch
4783,0.004374812712166074,Non-Switch
4784,0.004389995555562557,Non-Switch
4785,0.004384224395553819,Non-Switch
4786,0.004369819504929599,Non-Switch
4787,0.00439075940038299,Non-Switch
4788,0.004432435633699105,Non-Switch
4789,0.004396809024488536,Non-Switch
479,0.004354336027797721,Non-Switch
4790,0.00437770383458009,Non-Switch
4791,0.004371001549750665,Non-Switch
4792,0.00436384814636634,Non-Switch
4793,0.004364544810463781,Non-Switch
4794,0.004424799200916458,Non-Switch
4795,0.0044064722996838895,Non-Switch
4796,0.0044262805358584595,Non-Switch
4797,0.004472753136892679,Non-Switch
4798,0.004443410948414517,Non-Switch
4799,0.0044633505229025395,Non-Switch
48,0.004664141275495713,Non-Switch
480,0.004354334348279646,Non-Switch
4800,0.004794587428946234,Non-Switch
4801,0.004403595621125318,Non-Switch
4802,0.004379649388317976,Non-Switch
4803,0.004377695436989716,Non-Switch
4804,0.00436205307744796,Non-Switch
4805,0.004360421929493683,Non-Switch
4806,0.004357126715030862,Non-Switch
4807,0.004356268817198238,Non-Switch
4808,0.004355097185389235,Non-Switch
4809,0.004354516408038958,Non-Switch
481,0.004354334348279646,Non-Switch
4810,0.004354430752617142,Non-Switch
4811,0.004354427393580992,Non-Switch
4812,0.004354371969484522,Non-Switch
4813,0.004354355174303774,Non-Switch
4814,0.004354347112617015,Non-Switch
4815,0.004354343081773636,Non-Switch
4816,0.00435434543309894,Non-Switch
4817,0.004354340394544715,Non-Switch
4818,0.004354337371412181,Non-Switch
4819,0.004354334348279646,Non-Switch
482,0.004354332668761571,Non-Switch
4820,0.004354333340568802,Non-Switch
4821,0.004354333340568802,Non-Switch
4822,0.004354333340568802,Non-Switch
4823,0.004354332668761571,Non-Switch
4824,0.004354332668761571,Non-Switch
4825,0.004354332668761571,Non-Switch
4826,0.004354332668761571,Non-Switch
4827,0.004354332668761571,Non-Switch
4828,0.004354332668761571,Non-Switch
4829,0.004354335691894106,Non-Switch
483,0.004354333340568802,Non-Switch
4830,0.004354335691894106,Non-Switch
4831,0.004354338043219411,Non-Switch
4832,0.004354334348279646,Non-Switch
4833,0.004354335691894106,Non-Switch
4834,0.004354337371412181,Non-Switch
4835,0.004354344425388095,Non-Switch
4836,0.004354335020086877,Non-Switch
4837,0.004354335691894106,Non-Switch
4838,0.004354335691894106,Non-Switch
4839,0.004354338043219411,Non-Switch
484,0.004354334012376031,Non-Switch
4840,0.004354339050930256,Non-Switch
4841,0.004354334348279646,Non-Switch
4842,0.004354352487074855,Non-Switch
4843,0.004354416980568928,Non-Switch
4844,0.004354390780086961,Non-Switch
4845,0.004354370289966448,Non-Switch
4846,0.004354766656232108,Non-Switch
4847,0.004354439150207516,Non-Switch
4848,0.004354398505870105,Non-Switch
4849,0.004355192582015886,Non-Switch
485,0.004354332668761571,Non-Switch
4850,0.0043549030330997844,Non-Switch
4851,0.00435524162394367,Non-Switch
4852,0.004358895583467275,Non-Switch
4853,0.00435935644322701,Non-Switch
4854,0.004374277953611048,Non-Switch
4855,0.004382699729045486,Non-Switch
4856,0.004382675543985208,Non-Switch
4857,0.004365275400826333,Non-Switch
4858,0.004397429774368994,Non-Switch
4859,0.004380787093861867,Non-Switch
486,0.004354332668761571,Non-Switch
4860,0.004371246759389591,Non-Switch
4861,0.00435434610490617,Non-Switch
4862,0.004354332668761571,Non-Switch
4863,0.004354332668761571,Non-Switch
4864,0.004354332668761571,Non-Switch
4865,0.004354332668761571,Non-Switch
4866,0.004354332668761571,Non-Switch
4867,0.004354332668761571,Non-Switch
4868,0.004354332668761571,Non-Switch
4869,0.004354332668761571,Non-Switch
487,0.004354332668761571,Non-Switch
4870,0.004354332668761571,Non-Switch
4871,0.004354332668761571,Non-Switch
4872,0.004356318530933253,Non-Switch
4873,0.0043546833521355965,Non-Switch
4874,0.004358392399852056,Non-Switch
4875,0.004355400170449935,Non-Switch
4876,0.004356231195993362,Non-Switch
4877,0.004366891433117936,Non-Switch
4878,0.00435479655165384,Non-Switch
4879,0.004354944349244425,Non-Switch
488,0.004354332668761571,Non-Switch
4880,0.004361018158410248,Non-Switch
4881,0.0043627037227501496,Non-Switch
4882,0.004360897569012475,Non-Switch
4883,0.004354568137195663,Non-Switch
4884,0.004354544288039001,Non-Switch
4885,0.004368867889988398,Non-Switch
4886,0.004358855946840709,Non-Switch
4887,0.004362348672629131,Non-Switch
4888,0.00435780356081502,Non-Switch
4889,0.00435634405960799,Non-Switch
489,0.004354332668761571,Non-Switch
4890,0.004354797559364685,Non-Switch
4891,0.004354515400328113,Non-Switch
4892,0.004354478115026852,Non-Switch
4893,0.004354682008521136,Non-Switch
4894,0.004354710896232024,Non-Switch
4895,0.004354576870689652,Non-Switch
4896,0.004355113308762754,Non-Switch
4897,0.004354454265870189,Non-Switch
4898,0.004354616171412603,Non-Switch
4899,0.004354636661533116,Non-Switch
49,0.004686453337216243,Non-Switch
490,0.004354332668761571,Non-Switch
4900,0.004354924530931142,Non-Switch
4901,0.004354489535749761,Non-Switch
4902,0.004354420003701463,Non-Switch
4903,0.004354401529002639,Non-Switch
4904,0.004354380367074897,Non-Switch
4905,0.00435435483840016,Non-Switch
4906,0.004354356853821849,Non-Switch
4907,0.004354365251412223,Non-Switch
4908,0.0043543518152676245,Non-Switch
4909,0.00435435080755678,Non-Switch
491,0.004354332668761571,Non-Switch
4910,0.0043543534947856994,Non-Switch
4911,0.004354358869243539,Non-Switch
4912,0.004354363571894148,Non-Switch
4913,0.0043543615564724586,Non-Switch
4914,0.004354358533339924,Non-Switch
4915,0.004354367602737528,Non-Switch
4916,0.004354349128038705,Non-Switch
4917,0.004354408582978554,Non-Switch
4918,0.004354423026833997,Non-Switch
4919,0.004354391115990576,Non-Switch
492,0.004354332668761571,Non-Switch
4920,0.0043543615564724586,Non-Switch
4921,0.0043543565179182345,Non-Switch
4922,0.004354376672135132,Non-Switch
4923,0.004354355846111004,Non-Switch
4924,0.0043543716335809075,Non-Switch
4925,0.004354366259123068,Non-Switch
4926,0.004354361220568844,Non-Switch
4927,0.004354347112617015,Non-Switch
4928,0.0043543699540628325,Non-Switch
4929,0.004354373649002597,Non-Switch
493,0.004354332668761571,Non-Switch
4930,0.00435435282297847,Non-Switch
4931,0.004354335691894106,Non-Switch
4932,0.004354339722737486,Non-Switch
4933,0.00435434879213509,Non-Switch
4934,0.00435434543309894,Non-Switch
4935,0.00435455033430407,Non-Switch
4936,0.00435444486056897,Non-Switch
4937,0.004354831821533412,Non-Switch
4938,0.004354571832135428,Non-Switch
4939,0.004354575191171577,Non-Switch
494,0.004354332668761571,Non-Switch
4940,0.004354472404665397,Non-Switch
4941,0.004355786459607146,Non-Switch
4942,0.0043586127526234735,Non-Switch
4943,0.004355957770450779,Non-Switch
4944,0.0043544028726170995,Non-Switch
4945,0.0043544226909303825,Non-Switch
4946,0.00435455033430407,Non-Switch
4947,0.004354461319846104,Non-Switch
4948,0.004354475763701547,Non-Switch
4949,0.004354461655749719,Non-Switch
495,0.004354332668761571,Non-Switch
4950,0.004354883550690116,Non-Switch
4951,0.004354602063460775,Non-Switch
4952,0.004354458632617184,Non-Switch
4953,0.004354394475026726,Non-Switch
4954,0.0045231628641979205,Non-Switch
4955,0.004359298667805235,Non-Switch
4956,0.004390518221587444,Non-Switch
4957,0.004356265458162088,Non-Switch
4958,0.004355799223944515,Non-Switch
4959,0.004369120489506853,Non-Switch
496,0.004354332668761571,Non-Switch
4960,0.004361964734797223,Non-Switch
4961,0.004364499799379375,Non-Switch
4962,0.0043665867685391616,Non-Switch
4963,0.004418599091991407,Non-Switch
4964,0.004361059474554889,Non-Switch
4965,0.004372999504452486,Non-Switch
4966,0.004389386226405008,Non-Switch
4967,0.0043566950788856305,Non-Switch
4968,0.004357077337199462,Non-Switch
4969,0.004355219118401468,Non-Switch
497,0.004354332668761571,Non-Switch
4970,0.004356499918885335,Non-Switch
4971,0.004354826447075572,Non-Switch
4972,0.004354392123701421,Non-Switch
4973,0.004354623225388518,Non-Switch
4974,0.004354554029243835,Non-Switch
4975,0.004354618522737908,Non-Switch
4976,0.004354593665870401,Non-Switch
4977,0.004354787482256236,Non-Switch
4978,0.0043545530215329895,Non-Switch
4979,0.004354443516954511,Non-Switch
498,0.004354335020086877,Non-Switch
4980,0.004354428065388222,Non-Switch
4981,0.004354385741532736,Non-Switch
4982,0.0043543897723761155,Non-Switch
4983,0.004354434447556906,Non-Switch
4984,0.004354524805629333,Non-Switch
4985,0.004354702162738034,Non-Switch
4986,0.0043545711603281976,Non-Switch
4987,0.004354786138641776,Non-Switch
4988,0.004354480130448542,Non-Switch
4989,0.004354576870689652,Non-Switch
499,0.004354334348279646,Non-Switch
4990,0.004354493902496755,Non-Switch
4991,0.004354473412376243,Non-Switch
4992,0.004354765312617648,Non-Switch
4993,0.0043545563805691394,Non-Switch
4994,0.004354541264906466,Non-Switch
4995,0.004354416308761698,Non-Switch
4996,0.004354482481773846,Non-Switch
4997,0.004354413957436394,Non-Switch
4998,0.004354394475026726,Non-Switch
4999,0.004354390444183346,Non-Switch
5,0.06145024494316232,Non-Switch
50,0.005035354406660177,Non-Switch
500,0.004354333340568802,Non-Switch
5000,0.00435439548273757,Non-Switch
5001,0.004354365587315838,Non-Switch
5002,0.00435439548273757,Non-Switch
5003,0.004354380702978512,Non-Switch
5004,0.0043543961545448005,Non-Switch
5005,0.004354393803219495,Non-Switch
5006,0.004354421347315922,Non-Switch
5007,0.004354398505870105,Non-Switch
5008,0.004354472740569012,Non-Switch
5009,0.004354476771412392,Non-Switch
501,0.004354334348279646,Non-Switch
5010,0.004354494574303985,Non-Switch
5011,0.004354463671171409,Non-Switch
5012,0.004354445868279815,Non-Switch
5013,0.0043544539299665746,Non-Switch
5014,0.004354489199846146,Non-Switch
5015,0.004354416980568928,Non-Switch
5016,0.004354432432135217,Non-Switch
5017,0.004354385741532736,Non-Switch
5018,0.004354388764665271,Non-Switch
5019,0.004354375328520672,Non-Switch
502,0.004354336363701336,Non-Switch
5020,0.004354392123701421,Non-Switch
5021,0.004354377008038747,Non-Switch
5022,0.004354367938641143,Non-Switch
5023,0.004354360212857998,Non-Switch
5024,0.004354370961773678,Non-Switch
5025,0.004354388092858041,Non-Switch
5026,0.004354414629243623,Non-Switch
5027,0.0043543632359905335,Non-Switch
5028,0.004354408247074939,Non-Switch
5029,0.004354423698641228,Non-Switch
503,0.004354334348279646,Non-Switch
5030,0.004354418324183388,Non-Switch
5031,0.004354425378159302,Non-Switch
5032,0.00435444284514728,Non-Switch
5033,0.004354455273581035,Non-Switch
5034,0.004354639012858421,Non-Switch
5035,0.004354729035027232,Non-Switch
5036,0.004355086436473556,Non-Switch
5037,0.004355560060570659,Non-Switch
5038,0.004356483123704587,Non-Switch
5039,0.004356514698644394,Non-Switch
504,0.004354332668761571,Non-Switch
5040,0.004357329600814302,Non-Switch
5041,0.004356579863945697,Non-Switch
5042,0.0043561539381619194,Non-Switch
5043,0.004356765618644774,Non-Switch
5044,0.004356545265873355,Non-Switch
5045,0.0043562231343066025,Non-Switch
5046,0.0043557347304504414,Non-Switch
5047,0.0043563269285236276,Non-Switch
5048,0.004356671229728968,Non-Switch
5049,0.004356039730932831,Non-Switch
505,0.004354332668761571,Non-Switch
5050,0.004356456251415389,Non-Switch
5051,0.004355557037438124,Non-Switch
5052,0.004356319538644098,Non-Switch
5053,0.0043559470215351,Non-Switch
5054,0.004357049121295805,Non-Switch
5055,0.004356991345874031,Non-Switch
5056,0.004356274863463307,Non-Switch
5057,0.004356309125632034,Non-Switch
5058,0.004363705723233594,Non-Switch
5059,0.0043827941179612915,Non-Switch
506,0.004354333340568802,Non-Switch
5060,0.004408504180650821,Non-Switch
5061,0.004388527320861538,Non-Switch
5062,0.004399104253889601,Non-Switch
5063,0.004401113965217945,Non-Switch
5064,0.004375121743491844,Non-Switch
5065,0.004354988688521601,Non-Switch
5066,0.004354506330930509,Non-Switch
5067,0.004354752884183894,Non-Switch
5068,0.004354487856231686,Non-Switch
5069,0.004354395818641185,Non-Switch
507,0.004354332668761571,Non-Switch
5070,0.004354428065388222,Non-Switch
5071,0.004354413285629163,Non-Switch
5072,0.004354389100568886,Non-Switch
5073,0.0043544011930990245,Non-Switch
5074,0.004354380702978512,Non-Switch
5075,0.0043543699540628325,Non-Switch
5076,0.004354358197436309,Non-Switch
5077,0.004354380367074897,Non-Switch
5078,0.004354357189725464,Non-Switch
5079,0.004354347112617015,Non-Switch
508,0.004354332668761571,Non-Switch
5080,0.00435434744852063,Non-Switch
5081,0.00435434543309894,Non-Switch
5082,0.00435434543309894,Non-Switch
5083,0.004354342409966405,Non-Switch
5084,0.004354343753580865,Non-Switch
5085,0.00435434543309894,Non-Switch
5086,0.0043543632359905335,Non-Switch
5087,0.004354340730448331,Non-Switch
5088,0.004354432096231602,Non-Switch
5089,0.004354410598400244,Non-Switch
509,0.004354332668761571,Non-Switch
5090,0.004354354166592929,Non-Switch
5091,0.004354357525629079,Non-Switch
5092,0.004354358869243539,Non-Switch
5093,0.004354343753580865,Non-Switch
5094,0.004354343753580865,Non-Switch
5095,0.004354389436472501,Non-Switch
5096,0.004354361220568844,Non-Switch
5097,0.004354352151171239,Non-Switch
5098,0.004354352487074855,Non-Switch
5099,0.00435434879213509,Non-Switch
51,0.004799329716182329,Non-Switch
510,0.004354332668761571,Non-Switch
5100,0.004354357189725464,Non-Switch
5101,0.00435434207406279,Non-Switch
5102,0.004354344425388095,Non-Switch
5103,0.0043544357911713665,Non-Switch
5104,0.0043543518152676245,Non-Switch
5105,0.004354358869243539,Non-Switch
5106,0.004354370289966448,Non-Switch
5107,0.004354365251412223,Non-Switch
5108,0.004354337371412181,Non-Switch
5109,0.00435434879213509,Non-Switch
511,0.004354332668761571,Non-Switch
5110,0.0043543467767134005,Non-Switch
5111,0.004354368610448373,Non-Switch
5112,0.00435434946394232,Non-Switch
5113,0.004354371297677293,Non-Switch
5114,0.004354380702978512,Non-Switch
5115,0.004354358197436309,Non-Switch
5116,0.004354342745870021,Non-Switch
5117,0.00435434610490617,Non-Switch
5118,0.004354361220568844,Non-Switch
5119,0.0043543716335809075,Non-Switch
512,0.004354332668761571,Non-Switch
5120,0.004354354166592929,Non-Switch
5121,0.004354367266833913,Non-Switch
5122,0.004354370289966448,Non-Switch
5123,0.0043543501357495495,Non-Switch
5124,0.004354358533339924,Non-Switch
5125,0.004354461319846104,Non-Switch
5126,0.00435434207406279,Non-Switch
5127,0.00435434879213509,Non-Switch
5128,0.004354357189725464,Non-Switch
5129,0.00435435483840016,Non-Switch
513,0.004354335020086877,Non-Switch
5130,0.004354389436472501,Non-Switch
5131,0.0043600551227461395,Non-Switch
5132,0.004354806292858674,Non-Switch
5133,0.004355056876955439,Non-Switch
5134,0.004356989666355956,Non-Switch
5135,0.0043558831998482565,Non-Switch
5136,0.004355471382016308,Non-Switch
5137,0.0043549030330997844,Non-Switch
5138,0.004370538002762011,Non-Switch
5139,0.004356795514066506,Non-Switch
514,0.00435434543309894,Non-Switch
5140,0.0043546255767138225,Non-Switch
5141,0.0043545036437015894,Non-Switch
5142,0.004354509354063044,Non-Switch
5143,0.0043546010557499295,Non-Switch
5144,0.004354418660087003,Non-Switch
5145,0.004354389436472501,Non-Switch
5146,0.004354505995026894,Non-Switch
5147,0.004354538577677546,Non-Switch
5148,0.00435449625382206,Non-Switch
5149,0.004354426721773762,Non-Switch
515,0.004354342745870021,Non-Switch
5150,0.004354503979605204,Non-Switch
5151,0.004354389436472501,Non-Switch
5152,0.004354449899123195,Non-Switch
5153,0.004354522790207643,Non-Switch
5154,0.004354643043701801,Non-Switch
5155,0.004355005819605964,Non-Switch
5156,0.004354400521291795,Non-Switch
5157,0.004354527828761867,Non-Switch
5158,0.004354416980568928,Non-Switch
5159,0.004354744150689906,Non-Switch
516,0.004354339722737486,Non-Switch
5160,0.0043552557318955,Non-Switch
5161,0.004355499597919965,Non-Switch
5162,0.004355744135751661,Non-Switch
5163,0.004355175786835137,Non-Switch
5164,0.004354782779605626,Non-Switch
5165,0.004355134134786881,Non-Switch
5166,0.004366699296250175,Non-Switch
5167,0.004355898651414545,Non-Switch
5168,0.004355568122257418,Non-Switch
5169,0.004361039992145221,Non-Switch
517,0.004354340730448331,Non-Switch
5170,0.0043570366928620515,Non-Switch
5171,0.004355688039847961,Non-Switch
5172,0.004355083749244637,Non-Switch
5173,0.0043563353261140015,Non-Switch
5174,0.004357813302019854,Non-Switch
5175,0.004359232830696702,Non-Switch
5176,0.004355940303462801,Non-Switch
5177,0.004357999392622545,Non-Switch
5178,0.004357067595994628,Non-Switch
5179,0.0043583964306954355,Non-Switch
518,0.004354343753580865,Non-Switch
5180,0.004390584730503208,Non-Switch
5181,0.0043816631304897,Non-Switch
5182,0.004467612467969233,Non-Switch
5183,0.004558084747624289,Non-Switch
5184,0.005411997083856958,Non-Switch
5185,0.005432256102682813,Non-Switch
5186,0.00453946829747562,Non-Switch
5187,0.004845964558662578,Non-Switch
5188,0.004474437357618121,Non-Switch
5189,0.004783544261700598,Non-Switch
519,0.004354341066351946,Non-Switch
5190,0.00464741293956677,Non-Switch
5191,0.004446391421190114,Non-Switch
5192,0.00447189490315644,Non-Switch
5193,0.0046073366151687415,Non-Switch
5194,0.004825496943691829,Non-Switch
5195,0.00452335970371629,Non-Switch
5196,0.004475014104125018,Non-Switch
5197,0.004469931882430576,Non-Switch
5198,0.004432532373940215,Non-Switch
5199,0.004511198313336432,Non-Switch
52,0.004919142504797473,Non-Switch
520,0.004354364579604994,Non-Switch
5200,0.0045097791205631985,Non-Switch
5201,0.004476379888223472,Non-Switch
5202,0.004446248662153754,Non-Switch
5203,0.004479608257866914,Non-Switch
5204,0.004430739320443524,Non-Switch
5205,0.004564366481127777,Non-Switch
5206,0.004439294113709489,Non-Switch
5207,0.004519243204914877,Non-Switch
5208,0.004429600271285173,Non-Switch
5209,0.004419907436571701,Non-Switch
521,0.004354418660087003,Non-Switch
5210,0.004563115240162027,Non-Switch
5211,0.004566756099444648,Non-Switch
5212,0.004386329503508813,Non-Switch
5213,0.004446685000949595,Non-Switch
5214,0.4895177017994922,Non-Switch
5215,0.16980274926529118,Non-Switch
5216,0.3860936559330183,Non-Switch
5217,0.37844661934505436,Non-Switch
5218,0.1843632949374578,Non-Switch
5219,0.02013526924687236,Non-Switch
522,0.00435439884177372,Non-Switch
5220,0.017705542694759775,Non-Switch
5221,0.008751123554454898,Non-Switch
5222,0.004784311129653566,Non-Switch
5223,0.012701659097785804,Non-Switch
5224,0.050326450081018576,Non-Switch
5225,0.27787157357927966,Non-Switch
5226,0.11682806195616652,Non-Switch
5227,0.3981544122770626,Non-Switch
5228,0.26074354190804494,Non-Switch
5229,0.07364553471584408,Non-Switch
523,0.004354382046592971,Non-Switch
5230,0.07397072166187861,Non-Switch
5231,0.02656844959781766,Non-Switch
5232,0.01153843294084384,Non-Switch
5233,0.007868840462998551,Non-Switch
5234,0.007386251770219671,Non-Switch
5235,0.005868068201655929,Non-Switch
5236,0.005217708081635073,Non-Switch
5237,0.004724525996550997,Non-Switch
5238,0.004837954601060089,Non-Switch
5239,0.004558402176540433,Non-Switch
524,0.004354365923219453,Non-Switch
5240,0.004562270442570386,Non-Switch
5241,0.004547665353391646,Non-Switch
5242,0.0046241976330255955,Non-Switch
5243,0.0045587065052155925,Non-Switch
5244,0.004438945445757154,Non-Switch
5245,0.004461082837597901,Non-Switch
5246,0.0045013314805504075,Non-Switch
5247,0.005034290935815193,Non-Switch
5248,0.00457243219873035,Non-Switch
5249,0.004502055688744275,Non-Switch
525,0.004354408247074939,Non-Switch
5250,0.004999170869255993,Non-Switch
5251,0.004954360319308628,Non-Switch
5252,0.004471122324842017,Non-Switch
5253,0.004454056405780033,Non-Switch
5254,0.004495128012589208,Non-Switch
5255,0.004566242166913749,Non-Switch
5256,0.004632134363640022,Non-Switch
5257,0.004593650222376934,Non-Switch
5258,0.004652211658610181,Non-Switch
5259,0.004596460727923359,Non-Switch
526,0.004354549326593225,Non-Switch
5260,0.004550376767371655,Non-Switch
5261,0.004656571687532445,Non-Switch
5262,0.004471762221228528,Non-Switch
5263,0.00460434841661,Non-Switch
5264,0.004525477576008654,Non-Switch
5265,0.005119247006305271,Non-Switch
5266,0.0049122195312930154,Non-Switch
5267,0.005244946841676316,Non-Switch
5268,0.004933962572289792,Non-Switch
5269,0.010899106246863787,Non-Switch
527,0.004354550670207685,Non-Switch
5270,0.007851779246587177,Non-Switch
5271,0.00799211238704062,Non-Switch
5272,0.007779815256116771,Non-Switch
5273,0.0064037283219850446,Non-Switch
5274,0.006635270714624779,Non-Switch
5275,0.00968439479924146,Non-Switch
5276,0.006309014923287422,Non-Switch
5277,0.0074293293934174255,Non-Switch
5278,0.006017830828388708,Non-Switch
5279,0.005091603146504379,Non-Switch
528,0.004354833836955101,Non-Switch
5280,0.005764967289692595,Non-Switch
5281,0.005172354375542307,Non-Switch
5282,0.004752935044786783,Non-Switch
5283,0.004785197579293463,Non-Switch
5284,0.005017822589284234,Non-Switch
5285,0.00466222360175787,Non-Switch
5286,0.005966936056263456,Non-Switch
5287,0.004890579948609648,Non-Switch
5288,0.005007851290473956,Non-Switch
5289,0.0050958005980769995,Non-Switch
529,0.004354788154063466,Non-Switch
5290,0.0049748769762071625,Non-Switch
5291,0.0048122841749971244,Non-Switch
5292,0.004615020074457484,Non-Switch
5293,0.004539854922536447,Non-Switch
5294,0.004447557678541277,Non-Switch
5295,0.004428989262609549,Non-Switch
5296,0.004403635257751884,Non-Switch
5297,0.0043998728013606445,Non-Switch
5298,0.004365063445645289,Non-Switch
5299,0.004364568995524058,Non-Switch
53,0.05640496727190881,Non-Switch
530,0.004354905720328704,Non-Switch
5300,0.004359795133348156,Non-Switch
5301,0.0043582973391290206,Non-Switch
5302,0.004359974841782162,Non-Switch
5303,0.004356157969005299,Non-Switch
5304,0.004357586902983366,Non-Switch
5305,0.004355038402256616,Non-Switch
5306,0.004354593329966785,Non-Switch
5307,0.004354745830207981,Non-Switch
5308,0.004355024630208403,Non-Switch
5309,0.004354787146352621,Non-Switch
531,0.004354862724665989,Non-Switch
5310,0.004355064938642198,Non-Switch
5311,0.004355451227799409,Non-Switch
5312,0.004356425012379197,Non-Switch
5313,0.004370724765171933,Non-Switch
5314,0.00437200690927026,Non-Switch
5315,0.004367845399384441,Non-Switch
5316,0.004366113480345674,Non-Switch
5317,0.004358175742020402,Non-Switch
5318,0.004359773635516798,Non-Switch
5319,0.004357066924187398,Non-Switch
532,0.004355641349245481,Non-Switch
5320,0.004358886849973286,Non-Switch
5321,0.00435744918250123,Non-Switch
5322,0.004375495268311686,Non-Switch
5323,0.004363026190220517,Non-Switch
5324,0.00436109675985615,Non-Switch
5325,0.004359960733830334,Non-Switch
5326,0.004359323524672743,Non-Switch
5327,0.004360722563229078,Non-Switch
5328,0.004363386278895762,Non-Switch
5329,0.004359723249974553,Non-Switch
533,0.004356559037921569,Non-Switch
5330,0.004363437336245236,Non-Switch
5331,0.004365787653839157,Non-Switch
5332,0.004360671169975988,Non-Switch
5333,0.004360684606120587,Non-Switch
5334,0.004358938579129991,Non-Switch
5335,0.004357556335754405,Non-Switch
5336,0.0043569708557535175,Non-Switch
5337,0.004356648724186765,Non-Switch
5338,0.004359267092865428,Non-Switch
5339,0.00435824661768316,Non-Switch
534,0.004357217409006903,Non-Switch
5340,0.004359386002745126,Non-Switch
5341,0.004360626830698812,Non-Switch
5342,0.004360204263951185,Non-Switch
5343,0.0043593503969619396,Non-Switch
5344,0.0043660899670926265,Non-Switch
5345,0.004365990539622596,Non-Switch
5346,0.004365164888537009,Non-Switch
5347,0.004364189424439146,Non-Switch
5348,0.004364702685162815,Non-Switch
5349,0.0043613127458805735,Non-Switch
535,0.00435815054924928,Non-Switch
5350,0.004363664071185339,Non-Switch
5351,0.00436395227648698,Non-Switch
5352,0.004369234024928712,Non-Switch
5353,0.0043693327805915125,Non-Switch
5354,0.004369314305892689,Non-Switch
5355,0.004371229628305227,Non-Switch
5356,0.0043665619116716545,Non-Switch
5357,0.004369525925170118,Non-Switch
5358,0.00436695055215417,Non-Switch
5359,0.004364126946366762,Non-Switch
536,0.004361920059616433,Non-Switch
5360,0.004367976737697892,Non-Switch
5361,0.004368463797939594,Non-Switch
5362,0.004362465567087139,Non-Switch
5363,0.0043610285714223125,Non-Switch
5364,0.00436195163455624,Non-Switch
5365,0.004359887170938656,Non-Switch
5366,0.004360047396962995,Non-Switch
5367,0.004358853931419019,Non-Switch
5368,0.004358372917442388,Non-Switch
5369,0.00435864835840666,Non-Switch
537,0.0043750478446965505,Non-Switch
5370,0.004358317493345918,Non-Switch
5371,0.0043572100191273735,Non-Switch
5372,0.004358392399852056,Non-Switch
5373,0.0043612959506998256,Non-Switch
5374,0.004358536166599261,Non-Switch
5375,0.00435904405286509,Non-Switch
5376,0.004362291904918201,Non-Switch
5377,0.004359686300576906,Non-Switch
5378,0.004360290255276616,Non-Switch
5379,0.004360277490939248,Non-Switch
538,0.004381039693380322,Non-Switch
5380,0.004359240220576231,Non-Switch
5381,0.00436035206154177,Non-Switch
5382,0.0043571918803321655,Non-Switch
5383,0.004356838845632836,Non-Switch
5384,0.004357221439850283,Non-Switch
5385,0.004357668863465418,Non-Switch
5386,0.004356540563222746,Non-Switch
5387,0.00435685261768105,Non-Switch
5388,0.004357630234549697,Non-Switch
5389,0.004357559694790554,Non-Switch
539,0.004425124355615745,Non-Switch
5390,0.004358638617201826,Non-Switch
5391,0.004358933876479382,Non-Switch
5392,0.004359092422985646,Non-Switch
5393,0.004358420615755713,Non-Switch
5394,0.0043600568022642144,Non-Switch
5395,0.00436209909624321,Non-Switch
5396,0.004369498716977306,Non-Switch
5397,0.004367779562275908,Non-Switch
5398,0.004373252103970941,Non-Switch
5399,0.0043979470659360415,Non-Switch
54,0.0052977757468165455,Non-Switch
540,0.0044023416929306475,Non-Switch
5400,0.004395958180631826,Non-Switch
5401,0.004440769402386422,Non-Switch
5402,0.00444748210022791,Non-Switch
5403,0.004534870112890345,Non-Switch
5404,0.004515866701777235,Non-Switch
5405,0.004527705960590342,Non-Switch
5406,0.004474101118099539,Non-Switch
5407,0.004443907413957437,Non-Switch
5408,0.004492696070416851,Non-Switch
5409,0.004659363046572816,Non-Switch
541,0.0044209154833202155,Non-Switch
5410,0.0045177302950330685,Non-Switch
5411,0.004473132372073976,Non-Switch
5412,0.0050892588751755286,Non-Switch
5413,0.004649043079810202,Non-Switch
5414,0.004610543151077211,Non-Switch
5415,0.004667896006103808,Non-Switch
5416,0.0046039466758865,Non-Switch
5417,0.004657493071148298,Non-Switch
5418,0.004687788218182119,Non-Switch
5419,0.00455728529702067,Non-Switch
542,0.004540010781813791,Non-Switch
5420,0.010933318701855347,Non-Switch
5421,0.00469548444180823,Non-Switch
5422,0.0044172766394592845,Non-Switch
5423,0.004420634667898104,Non-Switch
5424,0.004441455317568183,Non-Switch
5425,0.0044480410438432144,Non-Switch
5426,0.00450710432007722,Non-Switch
5427,0.004406131021611084,Non-Switch
5428,0.004420552035608823,Non-Switch
5429,0.0043921759059273036,Non-Switch
543,0.005021871907362654,Non-Switch
5430,0.004384231449529733,Non-Switch
5431,0.00438256200856335,Non-Switch
5432,0.004387033557485783,Non-Switch
5433,0.004405629853417554,Non-Switch
5434,0.004411761773908766,Non-Switch
5435,0.004425109575856687,Non-Switch
5436,0.004405735663056268,Non-Switch
5437,0.004418863448136386,Non-Switch
5438,0.004409075888603495,Non-Switch
5439,0.004408449428361582,Non-Switch
544,0.005281482406068984,Non-Switch
5440,0.00437426048662307,Non-Switch
5441,0.0044004042008795215,Non-Switch
5442,0.0043708792808348175,Non-Switch
5443,0.004367351285166825,Non-Switch
5444,0.0043634974629923155,Non-Switch
5445,0.00438726465917288,Non-Switch
5446,0.004376080748312573,Non-Switch
5447,0.004362028556484068,Non-Switch
5448,0.004364567987813214,Non-Switch
5449,0.00436344976467899,Non-Switch
545,0.00525271091783265,Non-Switch
5450,0.004363973774318338,Non-Switch
5451,0.004360644969494021,Non-Switch
5452,0.004369479906374867,Non-Switch
5453,0.004362719174316438,Non-Switch
5454,0.004372734476500277,Non-Switch
5455,0.004360241213348831,Non-Switch
5456,0.004363057765160324,Non-Switch
5457,0.004360024891420793,Non-Switch
5458,0.004358095796960041,Non-Switch
5459,0.0043589147299733285,Non-Switch
546,0.005538583704771514,Non-Switch
5460,0.004378600697232051,Non-Switch
5461,0.004378612789762189,Non-Switch
5462,0.004392631055325584,Non-Switch
5463,0.004360809562265354,Non-Switch
5464,0.004356781406114677,Non-Switch
5465,0.004355607087076754,Non-Switch
5466,0.004357920791176643,Non-Switch
5467,0.004357762244670379,Non-Switch
5468,0.004357785757923427,Non-Switch
5469,0.004358911706840793,Non-Switch
547,0.005705396798999989,Non-Switch
5470,0.004360661764674769,Non-Switch
5471,0.004368462118421519,Non-Switch
5472,0.004363817915040993,Non-Switch
5473,0.004362570704918623,Non-Switch
5474,0.004363079598895297,Non-Switch
5475,0.004359859626842229,Non-Switch
5476,0.004358711508286274,Non-Switch
5477,0.004358542884671561,Non-Switch
5478,0.004356985971416191,Non-Switch
5479,0.004357527112139902,Non-Switch
548,0.006398881232821079,Non-Switch
5480,0.0043570104923800835,Non-Switch
5481,0.004356477749246747,Non-Switch
5482,0.004356556686596264,Non-Switch
5483,0.0043590846972025015,Non-Switch
5484,0.004358324547321832,Non-Switch
5485,0.0043584740244304926,Non-Switch
5486,0.004358174062502327,Non-Switch
5487,0.004357945648044151,Non-Switch
5488,0.004357132761295931,Non-Switch
5489,0.004358192873104766,Non-Switch
549,0.005696331432239275,Non-Switch
5490,0.004359140793106201,Non-Switch
5491,0.00435915221382911,Non-Switch
5492,0.004357466649489208,Non-Switch
5493,0.004357555328043559,Non-Switch
5494,0.004356345067318836,Non-Switch
5495,0.004357277199850367,Non-Switch
5496,0.004357072298645238,Non-Switch
5497,0.004357306087561254,Non-Switch
5498,0.0043598025232276846,Non-Switch
5499,0.00435855094635832,Non-Switch
55,0.010016772098057965,Non-Switch
550,0.018324738013287663,Non-Switch
5500,0.004360736335277292,Non-Switch
5501,0.0043602019126258796,Non-Switch
5502,0.004361945252387555,Non-Switch
5503,0.004361614387326814,Non-Switch
5504,0.004361182079374352,Non-Switch
5505,0.0043596211352756025,Non-Switch
5506,0.004359580826841807,Non-Switch
5507,0.004363699676968525,Non-Switch
5508,0.004361878743471792,Non-Switch
5509,0.004366834329503392,Non-Switch
551,0.005626587092856567,Non-Switch
5510,0.0043696216577003835,Non-Switch
5511,0.004360640602747026,Non-Switch
5512,0.004367780905890367,Non-Switch
5513,0.004374419704936564,Non-Switch
5514,0.004362534091424591,Non-Switch
5515,0.004359320501540208,Non-Switch
5516,0.004361470956483223,Non-Switch
5517,0.00436049616419259,Non-Switch
5518,0.004359990629252066,Non-Switch
5519,0.004365743314561981,Non-Switch
552,0.00533843889482992,Non-Switch
5520,0.004365919328056223,Non-Switch
5521,0.004391529291468493,Non-Switch
5522,0.004385931121821463,Non-Switch
5523,0.004380581520849507,Non-Switch
5524,0.004372082487583627,Non-Switch
5525,0.00440147338208596,Non-Switch
5526,0.004432412792253287,Non-Switch
5527,0.0044421180554005115,Non-Switch
5528,0.004440609512265698,Non-Switch
5529,0.004452311386500283,Non-Switch
553,0.005306981521288315,Non-Switch
5530,0.004417946095363913,Non-Switch
5531,0.004445351799501793,Non-Switch
5532,0.004387150787847406,Non-Switch
5533,0.004480784256422911,Non-Switch
5534,0.004458280729641851,Non-Switch
5535,0.0044020182177494345,Non-Switch
5536,0.00438340747796222,Non-Switch
5537,0.0044279523281501474,Non-Switch
5538,0.0043785217598825334,Non-Switch
5539,0.004415308916082812,Non-Switch
554,0.004991780989726732,Non-Switch
5540,0.00442092656813951,Non-Switch
5541,0.00445378835469529,Non-Switch
5542,0.0044249849556155345,Non-Switch
5543,0.004432755413940552,Non-Switch
5544,0.004562851219920663,Non-Switch
5545,0.004554048193883238,Non-Switch
5546,0.004614021097106573,Non-Switch
5547,0.004673486114064079,Non-Switch
5548,0.004742788740193107,Non-Switch
5549,0.004542216324949661,Non-Switch
555,0.00513476239428057,Non-Switch
5550,0.00468542782347975,Non-Switch
5551,0.004601188907207626,Non-Switch
5552,0.004533691091201813,Non-Switch
5553,0.0044717437465297055,Non-Switch
5554,0.004450011118544993,Non-Switch
5555,0.004405412523778671,Non-Switch
5556,0.004418196343557063,Non-Switch
5557,0.0044072677194441304,Non-Switch
5558,0.004402238234617238,Non-Switch
5559,0.004395548042317952,Non-Switch
556,0.00476301316094662,Non-Switch
5560,0.004395900405210052,Non-Switch
5561,0.004437094280935074,Non-Switch
5562,0.004387517594594949,Non-Switch
5563,0.004416552767169032,Non-Switch
5564,0.0043861954779664414,Non-Switch
5565,0.00438125937434451,Non-Switch
5566,0.004375486534817697,Non-Switch
5567,0.0043760330499992475,Non-Switch
5568,0.0043719074818002295,Non-Switch
5569,0.004370339147821952,Non-Switch
557,0.004598239673468221,Non-Switch
5570,0.004395505046655236,Non-Switch
5571,0.005383743894898517,Non-Switch
5572,0.004870008539421875,Non-Switch
5573,0.005160543332632858,Non-Switch
5574,0.004935217172291692,Non-Switch
5575,0.006990459227933655,Non-Switch
5576,0.004613332494695892,Non-Switch
5577,0.004435222961896096,Non-Switch
5578,0.004446170732515082,Non-Switch
5579,0.004456615319518848,Non-Switch
558,0.004520642243471212,Non-Switch
5580,0.004464696824591325,Non-Switch
5581,0.004605807917817029,Non-Switch
5582,0.004548808769296992,Non-Switch
5583,0.004416918902109345,Non-Switch
5584,0.0043994290726852734,Non-Switch
5585,0.004528637085411028,Non-Switch
5586,0.004472515988940513,Non-Switch
5587,0.00442787809345124,Non-Switch
5588,0.004363769544920439,Non-Switch
5589,0.00477451450072307,Non-Switch
559,0.0044164862582532684,Non-Switch
5590,0.004527646841554107,Non-Switch
5591,0.004462108687238008,Non-Switch
5592,0.0044839179012469334,Non-Switch
5593,0.004513992359605722,Non-Switch
5594,0.004469105223634144,Non-Switch
5595,0.005086922329629822,Non-Switch
5596,0.005225463088393803,Non-Switch
5597,0.004583250310553959,Non-Switch
5598,0.004642614556426975,Non-Switch
5599,0.004754520173945809,Non-Switch
56,0.015311228445351412,Non-Switch
560,0.004399244325697042,Non-Switch
5600,0.004665453986823002,Non-Switch
5601,0.004922519679742346,Non-Switch
5602,0.0048788246657002834,Non-Switch
5603,0.005161546676730763,Non-Switch
5604,0.00455983514136188,Non-Switch
5605,0.00439151887845643,Non-Switch
5606,0.004393549751712516,Non-Switch
5607,0.0044031387922089625,Non-Switch
5608,0.004386605616280316,Non-Switch
5609,0.004374178862044633,Non-Switch
561,0.004393201083760181,Non-Switch
5610,0.004369399289507275,Non-Switch
5611,0.004368571622999998,Non-Switch
5612,0.004367269660588389,Non-Switch
5613,0.004367814496251864,Non-Switch
5614,0.004377343745904846,Non-Switch
5615,0.004367087936732692,Non-Switch
5616,0.004367857156010965,Non-Switch
5617,0.004369724444206563,Non-Switch
5618,0.004418297450545168,Non-Switch
5619,0.01031213416211963,Non-Switch
562,0.004392905824482626,Non-Switch
5620,0.024030308138552975,Non-Switch
5621,0.04167405128623123,Non-Switch
5622,0.04201774249060703,Non-Switch
5623,0.043052341748077136,Non-Switch
5624,0.14204861902567828,Non-Switch
5625,0.310720732846366,Non-Switch
5626,0.38353378016625084,Non-Switch
5627,0.44987410993609434,Non-Switch
5628,0.4302464609193882,Non-Switch
5629,0.4929081247829389,Non-Switch
563,0.004389223984958979,Non-Switch
5630,0.07140010235389006,Non-Switch
5631,0.12237206244263299,Non-Switch
5632,0.11246098174521697,Non-Switch
5633,0.11929258409194625,Non-Switch
5634,0.10995550624070054,Non-Switch
5635,0.1139777397388388,Non-Switch
5636,0.10728516386750075,Non-Switch
5637,0.0799747219948247,Non-Switch
5638,0.09624431838765127,Non-Switch
5639,0.20288870714478424,Non-Switch
564,0.004385012425434529,Non-Switch
5640,0.122267142276691,Non-Switch
5641,0.47883822411585253,Non-Switch
5642,0.780944324482669,Non-Switch
5643,0.7592882690860242,Non-Switch
5644,0.7706788520353189,Non-Switch
5645,0.7931552646765794,Non-Switch
5646,0.7279532020814713,Non-Switch
5647,0.6898083100333547,Non-Switch
5648,0.6846438430105954,Non-Switch
5649,0.9675752536674157,Non-Switch
565,0.004392695548819657,Non-Switch
5650,0.968576536660739,Non-Switch
5651,0.82024915351953,Non-Switch
5652,0.8512469625457408,Non-Switch
5653,0.681074472078926,Non-Switch
5654,0.6122771551631937,Non-Switch
5655,0.6456150031327067,Non-Switch
5656,0.6187468415190135,Non-Switch
5657,0.5724763711569072,Non-Switch
5658,0.5723125146862976,Non-Switch
5659,0.6131321669119582,Non-Switch
566,0.004394196702074942,Non-Switch
5660,0.7613487932260116,Non-Switch
5661,0.721021871295073,Non-Switch
5662,0.6644537677299052,Non-Switch
5663,0.4923087222490193,Non-Switch
5664,0.3689587664535804,Non-Switch
5665,0.40942843398473505,Non-Switch
5666,0.41341017631751076,Non-Switch
5667,0.7849425771499277,Non-Switch
5668,0.9418334064342231,Non-Switch
5669,0.9214936202559567,Non-Switch
567,0.004394523536292304,Non-Switch
5670,0.8789814867631554,Non-Switch
5671,0.6858463457054281,Non-Switch
5672,0.6205014085231159,Non-Switch
5673,0.5895639224116951,Non-Switch
5674,0.46633250565836337,Non-Switch
5675,0.44181268115087646,Non-Switch
5676,0.32735296003299463,Non-Switch
5677,0.33850360568650434,Non-Switch
5678,0.24442634394213422,Non-Switch
5679,0.2212732225653913,Non-Switch
568,0.004381467634585789,Non-Switch
5680,0.19280841701675058,Non-Switch
5681,0.09567731308558795,Non-Switch
5682,0.1520096821810013,Non-Switch
5683,0.11602769769471373,Non-Switch
5684,0.15189819442757949,Non-Switch
5685,0.1419011116558164,Non-Switch
5686,0.23473750782529568,Non-Switch
5687,0.2674007108511366,Non-Switch
5688,0.14144071409945666,Non-Switch
5689,0.3174842945568477,Non-Switch
569,0.004385577415314903,Non-Switch
5690,0.21398672610712993,Non-Switch
5691,0.10513579993942712,Non-Switch
5692,0.17161037291718473,Non-Switch
5693,0.11805022441777603,Non-Switch
5694,0.10373617287995855,Non-Switch
5695,0.12666916721251273,Non-Switch
5696,0.07995793756299206,Non-Switch
5697,0.05489155756552097,Non-Switch
5698,0.046875698808323915,Non-Switch
5699,0.0449376370646666,Non-Switch
57,0.021027607948946342,Non-Switch
570,0.0043826836056719675,Non-Switch
5700,0.049639164412508076,Non-Switch
5701,0.0481785372565616,Non-Switch
5702,0.04586495139474535,Non-Switch
5703,0.052279769910482124,Non-Switch
5704,0.058910222423653825,Non-Switch
5705,0.09111092648011976,Non-Switch
5706,0.054208023268582414,Non-Switch
5707,0.06639181707594556,Non-Switch
5708,0.035806906147709226,Non-Switch
5709,0.027669353541653216,Non-Switch
571,0.0043884282292951235,Non-Switch
5710,0.03187106974656925,Non-Switch
5711,0.0298965853021339,Non-Switch
5712,0.02446579777005572,Non-Switch
5713,0.02665749898975972,Non-Switch
5714,0.028841616849452235,Non-Switch
5715,0.022907857993239016,Non-Switch
5716,0.019414215859756518,Non-Switch
5717,0.01976703558077265,Non-Switch
5718,0.01880895113594852,Non-Switch
5719,0.018679671239849163,Non-Switch
572,0.004392120481830834,Non-Switch
5720,0.01898971430730655,Non-Switch
5721,0.01824584365943327,Non-Switch
5722,0.019323419769016633,Non-Switch
5723,0.0211663052387949,Non-Switch
5724,0.020161819068599308,Non-Switch
5725,0.02394494025023095,Non-Switch
5726,0.0230690648561337,Non-Switch
5727,0.037736691226293764,Non-Switch
5728,0.0600814726461501,Non-Switch
5729,0.04538331935546189,Non-Switch
573,0.004389421160380964,Non-Switch
5730,0.04285593487356289,Non-Switch
5731,0.05083243378877264,Non-Switch
5732,0.05904284254530041,Non-Switch
5733,0.050944926565810435,Non-Switch
5734,0.05850335446737513,Non-Switch
5735,0.11305115096056838,Non-Switch
5736,0.11353559384130188,Non-Switch
5737,0.16007147642935224,Non-Switch
5738,0.15663366147667715,Non-Switch
5739,0.27009150841087337,Non-Switch
574,0.004377905712652685,Non-Switch
5740,0.3436098565819466,Non-Switch
5741,0.7203694121133623,Non-Switch
5742,0.39800366948358135,Non-Switch
5743,0.24485814938278802,Non-Switch
5744,0.8981219519256299,Non-Switch
5745,0.9303396338944108,Non-Switch
5746,0.6869857307673943,Non-Switch
5747,0.7643694105144405,Non-Switch
5748,0.6183503355174493,Non-Switch
5749,0.23083034146950032,Non-Switch
575,0.004369810099628379,Non-Switch
5750,0.15972843553437502,Non-Switch
5751,0.09427086046466326,Non-Switch
5752,0.08747471879075876,Non-Switch
5753,0.0611014856250439,Non-Switch
5754,0.05696092806311204,Non-Switch
5755,0.04555506553017976,Non-Switch
5756,0.04005520546594881,Non-Switch
5757,0.040867165120190244,Non-Switch
5758,0.043039647278660324,Non-Switch
5759,0.062396391373510544,Non-Switch
576,0.00436484981094617,Non-Switch
5760,0.06012127588090917,Non-Switch
5761,0.06233253206546205,Non-Switch
5762,0.44037486319400065,Non-Switch
5763,0.6293119507398295,Non-Switch
5764,0.3217563651021112,Non-Switch
5765,0.1788356865474017,Non-Switch
5766,0.20707212063352798,Non-Switch
5767,0.14990099214985672,Non-Switch
5768,0.16083441296641102,Non-Switch
5769,0.8312599987757195,Non-Switch
577,0.004360758504915879,Non-Switch
5770,0.9065451462169377,Non-Switch
5771,0.967306616766768,Non-Switch
5772,0.9938239337727011,Non-Switch
5773,0.9932543272330434,Non-Switch
5774,0.9978964829451323,Non-Switch
5775,0.997082145093297,Non-Switch
5776,0.9983131969081729,Non-Switch
5777,0.9993487904403433,Non-Switch
5778,0.9969261568289643,Non-Switch
5779,0.9993268626523583,Non-Switch
578,0.0044090137464347255,Non-Switch
5780,0.992835463486867,Non-Switch
5781,0.9880278604646481,Non-Switch
5782,0.8089671776142551,Non-Switch
5783,0.8239257986296751,Non-Switch
5784,0.5995351755390818,Non-Switch
5785,0.3044814172513769,Non-Switch
5786,0.07029559752330206,Non-Switch
5787,0.03711554094872677,Non-Switch
5788,0.18198950439892386,Non-Switch
5789,0.36614302349799177,Non-Switch
579,0.004373605474573885,Non-Switch
5790,0.513320401648544,Non-Switch
5791,0.8373759598143773,Non-Switch
5792,0.15506327714273319,Non-Switch
5793,0.4849465319265469,Non-Switch
5794,0.2109567142663976,Non-Switch
5795,0.4836391628103505,Non-Switch
5796,0.20460743726401306,Non-Switch
5797,0.07688162476797276,Non-Switch
5798,0.32750127357153247,Non-Switch
5799,0.5210095739859693,Non-Switch
58,0.05986360287425396,Non-Switch
580,0.004396970594127334,Non-Switch
5800,0.40553771346992845,Non-Switch
5801,0.30827660140362917,Non-Switch
5802,0.17153902161490803,Non-Switch
5803,0.1390377080081074,Non-Switch
5804,0.0465008196251057,Non-Switch
5805,0.011954765317377823,Non-Switch
5806,0.004908929691288034,Non-Switch
5807,0.004692818710719857,Non-Switch
5808,0.00482448385838909,Non-Switch
5809,0.004629866342431769,Non-Switch
581,0.004384549886156721,Non-Switch
5810,0.004491214735474849,Non-Switch
5811,0.0044743100501480485,Non-Switch
5812,0.00446389099181902,Non-Switch
5813,0.004526726129745484,Non-Switch
5814,0.004451022524329657,Non-Switch
5815,0.004458081874701791,Non-Switch
5816,0.004416688472229479,Non-Switch
5817,0.004407455153661282,Non-Switch
5818,0.004458931374944041,Non-Switch
5819,0.004409960658725316,Non-Switch
582,0.004397285335814558,Non-Switch
5820,0.004397360578224311,Non-Switch
5821,0.004385664414351179,Non-Switch
5822,0.004448971496856672,Non-Switch
5823,0.004414926321865365,Non-Switch
5824,0.004375315559877679,Non-Switch
5825,0.004361919051905588,Non-Switch
5826,0.004448919767699967,Non-Switch
5827,0.004394765050991465,Non-Switch
5828,0.004359990293348451,Non-Switch
5829,0.0043583816509363766,Non-Switch
583,0.004397901383044406,Non-Switch
5830,0.004357477398404887,Non-Switch
5831,0.00435705012900665,Non-Switch
5832,0.00435729970539257,Non-Switch
5833,0.004356369924186343,Non-Switch
5834,0.004357264771416613,Non-Switch
5835,0.004355772351655318,Non-Switch
5836,0.004355472053823538,Non-Switch
5837,0.004354907063943164,Non-Switch
5838,0.004354577878400497,Non-Switch
5839,0.004354588963219791,Non-Switch
584,0.004393603832194526,Non-Switch
5840,0.0043548815352684265,Non-Switch
5841,0.00435514824273871,Non-Switch
5842,0.004355536883221226,Non-Switch
5843,0.004355842891414461,Non-Switch
5844,0.004356269489005468,Non-Switch
5845,0.004357996705393626,Non-Switch
5846,0.00435690266731968,Non-Switch
5847,0.004359769604673418,Non-Switch
5848,0.004359042709250631,Non-Switch
5849,0.004355916790209753,Non-Switch
585,0.004384536450012123,Non-Switch
5850,0.004357918775754953,Non-Switch
5851,0.004356798201295425,Non-Switch
5852,0.004379211034100445,Non-Switch
5853,0.0043870866302569474,Non-Switch
5854,0.004366793685165981,Non-Switch
5855,0.004415129207648805,Non-Switch
5856,0.004443748195643944,Non-Switch
5857,0.005221682157303741,Non-Switch
5858,0.005094017621688758,Non-Switch
5859,0.0051336478660861115,Non-Switch
586,0.004397394168585807,Non-Switch
5860,0.0056931067575355975,Non-Switch
5861,0.00451326176924317,Non-Switch
5862,0.0050512614582505265,Non-Switch
5863,0.005043373769563885,Non-Switch
5864,0.005166151915291952,Non-Switch
5865,0.004918154276362242,Non-Switch
5866,0.004962354489441214,Non-Switch
5867,0.005019156462539266,Non-Switch
5868,0.0049722612947574185,Non-Switch
5869,0.004540570397236325,Non-Switch
587,0.004405668482333275,Non-Switch
5870,0.004530446934088467,Non-Switch
5871,0.004558852959191718,Non-Switch
5872,0.0045619318517265,Non-Switch
5873,0.004681220294798681,Non-Switch
5874,0.004588253930802499,Non-Switch
5875,0.004609256976135504,Non-Switch
5876,0.00440276997003973,Non-Switch
5877,0.006055238398565829,Non-Switch
5878,0.0053986469305837325,Non-Switch
5879,0.005427573270386565,Non-Switch
588,0.00446804444001808,Non-Switch
5880,0.004737850621149485,Non-Switch
5881,0.0051821610815812515,Non-Switch
5882,0.004885890062337487,Non-Switch
5883,0.004737194265485841,Non-Switch
5884,0.004567987522097115,Non-Switch
5885,0.004574822488854452,Non-Switch
5886,0.004478920663167078,Non-Switch
5887,0.005757342277632857,Non-Switch
5888,0.004516067572138985,Non-Switch
5889,0.004492442799091166,Non-Switch
589,0.0044699631214667685,Non-Switch
5890,0.004459477554221976,Non-Switch
5891,0.004451735311800615,Non-Switch
5892,0.004537764930244125,Non-Switch
5893,0.004510754248757446,Non-Switch
5894,0.004892883575601088,Non-Switch
5895,0.0047076763994170516,Non-Switch
5896,0.004607995658061305,Non-Switch
5897,0.00474159997729974,Non-Switch
5898,0.004458767789883552,Non-Switch
5899,0.004482469484859198,Non-Switch
59,0.09232029773207136,Non-Switch
590,0.004389121534356414,Non-Switch
5900,0.005145532807790854,Non-Switch
5901,0.004496886468013557,Non-Switch
5902,0.004481752330641245,Non-Switch
5903,0.004416206114638387,Non-Switch
5904,0.004396169799909254,Non-Switch
5905,0.004388540757006137,Non-Switch
5906,0.004404029608595854,Non-Switch
5907,0.004405019852452775,Non-Switch
5908,0.004500502470428671,Non-Switch
5909,0.0043966531652111914,Non-Switch
591,0.004385499149772616,Non-Switch
5910,0.00442907726935667,Non-Switch
5911,0.004398988703046052,Non-Switch
5912,0.004375289023492096,Non-Switch
5913,0.004406202569081072,Non-Switch
5914,0.004422629263563775,Non-Switch
5915,0.0044769835070195664,Non-Switch
5916,0.00455662457461003,Non-Switch
5917,0.004512402863699701,Non-Switch
5918,0.004482876935944152,Non-Switch
5919,0.004433439985507854,Non-Switch
592,0.004379946663017221,Non-Switch
5920,0.004428999339717998,Non-Switch
5921,0.004486108328720129,Non-Switch
5922,0.0044529109744529975,Non-Switch
5923,0.00439256118737367,Non-Switch
5924,0.004388475255801219,Non-Switch
5925,0.004379465313136975,Non-Switch
5926,0.004393622978700579,Non-Switch
5927,0.0043763498071081606,Non-Switch
5928,0.004371719711679463,Non-Switch
5929,0.00436755450685388,Non-Switch
593,0.004395850019667806,Non-Switch
5930,0.00436700328902172,Non-Switch
5931,0.004405755145465936,Non-Switch
5932,0.004357394094308376,Non-Switch
5933,0.004355738425390206,Non-Switch
5934,0.004357465305874749,Non-Switch
5935,0.0043566668629819736,Non-Switch
5936,0.004357326913585383,Non-Switch
5937,0.004356170061535438,Non-Switch
5938,0.004357613775272564,Non-Switch
5939,0.004358794812382785,Non-Switch
594,0.0044013645493147105,Non-Switch
5940,0.00435965002298649,Non-Switch
5941,0.004358218401779503,Non-Switch
5942,0.004371030773365168,Non-Switch
5943,0.004368737559385791,Non-Switch
5944,0.004372667631680899,Non-Switch
5945,0.004448167343602442,Non-Switch
5946,0.004807601006797263,Non-Switch
5947,0.0050274217068891295,Non-Switch
5948,0.004905326789113904,Non-Switch
5949,0.02659307536363808,Non-Switch
595,0.004413806419213066,Non-Switch
5950,0.008405758206462102,Non-Switch
5951,0.007529832426822609,Non-Switch
5952,0.1354673589251112,Non-Switch
5953,0.018578342555358392,Non-Switch
5954,0.016162838162303485,Non-Switch
5955,0.01471190518468494,Non-Switch
5956,0.009371650394912511,Non-Switch
5957,0.007672302586074467,Non-Switch
5958,0.008016361269005045,Non-Switch
5959,0.006560844550656669,Non-Switch
596,0.004424967488627556,Non-Switch
5960,0.006860745344363761,Non-Switch
5961,0.006172232955851405,Non-Switch
5966,0.03780169260663315,Non-Switch
597,0.0044067363199252535,Non-Switch
5978,0.5134910084381998,Non-Switch
5979,0.3196767508878781,Non-Switch
598,0.004382316127117194,Non-Switch
5980,0.6020026966223359,Non-Switch
5981,0.7948412965943129,Non-Switch
5982,0.8805086927028172,Non-Switch
5983,0.8691746920456563,Non-Switch
5984,0.9999229545202488,Non-Switch
5985,0.9999591568682554,Non-Switch
5986,0.999994155337706,Non-Switch
5987,0.9999167631448177,Non-Switch
5988,0.999999142834581,Non-Switch
5989,0.9995206011085552,Non-Switch
599,0.004390333474599213,Non-Switch
5990,0.9909471799717188,Non-Switch
5991,0.9860804149176031,Non-Switch
5992,0.9998620726618433,Non-Switch
5994,0.7003431933032814,Non-Switch
5995,0.5241993362115217,Non-Switch
5996,0.17103893906186168,Non-Switch
5997,0.07018927999832181,Non-Switch
5998,0.04996926898746572,Non-Switch
5999,0.01836127223406587,Non-Switch
6,0.02633174772565204,Non-Switch
60,0.06668597190241504,Non-Switch
600,0.004640185301483538,Non-Switch
6000,0.00828962557785253,Non-Switch
6001,0.004360940900578806,Non-Switch
6002,0.004359333265877577,Non-Switch
6003,0.004358977208045713,Non-Switch
6004,0.004365092669259791,Non-Switch
6005,0.004358870054792538,Non-Switch
6006,0.004360910669253459,Non-Switch
6007,0.0043580071184056894,Non-Switch
6008,0.004355200643702645,Non-Switch
6009,0.0043576655044292685,Non-Switch
601,0.00442212372862325,Non-Switch
6010,0.004356187528523416,Non-Switch
6011,0.0043548963150274855,Non-Switch
6012,0.004355024630208403,Non-Switch
6013,0.00435454563165346,Non-Switch
6014,0.004354421347315922,Non-Switch
6015,0.004354442173340051,Non-Switch
6016,0.004354472740569012,Non-Switch
6017,0.00435439346731588,Non-Switch
6018,0.004354401864906255,Non-Switch
6019,0.004354524805629333,Non-Switch
602,0.004396195664487607,Non-Switch
6020,0.004354392459605036,Non-Switch
6021,0.004354374992617057,Non-Switch
6022,0.0043543649155086085,Non-Switch
6023,0.004354479458641312,Non-Switch
6024,0.00435434946394232,Non-Switch
6025,0.004354379359364052,Non-Switch
6026,0.004354382718400202,Non-Switch
6027,0.004354379359364052,Non-Switch
6028,0.004354381710689356,Non-Switch
6029,0.004354357189725464,Non-Switch
603,0.00439931385774534,Non-Switch
6030,0.004354368610448373,Non-Switch
6031,0.004354357189725464,Non-Switch
6032,0.004354339050930256,Non-Switch
6033,0.004354338043219411,Non-Switch
6034,0.004354341066351946,Non-Switch
6035,0.004354335691894106,Non-Switch
6036,0.004354341402255561,Non-Switch
6037,0.004354336363701336,Non-Switch
6038,0.004354352487074855,Non-Switch
6039,0.004354352487074855,Non-Switch
604,0.004417904443315657,Non-Switch
6040,0.004354341066351946,Non-Switch
6041,0.004354387421050811,Non-Switch
6042,0.00435440085719541,Non-Switch
6043,0.00435435147936401,Non-Switch
6044,0.004354384397918277,Non-Switch
6045,0.004354365923219453,Non-Switch
6046,0.00435434946394232,Non-Switch
6047,0.004354355174303774,Non-Switch
6048,0.004354357525629079,Non-Switch
6049,0.00435439548273757,Non-Switch
605,0.004417504718013847,Non-Switch
6050,0.00435435282297847,Non-Switch
6051,0.004354357189725464,Non-Switch
6052,0.004354347784424245,Non-Switch
6053,0.004354338715026641,Non-Switch
6054,0.0043543484562314745,Non-Switch
6055,0.004354339050930256,Non-Switch
6056,0.004354334348279646,Non-Switch
6057,0.004354335691894106,Non-Switch
6058,0.004354334348279646,Non-Switch
6059,0.004354333340568802,Non-Switch
606,0.0044854741426950725,Non-Switch
6060,0.004354334348279646,Non-Switch
6061,0.004354339050930256,Non-Switch
6062,0.00435434543309894,Non-Switch
6063,0.0043543484562314745,Non-Switch
6064,0.004354689398400666,Non-Switch
6065,0.00435439346731588,Non-Switch
6066,0.004354405223942404,Non-Switch
6067,0.004354495917918445,Non-Switch
6068,0.004355114988280828,Non-Switch
6069,0.004354521110689568,Non-Switch
607,0.004468496566283825,Non-Switch
6070,0.004354458296713569,Non-Switch
6071,0.004354447883701505,Non-Switch
6072,0.004354831821533412,Non-Switch
6073,0.004354540257195621,Non-Switch
6074,0.004354577878400497,Non-Switch
6075,0.004354564778159513,Non-Switch
6076,0.004354467030207558,Non-Switch
6077,0.004354440493821976,Non-Switch
6078,0.004354570824424583,Non-Switch
6079,0.004354573511653502,Non-Switch
608,0.004482948819317755,Non-Switch
6080,0.004354487856231686,Non-Switch
6081,0.0043545019641835145,Non-Switch
6082,0.004354639012858421,Non-Switch
6083,0.004354837867798481,Non-Switch
6084,0.004354494574303985,Non-Switch
6085,0.004354485169002767,Non-Switch
6086,0.004354447211894275,Non-Switch
6087,0.0043543847338218915,Non-Switch
6088,0.004354577878400497,Non-Switch
6089,0.004354363907797763,Non-Switch
609,0.004453025181682086,Non-Switch
6090,0.004354428065388222,Non-Switch
6091,0.004354479122737697,Non-Switch
6092,0.004354480802255771,Non-Switch
6093,0.004354405223942404,Non-Switch
6094,0.004354357189725464,Non-Switch
6095,0.004354487520328071,Non-Switch
6096,0.00435444284514728,Non-Switch
6097,0.004354403880327945,Non-Switch
6098,0.0043543518152676245,Non-Switch
6099,0.004354361220568844,Non-Switch
61,0.07662420436083602,Non-Switch
610,0.0055252805780043835,Non-Switch
6100,0.004354454937677419,Non-Switch
6101,0.004354413285629163,Non-Switch
6102,0.004354416980568928,Non-Switch
6103,0.004354408918882169,Non-Switch
6104,0.004354380031171281,Non-Switch
6105,0.004354444524665355,Non-Switch
6106,0.004354363571894148,Non-Switch
6107,0.0043547330658706114,Non-Switch
6108,0.0043543534947856994,Non-Switch
6109,0.00435434879213509,Non-Switch
611,0.0045039636212772845,Non-Switch
6110,0.004354876160810588,Non-Switch
6111,0.004354889596955186,Non-Switch
6112,0.004354603407075234,Non-Switch
6113,0.004354359876954384,Non-Switch
6114,0.004357257381537084,Non-Switch
6115,0.004354884894304576,Non-Switch
6116,0.004354819057196043,Non-Switch
6117,0.00435439816996649,Non-Switch
6118,0.0043543864133399664,Non-Switch
6119,0.004354418660087003,Non-Switch
612,0.00462555468363006,Non-Switch
6120,0.004354372641291753,Non-Switch
6121,0.0043544986051473646,Non-Switch
6122,0.004354809315991209,Non-Switch
6123,0.004354411606111088,Non-Switch
6124,0.0043543649155086085,Non-Switch
6125,0.004354358197436309,Non-Switch
6126,0.004354438142496671,Non-Switch
6127,0.0043543615564724586,Non-Switch
6128,0.0043543434176772505,Non-Switch
6129,0.004354342745870021,Non-Switch
613,0.36785958233625343,Non-Switch
6130,0.004354347112617015,Non-Switch
6131,0.004354343081773636,Non-Switch
6132,0.004354360884665229,Non-Switch
6133,0.00435434610490617,Non-Switch
6134,0.0043543467767134005,Non-Switch
6135,0.0043543518152676245,Non-Switch
6136,0.0043544028726170995,Non-Switch
6137,0.004354420339605078,Non-Switch
6138,0.004354462999364178,Non-Switch
6139,0.004354528500569097,Non-Switch
614,0.07918536999748496,Non-Switch
6140,0.004354390444183346,Non-Switch
6141,0.004354406567556864,Non-Switch
6142,0.004354461655749719,Non-Switch
6143,0.0043544062316532494,Non-Switch
6144,0.0043544159728580835,Non-Switch
6145,0.004354521110689568,Non-Switch
6146,0.00435439548273757,Non-Switch
6147,0.004354435119364136,Non-Switch
6148,0.004354389100568886,Non-Switch
6149,0.004354368610448373,Non-Switch
615,0.010642037866715524,Non-Switch
6150,0.00435434543309894,Non-Switch
6151,0.004354349128038705,Non-Switch
6152,0.004354357861532694,Non-Switch
6153,0.004354342409966405,Non-Switch
6154,0.004354355174303774,Non-Switch
6155,0.00435435147936401,Non-Switch
6156,0.004354368610448373,Non-Switch
6157,0.00435434879213509,Non-Switch
6158,0.004354359876954384,Non-Switch
6159,0.00435434610490617,Non-Switch
616,0.009441860296705563,Non-Switch
6160,0.004354358533339924,Non-Switch
6161,0.004354392123701421,Non-Switch
6162,0.004354413957436394,Non-Switch
6163,0.004354439150207516,Non-Switch
6164,0.004355147235027865,Non-Switch
6165,0.0043546339743041965,Non-Switch
6166,0.004354867091412983,Non-Switch
6167,0.004354964839364938,Non-Switch
6168,0.004354439822014746,Non-Switch
6169,0.004354988688521601,Non-Switch
617,0.004822538976458434,Non-Switch
6170,0.004354516072135343,Non-Switch
6171,0.0043545019641835145,Non-Switch
6172,0.004354425714062918,Non-Switch
6173,0.004354465350689484,Non-Switch
6174,0.004354466022496713,Non-Switch
6175,0.0043544357911713665,Non-Switch
6176,0.00435444889141235,Non-Switch
6177,0.004354408247074939,Non-Switch
6178,0.00435440421623156,Non-Switch
6179,0.004354416308761698,Non-Switch
618,0.0049969015044332805,Non-Switch
6180,0.0043544243704484575,Non-Switch
6181,0.004354393131412265,Non-Switch
6182,0.004354403544424329,Non-Switch
6183,0.004354540593099236,Non-Switch
6184,0.004354425042255687,Non-Switch
6185,0.004354408247074939,Non-Switch
6186,0.0043544623275569485,Non-Switch
6187,0.004354526821051022,Non-Switch
6188,0.004354503979605204,Non-Switch
6189,0.004354584932376411,Non-Switch
619,0.005335460101572398,Non-Switch
6190,0.004354425042255687,Non-Switch
6191,0.004354566793581203,Non-Switch
6192,0.004354427729484607,Non-Switch
6193,0.004354656143942784,Non-Switch
6194,0.004354504315508819,Non-Switch
6195,0.004354542944424541,Non-Switch
6196,0.004354532867316092,Non-Switch
6197,0.004354522790207643,Non-Switch
6198,0.004354560747316134,Non-Switch
6199,0.004354566457677588,Non-Switch
62,0.07089703160228499,Non-Switch
620,0.423342776344116,Non-Switch
6200,0.0043545264851474075,Non-Switch
6201,0.004354839883220171,Non-Switch
6202,0.00435455436514745,Non-Switch
6203,0.0043544737482798575,Non-Switch
6204,0.004354782779605626,Non-Switch
6205,0.004354708880810334,Non-Switch
6206,0.004355005819605964,Non-Switch
6207,0.004400981283290034,Non-Switch
6208,0.004388089638451238,Non-Switch
6209,0.0043757095748180345,Non-Switch
621,0.005769452274759626,Non-Switch
6210,0.004419184907895909,Non-Switch
6211,0.004374588328551277,Non-Switch
6212,0.004369620985893153,Non-Switch
6213,0.004365570660103888,Non-Switch
6214,0.004377460976266469,Non-Switch
6215,0.004373645783007681,Non-Switch
6216,0.004357160977199589,Non-Switch
6217,0.00435624530394519,Non-Switch
6218,0.00435719960611531,Non-Switch
6219,0.0043827279449491436,Non-Switch
622,0.005739265288689824,Non-Switch
6220,0.00435974945045652,Non-Switch
6221,0.004380424989764933,Non-Switch
6222,0.004380349075547951,Non-Switch
6223,0.004365860209019989,Non-Switch
6224,0.004368402327578055,Non-Switch
6225,0.004378441143014941,Non-Switch
6226,0.004463510077119648,Non-Switch
6227,0.0043946101994249654,Non-Switch
6228,0.004366044956008221,Non-Switch
6229,0.004379567091932309,Non-Switch
623,0.29210373987745514,Non-Switch
6230,0.004381424638923073,Non-Switch
6231,0.004391244109299387,Non-Switch
6232,0.0043787411049431065,Non-Switch
6233,0.00437285372228359,Non-Switch
6234,0.004362034602749137,Non-Switch
6235,0.004356780062500217,Non-Switch
6236,0.004354860709244299,Non-Switch
6237,0.004354899002256405,Non-Switch
6238,0.004356427363704502,Non-Switch
6239,0.004354813010930974,Non-Switch
624,0.007897092644246147,Non-Switch
6240,0.004354589970930636,Non-Switch
6241,0.00435564739551055,Non-Switch
6242,0.004355643364667171,Non-Switch
6243,0.004356120683704038,Non-Switch
6244,0.004355704499125095,Non-Switch
6245,0.004357751159851085,Non-Switch
6246,0.004359112577202544,Non-Switch
6247,0.004749445342130896,Non-Switch
6248,0.004417515466929526,Non-Switch
6249,0.004546245488811183,Non-Switch
625,0.0061329436536232415,Non-Switch
6250,0.00447069438363655,Non-Switch
6251,0.004462459706515648,Non-Switch
6252,0.004449601316134734,Non-Switch
6253,0.004929391595897329,Non-Switch
6254,0.004454037595177595,Non-Switch
6255,0.004604645691309245,Non-Switch
6256,0.005669150783523423,Non-Switch
6257,0.004401528470278814,Non-Switch
6258,0.004356230524186132,Non-Switch
6259,0.0043553544875583,Non-Switch
626,0.006153425040642205,Non-Switch
6260,0.0043590433810578606,Non-Switch
6261,0.0043554821309319865,Non-Switch
6262,0.004354901689485324,Non-Switch
6263,0.004354563770448668,Non-Switch
6264,0.004354958793099869,Non-Switch
6265,0.004357107904428424,Non-Switch
6266,0.004369818497218753,Non-Switch
6267,0.004629453180985361,Non-Switch
6268,0.0046627644065779655,Non-Switch
6269,0.004549201104719272,Non-Switch
627,0.0059360134412768766,Non-Switch
6270,0.0047172563705158935,Non-Switch
6271,0.004704482291942336,Non-Switch
6272,0.004387666063992764,Non-Switch
6273,0.004605420620948973,Non-Switch
6274,0.004597901754431565,Non-Switch
6275,0.0046057723120338425,Non-Switch
6276,0.004374454303008905,Non-Switch
6277,0.004370714688063484,Non-Switch
6278,0.0043795993386793455,Non-Switch
6279,0.004377527821085848,Non-Switch
628,0.009282165671885455,Non-Switch
6280,0.004373910475056275,Non-Switch
6281,0.004373115727103264,Non-Switch
6282,0.0044214270645258095,Non-Switch
6283,0.004415982066927204,Non-Switch
6284,0.004506573928269189,Non-Switch
6285,0.0045828861910353355,Non-Switch
6286,0.0043973840914773585,Non-Switch
6287,0.004365714090947479,Non-Switch
6288,0.004406896545949592,Non-Switch
6289,0.004371084182039947,Non-Switch
629,0.0063662656636150694,Non-Switch
6290,0.004381337639886797,Non-Switch
6291,0.004424531485735329,Non-Switch
6292,0.004370437903484752,Non-Switch
6293,0.00436915206444666,Non-Switch
6294,0.004447746120469274,Non-Switch
6295,0.004409774904026239,Non-Switch
6296,0.004424756541157357,Non-Switch
6297,0.004842434211669281,Non-Switch
6298,0.005929746151628833,Non-Switch
6299,0.005715907894919519,Non-Switch
63,0.014163899934698578,Non-Switch
630,0.005187742791951149,Non-Switch
6300,0.00475575730695973,Non-Switch
6301,0.004446374961912981,Non-Switch
6302,0.00445589245493944,Non-Switch
6303,0.004457100028435244,Non-Switch
6304,0.00437696182349463,Non-Switch
6305,0.004378589612412757,Non-Switch
6306,0.004382710477961165,Non-Switch
6307,0.004375628957950442,Non-Switch
6308,0.004388204853391171,Non-Switch
6309,0.004402824050521739,Non-Switch
631,0.006300753709780937,Non-Switch
6310,0.004412032848126044,Non-Switch
6311,0.004370347545412326,Non-Switch
6312,0.004396626292921994,Non-Switch
6313,0.004398401207623476,Non-Switch
6314,0.004364407761788875,Non-Switch
6315,0.004400355494855351,Non-Switch
6316,0.004409022144025099,Non-Switch
6317,0.0044172188640375105,Non-Switch
6318,0.004404270451487785,Non-Switch
6319,0.004366162858177074,Non-Switch
632,0.0047225602885962135,Non-Switch
6320,0.004362329526123077,Non-Switch
6321,0.0043621672846770486,Non-Switch
6322,0.004358534822984802,Non-Switch
6323,0.004358658099611494,Non-Switch
6324,0.004361275796482928,Non-Switch
6325,0.004363495447570626,Non-Switch
6326,0.004362887462027536,Non-Switch
6327,0.004358316485635073,Non-Switch
6328,0.004354605086593309,Non-Switch
6329,0.0043548170417743535,Non-Switch
633,0.004806126389927561,Non-Switch
6330,0.004355537219124841,Non-Switch
6331,0.004357971848526118,Non-Switch
6332,0.004354895979123871,Non-Switch
6333,0.00435719624707916,Non-Switch
6334,0.004354779420569477,Non-Switch
6335,0.004354480802255771,Non-Switch
6336,0.004354687718882591,Non-Switch
6337,0.004354407575267709,Non-Switch
6338,0.004355187879365276,Non-Switch
6339,0.004355574168522488,Non-Switch
634,0.004683654588296343,Non-Switch
6340,0.004354597360810165,Non-Switch
6341,0.004354511369484734,Non-Switch
6342,0.004354620538159598,Non-Switch
6343,0.004354864068280448,Non-Switch
6344,0.00435584759406507,Non-Switch
6345,0.004477386255453911,Non-Switch
6346,0.00448819764920522,Non-Switch
6347,0.0043573453882842055,Non-Switch
6348,0.004389700632188616,Non-Switch
6349,0.004357927509248942,Non-Switch
635,0.005001461731910064,Non-Switch
6350,0.004366648574804315,Non-Switch
6351,0.004376996085663356,Non-Switch
6352,0.004359167665395398,Non-Switch
6353,0.004357304408043179,Non-Switch
6354,0.0043545133849064235,Non-Switch
6355,0.004354600048039085,Non-Switch
6356,0.004354646066834335,Non-Switch
6357,0.004354636325629501,Non-Switch
6358,0.0043545264851474075,Non-Switch
6359,0.004354566457677588,Non-Switch
636,0.005163451586131237,Non-Switch
6360,0.004354466358400328,Non-Switch
6361,0.004354397834062875,Non-Switch
6362,0.004354377343942362,Non-Switch
6363,0.004354395818641185,Non-Switch
6364,0.004354387421050811,Non-Switch
6365,0.004356433745873187,Non-Switch
6366,0.004360153542505325,Non-Switch
6367,0.004367149407094231,Non-Switch
6368,0.004363390645642756,Non-Switch
6369,0.0043702356895085415,Non-Switch
637,0.004818300208741174,Non-Switch
6370,0.00438606145242407,Non-Switch
6371,0.004373805673128405,Non-Switch
6372,0.004356658465391599,Non-Switch
6373,0.00439345872183286,Non-Switch
6374,0.0043564968957528006,Non-Switch
6375,0.004358931861057692,Non-Switch
6376,0.004356876130934097,Non-Switch
6377,0.004355036050931311,Non-Switch
6378,0.0043545002846654395,Non-Switch
6379,0.004354441165629205,Non-Switch
638,0.005512045639671091,Non-Switch
6380,0.004354392459605036,Non-Switch
6381,0.004354356853821849,Non-Switch
6382,0.004354335020086877,Non-Switch
6383,0.00435435282297847,Non-Switch
6384,0.004354339050930256,Non-Switch
6385,0.0043543716335809075,Non-Switch
6386,0.004354364243701378,Non-Switch
6387,0.004354365923219453,Non-Switch
6388,0.004354492894785911,Non-Switch
6389,0.004354384062014662,Non-Switch
639,0.005704366918516502,Non-Switch
6390,0.00435440085719541,Non-Switch
6391,0.004354537905870316,Non-Switch
6392,0.0043557824287637666,Non-Switch
6393,0.004354806292858674,Non-Switch
6394,0.004354936287557666,Non-Switch
6395,0.004354799574786375,Non-Switch
6396,0.004354885230208191,Non-Switch
6397,0.004354902361292555,Non-Switch
6398,0.004354997757919205,Non-Switch
6399,0.004355234905871371,Non-Switch
64,0.10307345923269007,Non-Switch
640,0.005028632303517469,Non-Switch
6400,0.004354889596955186,Non-Switch
6401,0.004354365923219453,Non-Switch
6402,0.004354399177677335,Non-Switch
6403,0.004354377679845977,Non-Switch
6404,0.004354443516954511,Non-Switch
6405,0.004354441501532821,Non-Switch
6406,0.004354468709725633,Non-Switch
6407,0.004354540929002851,Non-Switch
6408,0.004354405895749635,Non-Switch
6409,0.004515351425631876,Non-Switch
641,0.0050084995844508415,Non-Switch
6410,0.004378344402773831,Non-Switch
6411,0.004367125222033953,Non-Switch
6412,0.00436135103889268,Non-Switch
6413,0.004360483735758837,Non-Switch
6414,0.0043585878957559665,Non-Switch
6415,0.0043565267911745325,Non-Switch
6416,0.004357512332380843,Non-Switch
6417,0.004355189894786966,Non-Switch
6418,0.0043566356239457815,Non-Switch
6419,0.0043593520764800145,Non-Switch
642,0.11037553086977024,Non-Switch
6420,0.0043584871246714766,Non-Switch
6421,0.004356219775270453,Non-Switch
6422,0.004357580184911067,Non-Switch
6423,0.0043552490138232,Non-Switch
6424,0.0043554572740644795,Non-Switch
6425,0.004355003132377045,Non-Switch
6426,0.004354585268280026,Non-Switch
6427,0.004354519767075108,Non-Switch
6428,0.0043545234620148724,Non-Switch
6429,0.004354627928039127,Non-Switch
643,0.08722574703134564,Non-Switch
6430,0.004354475763701547,Non-Switch
6431,0.004354416644665313,Non-Switch
6432,0.004354473412376243,Non-Switch
6433,0.004354442173340051,Non-Switch
6434,0.004354471396954553,Non-Switch
6435,0.004354405895749635,Non-Switch
6436,0.004354425714062918,Non-Switch
6437,0.0043545150644244985,Non-Switch
6438,0.004354487856231686,Non-Switch
6439,0.0043544804663521565,Non-Switch
644,0.007656893343641498,Non-Switch
6440,0.004354504315508819,Non-Switch
6441,0.00435459299406317,Non-Switch
6442,0.004356488498162426,Non-Switch
6443,0.004355493215751281,Non-Switch
6444,0.004355213408040013,Non-Switch
6445,0.004354469717436478,Non-Switch
6446,0.0043544754277979325,Non-Switch
6447,0.00435449759743652,Non-Switch
6448,0.004355001116955355,Non-Switch
6449,0.004355531508763387,Non-Switch
645,0.013308325211475442,Non-Switch
6450,0.004354728027316387,Non-Switch
6451,0.004355240280329211,Non-Switch
6452,0.004355460633100629,Non-Switch
6453,0.00435474918924413,Non-Switch
6454,0.004354557388279984,Non-Switch
6455,0.004355762946354098,Non-Switch
6456,0.004355116667798903,Non-Switch
6457,0.00435460374297885,Non-Switch
6458,0.004354341066351946,Non-Switch
6459,0.004355063259124123,Non-Switch
646,0.015129597299052307,Non-Switch
6460,0.004354547311171535,Non-Switch
6461,0.004354545967557075,Non-Switch
6462,0.004354998429726435,Non-Switch
6463,0.004354973236955313,Non-Switch
6464,0.004359324868287203,Non-Switch
6465,0.0043557710080408575,Non-Switch
6466,0.0043557263328600675,Non-Switch
6467,0.00435579687261921,Non-Switch
6468,0.004358622493828308,Non-Switch
6469,0.004354365923219453,Non-Switch
647,0.011461781079522962,Non-Switch
6470,0.004354343753580865,Non-Switch
6471,0.004354359541050769,Non-Switch
6472,0.0043543649155086085,Non-Switch
6473,0.004354453258159345,Non-Switch
6474,0.004354368610448373,Non-Switch
6475,0.004354480130448542,Non-Switch
6476,0.004354519767075108,Non-Switch
6477,0.004354683688039211,Non-Switch
6478,0.004354761953581499,Non-Switch
6479,0.004354430080809912,Non-Switch
648,0.013947056684249774,Non-Switch
6480,0.004354570488520968,Non-Switch
6481,0.0043544572890027245,Non-Switch
6482,0.004354557052376369,Non-Switch
6483,0.004354572168039043,Non-Switch
6484,0.0043543897723761155,Non-Switch
6485,0.00435439884177372,Non-Switch
6486,0.0043543914518941905,Non-Switch
6487,0.004354408582978554,Non-Switch
6488,0.00435445023502681,Non-Switch
6489,0.00435445359406296,Non-Switch
649,0.01274170418314764,Non-Switch
6490,0.004354419667797848,Non-Switch
6491,0.004354400521291795,Non-Switch
6492,0.0043543649155086085,Non-Switch
6493,0.004354379359364052,Non-Switch
6494,0.004354374992617057,Non-Switch
6495,0.004354382718400202,Non-Switch
6496,0.004354408582978554,Non-Switch
6497,0.004354445196472585,Non-Switch
6498,0.004354760609967039,Non-Switch
6499,0.00435494468514804,Non-Switch
65,0.2545532843642144,Non-Switch
650,0.009151230442771545,Non-Switch
6500,0.004354563770448668,Non-Switch
6501,0.004354414629243623,Non-Switch
6502,0.004354390780086961,Non-Switch
6503,0.004354386749243581,Non-Switch
6504,0.0043543716335809075,Non-Switch
6505,0.0043543484562314745,Non-Switch
6506,0.004354528500569097,Non-Switch
6507,0.004354352151171239,Non-Switch
6508,0.004354430080809912,Non-Switch
6509,0.00435439951358095,Non-Switch
651,0.013885949098615083,Non-Switch
6510,0.00435440220080987,Non-Switch
6511,0.004354390444183346,Non-Switch
6512,0.0043543716335809075,Non-Switch
6513,0.004354367938641143,Non-Switch
6514,0.004354355174303774,Non-Switch
6515,0.0043543615564724586,Non-Switch
6516,0.004354352151171239,Non-Switch
6517,0.004354339050930256,Non-Switch
6518,0.004354338043219411,Non-Switch
6519,0.004354334348279646,Non-Switch
652,0.006386701367742396,Non-Switch
6520,0.004354334348279646,Non-Switch
6521,0.004354335691894106,Non-Switch
6522,0.004354332668761571,Non-Switch
6523,0.004354332668761571,Non-Switch
6524,0.004354332668761571,Non-Switch
6525,0.004354332668761571,Non-Switch
6526,0.004354332668761571,Non-Switch
6527,0.004354332668761571,Non-Switch
6528,0.004354332668761571,Non-Switch
6529,0.004354332668761571,Non-Switch
653,0.29506502315133637,Non-Switch
6530,0.004354332668761571,Non-Switch
6531,0.004354332668761571,Non-Switch
6532,0.004354332668761571,Non-Switch
6533,0.004354332668761571,Non-Switch
6534,0.004354332668761571,Non-Switch
6535,0.004354332668761571,Non-Switch
6536,0.004354332668761571,Non-Switch
6537,0.004354332668761571,Non-Switch
6538,0.004354332668761571,Non-Switch
6539,0.004354332668761571,Non-Switch
654,0.007142271538524959,Non-Switch
6540,0.004354332668761571,Non-Switch
6541,0.004354332668761571,Non-Switch
6542,0.004354332668761571,Non-Switch
6543,0.004354332668761571,Non-Switch
6544,0.004354332668761571,Non-Switch
6545,0.004354332668761571,Non-Switch
6546,0.004354332668761571,Non-Switch
6547,0.004354332668761571,Non-Switch
6548,0.004354332668761571,Non-Switch
6549,0.004354332668761571,Non-Switch
655,0.0066968431908625845,Non-Switch
6550,0.004354332668761571,Non-Switch
6551,0.004354332668761571,Non-Switch
6552,0.004354332668761571,Non-Switch
6553,0.004354332668761571,Non-Switch
6554,0.004354332668761571,Non-Switch
6555,0.004354334348279646,Non-Switch
6556,0.004354334348279646,Non-Switch
6557,0.004354340730448331,Non-Switch
6558,0.004354351143460395,Non-Switch
6559,0.004354334348279646,Non-Switch
656,0.006755350882517436,Non-Switch
6560,0.004354334348279646,Non-Switch
6561,0.004354347784424245,Non-Switch
6562,0.004354334348279646,Non-Switch
6563,0.00435434543309894,Non-Switch
6564,0.004354367938641143,Non-Switch
6565,0.004354337035508566,Non-Switch
6566,0.004354344425388095,Non-Switch
6567,0.004354362228279688,Non-Switch
6568,0.00435439346731588,Non-Switch
6569,0.004354832493340641,Non-Switch
657,0.1535334914633085,Non-Switch
6570,0.004354462999364178,Non-Switch
6571,0.004354859365629839,Non-Switch
6572,0.004354588963219791,Non-Switch
6573,0.0043544425092436655,Non-Switch
6574,0.004354445196472585,Non-Switch
6575,0.004354503307797975,Non-Switch
6576,0.004354488192135301,Non-Switch
6577,0.004356410904427369,Non-Switch
6578,0.004354979283220382,Non-Switch
6579,0.004355041425389151,Non-Switch
658,0.016248571513758595,Non-Switch
6580,0.004354715934786248,Non-Switch
6581,0.004356245639848805,Non-Switch
6582,0.0043551851921363564,Non-Switch
6583,0.004354860709244299,Non-Switch
6584,0.004354971893340853,Non-Switch
6585,0.004354961144425174,Non-Switch
6586,0.004354956777678179,Non-Switch
6587,0.0043558899179205555,Non-Switch
6588,0.004356018904908703,Non-Switch
6589,0.004356689704427791,Non-Switch
659,0.017447869688104575,Non-Switch
6590,0.004357305415754025,Non-Switch
6591,0.004355853976233754,Non-Switch
6592,0.0043561834976800365,Non-Switch
6593,0.00435534441044985,Non-Switch
6594,0.00435629804081274,Non-Switch
6595,0.004355302086594365,Non-Switch
6596,0.004356683322259107,Non-Switch
6597,0.004357524424910983,Non-Switch
6598,0.004358589239370426,Non-Switch
6599,0.004360473994554003,Non-Switch
66,0.10830408583145314,Non-Switch
660,0.02246092345376713,Non-Switch
6600,0.0043564740543069825,Non-Switch
6601,0.004360151527083635,Non-Switch
6602,0.00436885378203657,Non-Switch
6603,0.00436115218395262,Non-Switch
6604,0.0043635653155225385,Non-Switch
6605,0.004359515997444118,Non-Switch
6606,0.004359127692865217,Non-Switch
6607,0.004357773665393288,Non-Switch
6608,0.004357265443223843,Non-Switch
6609,0.004357973863947808,Non-Switch
661,0.020160142237753396,Non-Switch
6610,0.004356964809488448,Non-Switch
6611,0.004356121019607652,Non-Switch
6612,0.004428320142608536,Non-Switch
6613,0.004363371163233088,Non-Switch
6614,0.004362272758412148,Non-Switch
6615,0.004361406798892764,Non-Switch
6616,0.004369258881796219,Non-Switch
6617,0.00441617118066243,Non-Switch
6618,0.004371525559390013,Non-Switch
6619,0.004370046239869701,Non-Switch
662,0.014239583049993893,Non-Switch
6620,0.00436935427842287,Non-Switch
6621,0.004381756847598275,Non-Switch
6622,0.004404677230765509,Non-Switch
6623,0.004406422921852489,Non-Switch
6624,0.004397600077501782,Non-Switch
6625,0.004400173770999654,Non-Switch
6626,0.004394635056292473,Non-Switch
6627,0.004401542578230643,Non-Switch
6628,0.004435470186956711,Non-Switch
6629,0.004413689860658673,Non-Switch
663,0.014058533688755911,Non-Switch
6630,0.004421743149827493,Non-Switch
6631,0.004447370580227742,Non-Switch
6632,0.004525370758659095,Non-Switch
6633,0.00446734441688449,Non-Switch
6634,0.004432669086711506,Non-Switch
6635,0.004447854953240523,Non-Switch
6636,0.004578230566931901,Non-Switch
6637,0.004646384066794128,Non-Switch
6638,0.00469629262590584,Non-Switch
6639,0.0044445819084162905,Non-Switch
664,0.02619470979966142,Non-Switch
6640,0.004379825401812218,Non-Switch
6641,0.004418302825003007,Non-Switch
6642,0.004373407291441055,Non-Switch
6643,0.004358209668285514,Non-Switch
6644,0.004356982948283657,Non-Switch
6645,0.004357104545392274,Non-Switch
6646,0.0043568650461148035,Non-Switch
6647,0.0043555926432213106,Non-Switch
6648,0.004355529157438082,Non-Switch
6649,0.004367378493359638,Non-Switch
665,0.015701787609316252,Non-Switch
6650,0.004359067566118138,Non-Switch
6651,0.004355624218161117,Non-Switch
6652,0.0043558368451493915,Non-Switch
6653,0.004361888148773012,Non-Switch
6654,0.004357129066356167,Non-Switch
6655,0.004356457595029849,Non-Switch
6656,0.0043557132326190835,Non-Switch
6657,0.00435515361719655,Non-Switch
6658,0.0043561012012943694,Non-Switch
6659,0.004358030967562352,Non-Switch
666,0.028545048891412843,Non-Switch
6660,0.004356627562259022,Non-Switch
6661,0.004357194903464701,Non-Switch
6662,0.004355464663944008,Non-Switch
6663,0.0043633143955221585,Non-Switch
6664,0.004364121571908923,Non-Switch
6665,0.004361541832145981,Non-Switch
6666,0.004360776979614702,Non-Switch
6667,0.004364889783476351,Non-Switch
6668,0.004361968093833373,Non-Switch
6669,0.004364135008053521,Non-Switch
667,0.01968590545245704,Non-Switch
6670,0.004359568734311668,Non-Switch
6671,0.0043666677213103685,Non-Switch
6672,0.004362205577689154,Non-Switch
6673,0.004372239690475431,Non-Switch
6674,0.004381984590249222,Non-Switch
6675,0.004369942109749061,Non-Switch
6676,0.004380578833620588,Non-Switch
6677,0.004363364445160789,Non-Switch
6678,0.004360692667807346,Non-Switch
6679,0.004362831030220222,Non-Switch
668,0.015039997025181703,Non-Switch
6680,0.004360092743951016,Non-Switch
6681,0.00436574734540536,Non-Switch
6682,0.004381409187356785,Non-Switch
6683,0.004367002953118105,Non-Switch
6684,0.004357478070212117,Non-Switch
6685,0.004356340028764611,Non-Switch
6686,0.0043557280123781425,Non-Switch
6687,0.004354860373340684,Non-Switch
6688,0.0043551126369555234,Non-Switch
6689,0.004354463335267794,Non-Switch
669,0.03230527219541945,Non-Switch
6690,0.004354479794544927,Non-Switch
6691,0.004354490207556991,Non-Switch
6692,0.004354507002737739,Non-Switch
6693,0.004354477443219622,Non-Switch
6694,0.004354732729966997,Non-Switch
6695,0.004354735417195916,Non-Switch
6696,0.004354432096231602,Non-Switch
6697,0.004354412613821934,Non-Switch
6698,0.004354468037918403,Non-Switch
6699,0.004354412949725548,Non-Switch
67,0.12002093061835024,Non-Switch
670,0.009899596152820309,Non-Switch
6700,0.0043543615564724586,Non-Switch
6701,0.004354341402255561,Non-Switch
6702,0.004354340394544715,Non-Switch
6703,0.0043543467767134005,Non-Switch
6704,0.0043543501357495495,Non-Switch
6705,0.004354339050930256,Non-Switch
6706,0.0043543450971953255,Non-Switch
6707,0.00435435282297847,Non-Switch
6708,0.004354373649002597,Non-Switch
6709,0.004354549998400454,Non-Switch
671,0.0075788306871377616,Non-Switch
6710,0.004355035043220466,Non-Switch
6711,0.004361988583953886,Non-Switch
6712,0.004357007133343934,Non-Switch
6713,0.004365514900103804,Non-Switch
6714,0.004358398446117125,Non-Switch
6715,0.004404458557512166,Non-Switch
6716,0.0044078206167943645,Non-Switch
6717,0.0044864973051062604,Non-Switch
6718,0.004469384695441796,Non-Switch
6719,0.0044586851575942705,Non-Switch
672,0.007345990362929796,Non-Switch
6720,0.004795687849188864,Non-Switch
6721,0.004535201313854702,Non-Switch
6722,0.004871488530749417,Non-Switch
6723,0.004825722670921086,Non-Switch
6724,0.028152474305758204,Non-Switch
6725,0.023924065855982474,Non-Switch
6726,0.005552104832984757,Non-Switch
6727,0.011861453980369072,Non-Switch
6728,0.004960331341968271,Non-Switch
6729,0.004464346477120915,Non-Switch
673,0.008855198586901635,Non-Switch
6730,0.0046945089777103675,Non-Switch
6731,0.005870402731779945,Non-Switch
6732,0.004364491737692616,Non-Switch
6733,0.00439116382833541,Non-Switch
6734,0.004840607231907479,Non-Switch
6735,0.00438700433387128,Non-Switch
6736,0.004360896225398016,Non-Switch
6737,0.004360941236482421,Non-Switch
6738,0.004409764155110561,Non-Switch
6739,0.0043929468047236514,Non-Switch
674,0.07163729330171907,Non-Switch
6740,0.004505520198629039,Non-Switch
6741,0.004360097446601625,Non-Switch
6742,0.004359981895758077,Non-Switch
6743,0.0044061142264303355,Non-Switch
6744,0.004357106224910349,Non-Switch
6745,0.004365685539140207,Non-Switch
6746,0.004556724002080061,Non-Switch
6747,0.004395245729064482,Non-Switch
6748,0.004385155520374506,Non-Switch
6749,0.0045380155143408905,Non-Switch
675,0.010095548213839891,Non-Switch
6750,0.004413658621622481,Non-Switch
6751,0.004407265704022441,Non-Switch
6752,0.004412000265475392,Non-Switch
6753,0.004460120137837407,Non-Switch
6754,0.00450210943332267,Non-Switch
6755,0.004453148122405164,Non-Switch
6756,0.0043977703806345695,Non-Switch
6757,0.004362446084677471,Non-Switch
6758,0.004364711418656804,Non-Switch
6759,0.004366065110225119,Non-Switch
676,0.13643870618826864,Non-Switch
6760,0.004361471292386838,Non-Switch
6761,0.004361930808532112,Non-Switch
6762,0.004405760184020161,Non-Switch
6763,0.004362090698652836,Non-Switch
6764,0.004389834993634603,Non-Switch
6765,0.004388396654355317,Non-Switch
6766,0.004371911512643609,Non-Switch
6767,0.004747929409116553,Non-Switch
6768,0.004532406259874566,Non-Switch
6769,0.007408329371216955,Non-Switch
677,0.09408524818871958,Non-Switch
6770,0.0064982032291160405,Non-Switch
6771,0.004727338853422726,Non-Switch
6772,0.005931212035004547,Non-Switch
6773,0.004418769395124196,Non-Switch
6774,0.004535404535541757,Non-Switch
6775,0.004462543346515775,Non-Switch
6776,0.004517031615513938,Non-Switch
6777,0.005119266152811324,Non-Switch
6778,0.00444828423806045,Non-Switch
6779,0.0043901164808639445,Non-Switch
678,0.01255134357370279,Non-Switch
6780,0.004356514026837163,Non-Switch
6781,0.004356068954547333,Non-Switch
6782,0.004355761266836023,Non-Switch
6783,0.004355308804666664,Non-Switch
6784,0.004356272848041617,Non-Switch
6785,0.00435649622394557,Non-Switch
6786,0.0043578818263573064,Non-Switch
6787,0.00435489933816002,Non-Switch
6788,0.004355172427798987,Non-Switch
6789,0.004354736760810376,Non-Switch
679,0.012330586374332396,Non-Switch
6790,0.0043592959805763155,Non-Switch
6791,0.0043545859400872565,Non-Switch
6792,0.0044510097599922875,Non-Switch
6793,0.004358270802743438,Non-Switch
6794,0.004428693331524763,Non-Switch
6795,0.010446652139190774,Non-Switch
6796,0.025636819578093828,Non-Switch
6797,0.05608241381021561,Non-Switch
6798,0.11828454003066094,Non-Switch
6799,0.20959736339397797,Non-Switch
68,0.11237947271762369,Non-Switch
680,0.007202548770423455,Non-Switch
6800,0.33785553206239055,Non-Switch
6801,0.7746952488722435,Non-Switch
6802,0.9993667626273585,Non-Switch
6803,0.9693671409067554,Non-Switch
6804,0.588059762147249,Non-Switch
6805,0.48300854542529936,Non-Switch
6806,0.24133916936782138,Non-Switch
6807,0.12799370234704832,Non-Switch
6808,0.05892740456536658,Non-Switch
6809,0.017821401226019537,Non-Switch
681,0.007088320043503513,Non-Switch
6810,0.010171967629859212,Non-Switch
6811,0.004396978991717709,Non-Switch
6812,0.005167697743728028,Non-Switch
6813,0.008518359816271146,Non-Switch
6814,0.005249392526020397,Non-Switch
6815,0.005218478980431421,Non-Switch
6816,0.005388117695868995,Non-Switch
6817,0.004987051466828005,Non-Switch
6818,0.00624760636801372,Non-Switch
6819,0.00537085762451756,Non-Switch
682,0.00639956714800284,Non-Switch
6820,0.004506717023209164,Non-Switch
6821,0.004456838359519185,Non-Switch
6822,0.004356131432619717,Non-Switch
6823,0.004355659488040689,Non-Switch
6824,0.0043548136827382036,Non-Switch
6825,0.004354376672135132,Non-Switch
6826,0.004354370289966448,Non-Switch
6827,0.004354427393580992,Non-Switch
6828,0.004354368610448373,Non-Switch
6829,0.004354403544424329,Non-Switch
683,0.0071732122923067465,Non-Switch
6830,0.00435434543309894,Non-Switch
6831,0.0043543847338218915,Non-Switch
6832,0.004354343753580865,Non-Switch
6833,0.004354335691894106,Non-Switch
6834,0.004354337371412181,Non-Switch
6835,0.004354335691894106,Non-Switch
6836,0.004354335691894106,Non-Switch
6837,0.004354334348279646,Non-Switch
6838,0.004354333340568802,Non-Switch
6839,0.004354334348279646,Non-Switch
684,0.007831927342942661,Non-Switch
6840,0.004354335691894106,Non-Switch
6841,0.004354335020086877,Non-Switch
6842,0.004354412613821934,Non-Switch
6843,0.004354368610448373,Non-Switch
6844,0.004354384397918277,Non-Switch
6845,0.004358467642261808,Non-Switch
6846,0.004380298690005706,Non-Switch
6847,0.0043780165608456245,Non-Switch
6848,0.004362381591183397,Non-Switch
6849,0.004355214079847243,Non-Switch
685,0.0056865384982485445,Non-Switch
6850,0.004354890268762416,Non-Switch
6851,0.0043546934292440454,Non-Switch
6852,0.004355133462979652,Non-Switch
6853,0.004355527813823622,Non-Switch
6854,0.004380365198921469,Non-Switch
6855,0.004357695735754615,Non-Switch
6856,0.00436650547986434,Non-Switch
6857,0.004373590023007597,Non-Switch
6858,0.004430471269358781,Non-Switch
6859,0.0043760676480715886,Non-Switch
686,0.005083759461191298,Non-Switch
6860,0.004359980216240002,Non-Switch
6861,0.004362151497207145,Non-Switch
6862,0.00435775283936916,Non-Switch
6863,0.00435614587647516,Non-Switch
6864,0.004356309797439264,Non-Switch
6865,0.004359176062985772,Non-Switch
6866,0.004356651411415685,Non-Switch
6867,0.004358363848044783,Non-Switch
6868,0.004355613133341823,Non-Switch
6869,0.004360013470697884,Non-Switch
687,0.004599463370337543,Non-Switch
6870,0.004354414629243623,Non-Switch
6871,0.0043544374706894415,Non-Switch
6872,0.004354401864906255,Non-Switch
6873,0.004354358533339924,Non-Switch
6874,0.0043543649155086085,Non-Switch
6875,0.004354390780086961,Non-Switch
6876,0.004354819057196043,Non-Switch
6877,0.004354573175749887,Non-Switch
6878,0.004355090131413321,Non-Switch
6879,0.00435434610490617,Non-Switch
688,0.0052606728412181985,Non-Switch
6880,0.004354368610448373,Non-Switch
6881,0.004354335020086877,Non-Switch
6882,0.004354945356955271,Non-Switch
6883,0.004356321889969403,Non-Switch
6884,0.004354392795508651,Non-Switch
6885,0.0043543699540628325,Non-Switch
6886,0.0043543501357495495,Non-Switch
6887,0.004354492558882295,Non-Switch
6888,0.004354456617195494,Non-Switch
6889,0.004354417652376158,Non-Switch
689,0.004986146206585671,Non-Switch
6890,0.004354491887075066,Non-Switch
6891,0.004354588291412561,Non-Switch
6892,0.004354415301050853,Non-Switch
6893,0.004354357525629079,Non-Switch
6894,0.004354359876954384,Non-Switch
6895,0.004354355174303774,Non-Switch
6896,0.004354339386833871,Non-Switch
6897,0.00435435080755678,Non-Switch
6898,0.004354344425388095,Non-Switch
6899,0.004354352151171239,Non-Switch
69,0.15371657774406763,Non-Switch
690,0.009459828452877347,Non-Switch
6900,0.004354380031171281,Non-Switch
6901,0.004354712239846484,Non-Switch
6902,0.004354801590208065,Non-Switch
6903,0.0043547559073164295,Non-Switch
6904,0.004354691077918741,Non-Switch
6905,0.004354432432135217,Non-Switch
6906,0.004354342409966405,Non-Switch
6907,0.004354339050930256,Non-Switch
6908,0.004354335691894106,Non-Switch
6909,0.004354333340568802,Non-Switch
691,0.005156849400579072,Non-Switch
6910,0.004354340730448331,Non-Switch
6911,0.004354335691894106,Non-Switch
6912,0.004354338043219411,Non-Switch
6913,0.004354342409966405,Non-Switch
6914,0.004354337371412181,Non-Switch
6915,0.004354338043219411,Non-Switch
6916,0.004354339050930256,Non-Switch
6917,0.004354351143460395,Non-Switch
6918,0.004354355174303774,Non-Switch
6919,0.004354366930930298,Non-Switch
692,0.004898339658018988,Non-Switch
6920,0.004354355174303774,Non-Switch
6921,0.004354371969484522,Non-Switch
6922,0.004354461319846104,Non-Switch
6923,0.004354500620569054,Non-Switch
6924,0.004354413957436394,Non-Switch
6925,0.004354406567556864,Non-Switch
6926,0.004354411606111088,Non-Switch
6927,0.004354418324183388,Non-Switch
6928,0.004354371297677293,Non-Switch
6929,0.004354373649002597,Non-Switch
693,0.004674313780571356,Non-Switch
6930,0.004354387085147196,Non-Switch
6931,0.004354354166592929,Non-Switch
6932,0.0043543534947856994,Non-Switch
6933,0.004354344425388095,Non-Switch
6934,0.004354359876954384,Non-Switch
6935,0.0043543534947856994,Non-Switch
6936,0.0043543501357495495,Non-Switch
6937,0.004354355174303774,Non-Switch
6938,0.004354341066351946,Non-Switch
6939,0.004354340730448331,Non-Switch
694,0.004608838776134871,Non-Switch
6940,0.004354340394544715,Non-Switch
6941,0.0043543434176772505,Non-Switch
6942,0.004354349128038705,Non-Switch
6943,0.004354365587315838,Non-Switch
6944,0.004354745830207981,Non-Switch
6945,0.004354567801292048,Non-Switch
6946,0.004355163358401384,Non-Switch
6947,0.004355618507799663,Non-Switch
6948,0.004354934608039591,Non-Switch
6949,0.004354582245147492,Non-Switch
695,0.004543054404469002,Non-Switch
6950,0.00435494334153358,Non-Switch
6951,0.004355882528041027,Non-Switch
6952,0.004355059564184359,Non-Switch
6953,0.004355433089004201,Non-Switch
6954,0.004356340700571841,Non-Switch
6955,0.004356646036957845,Non-Switch
6956,0.0043562926663549,Non-Switch
6957,0.004355517736715173,Non-Switch
6958,0.0043591475111785,Non-Switch
6959,0.004395828857740064,Non-Switch
696,0.0045340350565035385,Non-Switch
6960,0.004358773986358658,Non-Switch
6961,0.004365265659621499,Non-Switch
6962,0.004369951515050281,Non-Switch
6963,0.004366555865406584,Non-Switch
6964,0.004386520296762114,Non-Switch
6965,0.00438491366977173,Non-Switch
6966,0.004362135373833627,Non-Switch
6967,0.004360487766602216,Non-Switch
6968,0.00435935442780532,Non-Switch
6969,0.0043587958200936305,Non-Switch
697,0.0045131062458694405,Non-Switch
6970,0.004361699035037785,Non-Switch
6971,0.004356981268765582,Non-Switch
6972,0.004360630861542192,Non-Switch
6973,0.004483694525342981,Non-Switch
6974,0.010358429070141534,Non-Switch
6975,0.021350741852086203,Non-Switch
6976,0.045467816581613925,Non-Switch
6977,0.019112231791829404,Non-Switch
6978,0.01840296324714104,Non-Switch
6979,0.04266103016001477,Non-Switch
698,0.004519378238168094,Non-Switch
6980,0.03850080476961939,Non-Switch
6981,0.03711282684751785,Non-Switch
6982,0.01348111268739971,Non-Switch
6983,0.01097530262288277,Non-Switch
6984,0.006969439051516286,Non-Switch
6985,0.004740859309828739,Non-Switch
6986,0.00474520220766664,Non-Switch
6987,0.004510324963937519,Non-Switch
6988,0.004669423695744675,Non-Switch
6989,0.004774063046264555,Non-Switch
699,0.0044386508582868285,Non-Switch
6990,0.00475901389250683,Non-Switch
6991,0.004985132113572087,Non-Switch
6992,0.014929937533930725,Non-Switch
6993,0.004888483238245028,Non-Switch
6994,0.0048021875841384645,Non-Switch
6995,0.004653952982950167,Non-Switch
6996,0.0051479640781559805,Non-Switch
6997,0.004832753469485949,Non-Switch
6998,0.004409373835109969,Non-Switch
6999,0.004496176703675133,Non-Switch
7,0.011078966509304788,Non-Switch
70,0.07350040285634724,Non-Switch
700,0.004487661547035734,Non-Switch
7000,0.004355119355027823,Non-Switch
7001,0.004354502300087129,Non-Switch
7002,0.004369604190712405,Non-Switch
7003,0.004361967086122529,Non-Switch
7004,0.004558579533649135,Non-Switch
7005,0.004611695972283776,Non-Switch
7006,0.004384112539650035,Non-Switch
7007,0.004629891871106507,Non-Switch
7008,0.004598049216118534,Non-Switch
7009,0.016176845343047586,Non-Switch
701,0.004426954358510082,Non-Switch
7010,0.004930546432525583,Non-Switch
7011,0.0060733671166655675,Non-Switch
7012,0.005197939817990685,Non-Switch
7013,0.004418316932954836,Non-Switch
7014,0.00569128615994248,Non-Switch
7015,0.019554967536114208,Non-Switch
7016,0.0070903932406150855,Non-Switch
7017,0.006561651391139818,Non-Switch
7018,0.00543543475859124,Non-Switch
7019,0.004930375457585566,Non-Switch
702,0.004412804754633236,Non-Switch
7020,0.010517794509418973,Non-Switch
7021,0.028628355675153434,Non-Switch
7022,0.2795541013505019,Non-Switch
703,0.004432642550325923,Non-Switch
7034,0.14985064422881664,Non-Switch
704,0.004416295129096353,Non-Switch
7046,0.7017434330509438,Non-Switch
7048,0.9070335769453881,Non-Switch
7049,0.8143636492330283,Non-Switch
705,0.004434503456352838,Non-Switch
7051,0.988429095989111,Non-Switch
7052,0.6697645059972233,Non-Switch
7054,0.920518736599541,Non-Switch
7055,0.9299855216162842,Non-Switch
7058,0.997631113714851,Non-Switch
706,0.004463801641457439,Non-Switch
7060,0.9344493313194284,Non-Switch
7062,0.9989945921708914,Non-Switch
7063,0.9999992288259064,Non-Switch
7064,0.9978333653122656,Non-Switch
707,0.0044565850881935,Non-Switch
7070,0.8652312158526976,Non-Switch
7078,0.9938830958045979,Non-Switch
7079,0.9997968912371664,Non-Switch
708,0.004502962292601069,Non-Switch
7083,1.0000000027478353,Non-Switch
7086,0.9994154337175527,Non-Switch
7087,0.9999987128779538,Non-Switch
7088,0.9999972510254216,Non-Switch
7089,0.9999987988692793,Non-Switch
709,0.004470232516165971,Non-Switch
7090,0.9999999167565099,Non-Switch
7091,0.999999142834581,Non-Switch
7092,0.9999375730455722,Non-Switch
7093,0.9999566631198179,Non-Switch
7096,0.9994190453532208,Non-Switch
7097,0.9997442645460024,Non-Switch
7098,0.9999511596749903,Non-Switch
7099,0.9999134094831259,Non-Switch
71,0.02186086792322003,Non-Switch
710,0.004494680253070458,Non-Switch
7100,0.9976634464532133,Non-Switch
7103,0.9997102979724569,Non-Switch
7104,0.9997895819745047,Non-Switch
711,0.004476406088705439,Non-Switch
7113,0.5282564499410382,Non-Switch
7116,0.99518913205525,Non-Switch
7117,0.9999934674071026,Non-Switch
7118,0.9999978529646996,Non-Switch
7119,0.9999736894022533,Non-Switch
712,0.004500266666090964,Non-Switch
7126,0.9999824605174473,Non-Switch
7127,0.9999352512797856,Non-Switch
7128,0.9999511596749903,Non-Switch
713,0.004528876584688499,Non-Switch
7131,0.999492051988512,Non-Switch
7132,0.9971370075589222,Non-Switch
7133,0.9995468284628118,Non-Switch
7134,0.999213182120138,Non-Switch
7135,1.0000000027478353,Non-Switch
7136,0.999985384222512,Non-Switch
7137,0.9996711719193857,Non-Switch
7138,0.9994987593118957,Non-Switch
7139,0.9998852903197099,Non-Switch
714,0.004532794900357083,Non-Switch
7140,0.999817357172619,Non-Switch
7141,0.9984112270191647,Non-Switch
7142,0.9998451323707334,Non-Switch
7143,0.9987605237830671,Non-Switch
7144,0.9991590075851162,Non-Switch
7145,0.9999136674571022,Non-Switch
7146,0.9553294009953803,Non-Switch
7147,0.8522331970571136,Non-Switch
7148,0.9875658290731052,Non-Switch
7149,0.8468908999733622,Non-Switch
715,0.004530839941317978,Non-Switch
7150,0.9932758250644013,Non-Switch
7151,0.998075000936728,Non-Switch
7152,0.9980723352056395,Non-Switch
7154,0.9982452637610821,Non-Switch
7159,0.6665940918198928,Non-Switch
716,0.004515672549487784,Non-Switch
7160,0.40004884417197917,Non-Switch
7161,0.41341585174498924,Non-Switch
7162,0.21043451044488404,Non-Switch
7163,0.5216852508255465,Non-Switch
7164,0.33404680427638284,Non-Switch
7165,0.2849788211196793,Non-Switch
7166,0.1632496943194656,Non-Switch
7167,0.04533183204935984,Non-Switch
7168,0.02319311540475526,Non-Switch
7169,0.014706867974074904,Non-Switch
717,0.004530606152401961,Non-Switch
7170,0.005963351964691764,Non-Switch
7171,0.004375573869757589,Non-Switch
7172,0.004363824633113292,Non-Switch
7173,0.004546675109534725,Non-Switch
7174,0.004430311379238057,Non-Switch
7175,0.00476571382601095,Non-Switch
7176,0.004362429289496722,Non-Switch
7177,0.004362736977208031,Non-Switch
7178,0.004359003072624065,Non-Switch
7179,0.004362812219617784,Non-Switch
718,0.004527874584205054,Non-Switch
7180,0.00437165454637816,Non-Switch
7181,0.00437215504276446,Non-Switch
7182,0.0043602761473247875,Non-Switch
7183,0.004455510532529223,Non-Switch
7184,0.0043549275540636775,Non-Switch
7185,0.004355175786835137,Non-Switch
7186,0.004359091079371186,Non-Switch
7187,0.00437075969914789,Non-Switch
7188,0.004543399377481572,Non-Switch
7189,0.0044381426361173835,Non-Switch
719,0.004497990583195952,Non-Switch
7190,0.00440136925196532,Non-Switch
7191,0.004425060198025287,Non-Switch
7192,0.004358482086117252,Non-Switch
7193,0.0045532705770145905,Non-Switch
7194,0.004402272832689579,Non-Switch
7195,0.004518592895516302,Non-Switch
7196,0.004367770828781918,Non-Switch
7197,0.00455708577027338,Non-Switch
7198,0.004358857962262399,Non-Switch
7199,0.006002975826920434,Non-Switch
72,0.022038130978910112,Non-Switch
720,0.004455541771565414,Non-Switch
7200,0.004357333967561296,Non-Switch
7201,0.0043572462967177905,Non-Switch
7202,0.004489173449206698,Non-Switch
7203,0.00435684791503044,Non-Switch
7204,0.0044258001936890575,Non-Switch
7205,0.004364123587330613,Non-Switch
7206,0.004355370610931818,Non-Switch
7207,0.004356941632139016,Non-Switch
7208,0.004391847056288252,Non-Switch
7209,0.004383278826877688,Non-Switch
721,0.004462573577841122,Non-Switch
7210,0.004393073104482879,Non-Switch
7211,0.004390551140141711,Non-Switch
7212,0.004416652194639062,Non-Switch
7213,0.004362223044677133,Non-Switch
7214,0.004362486393111266,Non-Switch
7215,0.005177259240128047,Non-Switch
7216,0.004749335165745187,Non-Switch
7217,0.004373424758429033,Non-Switch
7218,0.0056408522475769616,Non-Switch
7219,0.0053158957314222936,Non-Switch
722,0.00439556080665532,Non-Switch
7220,0.004426045403327983,Non-Switch
7221,0.00444088428142274,Non-Switch
7222,0.004362487736725726,Non-Switch
7223,0.004374683389274312,Non-Switch
7224,0.004359930838408602,Non-Switch
7225,0.004358758534792369,Non-Switch
7226,0.0043580648938274635,Non-Switch
7227,0.004355296712136525,Non-Switch
7228,0.00435464640273795,Non-Switch
7229,0.004354471396954553,Non-Switch
723,0.00440147338208596,Non-Switch
7230,0.004354538913581161,Non-Switch
7231,0.004354377008038747,Non-Switch
7232,0.00435445023502681,Non-Switch
7233,0.004354365923219453,Non-Switch
7234,0.004354362228279688,Non-Switch
7235,0.0043543518152676245,Non-Switch
7236,0.004354456617195494,Non-Switch
7237,0.004354371969484522,Non-Switch
7238,0.004355652769968389,Non-Switch
7239,0.004356187528523416,Non-Switch
724,0.004387915640378685,Non-Switch
7240,0.0043545365622558565,Non-Switch
7241,0.004356077352137707,Non-Switch
7242,0.004364576385403588,Non-Switch
7243,0.004355195941052035,Non-Switch
7244,0.00435525035743766,Non-Switch
7245,0.0043550911391241655,Non-Switch
7246,0.00435449625382206,Non-Switch
7247,0.004354629943460817,Non-Switch
7248,0.00435439682635203,Non-Switch
7249,0.0043549870090035265,Non-Switch
725,0.004368263599385074,Non-Switch
7250,0.004355081062015717,Non-Switch
7251,0.004355083077437406,Non-Switch
7252,0.004354555708761909,Non-Switch
7253,0.004354835852376791,Non-Switch
7254,0.004355033027798777,Non-Switch
7255,0.004354911766593774,Non-Switch
7256,0.004379665847595109,Non-Switch
7257,0.004357767955031833,Non-Switch
7258,0.004356600689969825,Non-Switch
7259,0.0043832314644679776,Non-Switch
726,0.004365960308297249,Non-Switch
7260,0.0043637994403421705,Non-Switch
7261,0.004380145853860896,Non-Switch
7262,0.0043628552152805,Non-Switch
7263,0.004393595770507767,Non-Switch
7264,0.00439506837195578,Non-Switch
7265,0.004397801955574376,Non-Switch
7266,0.004560918094616531,Non-Switch
7267,0.005397142754195912,Non-Switch
7268,0.055512173084532934,Non-Switch
7269,0.010293906016549862,Non-Switch
727,0.004377652105423385,Non-Switch
7270,0.013368821452530894,Non-Switch
7271,0.01734857254867712,Non-Switch
7272,0.005008721280836719,Non-Switch
7273,0.14177648872743492,Non-Switch
7274,0.06098943892800678,Non-Switch
7275,0.05859614448197346,Non-Switch
7276,0.1333343440977852,Non-Switch
7277,0.10227662061557996,Non-Switch
7278,0.22111592293334592,Non-Switch
7279,0.37052324963281663,Non-Switch
728,0.004364544138656551,Non-Switch
7280,0.670721847423251,Non-Switch
7281,0.6226799557572578,Non-Switch
7282,0.8747511435085574,Non-Switch
7283,0.9999889958581801,Non-Switch
7284,0.9999817725868438,Non-Switch
7285,0.9999265661559169,Non-Switch
7286,0.9998529575813476,Non-Switch
7287,0.9994831948819926,Non-Switch
7288,0.9999406687332877,Non-Switch
7289,0.9998502058589338,Non-Switch
729,0.004362991592148176,Non-Switch
7291,0.5715802125589238,Non-Switch
7292,0.5281681368498201,Non-Switch
7293,0.5157779477380481,Non-Switch
7294,0.40927184378112447,Non-Switch
7295,0.12318987219423268,Non-Switch
7296,0.029785879532327728,Non-Switch
7297,0.013346872166714529,Non-Switch
7298,0.00489306765078209,Non-Switch
7299,0.004446474053479396,Non-Switch
73,0.011218540507588406,Non-Switch
730,0.004357122012380253,Non-Switch
7300,0.004423407216336037,Non-Switch
7301,0.004392917917012765,Non-Switch
7302,0.007023301196176152,Non-Switch
7303,0.02439800973332658,Non-Switch
7304,0.012890803736144478,Non-Switch
7305,0.004584555296098103,Non-Switch
7306,0.0043563998196080745,Non-Switch
7307,0.004358611744912629,Non-Switch
7308,0.004355886558884406,Non-Switch
7309,0.004354713583460943,Non-Switch
731,0.004358844526117801,Non-Switch
7310,0.004354779756473092,Non-Switch
7311,0.0043547710229791025,Non-Switch
7312,0.004354525477436562,Non-Switch
7313,0.0043544011930990245,Non-Switch
7314,0.004354352487074855,Non-Switch
7315,0.004354338715026641,Non-Switch
7316,0.00435434879213509,Non-Switch
7317,0.004354338043219411,Non-Switch
7318,0.004354343753580865,Non-Switch
7319,0.004354334348279646,Non-Switch
732,0.004358669856238018,Non-Switch
7320,0.004354333340568802,Non-Switch
7321,0.004354333340568802,Non-Switch
7322,0.004354332668761571,Non-Switch
7323,0.004354333340568802,Non-Switch
7324,0.004354332668761571,Non-Switch
7325,0.004354332668761571,Non-Switch
7326,0.004354335020086877,Non-Switch
7327,0.004354332668761571,Non-Switch
7328,0.004354332668761571,Non-Switch
7329,0.004354332668761571,Non-Switch
733,0.004356479092861207,Non-Switch
7330,0.004354332668761571,Non-Switch
7331,0.004354332668761571,Non-Switch
7332,0.004354335691894106,Non-Switch
7333,0.004354332668761571,Non-Switch
7334,0.004354335020086877,Non-Switch
7335,0.004354336363701336,Non-Switch
7336,0.004354339050930256,Non-Switch
7337,0.004354344425388095,Non-Switch
7338,0.004354363907797763,Non-Switch
7339,0.004354370625870063,Non-Switch
734,0.004357317508284163,Non-Switch
7340,0.004354356853821849,Non-Switch
7341,0.004354344425388095,Non-Switch
7342,0.004354381710689356,Non-Switch
7343,0.004354356853821849,Non-Switch
7344,0.004354359876954384,Non-Switch
7345,0.004354426721773762,Non-Switch
7346,0.004354384397918277,Non-Switch
7347,0.004354403544424329,Non-Switch
7348,0.004354354166592929,Non-Switch
7349,0.004354337371412181,Non-Switch
735,0.004356993697199336,Non-Switch
7350,0.004354335691894106,Non-Switch
7351,0.004354334348279646,Non-Switch
7352,0.004354332668761571,Non-Switch
7353,0.004354333340568802,Non-Switch
7354,0.004354335691894106,Non-Switch
7355,0.004354334348279646,Non-Switch
7356,0.004354332668761571,Non-Switch
7357,0.004354332668761571,Non-Switch
7358,0.004354332668761571,Non-Switch
7359,0.004354333340568802,Non-Switch
736,0.004357300713103415,Non-Switch
7360,0.004354332668761571,Non-Switch
7361,0.004354333340568802,Non-Switch
7362,0.004354334348279646,Non-Switch
7363,0.004354335691894106,Non-Switch
7364,0.004354357525629079,Non-Switch
7365,0.0043543632359905335,Non-Switch
7366,0.004354359876954384,Non-Switch
7367,0.004354385069725506,Non-Switch
7368,0.0043543649155086085,Non-Switch
7369,0.004354368610448373,Non-Switch
737,0.004357211026838219,Non-Switch
7370,0.004354380031171281,Non-Switch
7371,0.004354434783460521,Non-Switch
7372,0.004354422019123153,Non-Switch
7373,0.0043544623275569485,Non-Switch
7374,0.004354366930930298,Non-Switch
7375,0.004354390444183346,Non-Switch
7376,0.0043544011930990245,Non-Switch
7377,0.004354374320809828,Non-Switch
7378,0.004354352151171239,Non-Switch
7379,0.004354352151171239,Non-Switch
738,0.0043573306085251465,Non-Switch
7380,0.004354342409966405,Non-Switch
7381,0.004354335691894106,Non-Switch
7382,0.004354335020086877,Non-Switch
7383,0.004354334348279646,Non-Switch
7384,0.004354334348279646,Non-Switch
7385,0.004354334348279646,Non-Switch
7386,0.004354333340568802,Non-Switch
7387,0.004354334348279646,Non-Switch
7388,0.004354334348279646,Non-Switch
7389,0.004354334348279646,Non-Switch
739,0.004357762580573994,Non-Switch
7390,0.004354334348279646,Non-Switch
7391,0.004354334348279646,Non-Switch
7392,0.004354339722737486,Non-Switch
7393,0.004354339050930256,Non-Switch
7394,0.004354341066351946,Non-Switch
7395,0.004354343081773636,Non-Switch
7396,0.004354339722737486,Non-Switch
7397,0.00435434543309894,Non-Switch
7398,0.004354352151171239,Non-Switch
7399,0.004354347784424245,Non-Switch
74,0.006079076134505536,Non-Switch
740,0.004357333631657682,Non-Switch
7400,0.004354357189725464,Non-Switch
7401,0.0043543615564724586,Non-Switch
7402,0.0043543501357495495,Non-Switch
7403,0.004354344425388095,Non-Switch
7404,0.004354373649002597,Non-Switch
7405,0.004354367938641143,Non-Switch
7406,0.00435434610490617,Non-Switch
7407,0.004354343753580865,Non-Switch
7408,0.0043543484562314745,Non-Switch
7409,0.004354343753580865,Non-Switch
741,0.0043582331815385615,Non-Switch
7410,0.004354341402255561,Non-Switch
7411,0.004354339050930256,Non-Switch
7412,0.004354342409966405,Non-Switch
7413,0.004354349128038705,Non-Switch
7414,0.004354340394544715,Non-Switch
7415,0.0043543518152676245,Non-Switch
7416,0.004354342409966405,Non-Switch
7417,0.004354349128038705,Non-Switch
7418,0.004354358533339924,Non-Switch
7419,0.00435434543309894,Non-Switch
742,0.0043566141261144236,Non-Switch
7420,0.004354343753580865,Non-Switch
7421,0.004354338043219411,Non-Switch
7422,0.004354338043219411,Non-Switch
7423,0.004354340394544715,Non-Switch
7424,0.004354335691894106,Non-Switch
7425,0.004354335020086877,Non-Switch
7426,0.004354339050930256,Non-Switch
7427,0.00435479991068999,Non-Switch
7428,0.004354799574786375,Non-Switch
7429,0.004354451914544885,Non-Switch
743,0.004358152564670969,Non-Switch
7430,0.004354499948761825,Non-Switch
7431,0.0043551307757507315,Non-Switch
7432,0.00435435483840016,Non-Switch
7433,0.004354441165629205,Non-Switch
7434,0.004354439150207516,Non-Switch
7435,0.0043543649155086085,Non-Switch
7436,0.004354342745870021,Non-Switch
7437,0.0043543501357495495,Non-Switch
7438,0.00435434744852063,Non-Switch
7439,0.004354448555508735,Non-Switch
744,0.004359709813829954,Non-Switch
7440,0.004355078710690412,Non-Switch
7441,0.004354378351653207,Non-Switch
7442,0.004354491887075066,Non-Switch
7443,0.004354353830689314,Non-Switch
7444,0.004354374320809828,Non-Switch
7445,0.004354379695267667,Non-Switch
7446,0.004354427729484607,Non-Switch
7447,0.004354481138159387,Non-Switch
7448,0.004354539249484776,Non-Switch
7449,0.004354898330449175,Non-Switch
745,0.004358483765635327,Non-Switch
7450,0.004354548654785995,Non-Switch
7451,0.004354570824424583,Non-Switch
7452,0.004354606094304154,Non-Switch
7453,0.004354516408038958,Non-Switch
7454,0.004354393803219495,Non-Switch
7455,0.004354386749243581,Non-Switch
7456,0.004354481809966617,Non-Switch
7457,0.00435444821960512,Non-Switch
7458,0.004354466694303943,Non-Switch
7459,0.004354436127074981,Non-Switch
746,0.004360228784915077,Non-Switch
7460,0.004354382046592971,Non-Switch
7461,0.004354403880327945,Non-Switch
7462,0.004354452586352114,Non-Switch
7463,0.004354439486111131,Non-Switch
7464,0.004354357525629079,Non-Switch
7465,0.004354392123701421,Non-Switch
7466,0.004354370961773678,Non-Switch
7467,0.004354362900086919,Non-Switch
7468,0.004354364579604994,Non-Switch
7469,0.004354386749243581,Non-Switch
747,0.004357656099128049,Non-Switch
7470,0.004354377343942362,Non-Switch
7471,0.004366422175767828,Non-Switch
7472,0.004355477428281377,Non-Switch
7473,0.004354406903460479,Non-Switch
7474,0.004354481809966617,Non-Switch
7475,0.004354509689966659,Non-Switch
7476,0.004354405895749635,Non-Switch
7477,0.004354730378641692,Non-Switch
7478,0.004354390780086961,Non-Switch
7479,0.004354502635990745,Non-Switch
748,0.004355884543462717,Non-Switch
7480,0.004354376000327902,Non-Switch
7481,0.004354338043219411,Non-Switch
7482,0.00435434207406279,Non-Switch
7483,0.004354338043219411,Non-Switch
7484,0.004354334348279646,Non-Switch
7485,0.004354333340568802,Non-Switch
7486,0.004354333340568802,Non-Switch
7487,0.004354333340568802,Non-Switch
7488,0.004354332668761571,Non-Switch
7489,0.004354332668761571,Non-Switch
749,0.004356904346837755,Non-Switch
7490,0.004354333340568802,Non-Switch
7491,0.004354332668761571,Non-Switch
7492,0.004354332668761571,Non-Switch
7493,0.004354333340568802,Non-Switch
7494,0.004354334348279646,Non-Switch
7495,0.004354332668761571,Non-Switch
7496,0.004354333340568802,Non-Switch
7497,0.004354360548761614,Non-Switch
7498,0.004354340394544715,Non-Switch
7499,0.004354337371412181,Non-Switch
75,0.004737344750305346,Non-Switch
750,0.00435615326635469,Non-Switch
7500,0.004354341066351946,Non-Switch
7501,0.004354351143460395,Non-Switch
7502,0.0043544737482798575,Non-Switch
7503,0.00435744447985062,Non-Switch
7504,0.00435925231310637,Non-Switch
7505,0.004401761587387601,Non-Switch
7506,0.004423120018745241,Non-Switch
7507,0.004356366229246578,Non-Switch
7508,0.004399161357504146,Non-Switch
7509,0.004380718233620799,Non-Switch
751,0.004355762274546869,Non-Switch
7510,0.0043723364307165415,Non-Switch
7511,0.004365907907333315,Non-Switch
7512,0.004361518990700163,Non-Switch
7513,0.004360719204192928,Non-Switch
7514,0.004358375268767692,Non-Switch
7515,0.004355739433101051,Non-Switch
7516,0.0043628736899793226,Non-Switch
7517,0.008624791548480486,Non-Switch
7518,0.006044381993730114,Non-Switch
7519,0.0061428897596623976,Non-Switch
752,0.004355570137679108,Non-Switch
7520,0.005439253646789793,Non-Switch
7521,0.0047995373046163785,Non-Switch
7522,0.005327413866379493,Non-Switch
7523,0.005321968196973657,Non-Switch
7524,0.004772947846262867,Non-Switch
7525,0.005070818438521102,Non-Switch
7526,0.004716032673646571,Non-Switch
7527,0.005304596605622053,Non-Switch
7528,0.004493174733068178,Non-Switch
7529,0.004643021335704699,Non-Switch
753,0.004355270847558173,Non-Switch
7530,0.004482674050160712,Non-Switch
7531,0.028662292689180722,Non-Switch
7532,0.005987786265451652,Non-Switch
7533,0.004585811239714463,Non-Switch
7534,0.006250374885608274,Non-Switch
7535,0.004833430315270106,Non-Switch
7536,0.004583676908144966,Non-Switch
7537,0.004683044923235178,Non-Switch
7538,0.006061015940743252,Non-Switch
7539,0.004571413067162542,Non-Switch
754,0.004355620187317738,Non-Switch
7540,0.004420721331030765,Non-Switch
7541,0.004414195395599198,Non-Switch
7542,0.004405476681369129,Non-Switch
7543,0.004412479599933949,Non-Switch
7544,0.017439627957007757,Non-Switch
7545,0.010898791169272948,Non-Switch
7546,0.02289259184574602,Non-Switch
7547,0.06204791690165762,Non-Switch
7548,0.013059252680977839,Non-Switch
7549,0.007999266462232174,Non-Switch
755,0.004355121370449513,Non-Switch
7550,0.019471495487795053,Non-Switch
7551,0.009699704614204399,Non-Switch
7552,0.13313254395482904,Non-Switch
7553,0.02480675337539124,Non-Switch
7554,0.034856234423860176,Non-Switch
7555,0.005548586242617984,Non-Switch
7556,0.032212452621303005,Non-Switch
7557,0.02047013290424685,Non-Switch
7558,0.08879156307612608,Non-Switch
7559,0.007935631537798476,Non-Switch
756,0.004355029332859012,Non-Switch
7560,0.045495312307920616,Non-Switch
7561,0.04213343575728823,Non-Switch
7562,0.05715282845472789,Non-Switch
7563,0.035168963376622835,Non-Switch
7564,0.03636893738904213,Non-Switch
7565,0.02864298494939245,Non-Switch
7566,0.1949650794585702,Non-Switch
7567,0.8471403608084387,Non-Switch
7568,0.953940039150385,Non-Switch
7569,0.6943466312199852,Non-Switch
757,0.004355474741052457,Non-Switch
7570,0.7804109202910181,Non-Switch
7571,0.8728228740270836,Non-Switch
7572,0.007636686725779578,Non-Switch
7573,0.005865899607917706,Non-Switch
7574,0.006736117041524459,Non-Switch
7575,0.007990774147038594,Non-Switch
7576,0.004964108578118569,Non-Switch
7577,0.00485419453313287,Non-Switch
7578,0.004618958544342964,Non-Switch
7579,0.004617748619521855,Non-Switch
758,0.0043557444716552755,Non-Switch
7580,0.004458112106027138,Non-Switch
7581,0.004477893134008895,Non-Switch
7582,0.004434047299243713,Non-Switch
7583,0.004443783465523515,Non-Switch
7584,0.004418658882834872,Non-Switch
7585,0.004483260873776059,Non-Switch
7586,0.0044117762177642095,Non-Switch
7587,0.004602084426245126,Non-Switch
7588,0.004443629621667861,Non-Switch
7589,0.005032799187861127,Non-Switch
759,0.004355089123702476,Non-Switch
7590,0.004369310610952924,Non-Switch
7592,0.4592635887512748,Non-Switch
7593,0.19551329565602676,Non-Switch
7594,0.005068465769601877,Non-Switch
7595,0.00832074704777917,Non-Switch
7596,0.006225276167497983,Non-Switch
7597,0.004982123760796447,Non-Switch
7598,0.006481557861379994,Non-Switch
7599,0.004934445937591728,Non-Switch
76,0.0046687203135749355,Non-Switch
760,0.0043557726875589325,Non-Switch
7600,0.0414046082169076,Non-Switch
7601,0.013721958266559555,Non-Switch
7602,0.01299311325919095,Non-Switch
7603,0.008399314231512587,Non-Switch
7604,0.00742197982232196,Non-Switch
7605,0.004715650079429124,Non-Switch
7606,0.005779294922485373,Non-Switch
7607,0.005938831000799215,Non-Switch
7608,0.010333879218538096,Non-Switch
7609,0.020322117648119125,Non-Switch
761,0.0043577232798510425,Non-Switch
7610,0.03945621676528284,Non-Switch
7611,0.15165207650527912,Non-Switch
7612,0.07203593833750338,Non-Switch
7613,0.03214274590312518,Non-Switch
7614,0.036001727557160836,Non-Switch
7615,0.026611028740050807,Non-Switch
7616,0.025244191247860794,Non-Switch
7617,0.01781986278746299,Non-Switch
7618,0.03318133032108324,Non-Switch
7619,0.015457627333283918,Non-Switch
762,0.004358515676478748,Non-Switch
7620,0.023139220341541127,Non-Switch
7621,0.07269754484645692,Non-Switch
7622,0.0431262754773457,Non-Switch
7623,0.049847634257643,Non-Switch
7624,0.0253707946639561,Non-Switch
7625,0.04410848720702564,Non-Switch
7626,0.04613350767852546,Non-Switch
7627,0.06245762794613338,Non-Switch
7628,0.066839670647708,Non-Switch
7629,0.02774714075719268,Non-Switch
763,0.004359632891902126,Non-Switch
7630,0.013088844445841921,Non-Switch
7631,0.010984178540004642,Non-Switch
7632,0.004833222390932442,Non-Switch
7633,0.007404592779404068,Non-Switch
7634,0.038677995270128634,Non-Switch
7635,0.008537570144011075,Non-Switch
7636,0.007281437749820008,Non-Switch
7637,0.0109054783384397,Non-Switch
7638,0.013145831165928205,Non-Switch
7639,0.008012980735024024,Non-Switch
764,0.004365159178175555,Non-Switch
7640,0.008071309725955713,Non-Switch
7641,0.015662861754799483,Non-Switch
7642,0.011602194165036767,Non-Switch
7643,0.010982676379038513,Non-Switch
7644,0.009136713360339926,Non-Switch
7645,0.007486652688925905,Non-Switch
7646,0.0059839092659277095,Non-Switch
7647,0.00784575313573468,Non-Switch
7648,0.009551254026991678,Non-Switch
7649,0.016259867280522686,Non-Switch
765,0.004360536472626387,Non-Switch
7650,0.011751246691527507,Non-Switch
7651,0.06323085119549689,Non-Switch
7652,0.08324933616074665,Non-Switch
7653,0.007692098057911669,Non-Switch
7654,0.006623029043280943,Non-Switch
7655,0.26414765901006654,Non-Switch
7656,0.0073689594521212,Non-Switch
7657,0.05693714608717241,Non-Switch
7658,0.01794072359535683,Non-Switch
7659,0.004867786537008872,Non-Switch
766,0.004360038999372621,Non-Switch
7660,0.004552261186651617,Non-Switch
7661,0.006013341140671067,Non-Switch
7662,0.004545946534593863,Non-Switch
7663,0.004371875235053193,Non-Switch
7664,0.004365785638417467,Non-Switch
7665,0.004358928502021542,Non-Switch
7666,0.0043683888914334565,Non-Switch
7667,0.004380693040849677,Non-Switch
7668,0.004365975759863538,Non-Switch
7669,0.004363277782028128,Non-Switch
767,0.0043606886369639665,Non-Switch
7670,0.004365469217212169,Non-Switch
7671,0.00436164864949554,Non-Switch
7672,0.00436075044322912,Non-Switch
7673,0.004364250222993455,Non-Switch
7674,0.004368637460108532,Non-Switch
7675,0.0043699649511948786,Non-Switch
7676,0.004655875695242235,Non-Switch
7677,0.004723283824982851,Non-Switch
7678,0.005081824656369091,Non-Switch
7679,0.005287862223428041,Non-Switch
768,0.004360691996000116,Non-Switch
7680,0.009504478104993145,Non-Switch
7681,0.014279985536802054,Non-Switch
7682,0.06658654443238497,Non-Switch
7683,0.15370920398791188,Non-Switch
7684,0.29051692045143807,Non-Switch
7685,0.30072843334208005,Non-Switch
7686,0.020752021874312212,Non-Switch
7687,0.5256460542705796,Non-Switch
7688,0.06447013667978294,Non-Switch
7689,0.12449113592632341,Non-Switch
769,0.0043613241666034825,Non-Switch
7690,0.012524201217999043,Non-Switch
7691,0.017379838457158195,Non-Switch
7692,0.009406734855688523,Non-Switch
7693,0.008385751787154701,Non-Switch
7694,0.005141799910917732,Non-Switch
7695,0.005000904803716451,Non-Switch
7696,0.005240434984320087,Non-Switch
7697,0.050305672427011214,Non-Switch
7698,0.036788841092810436,Non-Switch
7699,0.014765991041152374,Non-Switch
77,0.004467559731101683,Non-Switch
770,0.004359139449491741,Non-Switch
7700,0.012835632239193472,Non-Switch
7701,0.008064776400644616,Non-Switch
7702,0.007035513308001871,Non-Switch
7703,0.005199402006426633,Non-Switch
7704,0.029278116879028804,Non-Switch
7705,0.039589731734159694,Non-Switch
7706,0.030339118160635267,Non-Switch
7707,0.047417202307938985,Non-Switch
7708,0.05899733701077368,Non-Switch
7709,0.05846827538105696,Non-Switch
771,0.004452999653007349,Non-Switch
7710,0.13126512408501365,Non-Switch
7711,0.6810956689406448,Non-Switch
7712,0.403729014926467,Non-Switch
7713,0.07014705825753499,Non-Switch
7714,0.06564435897746444,Non-Switch
7715,0.02595181386483582,Non-Switch
7716,0.02214979877666955,Non-Switch
7717,0.012957180977690762,Non-Switch
7718,0.007637490879033808,Non-Switch
7719,0.010526597871360012,Non-Switch
772,0.004474106492557379,Non-Switch
7720,0.006972727547906807,Non-Switch
7721,0.004481326068953852,Non-Switch
7722,0.004387736267848293,Non-Switch
7723,0.004365813854321124,Non-Switch
7724,0.004365629779140122,Non-Switch
7725,0.004408844451012783,Non-Switch
7726,0.004424866045735836,Non-Switch
7727,0.004386998623509827,Non-Switch
7728,0.0043799755507281084,Non-Switch
7729,0.004370284731436327,Non-Switch
773,0.004388673438934049,Non-Switch
7730,0.00436125362684434,Non-Switch
7731,0.004361989927568346,Non-Switch
7732,0.004357252678886475,Non-Switch
7733,0.004546467521100676,Non-Switch
7734,0.0043607235709399225,Non-Switch
7735,0.00436035474877069,Non-Switch
7736,0.004356316179607948,Non-Switch
7737,0.0043576077290074944,Non-Switch
7738,0.004356821378644858,Non-Switch
7739,0.004357426005151798,Non-Switch
774,0.004378582894340457,Non-Switch
7740,0.0043563024075597345,Non-Switch
7741,0.004427047739715043,Non-Switch
7742,0.004392676738217219,Non-Switch
7743,0.004362107493833585,Non-Switch
7744,0.004457620007231212,Non-Switch
7745,0.0043651131593803036,Non-Switch
7746,0.004526336817455738,Non-Switch
7747,0.0043878571931496805,Non-Switch
7748,0.004388758086645021,Non-Switch
7749,0.004407086667395663,Non-Switch
775,0.0043865451536296216,Non-Switch
7750,0.004386241832665307,Non-Switch
7751,0.0046764222475625,Non-Switch
7752,0.004749597170564861,Non-Switch
7753,0.004627563051343944,Non-Switch
7754,0.004415279020661079,Non-Switch
7755,0.004381511302055735,Non-Switch
7756,0.004389736237971803,Non-Switch
7757,0.004529432169267654,Non-Switch
7758,0.00436575137624874,Non-Switch
7759,0.004514171060328884,Non-Switch
776,0.004380341349764807,Non-Switch
7760,0.004356319538644098,Non-Switch
7761,0.004356600689969825,Non-Switch
7762,0.0043600353044328565,Non-Switch
7763,0.0043647188085363334,Non-Switch
7764,0.0043550662822566585,Non-Switch
7765,0.004363273751184748,Non-Switch
7766,0.004646055553058691,Non-Switch
7767,0.004477857192322094,Non-Switch
7768,0.0043648572008257,Non-Switch
7769,0.004385295256278332,Non-Switch
777,0.004373052913127265,Non-Switch
7770,0.004360215684674093,Non-Switch
7771,0.0044048633213682005,Non-Switch
7772,0.004399546638950512,Non-Switch
7773,0.004357494193585635,Non-Switch
7774,0.004375276259154728,Non-Switch
7775,0.0043646529714278,Non-Switch
7776,0.004354616843219833,Non-Switch
7777,0.004354413285629163,Non-Switch
7778,0.004367123878419493,Non-Switch
7779,0.004845683407336851,Non-Switch
778,0.004370840987822712,Non-Switch
7780,0.004742279846216432,Non-Switch
7781,0.004972443690420345,Non-Switch
7782,0.004880239491726522,Non-Switch
7783,0.005133813802471905,Non-Switch
7784,0.005653405637475487,Non-Switch
7785,0.007121338697047482,Non-Switch
7786,0.005130357690177515,Non-Switch
7787,0.04125951935307347,Non-Switch
7788,0.006753221925405779,Non-Switch
7789,0.004445762273719282,Non-Switch
779,0.004362046359375661,Non-Switch
7790,0.005243870270590348,Non-Switch
7791,0.029165664410424806,Non-Switch
7792,0.004431194133938188,Non-Switch
7793,0.03787815233108627,Non-Switch
7794,0.39041708479739573,Non-Switch
7795,0.004498139052593767,Non-Switch
7796,0.02553086751624666,Non-Switch
7797,0.042151695477797804,Non-Switch
7798,0.06591629042076774,Non-Switch
7799,0.05319182078029679,Non-Switch
78,0.004354524805629333,Non-Switch
780,0.004373662578188429,Non-Switch
7800,0.0245993019900169,Non-Switch
7801,0.02650554156880675,Non-Switch
7802,0.012096933163376213,Non-Switch
7806,0.6227867999791064,Non-Switch
7807,0.43121308940856257,Non-Switch
781,0.004363474621546497,Non-Switch
7814,0.04573934494057926,Non-Switch
7815,0.04245364864259234,Non-Switch
7816,0.07709903233649472,Non-Switch
7817,0.05094585097255882,Non-Switch
7818,0.06911751636489183,Non-Switch
7819,0.1953540397213278,Non-Switch
782,0.004374690443250227,Non-Switch
7820,0.04750768668012418,Non-Switch
7821,0.5740568487226737,Non-Switch
7822,0.2257641840295405,Non-Switch
7823,0.10434286317870846,Non-Switch
7824,0.052512053978303705,Non-Switch
7825,0.04398298286755851,Non-Switch
7826,0.03619665108131139,Non-Switch
7827,0.034222999677841155,Non-Switch
783,0.004366615992153664,Non-Switch
7833,0.2437266755227616,Non-Switch
7834,0.012284675068238786,Non-Switch
7835,0.11515354212712511,Non-Switch
7836,0.0924629358431307,Non-Switch
7837,0.6052533837019566,Non-Switch
7838,0.4141078669363985,Non-Switch
7839,0.737812537498809,Non-Switch
784,0.00439165827845664,Non-Switch
7840,0.4439293576263705,Non-Switch
7843,0.05411817845688011,Non-Switch
7845,0.03135396897277426,Non-Switch
7846,0.012293995721746874,Non-Switch
7847,0.007864446171907562,Non-Switch
7848,0.008788812611861362,Non-Switch
7849,0.007418990951955989,Non-Switch
785,0.004374190618671157,Non-Switch
7850,0.00661685177580171,Non-Switch
7851,0.006133048455551111,Non-Switch
7852,0.004631796108699751,Non-Switch
7853,0.0049651156171562376,Non-Switch
7854,0.0050630775397142004,Non-Switch
7855,0.0050597934100706735,Non-Switch
7856,0.005058631519466505,Non-Switch
7857,0.0056302313111753375,Non-Switch
7858,0.00545734642320273,Non-Switch
7859,0.006757201039628671,Non-Switch
786,0.0043636758278118625,Non-Switch
7860,0.0055295102763240405,Non-Switch
7861,0.005547121702856731,Non-Switch
7862,0.009482639667369716,Non-Switch
7863,0.006680057415415482,Non-Switch
7864,0.007382439264189802,Non-Switch
7865,0.006505856457079436,Non-Switch
7866,0.006427449163466743,Non-Switch
7867,0.007475455677824615,Non-Switch
7868,0.007188640345342155,Non-Switch
7869,0.014787323607931661,Non-Switch
787,0.004366737925165897,Non-Switch
7870,0.013308094109788345,Non-Switch
7871,0.01732487387683401,Non-Switch
7872,0.020146246577009464,Non-Switch
7873,0.012008585138182204,Non-Switch
7874,0.015171200977187589,Non-Switch
7875,0.03985336770178778,Non-Switch
7876,0.07805373490372336,Non-Switch
7877,0.0161648898615837,Non-Switch
7878,0.009292982440094605,Non-Switch
7879,0.03197952630576961,Non-Switch
788,0.004370377440834058,Non-Switch
7880,0.009470915959400158,Non-Switch
7881,0.017357193179051617,Non-Switch
7882,0.045963922035859056,Non-Switch
7883,0.052092647411885545,Non-Switch
7884,0.059173323632726885,Non-Switch
7885,0.15945977713589593,Non-Switch
7886,0.05753826844760064,Non-Switch
7887,0.05820164852764121,Non-Switch
7888,0.16315841452752014,Non-Switch
7889,0.941916302071939,Non-Switch
789,0.004376190588794667,Non-Switch
7890,0.6985002702122983,Non-Switch
7891,0.5410619771546439,Non-Switch
7892,0.7116708306023604,Non-Switch
7893,0.3432466507211557,Non-Switch
7894,0.33800279220719187,Non-Switch
7895,0.27641189232791297,Non-Switch
7896,0.6834637840517003,Non-Switch
7897,0.3587001733122647,Non-Switch
7898,0.6450039917698538,Non-Switch
7899,0.9913747288417638,Non-Switch
79,0.004354542944424541,Non-Switch
790,0.004383828365191773,Non-Switch
7900,0.9962081292616122,Non-Switch
7901,0.9930211187584734,Non-Switch
7902,0.6593506125221784,Non-Switch
7903,0.4607659861935496,Non-Switch
7904,0.6750208117555433,Non-Switch
7905,0.5429931703411823,Non-Switch
7906,0.40087135119973055,Non-Switch
7907,0.23875839770897406,Non-Switch
7908,0.20432265549201561,Non-Switch
7909,0.6172900194792174,Non-Switch
791,0.004369004938663305,Non-Switch
7910,0.9661901913886921,Non-Switch
7911,0.984202708335483,Non-Switch
7912,0.7633699333389512,Non-Switch
7913,0.9825922627928035,Non-Switch
7914,0.02256885331609922,Non-Switch
7915,0.3578941121255021,Non-Switch
7916,0.012116758194731531,Non-Switch
792,0.004386536084232017,Non-Switch
7920,0.007573950679419529,Non-Switch
7922,0.0072209200109331975,Non-Switch
7923,0.006122994860355166,Non-Switch
7924,0.00560440166679888,Non-Switch
7925,0.01022451034511949,Non-Switch
7926,0.0059692746172308525,Non-Switch
7927,0.005921407680290907,Non-Switch
7928,0.006832106202151723,Non-Switch
7929,0.004732089874152811,Non-Switch
793,0.004370553118424685,Non-Switch
7930,0.005872688891783407,Non-Switch
7931,0.008868726097283564,Non-Switch
7932,0.009006720004962379,Non-Switch
7933,0.0052758237737712595,Non-Switch
7934,0.005690247545965004,Non-Switch
7935,0.0045756928151208295,Non-Switch
7936,0.11438892875922042,Non-Switch
7937,0.006331130817296811,Non-Switch
794,0.004371686121317967,Non-Switch
7941,0.012661538770014214,Non-Switch
795,0.004379768634101289,Non-Switch
7953,0.18533129928783912,Non-Switch
7955,0.26694760105960713,Non-Switch
7956,0.388513150861019,Non-Switch
7959,0.23366897961548505,Non-Switch
796,0.004393601480869222,Non-Switch
7965,0.9075813416883861,Non-Switch
7966,0.8893277910564111,Non-Switch
7967,0.9157594607022144,Non-Switch
7968,0.1311603866506382,Non-Switch
7969,0.16413125588995697,Non-Switch
797,0.004384907959410276,Non-Switch
7970,0.006895275564175079,Non-Switch
7971,0.006918189565173629,Non-Switch
7972,0.0045780807539196255,Non-Switch
7973,0.004627544576645121,Non-Switch
7974,0.00455248254713388,Non-Switch
7975,0.010010751361663307,Non-Switch
7976,0.007179468161231882,Non-Switch
798,0.004392000228336676,Non-Switch
7981,0.005160584648777499,Non-Switch
7982,0.004878465584735884,Non-Switch
7983,0.004591605577072634,Non-Switch
7984,0.004514748814546626,Non-Switch
7985,0.004429618745983996,Non-Switch
7986,0.004398731400876988,Non-Switch
7987,0.004386170285195319,Non-Switch
7988,0.004405684605706794,Non-Switch
7989,0.0043985228047320945,Non-Switch
799,0.004398152303044786,Non-Switch
7990,0.004378781413376903,Non-Switch
7991,0.004635235761717008,Non-Switch
7992,0.004583987283085195,Non-Switch
7993,0.004455592493011275,Non-Switch
7994,0.004384359428807035,Non-Switch
7995,0.004370292121315856,Non-Switch
7996,0.004373247065416716,Non-Switch
7997,0.004378586589280222,Non-Switch
7998,0.004367525283239378,Non-Switch
7999,0.005032171384004755,Non-Switch
8,0.004563168984740421,Non-Switch
80,0.004354420003701463,Non-Switch
800,0.004388392959415552,Non-Switch
8000,0.004537848906147867,Non-Switch
8001,0.004552047551952498,Non-Switch
8002,0.0045581814878654,Non-Switch
8003,0.004601299755400565,Non-Switch
8004,0.006804048845000808,Non-Switch
8005,0.015072276018965517,Non-Switch
8006,0.008397316948617995,Non-Switch
8007,0.005007216432641669,Non-Switch
8008,0.004720925781605787,Non-Switch
8009,0.01133585215788651,Non-Switch
801,0.25436449040922976,Non-Switch
8010,0.004582301718745294,Non-Switch
8011,0.004354458968520799,Non-Switch
8012,0.004354469717436478,Non-Switch
8013,0.004354414629243623,Non-Switch
8014,0.004354374992617057,Non-Switch
8015,0.004354381710689356,Non-Switch
8016,0.004354378351653207,Non-Switch
8017,0.004354421347315922,Non-Switch
8018,0.004354680664906677,Non-Switch
8019,0.00435440085719541,Non-Switch
802,0.007298843603340339,Non-Switch
8020,0.004354456617195494,Non-Switch
8021,0.004354408582978554,Non-Switch
8022,0.004354388092858041,Non-Switch
8023,0.004354368610448373,Non-Switch
8024,0.004355542593582681,Non-Switch
8025,0.004354589635027021,Non-Switch
8026,0.0043558617020168985,Non-Switch
8027,0.004355009178642114,Non-Switch
8028,0.004356772000813458,Non-Switch
8029,0.004354864068280448,Non-Switch
803,0.006926430624463215,Non-Switch
8030,0.004354753220087509,Non-Switch
8031,0.004359063871178373,Non-Switch
8032,0.004378236913617042,Non-Switch
8033,0.004355720622498613,Non-Switch
8034,0.004365542444200231,Non-Switch
8035,0.004365906563718855,Non-Switch
8036,0.004360227777204232,Non-Switch
8037,0.004356643013825311,Non-Switch
8038,0.0043562973690055105,Non-Switch
8039,0.00435694868611493,Non-Switch
804,0.0067616524343342066,Non-Switch
8040,0.004356638311174701,Non-Switch
8041,0.004356689368524176,Non-Switch
8042,0.004355654785390079,Non-Switch
8043,0.004355918805631443,Non-Switch
8044,0.0043557676490047085,Non-Switch
8045,0.004355298055750985,Non-Switch
8046,0.004356285948282601,Non-Switch
8047,0.004355717935269693,Non-Switch
8048,0.004356135799366711,Non-Switch
8049,0.00438396071121607,Non-Switch
805,0.006766093080124063,Non-Switch
8050,0.004356321218162173,Non-Switch
8051,0.004357321539127543,Non-Switch
8052,0.004355627913100882,Non-Switch
8053,0.004355579878883942,Non-Switch
8054,0.0043558566634626745,Non-Switch
8055,0.004355888574306096,Non-Switch
8056,0.0043583238755146025,Non-Switch
8057,0.004358245945875931,Non-Switch
8058,0.004354790169485156,Non-Switch
8059,0.004356429379126192,Non-Switch
806,0.006418434854055504,Non-Switch
8060,0.004355387406112566,Non-Switch
8061,0.0043547411275573706,Non-Switch
8062,0.004354522790207643,Non-Switch
8063,0.0043551206986422826,Non-Switch
8064,0.004359562352142984,Non-Switch
8065,0.004359585193588801,Non-Switch
8066,0.004358440098165381,Non-Switch
8067,0.004356385711656246,Non-Switch
8068,0.00435494938779865,Non-Switch
8069,0.004357902652381435,Non-Switch
807,0.006584878454307517,Non-Switch
8070,0.0043967421796691575,Non-Switch
8071,0.004580110955368483,Non-Switch
8072,0.005932915066332427,Non-Switch
8073,0.0055697354060235,Non-Switch
8074,0.004528868858905355,Non-Switch
8075,0.004473974146533082,Non-Switch
8076,0.00447249952966338,Non-Switch
8077,0.004429772925743265,Non-Switch
8078,0.0045392382034993685,Non-Switch
8079,0.004676337599851529,Non-Switch
808,0.006388412460757035,Non-Switch
8080,0.004637227670153759,Non-Switch
8081,0.006102680081529227,Non-Switch
8082,0.004421615842357421,Non-Switch
8083,0.00443788802117724,Non-Switch
8084,0.0043904315584547835,Non-Switch
8085,0.0045188690082878045,Non-Switch
8086,0.004368185333842787,Non-Switch
8087,0.004417330719941295,Non-Switch
8088,0.004370614924689839,Non-Switch
8089,0.004361123296241733,Non-Switch
809,0.0058593253023655825,Non-Switch
8090,0.0043564145993671335,Non-Switch
8091,0.00435525237285935,Non-Switch
8092,0.004354822416232192,Non-Switch
8093,0.00435525237285935,Non-Switch
8094,0.004354994734786671,Non-Switch
8095,0.004356141173824551,Non-Switch
8096,0.0043826080273586,Non-Switch
8097,0.004364530030704722,Non-Switch
8098,0.004365679492875137,Non-Switch
8099,0.004364850482753401,Non-Switch
81,0.004354406567556864,Non-Switch
810,0.00451750792683996,Non-Switch
8100,0.004355842555510846,Non-Switch
8101,0.004361973804194828,Non-Switch
8102,0.0043761831989151375,Non-Switch
8103,0.004360358779614069,Non-Switch
8104,0.004362752092870705,Non-Switch
8105,0.004394802336292726,Non-Switch
8106,0.004374091191201126,Non-Switch
8107,0.004383429983504423,Non-Switch
8108,0.004370343850472561,Non-Switch
8109,0.004369757362760829,Non-Switch
811,0.004728972688605923,Non-Switch
8110,0.004367211885166614,Non-Switch
8111,0.004366267996008559,Non-Switch
8112,0.004378904690003595,Non-Switch
8113,0.00436065706202416,Non-Switch
8114,0.004360011455276194,Non-Switch
8115,0.004356460282258769,Non-Switch
8116,0.004357181131416487,Non-Switch
8117,0.004357976551176727,Non-Switch
8118,0.004358423638888248,Non-Switch
8119,0.004359775650938488,Non-Switch
812,0.004385162574350419,Non-Switch
8120,0.004357959755995979,Non-Switch
8121,0.004356256388764484,Non-Switch
8122,0.00440877256763918,Non-Switch
8123,0.004393617268339125,Non-Switch
8124,0.004366003303959965,Non-Switch
8125,0.004360783361783387,Non-Switch
8126,0.00440067460328957,Non-Switch
8127,0.004536477075784345,Non-Switch
8128,0.005306678536227615,Non-Switch
8129,0.0068020925423472435,Non-Switch
813,0.004458585730124241,Non-Switch
8130,0.007685227485371145,Non-Switch
8131,0.012765827437160069,Non-Switch
8132,0.012587774336167588,Non-Switch
8133,0.00509914115952784,Non-Switch
8134,0.005099704133986524,Non-Switch
8135,0.006066143173522099,Non-Switch
8136,0.0068536470291722905,Non-Switch
8137,0.005806660318189457,Non-Switch
8138,0.00449879876729356,Non-Switch
8139,0.004540463915790381,Non-Switch
814,0.004472495162916385,Non-Switch
8140,0.0045848780994720865,Non-Switch
8141,0.00443097646839569,Non-Switch
8142,0.004409367452941285,Non-Switch
8143,0.004412625046199229,Non-Switch
8144,0.004391470508335874,Non-Switch
8145,0.004985213402246909,Non-Switch
8146,0.004601302442629484,Non-Switch
8147,0.004517069908526045,Non-Switch
8148,0.004632592200267222,Non-Switch
8149,0.00442298129055226,Non-Switch
815,0.00467147136418151,Non-Switch
8150,0.004382073604707188,Non-Switch
8151,0.0043709813955337675,Non-Switch
8152,0.004369209839868434,Non-Switch
8153,0.0043624000658822205,Non-Switch
8154,0.004356538883704671,Non-Switch
8155,0.0043605865222650165,Non-Switch
8156,0.004364016098173823,Non-Switch
8157,0.004357308102982944,Non-Switch
8158,0.004355748502498655,Non-Switch
8159,0.004354853991171999,Non-Switch
816,0.0044356623238244715,Non-Switch
8160,0.004355041425389151,Non-Switch
8161,0.004354810323702054,Non-Switch
8162,0.004354557052376369,Non-Switch
8163,0.004354796215750225,Non-Switch
8164,0.00435594836514956,Non-Switch
8165,0.0043597467632276,Non-Switch
8166,0.004357827409971682,Non-Switch
8167,0.00435765005286298,Non-Switch
8168,0.004359270451901578,Non-Switch
8169,0.0043891148162841145,Non-Switch
817,0.00448255077353402,Non-Switch
8170,0.004356933570452257,Non-Switch
8171,0.004434312663099536,Non-Switch
8172,0.004533159019875706,Non-Switch
8173,0.004360766902506253,Non-Switch
8174,0.004362693645641701,Non-Switch
8175,0.004356973878886053,Non-Switch
8176,0.00435969940081789,Non-Switch
8177,0.004357332623946836,Non-Switch
8178,0.004358659779129569,Non-Switch
8179,0.004358692361780221,Non-Switch
818,0.004413848743068553,Non-Switch
8180,0.004357779039851127,Non-Switch
8181,0.004356730012861587,Non-Switch
8182,0.0043580716118997625,Non-Switch
8183,0.004357140151175461,Non-Switch
8184,0.004357455564669915,Non-Switch
8185,0.004356545937680585,Non-Switch
8186,0.004356139830210091,Non-Switch
8187,0.004358189514068616,Non-Switch
8188,0.004357431043706022,Non-Switch
8189,0.004356941632139016,Non-Switch
819,0.004442146943111399,Non-Switch
8190,0.00435975280949267,Non-Switch
8191,0.004372434850475727,Non-Switch
8192,0.004399573511239709,Non-Switch
8193,0.004404134746427338,Non-Switch
8194,0.004378586589280222,Non-Switch
8195,0.0044066308461901535,Non-Switch
8196,0.004419799275607683,Non-Switch
8197,0.0044522421903556,Non-Switch
8198,0.004442986366245199,Non-Switch
8199,0.004393652202315081,Non-Switch
82,0.004354408918882169,Non-Switch
820,0.004466032377364431,Non-Switch
8200,0.004434211220207817,Non-Switch
8201,0.004423793169589634,Non-Switch
8202,0.004399581572926468,Non-Switch
8203,0.004385162574350419,Non-Switch
8204,0.0044285925604402735,Non-Switch
8205,0.004425346052001623,Non-Switch
8206,0.004399656143528991,Non-Switch
8207,0.004354707537195874,Non-Switch
8208,0.004354393803219495,Non-Switch
8209,0.004354388092858041,Non-Switch
821,0.004690934963247125,Non-Switch
8210,0.004354430080809912,Non-Switch
8211,0.004354430752617142,Non-Switch
8212,0.0043544572890027245,Non-Switch
8213,0.004354419667797848,Non-Switch
8214,0.0043545416008100805,Non-Switch
8215,0.004359103843708555,Non-Switch
8216,0.004355740104908281,Non-Switch
8217,0.004383716173384375,Non-Switch
8218,0.0043898756379720134,Non-Switch
8219,0.00435519762057011,Non-Switch
822,0.004777604142173531,Non-Switch
8220,0.006098432244414362,Non-Switch
8221,0.0043906858374913125,Non-Switch
8222,0.004357730669730572,Non-Switch
8223,0.004756943382624177,Non-Switch
8224,0.004690943696741114,Non-Switch
8225,0.0045021584752504545,Non-Switch
8226,0.004583167342361062,Non-Switch
8227,0.004432899180687758,Non-Switch
8228,0.004912787544305923,Non-Switch
8229,0.005167746785655813,Non-Switch
823,0.004825871812126132,Non-Switch
8230,0.007124892557293826,Non-Switch
8231,0.004566989888360664,Non-Switch
8232,0.004370109053845699,Non-Switch
8233,0.004368671386373643,Non-Switch
8234,0.0044854922814902805,Non-Switch
8235,0.004372063676981189,Non-Switch
8236,0.004740988296816887,Non-Switch
8237,0.005307819936711271,Non-Switch
8238,0.004378512018677699,Non-Switch
8239,0.004380047434101711,Non-Switch
824,0.004816608598136203,Non-Switch
8240,0.004369006954084995,Non-Switch
8241,0.00436685851456367,Non-Switch
8242,0.004454294897346659,Non-Switch
8243,0.004370794969027461,Non-Switch
8244,0.004423751181637762,Non-Switch
8245,0.005466139036228091,Non-Switch
8246,0.006432009390943527,Non-Switch
8247,0.004904486022365644,Non-Switch
8248,0.004612715439755198,Non-Switch
8249,0.0046587510301863465,Non-Switch
825,0.004759391112266437,Non-Switch
8250,0.004805338360046849,Non-Switch
8251,0.007575493148819455,Non-Switch
8252,0.008117415184338775,Non-Switch
8253,0.004751172558519054,Non-Switch
8254,0.0047127841497862305,Non-Switch
8255,0.004423313835131076,Non-Switch
8256,0.004604810619984194,Non-Switch
8257,0.0044990805904265175,Non-Switch
8258,0.0044668953137512795,Non-Switch
8259,0.004585969450317112,Non-Switch
826,0.004718708817747008,Non-Switch
8260,0.0045033845234450825,Non-Switch
8261,0.004671280906831825,Non-Switch
8262,0.0048233243191102265,Non-Switch
8263,0.004643654514018911,Non-Switch
8264,0.005041796030284388,Non-Switch
8265,0.005495760024706675,Non-Switch
8266,0.004834634865633376,Non-Switch
8267,0.004639811776663695,Non-Switch
8268,0.004556531865212299,Non-Switch
8269,0.004606038683600511,Non-Switch
827,0.004630067212793519,Non-Switch
8270,0.004836204879129728,Non-Switch
8271,0.0046001284594951765,Non-Switch
8272,0.004920325893233,Non-Switch
8273,0.0047404293532015826,Non-Switch
8274,0.00475760779997458,Non-Switch
8275,0.004566680857034895,Non-Switch
8276,0.004893934953915933,Non-Switch
8277,0.005414528453499345,Non-Switch
8278,0.005612973927052823,Non-Switch
8279,0.005617613091879125,Non-Switch
828,0.004610973107704368,Non-Switch
8280,0.004488293045831871,Non-Switch
8281,0.004515232515752178,Non-Switch
8282,0.004524167551910285,Non-Switch
8283,0.004475724876174287,Non-Switch
8284,0.004430811875624357,Non-Switch
8285,0.004410809823063951,Non-Switch
8286,0.0044078421146257225,Non-Switch
8287,0.004410708716075846,Non-Switch
8288,0.004381017523741734,Non-Switch
8289,0.004401099185458886,Non-Switch
829,0.004559896611723418,Non-Switch
8290,0.0043736944890318515,Non-Switch
8291,0.004382371551213664,Non-Switch
8292,0.004366203502514485,Non-Switch
8293,0.004356814996476174,Non-Switch
8294,0.00435715694635621,Non-Switch
8295,0.004355659488040689,Non-Switch
8296,0.004356152594547459,Non-Switch
8297,0.004358621486117463,Non-Switch
8298,0.00445368220915296,Non-Switch
8299,0.004382710477961165,Non-Switch
83,0.004354388092858041,Non-Switch
830,0.004565809523057672,Non-Switch
8300,0.004406736991732483,Non-Switch
8301,0.004403603682812077,Non-Switch
8302,0.004384793080373956,Non-Switch
8303,0.004382670169527369,Non-Switch
8304,0.00437395414252622,Non-Switch
8305,0.004605820010347168,Non-Switch
8306,0.004404641624982323,Non-Switch
8307,0.004364381561306907,Non-Switch
8308,0.004545454435797937,Non-Switch
8309,0.004380560358921765,Non-Switch
831,0.004647477097157229,Non-Switch
8310,0.004395780487619508,Non-Switch
8311,0.004407389316552748,Non-Switch
8312,0.00435980017190238,Non-Switch
8313,0.004358268787321748,Non-Switch
8314,0.004359352412383629,Non-Switch
8315,0.004356915095753433,Non-Switch
8316,0.004356135799366711,Non-Switch
8317,0.00435489732273833,Non-Switch
8318,0.0043559473574387155,Non-Switch
8319,0.004376536569518082,Non-Switch
832,0.004628043393513346,Non-Switch
8320,0.004359334273588421,Non-Switch
8321,0.0043669613010698495,Non-Switch
8322,0.004370214191677184,Non-Switch
8323,0.004383280506395763,Non-Switch
8324,0.004374627965177843,Non-Switch
8325,0.004368273004686293,Non-Switch
8326,0.00437785196807429,Non-Switch
8327,0.004383280842299378,Non-Switch
8328,0.004377444181085721,Non-Switch
8329,0.004392706297735336,Non-Switch
833,0.004479649574011555,Non-Switch
8330,0.004420848974404453,Non-Switch
8331,0.004370347545412326,Non-Switch
8332,0.0043821851247073575,Non-Switch
8333,0.004366712732394774,Non-Switch
8334,0.004372114398427049,Non-Switch
8335,0.004407277124745349,Non-Switch
8336,0.004372699206620706,Non-Switch
8337,0.004370079494327582,Non-Switch
8338,0.004372052256258281,Non-Switch
8339,0.004366886730467327,Non-Switch
834,0.004699866304465467,Non-Switch
8340,0.00436004370202323,Non-Switch
8341,0.004364540107813171,Non-Switch
8342,0.004368292822999576,Non-Switch
8343,0.004441012932507272,Non-Switch
8344,0.0043757112543361095,Non-Switch
8345,0.004364804128054535,Non-Switch
8346,0.0043589295097323875,Non-Switch
8347,0.004361386308772252,Non-Switch
8348,0.0043648803781751325,Non-Switch
8349,0.004361410157928914,Non-Switch
835,0.005031241938702143,Non-Switch
8350,0.004362404432629215,Non-Switch
8351,0.004365424542031378,Non-Switch
8352,0.004375231248070322,Non-Switch
8353,0.0044021848259424585,Non-Switch
8354,0.004408307005228837,Non-Switch
8355,0.004415925971023505,Non-Switch
8356,0.004447807590830813,Non-Switch
8357,0.0044673178804989075,Non-Switch
8358,0.004542033593383119,Non-Switch
8359,0.004612582757827287,Non-Switch
836,0.0045514899519516535,Non-Switch
8360,0.004551835260867839,Non-Switch
8361,0.004422363899707951,Non-Switch
8362,0.0044060564510085614,Non-Switch
8363,0.0043891080982118155,Non-Switch
8364,0.004374329010960523,Non-Switch
8365,0.004382676551696054,Non-Switch
8366,0.004362816250461163,Non-Switch
8367,0.00436065370298801,Non-Switch
8368,0.004359365848528228,Non-Switch
8369,0.0043551636943049985,Non-Switch
837,0.004853506266625804,Non-Switch
8370,0.0043549836499673766,Non-Switch
8371,0.004355079718401257,Non-Switch
8372,0.004355430401775282,Non-Switch
8373,0.004358512653346214,Non-Switch
8374,0.004356793498644816,Non-Switch
8375,0.004358588231659581,Non-Switch
8376,0.0043657634687788785,Non-Switch
8377,0.004369969653845489,Non-Switch
8378,0.0043824656042258546,Non-Switch
8379,0.004389086936284072,Non-Switch
838,0.004879914001123619,Non-Switch
8380,0.004376363915059989,Non-Switch
8381,0.004395310222558555,Non-Switch
8382,0.004369313969989074,Non-Switch
8383,0.0044479799093852905,Non-Switch
8384,0.004422469037539436,Non-Switch
8385,0.004369840666857342,Non-Switch
8386,0.015504289719860594,Non-Switch
8387,0.004419812375848666,Non-Switch
8388,0.01068259957183718,Non-Switch
8389,0.005454956133078628,Non-Switch
839,0.005206234957762281,Non-Switch
8390,0.004520842106122117,Non-Switch
8391,0.014500792449907462,Non-Switch
8392,0.004904890114414448,Non-Switch
8393,0.007473219903363398,Non-Switch
8394,0.004808550270413158,Non-Switch
8395,0.0045342742198773945,Non-Switch
8396,0.00876510789375318,Non-Switch
8397,0.00507508609394925,Non-Switch
8398,0.016626798984210787,Non-Switch
8399,0.04669416037142254,Non-Switch
84,0.004354419331894233,Non-Switch
840,0.005205284014628311,Non-Switch
8400,0.0048468933321579605,Non-Switch
8401,0.03970761240518155,Non-Switch
8402,0.013261074321765345,Non-Switch
8403,0.03168905835737801,Non-Switch
8404,0.010473160980676695,Non-Switch
8405,0.00945759469383782,Non-Switch
8406,0.00638856294557654,Non-Switch
8407,0.006301338182070979,Non-Switch
8408,0.005849977776568297,Non-Switch
8409,0.005763948829932017,Non-Switch
841,0.005508087015568712,Non-Switch
8410,0.015037866052648357,Non-Switch
8411,0.019553023325990782,Non-Switch
8412,0.01040446398876545,Non-Switch
8413,0.00520178658618928,Non-Switch
8414,0.004967424618605517,Non-Switch
8415,0.004614172253733308,Non-Switch
8416,0.004492542226561196,Non-Switch
8417,0.004379466320847819,Non-Switch
8418,0.004911947785268507,Non-Switch
8419,0.006515189203117663,Non-Switch
842,0.0056023103308920985,Non-Switch
8420,0.011091538709805752,Non-Switch
8421,0.008654224095031075,Non-Switch
8422,0.005774504265128722,Non-Switch
8423,0.00974580402632239,Non-Switch
8424,0.006591777914558927,Non-Switch
8425,0.006022511981166881,Non-Switch
8426,0.005157246438651963,Non-Switch
8427,0.004816179985123506,Non-Switch
8428,0.005237356763592535,Non-Switch
8429,0.004612191766019466,Non-Switch
843,0.0059043431048433825,Non-Switch
8430,0.00480142844196864,Non-Switch
8431,0.0045347693418058554,Non-Switch
8432,0.004377746830242806,Non-Switch
8433,0.004414810099214586,Non-Switch
8434,0.004404978536308134,Non-Switch
8435,0.004469885863635326,Non-Switch
8436,0.005377335861635802,Non-Switch
8437,0.00749520748219187,Non-Switch
8438,0.009291671072381776,Non-Switch
8439,0.005045033469325434,Non-Switch
844,0.006223255371350344,Non-Switch
8440,0.007531818960801521,Non-Switch
8441,0.0054833537605915045,Non-Switch
8442,0.0061975533703475735,Non-Switch
8443,0.006691357213022953,Non-Switch
8444,0.006767688622295153,Non-Switch
8445,0.00638346460050858,Non-Switch
8446,0.005704695432251939,Non-Switch
8447,0.0044572427874716046,Non-Switch
8448,0.004426361152726052,Non-Switch
8449,0.004455539084336495,Non-Switch
845,0.005609924929939772,Non-Switch
8450,0.004653053097165671,Non-Switch
8451,0.005202584357274826,Non-Switch
8452,0.006956066728604472,Non-Switch
8453,0.0050410694707652155,Non-Switch
8454,0.004591831976109121,Non-Switch
8455,0.004626771326523469,Non-Switch
8456,0.004511623231409364,Non-Switch
8457,0.005605858480776989,Non-Switch
8458,0.007233511693843829,Non-Switch
8459,0.011593277939481098,Non-Switch
846,0.005964054003247044,Non-Switch
8460,0.01071670319405749,Non-Switch
8461,0.009163218170982467,Non-Switch
8462,0.007630372409625439,Non-Switch
8463,0.008918440504105824,Non-Switch
8464,0.36722406344565267,Non-Switch
8465,0.677567788823496,Non-Switch
8466,0.02570202787506003,Non-Switch
8467,0.05407643504284101,Non-Switch
8468,0.012270005485565972,Non-Switch
8469,0.00942978724897644,Non-Switch
847,0.005829375464247947,Non-Switch
8470,0.032427680847171056,Non-Switch
8471,0.01936508525341707,Non-Switch
8472,0.01475612891101696,Non-Switch
8473,0.007833386508246077,Non-Switch
8474,0.004424164007180556,Non-Switch
8475,0.004414919603793066,Non-Switch
8476,0.004399844249553372,Non-Switch
8477,0.004378517057231924,Non-Switch
8478,0.004390821542551759,Non-Switch
8479,0.004730098973426905,Non-Switch
848,0.006052495409646013,Non-Switch
8480,0.012523667803058476,Non-Switch
8481,0.0184128105975174,Non-Switch
8482,0.024886346408764765,Non-Switch
8483,0.098898827608056,Non-Switch
8484,0.18448634852415013,Non-Switch
8485,0.34233037015302137,Non-Switch
8486,0.43693116858444925,Non-Switch
8487,0.5434177955061626,Non-Switch
8488,0.6535088778203214,Non-Switch
8489,0.05202039320069181,Non-Switch
849,0.0058401096001678135,Non-Switch
8490,0.1982882357276982,Non-Switch
8491,0.015129136439292574,Non-Switch
8492,0.20309629020437564,Non-Switch
8493,0.06780852416242795,Non-Switch
8494,0.12525894172218474,Non-Switch
8495,0.06316757232889506,Non-Switch
8496,0.005176172927837245,Non-Switch
8497,0.02883328106534323,Non-Switch
8498,0.03914598693541553,Non-Switch
8499,0.023230733922402578,Non-Switch
85,0.004354418324183388,Non-Switch
850,0.006281372071197375,Non-Switch
8500,0.006912029092875144,Non-Switch
8501,0.01021130059955732,Non-Switch
8502,0.01317338735488559,Non-Switch
8503,0.6188905330238094,Non-Switch
8504,0.10053052375703259,Non-Switch
8505,0.4626824748634393,Non-Switch
8506,0.056783447341879456,Non-Switch
8507,0.04016650242611732,Non-Switch
8508,0.0643508290902047,Non-Switch
8509,0.021218201003692753,Non-Switch
851,0.006441174185174271,Non-Switch
8510,0.19016850482383782,Non-Switch
8511,0.24333472706144527,Non-Switch
8512,0.49485569931697204,Non-Switch
8513,0.48104919007968205,Non-Switch
8514,0.21276147870672055,Non-Switch
8515,0.8844553505748168,Non-Switch
8516,0.41168764108213163,Non-Switch
8517,0.5275491712893648,Non-Switch
8518,0.059808471685736754,Non-Switch
8519,0.20277726238702515,Non-Switch
852,0.006017180518990133,Non-Switch
8520,0.7127372090290353,Non-Switch
8521,0.3646766994167355,Non-Switch
8522,0.44770876237040613,Non-Switch
8523,0.4137933966592958,Non-Switch
8524,0.43622371795012505,Non-Switch
8525,0.3258235613145344,Non-Switch
8526,0.074084601049039,Non-Switch
8527,0.03882794533107856,Non-Switch
8528,0.012551589455148945,Non-Switch
8529,0.012545860283092078,Non-Switch
853,0.005531344981868988,Non-Switch
8530,0.019414115088672027,Non-Switch
8531,0.06871793079898561,Non-Switch
8532,0.0817521734404075,Non-Switch
8533,0.052024558405517396,Non-Switch
8534,0.25593237024582055,Non-Switch
8536,0.9814959593848787,Non-Switch
8537,0.781756168586067,Non-Switch
8538,0.9997643865161533,Non-Switch
8539,0.8765756214602356,Non-Switch
854,0.005408201373007837,Non-Switch
8540,0.8778716827171377,Non-Switch
8542,0.9998819366580181,Non-Switch
8543,0.1806919812894894,Non-Switch
8546,0.8970676122845155,Non-Switch
8548,0.47279526971248603,Non-Switch
8549,0.6547055331050249,Non-Switch
855,0.005521031397275058,Non-Switch
8551,0.3706060592792071,Non-Switch
8552,0.22860168279046325,Non-Switch
8553,0.047443064199062475,Non-Switch
8554,0.07147228132267404,Non-Switch
8555,0.03230366523252545,Non-Switch
8556,0.016813566768589958,Non-Switch
8557,0.008205147162302934,Non-Switch
8558,0.004537697749521132,Non-Switch
8559,0.005014680882773453,Non-Switch
856,0.004891880567406798,Non-Switch
8560,0.004572569919212487,Non-Switch
8561,0.004493138119574146,Non-Switch
8562,0.009063065149144078,Non-Switch
8563,0.01728186209074479,Non-Switch
8564,0.07919081969773417,Non-Switch
8565,0.22254041223477986,Non-Switch
8566,0.026932837839333236,Non-Switch
8567,0.580382026656106,Non-Switch
8568,0.9207560726577316,Non-Switch
8569,0.9591904115072504,Non-Switch
857,0.005052607424035697,Non-Switch
8573,0.9876741781431487,Non-Switch
8574,0.993713692893498,Non-Switch
8579,0.8347606196427065,Non-Switch
858,0.004576805327893598,Non-Switch
8580,0.8341555846769713,Non-Switch
8581,0.8452590425906504,Non-Switch
8583,0.9782341364286146,Non-Switch
8585,0.7950841360973312,Non-Switch
8586,0.7756976497527974,Non-Switch
8587,0.8668004715504952,Non-Switch
8588,0.9217098024480913,Non-Switch
8589,0.9930324696134304,Non-Switch
859,0.004539268434824715,Non-Switch
8590,0.8987056610426584,Non-Switch
86,0.004354509018159429,Non-Switch
860,0.0045102792810458835,Non-Switch
8602,0.9924492764443545,Non-Switch
8604,0.9419610175611633,Non-Switch
8609,0.7039495835005491,Non-Switch
861,0.004477312020755003,Non-Switch
8612,0.5800810570170961,Non-Switch
8619,0.6277776075201569,Non-Switch
862,0.00444848913926558,Non-Switch
8622,0.10358398973177632,Non-Switch
8623,0.08201410301767156,Non-Switch
8624,0.994631392318502,Non-Switch
8625,0.6021133244625034,Non-Switch
8626,0.6407849563745501,Non-Switch
8627,0.6626115755651881,Non-Switch
8628,0.8689001217435538,Non-Switch
8629,0.8189476748091257,Non-Switch
863,0.004470529790865216,Non-Switch
8630,0.8044525470377809,Non-Switch
8631,0.7970120616135032,Non-Switch
8632,0.9349313986897969,Non-Switch
8633,0.7458020775359662,Non-Switch
8635,0.0995528131357932,Non-Switch
8636,0.16912200968642915,Non-Switch
8637,0.14396484972159168,Non-Switch
8638,0.1937113904272744,Non-Switch
8639,0.17771962663245885,Non-Switch
864,0.004414799350298908,Non-Switch
8640,0.0674310652394468,Non-Switch
8641,0.019733966541686434,Non-Switch
8642,0.01727223778036877,Non-Switch
8643,0.06899653194446767,Non-Switch
8644,0.017432634443744155,Non-Switch
8645,0.049833085600271575,Non-Switch
8646,0.3536725614839295,Non-Switch
8647,0.026131146086794094,Non-Switch
8648,0.028602832374873825,Non-Switch
8649,0.018528086000101574,Non-Switch
865,0.004407922731493315,Non-Switch
8650,0.009030250053190778,Non-Switch
8651,0.04214956987972229,Non-Switch
8652,0.010079615633574804,Non-Switch
8653,0.024076068959827078,Non-Switch
8654,0.008876393433198787,Non-Switch
8655,0.005249653523129226,Non-Switch
8656,0.006785704476780262,Non-Switch
8657,0.011655737201262414,Non-Switch
8658,0.056943729798025755,Non-Switch
8659,0.07250379026688646,Non-Switch
866,0.004391613939179465,Non-Switch
8660,0.006515538542877228,Non-Switch
8661,0.1670307006519374,Non-Switch
8662,0.48204527059781677,Non-Switch
8663,0.5559085514730266,Non-Switch
8664,0.10332835901910012,Non-Switch
8665,0.34993142287971085,Non-Switch
8666,0.4582961433445088,Non-Switch
8667,0.11631280193418155,Non-Switch
8668,0.42730366578047463,Non-Switch
8669,0.24316433525010292,Non-Switch
867,0.004378632608075472,Non-Switch
8670,0.24801712671383608,Non-Switch
8671,0.5702395647997855,Non-Switch
8672,0.07699489146693944,Non-Switch
8673,0.1616642615035711,Non-Switch
8674,0.04151316957803583,Non-Switch
8675,0.01866338663259559,Non-Switch
8676,0.0065974143772180634,Non-Switch
8677,0.006059964562428407,Non-Switch
8678,0.04577714887702204,Non-Switch
8679,0.008123857143866601,Non-Switch
868,0.004381019875067039,Non-Switch
8680,0.009527947018763618,Non-Switch
8681,0.011473724468456709,Non-Switch
8682,0.013100723341281593,Non-Switch
8683,0.3612015319820761,Non-Switch
8684,0.11118132333364089,Non-Switch
8685,0.05305418091502815,Non-Switch
8686,0.10236796490101947,Non-Switch
8687,0.4742759973407521,Non-Switch
8688,0.25428997892574345,Non-Switch
8689,0.4285335567124573,Non-Switch
869,0.00437484831794926,Non-Switch
8690,0.14992769245640317,Non-Switch
8691,0.07055638771550415,Non-Switch
8692,0.1963709731358796,Non-Switch
8693,0.39819027065976753,Non-Switch
8694,0.3842337065595997,Non-Switch
8695,0.31405799169286475,Non-Switch
8696,0.42191325655014433,Non-Switch
8697,0.8327853988975472,Non-Switch
8698,0.8711851692342425,Non-Switch
8699,0.7743849921700869,Non-Switch
87,0.004354566457677588,Non-Switch
870,0.004357091109247676,Non-Switch
8700,0.464580518394024,Non-Switch
8701,0.23570839288507894,Non-Switch
8702,0.08440671490755927,Non-Switch
8703,0.15245890086505495,Non-Switch
8704,0.03881999382070508,Non-Switch
8705,0.02963540546173845,Non-Switch
8706,0.12298627698235814,Non-Switch
8707,0.10314504701111171,Non-Switch
8708,0.3706796678537764,Non-Switch
8709,0.22035135256110394,Non-Switch
871,0.004358031639369582,Non-Switch
8710,0.9747849383742355,Non-Switch
8713,0.13192947156746532,Non-Switch
8714,0.1661441408356553,Non-Switch
8715,0.15282491219283803,Non-Switch
8716,0.06721446383960077,Non-Switch
8717,0.1875716312893035,Non-Switch
8718,0.7359329391075293,Non-Switch
8719,0.6498040275554348,Non-Switch
872,0.00436005042009553,Non-Switch
8720,0.32866090959063765,Non-Switch
873,0.004357076665392232,Non-Switch
8731,0.5091617751593558,Non-Switch
874,0.004357057518886179,Non-Switch
8741,0.5878997322906212,Non-Switch
8742,0.935281641358279,Non-Switch
8744,0.49396057261489384,Non-Switch
8745,0.26440268778346476,Non-Switch
8746,0.4533853077361094,Non-Switch
8747,0.4042233790563721,Non-Switch
8748,0.24696721562598134,Non-Switch
8749,0.26297901539962243,Non-Switch
875,0.004357471352139818,Non-Switch
8750,0.2286807733120288,Non-Switch
8755,0.9577510887021795,Non-Switch
8756,0.9997298180033298,Non-Switch
8758,0.8703385846353704,Non-Switch
876,0.004355908392619379,Non-Switch
8761,0.9787194714693495,Non-Switch
8762,0.9419035753557752,Non-Switch
8764,0.9925217671316933,Non-Switch
8766,0.9946412813209266,Non-Switch
8767,0.997049468389633,Non-Switch
8768,0.9910921613463962,Non-Switch
8769,0.9816269241735106,Non-Switch
877,0.004354969542015548,Non-Switch
8770,0.9669138083921973,Non-Switch
8771,0.7604312657836585,Non-Switch
8773,0.8895315904976835,Non-Switch
8774,0.7582319516444248,Non-Switch
8775,0.7432192420853085,Non-Switch
8776,0.7775032096128806,Non-Switch
8778,0.8377783992173963,Non-Switch
8779,0.7478049874879145,Non-Switch
878,0.004354958121292639,Non-Switch
8780,0.8277084710440771,Non-Switch
8781,0.7919463986236647,Non-Switch
8782,0.9024179065615321,Non-Switch
8783,0.8983290190372688,Non-Switch
8784,0.8328934899936145,Non-Switch
8785,0.9216275947409789,Non-Switch
8786,0.892868053924422,Non-Switch
8787,0.8907435522383137,Non-Switch
8789,0.9637359129695544,Non-Switch
879,0.004354880863461197,Non-Switch
8790,0.08630785412585948,Non-Switch
8791,0.5749934662392725,Non-Switch
8792,0.19007372088538105,Non-Switch
8793,0.34377414300918324,Non-Switch
8794,0.39971270408086784,Non-Switch
8795,0.4848657000806414,Non-Switch
8796,0.867477137290315,Non-Switch
8797,0.8858625126241764,Non-Switch
8798,0.7181225017755023,Non-Switch
8799,0.24212781731118413,Non-Switch
88,0.004354494574303985,Non-Switch
880,0.004355231546835221,Non-Switch
8800,0.048527844769379644,Non-Switch
8801,0.1939738144546597,Non-Switch
8802,0.10636589510080768,Non-Switch
8803,0.02549943499957256,Non-Switch
8804,0.02040740491957356,Non-Switch
8805,0.03376880962028599,Non-Switch
8806,0.08764921668789044,Non-Switch
8807,0.06887839598669844,Non-Switch
8808,0.019817773150006098,Non-Switch
8809,0.28626041433607763,Non-Switch
881,0.004356323233583863,Non-Switch
8810,0.2485613443146601,Non-Switch
8812,0.8867821038583398,Non-Switch
8813,0.789070934692564,Non-Switch
8814,0.41059860394120556,Non-Switch
8815,0.25205179670741484,Non-Switch
8816,0.8224504454592485,Non-Switch
8819,0.423862421923698,Non-Switch
882,0.004356195590210175,Non-Switch
8820,0.4975332542125924,Non-Switch
8821,0.5144497687210973,Non-Switch
8822,0.07037598866366475,Non-Switch
8823,0.4999930360765577,Non-Switch
8824,0.4446038305873917,Non-Switch
8825,0.1150643906204841,Non-Switch
8826,0.05713984913904559,Non-Switch
8827,0.09066837212378705,Non-Switch
8828,0.13860307560263005,Non-Switch
8829,0.22096782437312168,Non-Switch
883,0.00435594500611341,Non-Switch
8831,0.810808767839694,Non-Switch
8833,0.9620263194286526,Non-Switch
8834,0.41298426128264903,Non-Switch
8835,0.30976844341070725,Non-Switch
8836,0.2734674203581535,Non-Switch
8837,0.4639700659747864,Non-Switch
8838,0.12087650131073001,Non-Switch
884,0.004356173420571588,Non-Switch
8840,0.9580360639546591,Non-Switch
8842,0.9421894105215092,Non-Switch
8843,0.9616575886252028,Non-Switch
8844,0.9995193112386738,Non-Switch
8845,0.9987548483555886,Non-Switch
8846,0.9955169309877945,Non-Switch
8847,0.9948134359544402,Non-Switch
8848,0.9794174630578761,Non-Switch
8849,0.9995630808233184,Non-Switch
885,0.004363093035039896,Non-Switch
8850,0.9992917781915823,Non-Switch
8851,0.9991419813026808,Non-Switch
8852,0.9918191320115932,Non-Switch
8853,0.9992322721943838,Non-Switch
8854,0.9992424191707847,Non-Switch
8855,0.9476560510618344,Non-Switch
8856,0.997958396699443,Non-Switch
8857,0.999184461017444,Non-Switch
8858,0.9994457026641045,Non-Switch
8859,0.999214557981345,Non-Switch
886,0.004363805822510855,Non-Switch
8860,0.9159581866552864,Non-Switch
8861,0.780068072876523,Non-Switch
8862,0.3329006903932017,Non-Switch
8863,0.30039745273049456,Non-Switch
8864,0.35742892055274955,Non-Switch
8865,0.3738908419193613,Non-Switch
8866,0.41583882932166993,Non-Switch
8867,0.3656088883800746,Non-Switch
8868,0.32558211917055435,Non-Switch
8869,0.593246500923295,Non-Switch
887,0.004364366781547849,Non-Switch
8870,0.9727526193889897,Non-Switch
8871,0.813828783188845,Non-Switch
8872,0.991798150128188,Non-Switch
8873,0.9974161354012725,Non-Switch
8874,0.9992621971756339,Non-Switch
8875,0.7005939440082395,Non-Switch
8876,0.9811281744860085,Non-Switch
8877,0.9881773993795733,Non-Switch
8878,0.9822331630178021,Non-Switch
8879,0.2296409739496272,Non-Switch
888,0.004368670378662798,Non-Switch
8880,0.9817623605110651,Non-Switch
8882,0.9776448378754332,Non-Switch
8884,0.9296847239599252,Non-Switch
8885,0.9672243230683302,Non-Switch
8886,0.99604027419437,Non-Switch
8887,0.9920086568928441,Non-Switch
8888,0.9934459159061045,Non-Switch
8889,0.9894085371857747,Non-Switch
889,0.004380413569042024,Non-Switch
8890,0.4972402387711849,Non-Switch
8891,0.0361953719603456,Non-Switch
8892,0.01662077287335829,Non-Switch
8893,0.2792617308440351,Non-Switch
8894,0.04432671169313919,Non-Switch
8895,0.06068678708369312,Non-Switch
8896,0.007134338838753912,Non-Switch
8897,0.02311107430583586,Non-Switch
8898,0.013455785554831241,Non-Switch
8899,0.015341979749494358,Non-Switch
89,0.004354439150207516,Non-Switch
890,0.004374175167104868,Non-Switch
8900,0.012357832188349552,Non-Switch
8903,0.5024010511626134,Non-Switch
8904,0.05009456909753495,Non-Switch
8905,0.4991827398170176,Non-Switch
8906,0.10566752730023221,Non-Switch
8907,0.08848848664964311,Non-Switch
8908,0.05026820708141232,Non-Switch
891,0.004378742112653952,Non-Switch
8910,0.0322035175851449,Non-Switch
8911,0.1817242641556307,Non-Switch
8914,0.2700299386218645,Non-Switch
8915,0.3584107910043567,Non-Switch
8916,0.6036885135617559,Non-Switch
8917,0.5208049146314425,Non-Switch
8918,0.5053349891950074,Non-Switch
8919,0.7167701591961053,Non-Switch
892,0.004367414099142824,Non-Switch
8920,0.7066765834082925,Non-Switch
8921,0.8481520487521391,Non-Switch
8922,0.8329366576389811,Non-Switch
8923,0.7644388055140636,Non-Switch
8924,0.8820794962444726,Non-Switch
8925,0.8726167528200246,Non-Switch
8926,0.9375895625415325,Non-Switch
8927,0.8776076033567378,Non-Switch
8928,0.7213978253698591,Non-Switch
8929,0.8529963700703174,Non-Switch
893,0.004360661092867539,Non-Switch
8930,0.8992370874338244,Non-Switch
8931,0.9946593394992671,Non-Switch
8932,0.9822934429369294,Non-Switch
8933,0.46735107290809835,Non-Switch
8934,0.39598773184583025,Non-Switch
8935,0.6260259642211192,Non-Switch
8936,0.6642905561942364,Non-Switch
8937,0.6011332813265616,Non-Switch
8938,0.6426832578791111,Non-Switch
8939,0.4396020161566859,Non-Switch
894,0.004360355756481534,Non-Switch
8940,0.23478271776464124,Non-Switch
8941,0.09803919382554961,Non-Switch
8942,0.08038677092846062,Non-Switch
8943,0.05090506958647298,Non-Switch
8944,0.01576783297809095,Non-Switch
8945,0.014776186387673834,Non-Switch
8946,0.010197410985078459,Non-Switch
8947,0.008550302234632764,Non-Switch
8948,0.01058675350614989,Non-Switch
8949,0.009893209281485337,Non-Switch
895,0.004384023861095683,Non-Switch
8950,0.011362779535276679,Non-Switch
8951,0.007983431294015427,Non-Switch
8952,0.010318665472009037,Non-Switch
8953,0.007689248251642294,Non-Switch
8954,0.0073604322029516625,Non-Switch
8955,0.0073286436284457,Non-Switch
8956,0.007447214917299928,Non-Switch
8957,0.01741948583263991,Non-Switch
8958,0.16240187359529032,Non-Switch
8959,0.16844544068685055,Non-Switch
896,0.004383908310252135,Non-Switch
8960,0.007878693859639976,Non-Switch
8961,0.008240237669344017,Non-Switch
8962,0.005779382257425264,Non-Switch
8963,0.0054743844622646715,Non-Switch
8964,0.007622874369132159,Non-Switch
8965,0.00852282934977189,Non-Switch
8966,0.006851128423867273,Non-Switch
8967,0.005038695975821863,Non-Switch
8968,0.004515120323944779,Non-Switch
8969,0.00454192274519018,Non-Switch
897,0.004363125953594163,Non-Switch
8970,0.004448094116614379,Non-Switch
8971,0.016699051851790065,Non-Switch
8972,0.016568827394725424,Non-Switch
8973,0.0047093895078533805,Non-Switch
8974,0.005101110562422389,Non-Switch
8975,0.0044514024313181836,Non-Switch
8976,0.0044909298892093575,Non-Switch
8977,0.004546720120619131,Non-Switch
8978,0.004377946021086481,Non-Switch
8979,0.0043688873723980665,Non-Switch
898,0.004375825125661583,Non-Switch
8980,0.0043805697642229835,Non-Switch
8981,0.004370629368545283,Non-Switch
8982,0.004374049875056485,Non-Switch
8983,0.004371279006136627,Non-Switch
8984,0.004369635093844982,Non-Switch
8985,0.0043598388008181015,Non-Switch
8986,0.00439031029724978,Non-Switch
8987,0.00437655873915667,Non-Switch
8988,0.004360717524674853,Non-Switch
8989,0.004372290747824906,Non-Switch
899,0.00435634405960799,Non-Switch
8990,0.0043573850249107714,Non-Switch
8991,0.0043634181897391836,Non-Switch
8992,0.004356944991175165,Non-Switch
8993,0.004361678544917273,Non-Switch
8994,0.004356610095271044,Non-Switch
8995,0.004361998661062335,Non-Switch
8996,0.004360224418168083,Non-Switch
8997,0.004360759848530339,Non-Switch
8998,0.004362878056726317,Non-Switch
8999,0.004361893859134465,Non-Switch
9,0.004544763146158337,Non-Switch
90,0.004354421683219538,Non-Switch
900,0.004356129417198027,Non-Switch
9000,0.004365837031670557,Non-Switch
9001,0.004378119347351804,Non-Switch
9002,0.004376402208072096,Non-Switch
9003,0.004387429923751443,Non-Switch
9004,0.004369635429748597,Non-Switch
9005,0.004372107344451134,Non-Switch
9006,0.004438976684793345,Non-Switch
9007,0.004416149011023843,Non-Switch
9008,0.00463055897568583,Non-Switch
9009,0.004546374811702945,Non-Switch
901,0.004356875459126867,Non-Switch
9010,0.004531720344692805,Non-Switch
9011,0.0043894876692967275,Non-Switch
9012,0.004404388353656638,Non-Switch
9013,0.004523328800583714,Non-Switch
9014,0.004399705857264006,Non-Switch
9015,0.004380807919885995,Non-Switch
9016,0.004409427579688365,Non-Switch
9017,0.004391090265443732,Non-Switch
9018,0.0043651494369707205,Non-Switch
9019,0.004396192977258687,Non-Switch
902,0.004355170076473683,Non-Switch
9020,0.004535351798674207,Non-Switch
9021,0.004405683597995948,Non-Switch
9022,0.004668379035502129,Non-Switch
9023,0.004825228556703471,Non-Switch
9024,0.004858682541332437,Non-Switch
9025,0.005010371911200664,Non-Switch
9026,0.005284175009446555,Non-Switch
9027,0.010706673783921823,Non-Switch
9028,0.00967298415344105,Non-Switch
9029,0.00962547193071851,Non-Switch
903,0.004362721189738128,Non-Switch
9030,0.009919741636224303,Non-Switch
9031,0.010907807494105878,Non-Switch
9032,0.011031004847545423,Non-Switch
9033,0.012223175147181813,Non-Switch
9034,0.01285265180355659,Non-Switch
9035,0.005307762497193112,Non-Switch
9036,0.004810253973548268,Non-Switch
9037,0.004749015385503739,Non-Switch
9038,0.016664026510050285,Non-Switch
9039,0.008390857522102191,Non-Switch
904,0.004362277461062758,Non-Switch
9040,0.01234315588760444,Non-Switch
9041,0.011605695624319177,Non-Switch
905,0.004356540227319131,Non-Switch
906,0.004398945035576107,Non-Switch
907,0.004362790721786426,Non-Switch
908,0.004357819012381308,Non-Switch
909,0.0043586490302138904,Non-Switch
91,0.004354382718400202,Non-Switch
910,0.004356145204667931,Non-Switch
911,0.004389837009056293,Non-Switch
912,0.0043695474230014755,Non-Switch
913,0.004411950215836762,Non-Switch
914,0.004390893090021747,Non-Switch
915,0.004372170830234364,Non-Switch
916,0.00437795878542385,Non-Switch
917,0.004370168508785548,Non-Switch
918,0.004369015687578984,Non-Switch
919,0.004375068670720679,Non-Switch
92,0.004354377679845977,Non-Switch
920,0.004366611289503054,Non-Switch
921,0.004360768582024328,Non-Switch
922,0.004356923829247423,Non-Switch
923,0.004360668146843453,Non-Switch
924,0.0043632582996184595,Non-Switch
925,0.004400894956060987,Non-Switch
926,0.0043840070659149355,Non-Switch
927,0.004360672177686833,Non-Switch
928,0.004363083965642292,Non-Switch
929,0.0043635438176911805,Non-Switch
93,0.004354416980568928,Non-Switch
930,0.00437180200806513,Non-Switch
931,0.004431981827915285,Non-Switch
932,0.004368327756975533,Non-Switch
933,0.0044522210284278566,Non-Switch
934,0.004392338147373332,Non-Switch
935,0.0044162813570481395,Non-Switch
936,0.004830055491650539,Non-Switch
937,0.004644881234020768,Non-Switch
938,0.004460163133500123,Non-Switch
939,0.004521544816484627,Non-Switch
94,0.004354376672135132,Non-Switch
940,0.0044081158760719205,Non-Switch
941,0.004445436447212765,Non-Switch
942,0.004541275794827755,Non-Switch
943,0.004613220974695723,Non-Switch
944,0.00512401112727634,Non-Switch
945,0.004600227551061592,Non-Switch
946,0.005204985732218221,Non-Switch
947,0.004636674436899909,Non-Switch
948,0.005385920214419884,Non-Switch
949,0.004389058384476801,Non-Switch
95,0.004354355174303774,Non-Switch
950,0.0045056068617617,Non-Switch
951,0.0044766368544889214,Non-Switch
952,0.004495759511385345,Non-Switch
953,0.004393906817255226,Non-Switch
954,0.00442517541296522,Non-Switch
955,0.004434367079485161,Non-Switch
956,0.004841417767330393,Non-Switch
957,0.004640337801724732,Non-Switch
958,0.0048505140372236836,Non-Switch
959,0.005286143404630258,Non-Switch
96,0.00435434946394232,Non-Switch
960,0.0049547288055742465,Non-Switch
961,0.004839721454074812,Non-Switch
962,0.004787835094478179,Non-Switch
963,0.00553477086283803,Non-Switch
964,0.0059009666017057405,Non-Switch
965,0.005037040306903693,Non-Switch
966,0.005118946036666261,Non-Switch
967,0.004886274336073008,Non-Switch
968,0.004854033299397686,Non-Switch
969,0.004957929967024876,Non-Switch
97,0.004354355846111004,Non-Switch
970,0.005219538420433025,Non-Switch
971,0.004672965463460881,Non-Switch
972,0.004856437697473616,Non-Switch
973,0.004952145034967924,Non-Switch
974,0.01551472691698483,Non-Switch
975,0.014100997280145506,Non-Switch
976,0.013142930302309355,Non-Switch
977,0.015704962570284916,Non-Switch
978,0.023788790752163197,Non-Switch
979,0.12619543025179544,Non-Switch
98,0.0043543484562314745,Non-Switch
980,0.028657141271341596,Non-Switch
981,0.01701303574045824,Non-Switch
982,0.06446034979205727,Non-Switch
983,0.0903363596162964,Non-Switch
984,0.013612123158923375,Non-Switch
985,0.019392728777314346,Non-Switch
986,0.04174081011428411,Non-Switch
987,0.0298329705319171,Non-Switch
988,0.008938373696425162,Non-Switch
989,0.006201817330835958,Non-Switch
99,0.004354349128038705,Non-Switch
990,0.020419368462724203,Non-Switch
991,0.02148170798433269,Non-Switch
992,0.010640246156833292,Non-Switch
993,0.005459353783205769,Non-Switch
994,0.005360067056790378,Non-Switch
995,0.00574479829303555,Non-Switch
996,0.0057201429676970155,Non-Switch
997,0.005571647369399889,Non-Switch
998,0.005239892164078301,Non-Switch
999,0.004973488350662891,Non-Switch
