,frame,track_0_x,track_0_y,track_1_x,track_1_y,track_2_x,track_2_y,track_3_x,track_3_y,track_4_x,track_4_y,track_5_x,track_5_y,track_6_x,track_6_y,track_7_x,track_7_y,track_8_x,track_8_y,track_9_x,track_9_y
0,0,1069.749599743836,560.0313800832532,1000.6756352765321,515.465620328849,1361.9739583333333,485.7867324561403,979.1741595787768,736.714054272985,2997.124886877828,741.2594268476621,1385.4179983179142,907.5592935239697,970.1210627225418,878.1029854834292,2893.1128654970757,629.3909356725146,1580.9083479276123,641.9629305312317,1127.005304299274,748.2465103294248
1,1,1068.0547550432277,562.3515850144092,999.0448148148147,512.0133333333333,1366.1747866776768,489.0734929810074,986.0868347338935,736.7106842737095,3002.770481550969,747.1166353971231,1383.2615085967832,907.9683860232946,977.4189928845101,885.1735084838532,2891.6173835125446,628.1445639187574,1577.2986230636834,638.2897303499713,1124.1941666666667,751.4302777777777
2,2,1066.62072243346,564.4670468948035,997.828581871345,509.38706140350877,1369.9168048645658,492.1658374792703,992.6583826429979,736.8745562130177,3007.250155183116,752.1585971446306,1380.32994637313,908.6223539373412,983.6440231700894,891.0939968404423,2886.355337496283,624.7332738626227,1573.9461163657209,634.9802235597592,1121.48462585034,754.5336054421768
3,3,1064.7496598639455,568.4027210884353,996.8303099017384,506.79100529100526,1373.7268401903161,495.1491743632801,998.6252465483234,736.7648915187376,3011.5287247474744,756.5334595959595,1378.619285120532,909.0110834026045,988.8997026223303,895.7334414706677,2877.381037567084,622.3097793679188,1570.5844231328101,631.6649229875036,1118.6380873866447,757.5144270403957
4,4,1060.7231389805647,582.7528419508617,996.1436011904761,505.0465029761904,1376.7859531772576,497.5992196209587,1004.5510283275125,736.7345750873109,3015.1970669110906,760.6620837152459,1375.7539882451722,909.5471592499299,994.1145584725537,900.1957040572793,2867.4301164725457,619.561286744315,1567.1797587525741,628.3174463077376,1116.2484798231067,760.1882255389718
5,5,1057.3789511494253,592.985632183908,995.89752127266,503.4761376248613,1379.2851205320032,499.641174840676,1009.1513743708865,736.8161053039101,3018.2171393717595,764.0506251906069,1374.3914600550963,909.8796143250688,998.4844621513944,903.6026560424966,2858.808859721083,617.1178561662565,1564.4770266315481,625.7266608135791,1113.6751854905194,763.026106073097
6,6,1053.9811579307982,601.0335731414867,996.9027484143763,501.9256518675123,1382.3330583058305,502.0761826182618,1014.4134874759152,737.0431599229286,3021.6234567901233,768.2126543209877,1372.0933443800054,910.3976801988401,1002.946347941567,907.2557768924303,2845.0062611806798,616.1449016100179,1561.5864726027398,623.1646689497716,1111.4798898071624,765.6143250688705
7,7,1050.2960301163587,608.2347707049965,1001.9906609195401,497.0305316091954,1384.6088154269971,503.9349862258953,1019.5618153364632,737.0817683881064,3023.921296296296,771.253086419753,1370.279399499583,910.7595218237419,1007.0922213311949,910.4212777332264,2834.5499231950844,615.9192012288786,1558.951673944687,620.7592430858806,1109.449644225506,768.1871921182266
8,8,1046.8034458509142,614.7686357243318,1008.7269345238094,492.1770833333333,1387.6026823134953,506.1078513551271,1023.9843373493976,737.1096385542169,3026.94703196347,775.5324200913242,1368.0831908831908,911.1575498575498,1011.018640350877,913.0775767543859,2825.736046870182,615.6978106691334,1552.8957802322288,617.0274709713962,1108.644927536232,769.8733225979603
9,9,1043.540194040194,620.4369369369368,1014.2851063829787,488.49007092198576,1389.6896165687097,507.9059613769941,1027.4325259515572,737.3494809688582,3028.6951219512193,787.0196476964769,1367.0792733278283,911.4238921001926,1014.9305441618812,915.9042931364506,2818.090515909793,615.5678097003398,1536.4976641934595,614.1456444078043,1103.7459064327484,781.3026315789474
10,10,1041.0882051282051,624.9022222222222,1018.0659075224293,486.09972394755,1391.8987945051863,509.7560975609756,1031.1315688530879,737.4706559263522,3027.571810287241,800.9859719438878,1365.501393534002,911.8363991081382,1018.0178238893322,918.2162809257782,2811.638837353123,615.6150278293136,1516.1595925297113,611.4524617996605,1098.6212624584718,795.5166112956811
11,11,1037.9763167196888,630.0583244962885,1021.8029327610872,482.7489270386266,1394.0644981929386,511.3383375034751,1034.704563031709,737.6674400618715,3027.3900848010435,811.8294194390085,1365.0702436495592,912.3494038361845,1021.3909997305308,920.4648342764754,2806.4833641404807,615.6873074553296,1499.4297872340426,608.9344680851063,1093.6311874105866,810.041487839771
12,12,1035.4860960635608,634.3990610328638,1024.907327586207,479.6558908045977,1396.30884009009,512.9701576576576,1038.357339630067,737.689885871704,3027.531954887218,820.8176691729324,1358.951674903899,914.4651290499725,1024.685534591195,922.6374077112387,2801.331784386617,615.6567534076827,1485.5210860774118,607.130849220104,1090.3837946943481,823.9671280276816
13,13,1033.2671033478894,638.7889374090247,1026.7894736842106,478.1320949432405,1398.7778740612362,514.3665511265165,1041.5232512700272,738.0887065259867,3027.7315521628498,829.680661577608,1351.7718011409943,919.3963596848682,1027.6788222582386,924.6042679632629,2796.395538799874,615.9076343072574,1473.8450014405068,606.0538749639873,1087.5627118644068,835.3754237288135
14,14,1028.405529953917,643.5138248847926,1028.6326388888888,476.90451388888886,1404.5331040412725,515.530237890513,1044.5851148060174,738.3076009501187,3027.76245210728,837.220945083014,1344.6663881927038,924.8042328042327,1030.5870895937674,926.6658319421257,2791.96407372696,616.1315213995625,1463.1624891961972,605.44482857966,1084.956732137774,845.3034443495587
15,15,1022.3883696780892,641.6773970231914,1031.8160237388724,475.79887899769204,1415.665024630542,516.0908593322387,1047.2947083816143,738.5728080339899,3027.906349206349,844.1606349206348,1339.4268665001387,928.6655564807105,1033.0452069716775,928.1805555555555,2789.04546823246,616.2598614875037,1453.5864942528735,604.8459770114941,1082.7856540084388,853.9218002812939
16,16,1014.1478114478114,636.589898989899,1043.0661521499449,479.27526644615943,1424.8784219001611,516.6709608158883,1050.3496124031008,738.8802325581395,3027.9908805031446,850.3713836477987,1334.5197978096041,932.6534681269305,1035.295965339832,929.5800162469537,2786.2125,616.4181547619047,1445.1529209621992,604.5793241695303,1080.7672534227438,861.9483095836825
17,17,1003.6573175116864,629.5163610212154,1055.968115942029,489.94524959742347,1433.110562414266,517.1448559670782,1052.3302107728337,739.2369242779077,3028.045335942596,856.3300717547293,1330.5959681998863,936.1402612152185,1037.855,931.2525,2782.5921532846714,616.7384428223844,1437.6369982547992,604.3324607329843,1078.9096385542168,869.6592082616179
18,18,996.2933474876149,624.575017692852,1069.3346354166665,499.46256510416663,1440.2220417005144,517.2518277822908,1054.527238095238,739.5927619047619,3027.9868117375536,861.895483020112,1327.478777589134,938.8288058856818,1039.1773333333333,932.6461333333332,2779.731143552311,617.080900243309,1430.3457646718703,604.1306736050882,1077.3121109224674,876.292869269949
19,19,988.8908108108108,620.1376576576575,1080.913284772806,506.21852237252864,1446.3231991235277,517.3538756505067,1060.131537861046,737.5308352849336,3027.921608040201,867.0616415410384,1324.8885163453479,941.4744341994971,1046.1446593776282,937.1225119147742,2775.9877563513924,617.1276400367309,1423.4932273262662,604.0518256772673,1075.7925925925924,882.8128205128205
20,20,983.2980561555075,616.9312455003599,1091.4457875457874,511.85714285714283,1451.9185792349726,517.3174863387977,1072.685347985348,731.789010989011,3027.7810691181476,871.5056179775281,1321.900140646976,944.3369901547117,1057.661858974359,943.0825320512821,2773.970909090909,617.3551515151515,1417.4227787716159,604.0891472868217,1074.4028136663794,888.3853000287108
21,21,978.526870389884,614.3393045310853,1099.9348617176126,516.382096069869,1456.8094098883573,517.1868686868686,1091.3577803647652,727.3853317811408,3027.6899383983573,875.4411362080766,1319.720910623946,946.7523889825744,1069.8130961588038,946.8979118329466,2771.0089445438284,617.5542635658915,1411.4319492502882,604.134371395617,1073.1335578002243,893.6691919191919
22,22,974.0767613038906,611.7921486154924,1106.5546932742054,519.6585365853658,1462.052689052689,516.9579579579579,1104.4069017823283,724.1088357982555,3027.532516172965,879.6578140960163,1317.5004115226338,949.1039780521261,1082.3846360461991,950.7859253290356,2769.154834940111,619.2553315804848,1406.274718768502,604.1503848431024,1071.7229806598407,898.6109215017065
23,23,970.6872384937238,609.7932357043235,1112.4213768115942,522.670652173913,1466.209958506224,516.94163208852,1116.049063670412,721.0059925093632,3027.305831676607,883.559973492379,1315.195945945946,951.7525337837837,1092.0287592440427,953.9854834291974,2766.964211771665,628.0609287193138,1401.8023494860497,604.3042584434654,1070.4582628313592,903.4475465313029
24,24,967.2943859649123,607.8607017543859,1117.2825225225224,525.1751351351352,1470.392156862745,516.8257387462027,1125.5993265993266,718.3441825664047,3026.9209621993123,887.4398625429553,1313.383695047301,953.8478018920422,1100.7087111843912,956.6999175597691,2768.4063581995592,641.5911237016053,1396.4028776978416,604.3842925659471,1069.3284775778347,907.945729791488
25,25,963.9198446327683,606.0667372881356,1121.203644158628,527.4433726330832,1474.3460264900662,516.7844922737306,1134.0389513108614,715.8842696629214,3026.6938144329897,890.760824742268,1311.7648382559773,955.7777777777776,1108.4191795707688,959.1371909807117,2770.970588235294,652.976597090449,1391.8321470937128,604.5865954922893,1067.9205393000573,912.6884681583476
26,26,961.5553221288515,604.7531512605042,1125.3846153846155,529.8988408851422,1477.56903190319,516.799504950495,1141.9262962962962,713.5162962962962,3026.4238640305234,894.6496704821366,1310.0326797385621,957.7743677181016,1115.925552756787,961.4825076966133,2772.9551583568514,661.8312950768266,1387.1136571952338,604.7787962114268,1064.6497644776946,921.9562205597118
27,27,959.1075710859883,603.5035971223022,1128.9690972222222,532.1989583333333,1479.8150793650793,516.9005291005291,1148.0385852090033,711.8260092890317,3026.0438506337787,897.353888317917,1308.1813355685945,960.1075719474713,1122.484250890167,963.4831552999178,2774.725581395349,669.6077519379844,1383.4699404761905,604.9464285714286,1059.5771944679648,938.8679085520745
28,28,956.6105032822757,601.3927789934354,1132.3011444921315,534.1262517882689,1483.2760501909438,516.7741407528641,1155.0869727510265,709.338559163867,3025.6845915201657,900.2609445018958,1306.7855319148937,962.1066666666666,1128.5072463768115,965.2697881828316,2776.298604651163,677.0613953488372,1379.5713845205055,605.1677459142768,1055.3654173764905,953.6039182282794
29,29,954.6935883811548,594.5607509741409,1135.4368180218232,536.1974656810982,1485.7229857181353,516.9625437887362,1160.026420557365,707.6967064784654,3025.3316186556926,902.9701646090535,1305.5384615384614,963.4930966469427,1134.4714689265536,967.0663841807909,2777.5781298539914,683.9164336750542,1376.4072055706933,605.4165909778989,1051.0967472894079,966.0269669168752
30,30,954.2301418439715,584.3248226950353,1138.3176972281449,538.0678749111585,1488.2855591748098,517.1226927252985,1164.5232598810771,706.1014340678558,3025.0205338809037,905.2381930184805,1304.1171981466339,965.928590896702,1139.7510548523207,968.620534458509,2778.5502008032126,689.6388631448872,1371.916351010101,604.8857323232322,1047.225806451613,977.8340226082161
31,31,954.3867657466383,575.0307855626327,1140.6360028860026,539.6706349206348,1490.6571350762526,517.2954793028322,1168.3786919831223,704.6353727144866,3024.592096219931,908.253264604811,1303.028156996587,967.056598407281,1144.6436974789915,970.1254901960783,2779.4064354889097,695.1109028428615,1364.1740439626617,602.3571213489912,1043.856258790436,988.331364275668
32,32,954.6469968387777,567.7024938531788,1143.6037599421545,541.6258134490239,1492.5646993627042,517.4649487392629,1172.6884835479254,702.8973533619455,3024.20964360587,910.2505241090147,1301.7115819209039,969.0440677966102,1149.2731958762886,971.4513172966781,2779.9870967741936,699.7993855606758,1351.0680209295167,598.8184056632809,1040.9699828473413,997.3799313893653
33,33,998.669459962756,571.719739292365,1145.7143369175626,543.1939068100359,1494.2738190552443,517.7614091273018,1175.8064182194616,701.7342995169081,3023.8345348438033,912.9766563680054,1301.1766666666667,969.8580555555554,1153.9230550823395,972.9829642248723,2785.3077617328518,709.9617930204572,1340.5456475583862,596.7612981498331,1038.4536641003706,1006.0901055032791
34,34,1035.718241606092,585.3568708895812,1147.8491978609625,544.7133689839573,1496.6553489625437,518.0053893829156,1178.8539051603905,700.6168061366806,3023.021989528796,916.7507853403141,1299.922619047619,971.6607142857143,1157.920283687943,974.1968794326241,2802.9906432748535,725.3637426900584,1331.7854300581573,595.5148454239363,1036.1944922547332,1013.8907056798623
35,35,1043.7542603953646,604.2634628493524,1153.1884236453202,546.2672413793103,1497.7999459313328,518.2362800756961,1182.1470690253207,699.2899757197364,3015.283074648928,926.2220990391721,1298.9131652661063,973.3310924369748,1161.9468848693655,975.438128050531,2817.84588441331,739.088733216579,1323.3554939981532,594.4487534626039,1034.1044733044732,1020.7852813852813
36,36,1046.4651886425515,621.854531310774,1158.7491124260355,542.9029585798817,1499.4236054971707,518.5831312314739,1186.583795782464,697.2563817980022,3004.3923444976076,936.9162679425838,1297.8995780590717,974.7248945147679,1165.5442351598172,976.6135844748857,2830.473041406017,750.6729222520107,1316.6792215944758,593.893283113622,1032.2060286801286,1027.4483465027802
37,37,1048.681041181041,632.8760683760684,1163.8363273453092,537.8035928143713,1501.0992285182228,518.8789571694599,1188.4288681204569,696.7476635514018,2998.0733024691353,943.937885802469,1297.367117117117,975.7074887387386,1169.0982905982905,977.7358974358974,2841.5800639349022,760.4934612031386,1310.024656679151,593.6095505617977,1030.6536118363795,1032.9576443284013
38,38,1051.580466587584,642.4622380387505,1168.5297986025482,532.4825318536786,1502.9523418241577,519.1495480690222,1190.1800411522634,696.2486282578875,2992.296771684169,950.6538311940878,1296.7806362378976,976.8591977869986,1172.2458830210107,978.7657580919932,2851.3637437260113,769.219368172424,1304.069498069498,593.7007722007722,1029.0214013485781,1038.5631779536793
39,39,1054.2938647909339,650.8479874951151,1171.12899543379,530.0011415525114,1504.2492799162085,519.6420528934275,1192.8952095808384,695.3336660013306,2987.4756903928433,956.6087125632049,1295.9795689896443,978.3022670025189,1174.2302040816326,979.4019047619047,2860.021251819505,776.9228529839884,1298.8273244781783,593.9544592030361,1027.6938250428816,1043.356489422527
40,40,1056.6116015132409,658.984867591425,1173.6917077175697,526.2450738916256,1509.3191919191918,521.1621933621933,1195.8720030935808,694.0479505027068,2982.898568507157,962.4560327198363,1295.1984326896165,979.5062972292192,1179.2725415070242,981.1514687100893,2868.8410780669146,784.80916976456,1293.0567448182126,594.3656133197417,1026.2882160878598,1048.4303947758979
41,41,1058.005884825557,665.8314417822613,1175.9081885856078,524.1575682382133,1518.4002976190475,533.6895833333333,1197.1582969432313,693.1135371179039,2979.1051779935274,967.2123786407767,1294.4884464110128,981.8072763028514,1179.1598583877994,979.460239651416,2875.7666045934197,791.2594661700807,1288.23552259887,595.065324858757,1024.9493284493283,1053.2142857142858
42,42,1059.379746835443,672.3497890295357,1177.930384930385,521.6101556101555,1527.485400404741,548.5770453888406,1199.8064398097326,692.1946578851079,2975.58684316085,971.6052948255115,1293.3854636591477,983.6373433583959,1183.2473278647774,979.7956748695003,2882.5334590009425,797.6949418787307,1283.203933747412,595.426846100759,1023.7934059286146,1057.4216575922565
43,43,1060.9303361684892,677.8266504657755,1179.5943089430893,519.950406504065,1534.908523344191,559.4921281216069,1202.80204643841,691.1090121999212,2972.1282362459547,976.1796116504854,1292.7078152753108,983.4230313795144,1182.9617610062892,961.2709433962265,2888.083255086072,803.0579029733959,1279.4960193838697,596.128764278297,1022.9155701754386,1061.140899122807
44,44,1062.7309145880574,682.0294784580499,1181.0214285714285,518.3126984126984,1541.895486935867,569.5605700712589,1203.7882177479491,690.7542878448918,2969.399920255183,979.7719298245613,1292.8196347031962,984.0239726027397,1182.2339393939392,937.6603636363636,2892.916889284654,807.6939744731374,1276.3912443984832,596.8566011720096,1021.8446937014668,1065.5205637043427
45,45,1065.3012684989428,682.813248766737,1179.4666666666665,511.4706401766004,1548.2892358258011,579.0101342098054,1205.9404352806414,689.922107674685,2966.595615103532,983.3317092976044,1292.7137907137908,984.2926772926772,1182.394077448747,925.4770944064793,2898.363438857852,813.1166977032898,1272.4158075601374,597.3374570446734,1020.5026065624041,1069.1815394050905
46,46,1069.7160374314294,679.5382381413359,1174.6138306138305,505.56915306915306,1553.6145675265554,587.1628730399595,1206.610816542948,690.1749734888654,2964.430254656024,986.0592930444698,1288.7992424242423,984.6150932400931,1183.3691056910568,906.0672086720866,2901.4608843537417,816.2091836734694,1270.3894770612767,598.125441129291,1019.6361209964413,1072.13256227758
47,47,1076.652034261242,671.2780157030692,1169.2015113350126,498.7464315701091,1558.6607431340872,594.5557350565429,1209.6572989851677,688.7751756440281,2961.5034260378875,989.8851269649335,1289.4662762958142,984.6402081977878,1184.1972151179311,891.2949701619779,2907.078793474915,821.9002770083102,1266.3720207253887,598.4535405872193,1018.5995825879546,1075.9147286821703
48,48,1081.8455200823894,664.9876416065912,1165.5167256985437,494.10074773711136,1563.3625033147705,601.9188544152745,1209.965009208103,689.060773480663,2959.443798449612,992.5589147286821,1281.4126707352514,986.2882882882882,1184.5987922705312,884.2541062801931,2910.2039930555557,825.1556712962962,1264.1289490651193,598.8600902643456,1017.6346950858494,1078.842806394316
49,49,1086.0851926977687,660.0980392156862,1162.8006158583526,490.5850654349499,1567.0500903692227,606.9096307771753,1211.2471509971508,688.8614672364672,2957.7905405405404,994.7297297297297,1277.9507042253522,986.6924882629106,1185.652414885194,869.0089733438901,2913.5609893198425,828.6905564924115,1261.6946031746031,599.348253968254,1017.4141163496001,1080.064240419079
50,50,1090.1344632768362,655.0900188323917,1159.8731748018356,486.51773049645385,1571.207264957265,613.5905448717949,1214.095638255302,687.6838735494197,2954.885239253852,998.5502838605028,1273.2317766246601,987.8527304175932,1186.4266895761739,858.4358533791523,2917.846511627907,833.3568992248062,1257.5070118662352,599.1488673139158,1015.6596931659692,1086.2437935843793
51,51,1092.8698245614034,651.9954385964912,1158.1179666278617,484.12922002328287,1575.3423209093312,619.0761300555115,1214.2356134636266,688.120159247195,2953.6487695749443,1000.1886651752424,1277.8496023138105,987.000241021933,1187.2153512340656,850.1977217249797,2920.3941753171857,836.1199538638984,1257.9246487867176,599.1088761174967,1015.0185348631951,1087.1715210355987
52,52,1096.0380434782608,648.1615942028985,1156.65315852205,481.994835121176,1582.506726457399,625.0293971101146,1215.5699745547072,687.8189749182116,2951.7486033519554,1002.6111731843575,1269.1535714285715,987.34375,1187.9907558455682,842.0100598151168,2923.615628604383,839.5801614763552,1255.0135790494664,599.0103459424506,1014.2985923929319,1089.9125486672656
53,53,1098.5380635624538,645.2760532150776,1154.9294258373207,479.73405103668256,1596.1678726483358,630.9428364688856,1218.3739195791054,685.5437805336339,2949.8139269406392,1005.1738964992388,1266.038440417353,987.9038989566171,1188.725458025704,835.1424665025977,2926.5002868617325,842.843373493976,1251.9495854063018,598.955887230514,1013.5947306098282,1092.2844878626406
54,54,1100.549019607843,643.2973262032085,1153.6339945546479,477.9926098794243,1609.5110320284698,636.2313167259787,1223.125,678.8645833333334,2948.0744014732963,1007.4836095764272,1270.7648351648352,987.3948717948718,1189.508887065901,827.9349193327864,2928.81805319751,845.5509337860781,1250.6871401151632,599.0351887396033,1012.7844009489916,1094.605871886121
55,55,1102.410591222343,641.1653971708379,1152.37450039968,476.28856914468423,1621.3172198172197,640.5772005772005,1232.4897660818713,668.2456140350877,2946.107357357357,1009.990990990991,1263.7194979568008,987.673671920607,1190.0544272948823,821.5285675602491,2931.5629754860524,848.549732318963,1246.9946018893386,598.5307017543859,1012.0354924578527,1096.735285418515
56,56,1104.1656206415619,639.4034170153417,1151.2942555685815,475.1328644001563,1631.7739908145998,644.1568769639834,1239.0815677966102,661.5723870056496,2944.889727011494,1011.4777298850574,1262.153735632184,987.8942528735631,1190.7558265582654,815.3482384823848,2933.7571189279734,851.0957565605806,1246.266987179487,598.7278846153846,1011.4302120141343,1099.0883392226149
57,57,1105.746835443038,637.7834036568213,1150.4690781796967,474.1824192921042,1640.921583087512,647.0668633235005,1245.4023494860498,654.7547723935388,2943.272161172161,1013.7509157509156,1260.7221742881795,988.0598216853609,1191.3449458960147,810.6326207442597,2936.4201798763347,854.1925238898257,1244.1541389153188,598.7364414843007,1010.8145539906103,1101.0082159624412
58,58,1107.314775910364,636.0511204481792,1149.3089613798275,473.7975253093363,1648.9546234976697,649.4150110375276,1250.2465702632553,649.1624026696329,2941.701965065502,1015.6608442503638,1259.4343607305937,988.1800799086757,1192.162768031189,807.1825048732942,2938.168737917702,856.2435791217896,1242.2662798194713,598.6189555125725,1010.1765907764155,1102.853473438412
59,59,1108.1286353467563,631.7438478747204,1147.0222222222221,473.7422222222222,1655.845142439737,651.3574385196006,1255.2261098570352,643.6151241534989,2940.5466954022986,1017.1530172413793,1258.2163943823443,988.2507881914587,1195.46844783715,797.1498727735368,2940.430450601735,858.7050097956899,1240.2104743083005,598.353096179183,1009.4425544613548,1104.849895553566
60,60,1105.2137142857143,622.895619047619,1143.448676097207,477.13492927094666,1662.8448869223205,653.3274336283185,1259.2682832948421,638.8391070053888,2938.926323319027,1018.519313304721,1256.4872246696036,988.3609397944198,1203.2021983640082,787.8578732106339,2942.6350282485873,861.3610169491525,1237.8715382048713,598.2332332332332,1008.8147476579026,1106.6016923541854
61,61,1100.7862481315394,612.1102391629297,1136.9985347985348,482.8435897435897,1668.7580606060603,655.1527272727272,1263.1876911314982,634.6869266055046,2929.972071091766,1021.0598476605005,1255.639151619375,988.486385783892,1211.1377744133233,779.6373959121877,2944.7454954954956,863.8282657657658,1234.394254067151,594.2966424368293,1008.3455390874745,1108.1976169718105
62,62,1096.956217807211,602.809050772627,1131.9873873873873,488.1481081081081,1674.4291271577922,656.7772915147094,1266.606231231231,631.200075075075,2910.774919614148,1024.5687745623436,1254.804260218768,988.4804260218767,1217.90820165538,772.8304489591171,2946.2858719646797,865.5816777041942,1237.2302371541502,584.3392621870883,1008.5455624814483,1109.8361531611754
63,63,1093.7063492063492,595.4213907785336,1128.0221270521054,492.48108493932904,1679.4563059791815,658.2730573710966,1269.9354460093896,627.0238654147104,2896.131376659678,1028.1670160726765,1253.4312374389892,988.6264714326729,1223.7901706137,766.9335370511841,2948.2905405405404,867.8873873873873,1244.5063844086021,571.0564516129032,1013.7774699907663,1115.6882117574637
64,64,1090.561322568243,589.0826605151864,1124.6361631753032,496.32855567805956,1684.297323600973,659.7909975669099,1272.549463647199,622.7560588001589,2883.569651741293,1031.6609808102346,1252.2069264069264,988.8239538239537,1229.374488752556,761.5250511247443,2949.935185185185,869.915544332211,1251.4942287513115,559.7170339279468,1031.5643166357452,1122.686147186147
65,65,1087.8748114630466,583.7564102564102,1121.6121343445286,499.9281328999638,1688.8191721132898,661.2350520455095,1274.229761904762,619.2464285714286,2873.504291108822,1034.4538276690696,1251.2027222704894,988.9588763394148,1233.8500499001996,757.193113772455,2951.719414526374,872.1052195526098,1256.515214384509,551.2157676348547,1049.649025069638,1129.3169297431134
66,66,1085.143619047619,578.4388571428572,1118.926292629263,503.06123945727904,1693.219817219817,662.5553150553151,1275.3846153846155,615.9767258382643,2864.0512820512818,1037.1216216216217,1250.5133735979293,988.9646246764452,1238.330035514967,752.8219178082192,2953.2663841807907,873.8378531073446,1261.5508919202518,542.8314095837706,1064.2942635658915,1134.3184496124031
67,67,1082.5397205588822,573.5688622754491,1116.3483275663207,505.6885813148789,1697.451023932889,663.8593634344929,1276.7655993431856,612.6600985221675,2856.012160228898,1039.3526466380542,1249.8518192488261,988.9853286384975,1242.3893208916536,748.6741835147745,2956.6615980918305,877.6776982707215,1266.0837808807735,535.5653419262442,1077.3867778807537,1138.2218103181958
68,68,1076.8788562829195,569.6196388261851,1114.815192743764,504.7282690854119,1700.6293586930014,664.9517190929041,1277.4688473520248,610.5926791277259,2849.0996884735205,1041.3534094842505,1248.6594951233506,989.1637980493401,1246.0873615307148,745.2336354481369,2959.899122807017,888.4141604010025,1270.027397260274,529.6635054443274,1087.8205845771142,1141.0513059701493
69,69,1064.1958838662256,564.2285924292539,1112.934074074074,499.0918518518518,1704.5736263736264,666.2818070818071,1278.4672228843863,608.2252681764005,2841.936573595312,1043.5180972078595,1248.1666666666667,989.3621082621081,1249.496712190187,741.9140111279717,2961.556925996205,901.7197975964579,1274.184987548915,523.4407684098186,1097.268456375839,1143.5461808884627
70,70,1053.4649499284692,558.8866237482117,1110.1603375527425,490.7180667433832,1707.826998050682,667.3209064327485,1279.4435163086712,605.8579952267303,2835.7313746065056,1045.2773697096886,1248.2946742362801,989.6323330629899,1252.8674388674388,738.5070785070785,2962.520931696569,911.7831287378029,1277.211373390558,518.8301144492132,1106.1599607458293,1145.6915276414784
71,71,1044.9766522988505,553.9134339080459,1108.24139327663,483.53503442689345,1710.9409900024382,668.3096805657157,1280.3281374900077,603.9480415667466,2829.6121399176955,1047.090877914952,1245.5512600229094,989.3800114547537,1255.7290857290857,735.6314426314426,2962.986072423398,920.796038378211,1280.6185344827586,513.877514367816,1114.1519925857276,1147.6076614148901
72,72,1037.370169736367,549.0892018779342,1106.785237534354,478.42952493129167,1713.9473426402153,669.3979916727895,1281.3777777777777,601.8307992202729,2823.800068941744,1048.9210617028612,1247.6205083260297,990.6450482033304,1258.596342091705,732.8346213292117,2963.268918073796,929.0822388993121,1283.6775244299674,509.70611653999276,1121.287987987988,1149.38018018018
73,73,1030.6840202458422,544.6764280549529,1105.6513364779873,474.65330188679246,1716.8718513083882,670.4402054292003,1282.366020984665,599.8389830508474,2819.138245614035,1050.2157894736843,1253.610119047619,996.7464285714286,1261.4692680438664,730.1800561081357,2963.4501557632398,935.7314641744548,1286.492133186974,506.0285400658617,1128.9308357348702,1151.133525456292
74,74,1025.2569369369369,540.5754954954955,1104.9382270356998,471.99358202968307,1719.3594961240308,671.34375,1282.9725585149313,598.2861178369652,2813.89245014245,1051.7460826210825,1265.5042270531399,1006.937801932367,1264.0069124423962,727.5993343573988,2963.3183940242766,942.0943043884221,1289.345925925926,502.3629629629629,1134.8523447401774,1152.3821292775665
75,75,1020.6297903109182,536.4779464931308,1104.7623642943306,470.762766385203,1721.7468415937803,672.1297376093295,1282.180227471566,593.67760279965,2809.032798573975,1053.265953654189,1275.4227493917274,1015.316909975669,1266.4549201442553,725.248325605358,2963.2137952559297,948.1129837702871,1291.8751885369531,499.03996983408746,1140.1736375158428,1153.6223067173637
76,76,1016.8383729301655,532.8812095032397,1104.3193946634806,469.0461967343687,1724.1565510597302,673.015655105973,1276.2377294067435,590.5783183952198,2804.2477526069756,1054.6321467098167,1284.842928845586,1022.8695010333627,1268.7674658417118,723.0427945346738,2963.066287878788,953.7051767676767,1289.6490218642118,493.70349060222475,1145.5145330859616,1154.8942486085343
77,77,1014.0901303538175,528.3448789571694,1103.809635722679,467.5084214649432,1725.679802955665,673.9657518179686,1268.0736434108528,586.6821705426356,2801.088575560376,1055.666305133767,1294.295896975142,1029.2994908655285,1271.1081364829395,720.9648293963254,2962.9301435406696,958.0328548644337,1282.5914678235717,483.24620390455533,1150.5426791277257,1156.0271028037382
78,78,1013.1371285356247,519.5420694593627,1103.058382642998,465.9108481262327,1730.6963388370423,675.5247666905958,1260.3112554112554,583.1290043290043,2796.7020585048754,1056.9183820873961,1302.016339869281,1034.809863339275,1273.0924040720438,719.1219002871312,2962.538387715931,963.2719129878438,1274.220296135789,470.8165402672445,1155.128660436137,1157.0358255451713
79,79,1013.0418943533697,507.27832422586516,1102.6122848200312,464.8392018779343,1738.8563829787233,687.2188449848024,1254.2119234116622,580.6253263707572,2793.2288288288287,1058.0482882882882,1310.211111111111,1040.9123123123122,1275.2128764278295,717.0965732087227,2962.3542839274546,967.8355222013759,1267.8150427350427,462.1111111111111,1159.9554300062773,1158.0878844946642
80,80,1013.5303197353913,500.03123851525174,1102.0477326968974,463.5946698488464,1745.3139622641509,700.7670440251571,1248.8005354752343,578.594823739402,2789.8074712643675,1059.1210488505747,1316.9058997050147,1045.604424778761,1277.1913628135505,715.4851305921902,2961.441689623508,971.4343434343434,1262.212962962963,455.0867626886145,1163.8583175205565,1159.0167615433268
81,81,1013.7133333333333,494.9277192982456,1101.737171954563,463.1147669408538,1750.588029050839,711.0423240671174,1244.8042895442359,577.1635388739946,2786.693870148712,1060.1186071817192,1325.1038449894036,1050.7629427792915,1279.10289966641,713.7359507313317,2953.9117838541665,981.4270833333333,1257.156560465913,449.41178485782797,1167.5052959501556,1159.9077881619937
82,82,1013.7204641350211,491.2798874824191,1101.3282111899132,462.0941686367218,1755.6791539245664,720.6870540265036,1240.4407561088058,575.7192254495159,2783.1065808297562,1061.0840486409154,1330.5587273267915,1054.3636633957774,1280.9486176317162,711.9895670318206,2939.477656405164,991.1734524991724,1252.4790602655771,444.38508682328904,1171.72190293742,1160.815134099617
83,83,1014.557127312296,490.81030105186795,1100.9672727272728,461.42989898989896,1760.05636317266,729.3353736291762,1237.374829001368,574.8271773825809,2780.5538461538463,1061.9267399267399,1336.2568011958147,1058.0750373692076,1282.5459544383345,710.6475517151086,2928.1620644312948,997.9381985535831,1247.8477580813346,439.65867222801523,1175.5149469623916,1161.6824172291865
84,84,1015.5622669649515,491.43959731543623,1100.6678628389154,460.7121212121212,1763.904983217144,737.0668732248902,1234.1210846189808,573.8920056100982,2776.2719101123594,1063.2543071161049,1341.6267626762676,1061.5733573357336,1284.3673036093417,709.0769639065817,2918.554814108675,1003.4505878614552,1244.0052083333333,435.8090277777777,1178.866987179487,1162.4737179487179
85,85,1016.4298150163221,491.8200943054044,1100.499606918239,460.3022798742138,1767.280970625798,743.8314176245211,1231.2313937753722,573.0252593594947,2774.6705715299963,1063.703585374512,1346.0677314404022,1064.6054421768706,1285.3161670509865,708.3620292083014,2910.390259329538,1007.6986084756483,1240.5162271805275,432.16565246788366,1181.3542050337628,1163.169736034377
86,86,1016.8736964078795,490.3024333719583,1100.3114355231144,459.82603406326035,1770.5505857294993,750.6403088391907,1227.7611865258923,572.1106083459024,2770.837011227255,1064.9337979094078,1350.7903275176002,1067.7591062136514,1288.0264993026499,705.776011157601,2902.254198966408,1011.8569121447027,1237.187788427405,428.7933972310969,1184.8570506615035,1163.8796385930943
87,87,1017.6865391826021,490.4473190851143,1100.5448028673836,460.97092791716443,1773.4040483701365,756.6380126182966,1226.272770624702,571.7696709585122,2768.6009492515514,1065.5746622855056,1354.9291362530412,1070.5611313868612,1290.3006535947711,701.496447854504,2895.4631911532383,1015.1380726698261,1230.8546176046175,429.74639249639245,1187.943961352657,1164.6331723027374
88,88,1018.2628276116648,490.64488741232924,1097.3492248062014,460.8767441860465,1776.0430192662968,762.1372393771443,1224.6759259259259,571.3435185185185,2766.434023991276,1066.3456924754635,1359.0590563165904,1073.365905631659,1295.0978172999191,688.9544597143627,2888.9347826086955,1018.3223062381852,1225.4291845493563,443.511087267525,1190.522582697201,1165.273854961832
89,89,1018.7610748002904,490.278140885984,1092.4413364413365,460.61693861693857,1778.3354281225452,767.0261848651479,1223.856290174472,571.2029384756657,2764.157142857143,1066.979120879121,1362.6050269299822,1075.8043087971275,1300.6506309148265,676.6982124079915,2883.210218528778,1020.932594644506,1217.7558558558558,460.3174174174174,1192.9283903675537,1165.9055766793408
90,90,1019.8637770897833,492.1348469212246,1086.8909803921567,460.82823529411763,1780.8225552050474,772.2599894847529,1221.0479452054794,570.610502283105,2761.629225736096,1067.7422755361686,1366.0328808446454,1078.1239819004525,1305.4469758611338,666.8161106590724,2876.9437148217635,1023.8580362726702,1208.6457931920359,478.06229929351315,1195.7339124839125,1166.5498712998713
91,91,1021.8816649466803,494.80392156862746,1083.2644757433488,461.0962441314554,1782.9391076115485,776.6771653543307,1218.5701881331404,570.3907380607815,2759.839452843772,1068.2886969042477,1369.5394816154308,1080.5021097046413,1309.6117549668875,657.8165011037527,2871.4695140823274,1026.2980501392758,1201.0316962730756,493.86659700452805,1197.8202953188816,1167.5702167766258
92,92,1028.1085610200364,497.1446265938069,1079.6496840442337,461.2531595576619,1784.9896331738437,781.3617756512493,1217.9557438794727,570.3276836158192,2757.4068736141908,1069.1260162601625,1372.8786215309544,1082.7831655992682,1313.2274774774774,649.8626126126126,2867.3202435312023,1028.2313546423134,1194.9821073558649,505.40357852882704,1205.1198360138756,1171.7581204667297
93,93,1036.146269753767,500.3072399852995,1077.6812596006143,461.3774961597542,1786.7789115646256,785.2250130821559,1216.5911680911681,570.2307692307693,2754.4779874213837,1068.8396226415093,1375.8364779874214,1084.8457622042527,1315.9594053744995,643.2472841623785,2861.8448844884488,1030.7080708070805,1189.2903762903761,516.3000333000333,1216.3275751759436,1179.341650671785
94,94,1043.498553868402,502.9490238611714,1074.8216686437327,461.35389482008696,1788.5202991452988,789.2425213675214,1215.3108614232208,569.9826779026216,2750.5304005722455,1062.143061516452,1378.7156684815486,1086.78463399879,1318.6116898148148,636.433449074074,2856.8393081761005,1033.0716981132075,1183.9013641133263,526.0500174886323,1222.2592592592594,1182.9191033138402
95,95,1048.0103773584906,504.16855345911944,1072.0848056537102,461.57597173144876,1790.3120510774143,793.2202713487629,1215.3160597572362,575.8781512605042,2748.0694736842106,1047.4280701754385,1381.3333333333333,1088.7075015124014,1321.0066206102474,630.4798503166378,2853.137019969278,1034.8236559139784,1179.1076497057804,534.7559709241953,1227.0615976900867,1186.3028553095924
96,96,1057.8096762717894,508.25257915332617,1069.8274091627172,461.9261453396524,1791.7109144542771,796.5071064628586,1221.2269303201506,592.6633709981168,2746.5888181174805,1033.5746638358103,1383.9188536953243,1090.4470588235295,1323.0754936120788,624.8301393728223,2848.7394106813995,1036.9140577041128,1174.6464753808004,543.1161884520014,1230.7997416020671,1189.5158268733849
97,97,1067.0358095238093,513.6605714285714,1068.0142348754448,462.365757216291,1793.1185009237265,800.034309844286,1225.011261261261,614.2153153153153,2745.0290010741137,1022.0039384174722,1386.422424242424,1092.2427272727273,1325.160058737151,619.2290748898679,2844.4203957382038,1039.0453576864534,1170.848002827854,550.440084835631,1234.0927867810612,1192.4985700667303
98,98,1074.8677130044844,517.0874439461884,1066.5506202480992,462.73829531812726,1794.6521270866988,803.5371567043619,1228.969292389853,632.1873609256786,2743.600867678959,1011.4924078091107,1388.8437118437118,1093.8449328449326,1326.6983408748113,614.4971342383107,2841.0382760699213,1040.6618444846292,1166.9700252798843,558.1733477789816,1237.2844744455158,1195.4169077467052
99,99,1081.5057471264367,519.7004310344828,1065.6530448717947,463.10336538461536,1795.5007429420505,807.0012382367507,1232.0798122065726,646.9513444302177,2742.6111719605697,1002.9623950346842,1390.9183856502243,1095.342600896861,1327.9700239808153,609.9313549160671,2837.0018348623853,1042.5755351681958,1164.2773618538324,564.5108734402852,1240.2366536458333,1198.349609375
100,100,1087.295197740113,522.1772598870057,1063.3724550898203,463.40998003992013,1790.2504560854832,820.0737555381808,1234.6782347900598,660.7305055698372,2741.6583783783785,995.561081081081,1393.1506642512077,1097.0009057971015,1328.605313092979,601.3440860215053,2833.0740404956177,1044.4708371109095,1159.15205327414,580.5419903810581,1242.6641050272174,1200.9228306115913
101,101,1092.6506238859179,524.6659536541889,1061.9976608187135,462.61052631578946,1774.3530982905982,838.443376068376,1236.85358649789,671.6763713080168,2740.7528985507247,988.1880434782609,1389.9034874290348,1093.992160043255,1324.478573765129,588.8864900228982,2829.9725776965265,1046.0383912248628,1149.9592792792791,596.9985585585586,1244.8821059431523,1203.2044573643411
102,102,1097.66811436844,526.9840752804922,1063.983451536643,465.06304176516943,1762.7122321670734,855.3900189856251,1238.0101910828025,680.5341825902334,2740.039725532683,981.6117732033225,1389.0452777777778,1090.6377777777777,1319.7219010918432,574.3021836865768,2826.209144269385,1047.798578931109,1141.3612334801762,612.9944933920705,1246.5813358900607,1204.9635666347076
103,103,1101.3406754772393,528.6875917767989,1064.838431372549,466.14588235294116,1753.2265902265901,869.4067704067703,1236.202192448234,691.2557856272838,2739.4084757834753,975.9544159544158,1389.891132572432,1087.9004975124376,1315.5518741633198,561.9410977242302,2822.9896309850565,1049.4458676425738,1134.2996376811593,625.670652173913,1248.9130152547873,1207.302499188575
104,104,1104.7359448676095,530.3398621690243,1064.6111767020857,466.5143644234553,1743.8286367098249,883.5658796648896,1236.6885441527447,714.0127287191726,2738.6990538573505,970.1168122270742,1391.0261437908496,1087.5275443510739,1311.3617021276596,552.0857818304627,2819.787823439878,1051.0815829528158,1127.7962382445141,636.5109717868338,1250.573307667629,1209.1469361565607
105,105,1108.4115876598946,532.1982693754702,1065.2431561996777,467.32608695652175,1736.2545652766419,893.8119378577269,1237.0622171945702,735.38197586727,2738.2156440617146,965.3021169716541,1392.2205638474293,1088.5170812603646,1307.4865145228216,543.9920470262794,2816.6722170829476,1052.623188405797,1121.98104434907,645.8726752503576,1252.0122620200063,1210.6957082929976
106,106,1112.046212121212,534.0454545454545,1068.1731144978507,471.8550214927706,1729.9109606220215,903.0622021570101,1237.469730941704,754.8695814648729,2737.749823819591,960.1462297392529,1392.9094276094274,1089.3080808080808,1302.955223880597,535.9168443496802,2813.8506690997565,1053.977189781022,1116.34,654.5589473684211,1253.6917148362236,1212.3384714193962
107,107,1117.4597441685478,536.1629044394281,1075.2563176895308,478.0344965904532,1722.543844615824,913.4233076263924,1238.4724409448818,771.1462317210348,2737.401515151515,955.8001443001442,1393.076639892905,1089.8356760374832,1299.2190889370934,529.6887201735358,2810.9877787962114,1055.5221509318667,1111.1718967921895,662.318340306834,1255.0712687759667,1213.8913390859698
108,108,1121.312546399406,537.7698589458055,1085.0774907749078,482.9372693726937,1717.496330043027,920.6831181979245,1239.456818181818,784.9056818181818,2737.07994289793,951.7615988579586,1393.312397775597,1088.8959764474976,1295.8223660553756,524.4509169363538,2807.927311435523,1057.103406326034,1106.8927689594357,669.0514991181658,1256.6466019417476,1215.6508090614886
109,109,1127.9398148148148,541.6265432098766,1094.6867954911434,488.5338164251208,1712.5823045267489,927.5347222222222,1240.3855238095236,796.455238095238,2736.829373650108,947.3617710583153,1393.3058785529715,1087.4295865633073,1292.6184112843355,519.7412769116555,2805.356215213358,1058.4004329004329,1102.4380750176929,676.0311394196743,1256.6170145477545,1216.2327640733713
110,110,1138.2064238151195,549.5468076772424,1102.1491329479768,492.26473988439307,1706.199074074074,936.443082788671,1241.2155303030302,806.9693181818182,2736.608262108262,944.0580484330484,1393.2582113821136,1087.032845528455,1289.5149791429653,515.1926431551004,2802.424860853432,1059.899814471243,1098.6016434440871,681.8360128617363,1257.1973807296538,1218.1496725912068
111,111,1148.952156862745,556.8031372549019,1108.4580472921434,494.8157894736842,1702.0399894764535,942.3525388055774,1242.2317678503246,816.8365788468881,2736.3808454919563,940.0658436213992,1393.2422133863483,1087.2471835652748,1286.1030927835052,510.08132875143184,2800.759572573464,1060.5259720985455,1095.6568524360323,686.6778829302489,1257.28611898017,1222.1875983632356
112,112,1158.2066666666667,563.0752941176471,1114.0310438494373,496.6301901435778,1698.0989867498051,947.8415172772147,1243.0083144368857,825.3356009070295,2735.9391777098194,938.3639143730887,1393.0006613756611,1086.7258597883597,1284.469915097822,507.87153931339975,2793.1361334524872,1061.4140601727731,1092.307506887052,692.1670110192837,1256.400650406504,1226.7925203252032
113,113,1166.2222222222222,568.5719298245614,1118.493725490196,497.7149019607843,1693.4224867724865,954.2846560846559,1243.7759626604434,833.251264099572,2734.350825082508,933.1359735973597,1393.041289023162,1083.1607922121516,1282.0037160906725,504.42512077294685,2779.1443618339526,1059.1617100371748,1089.4409503843465,697.0391334730956,1255.2007759456837,1230.7268024571613
114,114,1173.4612676056338,573.4460093896714,1122.8068880688807,498.8532185321853,1689.619614062913,959.4203013481364,1244.6416666666664,839.2102272727273,2727.8614035087717,929.7908771929824,1392.9397870924815,1082.039254823686,1279.738122386925,501.281261877613,2767.4536245647355,1055.972143083254,1086.7903960743076,701.6740273396425,1254.1517509727626,1233.6433203631645
115,115,1179.8386850152904,577.7083333333333,1126.2530266343826,499.92130750605327,1685.7491354083531,964.7823889332269,1250.088064889919,851.843955195056,2719.6267806267806,928.4697293447293,1392.8754109138722,1081.4520052596974,1278.2062454611473,499.1038489469862,2758.5666666666666,1053.1728395061727,1084.5340277777777,706.0288194444444,1253.4140186915888,1235.107476635514
116,116,1185.7508690614136,581.3661645422943,1129.3349693251535,500.98854805725966,1682.3629570322923,969.3311982919668,1259.2366352201257,872.0908018867924,2712.4486350574707,927.9461206896551,1392.7168021680216,1080.8184281842819,1275.9446935724961,496.01644245142,2750.743093922652,1050.3735420503374,1082.2666666666667,710.1015873015873,1253.4023878670537,1235.0003226847368
117,117,1191.2945285215367,584.6228172293364,1131.7035236938032,501.8829485621709,1678.9782377919319,973.8147558386411,1267.5594817432273,889.6627404789948,2706.9326957137796,927.2972015586255,1392.5812644819596,1079.583912611718,1274.5087328130805,493.88963210702343,2744.10209102091,1047.85024600246,1081.302758391492,712.914257228315,1253.0776794493609,1236.050475254015
118,118,1196.2474576271186,587.4670433145009,1133.8665077473183,502.75526420341674,1675.75939059627,978.1189913317573,1275.4932249322492,904.0356174990321,2702.571922544951,926.8029045643153,1392.5460852329038,1078.579781962339,1272.7773034507293,491.4023479188901,2738.4723707664884,1045.584670231729,1082.1696459866805,725.9775674728355,1252.36820083682,1238.6663179916318
119,119,1201.6712802768166,590.3425605536332,1135.929699842022,503.75,1672.7217368281704,982.2523166534286,1282.2885283893395,916.2885283893395,2698.5809228650132,926.1883608815426,1392.3833664678593,1077.468853545394,1271.3250180766447,489.41937816341283,2733.2458967472394,1043.5195464040585,1085.2578680203046,751.2003384094754,1252.9882280049565,1238.8667905824038
120,120,1206.1560693641618,592.7510597302504,1137.8099762470308,504.51543942992873,1669.754427702881,986.0988633359766,1288.1241676459065,926.9357618488052,2694.925305410122,925.6568935427573,1392.1989301237043,1076.576061517887,1266.379760609358,486.6351106274936,2721.334251606979,1040.6476890113254,1086.3655476432689,771.3621566632756,1255.6806314511232,1245.5300546448088
121,121,1209.8402234636872,594.5992551210427,1139.0804868472712,505.35689045936397,1666.8550039401102,989.9981612818491,1293.0644546147978,936.0865751334859,2691.6543988783733,925.1507185418857,1392.145770645269,1076.0023403543964,1256.2309599716614,482.03329791002477,2698.5356937248125,1034.69142199194,1087.4961240310076,787.4599483204134,1261.77947336924,1252.225014961101
122,122,1213.5730797912006,596.4746457867262,1141.1178092986604,506.284475965327,1664.4443569553803,993.1916010498687,1297.741848868431,944.7253548139623,2688.351598173516,924.6912539515279,1391.9591971043105,1074.6614017769002,1246.7140439932318,476.63553299492384,2674.3318465655666,1026.8281296461491,1088.5710200190658,801.3765490943756,1269.9425603421937,1259.7821570424687
123,123,1217.2380414312615,598.2934086629001,1142.4514866979655,507.2218309859155,1661.8202068416865,996.6799257491381,1302.0822662010087,952.6573535118354,2685.773459383753,924.4821428571429,1391.9162462159436,1074.6004036326942,1238.9203119701592,472.08036622583927,2654.6636717580113,1021.3153638814016,1089.5754119138148,813.6929657794677,1279.0916159567275,1253.1139283299526
124,124,1221.1617199391171,600.0985540334855,1143.422943221321,508.0675936655079,1659.3619648016809,999.9043866561595,1305.8437618505877,959.5081532043989,2683.672707889126,924.0891968727789,1391.8134403209629,1073.6526245402874,1232.2114942528733,468.4538587848932,2638.200474495848,1016.3852313167259,1090.634223918575,825.0025445292621,1286.3117083719492,1232.3358047574914
125,125,1224.0866896816262,601.4952052167242,1145.1260306242639,509.0836277974087,1656.7824589295176,1003.3465818759936,1309.5168231611892,966.0289514866979,2681.1535135135136,923.8345945945946,1391.729873586161,1073.0595475715234,1226.1137975499676,465.1889103803997,2624.011219368172,1012.2704458222615,1091.6334913112164,835.401579778831,1295.8778998778998,1210.3296703296703
126,126,1226.9245714285714,602.7805714285714,1146.3931827189854,510.03646452635746,1654.690249072602,1006.1240063593004,1313.597995545657,973.3103192279139,2679.1922530206107,923.6186922530205,1391.718887758562,1072.4231943031537,1220.646660212972,462.4617618586641,2611.04039497307,1008.2564332734888,1092.4668569616238,844.7494449730415,1305.4813112745096,1192.4577205882354
127,127,1229.4982857142857,603.8918095238095,1147.130401234568,510.91435185185185,1652.689755838641,1008.8381104033969,1315.7691415313225,976.9856921887084,2678.381096535486,922.1335351496804,1391.647156084656,1071.3161375661375,1215.7460165710643,460.0165710643722,2599.896713615023,1005.0484154929577,1093.2470841006752,852.8155310006139,1312.91221719457,1177.0660633484163
128,128,1231.8261035007608,605.1282343987823,1148.6419607843136,511.94078431372543,1650.6759332803813,1011.5554673020915,1318.7248925361469,982.1344275107464,2672.808828640945,913.7681612791101,1391.607804232804,1070.5393518518517,1211.1479346781941,457.92347102145374,2581.9489544895446,1004.2690651906518,1093.9965667915105,860.5539950062422,1318.6875757575756,1164.171212121212
129,129,1234.4681904761903,606.3748571428572,1149.1330184966548,512.828020464384,1648.8144329896907,1014.1229183187946,1322.0834268612045,987.5720164609053,2666.4616876818623,900.1115421920466,1391.55387713998,1070.3212487411884,1205.8167989417989,455.5373677248677,2552.269594388533,1004.5553522415371,1094.7230671736374,868.1273764258555,1323.812030075188,1151.6528822055136
130,130,1236.8591657099118,607.5445847684653,1150.2989571263035,513.8149864812668,1646.9963254593176,1016.7611548556429,1324.48677839851,991.5378026070763,2658.690099009901,887.5270627062705,1391.5793408086986,1069.505606523955,1201.7590822179732,453.8237731038878,2527.8573208722737,1002.5118380062304,1095.4113408521303,875.1359649122807,1327.9508506616257,1140.9861373660995
131,131,1240.766551856104,607.193647148871,1150.5729771583428,514.6252419667054,1644.2414255091103,1019.8370846730975,1326.4488155668357,994.8299492385787,2651.6646090534978,877.6917009602194,1391.5888203017832,1068.6951303155006,1197.2363455809334,451.7391592188017,2507.0157977883096,1000.6827804107425,1096.003745318352,881.0848938826466,1331.7046811184416,1131.2456801759345
132,132,1251.9257977700881,604.6197616301422,1151.5825413586763,516.0443505807814,1636.839486776643,1025.5758051846033,1329.5174568173466,999.710033076075,2646.1126951799047,870.2800407331976,1391.5542087542085,1067.979461279461,1193.2840492840492,450.2574092574092,2490.3628076572472,999.1358249772105,1097.2965235173824,885.6646216768916,1334.9731182795697,1122.478494623656
133,133,1262.762443438914,602.32616892911,1156.241891363814,521.6447831184056,1626.2505782575174,1031.9511693652016,1331.5542680571648,1002.6964078794902,2640.9993353273508,863.6460618145563,1394.3955329375176,1067.8911506926772,1190.0022943297279,448.92100950508024,2474.7817790089257,997.6195752539243,1112.141568981064,896.2131048993086,1337.3377316996543,1115.085453974238
134,134,1271.5556772544724,600.5155166119021,1159.0717761557178,527.8065693430657,1616.6082267368947,1038.196388261851,1334.2937450514646,1006.5368171021378,2636.1931779804117,857.6264775413711,1406.2671936758893,1067.0521739130436,1187.5702849823886,447.7796990073647,2461.524669073405,996.2623345367026,1140.2936870997255,905.703263189997,1337.6710691823898,1101.8764150943396
135,135,1278.6018018018017,598.9596396396396,1161.1119133574007,532.9374247894103,1608.5093718338396,1043.4713779128672,1336.7163947163945,1009.7086247086247,2632.141607803565,852.549276824756,1426.834403424291,1062.3105939004815,1182.0261437908496,442.8656862745098,2448.499534883721,994.9032558139535,1163.2003115264797,914.0570093457944,1335.8375241779497,1082.8313990973563
136,136,1284.796963276836,597.7319915254237,1163.085185185185,538.1954732510288,1602.3504806443232,1047.6869316705638,1337.6471861471862,1010.9862914862914,2627.994607347489,847.6161105493763,1446.6116751269035,1058.9760293288211,1176.533270261747,438.1740775780511,2438.5171993911717,994.2925418569254,1181.7131072410632,919.0210815765353,1333.9927604658483,1066.147623544224
137,137,1290.1937080240366,596.6341463414634,1164.1689216892169,541.8983189831898,1596.2501287995876,1051.8611540443069,1340.7465778764333,1013.8364779874213,2624.4953886693015,843.6488801054018,1462.1423728813559,1057.1234463276835,1170.9371127633208,433.59541511771994,2420.907098765432,995.0814814814814,1198.177897574124,922.570530098832,1331.082560296846,1052.4505256648113
138,138,1294.5595113438044,595.6544502617801,1165.732827644332,546.3683101559208,1590.8990433031215,1055.524924471299,1356.8421498169484,1017.5526315133476,2620.9162462159434,839.5136226034309,1476.4704370179948,1055.4161668094828,1165.8867562380037,429.3861164427383,2394.8221436984686,994.095406360424,1213.1659111514052,925.4354789966757,1329.6470338087588,1042.1065798532104
139,139,1299.0154548647697,594.6708816297858,1166.6240165631468,549.6712215320911,1585.7071935157041,1059.0007598784196,1372.9377217574636,1021.2687850392738,2617.5131011608623,835.7625207296849,1488.6354256233878,1054.022929206076,1162.474613686534,426.75402081362347,2366.945259938838,994.0107033639142,1226.844939647168,927.9501702259362,1328.2115073206717,1031.7626340416098
140,140,1302.9751243781093,593.8766879886282,1167.7246929267258,553.0105887335874,1580.6253617469085,1062.509602736122,1389.0332936979787,1024.9849385652,2614.8744201457916,832.9476474486414,1499.2310803004043,1052.9402079722704,1160.2336737852056,425.10368307025686,2344.4091332712023,994.2435538987262,1238.618556701031,930.158700406123,1326.7759808325845,1021.418688230009
141,141,1306.7554135605253,592.9620163294284,1168.8521889900303,556.5184221933246,1576.444358974359,1065.391794871795,1402.801943198804,1027.2847533632287,2611.4698031364696,829.1765098431764,1507.762969332187,1051.8939524218972,1158.3469065656566,424.0022095959596,2326.032943995208,994.0446241389636,1249.189987562189,932.2220149253732,1326.544767090139,1012.4897156684814
142,142,1310.1622574955907,592.2412698412699,1169.8523809523808,559.4372294372293,1572.3910700538877,1068.247882986913,1415.9996254681646,1029.3119850187265,2608.9806473139806,826.6219552886218,1517.90613193839,1048.23772159256,1157.5988805970148,424.1262437810945,2309.182093163944,993.7722323049002,1258.4475308641975,934.1422839506173,1326.7660761154855,1001.882217847769
143,143,1313.3999283924095,591.4242749731471,1170.9089324618735,562.3385620915033,1567.9737184491282,1071.2719229768409,1427.6632768361583,1031.0783427495292,2606.373878364905,823.9315387171818,1530.0989229024942,1035.738662131519,1157.016113744076,424.355766192733,2293.8912783751493,993.4994026284348,1267.4445482866042,936.170093457944,1327.9488188976377,989.6364829396325
144,144,1316.0024928774928,590.9430199430199,1171.580119965724,564.2879177377893,1565.0973198022377,1073.2092115534738,1437.7597159940208,1032.884529147982,2604.1501147164863,821.6571615863651,1544.6858432036095,1019.8962210941905,1156.777155306567,424.62309368191717,2281.255973715651,993.342891278375,1275.134337727558,938.1650973006905,1329.0107903178769,981.7888597258675
145,145,1318.6012225818051,590.334052499101,1172.728923476005,567.0479896238651,1561.1573122529644,1075.8276679841897,1447.5066972828165,1035.0034443168772,2601.3240025740024,820.0045045045044,1557.1754835039817,1008.4360068259385,1155.6188679245283,424.43333333333334,2269.0778498609825,993.1529193697868,1282.8628181253878,940.3597144630663,1334.63545981773,972.0850593758629
146,146,1320.857821637427,589.905701754386,1173.8782795698924,569.7965591397849,1558.2049656629688,1077.7120972002112,1455.2225975975973,1036.8081831831832,2589.0703017832643,816.5946502057614,1568.9498986388646,998.637706342311,1155.1303801445176,424.50612629594724,2257.3272785213508,993.0497131931166,1289.720885466795,942.5133140840551,1350.0182804912881,962.0668380462724
147,147,1323.2460567823343,589.3498072204696,1174.6109682947729,571.3200514138817,1554.9043112513143,1079.793112513144,1463.1966966966966,1038.4384384384384,2570.1741957563313,813.9845995893223,1578.7712978845054,990.8887935963407,1154.8665453442522,424.6323930846224,2248.95768115942,993.0301449275361,1295.4571865443424,944.4951070336391,1361.3944595001503,954.4595001505569
148,148,1325.278384279476,587.4617903930131,1175.5844212358572,573.4838990426457,1551.8699315429174,1081.6566614007372,1469.8925463488458,1039.6515323496028,2556.572359396433,811.2524005486968,1587.0349650349651,984.5110722610722,1154.1423510466989,424.54943639291463,2238.214855739717,993.0042971147942,1301.5381944444443,946.689393939394,1372.327961802447,947.8857057594747
149,149,1323.9135270900608,582.1011840688913,1176.4073604060914,575.1548223350254,1549.3171829494306,1083.299444003177,1476.0987791342952,1040.7669256381798,2544.377620013522,809.0297498309668,1595.7339312406577,978.009865470852,1154.357931251971,424.94134342478714,2232.1454333915067,992.9179755671902,1306.489420423183,948.6856792394971,1381.4664902998236,942.9520870076424
150,150,1318.9862043251303,574.0186428038777,1177.4048245614035,576.9649122807017,1546.144115292234,1085.1593274619695,1482.0236511456023,1041.8795269770878,2533.6872053872053,807.1619528619527,1603.5043936731108,972.4964850615114,1153.7703562340967,424.84987277353684,2221.622601918465,992.2754796163069,1311.2718808248276,950.7365858249701,1389.7991542408208,938.727710170488
151,151,1312.9606970708192,566.514645902855,1178.6131031429836,579.2315183709605,1543.7231096911607,1086.6522896698614,1486.9508258258256,1042.7879129129128,2523.8489638215665,805.5479452054794,1609.5518037518036,968.3388167388167,1153.0661053944496,426.096975366386,2204.670228554467,988.2362718907686,1316.0543412264722,952.7874924104432,1398.1318181818183,934.5033333333333
152,152,1307.874717832957,559.9657637321294,1179.2884283246976,580.456390328152,1541.2699044585988,1088.0650212314224,1491.9937591776797,1043.7980910425845,2515.418038408779,804.1584362139918,1616.571720712825,963.4794040315513,1150.0127606598194,431.6423902894491,2180.306257521059,984.6468110709986,1320.4825425246195,954.7239629961205,1404.7295541777382,931.2359019781517
153,153,1303.6725421073247,554.6278887583235,1179.4944920440637,582.3618931048551,1538.6682743837084,1089.608252947481,1497.1021386430677,1044.7470501474925,2507.3944276602883,804.7069486404833,1621.7288773148148,960.0341435185185,1144.6410499683743,440.11764705882354,2160.46498346859,980.9870754433422,1324.8045977011493,956.5989110707804,1411.7488908606922,928.1960958296362
154,154,1300.2427000379218,550.1236253318165,1178.200250312891,582.9411764705883,1537.442272608809,1090.4837112327339,1501.550293685756,1045.820851688693,2486.467428967429,816.1694386694387,1627.2199312714777,956.2989690721649,1139.6099484379738,447.91295116772824,2144.168865435356,977.4195250659631,1329.318086696562,958.4269058295964,1416.9575866188768,925.6708482676224
155,155,1297.3124516627995,546.0974477958237,1172.575642646439,581.4926253687315,1531.208535926526,1096.1096704484062,1505.2572583608967,1046.7111356119074,2465.120855614973,826.5664884135472,1632.461900558988,952.7711091497498,1133.9497354497355,454.4097589653145,2130.0749926188364,974.2164157071154,1333.125116713352,959.8568316215375,1423.1488970588234,922.8314950980392
156,156,1294.4579914028916,542.0437670965221,1168.281893004115,579.39341563786,1520.217524980784,1106.4153215475276,1509.6435754189945,1047.2458100558658,2448.11028893587,834.4358703312191,1636.865619546248,949.7356020942408,1128.71269296741,459.04917095483125,2118.0474087161365,971.5821554770318,1337.4273658830618,961.6157323688969,1427.7338129496402,920.7008393285371
157,157,1292.2305005820722,539.1567714396584,1164.005220883534,577.270281124498,1507.8186501803193,1114.1970633693973,1515.3600138600139,1047.1018711018712,2433.493670886076,841.7658227848101,1641.6438672438671,946.7015873015872,1123.9948586118253,462.8431876606684,2106.3324553702078,969.0740415569212,1340.8437314319665,962.9821746880571,1432.4679600235154,918.677542621987
158,158,1290.112015503876,536.2236434108527,1159.7450495049504,575.2685643564356,1497.227765180146,1119.3532375913328,1528.0966235632181,1047.3211206896551,2420.820868945869,848.1581196581196,1648.310404127257,944.0126110633418,1119.5062056737588,466.13741134751774,2095.574839302112,966.7661463116008,1343.9969806763283,964.1971618357486,1436.9387694145757,916.6111111111111
159,159,1288.2305005820722,533.6468762126503,1156.601585314977,573.7738840216938,1487.9644208932627,1123.299268231138,1542.9800290486564,1049.2992011619463,2409.966452533904,853.7830121341898,1663.8320117474302,942.1127753303965,1115.0291817087846,469.4557761732852,2086.4270644966846,964.8836648583483,1348.0397268777156,965.5595903165736,1441.216,914.7549629629628
160,160,1286.4161804745233,531.2252042007001,1154.5946502057614,572.7930041152263,1479.2588652482268,1126.7482269503546,1553.2507342143904,1050.3663729809105,2400.2154121863796,858.7096774193549,1678.1971264367814,940.522988505747,1110.833018273472,472.4782608695652,2078.0160427807486,963.1865715983363,1351.2519060689233,966.7981091796279,1445.5176224611707,912.8870967741935
161,161,1284.8339047619045,529.0819047619048,1153.9056678557272,572.2338485929448,1471.2305128205128,1129.722564102564,1562.8187523071242,1051.3373938722775,2391.185581727337,863.2687366167023,1691.019607843137,939.0839100346021,1107.5184828029571,474.7200257152041,2069.7504570383912,961.5533211456428,1353.9264389042783,967.8694983071714,1448.013344937627,911.7136640557006
162,162,1283.1740518962074,526.7073852295408,1150.7487373737374,571.2112794612794,1463.6650918635169,1132.365091863517,1570.7687296416939,1052.2833876221498,2382.7400073340664,867.5298863219655,1701.3683449074074,938.1860532407406,1102.8175473579263,474.4589564639415,2062.530385078219,960.1552346570397,1357.3793721973095,969.9180866965619,1452.8086642599278,909.6615523465704
163,163,1281.8593380614657,525.0874704491725,1148.232744107744,570.7024410774411,1457.6047058823528,1134.3623529411764,1577.80081300813,1053.132298595713,2375.1189948263113,871.2786400591277,1710.3254035683942,937.685075049561,1095.094696969697,468.41130050505046,2056.002992220227,958.8695391980848,1364.7040229885058,975.48595146871,1456.2024326672458,908.4546770923833
164,164,1280.5791962174942,523.3810086682427,1146.3802345058625,570.3119765494137,1451.9770913770913,1136.1858429858428,1585.3699421965318,1053.9992292870904,2368.231329690346,874.7285974499089,1719.2413987591651,937.4393683023123,1087.4509079716836,461.5589412126808,2049.4457575757574,957.670909090909,1374.763063940279,984.6822460240181,1458.8901960784312,907.1031674208144
165,165,1279.5462640340688,521.9864498644986,1144.1534188034188,569.9423076923077,1446.1647331786544,1137.9737045630318,1590.283441793203,1054.522053506869,2361.111475409836,878.2160291438979,1726.8228379513014,937.3506856982926,1081.2824031716984,456.3116803903629,2043.1478470340257,956.3977717554952,1380.556179775281,989.5745942571784,1461.9735311227457,905.9086678301337
166,166,1278.3094669848845,520.3902147971361,1142.3563074352546,569.7389306599832,1441.4004176455232,1139.4531453928478,1596.5808249721292,1055.2950575994055,2355.3672438672434,881.0097402597403,1734.2038288288288,937.3569819819819,1078.6672705314008,457.36684782608694,2037.6141636141635,955.3431013431014,1388.096203346203,996.4668597168596,1464.9260265700482,904.5745772946859
167,167,1277.045177045177,518.6914936914936,1141.0779500430663,569.7316968130922,1436.5100529100528,1140.836507936508,1601.638985005767,1055.9838523644753,2349.447534297367,883.9888765294772,1740.6910919540228,937.4491379310344,1072.019744483159,466.48228803716603,2032.2581134364573,954.3679102214134,1392.1097367586424,1000.160482080558,1466.4711343196982,903.9994197853205
168,168,1273.4469428007887,516.6039447731755,1140.2003432003432,569.8610038610038,1432.3419405320815,1142.0652060511215,1606.6340740740739,1056.4925925925925,2344.676459920203,886.3445774392455,1745.9163812785387,937.5279680365295,1058.1947411668036,481.1763900301287,2027.0126467931345,953.4016862390845,1396.7710656753407,1004.6595415117719,1469.8214821482147,902.5271527152715
169,169,1263.3890186915887,512.6795171339563,1138.1693989071036,569.2925598991172,1427.9458167330677,1143.2058432934925,1610.4758646902317,1057.035727860129,2340.183048433048,888.4750712250711,1752.0903857225098,937.5898100172711,1044.64785615491,493.4287690179806,2021.9726480312593,952.4956417192665,1401.2821951980043,1008.9750545681321,1473.6360294117646,899.8379289215686
170,170,1252.0760517799351,508.41788025889963,1137.5428329092451,569.4317217981339,1424.082482325216,1144.2563498297984,1614.936857562408,1057.578193832599,2334.818347953216,891.218201754386,1756.7546136101498,937.7445213379468,1034.7495167080915,502.6119856393261,2017.2929663608559,951.7862385321101,1405.0823934837092,1012.6491228070174,1478.9988495829737,895.7431693989071
171,171,1244.9377416860013,505.85614849187937,1136.0050697084919,569.2070130967469,1420.0646285867524,1145.3333333333333,1618.0338983050847,1058.0915254237289,2330.2398685651697,893.5483753194596,1761.882028985507,937.8527536231883,1026.370826491516,509.77257799671594,2013.2028985507247,951.137379227053,1408.8416903185114,1016.2257962787762,1487.2883506343712,889.9028258362168
172,172,1238.3969732246799,503.4811796662786,1135.2530068728522,569.2779209621992,1416.4536082474226,1146.3320116309806,1621.7260473588342,1058.4032786885246,2326.362869198312,895.0464135021097,1766.546585648148,937.937210648148,1018.0988175675676,516.4369369369368,2009.1753597122301,950.443345323741,1412.1546616775802,1019.2871842843779,1495.5879336349924,885.2078431372548
173,173,1232.0764635603346,501.3225806451613,1134.1342894393742,569.1129943502824,1413.386465767909,1147.0742796722177,1624.9344012204422,1058.9797864225782,2312.4266950656724,897.85303514377,1770.7847769028872,937.9650043744532,1010.678934769599,522.0427887492519,2000.4277879341864,951.1901279707496,1415.7868696479543,1022.4973041547731,1502.8518179040634,881.3748854262145
174,174,1227.3587636932707,499.9358372456964,1133.607351712615,569.1967418546366,1410.071164021164,1148.0812169312169,1627.6476399560922,1059.2766190998902,2291.714235377026,903.4496124031007,1774.6348394430236,938.2514919011082,1004.0763016157989,526.8019150209454,1976.9546008531381,953.1535648994516,1418.4228021124572,1024.84715750233,1508.3549939831528,878.3128760529482
175,175,1222.6086789554531,498.5046082949309,1132.5907756813417,569.141719077568,1407.2835820895523,1148.9091385179365,1632.074074074074,1058.4440883190882,2273.1893533404786,907.5459092533047,1778.7240675990674,938.4038461538462,999.1730881494453,530.201401050788,1956.7502131287297,952.3427109974425,1422.0452403393026,1027.8982092365693,1513.1427320490368,875.7127845884413
176,176,1218.78955453149,497.24846390168966,1131.6739974126779,568.7934454506252,1404.266560255387,1149.8065974993349,1643.9599578503687,1055.0994028802247,2257.068876611418,910.1399631675874,1781.922192749779,938.4391394046565,993.7737139458816,533.6268212905144,1937.6109589041096,951.793302891933,1424.434893346068,1029.7074180197387,1517.9072384428223,872.7375304136252
177,177,1216.131450094162,496.35894538606397,1131.379042690815,568.8365674859853,1401.8530633437174,1150.5519210799584,1660.1238198983294,1051.979302832244,2244.4022009229675,912.4895278665247,1785.2214452214453,938.484557109557,988.9649122807018,536.4485380116959,1922.7767612076852,951.6401341872522,1429.0285996055227,1033.4700854700855,1520.6282262493135,871.5085118066995
178,178,1213.2944199706315,495.738986784141,1130.765288544358,568.8914728682171,1399.6915422885572,1151.2875098193244,1673.5730994152045,1050.3380847953215,2232.539800995025,914.6510305614783,1788.3172796263864,938.7203736135433,984.3922085530169,539.1663737551258,1907.4656278643447,951.6660556064772,1429.9146492861576,1033.9531346989447,1525.8221415607986,868.151240169389
179,179,1209.2522222222221,495.0025925925926,1130.3194805194805,568.7961038961039,1398.8998015873015,1151.9117063492063,1683.8760117733625,1048.718910963944,2221.906128232377,916.489904357067,1791.3895833333333,938.8029761904761,979.797672336616,541.692927484333,1897.180892482779,951.5908954776878,1432.3813532896786,1035.7611474898658,1529.019366197183,866.2948943661971
180,180,1204.9818594104308,494.00377928949354,1130.0972590627762,568.6830238726791,1395.7888362295944,1153.9505002632964,1692.8982925018558,1047.0489977728284,2212.7470010905126,917.9636495819701,1794.4766241651487,938.8120825743777,975.9619304556353,543.7985611510792,1886.479585618525,951.4600853138329,1434.5753339546443,1037.175831003417,1530.8848900314194,865.1605255641244
181,181,1201.0558035714287,493.2191220238095,1130.9192546583852,569.223188405797,1397.043732519705,1154.9326214085938,1700.7248444932309,1045.5942188071715,2203.222103386809,919.7429590017825,1797.3422143280047,938.9188869153344,972.4337455830389,545.7340989399294,1875.998815867377,951.4336885731201,1436.6181414525847,1038.7614969869965,1535.1160847508206,862.5971351835273
182,182,1198.3519913885898,492.7086472909939,1130.5860719874804,569.0903755868544,1400.9884877027735,1157.4772370486655,1707.8111477814448,1044.3359002566922,2195.1368301026228,921.1862409730139,1799.6610119047618,939.1089285714286,969.3224765258216,547.4536384976525,1867.1713087750823,951.5019466906258,1438.726627981947,1040.409090909091,1538.0069193742477,860.9127557160048
183,183,1195.4859913793102,492.10272988505744,1124.9280066583437,570.5821889305035,1416.2807300053676,1163.8821792807298,1714.0860927152319,1043.0860927152319,2188.6684822076977,922.3834422657952,1801.6848864994026,939.1726403823178,966.576488095238,548.9113095238095,1859.799286351472,951.5057983942908,1440.2990974167444,1041.4674758792405,1540.457616892911,859.3387631975867
184,184,1192.5968567251462,491.4477339181286,1118.074931880109,572.7243415077202,1430.6785329018337,1170.5711974110031,1720.130911842603,1041.6541808550887,2181.316219369895,923.5818747569039,1807.7686648090153,939.7031295842028,963.1363636363636,550.5472727272727,1856.0,949.0,1442.2719129878437,1042.7466410748561,1542.4657150853623,858.3727959697733
185,185,1190.5826999638073,491.2196887441187,1113.7003994673769,574.4651575676875,1443.2385826771654,1177.7204724409448,1725.213303604608,1040.6610925306577,2171.6405433646814,924.5249042145593,1813.852443118628,940.2336187860878,960.7948946274857,551.7815375482338,1851.0,931.0,1444.2275731822474,1044.1875983632356,1550.0856973995271,856.9524231678487
186,186,1188.5858487504056,491.05744888023366,1110.113735783027,575.7729658792651,1452.9700258397932,1183.075710594315,1730.2534683164604,1039.5024371953505,2149.4003875968992,929.2209302325581,1819.9362214282405,940.7641079879729,958.167265110712,553.2441651705566,1850.4776365808625,916.5665037471531,1445.9971617786186,1045.509303058972,1562.3433698296835,856.6499391727493
187,187,1173.0430220356768,491.91430570129415,1108.0338680926916,576.8926024955437,1462.6590790162218,1188.2111459968603,1734.5661434977578,1038.5104633781764,2129.7449438202248,932.4861423220973,1826.0199997378531,941.2945971898579,955.6748826291079,554.4609741784037,1849.9552731617248,902.1330074942999,1446.3893011750154,1045.7009894867035,1573.0686796921254,856.5701598579041
188,188,1157.7181113460183,494.3939393939394,1105.9167755991284,577.9115468409586,1471.2073202614379,1192.64,1738.6511715797428,1037.5461073318215,2111.6413934426228,934.4214480874316,1832.1037780474658,941.8250863917428,953.4177699323329,555.51279788173,1849.432909742587,887.6995112414468,1447.3318195579775,1046.4468664850135,1582.7728237791932,856.5144070366999
189,189,1145.3873312564901,495.99619245413635,1104.1892247043363,579.0061322820849,1479.2616033755273,1196.7784810126582,1742.336730841827,1036.6817667044168,2096.0172656800564,936.4291754756871,1838.1875563570784,942.3555755936278,950.7142857142857,556.7828328783742,1847.7911371782338,872.3743890518084,1449.392757660167,1048.2206747137109,1591.3963470319634,856.724809741248
190,190,1135.3196440793977,497.5191649555099,1102.4602763385146,579.8894645941277,1485.9264205289342,1200.0955747577898,1745.8696936138795,1035.801033591731,2082.631528046422,938.3910380399741,1848.370962962963,943.5715555555555,948.7268969589607,557.8491290227339,1847.8304147465437,859.331797235023,1450.8849315068494,1049.3461187214612,1598.575532900834,857.1220265678097
191,191,1126.2794117647059,498.8368347338935,1101.0732797140304,580.7636282394996,1493.0531665363565,1203.7383372426375,1749.297792742237,1034.942760942761,2069.7894361170593,939.8261955745895,1860.5253164556962,945.1383363471971,946.3957775795419,559.0205173951829,1847.4819011646207,847.2329241422725,1452.7535428219346,1050.2295132470733,1604.913488372093,857.5017054263565
192,192,1116.9967532467533,497.4401154401154,1099.947207678883,581.5466841186736,1498.9666666666665,1206.6123359580051,1752.53797231575,1034.1358024691358,2055.916264090177,941.4609500805152,1871.6452953398634,945.4211932324132,944.4191829484902,560.0038484310242,1847.1993399339933,835.8003300330032,1459.6124401913876,1054.413716108453,1610.730084348641,857.9837550765385
193,193,1109.9637912673056,491.435924742634,1098.5555555555554,582.3563368055555,1504.0072689511942,1208.981308411215,1755.0240206947522,1033.5587583148558,2049.3917098445595,941.9975820379965,1886.4899784150477,945.0764724020968,942.9538729329852,561.0896431679721,1846.7260231177756,827.1130896594814,1469.3164758269718,1060.4646946564885,1616.0528606965172,858.4558457711443
194,194,1101.5676354503048,482.8783638320775,1097.2108036890645,583.0803689064559,1508.736910316226,1211.1643338517365,1757.357142857143,1032.9386160714287,2041.3095723014258,942.7674813306178,1897.5748360166963,944.788312462731,941.1676012461058,567.1414330218067,1846.0744580584355,817.8630223060006,1478.3284695201037,1067.3855382619972,1620.9801444043321,858.9350180505415
195,195,1095.0067954220315,476.4667381974249,1096.3020967051775,583.780487804878,1513.0518053375197,1213.2106227106226,1760.1914338919926,1032.1709497206705,2030.5771470160114,943.9774381368267,1905.9117408906882,943.9719298245614,939.5823605706873,582.6796368352789,1845.5565920398008,809.9546019900497,1485.2961538461539,1072.4573717948717,1625.7072029934518,859.3910196445275
196,196,1089.4761904761904,471.7968253968254,1095.6786666666667,584.116,1516.7381703470032,1214.9447949526814,1762.5828656939768,1031.65544332211,2024.0429645542426,944.640171858217,1918.7992926613617,942.5988800471558,937.2686084142395,597.0139158576051,1845.0431224425556,802.6647780925401,1491.7296946068875,1076.9392462638075,1629.9146417445481,859.7657320872273
197,197,1085.612121212121,469.0648841354723,1094.566409597258,584.8658954584404,1520.7429845266195,1216.891686336218,1765.0176426426424,1030.9804804804805,2016.0663683818045,945.5193885160327,1928.3745859680819,942.0822041553749,934.9640333975593,608.1981374438021,1844.4911774141801,795.8870709015079,1496.9243156199677,1080.7098228663444,1634.2704867529264,860.3958718422673
198,198,1082.683280311064,467.3135383527748,1094.0393162393161,585.3465811965812,1524.2403522403522,1218.5827505827506,1766.9117867867867,1030.5026276276276,2011.1670160726765,946.0380852550663,1936.6651090342677,941.9109034267913,932.7863414634146,618.0617886178861,1844.123935666982,789.5742667928098,1502.0397672162949,1084.3656644034918,1637.7330803289055,860.6641366223909
199,199,1080.0516332982086,466.204425711275,1093.0290043290042,585.9402597402598,1528.0086750788644,1220.3693480546792,1769.087087087087,1030.0285285285283,2004.8349206349205,946.778835978836,1943.8473118279567,941.9440860215053,930.9752040175769,626.4234149403641,1847.306883077848,781.8707544334235,1506.6188617886178,1087.6640650406503,1641.3616029822927,861.0692761727244
200,200,1077.7767162066525,465.5141542816702,1092.6177096636866,586.3222647935291,1530.6234375,1221.625,1770.1988826815643,1029.7266294227188,2000.1530810861439,947.2976202671944,1948.0,939.0,929.2347374847374,633.5033577533577,1860.3267563527652,775.9988041853512,1510.5911282545806,1090.5525554484088,1644.6983836535528,861.6023177798108
201,201,1075.3027065527065,464.5480769230769,1092.28651928912,586.6124837451235,1533.9992050874405,1223.1526232114468,1772.5,1029.2033707865169,1995.4712415373672,947.8164045555527,1953.0,939.0,927.6068131168417,640.5262655205348,1879.7827305859264,770.081020465377,1514.4288975864317,1093.3030006523156,1648.2985645933015,861.90653907496
202,202,1073.8818247126435,464.4012212643678,1090.873920552677,587.4127806563039,1536.4495941345901,1224.3291437549096,1773.573871906841,1028.956695778748,1990.7894019885905,948.335188843911,1957.0,939.0,926.0375404530744,646.6715210355986,1895.924023542001,764.5939004815409,1518.111219512195,1096.0048780487805,1651.0753488372093,862.3553488372092
203,203,1072.1237677984666,464.13764147499086,1090.9566878980893,587.6352441613587,1539.3794912142669,1225.73747705219,1775.4253647586982,1028.5791245791245,1986.1075624398138,948.8539731322693,1965.0,938.0,924.5788288288288,652.578507078507,1911.2070496808215,760.0119344990285,1521.0558260305095,1098.1379422265497,1654.483660130719,862.8372237784002
204,204,1071.3177874186551,464.5817064352856,1089.7704565030144,590.3936261843238,1541.95477124183,1226.9066666666668,1775.324749642346,1029.1727467811158,1981.4257228910371,949.3727574206275,1974.0,938.0,923.3942057291666,657.3583984375,1924.0765391014975,756.5798668885192,1524.1854759568205,1100.4262348707882,1656.508133971292,863.0130781499203
205,205,1070.8297435897437,465.3476923076923,1082.0521628498727,600.1497031382527,1544.4076115485564,1227.9986876640419,1782.5311902028318,1029.1779563719863,1976.7438833422607,949.8915417089858,1984.0,937.0,921.8271604938271,662.8401735068401,1935.682300390843,753.5611390284757,1526.7715868361029,1102.3916585206907,1659.6045662100457,863.5470319634703
206,206,1068.8372893016856,465.93567251461985,1075.6368221941993,607.1836906263135,1546.6959388185653,1228.9986814345991,1798.008248968879,1031.1979752530933,1972.062043793484,950.4103259973441,1993.0,933.0,920.5799793601651,667.8238734090127,1946.4298245614034,750.9328399122807,1529.7541789577188,1104.4801704359227,1662.1538226299692,863.8886850152904
207,207,1063.9516594516595,475.8726551226551,1070.5583229555832,613.2677459526775,1549.1908496732026,1230.1720261437908,1811.100724637681,1031.8326086956522,1967.3802042447073,950.9291102857024,1987.0,911.0,919.4147920927062,672.3605998636673,1955.7242626599887,748.835837506956,1532.3082926829268,1106.3902439024391,1664.3443085606773,864.1959862025712
208,208,1058.054856743536,490.8067784765898,1065.1226053639846,619.7245636441038,1551.3095053095053,1231.141932141932,1822.5712219812,1032.9295010845988,1962.6983646959306,951.4478945740608,1983.0998326959846,900.7229326003825,918.4236252545825,676.438560760353,1963.9189263215555,746.913996165434,1534.4254428341385,1108.0305958132044,1667.0276453765491,864.5754687003495
209,209,1052.8091954022989,502.2574712643678,1061.8318731748018,624.2110972048393,1554.1540504648074,1232.3922974767595,1833.206366630077,1034.3069886571532,1958.016525147154,951.9666788624191,1987.399808795411,895.2547801147227,917.2439790575917,680.9385689354275,1971.52281266774,744.9707461084272,1536.7053658536586,1109.611056910569,1669.156952034001,865.056466302368
210,210,1047.9789077212806,517.3913370998116,1058.1040609137056,628.8447546531303,1556.1801225686118,1233.3152144950704,1841.9479853479852,1035.3853479853478,1953.3346855983773,952.4854631507775,1991.7775653282345,890.3942001274696,916.217679944095,685.1055206149546,1979.2385568120621,743.3715670436187,1538.7201288244767,1111.1729468599033,1671.0772357723577,865.1901188242651
211,211,1043.8061148396719,528.8743475018642,1055.395202020202,632.4827441077441,1557.72524297347,1234.1245074862097,1849.5198948948948,1036.4136636636636,1944.5516631280962,953.1546355272469,1992.4921235034656,881.291745431632,915.4221297259799,688.733957682969,1986.9880239520958,742.0276589677786,1540.8605706874189,1112.7444876783397,1673.1591900311525,865.5632398753894
212,212,1039.1716210860086,539.5041617122473,1052.488003427592,636.3234790059983,1559.729894179894,1234.9629629629628,1856.8135276532137,1037.3755605381166,1937.2984126984127,952.9865961199293,1992.9957969608793,869.0643388296152,914.600791936645,692.4481641468683,1992.749719416386,740.6776094276095,1542.8701550387598,1114.2551679586563,1675.7289308176098,866.0317610062892
213,213,1035.7789001122335,547.1668537224092,1049.9101265822785,639.8080168776371,1561.7673360107094,1235.8923694779116,1863.1743532058492,1038.2167229096362,1931.1500346500345,952.9622314622314,1993.3125200128081,860.4364393211655,913.7383279044517,696.4039087947883,1999.1786216596342,739.5215189873418,1544.4234410708455,1115.4211557296767,1674.8155555555554,865.8325
214,214,1032.6303370786518,555.1468164794007,1047.5387894288149,643.2485080988918,1563.3841807909605,1236.656712402475,1868.973581973582,1039.0050505050503,1926.1709863210942,952.9809215262778,1993.8538726873626,851.8993414863594,913.2170289855072,699.2463768115941,2004.9810387469086,738.4229183841715,1546.1115372323425,1116.7561521252794,1680.983770287141,868.8049313358301
215,215,1029.902681992337,562.3931034482758,1045.4537389100126,646.1787072243346,1565.6923076923076,1237.7010365521003,1873.3112915699921,1039.5541376643464,1919.1904761904761,953.1511715797429,1994.5132376395534,844.2679425837321,912.7166666666666,702.3126811594202,2009.9470071389346,737.49176276771,1547.256485084306,1117.5985732814527,1687.0974842767296,874.6320754716982
216,216,1027.314494425221,568.3694732795078,1043.6381438910173,648.6802894848871,1567.1615426105716,1238.4166666666667,1877.3252501924555,1039.8525789068512,1916.0489361702128,952.686170212766,1995.109670987039,836.8364905284147,912.2491767288694,705.1112330772045,2014.988427885972,736.4527236804968,1551.876660341556,1117.8918406072107,1692.2216966256701,880.4049195837275
217,217,1025.1031746031747,573.2210884353741,1041.8941666666665,651.3370833333333,1568.5825216450214,1239.0695346320344,1881.1679879199696,1040.359758399396,1908.7560283687942,946.4609929078014,1995.577420372122,831.9016083254494,911.6608884073672,708.3416395810762,2021.4963462619448,734.4960652051714,1568.7856440511307,1118.0701409373976,1696.8707682291665,886.0852864583333
218,218,1022.7222222222222,578.2971841704718,1040.0687153222364,654.0307298335467,1570.420158860586,1239.9416598192277,1884.9529721595184,1040.8871331828443,1902.5308254963427,929.3187042842216,1996.074287544028,825.5456292026897,911.377607025247,710.8898646176362,2035.3485603543743,728.5844407530453,1583.7652116402116,1118.4408068783068,1700.5419479267116,890.8556734169076
219,219,1021.0415738678544,582.1098737936154,1038.46,656.3933333333333,1571.612641815235,1240.488114532685,1888.4939531368102,1041.3749055177627,1896.572333685322,912.403379091869,1996.5449438202247,820.8245942571785,909.6571323799046,713.090942427576,2056.726078263353,723.0576978006284,1595.88782358581,1118.8379674017258,1703.5614349775785,894.8795216741405
220,220,1018.8880208333333,586.703869047619,1036.8867765103505,658.7807351077313,1573.3820741944219,1241.2301651773626,1891.9453990072545,1041.7285223367699,1890.638584974471,898.8997082421589,1997.0692307692307,814.9945512820512,902.374364560639,720.1913580246913,2074.4134561697374,719.5954773869347,1606.1348673697667,1118.87631831256,1705.765850596359,897.9623352165725
221,221,1016.983656404409,590.8057772709996,1035.6553601340033,660.7395309882746,1574.4025974025974,1241.7656926406926,1894.5220838052096,1042.039637599094,1885.7432824981843,888.5145243282498,1997.5213433772753,810.3769617074701,893.3504456327985,731.0459893048128,2089.656911928651,716.4905239687848,1615.5601673101673,1118.659588159588,1708.9191616766468,902.5612109115102
222,222,1015.7829710144927,593.6909420289854,1035.4516765285996,662.0347140039447,1575.269331243469,1242.4190177638452,1897.6761041902605,1042.5209513023783,1880.8352816153028,878.4442082890542,1998.032147315855,806.3486267166041,886.388255613126,739.4127806563039,2102.68720898384,713.8148452478773,1623.3017806935334,1118.4598562949077,1711.1208096141681,905.971220746363
223,223,1013.9677296886864,597.3731966590736,1031.6714223951578,673.6761781236489,1580.2892781316348,1245.216560509554,1900.282919488337,1042.7136945071481,1876.4294670846396,869.7638453500523,1998.3922859830668,803.0241455001568,880.9676071055381,746.0417972831766,2114.0227588121006,711.5634193727449,1630.7386253630202,1118.0997095837367,1712.9880142533202,908.8681567865241
224,224,1012.4510026485054,600.4048429814604,1025.8577724358975,684.0168269230769,1592.2725806451613,1252.2825268817203,1903.063797659494,1043.0309550773877,1872.2614092734573,861.7915297553851,1998.9993540051678,797.5209948320413,875.7417012448133,751.8257261410788,2124.325096101043,709.592531576057,1637.2805502239282,1117.6666666666665,1714.3397129186603,910.9311004784689
225,225,1011.0841827104567,603.1302378255946,1020.3462940461725,693.7723774807614,1605.8321265754894,1257.3344060069724,1905.6289017341041,1043.300578034682,1868.8789511494251,855.048132183908,1999.359590137688,794.9804674991994,871.3708290333676,757.0330237358102,2134.2757675438593,707.7061403508771,1643.144187540141,1117.3140655105974,1716.4719504240052,914.4109589041096
226,226,1009.7682321496754,605.6494845360825,1015.8078880407124,702.334181509754,1617.277513227513,1261.4843915343915,1907.7519290123455,1043.3939043209875,1865.5201149425286,848.683908045977,1999.7729146844272,791.6850618458611,867.1122414377754,762.0047473719904,2143.2659988870337,706.060100166945,1648.6762086513993,1116.945610687023,1717.79236043095,916.7084557623244
227,227,1008.3265073947667,608.138035646568,1012.0599432968812,709.2041312272175,1627.621392639661,1265.3884034948371,1909.471342383107,1042.9860482654599,1862.4444444444443,842.7448148148147,2000.1669829222012,788.1283997469955,863.1623931623931,766.5408547008547,2149.623390005152,705.2810407006697,1652.912415784408,1116.5745909528393,1718.8675968992247,918.4015503875969
228,228,1007.1457399103139,610.1251868460388,1008.8953168044076,715.1660763478944,1635.983866770752,1268.6042154566744,1914.5766262403529,1040.380742374127,1860.0794633642931,837.9398004815961,2000.5555555555554,784.7322351421188,859.7897538256819,770.3662674650699,2156.4822335025383,708.8522278623801,1657.0251572327043,1116.2672955974842,1721.4251597712748,922.8896737302388
229,229,1005.9908256880734,612.2133027522935,1005.9463734567901,720.4255401234567,1643.9994721562416,1271.6542623383477,1924.2997472011555,1031.698085951607,1856.994888645491,831.928075940124,2000.6516572858036,782.353033145716,856.5075907590759,774.0666666666666,2159.499844382197,723.8879551820728,1661.102955195424,1115.9380362249763,1722.089947089947,923.9510582010581
230,230,1004.9992432841467,614.0575104048429,1001.9712711530893,725.5769382133018,1651.4135753749013,1274.6477242830833,1935.1039346696361,1021.7175204157386,1855.5457481162541,825.9135270900609,2000.8225806451612,779.8791903858317,852.9409581646423,778.1093117408907,2159.819029850746,740.6321517412935,1664.578646329838,1115.7000317762947,1723.0735155513667,925.5940936223687
231,231,1003.9053639846743,615.8697318007662,990.0337164750957,729.9708812260536,1657.6276955053258,1277.0571577032995,1943.8435754189943,1014.369459962756,1861.2021052631578,812.8294736842105,2000.9946691752898,777.1069300721229,849.7677286742035,781.5782802329564,2160.065943992773,751.840108401084,1668.163214061519,1115.419648462021,1724.7775584073706,928.602500822639
232,232,1002.9399467882934,617.614215127328,971.8462803123715,736.8228524455404,1664.1772715370514,1279.759622937942,1950.8255350018135,1008.5988393180993,1871.7301758162898,795.4402583423035,2001.1969111969113,774.355534105534,847.4816666666667,784.1256666666666,2159.876625436092,763.9584522676815,1670.7200754005655,1115.2887213320766,1725.421323057161,929.7597944765574
233,233,1001.114367114367,619.9076109076109,958.3568580542263,739.9537480063794,1669.8116627265563,1281.9598108747045,1956.968236173393,1003.4794469357249,1880.2186079048618,780.7390696047569,2001.2433962264151,771.9663522012578,844.6868279569892,787.1784274193549,2159.260634920635,773.9368253968254,1673.2117758784425,1114.9825894270336,1725.6663565891472,930.8796899224806
234,234,997.5225988700564,620.6880548829702,944.9407763105241,742.1260504201681,1675.332264100508,1284.364073777065,1962.8808193668528,998.4424581005586,1887.6515471167368,769.0966947960618,2001.285167464115,770.1955342902711,841.85664578984,790.3048016701462,2158.340726454516,783.2423657987785,1676.6417146513115,1114.6890595009597,1725.8319061211544,938.0970504281637
235,235,991.6012195121951,620.8150406504064,934.4027949034114,743.6572133168927,1680.0052493438318,1286.3165354330708,1967.5044345898004,994.5365853658536,1894.2933611400763,759.3806047966632,2001.3568927093281,768.0856415154409,839.59228362878,792.9172749391727,2157.711006289308,790.4289308176101,1678.8938388625593,1114.524802527646,1723.6767868437696,949.0341555977229
236,236,986.9443786982248,620.7069033530571,924.8786764705883,744.7446895424836,1684.898861530315,1288.3034154090549,1972.1988571428572,990.2102857142858,1900.5746638358103,750.2809624911536,2001.3541466538584,765.7086135126481,837.2209343168247,795.3884791008078,2156.805712492153,797.4865034526051,1682.0736808236807,1114.3539253539252,1720.1846545686087,959.3260108245781
237,237,981.6444184231069,620.8692427790787,917.4691358024692,745.5053497942386,1688.9702523240371,1290.0780876494023,1976.2919463087248,986.3191648023862,1905.8526466380542,742.5779685264663,2001.4039408866995,764.2568144499179,835.1058032554847,797.8708421797593,2155.8480486244403,804.5815738963531,1684.3809523809523,1114.189510939511,1717.18147086915,967.7389366443807
238,238,977.5179720015134,621.3242527430949,910.4432323232322,746.0682828282827,1693.1052771148234,1291.8432776451868,1979.954189944134,982.9441340782123,1910.287260034904,736.0914485165794,2001.3813155386083,762.0190657769305,833.1040361864996,800.1642310368823,2155.060578105781,810.7939729397293,1686.8989802421925,1114.1115360101974,1714.8113448056085,974.4139579349904
239,239,973.4875510962466,621.7053140096618,903.7893401015228,746.7474619289341,1696.5816838215887,1293.4341514911584,1983.4318352059925,979.4846441947565,1914.7060283687943,729.5790780141843,2001.4172335600906,760.9844509232264,831.4064872325741,802.1252587991719,2154.287765293383,816.3948189762796,1689.2029268292683,1113.8982113821137,1712.4942528735633,980.5316091954023
240,240,970.7954378219279,622.0515084621045,898.8587088915956,747.1238327243199,1700.4508547008545,1295.1503739316238,1986.4002242152467,976.3912556053812,1918.7677304964536,723.5421985815602,2001.377973281199,758.8393613554904,829.8743910925539,804.0233124565066,2153.357824427481,822.7687659033079,1690.5348615090736,1113.7386182744349,1710.3649889205444,985.7147831592275
241,241,967.5070883315158,622.6223191566703,894.5419783873649,747.6384039900249,1703.7060221870047,1296.6003697834124,1988.8320150659133,973.7988700564972,1922.410310734463,718.2348163841807,2001.3511673151752,757.6754215304799,827.7829293993677,806.4021777309448,2152.60333963453,827.8219911783239,1693.1197318007662,1113.5491698595147,1708.3270261747082,990.2415641753389
242,242,964.7955655768508,623.2142051860203,889.1760683760683,747.3628205128205,1707.1897062786309,1298.2061438965238,1991.2384792626729,970.8072196620583,1925.7127927927927,713.1758558558558,2001.361001317523,755.8837285902503,826.2805526036132,808.1246900460502,2151.8008365508363,832.7837837837837,1695.2666018788468,1113.5646258503402,1706.3371831889638,994.7751042669232
243,243,962.4030828516377,623.7776493256262,884.7213608957794,742.5727820844099,1710.6068515497552,1299.773246329527,1993.673271173271,967.9541569541569,1928.7293946024797,708.4168490153173,2000.3627819548872,754.5924185463658,824.6088984571223,810.1223537854323,2151.022808732486,837.7246660149885,1697.1177429876059,1113.3463796477495,1704.401866151866,998.983268983269
244,244,959.8952164009112,624.2760060744115,882.2586427656851,736.0588988476312,1713.724279835391,1301.2460905349794,1995.850387596899,965.1472868217054,1931.2758496023137,704.4869848156183,1996.8015111886077,749.8297006684103,823.1904761904761,811.8913122500908,2150.3304459416104,842.2011549566892,1698.495701058201,1113.2632275132275,1702.6302032913843,1002.5069377218457
245,245,958.5930059523808,624.8727678571429,879.4348925410873,728.4509060261272,1715.916532905297,1302.3279828785446,1997.441647597254,963.0465293668955,1934.1402569593147,700.0410421127765,1987.948673082531,741.0784485272674,822.5295784626284,815.2745306411618,2149.8172863044165,845.7925007944073,1699.815245478036,1113.2781007751937,1701.0276990871891,1005.9430280138494
246,246,956.6779107725789,625.4795067101921,876.7712082262211,721.3843187660668,1719.847033785581,1303.0117052407554,1998.7122410546137,961.2135593220339,1936.0260145681582,696.9833506763788,1979.761656530553,733.4952215464813,818.729079497908,830.5303347280335,2149.2258064516127,850.1432637571157,1701.1177756950951,1113.3855045298344,1699.3000314169021,1009.4021363493558
247,247,954.1994750656168,626.1672290963629,874.4785992217899,716.3035019455253,1726.3391076115483,1302.0440944881889,2000.5169137210185,958.6716077537059,1938.189283228949,693.1092553931802,1972.941812865497,726.8538011695906,812.9338650714523,845.6905948820206,2148.5830922532946,854.0649308903888,1703.2164821648214,1113.370848708487,1697.8277618592804,1012.3120025469594
248,248,952.4878511769172,626.7999240698556,872.2645914396887,711.9827064418504,1737.8584329349267,1295.8733067729083,2001.4854740061162,957.2469418960244,1940.764998225062,686.1285055023073,1967.435451116913,721.4783870031912,808.0459770114942,858.0380952380953,2148.009661835749,857.5210950080515,1705.1370299553855,1113.2992351816445,1696.254865034526,1015.3399246704331
249,249,950.8219484882419,627.4542739828294,870.2568448500651,708.6305953933072,1746.6089198246968,1289.8845063160607,2002.7786790266512,955.0996523754345,1944.995836963888,676.9471045461461,1963.088572533742,717.5350905549338,803.8249754178958,868.6433956079973,2147.513428120063,861.2796208530806,1706.2071383046525,1113.3052899936265,1694.8403307888038,1018.3320610687023
250,250,949.5987164967912,628.2502831257078,868.2801556420234,705.5071335927367,1754.0451147202884,1284.5769528228925,2004.0745365115397,953.051835035944,1949.226675702714,667.7657035899848,1958.741693950571,713.5917941066765,799.962890625,878.0862630208333,2146.941437163659,864.4751503640392,1707.048116492561,1113.2981956315289,1693.4028708133972,1021.0682615629984
251,251,948.3569794050343,629.034706331045,867.2295081967213,703.6380832282472,1761.0170093932468,1279.4407209951764,2004.7357357357357,951.8344594594595,1953.4575144415398,658.5843026338237,1954.3948153674,709.6484976584193,796.4747765006385,886.6449553001277,2146.5034987277354,867.6618956743002,1708.7584215591914,1113.3208213025343,1692.3851992409868,1023.2128399746995
252,252,946.9735632183908,629.6904214559387,864.9995682210707,700.6252158894646,1766.6529784537388,1275.0086185044358,2005.4143192488264,950.4323161189358,1957.688353180366,649.4029016776619,1950.0479367842293,705.7052012101622,793.3014218009479,894.5213270142181,2145.943089430894,870.7407754846779,1710.0089399744572,1113.316091954023,1691.0448473282443,1025.9809160305344
253,253,946.5683479532163,630.5208333333334,863.5172413793103,698.6087533156499,1772.0547454591965,1270.759273471476,2006.5165692007795,948.6686159844054,1961.919191919192,640.2215007215007,1945.7010582010582,701.7619047619048,790.3670520231213,901.8821451509313,2142.187533016376,874.6761753829899,1711.1186331399097,1113.3594455190198,1689.891156462585,1028.5098801425331
254,254,947.378089512358,631.2902471609887,862.0553376906317,696.7625272331154,1776.5861451942737,1267.1388036809815,2006.7943672839506,947.7577160493827,1965.2165765765765,633.5499099099098,1942.0757441791923,698.8585322723254,787.881495564005,908.2211660329531,2121.5723664577736,891.9080871381676,1712.4596253229975,1113.3976098191213,1689.0160832544939,1030.4288867865025
255,255,944.5413870246085,640.5055928411633,861.1019108280254,695.5906581740976,1780.7239185750634,1263.880661577608,2007.6207407407405,946.0844444444444,1967.9106125356125,628.0381054131054,1939.123188405797,696.4823188405796,785.5806150978565,913.5625970798384,2109.910218978102,901.6489051094891,1714.3393138180672,1112.0346238589864,1688.0476190476188,1032.4279322467241
256,256,942.3184138201805,653.8280329799765,860.078936078936,694.3753753753754,1784.6722264341672,1260.7675006317918,2007.0561616161615,945.9688888888888,1970.2894361170593,623.1495360456817,1936.2461273666092,694.2251864601262,783.3478934324659,919.4615861214373,2094.27822364901,916.0703584804708,1727.398952556993,1105.0822550831792,1683.7055806938158,1037.536349924585
257,257,940.5490645284459,662.9327987781595,858.8048162230672,693.0021123785382,1788.3841463414635,1257.9011686991869,2006.7029972752043,934.7025431425976,1972.4790096878364,618.2787944025835,1933.5135908440627,692.1453505007153,781.2699156513589,924.6582318025617,2079.4893040888164,927.696452748443,1743.066540523494,1096.9523809523807,1673.6141321044547,1045.3379416282642
258,258,938.6275836151822,671.4588500563698,857.788791300711,691.9167712254286,1791.9616452182688,1255.154933131466,2002.8642220019822,918.3548067393459,1974.364184397163,614.2971631205673,1930.8504273504273,690.1974358974359,779.2160898035547,929.9778609292173,2067.126395173454,936.7731523378582,1755.9401869158878,1091.2878504672897,1664.8876778686042,1051.6379049349075
259,259,936.9556057185854,678.6173814898419,855.689765033851,692.2871365989645,1795.294597349643,1252.4125891946992,2000.9653729071536,901.0304414003044,1976.3031272210376,610.411869225302,1928.0654761904761,688.2556689342404,777.5837131570951,934.3394105135217,2058.408221797323,942.9247928616953,1766.490664217937,1086.50443832262,1657.2427833485262,1057.1090853843816
260,260,935.5886524822695,684.8682344158267,855.6401925391095,698.7898114721219,1798.4950115118957,1249.9810693271936,2000.0611658456485,885.33908045977,1978.2212581344902,606.2986261749818,1925.9055696918292,686.8227311280747,775.9022465088038,938.6715239829994,2048.023305734437,950.0978227537564,1775.4326833797586,1082.4914887031878,1650.7208672086722,1061.7034025895814
261,261,933.9116607773851,692.0153121319199,854.5696810834424,711.9633027522935,1801.1708491761722,1247.8912547528516,1999.6252442360296,874.6608050019538,1979.7726293103449,603.0413074712643,1923.2854291417163,685.1086398631309,774.1700743494424,943.2348203221809,2040.4940047961627,955.1792565947242,1784.108938547486,1078.4047175667286,1644.4349667271626,1065.9664246823957
262,262,932.9048723897912,696.8105181747873,853.7664974619289,724.3984771573604,1804.0914981855883,1245.6381544841886,1999.4081319524355,864.6739547372458,1981.4187477379658,599.4947520810713,1920.92688172043,684.2032258064517,772.7336405529954,947.2654377880184,2032.9217809867628,960.4344163658243,1791.0151374729687,1075.132530120482,1639.117451690821,1069.4987922705313
263,263,931.7046413502109,701.5742232451094,852.2430821626223,734.88803746275,1806.8125159642398,1243.632950191571,1999.5314576006251,855.0234466588511,1982.880586080586,596.3992673992673,1907.7774020850943,681.2485207100592,771.6443651501635,950.2878382396668,2025.9413188142769,965.2931034482758,1798.149892274546,1071.730378578024,1634.0017905102955,1073.1217547000895
264,264,930.5583038869258,706.0612485276796,850.46529562982,744.111825192802,1809.0659963908222,1241.9084815674141,1999.7067789811472,846.1925391095066,1984.2116815476188,593.5044642857143,1892.1948236632534,678.1257110352673,770.072716162542,954.4864039107852,2019.674683934628,969.595436324391,1804.1638524077548,1068.9171357098185,1629.8257437765633,1076.0716454159076
265,265,929.6575757575757,709.6609848484848,848.9209401709401,751.7611111111111,1811.5029646816188,1240.0855890693476,2000.051984126984,838.4341269841269,1985.417302798982,590.986550345329,1879.807468879668,674.7784232365145,769.9343128781331,957.5865744742148,2014.518881950639,973.1415402914064,1809.6864931846344,1066.2698265179677,1625.9511031604054,1079.1070363744782
266,266,928.3549160671463,714.2925659472422,847.7863695937091,759.1092179991261,1813.8230869001295,1238.4290531776912,2000.2679275019698,832.165878644602,1986.5957132298595,588.5550628233555,1869.4507354981956,672.2514571190675,771.4945329584505,973.3898781630741,2009.0626911314982,977.0186544342507,1815.3711980136559,1063.5980757293605,1622.1004524886878,1082.1595776772247
267,267,927.3388042203986,717.5623290347792,846.7731958762887,765.5652920962199,1816.1021298434691,1236.7451886066206,2000.6246141975307,826.594135802469,1987.4526659412404,586.6017410228509,1859.6845039018951,670.1217948717948,772.8337899543379,988.5296803652968,2004.1583105439074,980.4494074749316,1820.1467524509803,1061.3121936274508,1618.973944294699,1084.6783468104222
268,268,926.1979774406846,720.9311551925321,845.9893162393162,771.0559829059829,1818.157472157472,1235.2413882413882,2001.0967351874244,820.1729141475212,1988.7072368421052,584.0380116959063,1850.80617590295,668.3584229390681,773.6837683768376,1000.2850285028502,1999.6303477993226,983.6084949215143,1824.5839575530586,1059.1541822721597,1615.990036231884,1087.1573067632849
269,269,925.7024504084014,724.101127965772,845.154288240495,776.6016799292661,1820.3395445134572,1233.7124741200828,2001.5951816745655,815.0963665086887,1989.5531054759279,582.255420801176,1843.0602747406783,666.8864592094196,774.3902718168812,1010.2228898426322,1995.2747456059205,986.6086956521739,1829.0490566037736,1057.0232704402515,1612.9394489857705,1089.6354828943383
270,270,924.0245447347585,736.098178939034,844.413457281983,781.302346170872,1822.003120124805,1232.558242329693,2001.9148191365227,810.4811357448463,1989.979120879121,578.7597069597068,1836.006734006734,665.6865881032547,775.009047215154,1019.1368391292054,1991.349847094801,989.2743119266055,1833.2111528822054,1055.1936090225563,1611.1602735652689,1091.2372881355932
271,271,920.2265770810003,747.6409107876073,843.7072425828969,785.3058464223385,1824.0247678018575,1231.1498968008254,2002.4328649492581,805.6963309914129,1988.729376633072,569.9787234042553,1829.6933221099887,664.5973625140291,775.7061707035755,1027.5991926182237,1983.2108716026241,990.7019681349578,1836.6930970149253,1053.7049129353231,1608.1695638914302,1093.665141811528
272,272,916.6809631301729,761.2795334838224,841.6467479674795,789.3995934959349,1825.6499477533957,1230.0206374085683,2002.8029225908372,801.8783570300156,1986.5288788221972,557.3537183842959,1823.4302065884979,663.5388051367951,776.2279954571266,1035.6513344690516,1963.1642771804059,988.8963560334528,1840.7299338999055,1051.8564683663833,1602.6613657623948,1095.9045837231058
273,273,913.5759940542549,772.1843180973615,838.74125,802.0304166666666,1827.0474349059034,1229.1647331786544,2003.3967499009113,797.7788347205708,1985.2454751131222,547.5361990950227,1817.5367375886524,662.6243971631205,776.7677642980935,1042.564702484113,1939.4403254972876,986.8658830620855,1843.5558667911607,1050.7404295051354,1595.8204225352113,1096.3406690140846
274,274,910.4619307832422,781.9806921675773,837.736394557823,816.2215136054422,1829.076664076664,1227.7492877492878,2003.745956607495,794.6654832347139,1984.0832383124286,538.80805777271,1812.5460693153,661.9861932938855,777.209034792368,1049.364478114478,1920.345814307458,983.9327245053272,1846.8261815920396,1049.4760572139303,1587.9761040532364,1096.1137326073804
275,275,907.957117117117,789.9481081081082,836.2208786779524,827.2265215638854,1830.398500129299,1227.0387897595035,2004.2418300653594,791.312187620146,1982.994298745724,531.5480805777271,1807.4744017807454,661.2454090150251,777.7943629565717,1055.6215127983894,1904.6249259917108,980.8164594434576,1849.931426814268,1048.3951414514145,1582.207563764292,1095.7616534740546
276,276,905.5550755939524,798.0752339812815,834.9489344591877,836.4620024125452,1831.879938032533,1226.0051639555898,2004.616053776196,788.2277580071175,1981.9984459984457,524.8970473970473,1802.7931710047578,660.6904561992723,778.1729131175468,1061.447189097104,1891.226318944844,977.8282374100719,1852.8105919003115,1047.3872274143303,1577.000884173298,1095.2967875036838
277,277,903.5431578947369,805.1347368421052,833.6984126984127,844.3452380952381,1833.2362082362083,1225.1235431235432,2003.8024115130297,783.7320108907039,1981.1290073387408,518.7551178061027,1798.6282051282049,660.3007246376811,778.570616652458,1066.6166524580847,1878.8971193415634,974.8083480305701,1855.655257477644,1046.3536848596978,1572.2463509085492,1094.8531426869226
278,278,901.8867990247301,811.3033786137233,832.6413902053712,852.0383096366508,1834.4840780688237,1224.3880328710836,1997.446218167997,772.5902698593691,1980.1678714859436,512.7453815261043,1795.0668868703551,659.9243049821084,778.9463276836158,1071.9338983050848,1868.3309776207302,972.1280918727915,1858.1726685133888,1045.5407817790087,1567.6904761904761,1094.2492465340565
279,279,900.2270175438596,817.8073684210526,831.728090766823,858.8622848200313,1835.8975346687212,1223.6083718541345,1989.0057720057719,757.9567099567099,1979.3895680521596,507.61858190709046,1790.8624689312344,659.6730185031759,779.2894884766722,1076.9693648116918,1852.662408052652,961.8970189701896,1860.8763490595127,1044.7715078630897,1564.0643008795873,1093.8798908098272
280,280,898.7453262786595,823.610934744268,830.7286549707602,865.1290448343079,1837.1518889745566,1222.8013364173735,1981.4567360350493,744.2866009492515,1978.6650326797383,502.9023692810457,1787.5732675979182,659.3642837578745,779.7741566609491,1081.5120068610634,1847.9471182412358,950.7204396910279,1862.8638324091187,1044.248921749846,1560.859474161378,1093.5116349350255
281,281,898.356504468719,827.5508109897385,829.8404088050314,870.9795597484276,1838.5025920165888,1221.9727838258166,1975.4919127988746,734.7454289732771,1977.974358974359,498.7720352564102,1784.18779342723,659.0157415078708,780.0198379435597,1085.6633137747974,1838.5810288432947,930.6277133511745,1865.0892687559353,1043.6869262424818,1557.4379204892966,1093.180122324159
282,282,898.6996491228069,843.2105263157895,829.1393574297189,876.3224899598393,1839.710765239948,1221.2801556420234,1969.483778966132,725.5600713012477,1977.3345740281222,494.52770885028946,1780.7117268401903,658.9031626084522,780.5901639344262,1089.8924360080528,1832.526111608475,917.6242912563413,1867.994577352472,1043.0519936204146,1554.2429274292742,1092.8628536285362
283,283,897.5130463144161,860.3793215916503,828.4755298651252,880.9483622350673,1840.8457943925234,1220.633696780893,1964.550724637681,718.215977377165,1976.9141104294479,491.1635991820041,1778.1499451754382,658.8086622807017,780.904641350211,1093.6838255977495,1826.8251663641863,904.8260738052026,1870.292099464904,1042.930752282027,1552.1567732115675,1092.8097412480972
284,284,896.045837546343,878.6292551398718,826.028441410694,887.8661357603336,1843.323207443897,1217.7717569786535,1960.1258941344777,711.8251072961374,1976.392658984208,487.11609048228763,1775.3607612650433,658.2600055975371,781.2308568175348,1097.4955878166809,1821.9975954313195,892.5004508566276,1873.0708686108496,1042.7946064597052,1549.0503086419753,1092.4222222222222
285,285,894.951733074182,893.7790735341755,822.2890716803761,903.4618096357227,1843.0258047353018,1216.4437350359137,1955.736599219027,705.618033368832,1971.7712006717043,483.28715365239293,1769.191500256016,656.1536098310291,781.6854419410745,1101.3258232235703,1817.6992234169652,881.4994026284348,1875.779365079365,1042.4688888888888,1546.9904409497378,1092.2799876657414
286,286,893.2647730982696,906.3516160626837,820.2804783950617,917.230324074074,1840.2595499738356,1214.6117216117216,1951.655697098372,700.1797593772116,1959.7765103506547,483.3692437684833,1752.6034160661861,650.9551641313051,781.996264367816,1104.8238505747124,1813.8125560538117,871.7533632286995,1876.528180354267,1039.750724637681,1545.3086982968368,1092.2682481751824
287,287,891.8794529262086,917.4112595419847,818.2644444444444,928.55,1833.382075471698,1209.8294025157234,1947.8912087912088,695.2307692307693,1941.7137014314926,481.9844580777096,1733.7675328303994,649.1614976250349,782.3907360045466,1107.8678601875533,1810.8051425030978,863.8887856257744,1873.4043613707163,1028.2501557632397,1542.92439546985,1092.1913070094888
288,288,890.862058080808,927.0037878787879,816.3632336655593,938.0502030269471,1825.4395256916996,1205.9720685111988,1944.6372653205808,691.0120439249025,1926.6222770242498,479.68927250308263,1719.128710045662,647.947203196347,782.9024884259259,1111.1707175925924,1807.6215780998389,855.0589371980676,1867.9154929577464,1016.1220657276996,1540.622222222222,1092.0209702660406
289,289,889.8764117457243,937.0767989674088,814.5323551542513,946.5293453724605,1818.8763185654007,1202.9506856540083,1941.410785378212,686.8639160332971,1913.6946564885495,477.7845631891433,1707.295819014891,646.6417525773196,783.2874643874643,1114.1418803418803,1805.2641509433963,848.5522012578616,1863.4625786163522,1006.5261006289306,1538.6581115335866,1091.9179340937894
290,290,889.161362905818,945.51912568306,813.1362946089597,953.3948367501898,1813.500532481363,1200.8911075612352,1938.1092654115907,682.8047249907714,1902.946910356832,476.2985204525674,1697.3589743589741,645.5362073823611,783.7893789378938,1117.6975697569758,1802.9293409378959,841.8393536121673,1859.9044444444444,998.8526984126984,1536.8478535353534,1091.8014520202019
291,291,888.4625522340083,953.4873031179684,811.7227651103872,960.1480275063336,1808.157894736842,1198.8062319979051,1935.7405443619652,679.8490632732414,1893.603448275862,474.9872742200328,1688.3261826182618,644.6168866886688,784.0987012987013,1119.853968253968,1800.9433148490448,835.9716574245224,1856.9714993804212,992.0947955390335,1535.6102325581396,1091.9330232558139
292,292,888.0420680796403,960.8824662813103,810.6709770114942,965.5926724137931,1803.3766640563822,1197.0973636126337,1933.1533613445379,676.5973389355742,1884.4314954051795,473.66123642439425,1680.3989115646257,643.5825850340136,784.5109034267912,1122.3877088643444,1798.8264540337711,829.8549093183238,1854.5896487985212,986.1805298829328,1533.8462484624845,1091.8539360393602
293,293,887.4592373438527,967.6505588428665,809.3885819521179,971.6567219152854,1799.006374501992,1195.5264276228418,1930.3835164835166,673.257509157509,1876.4121135112239,472.5878864887759,1672.767332224071,642.4861342207431,785.1364672364672,1124.3678062678061,1796.9540012602395,824.8906742281033,1852.2816856780735,979.9813054499366,1532.4185463659146,1091.923872180451
294,294,887.2597944765574,972.8937058445729,808.3918003565061,976.4474153297682,1795.0508162190624,1194.3296471827277,1928.565688329839,671.2037037037036,1868.9724310776942,471.7251461988304,1665.3832236842106,641.5290570175438,788.4890046296296,1131.437210648148,1791.5328532853284,817.5757575757575,1850.4871317829457,975.1941085271318,1529.8017429193899,1091.30407718643
295,295,886.8350978504973,978.6714789862046,807.3569868995634,981.1644832605531,1790.8708031157666,1192.942250872952,1926.1235102925243,668.3022751895992,1862.5614478114476,470.9318181818182,1658.781007751938,640.5650609080841,794.8427350427351,1145.6005698005697,1777.221330956625,802.0968508615567,1848.9721153846153,970.8980769230769,1521.9847670250897,1087.585424133811
296,296,886.581351094196,983.592134475103,806.480962643678,985.1138649425287,1787.5943646996277,1191.6985645933014,1924.096256684492,665.9818181818182,1856.9024288107203,470.2659128978224,1653.2958401751505,639.7052545155993,799.1373219373219,1157.9903133903133,1765.2122557726466,787.1175251628182,1847.4071246819337,966.1205470737913,1509.4409090909091,1081.7845454545454
297,297,886.2400257400257,988.6927284427284,805.5768115942028,989.4739130434782,1784.623060460139,1190.6522204387372,1922.334027055151,664.6222684703434,1851.1224747474748,469.4823232323232,1647.9085182141878,638.8931799506985,802.5659935616037,1169.0573602575357,1754.258074074074,774.1374814814815,1846.2563594317805,962.9537495870499,1499.1539383048816,1077.644803833483
298,298,886.0477564102564,992.6903846153846,804.7924391130498,993.4500181752089,1781.7840487546368,1189.6314255431903,1914.4752891692954,659.2632316859446,1845.5679653679654,468.92987012987015,1642.7926727726895,638.1987232861504,805.3998309382924,1178.0253592561285,1744.9643925792939,763.4123279473368,1844.8174976481655,958.8532455315146,1489.8227079538553,1073.7295081967213
299,299,885.6994587710919,997.437758675581,804.1972132904609,996.6873883529831,1779.1298600311043,1188.6031622602384,1898.428471493529,649.5292060160895,1840.9253164556962,468.4177215189873,1637.9197379197378,637.3950313950313,807.9402648633417,1186.2056917441532,1736.8918597742127,754.0819964349377,1843.8027210884352,956.3732220160791,1482.408273381295,1070.5884292565947
300,300,885.3705128205128,1001.410576923077,803.5034382917119,999.7245747376039,1776.220361509835,1187.4617224880383,1884.2529474812434,638.9174705251876,1836.412258606213,467.8442485306465,1633.0989496959646,636.6420674405748,810.2397458116695,1193.8151357596764,1729.8489296636085,745.7388379204892,1842.648596321394,953.3310745401742,1475.3962661848839,1067.5164107196626
301,301,884.8887826641172,1005.368068833652,802.8958558558559,1003.0814414414414,1773.7359788359786,1186.3965608465608,1872.1114583333333,630.7354166666667,1832.5759897828864,467.5078756917837,1629.3610178970916,636.1163310961969,812.5099739809193,1201.0589765828274,1723.4344602609726,738.223902728351,1841.4945635290462,950.1136999068034,1469.160403299725,1064.839596700275
302,302,884.329203539823,1008.8510324483774,802.2646011396012,1006.2222222222222,1771.2675159235669,1185.5254777070063,1862.0249648382558,624.3973277074542,1828.291192583228,467.09270965023177,1624.7522783761392,635.4136978735155,814.3743770155379,1207.5702140134856,1717.4673752583406,731.1490994980808,1840.6303939962477,948.4405878674171,1463.8720753570342,1062.5718626557277
303,303,881.9315476190476,1022.2744708994709,801.638735758912,1009.2285924292538,1769.347985347985,1184.898482469911,1852.1591235632181,618.3972701149424,1824.7612323491655,466.8331193838254,1620.676844783715,634.7311280746395,816.2141378290446,1213.6799763383613,1711.8034960819768,724.4647377938517,1839.5163589245221,945.7035957240039,1458.7456221198156,1060.2509984639016
304,304,880.9707835325365,1038.6155378486055,801.2087431693989,1011.7045537340618,1761.0195605573417,1183.918810289389,1844.7507987220447,613.9254526091587,1821.2809642560264,466.4359933499584,1617.0014136273676,634.0771840542833,817.9753303964758,1219.4434654919235,1707.22383107089,718.688084464555,1838.5341634738186,943.4687100893997,1453.97281433426,1058.037689218412
305,305,879.4672447013487,1050.1001926782274,800.7202643171806,1014.329295154185,1742.8512981904012,1183.6087070548124,1837.4613501224203,609.556838055264,1817.5871794871796,466.0452991452991,1610.416369047619,631.2580357142857,819.3603133159269,1224.1726138671308,1702.7365736573656,713.2256225622561,1837.5230378137908,941.355894502701,1449.7169117647059,1056.1020220588234
306,306,878.3986058301647,1060.0234474017743,799.9204587495375,1017.409174990751,1728.0090157776108,1181.2872526922113,1830.7777777777776,605.8659003831417,1813.463008130081,467.42601626016256,1604.922252010724,625.1992850759607,820.8466257668712,1229.2115103710196,1698.5125,707.8854166666666,1836.5365231259966,939.4213716108452,1445.6898869538647,1054.2832263978003
307,307,877.558198541072,1069.7614969869965,796.543805612594,1022.1776180698151,1713.1341925701288,1178.9795299469295,1824.6902532084632,602.5175164758931,1800.5146935348446,473.6427371956339,1600.5856807511736,617.9700704225352,822.2905982905983,1233.9151193633952,1694.784174785946,703.1620903454384,1835.701907533139,937.7171031361137,1442.378000607718,1052.6927985414768
308,308,876.8462496109554,1077.577030812325,789.3418715846994,1029.8674863387978,1701.3914350112698,1177.4668169296267,1819.3204994797086,599.4901144640999,1785.4993804213136,478.48120611317637,1596.877417519909,611.0924345847553,823.7027264731751,1238.6423336265025,1691.331880267364,698.6346992153444,1832.3981727085174,933.318891836133,1438.9697802197802,1051.0616605616606
309,309,876.1247563352827,1085.4392462638075,783.0697754749567,1036.9381692573402,1689.8180886497564,1175.8022034332564,1814.1663201663202,596.7370062370062,1773.1187270501837,481.77111383108934,1593.3734030197443,604.2375145180023,824.9878841607564,1242.6604609929077,1688.0429338103756,694.2707215265355,1819.3786617329633,922.8874498920752,1435.4750462107208,1049.33056069008
310,310,875.5887360838244,1092.9927963326784,777.8526645768025,1043.1393242772551,1679.0210304942166,1174.5452155625658,1809.6050536517826,594.4392523364486,1761.4727668845314,484.85795206971676,1590.6713864306782,598.8489675516223,826.1731678486997,1246.586879432624,1684.9663990484685,690.1558132619684,1809.2354938271603,914.31512345679,1432.5582877959928,1047.956891317547
311,311,875.0820158102766,1098.7269433465085,773.2380460956311,1048.3529411764705,1670.388416988417,1173.6314028314027,1804.8767888307154,592.0579406631762,1752.2414833980163,487.1862871927555,1588.4341361879274,594.3128159381504,827.3176713947989,1250.5094562647753,1682.1845238095236,686.2744047619047,1799.3013742409714,905.4995206136145,1429.8871559633028,1046.631498470948
312,312,874.6660194174757,1104.518770226537,769.3751295336788,1052.6642487046631,1662.3105058365759,1172.7740596627755,1800.6108184053387,589.9230769230769,1743.8456790123455,489.07275132275134,1586.1403351286654,589.4138240574506,828.3946902654867,1254.0047197640117,1679.7289607666964,682.7265648397723,1791.1288930003084,898.3484427998766,1427.1048655182833,1045.21789060139
313,313,874.1756487025948,1109.505988023952,765.744121715076,1056.5390733056709,1654.5757575757575,1172.2097701149423,1797.1042771297277,588.2417815482503,1735.7379702537182,491.00043744531933,1584.1619568520205,585.0689759951382,829.6108583560812,1258.0612678192294,1677.1495992876226,679.0899376669635,1783.6645683453237,892.033273381295,1424.354768561665,1043.9338303821062
314,314,873.9520052596974,1113.929651545036,762.493470790378,1060.1116838487972,1647.1641946396041,1171.814988290398,1793.348990953375,586.4213639526791,1729.3367565254598,492.3975181857081,1582.5467516697024,581.5318761384335,830.536401925391,1261.0691937424788,1674.8327391562684,675.8193701723113,1776.9942424242422,886.5463636363636,1422.0499238964992,1042.8401826484019
315,315,873.6436222005842,1117.9915611814345,759.6404226312201,1063.095773687798,1640.6036036036035,1171.5333333333333,1789.9073684210525,584.8814035087719,1722.6331182795698,493.87698924731177,1580.9475757575756,577.9545454545455,831.5274562184624,1263.8922528940338,1672.515634218289,672.4705014749262,1770.5520740077588,881.5371530886302,1419.7463099630995,1041.6657441574414
316,316,873.33862959285,1122.3300231711353,756.580424366872,1066.3162217659137,1633.9498207885304,1171.3451100870454,1786.7800758359185,583.5622199241641,1717.1621505376343,494.9944086021505,1579.4571515706007,574.9466300701433,832.4266068759342,1266.9832585949177,1670.4005979073243,669.4008968609866,1765.727927927928,878.0378378378379,1417.8186813186812,1040.7551892551892
317,317,873.0918739635157,1125.4776119402984,753.9608240459304,1069.0027017899356,1628.6843971631204,1171.3166160081053,1783.9423740510697,582.4330572808833,1711.7941550190596,496.11859381617955,1578.1655992680696,571.8725221103995,833.3144709696434,1269.7857353374593,1668.5609318996417,666.7246117084826,1759.7309200603318,873.7215686274509,1415.5396388123659,1039.690541781451
318,318,872.8882255389718,1128.9545605306798,751.5593162393161,1071.5904273504273,1622.73353909465,1171.2463991769546,1780.9202368512713,581.1327063740857,1706.6027633851468,497.16925734024176,1576.7222742892845,568.7538269290845,834.2617987533392,1272.8504007123774,1666.6702159124518,664.0118308192841,1754.4374070770145,870.1239964317574,1413.5211182011544,1038.7642054086903
319,319,872.7079587079587,1131.7182817182818,749.270580296896,1073.8960863697705,1617.2324665090623,1171.117415287628,1778.7433192686356,579.9426863572432,1702.1477224350785,498.0715197956577,1575.6669829222012,566.492726122707,835.0583482944345,1275.5374027528426,1664.6006483937517,661.5352195697022,1750.138888888889,867.2849462365591,1411.7710622710622,1037.8687423687422
320,320,872.5978260869565,1134.4318181818182,747.0815709969788,1076.2769385699899,1612.4526041666666,1171.1325520833332,1777.5561366806135,579.3584379358438,1697.9618448637314,498.8914046121593,1574.4593916588271,563.6845406083411,835.7746144721233,1277.6936536180308,1659.0733390854184,655.8536094334196,1745.5551537070523,864.1395418927063,1409.889802130898,1037.0888888888887
321,321,872.4879557291666,1136.630859375,745.1622895622895,1078.209090909091,1608.493271221532,1171.1433747412007,1775.0999000999002,578.1461871461871,1693.8798157453934,499.68718592964825,1573.397447868036,561.3825085589791,836.5352030382705,1279.9117732982763,1646.7241784037558,640.2417840375587,1741.3438320209973,861.4709827938174,1408.2285974499089,1036.4429265330905
322,322,872.3597098582261,1139.648862512364,743.4340067340067,1079.9791245791246,1603.6242759347024,1171.1013691416535,1772.5071138211383,576.865514905149,1689.9576923076922,500.3534188034188,1572.0254737496116,559.1646474060267,837.4148745519714,1282.6594982078852,1635.3238770685577,623.0954491725768,1737.456396232148,858.682163476147,1407.2976629766297,1036.5596555965558
323,323,872.3178371249587,1141.5047807451367,741.6008953168043,1081.8760330578511,1599.714846818539,1171.0871956009426,1769.5192239858904,575.4112874779541,1685.8808585194918,501.18747262374063,1566.0276752767527,552.6565190651907,838.1613780598368,1284.921728618918,1624.475806451613,608.3754480286739,1733.6836612999402,856.26267143709,1393.4740462789243,1034.0387742338962
324,324,872.1610449735449,1144.13955026455,739.552213001383,1083.9446749654219,1595.6152019002375,1170.9648983900763,1765.3295571575695,572.8647442499141,1682.7594017094016,501.67350427350425,1550.5756740196077,542.2104779411765,839.7643184421535,1285.9985681557846,1615.6870273414775,594.782722513089,1730.5253623188405,853.9764492753624,1377.9651879235983,1030.7347504621073
325,325,872.2160312805474,1146.0883023786248,738.7674650698602,1084.8270126413838,1592.30086410055,1170.877716679759,1757.3917884481557,569.1878914405011,1679.6927280369903,502.29550231189575,1536.7408770315853,532.241337013186,849.2514049097899,1292.5383022774326,1609.572197309417,585.1079222720477,1727.2633484162895,851.7752639517345,1364.5623293903548,1027.7415832575068
326,326,872.2236369572314,1147.8406790728043,736.1341589267286,1089.160646714826,1585.4636768948335,1169.2140047206924,1749.7574774774773,566.4317117117117,1676.5667517006802,502.734693877551,1524.4238008500304,523.8731026108075,862.5113669914377,1298.4909949808089,1602.8879830917874,575.4139492753624,1725.1926733780758,851.015380313199,1353.272078501338,1025.8441867380313
327,327,872.1621531260448,1150.2437311935807,728.7795584045583,1103.0537749287748,1571.764554353426,1163.854714064915,1742.8412174550788,563.5694902823615,1672.564069264069,502.16796536796534,1513.5454263565891,517.1237209302326,872.9889188379755,1303.4606169511828,1597.2212832550858,567.3439749608763,1713.8730012300123,845.1273062730627,1342.7175245098038,1024.501225490196
328,328,872.1814556331007,1151.8597540711198,721.9177170868347,1113.6586134453783,1556.6729215532966,1158.6434714620798,1737.233665559247,561.3060169804355,1668.161788617886,495.9065040650406,1503.997177798683,511.33929131389147,881.8869100623331,1307.5918670228552,1592.3253512132821,560.2848020434227,1698.6311475409836,838.551912568306,1333.8847407407407,1023.6488888888889
329,329,872.1978239366963,1153.3722387075502,716.1249567324332,1123.0474212530285,1543.5301391035548,1154.539670273055,1731.8753237143912,559.228264890862,1658.6164439044146,484.61968408262453,1495.2868801004392,506.34400502197104,889.3794014084507,1311.2042253521126,1587.908591731266,554.0765503875969,1685.960451977401,831.9806720190305,1325.791554357592,1023.0637915543576
330,330,872.173583662714,1155.1913702239788,711.6611796982166,1130.5120027434841,1532.5714648387916,1150.7151561309977,1727.6262736535662,557.5400291120815,1648.2511707109406,473.84887186036605,1487.5088050314464,501.95125786163516,896.1931684334511,1314.4140164899882,1583.7590791180285,548.3044747081713,1674.8596646072374,826.3227419829361,1318.691056910569,1022.5319396051102
331,331,872.3010858835144,1156.1434682461336,707.6238341968912,1137.4891191709844,1523.0032878098127,1147.2018209408195,1723.9584278155705,556.2275132275132,1639.5129898723028,464.631880228974,1480.7317757009346,498.209968847352,902.6400584795322,1317.5394736842106,1579.4950099800399,542.4367930805056,1665.5217777777777,821.704888888889,1312.5133209417595,1022.1511771995042
332,332,872.2201195219124,1158.250664010624,703.9064449064449,1143.599099099099,1514.3136352008185,1144.113328216935,1721.417120058034,554.9883931809939,1632.745718050066,457.3544137022398,1473.570731707317,494.42406504065036,908.6414319248826,1320.5055751173709,1575.6847571189278,537.4324958123952,1656.5959147424512,817.5210183540556,1306.070238095238,1021.8803571428572
333,333,872.3929618768328,1159.0795047246659,700.9764585465712,1148.8727396792901,1506.4149556400505,1141.3089987325727,1718.9636429085672,553.5637149028078,1626.8800865800863,451.13203463203456,1467.8130694313538,491.4913603518693,913.7437943262412,1323.0227541371157,1572.6905001678415,533.4659281638134,1649.3301337987202,814.2952297847585,1300.5571509009008,1021.8136261261261
334,334,872.4053518334985,1160.4780310538486,697.9526261585994,1153.987984895297,1499.0434560327196,1138.592280163599,1716.848517715112,551.9313087490962,1621.1888598781547,445.0208877284595,1462.3410182516811,488.5923791226385,918.7339857651245,1325.432680901542,1569.7099135063206,529.5342648037258,1641.9570840681952,811.1281599059377,1295.376293508937,1021.6478519912197
335,335,872.5839013307367,1161.6280428432326,695.4164948453608,1158.357731958763,1491.7491749174917,1135.9423711601928,1714.2096256684492,549.9212121212121,1616.0106100795756,439.56410256410254,1456.897782063645,485.99389263902276,923.9192184310293,1328.0463692038495,1566.9231278992709,526.0735586481113,1635.6132404181185,808.5354239256678,1290.9949941107184,1021.6489988221435
336,336,872.6063553826199,1162.6974708171206,693.0406917599187,1162.7473719905051,1485.5722691225376,1133.8229726272702,1710.901018922853,547.721615720524,1611.359590565198,434.7587894971072,1451.5164227642276,483.4435772357723,928.0636177074172,1330.1594840222808,1564.5292949354518,523.1343925852366,1629.7808776518452,806.2191223481545,1285.4797619047617,1021.8755952380951
337,337,873.4833333333332,1163.675786163522,690.8517392772711,1166.5582573454915,1479.8408454290807,1131.840590781767,1708.8538205980067,546.2048726467331,1607.0346846846844,430.25405405405405,1447.8958736299162,481.78691166989034,935.9802235597592,1329.5772427629693,1560.1060755336616,518.9852216748768,1624.425636574074,804.1695601851851,1281.9241192411923,1021.8629930743751
338,338,876.1975431606905,1171.4913678618857,689.1794609348344,1169.6499488229274,1474.0312177502578,1129.7572239422084,1706.5206033848417,544.7814569536424,1603.0841205578047,426.1646423751687,1442.2693702604681,479.2842070557204,955.4912123920166,1316.3050342567767,1547.8578329882675,511.7860593512767,1619.664341761116,802.3830281894798,1277.9038290293856,1021.9982190560997
339,339,880.7012987012987,1179.8484848484848,687.3102994406054,1173.164527805199,1468.7854022102285,1128.0017990233873,1705.015906680806,544.0116648992577,1599.2571301247772,422.27807486631013,1438.9178743961352,477.89951690821255,975.88282326992,1301.867934932451,1536.5883736559138,503.7325268817204,1614.8409680207433,800.7283203687698,1273.6447488584474,1022.159512937595
340,340,883.9081153588196,1185.6032863849764,685.4177687351644,1176.5313665649371,1464.3219461697722,1126.5471014492753,1702.5698581560282,543.0184397163121,1595.5427526291721,418.61957018747137,1433.6721032959565,475.6170574243969,992.0853884911163,1288.600901617608,1526.848797250859,496.5357388316151,1610.4189734717415,799.3094002306805,1269.6185286103541,1022.6070239176505
341,341,886.8902316213495,1190.583081570997,683.9996588195155,1179.176390310474,1459.3406650955746,1124.9128043990574,1701.0856140350877,542.4663157894737,1590.9310670443813,415.7917847025496,1429.9693526170797,474.07782369146,1007.0517380759903,1274.202101859337,1518.853277835588,490.6396115157821,1606.5237676056338,798.012910798122,1266.6787439613527,1022.7880434782609
342,342,889.3514902363823,1194.812264474135,682.5032951786334,1181.9451959764133,1455.08031496063,1123.5509186351705,1699.4517304189435,541.8812386156649,1578.9118721461184,410.5264840182648,1426.0641692681234,472.56919875130075,1018.4987100103199,1263.1261609907122,1510.9681372549019,485.20063025210084,1602.3406754772393,796.8466960352423,1262.9718614718613,1022.9771181199752
343,343,891.4158926728586,1198.3866529067766,680.9771174863388,1184.728825136612,1451.254246284501,1122.4495753715498,1697.6197033898304,541.2588276836158,1565.3102094240837,400.4616055846422,1422.9433573635426,471.531067627875,1028.4397932816537,1253.2503875968991,1503.9447396386822,480.5210768685795,1598.9230548377834,795.9155900086132,1259.9631995133818,1023.2749391727493
344,344,893.3699520876112,1201.597193702943,679.8377551020408,1187.1227891156461,1447.424882629108,1121.369587897757,1696.4925847457628,540.9975282485875,1553.5662100456618,392.4811124948111,1417.302843439534,470.8979102432339,1037.8168588687533,1244.011532125206,1497.337275985663,476.18494623655914,1595.683922922059,794.9856197871728,1256.4829806807727,1023.6786261882856
345,345,895.5581239530987,1204.34405360134,678.4003472222222,1189.73125,1443.8191461150886,1120.2996552638556,1695.0440860215053,540.505376344086,1543.3034888608656,385.6082387557797,1400.6281916754108,469.5652325988107,1046.092,1235.8597333333332,1491.6230425055928,472.2654735272185,1589.0199940316322,794.1674127126231,1254.4365079365077,1023.8754578754579
346,346,897.4073717948718,1207.0323717948716,677.6213360599863,1191.4471710974778,1440.2581934452437,1119.3394617639221,1693.8651564185545,540.2308522114347,1535.016830870279,379.93308702791455,1384.656523259881,466.6110528156698,1053.55476566614,1228.598999473407,1486.5328874024526,468.32032701597916,1569.4308943089432,791.8346883468835,1250.860097323601,1024.213503649635
347,347,899.7462344466273,1208.9204322200394,676.3499308437067,1193.909405255878,1436.8619957537153,1118.4344479830147,1692.346961325967,539.6265193370166,1527.1970649895177,374.53333333333336,1369.8324458643947,465.4937877174298,1060.2374655647382,1222.067217630854,1483.5308108108109,465.37297297297295,1550.9435286935286,786.797619047619,1248.0982587064675,1024.5761815920396
348,348,902.4336342360414,1210.528585757272,675.511201629328,1195.5322471147317,1434.5661458333332,1118.0247395833333,1690.9922048997773,539.0311804008909,1520.0900673400672,369.7327441077441,1357.1059670781892,465.4852537722908,1067.5242771412984,1215.037097654119,1479.5083600142298,461.6061899679829,1534.898106402164,782.6318004207994,1246.5818452380952,1024.8767857142857
349,349,904.8018018018017,1211.6386743886742,675.3261538461538,1198.2044444444443,1427.2496669331201,1117.1092459365839,1689.938576779026,538.7329588014981,1514.3316892725031,365.7435265104809,1346.5771543086173,465.5277221108884,1072.5294739624635,1210.1818662437217,1474.723758865248,457.9457446808511,1521.084944346807,779.4525483304042,1244.784880326912,1025.1973146526561
350,350,907.2746615087041,1212.8052869116698,677.2291888062344,1211.173219978746,1408.878882798225,1115.7765596450013,1688.6986095452835,538.141676061631,1508.392565359477,361.5571895424836,1336.8026485788114,465.7470930232558,1078.1202012178978,1204.8138734445326,1469.161808669656,454.22496263079216,1509.0869183494294,777.0468247000292,1240.3166974738137,1025.5212569316081
351,351,910.4589225589225,1214.0306397306397,680.0333704115684,1223.4275120504262,1392.0839107005388,1112.281241981011,1687.2167487684728,536.9347290640394,1503.0430379746836,357.82911392405066,1327.1851851851852,466.23656990323656,1083.988879621907,1199.1876563803169,1463.8019047619046,451.02247619047614,1498.7574931880108,775.1292764153799,1238.3919753086418,1025.8478395061727
352,352,913.5680272108843,1215.2976190476188,682.5081433224756,1232.7984075280492,1377.11797188755,1109.503765060241,1686.0815238095238,534.1238095238095,1499.618230358505,358.1796338672769,1319.249178172255,466.68211702827085,1088.779319727891,1194.778231292517,1459.9647727272727,448.6875,1489.1621065019121,773.5322153574581,1236.0612883051906,1026.1944965603502
353,353,915.7620927936821,1216.0371832839749,684.6447321107515,1240.076950737145,1363.6528925619834,1107.5113949411468,1680.122222222222,523.4900383141762,1504.0338849487785,369.36879432624113,1312.4454770755885,467.13197026022306,1093.3352380952379,1190.343401360544,1456.5724474474473,446.89226726726724,1480.657382449835,772.1087151841868,1236.1385057471264,1026.4795977011493
354,354,919.6225895316804,1217.2696280991736,686.6111111111111,1246.5529629629627,1351.8381605691056,1105.8920223577236,1672.5489959839356,513.6839357429718,1512.2557603686637,386.3033794162826,1305.2660162601624,467.7154471544715,1097.7757625721351,1186.324539708711,1452.8944315545243,444.8228924980665,1472.3276735180218,770.97199880846,1233.0716434235712,1027.0940661744598
355,355,923.9739159891598,1218.1456639566395,688.5231277533039,1252.2973568281939,1341.3335862417803,1104.5852301466869,1666.873522458629,506.64302600472814,1516.1956432387997,406.61076859843814,1299.5754119138148,468.2861216730038,1102.2562636165576,1182.2445533769062,1450.0871003307607,443.38882763689816,1465.4189149985493,770.0568610385842,1221.4375757575756,1029.4139393939392
356,356,927.893537414966,1218.5636054421768,690.3366228070175,1257.6052631578948,1332.502633559067,1103.36393278154,1661.7659402744146,500.15173527037933,1516.281424281424,423.1471471471471,1293.7621198434206,470.93435712134897,1106.5398773006134,1176.4490213263218,1447.3668154761904,442.0159970238095,1459.0200873362446,769.3010189228529,1204.2674781523094,1030.7244069912608
357,357,931.2418232428671,1218.8719554627696,691.963696369637,1262.048771543821,1324.255313828457,1102.3610902725682,1657.3934494195687,494.40547263681594,1516.5805142083898,437.6102841677943,1279.4189944134077,485.8966480446927,1108.8452681830945,1162.7340634653187,1444.2424576894773,440.1574687270051,1452.8566433566434,768.6433566433567,1188.6900995899239,1031.2044522554188
358,358,934.278129395218,1219.3403656821376,693.4942142590518,1266.306830907055,1316.1425717852683,1101.5088639200999,1653.5725738396623,489.6135021097046,1516.6157472890145,449.998585572843,1262.5828625235406,502.38261142498425,1110.3687150837989,1141.853950518755,1441.5685393258427,438.750936329588,1447.1525374855823,767.9873125720876,1174.2184523809522,1032.1803571428572
359,359,936.6567691763873,1219.7143867090842,694.8812684365781,1270.0608407079646,1308.8809344385834,1100.7819643305702,1649.60964360587,484.8016771488469,1516.6193853427894,460.15744680851066,1249.3230820105819,519.495701058201,1111.7505112474437,1125.1919368974584,1439.3649906890128,437.67076350093106,1441.6539572501442,767.5629693818602,1161.3306784660765,1033.2218289085545
360,360,938.5163535142658,1219.9752957550452,696.2373682297346,1273.4485641584877,1301.9193508114856,1100.092883895131,1646.7695473251028,481.23168724279833,1516.3547358834242,468.393897996357,1238.2868956743,533.3994910941475,1112.5121263395374,1112.0313028764806,1437.506227106227,436.7311355311355,1436.4408973252805,767.1981593327581,1151.3487574978578,1033.882319337332
361,361,940.2333333333333,1220.0038596491227,697.4671052631579,1276.8691520467835,1295.5890547263682,1099.625870646766,1643.8671710802857,477.65111391340895,1515.947203579418,475.4581655480984,1228.4302022178733,545.6523157208088,1112.8487858719645,1100.6870860927152,1435.2991639403851,435.66703017084694,1431.9730994152046,766.9116959064327,1141.3732856290994,1034.576326774001
362,362,943.4297606659729,1220.0100589663543,698.6591928251121,1279.913303437967,1289.7093111279335,1099.1216250315417,1640.8810440735986,474.1566110397946,1515.0707502374166,483.4116809116809,1219.6491228070174,556.9033432638199,1112.9748643244786,1088.995429877178,1432.9844097995547,434.55159613956937,1427.5927511415525,766.7665525114155,1132.6555555555553,1035.2123123123122
363,363,945.0970588235294,1220.690522875817,700.0,1283.1548410938653,1283.9265450861194,1098.764184397163,1638.7438551099613,471.68520914187144,1514.4152621722844,489.2621722846441,1212.1412651589642,567.0,1112.847352024922,1079.09544038516,1431.4140855457226,434.0066371681416,1423.1054925893636,766.6611450159836,1122.321966205837,1033.6341013824886
364,364,947.6686971235195,1225.1103214890015,700.8634850166482,1285.3710691823899,1278.9148509892311,1098.5159028299522,1636.5179299103502,469.0888345558272,1513.8774577046179,494.0004572473708,1205.7918275418274,575.7699485199485,1112.9521088435374,1071.665306122449,1429.6681003584229,433.28172043010755,1419.6632882882882,766.5686936936936,1100.4803833483077,1019.419886193471
365,365,948.016443987667,1230.9626584446726,702.1312335958005,1288.2793400824896,1273.7641025641026,1098.2707692307692,1633.3962344886604,465.44501497646553,1512.925512104283,499.87337057728115,1200.1844039629275,583.6449344838607,1112.5977304964538,1060.9948936170213,1428.3501430615163,432.69742489270385,1415.8463056965595,766.5580936266215,1079.3348321342926,1007.4142685851317
366,366,948.3847446236558,1237.5675403225807,703.0684981684981,1290.5857142857142,1270.3020993343573,1098.157450076805,1632.3415233415233,464.2674037674037,1512.288713910761,503.46500437445314,1194.920475319927,591.1770262035344,1112.6202836879431,1053.8224113475176,1426.4413646055436,431.9221748400853,1413.9101654846336,766.9556080903599,1062.4557494004796,999.444255504687
367,367,948.3896529142108,1241.5753110674523,703.9414414414415,1293.0277777777776,1264.6970858895706,1097.9534764826176,1629.6640826873386,461.3656330749354,1507.6074168797954,506.653452685422,1190.0195512820512,598.3669871794872,1112.6428368794325,1046.649929078014,1424.7879116901915,431.15635179153094,1403.167806267806,768.0672364672364,1045.5766666666666,991.4742424242423
368,368,949.5026350461133,1246.7368247694333,704.844298245614,1294.9287280701753,1258.4692429022082,1097.0176130389063,1628.2959309494452,459.8376489930127,1495.3395711500973,513.7489278752437,1185.8316467341306,604.7368905243791,1112.5402590090089,1039.5357545045044,1423.1695278969958,430.48319027181685,1391.7696768848384,770.5793979563656,1032.472861356932,985.9646017699115
369,369,950.2590725806451,1250.4452284946235,705.672444925966,1297.0054171180932,1254.7774358974357,1093.3166666666666,1626.4073160706946,457.9062885326757,1481.0301228695996,524.1870788743558,1182.0547355473554,610.6020910209102,1112.448805460751,1033.551478953356,1422.0344467640919,430.2640918580376,1381.56820083682,772.3933054393306,1020.4136403897254,981.1192795984646
370,370,951.0760942760942,1253.2289562289561,706.3183643665571,1298.5929171230375,1253.323069027457,1083.3022838080574,1625.047332531087,456.4564781387886,1469.6346604215457,531.9508196721312,1178.3568161024702,616.5574870387312,1112.0972696245733,1027.8310580204777,1420.5294532627865,429.78624338624337,1373.2853976170684,773.8381823219728,1009.989417989418,977.1243386243386
371,371,951.7790300546447,1255.546106557377,707.2829977628635,1300.8799403430273,1254.3537618335824,1068.1402590931739,1625.2064257028112,456.57389558232927,1459.8873184138201,538.2795445622301,1175.0166824047842,622.0440667296191,1112.0795680591077,1022.4745666382494,1416.8195998643607,432.1407256697185,1365.7071651090341,775.3222883035967,1000.5896747239628,973.5446135481945
372,372,952.6778593913956,1258.097936341378,708.0613333333333,1302.663238095238,1255.6626776364997,1055.0890052356021,1621.2767215885085,453.48415716096326,1451.2115460656385,544.0688018979833,1171.763040712468,626.9968193384224,1111.9007765314927,1017.595340811044,1405.736581920904,441.277895480226,1359.2800925925924,776.6004050925926,991.97903372835,970.315101792768
373,373,953.0876645876646,1259.6181566181565,708.7229580573951,1304.1707137601175,1256.5306224899598,1044.179718875502,1614.5051464766427,452.3562945368171,1443.5569242254571,549.4232922732363,1169.764598540146,629.0997566909975,1111.6802030456852,1012.5707839819513,1392.4590277777777,451.43854166666665,1353.4480465502909,778.0368523136602,984.2389716622844,967.6383289512123
374,374,953.9312607944732,1262.0538860103627,708.7960618846695,1305.6255274261603,1258.174319066148,1033.929961089494,1603.515503875969,451.3290267011197,1436.0126146788991,554.6108562691131,1167.4593810444874,631.9806576402322,1111.4050086355785,1007.754173862982,1380.8703312191683,459.23854827343195,1347.8893545683152,779.37384744342,977.349678925861,965.2685347343839
375,375,954.4104683195592,1263.64738292011,708.0219001610305,1309.9977455716585,1259.7192720019943,1024.898030416355,1597.0017226528853,450.88759689922483,1429.6437718277066,559.3061699650757,1164.9556018036767,635.5747485258411,1110.2930839002265,1002.5779478458048,1370.523188405797,465.9007246376811,1343.0355029585799,780.5872076641307,970.1502976190476,962.7907738095237
376,376,954.5614035087718,1264.6856140350876,704.5852470424495,1319.9457202505218,1260.9674615002484,1017.9542970690511,1591.3641493055554,451.0186631944444,1422.9737045630316,566.5406032482599,1163.0895417978313,638.398740818468,1103.5481041312958,987.8616298811545,1361.3719599427752,471.5003576537911,1338.349873843566,781.829828987945,964.0079365079365,960.6713697824808
377,377,954.7103711411723,1265.8078390565383,701.7084607543324,1326.672443085287,1262.5553007135575,1009.9706931702343,1586.2976501305484,451.3028720626632,1412.5850037119524,578.7119524870081,1160.984496124031,641.3047921071176,1096.2458084683149,968.2213697073031,1353.268783068783,476.50088183421514,1333.9439752252251,783.1078265765766,958.3426655001457,958.7171186934966
378,378,955.113652113652,1267.5065835065834,699.2935473085925,1332.144767636242,1264.2096273291925,1002.5802277432712,1582.1353750554813,451.69551708832665,1401.6019690576652,588.3621659634317,1160.0745257452575,642.2994579945799,1089.9724061810152,950.7044701986755,1345.7174139728884,481.1293013555787,1329.6964838255976,784.2880450070323,953.0774119006354,956.9618717504333
379,379,955.1492385786802,1268.2551607445007,697.246118268913,1336.8070697059795,1264.9861523244313,998.1006429277942,1578.4547837483617,452.0506771515945,1391.39677532422,597.0599369085173,1157.84052647689,646.0820324456687,1083.6137096774194,935.609946236559,1339.4628670120896,484.9761658031088,1326.197510373444,785.3665283540802,947.7867367806017,955.1963190184049
380,380,955.3202344019303,1269.514305411927,695.2080425390495,1341.0378863409771,1265.895664952241,993.5023267205485,1574.9307017543858,452.67719298245606,1382.3192239858904,605.0067019400352,1150.4026845637584,651.6823266219238,1078.2405749932193,922.8527257933279,1333.3211169284466,488.8869109947644,1322.754805052169,786.5060406370126,943.0933333333332,953.5417391304347
381,381,955.6813880126183,1270.9589905362775,693.3931538717181,1344.6959122632104,1267.539208173691,986.5047254150701,1571.8234778799822,453.2422251423565,1374.1656293222682,611.9432918395573,1135.179058758006,658.1801726538569,1073.3956774729843,911.3881961762261,1327.261261261261,493.1437976437976,1319.6873107624551,787.5571153316818,938.5159777191438,952.043682204632
382,382,955.6346889120612,1271.8488008342024,691.8849087893864,1347.7850746268657,1268.3455938697318,982.52030651341,1568.9355119825707,453.8518518518518,1366.8835087719297,617.8368421052631,1119.6704055220018,666.1360368133448,1068.975215817321,900.8585352269562,1321.9385216773276,496.5294953802416,1315.1600113282357,788.6476918719909,934.120811287478,950.5067607289828
383,383,955.1796448087431,1271.7284836065573,690.3353115727003,1350.8760303330034,1269.5349730976172,977.5857033051499,1566.3377777777778,454.5071111111111,1360.142151675485,623.3654320987654,1108.6428773718492,672.3721325403568,1065.2094926350246,892.0245499181669,1317.2630264097072,499.73376159885794,1309.3650793650793,785.9374064091045,930.3001175778953,949.2104644326865
384,384,955.6598847066801,1273.6995591726006,688.8303630363035,1353.878217821782,1270.2646464646464,974.2790404040403,1564.1303587051618,455.1216097987751,1353.7662753468517,628.5602988260406,1099.3687242798353,677.441975308642,1061.4479512735327,883.2929125138426,1312.5694736842106,503.0754385964912,1305.2643779342723,776.7144953051643,926.7223680373286,948.0609507144939
385,385,956.756727664155,1277.448152134912,687.5489614243323,1356.4071876030332,1271.4759302628154,969.4751496226905,1561.482535575679,456.0038809831824,1347.7045537340618,633.5238615664845,1089.4426599041983,683.2344322344321,1057.9244072524407,875.3838214783821,1308.2235378543235,506.1858629350556,1301.2708333333333,763.2901570048308,922.855871886121,946.9000593119808
386,386,957.3938417472251,1279.923021840315,686.2572864321608,1358.9159128978224,1272.2051863041288,966.19889224572,1559.4326599326598,456.7550505050505,1343.3038105046344,636.9900446275317,1081.9338215351233,687.624627068077,1054.927678085916,868.5736813485589,1304.0466666666666,509.02807017543853,1298.320920375416,752.4105358764759,919.7665223665223,945.9142857142857
387,387,957.5432478632479,1280.9203418803418,685.3784139519578,1360.8354721948008,1273.1874027993779,962.3732503888025,1557.1007653061224,457.6398809523809,1338.4244004171012,640.9071949947862,1074.880836047774,691.9283387622149,1052.0310457516339,861.9125816993464,1300.478093235191,511.46757798808267,1295.90345249007,743.5835624809043,916.726200505476,945.4782364504351
388,388,958.3885521885521,1283.983164983165,684.0468594217348,1363.4473246925888,1274.0216049382716,959.105452674897,1555.2427487728692,458.6086568496207,1333.6163992869874,644.5180035650623,1068.0854412591343,696.2535132096683,1049.18,855.5730555555555,1296.4537237888646,514.3496023138106,1293.6694290976059,735.854818907305,906.0140884756267,946.6725838264299
389,389,959.3842498302782,1286.6666666666665,683.0048449612403,1365.5484496124031,1274.650264950795,956.7274791824375,1553.426582278481,459.4616033755274,1330.632530120482,646.9370816599732,1062.9459170013386,699.5670682730923,1046.6079068507988,849.920119144327,1293.420781893004,516.5565843621399,1291.7762515262514,728.7851037851037,889.1222672064778,951.6461538461539
390,390,960.5107811947685,1290.7942735949098,682.0766961651917,1367.467387741724,1275.411000763942,953.8179271708682,1551.7220801364022,460.4650468883205,1326.3831258644536,650.2527662517289,1057.1525470653376,703.3471760797343,1044.310945273632,844.6708126036484,1290.0371561271882,518.8849589138978,1289.9204721963342,721.8117427772601,873.7226277372263,955.8632062719653
391,391,959.3854545454545,1291.060909090909,681.0069651741294,1369.6275290215588,1276.2175493250259,950.7463655244028,1549.9432809773123,461.53359511343797,1322.6236559139784,653.1311134235171,1052.0299468233975,706.6663867898125,1041.715987808257,839.0382377389859,1286.469915097822,521.407161314138,1288.350234741784,716.0663536776212,861.2314814814814,959.9852941176471
392,392,954.9186851211073,1292.747693194925,680.3370184254605,1370.9989949748744,1276.9148550724638,948.3558488612836,1548.29567821994,462.6080445014976,1319.7690235690236,655.354882154882,1047.9376218323587,709.5054302422724,1039.5993294216262,834.2917015926237,1283.5847398030942,523.4370604781997,1286.8787878787878,710.4007421150278,850.6658549783549,964.2548701298701
393,393,946.1320046216059,1294.7443674176777,679.3610835811033,1372.8529897588369,1277.5295151971866,946.2077367495602,1547.7476910159528,463.4021830394626,1316.240567670474,657.5874004845967,1043.6821895424837,712.3722766884531,1037.8183566913985,830.3621874141247,1281.2180653859116,526.5766767778902,1285.6900584795321,705.8162511542013,841.5152250067366,968.2126111560226
394,394,936.4798697454114,1296.9117821195973,678.612426035503,1374.5542406311638,1278.2896464646465,943.6472222222221,1546.077614379085,464.42606209150324,1310.2350168350167,657.2478114478114,1039.9417606011807,715.0442834138486,1035.4452574525744,825.9677506775067,1273.6283875338752,543.4227642276422,1282.3457667258733,700.2853759621077,833.8630716362675,971.7227068464181
395,395,928.6995810891681,1298.9578096947935,677.9277667329357,1375.9237905897944,1281.0374782824522,939.2380243236533,1544.4406276505513,465.63019508057675,1300.7103879026956,654.5190664036817,1033.0713028169014,718.3051643192488,1029.2700216450214,819.6804653679653,1261.3432883750802,562.116570327553,1271.6143562917755,693.6099970938681,826.5150295222759,975.1599570585076
396,396,923.0155595451824,1300.3204667863554,677.3202486097481,1377.388616290481,1292.6005917159764,925.6713510848125,1543.3719385637191,466.7409713574097,1289.214452214452,650.9873459873459,1024.409716125256,715.6865671641791,1015.0546536796536,811.0519480519481,1250.0299771912673,578.4235907461713,1258.823105733218,687.7574186113511,820.464670344103,978.1470974520619
397,397,917.4727215389466,1301.6455376852728,676.5984697272122,1378.956753160346,1306.601690821256,909.9579710144927,1542.4699453551912,467.6250525430853,1279.4481935923652,648.2791411042945,1005.9413953488372,707.766511627907,1000.1503593145384,802.1066887783305,1240.5949163449163,591.6084298584298,1248.1239015817223,682.8907439953134,814.2637774210808,981.1051364365971
398,398,913.8089248277927,1302.644204851752,676.1638641608968,1379.8925156610617,1321.8124852767962,895.6103651354533,1540.9184352892216,468.74947981689553,1271.49396759738,645.8717683557394,991.7682098765431,701.7620370370371,987.3392008941044,794.8502374965074,1231.788486005089,603.2172391857506,1239.3170225385527,678.5779952550415,808.7951361353423,983.9037800687285
399,399,909.345780206436,1304.2219186399514,675.376669925057,1381.6148582600194,1335.728178944809,884.1874544128374,1541.283534136546,470.0269076305221,1264.1260034904012,643.3769633507853,979.533523086654,696.7511068943707,975.7828196347032,789.2060502283105,1223.9681647940074,612.6026841448189,1231.1972545508802,674.3231871083259,803.8014921396216,986.4036770583533
400,400,905.7074004975124,1305.5233208955224,672.3647416413373,1384.6193853427894,1346.9376770538245,875.643059490085,1535.0452349582783,478.6987263943785,1256.7683189655172,641.4105603448276,969.9465554525794,692.841828853877,965.3763720392836,784.4419410745234,1211.8362573099414,617.7602339181286,1224.2363473589974,670.348254252462,799.2638888888889,988.795073375262
401,401,903.5107778819118,1306.1352702280537,660.9956228956229,1389.9057239057238,1357.4427374301677,868.2060055865921,1526.2225,491.32583333333326,1251.436005625879,640.0562587904359,960.2940430925221,688.9790874524715,956.2263926124515,780.4015490020852,1193.6256504438322,621.0091827364555,1218.1764528756398,666.6010237880156,794.9341301460822,990.9787516600265
402,402,899.1739273927392,1307.6273927392738,649.6660039761431,1394.8760768721006,1366.5135699373695,861.666898631408,1517.3966666666665,502.22041666666667,1246.9443239334778,638.7548806941431,951.543756145526,685.4680432645034,949.6192129629629,777.7624421296296,1175.7297641810069,624.9455066921606,1212.4004929143562,662.9014171287738,790.9880287310455,993.0039904229849
403,403,892.1608300907911,1306.4604409857327,640.1653594771242,1399.3454248366013,1374.70049616599,855.9476770410464,1510.7022332506203,511.2133995037221,1244.3145106091717,638.0855578370978,943.949604743083,682.4324769433465,939.1784539473684,777.0285087719298,1161.9042750929368,628.0777571251549,1207.0959232613907,659.2790767386091,787.1653666146645,995.1518460738429
404,404,882.0624788922661,1301.0087808172914,631.9983147960902,1403.0910010111224,1382.7118523775728,849.7918145256682,1504.6880503144655,519.262893081761,1240.8209683037267,637.1556948798328,936.6967267869071,679.6673346693386,926.6654761904762,785.363988095238,1149.3298709474345,630.736229146994,1202.3735849056604,655.954716981132,783.3960659223817,997.1836788942052
405,405,873.860225442834,1295.997423510467,625.3867069486405,1406.1889895938232,1389.361149745016,844.4705609643022,1499.727536231884,525.8364389233955,1238.4525025536261,636.3922369765066,930.4680432645034,677.4057686004588,915.5521914648211,795.2534602076124,1139.3699938385705,632.7347504621072,1197.7980828695113,652.8682745825603,780.2695810564662,998.8927920895133
406,406,865.784254606365,1290.8301507537687,619.3893985728848,1408.9843696907915,1395.8873646209386,838.7932611311671,1495.095418242959,532.1904161412358,1235.175828047921,635.2706131078224,924.2094572094571,675.041292041292,906.9685534591194,802.6443682104059,1129.648865531991,634.601586395121,1193.923748881724,650.2269619115666,777.0772261623325,1000.6495928552665
407,407,859.0709504685408,1286.8182730923695,613.8680134680134,1411.5383838383839,1401.2600195503421,834.2280058651027,1490.9399176954732,537.8304526748971,1232.2596528515762,634.2079348211123,918.5337972166998,673.0990722332671,899.0941176470589,809.6280112044817,1119.9277372254114,636.4684223281348,1190.0494148939365,647.585649240573,773.7379820390913,1002.5076597992603
408,408,853.0470510271703,1283.20112657389,609.2469758064516,1413.7933467741937,1405.6939415882212,830.3200579290369,1487.5330053300531,542.7933579335794,1230.1298245614034,633.4705263157895,913.2546666666666,671.2546666666666,892.9181046288687,815.4023555190358,1110.206608918832,638.3352582611485,1186.1750809061489,644.9443365695793,771.1016324381253,1004.1266456029489
409,409,848.5417867435159,1280.6349663784822,604.5702284946236,1415.918010752688,1410.0133715377267,826.3624641833811,1484.0779537149817,547.7080795777507,1228.078309078309,632.7318087318088,908.7763875521334,669.6714789862046,887.1444622792937,820.9470304975923,1103.07722007722,639.7445302445302,1183.1399443929565,642.9468643805993,768.4911871435977,1005.6918092275789
410,410,843.5769105691056,1277.7362601626014,601.0847457627119,1417.660684612828,1413.840297790586,822.707492795389,1481.2610441767067,552.0200803212851,1225.8801261829653,631.9905362776025,904.0290135396518,668.0834945196647,882.0332800851969,825.9984025559105,1095.857592942659,641.2448015122874,1180.5429317662422,640.9206660137121,765.7815817409767,1007.1820594479829
411,411,839.140469302475,1275.334619093539,597.3028781793842,1419.4899598393574,1417.6471449487556,818.9875549048317,1478.547590601354,556.1819992035046,1224.1979713186427,631.5362014690451,899.6079948420373,666.6063829787234,877.1783439490446,830.9365711252653,1089.5079365079364,642.5749919015225,1178.1852922286448,639.2790622992935,763.5646630236794,1008.5745511319282
412,412,835.6094147582697,1273.3285623409668,593.5456369107322,1421.3884988298228,1421.0472364256148,815.2605308010712,1476.1336496638985,559.9130090945038,1222.3895921237693,630.9711673699015,895.9230267449444,665.3333333333333,872.5259081196581,835.6923076923077,1082.9829317269077,643.8273092369478,1175.2786509495743,637.1319580877537,761.0514030946761,1010.0833988985052
413,413,832.0953738910011,1271.4359949302914,590.592778335005,1422.9348044132398,1426.3239130434783,808.383574879227,1473.922928709056,563.543352601156,1220.9369658119658,630.6509971509971,891.6701889209094,663.9311559398014,868.5102257636122,840.0924302788844,1078.1634241245135,645.018158236057,1173.2251808021038,635.6877054569361,758.9740769835036,1011.3011259492013
414,414,828.6476466795615,1269.5370728562218,587.9163372859024,1424.3659420289855,1431.7606295513272,801.2832980972515,1471.5127897681853,567.6614708233412,1219.5321067821067,630.3668831168832,887.982034007058,662.6156560795637,864.6182359307358,844.280303030303,1071.9346600331673,646.2421227197345,1171.0094401041665,634.1455078125,756.8917579551382,1012.6356285863327
415,415,825.8877057115199,1267.9593417231365,584.8110889774235,1426.0069721115538,1437.72382258802,794.4638774577046,1469.8348909657318,570.4980529595015,1217.348620432513,629.9686800894855,885.2240280433397,661.7393244104525,861.4669887278583,847.7238325281803,1070.1019259259258,647.3691851851851,1168.6876038551013,632.5955466932535,754.7571202531645,1014.0192510548522
416,416,823.2102991057662,1267.2365094048719,582.6596314907872,1427.211055276382,1443.2447053406997,788.3888121546961,1467.847885137757,574.314318975553,1216.9409141583055,630.1490152359717,882.1140012845215,660.7222222222222,858.2712752029327,851.4168630531551,1063.8459259259257,648.9914074074073,1167.2074363992172,631.6187214611872,752.8082805907172,1015.2439345991561
417,417,814.6730462519936,1266.970653907496,580.0858688302907,1428.5916159567275,1448.22183015761,782.9974123735591,1466.137395459976,577.4822779769016,1215.2649572649573,629.9685314685315,879.1660194174757,659.6423948220064,854.9662585034014,855.0731972789115,1058.9462151394423,654.2397078353254,1165.1675392670156,628.4785340314136,750.9592,1016.4810666666666
418,418,802.5387704664812,1271.4439295644115,577.9179229480736,1429.8408710217755,1452.606572769953,778.4413145539905,1464.945554249902,580.1570701135918,1214.7632183908047,630.1210727969348,876.4631746031745,658.707619047619,851.0496929089893,859.0293132328309,1055.6262729124237,660.7128309572302,1164.212765957447,623.1945288753799,749.4730759127922,1017.4749146309429
419,419,791.4859956909818,1276.2231455832562,575.7859543010752,1431.114247311828,1456.5715598437857,774.10544452102,1465.0693815987934,579.6398944193062,1213.725806451613,630.2983870967741,873.9890144381669,657.8954802259886,841.7083333333333,867.3989583333332,1053.5811146609867,666.599219027334,1164.0767141887304,616.9551934826884,747.8820431806214,1018.7245918904686
420,420,782.7439528023599,1279.9746312684365,574.1250411319512,1432.2069759789404,1459.8629604209561,770.4953099977121,1464.0336943441637,579.3882872041717,1208.991638160395,633.1421512732801,871.6651234567901,657.1327160493827,829.534464189553,882.7253634894992,1051.9275513758273,671.1288749564611,1164.4778554778554,611.6779886779887,742.1050666666666,1023.3173333333332
421,421,774.6657681940701,1283.4558250973344,572.328387734916,1433.2601384767556,1463.4945714945713,766.6246246246245,1463.0508840017249,581.2457956015523,1199.0502857142858,639.6582857142857,869.5805452292441,656.3373605947955,818.998139287613,894.3750664540138,1050.2808708065666,675.2591006423983,1165.0801346801345,606.8616161616162,730.9100236779794,1032.4859247566428
422,422,768.3645364536453,1286.164416441644,570.6946666666666,1434.333,1466.873786407767,762.8712436430883,1462.3552688172042,582.6055913978495,1186.822270583968,645.1345665578527,867.4941768964432,655.5102297765186,810.2931818181818,903.5964646464646,1048.657004830918,677.7988267770876,1165.8249744114637,603.2289321050836,720.2945187516391,1039.3333333333333
423,423,762.4490657022302,1288.9795057263411,568.8888888888888,1435.5373134328358,1469.9200466200466,759.5934731934731,1461.5075154730325,585.1153846153846,1175.1956043956045,649.8619047619047,865.1518056887184,654.6462128475551,801.4714248771658,913.1830876648564,1047.0186751233261,682.8738548273432,1166.4413194444444,599.9597222222221,711.6755835300288,1045.3624442696039
424,424,757.5678678678678,1291.132132132132,567.6558611656843,1436.5137524557956,1472.49451303155,756.8644261545495,1460.8316239316237,587.3465811965812,1166.54476806904,653.4433656957929,864.0329703569267,654.7507562008469,793.7193390136845,921.7973147430931,1045.5752032520325,688.6239837398374,1167.3954514596062,596.8292600135777,704.1267387944358,1050.8930963420917
425,425,752.9537451507013,1293.2787227693225,566.0042735042734,1437.4871794871794,1474.9990695510583,754.208653175157,1460.3047351148616,589.4266291608063,1158.6156949028234,656.6681334800146,863.4295561069754,655.3793768955059,786.9767866458006,929.4128847157015,1043.6369910282954,694.1656314699793,1168.0160558464222,594.3923211169284,696.9981481481481,1056.2621693121694
426,426,749.0548635824437,1295.1702253855278,564.6663395485771,1438.4049721949623,1477.5332871012483,751.5950069348128,1459.635632183908,593.291570881226,1151.485745614035,659.611111111111,861.5388556789069,660.6265300313122,781.3181818181819,935.6653826399588,1041.9669054930057,698.7925622654384,1168.5583075335396,592.8200894392844,691.1635269492411,1060.6949241234954
427,427,744.784012066365,1297.2316742081448,563.4203187250996,1439.4472111553785,1479.796753543667,749.083447645176,1456.8385926731953,601.9709829524845,1144.701111111111,662.3425925925925,857.8578431372548,673.7261029411765,775.5489591364687,942.1398098175275,1040.4975230007076,704.1503892427459,1169.4423413950226,590.4991237294076,685.8492935635793,1064.9236002093144
428,428,741.4285714285714,1298.9493860437256,562.0151362260343,1440.4530776992935,1482.1988425925924,746.7129629629628,1454.7374074074073,615.584074074074,1138.3181650018498,665.0051794302626,854.3327205882352,687.2083333333333,770.6038795303726,947.7856049004594,1039.2687255946041,708.1703940362087,1170.0743034055727,588.6766425868593,681.2426854754441,1068.5807210031348
429,429,738.3791483113068,1300.4845814977973,561.1578947368421,1441.1843760344254,1484.3880494505495,745.2229853479853,1454.0943124550035,626.7300215982722,1133.0653303637714,667.1017074981439,851.6450590607893,696.1486603284357,765.7381313131312,953.1800505050504,1038.0773305084747,711.9848163841807,1170.756569847856,587.0895573997233,677.273137697517,1071.8148984198644
430,430,735.0967937084089,1302.159407138536,560.2306653157716,1441.9925700776762,1490.8448110951697,740.5992348158775,1453.1380692167577,636.1468123861565,1126.666265060241,669.6558232931726,848.898201669878,707.9293513166346,760.9510268562401,958.6100579252237,1037.1289966923925,715.5633958103639,1171.4589743589743,585.0307692307692,672.5431512272368,1075.4486671945103
431,431,732.4024871094934,1303.6854716408857,558.8449691991786,1442.9377138945927,1501.6928866229666,738.6387472687545,1452.204029304029,644.4926739926739,1121.9859268194612,671.6775231202251,846.5121477162294,719.3968253968253,756.8702390333596,963.4925137903862,1032.655162496405,719.863387978142,1169.877009084556,582.7879105520615,668.6507293354944,1078.498379254457
432,432,730.0193971948672,1305.105341689048,558.693769470405,1443.8763239875389,1514.2974621766714,738.2798926305514,1451.3701321900678,652.0496605930689,1116.999598876855,673.9747292418773,843.9620867455262,727.81771307249,753.3649447442816,967.6466204060652,1017.385,725.9963888888889,1164.2215488215488,577.9494949494949,665.1552729199788,1081.4117647058824
433,433,727.6048387096774,1306.5044802867383,551.7794970986461,1454.0764023210832,1523.5083095916427,738.0199430199431,1450.6524745269285,658.7128820960698,1113.0129716981132,675.9178459119496,840.6334610472541,741.1044061302682,749.5976116303218,972.0404984423676,997.9560143626571,735.6349491322561,1154.031305585201,570.0576307363928,661.7541070482247,1085.0638579756226
434,434,725.4754683318465,1307.8331846565566,543.6854917234664,1467.842259006816,1531.8820439350523,737.6743075453677,1450.019078473722,664.72030237581,1110.1785431512271,677.1840855106889,837.6452032520324,755.5661788617886,746.50101010101,975.9583333333334,983.732644865175,742.3998852553069,1145.8159098908834,563.9904963041183,656.3137087599545,1097.9581911262799
435,435,723.473369239976,1309.1319569120287,537.2367387033399,1477.764571054355,1539.1201830443158,737.5869460500962,1449.4988814317674,670.4798657718121,1106.0368147258903,678.9831932773109,833.9059913935782,767.7623303541873,743.0289397526966,980.1315443304393,964.2728418399496,752.185570258349,1138.403092412801,559.3268608414239,651.4763912310286,1117.5857223159078
436,436,721.5826606875934,1310.4454409566515,531.9,1485.990291262136,1545.4383794274622,737.5970402717127,1449.1836283185842,674.9601769911504,1102.9591346153845,680.0508814102564,830.7763462173768,779.5209778658738,739.8585466770106,984.0493922937677,945.6106693174287,762.3369781312127,1132.7074756229686,556.114481762369,647.5433751743375,1135.4373779637376
437,437,719.6041481481482,1311.811259259259,527.7236714975845,1492.5552334943638,1551.3450923926084,737.7403407727381,1448.9213973799126,679.2008733624455,1100.0232651423987,681.4520657841957,828.0143229166666,790.1061197916666,737.0287843741968,987.7645849396041,930.2012098057943,769.038522763451,1127.8665290677673,553.4606123151013,645.8672762538099,1151.893876420061
438,438,717.0424501424501,1314.0376068376067,523.5186627718273,1499.001947419669,1557.1380569758949,737.845385926467,1448.7768052516412,683.6396790663748,1098.3820772403449,683.1773528308961,825.6547041707081,799.2867765923052,734.2154282765737,991.4370485036119,916.8070342205323,775.1726869455006,1121.9672650475184,550.5237592397043,644.560752688172,1165.340322580645
439,439,705.4059829059828,1327.1028693528692,519.9124513618677,1504.6582360570685,1562.3811615422155,737.9858467545143,1448.705043859649,688.3888888888888,1093.465715418153,688.6535869996036,823.4711875198981,807.3912766634829,731.9133022774326,994.6480331262939,904.950924155513,780.6845124282983,1117.9314641744547,548.4575977847005,643.2982310668878,1177.6133222775013
440,440,694.6193939393938,1338.9187878787877,516.8339831059129,1509.5165692007797,1566.770741286205,738.06676485027,1448.6556655665568,691.7565089842317,1086.331381733021,694.0249804839968,821.521148989899,814.6587752525252,729.6305031446541,997.8029350104821,894.5326157860404,785.9455316373123,1113.8616087109235,546.4724271162627,642.4704746136865,1187.9329470198675
441,441,685.8986388647552,1347.298291340863,513.9169110459433,1514.373085695666,1571.452519379845,738.3204941860465,1448.6894432393347,695.205712219812,1078.187427240978,699.4765230888629,819.6576323987539,821.8529595015576,727.6503242542153,1000.7450064850842,884.9463526333005,790.8750408897612,1110.7450171821304,545.0512027491409,641.7780555555555,1197.289722222222
442,442,677.578178694158,1354.9808132875141,511.25450450450444,1518.5057915057914,1575.3614545454545,738.5435151515151,1448.8318584070796,698.9236725663717,1070.46222741433,706.1904205607476,818.1291015026065,828.0205458448328,725.6331775700935,1003.6456386292834,876.2058917707332,795.2760166506564,1107.1320301783264,543.3539094650206,641.0632980168432,1205.8470524314043
443,443,670.1364806866952,1362.014592274678,508.7563081009296,1522.6321381142097,1579.0191317144959,738.7027225901398,1448.9181350954477,701.8568281938326,1062.6686069072564,712.3779588668995,816.6010621680724,834.417681974383,722.3148292937191,1006.9640344018765,868.4160896801845,799.0600065941312,1103.6308281141266,541.8945720250522,640.5833333333333,1213.9387583892617
444,444,664.5595137121854,1367.4551880124397,506.8760768721007,1525.8667992047713,1582.891380169407,738.8834080717489,1447.8430130235831,705.1897219288983,1055.674338319908,717.0095895665515,815.3375990249847,839.7157221206581,717.2211055276382,1012.093563053362,861.431204321576,802.28217349857,1101.2943989071036,540.8756830601093,640.1349794238683,1221.0060356652948
445,445,659.1053984575835,1372.7180805484147,504.811394891945,1529.3068107400131,1585.761241446725,739.1109481915933,1441.407671418873,716.2196198234894,1049.5068181818183,721.4602272727273,814.1546329723225,845.1146209386281,707.2803860198226,1026.4092331768388,854.0838343353373,805.87374749499,1098.8256203890005,539.949362843729,639.8028404344194,1227.318574213311
446,446,653.9429145152036,1377.5674125071714,503.03648424543945,1532.3953565505803,1589.7580766341098,739.4247433007763,1431.983870967742,734.2125448028673,1043.794959908362,725.6506300114547,815.5547193477579,856.5870178739417,697.592855266614,1039.7265563435776,847.98082010582,809.1908068783068,1096.1478467277043,538.9525262800948,639.4246727930938,1233.3319409635199
447,447,649.2551583841906,1382.0613193839,499.1956066945607,1535.6052998605298,1592.1051706827309,739.5419176706827,1426.2418720971773,749.6916755984279,1038.5568225009501,729.5560623337134,817.2823098075161,883.3929117018026,687.7412783295135,1050.5933282403869,840.2959656084655,811.5552248677249,1095.9682389937107,539.4650943396226,639.1079734219269,1239.3687707641195
448,448,645.2653834937299,1385.9501312335958,497.48484848484844,1532.0776302349336,1594.810790835181,739.8652377432865,1421.9380180180178,762.1214414414413,1034.4169491525424,732.8772128060263,815.1700847689362,903.7908121410993,678.7770303936223,1060.4810662680616,833.741935483871,812.7891821440207,1093.9042813455656,540.0770642201835,638.7362270450751,1244.5230940456315
449,449,641.7514568764568,1389.4647435897434,495.3326606121762,1517.678775647494,1597.6956956956956,740.1969469469469,1418.772064186725,772.8326039387308,1030.2823754789272,736.0141762452106,813.3961919666144,921.1400625978091,670.8998538011696,1069.437865497076,827.9193962748875,814.4441233140656,1092.3047516970346,551.9471239728474,638.4932114159046,1249.9080077583817
450,450,638.5796232876712,1392.718607305936,493.79061488673136,1500.7776699029125,1600.0389674857283,740.4815090593199,1416.2818863879957,782.1954269381921,1026.6391833529642,738.8044758539459,811.545048594694,937.3144208037825,663.8196226415095,1077.4779874213837,821.4399323181049,817.2131979695431,1092.1392361111111,568.598611111111,638.2503480924534,1254.6513505987189
451,451,635.5166379804933,1395.7524383247273,491.8696765930195,1486.2907460774895,1602.1281486916116,740.7544631939348,1414.338148148148,790.9155555555556,1023.7828571428571,741.1135238095237,809.9640136590491,950.2729183083792,656.8075226977951,1085.5525291828794,815.7381681988423,819.3772557030983,1091.697247706422,581.3340129119945,637.9902696691687,1259.0428134556573
452,452,632.5349233390119,1398.7257240204428,490.005571943625,1473.9813176007867,1605.449341438703,740.4723910840931,1412.8764897074757,797.9050198627663,1020.5061585835257,743.6886066204772,808.597875569044,962.056904400607,651.7280497280498,1091.6436156436155,810.1771467207573,821.7944557133197,1091.3344286235852,595.433734939759,637.7397034596376,1263.0823723228996
453,453,629.6574949842361,1401.6440240756665,488.70927564732875,1464.3746312684366,1611.6659436008676,739.6030368763558,1411.6122522522521,804.8659459459459,1017.79258400927,745.809192738509,807.2626339969372,973.3320571720265,646.3359293873312,1097.91225337487,804.9082415749082,829.8284951618284,1091.170107033639,607.4132262996941,637.4947397563676,1267.1112956810632
454,454,627.2693984306887,1404.0241208950886,487.7827380952381,1455.415013227513,1621.7981220657275,737.2248826291079,1410.591362126246,811.0601698043557,1015.2007662835249,747.7329501915708,806.1154345006485,982.5281452658884,641.7764705882353,1103.3432679738562,798.4359233097881,844.6091490077363,1090.7341130604289,617.5442495126705,637.0620284995808,1270.811679240011
455,455,624.8486409155937,1406.432331902718,486.926,1448.1363333333334,1631.6640753828033,735.559246171967,1409.8625505328923,816.5670709298051,1013.0072880705791,749.3651706942845,804.8809156378601,991.3948045267489,637.4151469098277,1108.5927051671733,792.6118462507876,857.2781978575929,1090.224074074074,625.2785185185185,636.4936951754386,1272.7184758771928
456,456,622.6981513575968,1408.6109185441942,486.5,1441.945317616241,1640.5037090212968,734.3795166307729,1412.0918225918226,821.6209286209286,1010.0881895881895,751.3247863247863,803.570029123643,1000.4008472332538,633.38,1113.3166666666666,787.9824732229796,869.0798442064265,1089.627450980392,633.0633484162896,635.9568989644556,1274.9944024629162
457,457,620.4942028985506,1410.8162318840577,486.15782580222657,1436.2982973149965,1649.049963794352,733.4180545498431,1422.9368237347294,829.3211169284467,1008.6593194122196,752.5587780355761,802.404912836767,1007.6019545694663,629.7508905852417,1117.8127226463102,784.3589500316255,879.4503478810879,1089.0244088482075,640.355072463768,635.4633002207505,1277.0394591611478
458,458,618.6280944156591,1412.7086931491076,485.86246418338106,1431.2629735752944,1655.482872667139,732.6702102527757,1438.5447498238195,837.524312896406,1006.8276368981991,753.8834987137081,801.2793626317142,1014.2431251606271,626.0985528942116,1122.4872754491018,781.3732220160791,888.1280148423006,1088.4912280701753,646.3943713450292,635.0572875033306,1279.2256861177723
459,459,616.2512416009348,1415.0601811276656,485.7885714285714,1427.0742857142857,1661.2951635846373,731.8899952584162,1451.7322751322752,844.0440917107584,1004.4070216049382,755.4174382716049,800.0965535385425,1021.1591686398315,623.0286711543256,1126.6379955123411,778.8608562691131,896.3660550458716,1088.1732168850072,652.4472343522561,634.5436442989634,1282.1423895253683
460,460,614.3725661145015,1416.8622493461203,485.6766823161189,1422.8579029733958,1667.044960116026,731.0720328740633,1462.817956875221,848.4697773064687,1002.7053469852104,756.4975350777397,799.0692307692308,1026.956923076923,619.8343253968253,1130.7065972222222,776.4397424103036,904.3195338853112,1087.8392200147166,657.5846210448859,634.0173160173159,1284.1266233766235
461,461,612.4946714031971,1418.5284191829485,485.5766990291262,1418.6770226537217,1671.9757751937984,730.4450096899225,1472.605188343994,852.044776119403,1000.4047337278106,758.0071005917159,797.8832933653077,1032.929922728484,617.0986267166043,1134.4616729088639,774.4373456790123,910.7574074074074,1087.6918798665183,663.1171672228401,633.5371567043619,1286.3376413570275
462,462,610.9042553191489,1420.2754137115837,485.50584518167454,1415.3412322274883,1676.8603062426382,729.8767962308598,1481.3542108987967,855.0541401273886,998.9246309246308,758.9483294483294,796.8234830575257,1038.538219070134,614.6602134524695,1137.7930007446016,772.440949737897,917.6238051187172,1087.7073446327684,668.1578154425612,632.9909613804438,1288.8715420432757
463,463,609.5778567199526,1421.6142687981053,485.5442561205273,1412.2592592592591,1681.285128946734,729.2778982887443,1489.2378378378378,857.5848648648648,997.3761287789555,760.0914801727522,795.8482704402516,1044.1650943396226,612.3360453648914,1141.2352071005917,770.8924534066605,923.0907424381302,1087.8131588513268,672.4987277353689,632.5178179824561,1290.4459978070174
464,464,607.9909436167104,1423.1560035056968,485.4421448730009,1409.249921605519,1685.8696795791484,728.6296030607365,1496.0861945636623,859.7510729613734,995.3272311212814,761.156369183829,794.9109730848861,1048.475155279503,610.4569047619048,1144.495238095238,769.2741009368389,928.4708371109095,1088.1304500703234,675.5460618846695,631.9024122807017,1292.342927631579
465,465,606.294685990338,1424.7376207729467,485.46034816247584,1406.0070921985814,1689.7896767969125,728.0320791123975,1502.501642935378,861.8349762687111,994.887012012012,761.9816066066065,793.7060557341907,1053.5227759914255,604.2475967783839,1157.8495713172254,767.7086397058823,933.7647058823529,1088.368610511159,679.4067674586033,631.3574838528502,1294.4358326312833
466,466,604.8397378611855,1426.092642240095,485.5054071246819,1403.417302798982,1693.196402877698,727.6275779376498,1508.0384615384614,863.7534798534798,991.632096069869,766.8649927219795,789.9913995308835,1061.6489444878812,596.4829573934836,1172.295238095238,766.3433061347839,938.422786340284,1088.6448028673835,682.8559139784946,630.7466555183946,1296.2371794871794
467,467,603.4106498194946,1427.5731046931407,485.5335929892892,1401.0029211295034,1697.1280547409579,727.1197458455522,1513.189783743475,865.5372856077553,984.5367362722351,779.1848414539829,781.7308166790032,1073.131260794473,587.2933640789137,1188.6056879323596,765.0149114631873,943.130164647406,1088.9080334423845,686.3925845147219,630.2097092859159,1298.05644933672
468,468,602.3230303030302,1428.630303030303,485.55689176688253,1399.1248843663275,1700.3877600387032,726.6688437348814,1517.57215007215,867.012987012987,977.561694290976,787.9274401473295,773.8467404674046,1085.110455104551,580.6830808080808,1202.4080808080807,763.7765830346475,947.2434289127837,1089.2630649717514,688.9636299435028,628.9178119105362,1301.1632983023444
469,469,600.9113539769277,1430.04584092289,485.5203588681849,1387.815734989648,1703.5674338035137,726.1544172234595,1522.5207644248437,868.8195516354281,971.5237564959168,795.4762435040831,767.2615156017831,1095.7951956414065,574.6808959156784,1214.680632411067,762.4156718702172,951.482399755127,1089.8031746031745,691.9432098765432,623.36015625,1308.7317708333333
470,470,599.8833943833944,1431.1205738705737,484.16783216783216,1379.3932733932731,1706.3423226433429,725.8867832847425,1526.129304029304,870.2395604395605,966.1848987108655,802.5101289134437,761.7387179487179,1105.2702564102563,569.8180193976518,1224.7822868810617,761.2785843920145,955.330913490623,1090.3009543285616,694.4362644853442,616.581352350766,1319.2752245113575
471,471,599.2068759342302,1431.939611360239,482.26810881678136,1371.8325139298588,1707.3114864864865,726.3436936936936,1529.7860036832412,871.6659300184161,961.4907201187824,808.8537490720119,757.1012496812037,1113.3228768171384,565.3093937028362,1234.039552432995,759.9789954337899,959.1850837138506,1090.802105263158,697.4807017543859,611.551220806794,1328.6101380042462
472,472,598.1855575868373,1432.9670932358317,480.7316602316602,1365.1074646074646,1712.926080892608,724.9123663412366,1533.575178102737,873.0389951256093,957.321550741163,814.6556442417332,752.8290730699715,1121.1249677252774,561.2186770428016,1242.536186770428,758.918795620438,962.684914841849,1091.39221871714,699.9358569926393,608.0254169976172,1336.1188774159384
473,473,595.6018599244405,1435.947689625109,479.3557692307692,1359.4945512820511,1719.3080265848669,733.7765848670756,1536.0888399412627,874.1839207048458,953.5651843405549,820.3002660585328,749.0033617791569,1128.0346521851563,557.7378017462763,1250.023369286081,757.9189918991899,965.6753675367536,1092.0672043010752,701.448252688172,604.9444003177125,1343.3367752184274
474,474,589.1687360713148,1445.1454950652658,477.84730538922156,1353.988356620093,1723.405140434552,749.299417064123,1539.2637321294205,875.4875846501129,950.3151100987092,824.9821564160972,745.5098650051921,1134.4441848390445,554.2343387470997,1257.3289507605052,756.6496350364963,969.2381386861314,1095.4727530077848,712.690728945506,602.2946168125166,1349.411031556616
475,475,583.0325581395349,1453.2235658914728,476.903776683087,1350.0085385878488,1726.612676056338,761.4872196139802,1541.9886196769455,876.734214390602,947.4206529992406,829.3580106302201,742.5171005615109,1140.1745788667688,551.1521849593496,1263.9590955284552,755.6869047619047,972.2339285714286,1095.451092117759,731.0392529281418,599.8768173407349,1355.0536611155167
476,476,577.35,1459.78,475.80013280212484,1345.816733067729,1729.6749135408352,772.5833998403831,1544.4545787545785,877.7571428571429,944.9202979515828,833.1027932960894,739.7878556910568,1145.1557418699185,548.4290404040404,1269.764898989899,754.756183745583,974.8792697290929,1092.7045728038506,748.1233453670277,597.7675403759597,1360.171299973524
477,477,573.2177658942364,1464.5130718954247,474.8822355289421,1342.5063206919494,1732.0274414850685,781.9954264191551,1545.2244328097731,878.6565445026177,942.4545454545455,836.8571969696969,737.0767276422764,1150.0881605691056,545.4104534973097,1276.137842685114,753.678978978979,977.7186186186185,1089.8776065276518,763.6884255061951,595.8280085197018,1365.1972843450478
478,478,569.9610726643599,1468.6378316032294,473.73845635321874,1338.670037074486,1734.0556007594248,790.5280716029292,1549.2712746191007,881.7725752508361,940.3921352443954,840.180815876516,734.594026828651,1154.7043786383192,543.0432704402515,1281.4633962264152,752.7308039747064,980.4468533574224,1087.6870026525198,775.9507810197465,594.2881534016285,1369.562122406094
479,479,566.8538573508006,1472.232023289665,472.85536495122767,1335.9280188361922,1736.0116182572615,798.6160442600276,1557.485924112607,898.7017543859648,938.6189443239334,842.9891540130152,732.0767477203648,1159.142857142857,540.6425157232704,1286.8354716981132,751.7642494777677,983.2718591465233,1085.3617638526252,787.4046997389034,592.5949566587865,1374.1234567901233
480,480,564.1372202591283,1475.5035335689047,471.8140566359604,1332.4694643466391,1737.6392807745503,805.4824343015214,1563.9038686987105,911.9632669011332,936.1142427658774,846.7504697482149,729.5973292244478,1163.6093990755007,538.2114197530864,1291.7777777777778,751.1175595238095,985.3508928571429,1083.4345807948941,796.6878445024659,591.8594516594517,1379.8709956709956
481,481,561.971264367816,1478.3511494252873,471.27439227439226,1330.3396603396604,1739.045008183306,811.5987452264047,1569.1886274509802,926.3270588235295,934.8929597701149,848.8987068965517,727.4166031987814,1167.3569433866462,536.3125156759468,1295.9252570855278,750.2348552670844,987.8403461653237,1081.6596736596734,805.8047785547785,594.4401634559252,1388.762405137186
482,482,559.799942429476,1481.1013241220494,470.25635738831613,1327.476288659794,1740.3951525054465,817.4964596949891,1572.845882352941,938.2807843137255,933.0217551622418,851.8580383480826,725.2851994851994,1171.1891891891892,534.3690753690754,1300.6969696969697,749.5512121212121,990.069090909091,1080.0927056088346,813.9831444347573,601.0289085545722,1400.6383480825957
483,483,557.6080843585237,1483.688927943761,469.3172099544339,1324.745531019979,1741.6938048245613,823.1959978070175,1575.8470588235293,947.5407843137255,931.3750461424879,854.31376891842,723.2996632996633,1174.5586635586635,532.7979953739399,1304.4780262143408,749.2811568276684,991.5885509838998,1078.5784227499266,821.917619466432,606.0077519379845,1409.7080103359174
484,484,555.9654576856649,1485.9833045480711,468.73169062286104,1322.7529089664613,1742.78955954323,828.0315388798259,1578.3348909657318,955.6039719626168,929.9787007454739,856.4905928292509,721.4331550802139,1177.7601222307105,531.1812734082397,1308.0938826466916,749.2594228504122,995.8088928150764,1077.4577893820713,828.4920220481578,610.8837946943482,1418.4682814302191
485,485,554.2373078038875,1488.2413693066435,468.10903426791276,1320.71235721703,1743.8404371584697,832.866393442623,1580.756886227545,963.3321357285428,928.7837176799441,858.6624737945492,719.5486979166666,1180.8497395833333,529.6072884811416,1311.9255861365953,746.582462253194,1010.4605110336817,1076.3888888888887,834.9601063829788,616.0178519168861,1426.417617793386
486,486,552.6378490790255,1490.42394533571,467.3361732339368,1318.7195598154062,1744.9607517965726,837.1445550027639,1583.0823529411764,970.4325490196078,927.0124542124541,861.3479853479853,717.8558629776021,1183.8105401844532,527.9723320158103,1315.7009222661395,741.73626689675,1024.1253954558526,1075.3266362252662,841.1220700152206,620.353562005277,1432.8885957197301
487,487,551.5680507497116,1492.1286043829296,466.65015806111694,1316.4906919564453,1745.818304901164,841.0105605199025,1584.8381391772393,975.9196462898884,925.9773834377174,862.9269311064718,716.1213541666666,1186.66875,526.8648106345622,1318.5379984951092,737.0060292850991,1039.5208153890324,1074.4308871205421,846.7553787208959,624.3589072943911,1438.6594013368206
488,488,549.7236723672368,1494.3639363936393,466.141066953097,1314.8499820981024,1746.8764320785597,845.3532460447353,1586.9663056558363,982.2996389891697,924.836511299435,864.6910310734462,714.7704701531959,1189.09323824617,525.375,1321.8801440329216,732.9453843870584,1052.0368061739389,1072.2194129613483,853.7849462365591,628.0008920606601,1443.8736247398156
489,489,548.7431165787932,1495.95079086116,465.6409185803758,1313.1450939457202,1747.8360566448798,849.1220043572985,1587.9932126696833,985.6885369532428,923.5874655647383,866.6267217630854,713.0353495679498,1192.0434668761454,524.4349563046192,1324.6941323345816,729.2467644521139,1062.6847857348287,1061.799671592775,866.9542966611931,631.5001471020888,1448.761106207708
490,490,547.6195107574417,1497.7194223401118,464.94904013961605,1311.484467713787,1748.778046162104,853.1154052603328,1589.8413820180604,991.5339615233607,922.4308050565535,868.2727877578176,711.7287960814642,1194.3691673111625,523.2535140562248,1327.6696787148594,725.884204609331,1071.6804384485665,1049.1706512778235,882.3514701841165,634.2845528455284,1452.8095238095239
491,491,545.9582944288826,1499.6915655150947,462.8187523071244,1302.846437799926,1749.820407040704,857.3107810781078,1589.6590579710144,994.5884057971014,920.7208245981831,870.6149545772187,710.2583668005354,1196.720749665328,522.0096656217345,1330.5297805642633,722.494976359338,1080.8537234042553,1039.2637806637806,896.0963924963925,637.1410601976639,1456.8718179095538
492,492,545.1410950661852,1501.005415162455,464.22267620020426,1292.2042900919305,1750.5140658174096,860.3126326963906,1587.4981001727115,1001.0894645941278,920.1893333333333,871.271,709.0966640399264,1198.6876805883896,521.1563944530046,1333.0683102208525,720.0045083122005,1088.0569174415327,1031.337479270315,907.0182421227197,639.6417691857058,1460.4153485647332
493,493,542.5400443178221,1502.7568850902185,466.2911088225197,1282.29763130793,1751.3083264633142,863.7510305028854,1578.9656283566057,1009.969566774078,919.4283228949199,873.2498260264439,707.3986394557822,1201.4663945578232,520.2534264287561,1335.5091802430825,717.3156828703703,1095.5086805555557,1024.1056022408961,916.7873949579832,642.1623240491165,1464.0239592692421
494,494,533.7601876282614,1505.0671357373203,468.15667311411994,1273.964861379755,1751.9318423855163,866.498668796592,1570.5273948391657,1017.8639095086603,916.7299446749654,882.7735131396956,706.7638566640886,1202.7210621294148,519.489944695827,1337.6566113624935,715.3077796706416,1101.3495173197045,1017.8320802005013,925.1397939292675,644.6322350845949,1467.3413475808845
495,495,518.8138839018551,1510.748055056852,469.5552126200274,1266.1831275720165,1752.6754385964912,869.9805954279637,1563.5283085633403,1024.310686482661,912.0390733056707,894.9139004149378,705.4288345172322,1204.9352801894238,518.4295612009238,1340.2845778804208,712.9524216524215,1107.650712250712,1011.5984004570122,933.1191088260497,646.7029114676174,1470.180926916221
496,496,507.8081534772182,1516.9376498800957,470.8059649122807,1259.3252631578948,1751.8973666441593,869.2813414359666,1557.7371590506552,1029.379029401346,907.378284923928,904.4436376210235,704.1544715447154,1207.1417344173442,517.5634425377015,1342.527561102444,708.7078715544188,1114.4342142654164,1006.3540766349754,939.6174013252664,648.7899008115419,1473.0805530507964
497,497,498.70240240240236,1522.4861861861862,471.8587570621469,1253.7662429378531,1752.078313253012,876.3795180722891,1552.4499823259102,1033.8342170378226,902.7693898655637,913.9017580144778,703.3569909622541,1208.6892610313662,516.5928833071689,1344.9822082679225,701.2657284768212,1117.2789735099338,1001.2064312374389,946.0490956072351,650.6788655077768,1475.78286062824
498,498,490.8741342968985,1527.3995784402289,472.7152554483744,1248.694533762058,1743.628358606012,891.5176908752327,1547.8098791755506,1037.6336176261548,898.8136752136751,922.0803418803418,702.2963855421687,1210.525033467202,515.7575757575758,1346.6430976430975,691.5631891433418,1118.2332485156912,997.053837342497,951.3238831615121,652.3781004234725,1478.2099213551119
499,499,484.7461309523809,1531.2258928571428,473.63835125448026,1244.463440860215,1732.4875768757686,904.450184501845,1543.3301384451545,1041.1203407880723,895.4614604462474,928.7860040567952,701.4547144754316,1211.927224435591,514.9692780337941,1348.1431131592421,681.0500863557859,1118.3008059873343,992.5061941803514,957.0063382310573,654.1547192353644,1480.5448028673836
500,500,479.2994815492528,1534.6559926806954,474.4208063354931,1240.3347732181426,1723.4712132443785,915.7748949839387,1538.9224043715847,1044.5544626593805,892.2023200272944,935.151142954623,701.6144200626959,1212.7097701149423,514.1396464646464,1349.862121212121,672.8838028169014,1118.3213028169014,988.5341400172861,961.9268222414289,656.0194669062594,1482.9185384845762
501,501,474.3318209316394,1537.909860859044,475.16400991852635,1236.8193411264613,1716.277946383409,924.9802731411229,1535.3369525877667,1047.4212812160695,889.424087342204,940.6857727737973,698.8255015114041,1219.0480901346523,513.1360387953036,1352.135528330781,666.0931677018633,1118.3889381839692,984.8850475367329,966.4747911264765,657.6618093503339,1485.2043108682453
502,502,470.1267605633803,1540.7555751173709,475.97366597366596,1233.52079002079,1710.445786163522,932.4032704402515,1532.46208869814,1049.8193848354792,886.7105263157895,945.9574898785426,695.6929242675511,1228.0807075732448,512.5989263803681,1353.648517382413,660.1807658058771,1118.5577322647669,981.8490077653149,970.4308311763014,659.0613095238095,1486.9544642857143
503,503,466.09567336989636,1543.3945764777573,476.8253968253968,1229.4556277056276,1705.2089589589586,939.1621621621622,1528.8822246455834,1052.5910577971647,883.9426863572432,951.25,692.6705555555556,1235.7625,511.77706495589416,1355.4055065490509,654.7262969588551,1118.658914728682,978.5833333333333,974.6905182567725,660.5647810218978,1489.0693430656934
504,504,462.54944394349263,1545.7992185151788,477.3735199138859,1227.2680301399355,1700.2566817952595,945.6343923348461,1526.2718624222464,1054.6505671423345,881.8172711571675,955.3423143350603,690.176759410802,1241.9410801963993,511.2633647798742,1356.6019392033543,649.7797566043336,1118.8785989907983,975.5956763073326,978.717791411043,661.8874695863747,1490.7691605839416
505,505,459.50518518518516,1548.1146666666666,478.0727650727651,1224.6413721413721,1695.3300405268487,952.1626139817629,1523.842841765339,1056.7104413347686,879.7097321125805,959.3143438453714,688.0634013605442,1247.115918367347,510.6209302325581,1357.9552971576227,645.4204579244721,1119.019030627416,973.242735042735,981.9213675213675,663.4053166069294,1492.6789127837515
506,506,456.7246111619396,1549.9743824336688,478.674042852125,1222.680014049877,1691.1719515339003,957.6218097447796,1521.0125507567368,1058.8711701734958,877.519170984456,963.3654576856649,686.0698308783415,1252.0294599018002,510.3234549138804,1359.2221377912867,641.569090909091,1119.2336363636364,970.5234782608695,985.7356521739131,664.7016252683226,1494.3866911990187
507,507,454.2037366548043,1551.856168446026,479.4276859504132,1220.0633608815426,1687.30826298286,962.870555129189,1519.224262059035,1060.4208063354931,873.2056010928961,967.7889344262295,684.5116841257051,1256.1662637657803,509.92515489467155,1360.3846344485748,638.015657934357,1119.3086419753085,968.4495254529767,988.6686798964624,665.9955035971223,1495.8636091127098
508,508,451.3584848484848,1554.0154545454545,480.05549774540407,1217.5511619840443,1683.6514093612618,967.8709594000516,1517.068915487849,1062.1755531374681,862.4772349617813,978.9232303090728,682.7600762527233,1260.6135620915034,508.5600518806744,1363.421271076524,634.4304414003043,1119.490106544901,966.3441710603396,991.8242530755712,667.1928223844282,1497.369221411192
509,509,449.2161835748792,1555.7089371980676,480.5908307480179,1216.1072044122714,1680.4080901177672,972.3986175115207,1515.1788793103449,1063.7216235632184,851.8000693000693,992.6607761607761,681.5925925925926,1263.8781535158346,505.7078446703153,1368.3226479020066,630.8476017000606,1119.6815421979356,964.3985070341658,994.8765432098764,668.9598793363499,1498.9812971342383
510,510,447.0948459896309,1557.3949374809392,481.1289746337978,1213.876384423008,1677.2275915822293,976.7004416731618,1513.0942028985505,1065.351811594203,843.2715413662891,1002.7820116718159,680.1155737704918,1267.5131147540983,502.8116261957322,1371.961981849399,628.2644728823888,1119.7461913467398,962.5281690140845,997.619131455399,678.9993786890337,1507.7844050947497
511,511,444.00096993210474,1559.2101519560297,481.7461964038727,1211.948478561549,1673.9706645898232,981.0267393561785,1511.3223287184946,1066.8682996095135,836.0692864529473,1011.3198896932091,679.1010348583877,1270.5590958605665,498.0280675608544,1378.7493790362641,625.3278936234511,1119.8851616802658,960.8934142114384,1000.1265164644714,686.7148148148148,1516.625
512,512,440.2986319652986,1557.5955955955956,482.36357091432683,1210.0226781857452,1671.2194422726086,984.8259056554599,1509.7045621780721,1068.2744665194996,829.8447441217149,1018.9747579529737,677.9427336574823,1273.6207455429499,493.5496757457846,1389.073411154345,622.9748311847759,1120.085328422345,959.0803782505909,1003.156914893617,693.471663619744,1524.632541133455
513,513,437.4703595724004,1549.1597019760284,482.7514184397163,1208.5578014184396,1668.3641975308642,988.6154835390945,1508.4617868675996,1069.3046286329386,824.1324525745257,1026.2147696476964,677.0251215559157,1276.486493787142,490.4336945304437,1398.2159442724458,620.0755064456722,1120.254143646409,958.2814814814814,1006.1094017094017,699.0392335766423,1531.2153284671533
514,514,434.5561922954473,1536.751034702324,481.4604924660051,1202.6214626975375,1665.299719887955,992.6185383244206,1507.2278481012659,1070.4476090014064,819.3568548387096,1032.4613575268818,676.2590199246096,1279.2455573505654,487.63428424569514,1405.7915702904136,617.4042357274401,1120.3284223449969,954.9559748427673,1023.0170709793351,704.1748040988547,1537.2561784207353
515,515,431.83104125736736,1526.2360838244924,477.19724086502606,1192.8325876211782,1662.7140269151137,995.8496376811594,1505.6123615576992,1071.8288674526616,814.8289295392954,1038.4474932249323,676.3541324575807,1281.4986316365625,485.3626143790849,1412.0598692810456,615.4627050448777,1120.5038687712781,951.8644859813085,1038.4183800623052,708.7985984156002,1542.4092017062765
516,516,429.3301064859632,1517.6857050661504,473.06847253574114,1183.0846501128667,1660.37435500516,998.9192466460267,1503.6267995570322,1073.1790328534514,810.4530178326473,1044.3230452674898,677.5290036081043,1287.8101582014988,483.27603768780233,1417.6266870384518,613.4636051233989,1120.62730396751,949.3324099722992,1049.79162819329,712.9229357798165,1547.2155963302753
517,517,426.7898338220919,1510.136200716846,469.8225616921269,1175.3121817469644,1658.4874384874383,1001.3048433048432,1496.3014838943177,1075.1187115454215,806.7761557177615,1049.3274244004172,680.8523566155593,1294.0763770584895,481.40045941807045,1422.7491066870853,611.2702280537331,1120.6985317088408,947.4372693726938,1059.6845018450185,716.7394278606965,1551.541355721393
518,518,424.7754045307443,1504.2478964401294,467.4950532724505,1169.9657534246576,1656.0778985507243,1004.3664596273292,1479.2163805436337,1080.5779685264663,803.5615615615616,1053.8134801468134,685.8052138254246,1301.0629759812534,479.49320241691845,1427.7200402819738,609.765625,1120.9503676470588,945.7721365971593,1068.990329404654,720.0707720588235,1555.4163602941176
519,519,422.6859477124183,1498.7029411764706,464.87847222222223,1164.639660493827,1654.03984375,1006.9049479166666,1465.0204007285972,1086.9347905282332,800.0469338814662,1058.515587529976,689.4543057996485,1305.7149970708845,477.7916351725875,1432.1947593852356,607.7889620570711,1121.0683599874567,944.3382991930478,1077.6927374301677,723.3202315661182,1559.1313223644117
520,520,420.84222661396575,1493.5790513833992,462.57855750487323,1159.8058479532165,1652.121799844841,1009.2348073441943,1453.3372675250357,1091.8029327610873,797.0708929788684,1062.4887525562372,692.7879056047196,1309.7536873156341,476.3653353814644,1436.1728110599079,605.9471048513302,1121.1577464788732,943.213296398892,1085.1351184979992,726.6082634358496,1562.8316247281764
521,521,419.1422048271363,1489.1859099804306,460.3059146102624,1155.2984723854288,1650.2272608808964,1011.5347928068803,1443.6849070100143,1096.005364806867,794.5124875124875,1065.7688977688977,695.5855535820011,1312.9378330373002,475.0610256410256,1439.6733333333332,604.2924528301887,1121.3301886792453,942.267215112736,1091.6715417428395,729.3924170616114,1565.9687203791468
522,522,417.54058549567526,1485.196606786427,458.5426447574335,1151.8888888888887,1648.257718472004,1013.997645211931,1435.3498385360604,1099.83853606028,791.8739919354839,1069.301747311828,698.1843722563652,1315.955223880597,473.756291730868,1443.5392912172574,602.8618732261116,1121.509303058972,941.3036211699165,1098.3856391210152,731.5578168362628,1568.4668516805425
523,523,415.8217288933737,1481.1143625967036,456.49761336515513,1148.110182975338,1646.4505002632964,1016.182727751448,1428.4622973925298,1103.2653276955602,789.1616566466265,1072.5975283901134,700.9364074743821,1318.9553948161542,472.24380804953563,1447.6656346749226,601.1793880837358,1121.7349436392913,940.303086419753,1103.2876543209875,729.3796133567663,1566.1684241359108
524,524,414.62796129462794,1478.1998665331996,455.17237442922374,1145.3793759512937,1644.9220135628584,1018.1319770474698,1421.9404019404017,1106.3198198198197,786.7281901041666,1075.66796875,703.2868828513,1321.3441425650012,471.1413679125349,1450.669972031528,600.1253109452736,1121.8121890547263,939.3228322832283,1107.922892289229,727.3547453703703,1565.6119791666667
525,525,413.40729684908786,1474.960862354892,453.63031709203403,1142.5634184068058,1641.350863422292,1021.435112506541,1416.2909779614324,1109.1329201101926,783.9331337325349,1078.9610778443114,705.3974132863021,1323.5543797766018,469.99221183800626,1454.1292834890967,598.6660347551342,1121.898578199052,938.7317870948557,1111.9262563187629,726.830565805658,1566.6279212792126
526,526,412.2439024390244,1472.0721544715448,452.0196759259259,1139.826388888889,1631.14641025641,1026.3410256410257,1410.8305555555555,1111.884722222222,781.4837067209776,1081.9932111337405,707.4691901408451,1325.8635563380283,468.8515625,1457.3111979166665,597.5196998123828,1122.1507191994995,937.8205128205128,1117.0428355957768,727.5312810327706,1567.8066865276398
527,527,411.18665311653115,1469.5294715447155,450.78568694986603,1137.5357826253348,1616.1254425897823,1031.825746079919,1406.1100562587903,1114.2756680731363,779.3099830795261,1084.4849407783415,709.7076696165192,1328.0855457227137,468.0726528523919,1459.9401381427474,596.3235849056604,1122.3066037735848,937.2564798071127,1121.0334538878842,729.5797736400145,1569.3727637824022
528,528,410.3639082751745,1466.9308740445329,449.50851305334845,1135.0737797956867,1603.5810467479673,1036.7403455284552,1401.6113460183226,1116.4235377026073,778.5455692210659,1085.9728792179124,711.4823188405796,1329.7631884057969,467.20092735703247,1462.857805255023,594.4371829304685,1123.2396299612055,936.4322820037106,1124.8308596165737,727.7919882396177,1569.2043366409407
529,529,409.52331606217615,1464.6255613126077,447.987331749802,1132.4857482185273,1592.4178688939508,1040.7841052898,1397.259420289855,1118.5268115942029,774.2394220846234,1092.6140350877192,713.998491704374,1332.2322775263951,466.03781174577637,1466.0522928399034,583.2299840510366,1129.9263157894736,935.8277258566978,1126.4838006230527,728.0628445424476,1569.7732451304666
530,530,408.6418732782369,1462.2861570247933,447.15617715617714,1130.966588966589,1583.1274509803923,1044.1573655103066,1393.1739750445631,1120.761853832442,766.5878423513693,1104.8263193052771,715.4127557160048,1333.7966305655834,465.49674733281284,1468.2877959927139,568.9897139183541,1137.8216007714561,935.0926275992439,1130.0916824196597,726.3110355253211,1569.7490551776264
531,531,408.2898696088265,1460.9655633567368,446.1655172413793,1129.1927203065134,1574.0840210052513,1047.1112778194547,1389.4736275565124,1124.0412630068172,759.4477611940298,1113.4053067993366,717.2444444444444,1335.5714714714713,464.8728575083141,1470.5175236633409,557.1459694989106,1143.3386243386242,934.6861471861472,1132.3011750154606,722.367577413479,1568.543533697632
532,532,407.4470094438615,1458.4379153550192,445.06420927467303,1127.2707094728498,1565.8919270833333,1049.6471354166665,1379.096089385475,1137.417877094972,752.2894736842105,1121.8977732793521,719.0298325722983,1337.2569254185692,464.0371845949535,1473.2029216467463,547.0022697795071,1148.006485084306,934.0616810482582,1136.396292745286,722.7664520743919,1568.7439198855507
533,533,407.05634758995245,1456.815342837746,444.66284403669727,1126.2874617737002,1559.0135644310474,1051.8367244410952,1369.9485241180705,1148.56875449964,746.8644617380025,1129.0645265888456,720.545810729355,1338.6784207353826,462.5001404099972,1475.2538612749227,538.5225645813881,1151.8583877995643,933.7434729811778,1138.4332119004248,720.0508791619902,1568.1990273101383
534,534,406.8508771929824,1455.8987854251013,443.1512670565302,1124.887329434698,1551.724216959511,1054.1932773109243,1362.281032078103,1157.7266387726638,741.5445544554456,1136.3323432343234,721.9186046511628,1340.18992248062,463.64757228587007,1474.5651936715765,530.8678537956888,1155.3473914401748,933.2248576850095,1141.6470588235295,721.9000271665308,1570.9690301548492
535,535,406.18335089567967,1453.8556375131718,439.6256524981357,1126.1838180462341,1545.3470924195221,1056.1443406022845,1355.4228855721392,1166.2139303482586,737.4229354730859,1142.3366766967567,722.736559139785,1341.04091995221,461.9075880758807,1475.869647696477,523.4737683941138,1158.511836212412,932.9962790697674,1143.7398449612404,722.2170953101362,1579.1169944528492
536,536,406.0976775956284,1452.921106557377,434.5005192107996,1132.172724125995,1539.7017678708685,1057.873686907507,1349.950347222222,1173.11875,734.2487852283771,1147.0550696469063,718.8393305439331,1338.181032078103,458.90499325236163,1475.6458839406207,516.7936654366544,1161.290282902829,932.7236802413273,1146.1215686274509,726.3920301561658,1593.142703284868
537,537,406.6708819714656,1452.1164072632944,427.8272481406355,1140.6636240703176,1534.3841634738185,1059.5180076628353,1344.798789173789,1179.8194444444443,730.6042884990253,1152.348278102664,719.0266434984071,1336.93078482479,455.92166396542405,1474.6069692058347,510.9952061361457,1163.663790348354,932.3989378319275,1148.8959700093721,730.4437443744374,1605.9051905190518
538,538,408.55939524838016,1438.6738660907126,422.1097178683386,1148.496342737722,1529.5170015455951,1061.078567748583,1340.4929078014184,1185.5060283687942,727.5157480314961,1156.9583333333333,719.2854561878952,1336.8226437819933,452.64384678076607,1472.9763651181745,505.30647249190935,1165.9695792880257,932.1445177505498,1151.4197298146403,733.4382222222222,1614.3822222222223
539,539,411.3086032741205,1420.9296412399858,417.80013903371565,1154.717066388599,1524.7305128205128,1062.52,1336.7518037518037,1190.523088023088,724.6235804943219,1161.447227788911,720.3055812519272,1338.0286771507863,450.15892758430067,1471.4723604201215,500.1806735914384,1167.7485048788164,932.0117939168218,1152.8994413407822,735.8800358102059,1621.3225902715606
540,540,412.70588235294116,1406.4259634888438,414.4469160768453,1159.6626221772833,1521.0165142276421,1063.7068089430893,1333.1338303159387,1195.3198438054667,722.1853658536585,1165.1873170731708,720.828729281768,1339.0570902394106,447.21387283236993,1469.5763831544177,495.5047892720307,1169.310025542784,931.8518170426064,1155.5742481203008,737.635352648522,1626.4284460052677
541,541,413.8480840963038,1395.056968463886,411.1063756063756,1164.630284130284,1516.686783804431,1065.10491469315,1329.8198395331874,1199.851203501094,719.7958984375,1168.9397786458333,722.6424462609748,1341.5843172873144,444.74220724515584,1468.1058691378826,491.1075477810171,1170.718172983479,931.7075968992248,1157.857984496124,739.6518518518518,1631.9822222222222
542,542,414.9738955823293,1384.6154618473895,408.6982701264138,1168.2757817697936,1512.4820788530465,1066.4359959037376,1327.0373161105128,1203.6824542518837,717.3339888561127,1172.7007538511962,724.4074418604652,1345.3336434108526,442.7071729957806,1466.9744022503514,487.1738987508218,1171.938527284681,931.5557644110274,1159.9244987468671,741.3144709696434,1636.522546419098
543,543,416.0984159083249,1375.5018537243006,406.1498470948012,1171.9633027522937,1504.376857749469,1067.3495222929937,1324.2225794926758,1207.620578778135,715.2271505376343,1175.7772177419354,725.8410535876476,1347.2225249772935,441.09173789173786,1466.1396011396012,483.8810955243821,1172.9549098196392,931.4549167452088,1162.2076657241596,743.0529839883551,1641.0809315866084
544,544,417.01783944499505,1368.2312520647506,403.81610337972165,1175.508283631544,1488.6502311248073,1067.153826399589,1322.0075026795284,1210.6105752054305,713.2035225048924,1178.8864970645793,726.9698613622664,1348.342073538276,439.44075021312875,1465.1275930662118,480.969195849546,1173.7983138780803,931.496407372696,1163.8466104342392,744.6002351557906,1644.625514403292
545,545,417.8652130822597,1360.9560621076973,401.8978766430738,1178.421300977418,1471.4156378600821,1068.1856995884773,1319.71208869814,1213.868025751073,711.0259403372244,1182.057392996109,728.1502804842042,1349.3876586950103,438.1573761261261,1464.3071509009008,477.0658068783069,1174.9451058201057,931.4909034844279,1165.6746839346283,746.1662237968703,1648.3852967227635
546,546,418.56062075654705,1354.7998706757191,399.8125,1181.982581967213,1456.4275473630312,1069.0547875064003,1317.382174688057,1217.2495543672014,709.565989028719,1184.270409809616,729.1704946996466,1350.1604829210835,436.71396205041066,1463.4097989238176,474.30074942978166,1175.6425545780385,931.5557603686636,1167.227035330261,750.3432282003711,1649.9876314162027
547,547,419.22299077733857,1348.5793807641633,397.9928861788618,1184.7655826558264,1444.106625258799,1069.3263457556934,1315.4171142141065,1219.9817400644467,707.5239960822723,1187.0408096637282,730.6540935672514,1351.2710526315789,435.9141328828829,1462.827421171171,471.5003267973856,1176.450653594771,931.5333333333333,1169.498904538341,755.8293209876543,1648.5830246913579
548,548,419.7677977378576,1343.6986027944113,396.5448652337086,1187.095189355169,1433.3516290726816,1069.537343358396,1313.644371345029,1222.5687134502923,705.9143226640801,1189.5008082767538,731.5748917748917,1351.935064935065,434.6949443016281,1462.0979720079977,468.8950863213811,1177.1294820717133,931.604903786468,1171.3628181253878,761.2096672944131,1645.3515379786566
549,549,420.31126713473753,1338.7686392510866,394.8508678710591,1189.9075451647184,1423.8371327254306,1069.604609929078,1312.0917298663776,1224.866738894908,703.8736426456071,1192.3007568279038,733.0822320117474,1352.9641703377386,433.8018094430308,1461.5122985581002,465.93634840871016,1177.9212730318256,931.7304104477612,1173.1735074626865,764.7374814814815,1642.3739259259257
550,550,420.8304800268546,1334.2379993286338,393.46178010471203,1192.0146596858638,1414.9764411027568,1069.5614035087717,1310.7455197132615,1226.8326164874552,702.4561933534743,1194.2379993286338,734.4396475770925,1353.795007342144,433.10663236134934,1461.044311034877,462.8869294605809,1178.3852005532503,931.8404693942276,1174.975578813828,767.437969924812,1639.7139724310775
551,551,421.40111329404056,1330.6244269810084,391.4365844944623,1195.2172204358699,1406.9089987325729,1069.3984790874524,1309.1426507764534,1229.2719393282773,700.89364461738,1196.3741893644617,735.976474182707,1354.6770546898867,432.57573174197216,1460.6595623756748,456.8536585365854,1177.2177447861434,932.0083876980428,1176.672258465362,769.9804270462633,1637.2227164887306
552,552,421.9807886754297,1326.5699359622513,385.23294858342075,1199.688002798181,1399.3107902735562,1069.2517730496454,1307.8069985569985,1231.344155844156,699.321487331359,1198.505100361961,736.1943919344675,1354.6732829237556,431.678671133445,1459.821608040201,449.32804757185335,1173.3019491245457,932.1208687440982,1178.1032420522504,770.9493127147766,1635.930698739977
553,553,422.57281229124914,1323.2531730126918,373.03222341568204,1208.8073755818116,1392.2870159453303,1069.1359149582383,1306.7436440677966,1232.9375,697.6125584502337,1200.7431529726118,737.3601999375195,1355.394564198688,430.03487429034874,1457.6880237902135,439.6443109776443,1168.9185852519183,932.2073863636364,1179.7155934343432,773.3087287639132,1633.3869361452842
554,554,423.05461767626616,1320.2293942403178,363.6268817204301,1217.5258064516129,1385.6942528735633,1069.01251596424,1305.426680972818,1234.9717453505004,696.4993399339933,1202.3584158415842,737.5015518311608,1355.454065797641,429.0353495679497,1455.1194029850747,430.1607142857143,1165.436507936508,932.395378284267,1181.585311807534,774.968896713615,1630.6963028169014
555,555,423.64958123953096,1316.8569514237854,356.6207021353601,1224.4527687296418,1379.3436933436933,1068.8728308728307,1304.2675390766992,1236.7826245001816,695.4447741510056,1203.7490933069566,738.5158059467918,1355.9333333333334,427.6898367561874,1451.775671406003,422.2515785975407,1163.3416417414421,933.3243827160493,1182.1469135802467,775.333984375,1626.7311197916665
556,556,424.27933333333334,1314.063,350.8219616204691,1230.1528073916134,1373.8404798366512,1068.7309851965288,1303.3037037037036,1238.4119929453261,694.0278897849462,1205.5806451612902,740.8233238004449,1357.324118207817,426.4642953381837,1448.2139585017514,414.32244897959185,1161.475850340136,935.9458097038437,1193.857592942659,774.1773670557717,1620.7026588845654
557,557,424.83918732782365,1311.2778925619834,345.47016011644826,1235.42903930131,1368.1865828092243,1068.5610587002095,1302.3974358974358,1239.9304029304028,690.1015118790497,1206.7602591792656,741.5538656527249,1357.6945500633713,425.4426644182125,1444.924957841484,408.02186948853614,1160.1135802469134,938.475866537091,1210.54713313897,772.4143389199255,1616.086902545003
558,558,425.37738330046017,1309.2833662064431,341.41490857946553,1239.701476793249,1363.0089881869542,1068.493066255778,1298.7005347593583,1242.6053475935828,681.5864509605663,1206.3353555780247,743.0553385416666,1358.5319010416665,424.8113311331133,1442.4051155115512,403.82665330661325,1159.252171008684,939.5207190737354,1222.9856794637415,769.7930607187112,1610.804213135068
559,559,425.9507807196198,1306.8340122199593,337.3517534537726,1243.9326957137796,1358.5649717514123,1068.327170005136,1287.4077134986223,1248.6401515151513,668.5034153005464,1205.7185792349726,743.580259222333,1358.9282153539382,424.1411997736276,1439.608092812677,399.62219959266804,1158.2708757637474,940.6720634920634,1234.413968253968,767.7431279620853,1607.1096366508687
560,560,426.6734417344173,1304.6304200542004,333.5983369486623,1248.0137382501805,1354.1272204806687,1068.1627481713688,1273.3730755460078,1257.4282133906192,658.1183673469387,1205.7748299319728,744.4699074074074,1359.5681216931216,423.6973536036036,1437.4969031531532,395.764390896921,1157.5669344042838,941.8645242596093,1244.6017643352236,765.618135376756,1603.3014048531288
561,561,426.9515019905899,1301.870068765834,330.77871740662437,1251.2315010570824,1348.56462585034,1067.722448979592,1262.6695589298624,1264.9233550253073,649.23794658342,1206.2414151925077,745.8009168303863,1360.3120497707923,423.3465725213298,1435.5363342159458,392.164972899729,1156.916327913279,943.0918660287082,1253.4392344497608,764.4835199004974,1601.2450248756218
562,562,423.9889807162534,1300.5943526170797,327.5436720142602,1255.0613190730837,1339.4862568715641,1066.4890054972514,1253.924095954171,1270.968850698174,641.2644513672551,1206.705780546902,747.7029637029636,1361.2767232767233,423.0562808239048,1433.9585146504205,389.8318812520168,1156.7276540819619,944.2291861552853,1260.7100093545369,763.1310193871169,1598.8586616635396
563,563,416.75528700906347,1304.1779120510237,325.3858350951374,1257.7008456659619,1321.430781129157,1065.4529517916988,1246.2310969116081,1276.272630457934,634.4152777777778,1207.2,748.3660772757039,1361.5130975769482,422.80914918414913,1432.4921328671328,386.9296368352788,1156.3443579766538,945.4525386313466,1268.0633869441817,762.3192319231923,1597.2403240324034
564,564,405.7455621301775,1310.8208415516108,322.9909344490934,1260.523361227336,1304.9600518806744,1065.6482490272374,1239.8229835831546,1280.8187009279084,628.1531346351491,1207.497430626927,748.9046251993619,1361.755980861244,422.650849443468,1430.9835969537198,384.69685292228644,1156.0603725112394,946.5888468809073,1274.4354127284182,760.7624309392265,1594.5776550030694
565,565,395.77906229929346,1316.9348105330764,320.91017543859647,1263.1326315789474,1291.0864767770079,1064.8675904541956,1233.923462088698,1284.9974964234618,622.618846694796,1207.887482419128,750.3737864077669,1362.5521035598704,422.45499419279906,1429.3048780487804,382.0303921568627,1155.7183006535947,947.8202676864245,1280.7759719566602,759.6737852058186,1592.6604766326213
566,566,386.9156159068865,1321.856773359198,318.7517580872011,1265.706047819972,1279.0572597137013,1064.0789877300613,1228.4821173104433,1288.8705293276107,617.5128472222221,1208.2291666666667,751.0589177073326,1362.8133205251359,422.30692488262906,1428.4533450704225,380.42263056092844,1155.6569954867825,948.7305716120744,1285.9110468850351,759.2293939393938,1591.6793939393938
567,567,379.1012578616352,1326.0628930817609,317.2920168067227,1267.833683473389,1268.3335872048742,1063.2627570449354,1223.9092805005214,1292.254431699687,613.0408513559903,1208.4919327154134,751.4263273641218,1362.9148601947848,422.27280550774526,1427.6113023522662,378.1399295549151,1155.3650336215178,949.8844946641556,1291.038606403013,757.8333333333333,1589.3766912669125
568,568,372.7445302445302,1329.2850707850707,315.6099585062241,1270.0653526970955,1258.0603695029924,1062.4218058808221,1219.1513874253599,1295.5981735159817,608.2075146501206,1208.6987245777316,752.6930158730158,1363.542222222222,421.9505957570474,1425.4812554489974,376.6452425960932,1155.281663516068,950.9368318756074,1295.8341431810818,755.9046296296297,1587.8188271604938
569,569,366.4330400782014,1332.4594330400782,313.9443269908386,1272.3653981677237,1248.9199594731508,1061.7532928064843,1215.1879358437934,1298.4536262203624,604.4035998615437,1208.835583246798,753.334279407127,1363.9340901923683,421.95851216022885,1424.6981402002862,374.8314465408805,1155.098427672956,951.8586353248448,1299.9454782892587,747.2262552934059,1585.8442226255293
570,570,361.0716417910448,1335.1671641791045,312.37441943551266,1274.3197570560915,1240.707656612529,1061.0286156225832,1211.7331925378387,1300.9250263991553,600.863938440014,1209.0094438614901,753.9171539961013,1364.2761533463288,421.7286343612335,1423.565932452276,372.6047572499185,1154.865102639296,952.9376770538244,1304.5848284545168,734.3525224388734,1587.9495512225317
571,571,356.7971713275474,1337.4066216650592,311.2868376068376,1276.071794871795,1233.0452107279693,1060.3389527458492,1208.3277835587928,1303.3177245924383,597.5950899031811,1209.039764868603,754.3693609022556,1364.3684210526317,421.719723183391,1423.2136678200693,371.3512132822477,1154.757662835249,953.770178681454,1308.037584719655,724.4602747909199,1590.6394862604539
572,572,352.3223880597015,1339.6371475953565,309.78742937853104,1277.9823446327682,1226.2592012529365,1059.6812842599843,1205.3308080808079,1305.2525252525252,594.113340373108,1209.0665258711722,754.9088591459528,1364.5261312938176,421.50576752440105,1421.4347826086957,369.40758913967943,1154.5034347399412,954.8148880105401,1312.062582345191,716.1213463241806,1593.371715382344
573,573,348.05843293492694,1341.910358565737,308.7084661707403,1279.6078639744953,1219.7129411764706,1059.0928104575162,1202.4331164135936,1307.1532899493852,591.4968152866242,1209.0665251238497,755.7827183853673,1364.9728792179124,421.3420342034203,1420.8130813081307,368.0290141773821,1154.5588526211673,955.5191419141913,1315.3838283828381,709.0425975573428,1596.1438784629133
574,574,345.2341813437704,1343.4755381604696,307.5383244206773,1281.369340463458,1214.029623698959,1058.5593808380036,1199.7089201877934,1309.0028891296495,588.7265320580942,1209.0644704215372,755.6657681940701,1365.366576819407,421.2576160899142,1420.1810115350488,366.17028985507244,1154.3978919631093,956.3731577296958,1318.5073690812167,703.0647903840515,1598.9170331281148
575,575,342.6400131622244,1346.5426127015464,306.3021505376344,1282.9763440860215,1207.673233517205,1058.0007880220646,1196.9974964234618,1310.901287553648,586.3318980983136,1209.0760674560458,758.7066885964912,1369.5433114035086,421.5422106179286,1419.762111981433,370.35776772247357,1147.3384615384616,957.1013384321224,1321.3266411727213,697.7671353251318,1601.6130638547158
576,576,340.9660364145658,1356.551120448179,305.56893004115227,1284.1512345679012,1203.030326394243,1057.5808275507582,1194.745576786978,1312.457891012031,582.5037568306011,1210.1410519125682,763.7508561643835,1378.9825913242007,424.73501303214596,1411.8499855198377,404.46812559467173,1141.3285759594037,957.6887396033269,1324.3883557261674,693.0672514619882,1604.0242690058478
577,577,341.1306901615271,1371.0264317180618,304.7115317209954,1285.6775324220118,1197.4955823293174,1057.0787148594377,1192.6229566453446,1314.009239516702,575.7185486605629,1213.8402848423195,768.284588441331,1387.8403385872737,431.26486013986016,1398.936188811189,437.0179440389294,1133.7922749391728,956.5080545229243,1331.3776332094176,688.5547723935389,1606.5350954478706
578,578,341.26695842450766,1381.3417213712617,303.46423611111106,1287.529513888889,1192.4677462887987,1056.630229419703,1190.9103521878335,1315.2803272856634,566.7940663176264,1219.105410122164,771.9681712962962,1395.1898148148148,435.6760764185914,1388.2318220701454,461.36740740740737,1125.7063703703702,953.2906063462142,1347.7810241910147,684.3153232949513,1609.0658399763802
579,579,341.41902763203916,1389.2994053864986,303.33129667345554,1288.5733197556008,1188.5920436817473,1056.2870514820593,1188.825870646766,1316.7938877043352,559.9229979466119,1222.8963039014375,774.8313183649971,1401.3793897524467,438.961316872428,1379.5528120713304,483.1231816774992,1117.1822965026306,951.5791366906475,1365.173261390887,681.0358485111303,1610.9404452153801
580,580,341.75155279503105,1396.5,302.56378600823047,1290.04561042524,1184.2083333333333,1055.8779008438817,1187.1863799283153,1318.0304659498206,553.5765582655825,1226.5386178861788,777.1121602288983,1406.767381974249,442.22047026279387,1371.2979253112032,499.04558680892336,1109.5732298739088,950.2218236173393,1379.0681614349776,677.6999416228838,1612.9530064214828
581,581,342.1971104231166,1402.8517371861024,301.9979402677652,1291.2087195331271,1180.1779752288637,1055.5611200861604,1185.6484458735263,1319.2422293676314,547.8296684118674,1229.8841186736474,779.2020547945206,1412.0117009132418,444.7834429824561,1364.2310855263158,512.5315401857188,1102.0390650016009,949.0512137359383,1391.112492599171,674.3605501902254,1615.033655253146
582,582,342.5262249827467,1408.712215320911,300.70625,1292.8416666666667,1176.1662624629478,1055.2029102667746,1183.9347747747745,1320.486126126126,542.7612369651205,1233.0880978065443,781.0609791849897,1417.1251832307241,447.6519399603511,1356.6632681959784,523.219165085389,1095.4086021505375,947.8179903730445,1402.4801444043321,671.5777582159624,1616.776115023474
583,583,342.83266129032256,1413.3061155913977,300.13394683026587,1294.0552147239264,1173.0742483660129,1054.9945098039216,1182.882873319179,1321.6684359518754,539.6407369498464,1235.092459911293,782.7786324786325,1421.4438746438746,449.66693922049603,1351.3513218860724,532.5658627087198,1089.5983302411873,946.8115942028985,1411.8285024154588,669.0671441360788,1618.515666965085
584,584,343.0202124015073,1418.4659129838985,299.2714235746764,1295.8377054914306,1170.0634666666665,1054.6965333333333,1181.6380153738642,1323.2487770789658,535.393061516452,1237.9281115879828,784.0393518518517,1425.2077546296296,451.8929460580913,1345.407745504841,541.7644276253548,1083.505834121728,945.8621853898096,1420.6500920810313,664.9215859030837,1623.349779735683
585,585,343.28797043010746,1422.1310483870968,299.0743012951601,1296.8749147920926,1166.3988627132412,1054.4860546980774,1180.096125730994,1330.4144736842106,532.3127615062762,1239.958158995816,785.3602430555555,1429.0844907407406,458.3502222222222,1337.619259259259,549.1130198915009,1078.84388185654,945.0085626911314,1428.859633027523,662.7514792899408,1631.7974077204847
586,586,343.55555555555554,1426.0725490196078,298.65103635745834,1298.1627590893645,1163.4523998939271,1054.2211614956245,1180.259547645532,1339.4905450500555,528.7992264416315,1242.1930379746836,786.5201624601102,1432.6199593849724,475.08397381155703,1329.8118417307144,555.6568717477808,1074.1815120906028,944.3628614916286,1435.5838660578386,662.0539682539682,1641.8453102453102
587,587,343.7136197136197,1429.4212454212452,297.9283005860048,1299.7804205446396,1161.8628041133684,1054.667168296965,1181.054748603352,1345.547858472998,525.4947589098532,1244.329140461216,787.6055936073059,1435.8404680365295,492.71607971607966,1321.2345072345072,558.1348781937016,1071.184789067142,943.5452029520295,1441.7183271832716,662.0241674034777,1650.3852048334807
588,588,343.95448592010473,1432.9037328094303,298.00033534540574,1300.6545942320588,1154.6999220576772,1057.2618862042088,1181.830502076255,1351.088335220838,523.1768778123918,1245.816891658013,788.8384013900956,1439.5690703735881,507.6823085221143,1314.6326860841425,561.3619702176403,1067.9536082474226,942.9441391941392,1446.1407203907202,662.2932287125835,1657.3382737576285
589,589,349.2262164124909,1441.0671750181552,298.87684210526317,1302.8912280701752,1142.4645445134574,1066.6819358178054,1182.5811676082863,1355.1423728813559,520.4154488517745,1247.6499652052887,789.6071741032371,1442.1332750072906,521.5290202342917,1309.6198083067093,566.242551995503,1063.158516020236,942.262962962963,1451.4092592592592,662.6507122507122,1662.7296296296295
590,590,361.5946327683616,1453.4742231638415,305.94305404425097,1301.2477330431627,1132.5502525252525,1075.0512626262625,1183.339387060159,1358.8846008323874,517.625267665953,1249.5603140613846,790.5219638242894,1444.703990812518,533.7110931610123,1305.4816908992998,573.1364902506964,1057.7514701330856,941.6744042092231,1455.858248220365,663.20132297958,1668.1412136899626
591,591,371.601592246452,1465.6542056074766,319.7637401855817,1295.433618843683,1123.630623912503,1082.748943574447,1184.2633602460592,1362.5517108804306,515.2936681222708,1251.0516739446869,791.3892835997631,1447.799585553582,544.8550842849374,1301.8711256117456,577.7293209876543,1054.4175925925927,941.0888474681577,1460.9453246349797,663.8153980752406,1673.3619130941963
592,592,378.5013745704467,1476.3109965635738,336.8781362007168,1288.9412186379927,1116.400147928994,1089.0505424063115,1185.0065814943864,1365.5183894696088,512.734438305709,1252.705709023941,792.3972272453284,1451.4752863170584,554.3023944040893,1298.950228679042,581.6402457757296,1051.5185867895543,940.5763239875389,1464.6239875389406,664.3140520011685,1677.3102541630149
593,593,384.001332001332,1486.0675990675988,350.66375863322423,1284.1105052708106,1110.7413466097676,1094.4262683736367,1185.8086560364466,1368.067957479119,510.8814814814815,1254.1029982363316,793.262361838278,1454.0276323443861,563.2937583001328,1296.1529880478088,589.3287760416666,1046.9488932291665,940.128181539405,1468.2879484820608,665.0032220269478,1681.4513766842413
594,594,388.48668688911357,1494.3255813953488,361.0036036036036,1279.6803603603603,1104.1245666171371,1100.6604754829123,1186.6301843317972,1370.7188940092167,508.3766997427416,1255.7644248438073,793.7243018419489,1456.2430184194889,570.9864649681529,1293.615711252654,596.2781499202551,1041.6784688995215,939.8672811059907,1471.7145929339476,665.479811376363,1685.1175950486295
595,595,392.7527638190955,1502.0087102177554,369.7280411613377,1275.7081955163542,1099.9622552488793,1104.8544468034913,1187.4511627906977,1373.2333333333331,506.38295577130526,1257.1614527148506,794.1571386690119,1457.8522427440632,578.675911251981,1290.9910195456946,601.3145186578864,1037.4192536845405,939.2734567901234,1475.1555555555556,665.9358413531642,1688.0801983085446
596,596,397.22871794871793,1509.3391452991452,377.45468164794005,1272.0314606741574,1094.6462430660615,1109.7675239536056,1188.3348873348873,1375.5392385392383,504.4416017797553,1258.6036336670372,794.1023622047244,1463.331583552056,585.4381634819532,1288.593949044586,606.0900649953575,1033.1358712472918,938.7478233830846,1478.546330845771,666.5447010065127,1691.764357608052
597,597,400.5687458081824,1515.028839704896,383.60869565217394,1269.4232627276103,1090.2273603082851,1114.4137764932561,1189.0601851851852,1377.528549382716,503.28057040998215,1259.4698752228164,791.2544004400439,1473.6886688668865,591.8690476190476,1287.0473602484471,609.3533923303834,1030.0607669616518,938.4146118721461,1481.4733637747336,667.0243690165361,1694.2497824194952
598,598,403.680981595092,1520.2137014314928,390.03746620316724,1266.5314793356506,1087.6804536357572,1117.332888592395,1189.7264367816092,1379.3168582375476,501.01874310915105,1261.0951855935316,787.4848226950354,1488.3548936170214,608.6946308724832,1287.5506152125279,612.1813679975239,1027.11234911792,938.1812059993878,1484.4842363024181,667.5481347773766,1697.5998796630565
599,599,406.88165479823664,1525.2706002034588,394.8905247263118,1264.3178557946394,1082.7642576204523,1121.8458702064897,1190.3638470451913,1381.008111239861,499.8452123830093,1261.9650827933763,784.8560801144491,1500.1204577968526,625.6710562414265,1289.150891632373,614.587045813586,1024.88214849921,937.9851784633998,1486.6370235934664,668.0662020905924,1699.753193960511
600,600,409.06015287470916,1528.846128281821,399.7079402515723,1262.0298742138364,1079.3144654088048,1125.4246540880501,1191.0976814899277,1382.853287723299,498.3072463768116,1262.9590579710143,782.5155367231638,1509.6107344632767,639.5242474916388,1289.9891304347825,615.5540150202195,1024.2928942807625,937.5270890725436,1489.5374961738598,668.4595782073814,1702.4633860574106
601,601,411.68747901980527,1532.7193689157434,403.50514285714286,1260.2262857142857,1076.4889380530974,1128.654867256637,1191.5891296085138,1384.0900798175599,496.80221745350497,1264.0858369098712,780.1463136920011,1518.8770281810419,651.4907255864703,1290.8251500272777,622.6718135028761,1024.5879503481683,937.2872727272727,1491.900606060606,668.9976525821595,1704.9266431924882
602,602,414.1215764863059,1536.1606546426185,407.4223013048636,1258.3222617635427,1073.438137913866,1131.7630072193178,1192.451749327182,1386.0130718954247,495.13440860215053,1265.191039426523,777.9763532763532,1526.6475783475782,662.3141919606235,1291.7309269893356,630.3361931998728,1041.6523673339689,936.953544494721,1494.662745098039,669.3598820058996,1707.0262536873156
603,603,415.9962850388382,1538.8605200945626,411.0893429487179,1256.4399038461538,1070.2309267793137,1135.247311827957,1193.1178061027424,1387.386249517188,493.67151379567485,1266.2710663683818,776.0324637681159,1533.4217391304348,671.9385382059801,1292.515780730897,642.1727192205492,1059.9123117803365,936.7153799019607,1496.8820465686274,669.8109407874962,1709.5085662759243
604,604,417.6781722550953,1541.0443786982248,413.6839418924224,1255.1303494307026,1067.7367613200306,1138.0969557431567,1193.9017584097858,1389.1341743119267,492.1693989071038,1267.3555555555554,774.2254318889833,1539.793826111583,679.9364177489177,1293.2835497835497,654.8697773711497,1079.1509606587374,936.5644042232277,1498.949019607843,670.2487605715952,1711.0629921259842
605,605,419.51777330650566,1543.6250838363515,416.14969135802465,1253.8086419753085,1065.1201550387598,1140.862015503876,1194.4146341463415,1390.4684475416182,490.5187308868501,1268.6804281345565,772.352806414662,1546.066151202749,688.5252112292177,1293.8773507767785,666.6974969474969,1096.5775335775334,936.3036363636363,1501.2551515151513,670.6958702064896,1713.2047197640118
606,606,421.14395457581827,1545.574482297929,418.7524831148192,1252.4807310290028,1062.8294804871985,1143.6022868506088,1194.994617454825,1391.7270280661282,489.54053030303027,1269.3920454545455,770.7923544743701,1551.2125687807702,696.6352777777777,1294.4241666666667,677.7364341085271,1110.6678592725102,937.1750219876869,1502.0275579009087,671.0516473731077,1714.9165924606707
607,607,422.49469847581173,1547.4171636845592,421.3337125521426,1251.2836556693212,1061.0423600605143,1145.5410993444275,1195.4761388286333,1391.409255242227,488.2203065134099,1270.5567049808428,769.4041772509172,1556.191927744849,703.3508916323731,1294.556378600823,686.9178445229682,1122.874558303887,940.0068280571073,1514.088764742396,671.5618374558304,1717.2532391048292
608,608,423.89261083743844,1548.990476190476,423.5364823348694,1250.102534562212,1058.6955743156816,1148.302123305193,1202.0496613995485,1399.3051166290443,487.1332569683085,1271.447117220313,767.9416099773242,1561.2123015873015,710.0175292153589,1294.627434613244,695.083038869258,1133.7473498233217,946.7034358047016,1528.9454490657022,671.8768115942029,1718.7910144927534
609,609,425.17241379310343,1550.432512315271,425.8792772010765,1248.8592848904268,1058.1645909645908,1149.4798534798535,1211.609375,1410.997767857143,486.73599137931035,1275.6627155172414,766.601584606678,1565.748726655348,716.0740432612313,1294.3865779256794,702.2329210836277,1143.3751472320375,951.7618192698981,1540.5840813883901,672.4231111111111,1720.6444444444444
610,610,426.49143610013175,1552.0540184453225,427.88421828908554,1247.443215339233,1055.4559300873907,1155.2262172284645,1218.5941375422774,1421.6925967681323,484.9386457164235,1291.9592218481105,765.4115156646909,1569.7516229184305,721.8459197786998,1294.2196403872751,708.7387543252595,1152.430795847751,956.1787003610108,1550.6074007220216,672.6748538011695,1721.8880116959065
611,611,427.7238001958864,1553.3297420829251,434.5555555555555,1238.343010752688,1055.498352553542,1166.375343218012,1224.675696012039,1430.8457486832203,481.74915635545557,1306.5373078365203,764.2457719585378,1574.1252045826513,726.9332772638071,1293.8749649565461,714.2307025151778,1160.1910956923966,960.2342995169081,1559.4507850241544,673.1578947368421,1723.7743086529883
612,612,428.72264150943397,1553.794968553459,447.4375,1226.026515151515,1058.042294475284,1178.193497224425,1229.8418079096045,1438.382297551789,478.37931034482756,1318.2632183908047,763.1304597701148,1577.771264367816,732.3813131313132,1293.465768799102,719.3844346549191,1167.4419970631423,964.0854779411765,1567.375612745098,673.2748956469886,1726.8649373881933
613,613,437.4075993091537,1559.4134715025907,458.0814564564564,1218.4421921921921,1060.4150197628458,1187.6648221343874,1234.3779026217228,1444.8760299625467,475.5136314067612,1327.3638676844782,762.0943722943723,1581.1691197691198,736.7909270216962,1293.1403212172443,724.3229813664597,1174.5087252292221,967.5364341085271,1574.317519379845,671.7843137254902,1743.3155637254902
614,614,452.962037962038,1566.7156177156176,467.08,1212.4240740740738,1061.7720728063025,1193.029611518609,1238.494960806271,1450.656215005599,472.951912568306,1335.6648451730418,761.2003985197837,1584.7196128664957,741.3915254237288,1292.7466101694915,728.3635571054926,1180.205463528044,970.8649556981361,1580.8056828597616,673.4126984126984,1762.7607289829512
615,615,464.76286579212916,1573.7716111671712,474.42937853107344,1207.4952919020716,1064.3575225943646,1200.9901648059542,1242.5397363465158,1456.274199623352,470.776250880902,1342.4552501761802,760.339336763865,1587.913093196112,746.2414675767918,1292.3566552901025,732.3517382413087,1185.894829097283,973.8790146554412,1586.6682257561583,675.1047366872609,1779.4916151809355
616,616,474.0768463073852,1579.810379241517,483.15494040753555,1206.1068819684735,1066.8697874630077,1208.0255582458972,1245.8031166856708,1460.7160775370583,468.8677192982456,1348.9550877192983,759.5066215835446,1591.1704705550858,750.1805792163543,1291.9761499148212,736.1513002364065,1191.0960401891252,976.6576994434138,1591.930117501546,676.3007985803017,1793.5856255545696
617,617,481.14359974009096,1584.5396361273554,501.7461419753086,1217.6975308641975,1068.340271995559,1212.4449070219262,1248.8604474781948,1464.8327645051195,471.1118669690098,1357.8877551020407,758.7081159420289,1594.2286956521739,753.5730027548209,1292.3936639118456,739.9976040730756,1196.284516322252,979.1089324618735,1596.542794895736,677.2961995938497,1804.7963446475196
618,618,488.671563826314,1589.7691805419522,521.5726299694189,1229.0886850152904,1070.342077371489,1217.761261261261,1251.8703703703702,1468.8597883597884,479.3403392330383,1367.953908554572,758.1487889273357,1596.538062283737,765.8886039886039,1295.9376068376068,743.1985443959243,1200.6625909752545,981.6051899907321,1601.1686746987953,678.319123741859,1815.9029011249258
619,619,494.9127296587926,1594.3041338582677,535.9880815071126,1239.4294502114572,1072.4482384823848,1223.1867208672086,1254.6099129776767,1472.5406734771093,487.9016759776536,1378.5154562383611,757.4473684210526,1599.5622807017544,783.6057500711642,1300.7970395673212,746.8006535947711,1205.375816993464,983.9468779123952,1605.4066480273377,679.2365207030086,1825.5567470956212
620,620,500.7579326136735,1598.410533202486,546.3711952487008,1248.4495174461765,1074.151242151242,1227.4651924651926,1257.2031782065835,1475.8751418842226,494.56526429341966,1387.42071197411,757.0722689075631,1601.6854341736694,798.2345679012345,1303.464254952627,749.9718268090154,1209.358837485172,986.0667290302463,1609.1375116931713,680.1375519904931,1833.8980986333927
621,621,505.9847732538894,1602.279046673287,554.7368995633187,1256.2714701601162,1075.6056680161944,1231.1765182186234,1259.5492903720751,1478.9505178365937,499.78002842928214,1394.638592750533,756.4230430958663,1604.2336558194077,810.4564102564102,1306.0447293447294,752.6243961352657,1212.4604468599034,988.294930875576,1613.1090629800306,680.8974358974358,1841.7966607036374
622,622,511.0365974282888,1606.0791295746785,562.089519650655,1263.353711790393,1077.1262057877814,1234.9552518756698,1261.7298039215686,1481.739607843137,504.81532976827094,1401.4292335115863,755.9698535745048,1606.5228251507322,822.0429832052376,1308.8360375747225,755.2536873156342,1215.74808259587,990.3116883116883,1616.773036487322,681.6219439475253,1849.211389385808
623,623,515.2148371936892,1609.3001007049345,568.1872046528534,1268.8447837150125,1078.4754981152396,1238.101238556812,1263.7518136693393,1484.295532646048,509.5664884135472,1407.8,755.5647743813682,1608.5106259097524,832.0900201322979,1311.1949956859362,757.7610671357372,1218.7440633245383,992.268156424581,1620.1672873991308,682.3022498519833,1855.795441089402
624,624,519.183282980866,1612.3920778784827,573.7247474747475,1273.801948051948,1080.1867862969004,1242.0750407830342,1265.8368298368298,1486.8438228438229,513.4622641509434,1412.938504542278,755.0292397660818,1611.211403508772,841.5861967694566,1313.398825256975,760.5164737310774,1221.9424161472245,993.9959349593495,1623.1063164477798,683.0060060060059,1862.3879879879878
625,625,523.2548223350254,1615.6067681895092,578.5839708561019,1278.2131147540983,1081.9003322259136,1245.9789590254704,1267.2759022118744,1489.4388824214202,517.6297887576083,1418.3523093447905,754.678836449985,1613.0875630750963,850.5531466425774,1315.442637759711,763.241369047619,1225.1166666666666,995.8072965388213,1626.2319925163704,683.5386715195632,1867.869881710646
626,626,526.5751028806584,1618.4794238683128,582.8784875183553,1282.119676945668,1083.0336923501793,1248.680475006904,1267.5587371512481,1494.2129221732746,521.224031849439,1423.1172638436483,753.9536156727168,1615.2705272255835,857.5832593907128,1317.0490979000294,767.6510738452486,1228.9799941159163,997.314953271028,1628.9669781931464,684.0346715328467,1873.4963503649635
627,627,530.012114918657,1621.0986500519211,586.8369330453563,1285.625629949604,1084.0264377214498,1250.872717361679,1267.5288534548215,1507.807137433561,524.7651515151515,1427.6352813852814,749.1345278725825,1622.0918657565414,864.9069016152716,1318.657268722467,781.1436881908086,1234.8798720186155,999.0182734719596,1631.8437303087585,684.5349048050771,1878.582048957389
628,628,532.8328308207705,1623.4646566164154,590.7368610511159,1288.8952483801295,1085.145539906103,1253.2711958022644,1267.032634032634,1520.926961926962,527.7909967845659,1431.4698106466594,741.5148210290828,1632.0847315436242,871.5608974358973,1320.1655011655012,803.2455343627005,1245.7078413563427,1001.1121212121211,1633.2987878787878,685.0286317058468,1883.210970464135
629,629,535.5495314591699,1625.6077643908968,594.4202898550724,1292.281884057971,1086.3336076817557,1255.8899862825788,1266.8905472636814,1531.187523918867,530.610816542948,1435.1410392364794,735.0503617139676,1641.9652198107958,877.6965217391304,1321.4855072463768,822.8096090719188,1254.4995523724263,1014.3635220125785,1640.8207547169811,685.4446455505279,1887.7638009049774
630,630,538.3991769547325,1627.9969135802469,597.5132512131391,1295.0179171332586,1087.3897692521546,1258.2705031971086,1266.6376638855781,1539.9312673818035,533.6092081031308,1439.230570902394,729.2643879637744,1651.1530820917324,884.1906920519793,1322.9084315503173,839.1102028458976,1260.636996669694,1032.0158576051779,1648.1055016181228,685.8464174454829,1892.3031152647975
631,631,541.0037037037036,1630.0969696969696,600.4711257309941,1297.4967105263158,1088.1952224052718,1259.9404173531025,1266.4528735632184,1547.2536398467432,536.0208775654635,1442.3676574663834,724.6382673551348,1658.107286288009,888.7661647475642,1324.3108945969884,854.3378787878787,1266.000303030303,1045.1162280701753,1654.4279448621553,686.1976885644768,1896.0568734793187
632,632,542.5408261287224,1632.6567403138006,602.8967997123336,1299.4135203164328,1089.1066226985436,1261.7949986259962,1266.289871504157,1553.8510959939529,538.6154393454286,1446.1543934542865,720.3818547229399,1664.4938271604938,900.2892289228922,1329.060306030603,867.4229260935142,1270.2859728506787,1056.3791821561338,1659.5644361833952,686.4523386619301,1899.846950858496
633,633,544.9614271938284,1641.9996785599485,605.5881081081081,1301.571171171171,1090.2294264339153,1264.0526461623717,1266.0238095238096,1559.8295540438396,540.8008658008658,1449.262987012987,716.6926857473258,1669.926568372362,917.8218085106383,1335.126182033097,878.9566820276498,1273.8347158218126,1066.3261480787255,1664.091846298032,686.9200726612171,1903.7057220708448
634,634,546.2567783094098,1654.7362041467304,607.9246501614639,1303.448869752422,1091.0686683347233,1265.8509869335558,1265.9159125188535,1565.654600301659,542.6207755247243,1452.041977943792,713.4220338983051,1674.3723163841807,935.575783721599,1340.4912280701753,889.3448171653067,1276.8869749168932,1075.560750636132,1667.917302798982,687.2254196642685,1907.087529976019
635,635,547.3226515865535,1665.507068803016,610.1643344097596,1305.1001076426264,1091.9686274509802,1267.6308123249298,1265.8427177177177,1570.6629129129128,544.8126573175117,1455.3559870550162,709.7801047120419,1679.6268179173937,951.3827160493826,1346.4915824915824,898.5051797684339,1279.3443022547226,1083.6430395913153,1671.1673052362705,687.483630952381,1910.4184523809522
636,636,548.0733396285804,1674.5228202706955,612.7678110003691,1307.2897748246585,1092.767258382643,1269.2361228515074,1265.6113007205156,1575.452787258248,546.6296296296297,1458.368554829339,706.6177583697233,1683.8553129548761,964.3600337268128,1351.0331646992693,907.8849698125198,1281.9354941213853,1091.3257142857142,1674.1336507936508,689.0138248847926,1917.721658986175
637,637,548.6122887864823,1682.0147465437788,614.6362007168458,1308.5648745519713,1093.5203594495927,1270.8390901432183,1265.568225009502,1580.0687951349296,547.8395588758449,1460.4820348630378,704.0150868203814,1687.5212069456304,976.3070102521474,1355.0313106123579,916.249695863747,1284.2454379562043,1098.2505614372794,1676.791786974655,690.2357575757575,1936.211515151515
638,638,548.9470319634703,1688.1808219178083,616.7863901018922,1310.2106986899564,1094.2538354253834,1272.18940027894,1265.598562239879,1584.2164207340143,549.4872348076232,1463.1826681049981,701.0849785407726,1691.5453505007151,986.7459922609175,1358.4032614704256,923.9529993815707,1286.1447124304268,1104.3618042226487,1678.9856046065258,689.6410021387106,1958.5123739688358
639,639,549.0720887245841,1694.645717806531,618.8417835311038,1311.7766990291261,1095.431185361973,1272.8350570140544,1265.5618063528511,1588.0199004975123,550.3197211155378,1464.1258300132802,698.430950330175,1695.0111972437553,996.5977107761026,1361.5647682858737,930.177798392084,1287.7495361781075,1110.1081167789541,1681.053577157523,689.9482657260435,1976.3142269253378
640,640,549.2191185599006,1700.738050900062,620.8758521707929,1313.2185145317546,1104.3719298245614,1281.501754385965,1265.5443283004256,1591.7355787843592,555.9542342342341,1469.1809009009007,696.1372380132069,1698.190066035027,1005.1906744379684,1364.4329725228977,936.8339472068753,1289.477593615715,1115.4217363751584,1682.9252217997464,689.7711790393013,1992.804366812227
641,641,549.3197026022304,1705.4095415117717,622.9321401938851,1314.8583146905294,1114.8940609951846,1290.3469769930443,1265.5892926924578,1594.976553341149,565.4294590643275,1475.8044590643274,693.7227663995251,1701.517661027011,1013.7788242009132,1367.033105022831,942.6747739320236,1290.977549111319,1120.8815319701396,1684.829276209023,689.3102400486174,2006.7085992099662
642,642,549.35101010101,1710.7585227272727,620.654231433506,1312.4853195164076,1123.7473711882228,1298.6929547844372,1265.6824298346787,1598.152249134948,573.2758377425043,1482.510758377425,691.8115440115439,1704.1740259740259,1020.9488700564971,1369.262429378531,948.785692816351,1292.5602645025547,1125.0115273775216,1686.1546589817483,689.0837854128993,2018.9553948161542
643,643,549.4530714062987,1714.5550358590583,618.3140954495005,1312.5608583055864,1131.1683876092136,1305.6258935663225,1265.7188708430006,1601.520494972931,579.6432809773123,1488.7141361256545,689.9026826484018,1706.7220319634703,1024.1698212407991,1370.4815983175604,954.1644736842105,1293.8621553884711,1129.8452950558212,1687.7738437001594,688.8554360812425,2029.8204898446832
644,644,549.5523543990085,1718.5824039653035,618.8668300653594,1314.1323529411766,1137.9293248945146,1311.8583860759493,1265.8577878103838,1604.2355154251316,584.835564709921,1493.9979402677652,688.1924281241104,1708.9658411614005,1028.7535864978902,1371.4191279887482,959.3719362745097,1295.2564338235295,1133.7564966313764,1689.1119666345844,688.5929256594724,2039.6163069544361
645,645,549.5422138836773,1722.9762351469667,621.3930735930735,1315.5489177489178,1144.2875235785502,1317.5451360819186,1265.9308103975534,1607.359709480122,589.9498587570621,1498.9452683615818,686.3855763770584,1711.2819420783646,1030.5100229095074,1371.9072164948454,964.1439950980391,1296.4574142156862,1137.9194068343004,1690.4013539651837,688.3573381950774,2048.373746581586
646,646,549.6273569830616,1726.1728986896771,624.2081650964558,1316.5150291610587,1149.9301075268816,1322.4889784946236,1266.0362811791383,1609.457671957672,594.6709401709402,1503.6438746438744,684.8934590117109,1713.5526992287919,1033.2739685366575,1374.5283466904125,969.1244648318042,1297.71498470948,1141.7176508551145,1691.597934817683,688.17661463116,2056.8255280073463
647,647,549.6103646833013,1729.6567498400511,626.9897367246765,1317.1740294511378,1155.4490180252892,1327.2598870056497,1266.0853333333332,1611.8377142857144,598.459430979979,1507.520899192132,683.2813218390804,1715.7439655172413,1034.3578517221247,1376.3867483946292,973.2965663931935,1298.8271042236402,1145.4239513288503,1692.8366954851106,688.0545343137254,2064.5104166666665
648,648,551.2513556618819,1733.988197767145,629.2120792992162,1317.6943291839557,1160.3075891659962,1331.3748994368464,1266.2112994350282,1613.9864406779661,601.955223880597,1511.0302061122957,681.6736231884057,1718.0347826086957,1035.691586045148,1379.7660510114335,977.2041511771994,1299.7834572490706,1149.283486238532,1696.3262996941894,687.9702271332105,2071.2529158993248
649,649,557.9847303443794,1751.466211825861,629.8314763231198,1317.915506035283,1165.0403794037938,1335.3338753387532,1266.2600896860986,1616.1128550074736,605.3411264612115,1514.299681190223,680.4666666666667,1719.8424242424242,1036.9836214740674,1384.0685471640884,981.3701431492842,1300.876716330704,1159.3499520613614,1708.4368807925853,687.849744052996,2077.651309846432
650,650,563.5293551491819,1767.018607635547,628.7926330150068,1318.1396089131422,1169.615786578658,1339.074807480748,1266.41797752809,1618.1760299625466,608.4757383966245,1517.2939521800279,679.1532001158413,1721.638864755285,1037.7308394160584,1385.5383211678832,985.6392857142857,1301.9395833333333,1168.5043290043288,1720.4616573902288,687.7597173144876,2083.1896348645464
651,651,567.5156398104266,1780.0938388625593,630.5877068557919,1318.6505910165483,1173.3290391841115,1342.1352657004832,1266.6711915535443,1620.4283559577675,611.3808525506638,1520.165967854647,678.0724885844749,1723.2748287671234,1038.1895794099182,1386.0310734463276,989.2428439519853,1302.7648507232993,1177.1044444444442,1731.6241269841269,687.6223241590213,2089.398470948012
652,652,571.2121776949363,1791.5256290773532,631.9216809933142,1319.1298949379177,1177.4650845608292,1345.4713584288052,1266.8793103448277,1622.766283524904,614.1941747572815,1522.8561668464579,676.8235463442717,1725.1252158894647,1038.9984276729558,1387.6270440251571,992.0919963201472,1303.540631708065,1183.814465408805,1740.5735849056605,687.5598526703499,2094.9306322897482
653,653,574.6007010834926,1802.1927979604843,633.165903307888,1319.655979643766,1180.8817829457364,1348.2558139534883,1266.9602623456788,1624.1558641975307,616.9287026828371,1525.3847850055126,675.6283763728109,1726.8165627782726,1039.701354476379,1388.1724479682855,995.5051797684338,1304.4360146252286,1189.4442338072668,1748.5225908372827,687.4608668537574,2099.761459307764
654,654,577.1860611794386,1810.8508356985178,633.0046728971963,1319.7128764278295,1183.9687584895407,1350.6329801684324,1267.054726368159,1625.6444699579026,619.7427416391032,1528.0113928702683,674.7759324009323,1728.3324592074591,1041.3966514459664,1391.359208523592,998.8599078341014,1305.331797235023,1194.4548316021403,1755.717028643374,687.3758020164986,2104.388023220287
655,655,579.583411875589,1818.9736098020735,633.1557054525014,1319.7374929735806,1187.0649137222679,1353.0840865516295,1267.1454545454546,1627.158712121212,619.9846743295018,1528.7042842215255,673.7582098227259,1729.9032258064517,1042.1863262910797,1392.8820422535211,1001.3956927033107,1305.8097074895531,1198.9159611163373,1762.2000627155846,687.2987767584098,2109.0373088685014
656,656,581.6789772727273,1826.5565025252524,633.2847341337907,1319.8158947970269,1190.436829066887,1355.654004954583,1267.2954975406733,1628.558834657586,621.5491831769203,1531.7229753215154,672.7633744855967,1731.4462081128747,1042.7230982019364,1394.8273858921161,1004.0188221007892,1306.6976320582878,1202.8197857592943,1767.929111531191,687.291705498602,2113.5806150978565
657,657,583.5138086062941,1833.5902376364802,634.2955865272937,1320.3379790940767,1194.2648363838048,1358.6968940654463,1267.5984162895927,1630.206636500754,621.5991174473862,1534.225050916497,672.051214515657,1732.790166812994,1040.9482225656877,1397.7658423493044,1004.528869047619,1306.9574404761904,1206.6276163698842,1773.5476413620743,687.2807668521954,2117.4233147804575
658,658,585.1406844106464,1839.7544359949302,638.6020473448496,1322.2853486884196,1196.3726622662266,1360.2480748074806,1267.7127859017621,1631.1837270341207,621.1022044088177,1537.4819639278558,671.1192341166231,1734.3333333333333,1031.8508625486922,1413.0826377295493,1009.2474059662775,1308.006485084306,1210.0262417994377,1778.5707591377695,687.2839165131982,2121.1700429711477
659,659,586.6315280464216,1845.6099290780141,642.6078971533517,1324.422865013774,1198.0904878713545,1361.5821749795584,1267.889519485433,1632.733257661748,620.0272944387581,1540.5585124530876,670.4688228438227,1735.5203962703963,1024.5150992234685,1429.9102674719586,1010.0252792475013,1308.3877131099352,1213.378674171357,1783.3736710444027,687.2695895522388,2124.8560323383085
660,660,587.7813000320205,1850.4181876400896,646.0190880169671,1327.4068575468361,1200.5676113360323,1363.5060728744938,1268.013856812933,1634.0604311008467,619.0903839619435,1542.521576622494,669.5688342120679,1737.1575864089045,1020.8527574028795,1443.281173594132,1013.9015576323986,1309.2619937694703,1216.3155763239874,1787.5984423676011,687.2280211245728,2128.0559179869524
661,661,589.035922330097,1855.653074433657,652.7151162790698,1334.1453488372092,1202.8773377337734,1365.2728272827283,1268.5122390208783,1634.0698344132468,617.4633699633699,1546.547985347985,668.875182268883,1738.4246135899677,1018.2659688674181,1454.9253891572732,1015.2334828101643,1309.6502242152467,1219.147352024922,1791.6557632398753,687.2806531115218,2131.2932840418976
662,662,590.17578125,1860.3414713541665,657.8525714285714,1338.5805714285714,1204.9700748129676,1366.785813244666,1270.69826937547,1642.9115876598944,616.1121109861267,1550.3325834270715,668.3607184923438,1739.476148409894,1016.1869460112812,1465.3529411764705,1016.4898856640282,1310.042802697156,1221.821439604572,1795.3935742971887,687.2932960893854,2134.7079453755427
663,663,591.137842190016,1864.3565217391304,662.2258672699849,1342.2458521870285,1206.8196271929824,1368.2420504385964,1272.6269390843738,1656.4903518728718,613.6513859275053,1555.4026297085998,668.0890067786619,1740.6790450928381,1014.6256368999731,1474.0565835344596,1019.1675708257986,1310.6940928270042,1224.2719135802467,1799.0163580246913,687.2567650676506,2137.6057810578104
664,664,592.0846613545817,1868.769588313413,665.9699047619047,1345.2537142857143,1209.1017279821626,1369.9646042363433,1273.3005952380952,1667.7853422619046,611.2964181286549,1569.267909356725,668.3441538923955,1741.2064923354374,1013.2432210353328,1482.5554642563682,1020.5552560646901,1311.1138065289008,1226.7647243107767,1802.5238095238094,686.3910860012554,2142.7244193345887
665,665,593.0202415932092,1872.3692458374144,669.1785168195718,1347.742354740061,1210.9384359401,1371.2886855241265,1274.6297101449275,1677.535144927536,610.067361111111,1586.1395833333333,668.390724637681,1741.3666666666666,1012.1514653519583,1489.861133935908,1023.059844404548,1311.6514063435068,1229.1192032368501,1805.732337379396,677.0489554100404,2160.8076083567194
666,666,593.7265880812049,1875.5920104780614,672.6134549600912,1350.513492968453,1212.6498881431767,1372.5903243847874,1275.9327485380115,1685.9894005847952,605.0978147762747,1601.420395421436,668.1098451650598,1742.115395851592,1011.7661732456139,1496.3177083333333,1025.0777279521674,1312.064275037369,1231.3516279069768,1808.8120930232558,669.5921212121211,2180.7736363636363
667,667,594.5435998683777,1878.6890424481737,675.2286036036036,1352.646021021021,1214.4398654331371,1374.017942248388,1277.3363363363362,1694.0792042042042,599.9958932238193,1614.005133470226,667.6431757359501,1743.1873327386263,1014.7028799543768,1509.3071000855432,1026.3856971873129,1312.3782166367444,1233.5947219604147,1811.856738925542,663.6068986024383,2197.7615224501933
668,668,595.340284673949,1882.1115524660709,677.850208570345,1354.8009101251423,1216.4191114836547,1375.4962279966471,1278.4233220847393,1700.1889763779527,595.835390946502,1624.5816186556926,667.3549054373522,1743.8738179669028,1023.0295035460991,1529.9863829787234,1027.978427895981,1312.8622931442078,1235.3410852713178,1814.2657364341085,658.3159784560144,2212.08408138839
669,669,595.9472304162568,1884.7692559816453,679.9545287862119,1356.4481114778143,1217.7682754727632,1376.4690939881457,1279.5080459770115,1705.9191570881223,591.9901547116737,1634.7257383966244,666.7588028169014,1745.1613849765258,1032.0056211354693,1549.1037099494097,1029.9718693284935,1313.201451905626,1237.3292759051185,1816.9060549313356,653.6422182468694,2224.4203935599285
670,670,596.631093544137,1886.877140974967,682.2263513513514,1358.176051051051,1219.631697687535,1377.9314720812183,1280.6401994629841,1711.2873034138854,589.0373056994819,1642.937823834197,666.6174575278266,1745.8966022261277,1042.5958403597526,1564.5896571107362,1031.988790560472,1313.6389380530973,1238.441627543036,1819.555868544601,649.5264116575592,2235.464177292046
671,671,597.283547642598,1889.9884602703594,684.2669632925473,1359.9032258064517,1221.139311900733,1379.1043429216018,1281.6353695324283,1716.087858220211,585.9386059949439,1651.2282412423256,666.3095238095239,1746.9009406231628,1051.898611111111,1577.9541666666667,1032.170878459687,1313.4921780986763,1240.298379408961,1829.5258976803302,645.8211900425015,2245.0837887067396
672,672,597.9105610561056,1892.1046204620461,686.2085661080074,1361.3977653631284,1222.6794543904518,1380.2006251776072,1282.5958801498127,1719.8917602996253,583.4996446339729,1657.6286425017768,665.8084665482534,1748.3203078744818,1060.3433751743376,1589.9174337517434,1034.5356735159817,1313.330194063927,1239.5369636963696,1845.483828382838,642.5675430643699,2253.7827138108187
673,673,598.2101232101231,1895.062604062604,687.6248660235799,1363.1964987495533,1223.7267668336115,1381.0473010573176,1284.6944140197152,1723.6947791164657,581.4754330151997,1663.3174266525273,665.873513199884,1748.8880185668697,1067.7016496018202,1600.3759954493742,1037.589874857793,1313.1262798634812,1238.621776504298,1857.2913085004775,639.6079147640792,2261.6724505327243
674,674,595.8441514536848,1900.36984448952,695.8617702448211,1374.7883239171374,1225.4523605150214,1382.325608011445,1291.695019157088,1731.4080459770114,579.2444444444444,1669.3322222222223,665.264482863209,1750.6336063087654,1074.182804912882,1609.4995715509854,1043.5357249626306,1313.5058295964125,1237.7399302251822,1867.5604186489059,636.7836912542795,2269.0395269218798
675,675,589.831582298631,1910.9293218720152,705.8245810055865,1386.3355679702047,1226.5452001119506,1383.191435768262,1300.156355455568,1738.0063742032244,577.6395550921097,1673.6496350364964,665.1906893464637,1751.3619814980602,1080.0140765765764,1617.6252815315315,1047.4035563592524,1313.965039180229,1236.8739837398373,1876.5728580362725,634.2931763285023,2275.6020531400964
676,676,584.0114394661582,1921.4972990149347,714.5737215378872,1394.8760731616273,1227.9585462805223,1384.2910278250993,1306.7512104283053,1742.9106145251396,575.7199408065112,1678.8975212726598,664.9844890510949,1752.5036496350365,1085.6672345258376,1625.3532084043156,1052.0024464831804,1314.4559633027523,1235.9924812030076,1884.3493107769423,631.9767797128017,2281.8505957836846
677,677,579.5609523809524,1930.3123809523809,721.5443084909158,1401.7208008898776,1229.124504810413,1385.1706281833617,1312.9372146118722,1747.2134703196348,574.5010822510823,1682.142857142857,664.962196219622,1753.1722172217221,1090.4676320272572,1631.6714934696195,1055.059588626739,1314.5747126436781,1235.1655753040225,1891.3651387589648,629.7386642156862,2287.782169117647
678,678,575.7517198248905,1937.6303939962477,727.8184162062614,1407.8703499079188,1229.9053978853644,1385.9092932665553,1317.550920706501,1750.3213077790303,573.1907308377896,1686.0570409982174,664.9200480913736,1753.9786594529605,1095.1452117078716,1637.799090650753,1058.3253968253969,1314.9386446886447,1234.5058210784314,1897.4322916666665,627.7975422427035,2293.006451612903
679,679,572.3418803418804,1944.1164925609369,733.3853006681514,1413.2639198218262,1230.9336677814938,1386.6435340022294,1322.634420697413,1753.466816647919,571.749107780157,1690.1138472519629,664.7526595744681,1754.8510638297873,1099.5276367738295,1643.3914269599547,1061.7730886850152,1315.1804281345565,1233.762969866418,1903.2631251941596,625.790078644888,2298.2803992740473
680,680,569.1163918525704,1950.0242483026188,738.1687476352629,1418.077941732879,1232.2858747542825,1387.770850884583,1327.1678267594739,1756.1542923433874,570.6170212765958,1693.3794326241134,664.3611111111111,1755.7407407407406,1103.8251133786848,1648.754818594104,1064.6388888888887,1315.3705738705737,1233.150684931507,1908.7327245053273,624.0658096112642,2302.9185797367613
681,681,566.2394544877893,1955.3079606723754,742.5509893455098,1422.5677321156772,1233.0942509673853,1388.4060254284134,1331.2117737003057,1758.4954128440368,569.1938069216758,1697.2612021857924,663.519120458891,1758.3199490121094,1107.7214611872146,1653.5510844748858,1066.952734012975,1315.456595613222,1232.6216635630042,1913.9428926132834,622.5019823116803,2307.1049100335467
682,682,564.4641885766092,1960.293139921426,745.8462129950019,1425.9973087274122,1234.127393838468,1389.2081598667776,1334.5297010972379,1760.4581914491107,568.5361403508771,1699.5059649122804,662.3963434541299,1760.874959190336,1111.648510638298,1658.508085106383,1069.3498622589532,1315.7251300887663,1232.1385767790262,1918.6466916354555,620.8672161172161,2311.584249084249
683,683,566.3143604841347,1974.268891069676,749.5033061065732,1429.8280824581873,1235.0124688279302,1389.9628706012745,1338.2198012232413,1762.5745412844037,567.6209850107066,1702.5531763026408,660.7864855451062,1764.6889585510273,1114.9251352120693,1662.5271847423853,1072.4895833333333,1317.84375,1231.7342424242422,1923.0933333333332,619.4305430543054,2315.5196519651963
684,684,574.9827532141737,1992.624333646911,752.7630147630147,1433.2859362859363,1235.986633249791,1390.758006126427,1341.351614157915,1764.3286658887591,566.6606125356125,1705.6727207977206,660.1840696117804,1766.2369477911648,1118.290909090909,1666.716883116883,1077.394128113879,1326.4184460260972,1231.16496124031,1927.458604651163,618.0721212121211,2319.2845454545454
685,685,581.1191381495563,2007.4892268694548,755.5538818076477,1436.1680185399769,1236.889256198347,1391.437741046832,1344.0763329497506,1765.896432681243,565.8984571223538,1708.1679224973088,659.5922361244786,1768.2364452999677,1121.3064935064936,1670.5076479076479,1080.7219744275944,1340.2970561998216,1230.8997861289336,1930.7354109379771,616.3218390804598,2323.228675136116
686,686,585.2693136349645,2019.4413665743305,758.3047177107502,1439.250966744006,1237.2235052604567,1392.6759045419553,1346.9869731800763,1767.5528735632183,565.2322463768115,1710.8869565217392,658.2459288800266,1771.6407444333663,1123.9751373229255,1673.8921653657126,1083.9105691056911,1353.706413730804,1230.484934086629,1935.365976145637,609.0501367365542,2333.4928593132786
687,687,588.7983995075407,2030.6537396121885,760.6894818252126,1441.8936581593193,1239.0307232191408,1405.1353996737357,1349.2947083816143,1768.8825801467747,564.5866523143164,1713.0251166128453,656.7254174397032,1773.430426716141,1126.971477960242,1677.6119273984443,1085.9449954914337,1363.02434625789,1230.2865013774106,1938.1037649219468,599.2349924585218,2349.8174962292605
688,688,591.5722741433021,2040.1956386292832,763.0725995316159,1444.5667447306791,1236.9036918138042,1423.4922418405563,1352.0227623456788,1770.2793209876543,564.8101402373247,1717.188061848256,655.726907630522,1774.893110905159,1129.5735892961022,1680.7888307155322,1087.7849954254345,1372.6318999695027,1229.9953271028037,1942.1314641744548,592.6800237459187,2362.992282576432
689,689,594.1328976034857,2049.185807656396,765.2020308123249,1452.6645658263303,1236.1504777070063,1438.9644373673036,1354.1838291380623,1771.4771167048054,566.9362535612535,1730.1780626780626,654.947335811648,1776.6146220570013,1131.9236531259003,1683.8853356381446,1089.2101581508516,1381.0553527980535,1229.7816513761468,1944.7932721712536,586.7563075096467,2374.538141881864
690,690,596.2951582867784,2056.998448168839,768.5460353250656,1473.6922209695604,1236.3666391412057,1452.1246903385631,1356.3587668593448,1772.7036608863198,568.6611226611227,1745.7740817740817,653.97668997669,1780.3251748251748,1134.2664339732403,1686.8278068644559,1090.3457688808007,1387.8474370639974,1229.5171884591773,1948.1055862492326,581.8005319148937,2384.576241134752
691,691,598.3434057286748,2064.300283286119,772.9322678843226,1489.837519025875,1236.6822149481723,1463.400709219858,1358.4339477726573,1773.7538402457756,569.3781844276999,1759.243272335845,653.6463909164639,1786.1878886185455,1136.4516782407406,1689.6102430555557,1091.4234897270776,1394.4020239190431,1229.3439054726366,1951.0090174129352,577.5293594306049,2393.267497034401
692,692,599.9560577526679,2070.093534212178,776.4261168384879,1501.8843069873997,1237.0145161290322,1473.4365591397848,1358.6131868131868,1773.47326007326,569.7877835951134,1770.2439790575916,655.4140866873065,1794.2577399380805,1138.6159673659672,1692.3814102564102,1092.3662058371735,1400.978801843318,1229.2341674389866,1953.557924003707,573.7184009406232,2401.154027042916
693,693,601.5652454780361,2076.6598837209303,779.6347396427213,1513.5199543899657,1237.2754909873554,1481.9717514124293,1361.9911111111112,1774.306296296296,570.4222222222222,1780.2063492063492,657.4581651869787,1804.412698412698,1140.432337434095,1694.785295840656,1093.2068753836709,1406.414364640884,1229.1436464088397,1956.3032535297725,570.0740082889283,2408.5654233274126
694,694,602.8491909385112,2082.391909385113,782.0440107156525,1522.9575200918484,1237.5301640255768,1491.1198220739504,1366.290033594625,1772.6211272863006,570.7031814895155,1789.5224150397685,659.0502207505518,1812.8697571743928,1142.2830850131463,1697.2763657610283,1094.0086660476632,1411.770968740328,1228.970946579194,1958.8809746954078,566.9101851851852,2415.2836419753085
695,695,603.9935711989713,2087.34169077467,784.1480213089802,1531.2701674277016,1237.737407101569,1498.5573905862923,1370.5925925925924,1769.2973964063071,571.1069250089702,1797.1908862576247,660.5330520393811,1820.6635724331925,1143.8963153384748,1699.4164524421594,1094.7079864323157,1416.4606845513413,1228.9338257925515,1961.1434287473066,564.0458937198067,2421.072463768116
696,696,605.0066921606118,2092.1599745060544,785.9075342465753,1538.9398782343987,1237.880601092896,1504.975956284153,1374.2990791896868,1765.3830570902392,571.4378320935175,1804.3074743181012,661.8813708260105,1828.1912712360865,1146.0463743676223,1703.9679595278246,1096.1487878787877,1421.3133333333333,1229.1989295272078,1961.7222717811476,561.4596459645965,2426.6372637263726
697,697,605.8382066276803,2096.686809616634,787.424,1545.758857142857,1238.1248606465997,1512.288182831661,1376.7553616866592,1762.5336241366774,571.74178895877,1810.922431865828,662.6615428408767,1833.1016225448334,1152.255917571707,1716.8373712057921,1101.1589285714285,1438.838392857143,1229.9131782945735,1969.912558139535,558.9811320754717,2431.6519916142556
698,698,606.5166340508806,2100.9647749510764,788.9352179034158,1552.13074204947,1238.3503060656649,1518.2426265998886,1378.8513563730953,1759.8758825715345,572.0032751091703,1817.575327510917,663.4549086757991,1837.6860730593605,1160.329365079365,1729.4546485260769,1103.2276270657935,1463.6033676333022,1232.0318352059926,1983.8813982521845,556.6001232285889,2436.6968576709796
699,699,607.1719056974459,2104.6509495743285,790.3917050691244,1558.4581413210444,1238.449779249448,1523.8951434878586,1380.5700483091787,1757.8138238573022,572.3505747126436,1823.126436781609,664.2985531441291,1841.6549805230939,1167.9140778057654,1739.5698292751188,1105.1825980392155,1485.845894607843,1232.6786151960785,1996.2965686274508,554.5792199878123,2440.943327239488
700,700,606.7909311180339,2110.8573901003806,791.5330225330224,1563.775835275835,1238.5937673900946,1528.646633277685,1382.1253720238094,1755.8924851190475,572.6163793103449,1828.259698275862,665.0939655172414,1846.0758620689655,1174.2947189097104,1748.2038614423623,1105.8198198198197,1504.7834731283006,1232.654773082942,2006.4275430359935,552.4299065420561,2445.5981308411215
701,701,604.10442144873,2122.128880526811,792.7714285714286,1568.88373015873,1238.605218855219,1534.0628507295173,1383.6455555555556,1753.865185185185,572.8049490538573,1833.4552401746726,666.0223772159255,1850.33914559721,1180.3310482719223,1756.4015995429877,1105.915422885572,1520.5948383084576,1232.752826153376,2015.263061411549,550.4465232304334,2449.761771125662
702,702,601.3476234855545,2135.666356011184,793.6984998170508,1573.7167947310647,1238.7725262576007,1537.6920950801546,1384.796560556165,1752.3124771313574,572.9589292262559,1838.5317198386504,666.7226573832318,1853.8819263127355,1185.4121315192742,1763.1814058956916,1106.1532779316713,1535.1249615266236,1233.0610021786492,2023.0392156862745,548.7258771929824,2453.3521303258144
703,703,599.6298046628859,2147.602079395085,791.4715351393796,1585.55634079309,1238.7857932559423,1542.6713653952459,1385.9907304412309,1750.727845754542,573.0241228070175,1842.8340643274853,667.4536873156342,1857.582890855457,1190.1143984220907,1769.522400676247,1106.613531047266,1547.4504170528267,1233.2619727243894,2029.8962892483348,547.0079877112134,2456.7920122887863
704,704,598.3475590042029,2157.8128031037827,787.0804221251819,1604.9909024745268,1238.9014321819714,1547.2636899747263,1387.1341374269005,1749.3669590643274,573.2531599855544,1846.749368002889,668.1478831246272,1860.7903995229576,1194.6961200792975,1775.657604078165,1106.8716279069768,1558.4651162790697,1233.608776844071,2036.1447245564893,545.5311728395061,2460.125
705,705,597.3828445285399,2165.592557552822,785.0279001468427,1624.3674743024962,1238.9315578465062,1551.2428407789232,1388.2108229988726,1747.900037579857,573.2694805194806,1850.667388167388,668.7678037103531,1863.9296828246559,1198.6121985815603,1780.8073758865246,1107.152558139535,1568.2006201550387,1233.8859483301826,2041.8484562066792,543.7452089224003,2463.829406220547
706,706,596.6038461538461,2173.225,783.2100809418689,1639.782192788815,1239.1361737677528,1554.569200779727,1391.0729166666665,1745.792025862069,573.3818770226537,1854.4293419633225,669.334529147982,1866.2041853512703,1202.6681034482758,1786.0232758620689,1107.6766355140187,1577.906230529595,1234.2887016229713,2046.7990012484393,542.5293394777265,2466.483870967742
707,707,595.9505823103557,2179.2735284859928,781.6820631254811,1651.613933795227,1239.176486860304,1558.1452282157677,1396.2156424581005,1749.823091247672,573.4237165582067,1857.780549530007,670.3692162417375,1869.4633301857095,1206.1261802575107,1790.5570815450644,1107.7926678989525,1585.6577325939616,1234.6331768388106,2051.588732394366,541.0982587064676,2469.4891169154225
708,708,595.4374603174602,2185.244444444444,780.6169684061057,1661.185303514377,1239.2724780701753,1561.2412280701753,1405.475374732334,1763.311920057102,574.1379071379071,1861.4462924462923,671.8597271648872,1872.5364768683273,1209.4441624365481,1794.7253243090804,1107.97862089732,1593.3860283047275,1234.9758588672237,2056.0947075208915,539.9268978444236,2472.0877850671664
709,709,594.9427932246723,2190.113454777884,779.2001522070015,1671.993911719939,1239.398201144726,1564.4995911692558,1414.8973509933776,1778.2792494481237,577.5453247680227,1874.3169164882227,674.2909199522103,1876.1687574671446,1212.7814720090932,1799.0107985223074,1108.3523720349563,1600.980024968789,1235.4372093023255,2059.9156589147283,538.6243386243386,2474.7936507936506
710,710,594.5717017208412,2195.418419375398,778.2791120815137,1679.8133187772926,1239.3531844499587,1568.010752688172,1422.1512141280352,1790.287711552612,579.5968253968254,1891.205291005291,676.8870255957635,1879.8758458370105,1215.8525530694203,1803.0433161216292,1108.327375352775,1607.5051740357478,1235.7606366697275,2063.6492194674015,537.3831453634085,2477.2387218045114
711,711,594.2085769980507,2200.359324236517,777.2963784183296,1688.2036215816702,1239.463982470556,1570.8890714872637,1428.223337049424,1800.896321070234,580.6621480709072,1907.013208202989,680.247645092677,1883.9428745062291,1218.9066437571591,1806.734249713631,1108.571654040404,1613.8614267676767,1236.3015873015872,2067.6573295985063,536.5917123705058,2480.3726386349786
712,712,593.9187620889749,2204.227917472598,776.5359032501889,1694.4395313681025,1239.7148394241417,1573.425802879291,1433.049063670412,1809.756554307116,581.8598326359833,1920.5278940027893,682.7821663674446,1887.2109515260322,1221.700773860705,1810.224706219547,1108.7114845938374,1619.7874260815436,1236.6437635406994,2070.673166202414,536.2484624846247,2495.869618696187
713,713,593.5496208374547,2208.544015825915,776.4140151515151,1697.2196969696968,1239.7319209039547,1576.8463276836158,1437.6512415349887,1818.0729872084273,582.7785990848292,1931.637803590285,684.8336374695864,1889.780109489051,1224.1585815602837,1813.167943262411,1108.8259780907667,1625.6112676056339,1236.9491163924436,2073.2081048141376,534.928636779506,2518.88868557487
714,714,593.3830207305034,2211.7022046725892,775.8389081122644,1702.1249519415608,1239.8578723404255,1578.908085106383,1441.5590669676449,1825.3416102332578,583.5958952583155,1941.691790516631,687.0250377073907,1892.2748114630467,1226.7281079529141,1816.3864484639678,1109.098094345517,1630.6929084661042,1237.1366380680013,2077.90403558945,533.8824404761904,2538.3273809523807
715,715,593.241448692153,2215.341046277666,776.0618034447822,1706.7372509287402,1239.896551724138,1581.0689655172414,1444.999255952381,1831.8188244047617,590.7950937950937,1952.7103174603174,688.6593740504405,1894.2883621999392,1229.31037489102,1819.550421389131,1109.1976707585773,1635.519357884797,1233.8852353320437,2088.653449387492,533.8473236009733,2553.8947688564476
716,716,593.1436048413476,2218.255479228001,778.816188197767,1721.853668261563,1239.9901878329129,1583.6148023549201,1448.2401515151514,1838.0041666666664,608.8739965095986,1966.6855148342058,690.4271695798834,1896.3741183685984,1231.353465631291,1821.9738280126544,1109.5316255534472,1640.5006325110687,1227.3280766852195,2104.6363636363635,534.3177177177176,2567.3834834834834
717,717,593.0263414634146,2221.3593495934956,780.7323541411668,1736.8176254589964,1240.1452919810001,1585.9329421626153,1450.957196969697,1843.2484848484846,623.7563829787234,1980.1475177304962,691.4181818181818,1897.8081818181818,1233.4162393162394,1824.551282051282,1109.7197472353869,1644.7450236966824,1222.475268817204,2119.9308755760367,534.852534562212,2579.450998463901
718,718,592.948047757341,2223.8115521135846,782.2778394376618,1752.778024417314,1240.5510752688172,1585.6712365591397,1453.7024353120244,1848.634322678843,634.9590517241379,1991.9949712643677,693.0478424015009,1899.6075672295183,1235.723037100949,1827.5481737129708,1109.8746890547263,1649.117226368159,1218.7529930686828,2132.7999369880276,535.3480879253236,2589.6757000903344
719,719,592.9576515880655,2225.9810715431504,783.73691913648,1764.0398829125502,1243.177815410669,1594.818515382444,1456.029001883239,1853.137099811676,643.5597749648382,2001.3790436005625,694.4204119850187,1901.2100499375779,1239.7746400885935,1833.0894241417495,1110.0897435897434,1653.1844903064414,1215.9517502365184,2143.5856196783348,536.0522816560895,2599.1795104261105
720,720,592.8504521963824,2228.1854005167957,785.0756424176619,1774.1194353963083,1247.595197740113,1605.9274011299435,1458.2053910402428,1857.4874715261958,652.0111953773925,2011.0108342361864,695.731374295043,1902.6720094983673,1253.3455284552845,1846.7831010452962,1110.3508604206502,1656.6985340981516,1213.3971563981042,2153.269510268562,536.6063164477798,2607.804565353346
721,721,592.7493489583333,2230.662434895833,786.2932728647014,1783.3416477702192,1250.6936253861275,1614.9379387812412,1460.2983656404408,1861.7643481565945,658.8171469228032,2018.8128779793667,697.0306976744187,1905.1795348837209,1269.403731976251,1861.6081424936388,1110.9984624846247,1660.4175891758916,1211.3140006236356,2161.674462114125,537.1634047840944,2615.58403230817
722,722,593.0270602706026,2231.7066420664205,787.2748729121278,1790.3413217138707,1253.4059758771928,1622.5405701754385,1462.1050019091253,1865.340588010691,664.5093277015135,2025.4934882083774,698.3546617915905,1909.165752589884,1283.2883035967147,1875.9521382044745,1115.468797564688,1672.0036529680365,1209.490577695397,2169.369786839666,537.7349547864047,2622.6753975678203
723,723,592.5432220039293,2242.105435494433,788.2670391061453,1797.7743016759775,1256.1087630318398,1630.0019723865878,1463.9528735632184,1869.0536398467432,670.1478292070326,2032.1962683889485,698.7717391304348,1913.1180555555552,1295.9455263900647,1887.4959074230876,1121.0085308056873,1694.5235387045814,1207.7275883838383,2176.453914141414,538.3274528009904,2629.489631692974
724,724,591.7441110035495,2254.194901581155,789.1653513716648,1804.3517474633597,1258.2856742360525,1635.4987384356602,1465.5026515151515,1872.2803030303028,675.2547101449275,2038.5271739130435,699.4210836277974,1917.457597173145,1307.059333893087,1897.4783095438006,1125.9226081657525,1715.534430225472,1206.2116104868915,2182.6963171036205,538.9264797507788,2635.6781931464175
725,725,590.1080827067669,2263.7318295739346,789.9388278388277,1810.3545787545786,1260.3577235772357,1640.8362769834594,1466.9610291335603,1875.219447597427,679.7243024963288,2043.9717327459618,699.5747235387045,1921.8562401263823,1316.8856098931983,1906.1624508150644,1131.0851715686274,1733.1531862745096,1204.7050793650792,2189.068253968254,539.3820224719101,2641.1913233458176
726,726,588.6935837245696,2271.619092331768,790.6597069597069,1815.3238095238094,1262.40478176258,1645.8515429524605,1468.3938019652305,1878.209372637944,683.7747050147492,2049.2890855457226,699.7256235827664,1925.418853255588,1325.650997150997,1913.7492877492875,1135.2137219186397,1748.06496660595,1203.3764448609809,2194.963761324586,539.882094700533,2646.634995296331
727,727,587.4670971709717,2279.050430504305,791.3415545590433,1820.5254110612852,1264.5896792189678,1650.8002789400277,1469.793287566743,1880.989321128909,686.5773999291533,2056.7977329082537,699.4473838918283,1927.3321575543796,1333.5566835871405,1920.518048505358,1138.968835930339,1761.5187901008248,1202.2056074766356,2200.1068535825543,540.3694110391612,2651.534073388837
728,728,586.1585482330468,2286.1665074816933,792.1963004907511,1825.4903737259342,1266.310606060606,1655.016554433221,1470.9523264683446,1883.4324942791761,687.3699673558216,2073.2121871599566,698.8418763591177,1931.1018949984466,1340.9730813287513,1926.8324742268042,1142.1605950212506,1772.9068002428658,1201.0584518167454,2205.056240126382,540.8835227272727,2656.4946338383834
729,729,585.0636451301832,2292.363548698168,792.8215488215488,1829.5802469135801,1267.8873987147247,1658.7865325509918,1472.252117013087,1886.2559661277903,687.6566888396155,2088.7627494456765,698.2781436186892,1934.596425211665,1347.9653493699884,1932.794673539519,1145.0766908212559,1782.8928140096616,1199.976348155156,2209.717123935667,541.3752780425802,2660.9926914521766
730,730,584.1501443695861,2296.982675649663,793.4168573607932,1833.3108314263918,1269.585222502099,1662.6174083403303,1473.0870223231175,1887.9549754067348,687.8625277161863,2101.619733924612,697.8175853018372,1936.9101049868764,1354.3048850574712,1938.042528735632,1148.0685999376362,1792.931711880262,1198.9996843434342,2214.253472222222,541.7490384615385,2665.0301282051278
731,731,583.1850775193799,2301.72157622739,794.1358304956489,1837.4574347332577,1271.5078828828828,1666.8620495495495,1473.2841591591591,1892.7920420420419,687.695482034863,2111.258982568481,697.3173537871525,1938.876957494407,1360.209222886422,1942.939368061486,1150.4321100917432,1801.1290519877675,1198.137181874612,2218.2666045934197,542.1875195986202,2669.025713389777
732,732,582.470398970399,2305.9398326898327,794.7906030336662,1840.5538290788013,1272.8615725359912,1669.9042081949058,1472.800380952381,1907.8205714285714,687.3458512160228,2120.651287553648,696.426021876799,1938.3295912492802,1365.737348035058,1947.5258693808312,1152.4456456456455,1808.358258258258,1197.3149171270718,2222.1368937998773,546.4514435695538,2674.924868766404
733,733,581.6814958091553,2310.039651837524,795.4177827380952,1843.7771577380952,1274.4798106377052,1673.2024505708716,1473.2465277777778,1922.2098765432097,686.8326039387308,2129.5743982494528,695.350306065665,1939.477740678909,1371.054456864431,1951.805674978504,1154.3615715162675,1815.2059545733578,1196.53371320038,2225.8483697372585,566.3228962818004,2681.916177429876
734,734,581.0515599343184,2313.3310344827587,796.0805651011835,1847.5441008018327,1275.6575076325282,1675.827921176797,1474.2682080924856,1934.128323699422,686.1988304093567,2137.584064327485,691.9363557105493,1943.5463528044172,1376.1941830624464,1955.9264328485885,1156.4450686641696,1822.4950062421972,1195.8044444444442,2229.593968253968,589.8487255875538,2689.752068851373
735,735,580.5890804597701,2315.826947637292,796.6375046142488,1849.81284606866,1277.1411732456138,1678.8755482456138,1475.1892911010557,1943.5275263951733,685.6394927536231,2144.723188405797,687.3723143032535,1948.452731737262,1380.7276140958982,1959.567013287117,1158.0181426814268,1828.2376998769987,1195.129194104735,2232.7961743493256,611.7564599483204,2693.077519379845
736,736,579.8818565400843,2319.382992534891,797.2953776775648,1853.0597519729424,1278.3808347062054,1681.4676002196593,1475.9517293804636,1952.3865450399087,684.9821627647715,2151.4217762913413,683.5774733637746,1952.5668188736681,1385.259323006311,1963.1222030981066,1158.945205479452,1834.2946727549465,1194.4992130941139,2236.052880075543,629.566311713456,2695.2394320748626
737,737,579.3595027805037,2322.2993130520117,798.9742131209707,1856.3625331816456,1279.8576561636262,1684.3543394140409,1476.6297591297591,1960.176379176379,684.3839421613393,2157.6689497716893,680.5974784747847,1955.7456949569494,1389.2869890616005,1966.2435233160622,1158.7456528146183,1847.2611258473328,1193.9267676767674,2239.048611111111,644.7113268608414,2696.860841423948
738,738,578.7945698397122,2325.135426889107,804.5349278663629,1868.8325740318908,1281.0836065573772,1686.8043715846993,1477.0042145593868,1966.1808429118773,683.7424071991001,2163.016497937758,677.9660179178251,1958.4467099165895,1393.0715099715098,1969.202279202279,1162.5128205128206,1871.251158480074,1192.2776705276704,2243.2123552123553,657.8708010335916,2698.3378552971576
739,739,578.3524752475248,2327.579207920792,808.8979515828678,1882.1143389199253,1282.398676592225,1689.4251447477254,1477.4935015290519,1972.67125382263,683.1919079435783,2168.2316258351893,675.9029574861368,1960.4020332717191,1396.9647326507393,1972.21558589306,1167.8553791887125,1890.3300999412108,1185.9777777777776,2255.4784126984123,669.7305236270753,2699.6634738186463
740,740,578.0410651267243,2329.8318896374717,811.9856828193832,1893.7261380323052,1283.544855967078,1691.5385459533607,1477.9054726368158,1978.1687715269804,682.7052280311457,2172.579532814238,674.2731105088828,1961.719662752183,1400.482739105829,1974.9326542161855,1171.7743957027753,1907.2318710832587,1179.4536434108525,2269.281550387597,679.8875119161106,2700.851286939943
741,741,578.3933209647496,2332.7844774273344,814.5870535714286,1903.5353422619046,1284.8058305830582,1693.795929592959,1478.3639143730886,1983.4904434250764,681.8931623931624,2178.512432012432,671.9086929330831,1964.1788617886177,1404.8840336134454,1979.0893557422967,1174.9641214351425,1921.771849126035,1174.6298763082777,2281.0145892800506,689.1471329552614,2701.9209199747947
742,742,589.3027777777777,2340.275,816.6295057599405,1911.5273132664438,1286.0090534979424,1696.0246913580247,1478.7619047619048,1988.2297808012092,681.628507295174,2180.9951365506918,670.714501967908,1964.9061459279442,1409.8893593000282,1987.692633361558,1177.610906862745,1934.1090686274508,1170.5475513428119,2291.2704581358607,697.9059343434343,2702.9782196969695
743,743,604.7735913102512,2346.23455532926,818.5083880379285,1918.7687819110138,1287.1102085025723,1698.0446791226645,1479.066210045662,1992.8120243531203,681.114015976761,2185.1597676107476,668.7871226124461,1966.8219346888475,1417.9704964539008,2004.547517730496,1179.939644607843,1945.2239583333333,1167.286157666046,2299.562073246431,706.1781338360038,2704.008482563619
744,744,617.1643379906852,2351.2987358616097,820.2833146696529,1925.8073908174692,1288.2715846994536,1700.1538251366119,1479.4556962025317,1996.9919447640966,680.6521904761904,2189.1805714285715,667.0601246105919,1968.4750778816197,1425.3350815850815,2019.8878205128203,1181.885046728972,1954.751090342679,1164.128888888889,2307.8453968253966,713.7748792270531,2705.0244766505634
745,745,627.3942436412316,2355.6914323962515,821.7851270553064,1931.6005231689087,1289.4691050152396,1702.0825713494041,1479.6938384998086,2000.9563719862226,680.0985108820161,2192.7915234822453,665.6499535747447,1969.7428040854224,1430.8663224325874,2036.8095238095236,1183.6246936274508,1963.7261029411766,1161.551354757404,2314.775047258979,720.1714836223507,2705.844894026975
746,746,636.4338308457711,2359.496517412935,823.0604395604396,1936.695238095238,1290.3040650406504,1703.641192411924,1479.5265321375184,2000.423019431988,680.0453183520599,2195.5213483146067,664.5428398425673,1970.5507114744169,1436.0831183720263,2051.5417024935514,1185.1678921568625,1972.176776960784,1159.1799043062201,2321.2909090909093,726.3492975734355,2706.7120051085567
747,747,644.6181392235609,2363.057563587684,824.4086502609991,1942.056674123788,1291.4962182603997,1705.6326310102645,1479.7477064220184,1999.0936544342505,682.78125,2201.039806547619,663.2210947109471,1971.7709102091019,1440.9055027369632,2064.229040622299,1186.4882671480145,1978.9741275571598,1157.0509125840538,2327.2548831251997,732.7996794871794,2707.653846153846
748,748,651.7155511811023,2366.038057742782,825.5737037037036,1946.7396296296295,1292.4340333871835,1707.2119009154549,1480.0796019900497,1999.540757749713,691.070061394005,2210.5525460455037,662.2295684113866,1972.5117845117843,1445.1049329911605,2075.5862560593096,1187.8143767060965,1986.336669699727,1155.1040480708411,2332.775774826059,737.7729007633587,2708.4068066157756
749,749,658.6051487796723,2368.7957204948175,826.734074074074,1950.8118518518518,1293.4635204773526,1708.9433143477079,1480.0098619329387,2001.3952662721892,701.8115164520743,2222.2957796852643,660.8801742919389,1973.7317149081853,1448.89446366782,2085.7102076124565,1188.9475929311393,1992.0371724558195,1153.3485424588084,2337.9179340937894,743.0340264650283,2709.161310649023
750,750,665.1407556001336,2371.4570377800064,827.817679558011,1954.9314917127072,1293.8734445326977,1710.5917394757744,1480.071919191919,2002.980202020202,710.9571428571429,2231.931868131868,659.906432748538,1974.5820252385347,1452.282558806655,2094.9876649454964,1190.0060771801882,1997.7769674870858,1151.7508839601412,2342.6743812279005,748.0292177191329,2710.033301916431
751,751,670.6474553420964,2373.675092686215,828.7502774694783,1958.5982241953386,1294.558064516129,1717.3849462365588,1479.703071672355,2004.5089116420174,719.9046052631579,2239.995979532164,658.6941612604263,1975.6413345690455,1455.445692883895,2103.702103140305,1190.9322868574945,2003.4342874730683,1150.285075103867,2346.9859379993604,752.8475110270952,2710.829867674858
752,752,676.3071428571428,2375.8414965986394,829.7560252131998,1962.1679644048943,1291.3812949640287,1728.9339195310415,1477.859992745738,2006.5088864708014,727.6075808249722,2246.696767001115,657.745297563984,1976.551032994141,1458.132694541231,2110.9846109175373,1191.831204379562,2008.52402676399,1149.0345585925227,2350.869305686459,757.1091251175917,2711.560363750392
753,753,680.7668024439919,2377.657162253903,830.712746191007,1965.7502787068004,1287.5553809897879,1738.4192196910185,1469.015167930661,2008.1430119176598,734.5123726346433,2252.401018922853,656.8954065797641,1977.1061452513966,1460.848935549723,2118.2703412073492,1192.7583025830259,2013.751537515375,1147.8698955365621,2354.6251978474197,761.4499843211037,2712.30103480715
754,754,685.1587621930709,2379.369323915237,831.5753526354862,1969.1121009651074,1284.0159835009022,1747.187161639598,1453.843853820598,2009.6781100036912,740.2253052164262,2257.3181650018496,655.9285934133579,1977.9467528470295,1463.4225515838418,2125.4013368206915,1193.6369485294117,2018.597732843137,1146.6216730038022,2358.5148922686944,765.1537262238852,2713.036482694107
755,755,690.2601214574898,2381.2975708502026,832.4116104868913,1971.9479400749062,1281.0902992776057,1754.8405572755419,1442.7954204204204,2011.2582582582581,746.2279926335174,2262.2780847145486,655.176094890511,1978.7031630170316,1465.6412235563178,2131.1317895940538,1194.249063670412,2023.3573657927589,1144.3183413078148,2362.623285486443,769.1641509433962,2713.799371069182
756,756,694.0687392055266,2382.7278065630394,833.2063845582776,1974.561989606533,1278.407960199005,1761.541764859911,1432.9240168003053,2012.6426116838488,751.0226359985396,2266.2402336619202,654.3945264452644,1979.3874538745388,1467.9859649122807,2137.2251461988303,1192.1065621370499,2031.3405923344949,1130.9639553429026,2374.0226475279105,776.0168316831683,2713.0917491749174
757,757,697.9523323118827,2384.221314266258,833.968830216355,1977.4191419141914,1276.1628578933542,1767.5847123719464,1424.8502857142857,2013.7710476190475,755.6598562239878,2270.1381006432084,653.6225308641974,1980.0043209876542,1469.964398507034,2142.364628194085,1182.8278985507247,2050.124396135265,1115.1194622670332,2386.9804460739383,796.9903875968992,2706.0896124031005
758,758,701.3002070393375,2385.451690821256,834.7453806356244,1979.9482631189946,1273.7723771580345,1773.5280212483399,1417.5478883861235,2014.8499245852186,759.9558232931727,2273.713399050748,652.9612686794754,1980.7557182067703,1472.0554120011484,2147.6350846971,1173.9707762557077,2069.554642313546,1103.2401785714285,2397.888988095238,817.8381665107577,2700.3629560336763
759,759,704.7994524298425,2386.723134839151,834.5781710914454,1984.731563421829,1271.7543859649122,1778.4412546517808,1411.30574452003,2015.820483749055,764.0524109014675,2277.0642907058,652.2243648607284,1981.356290174472,1473.9186013184292,2152.3485239323586,1166.3422698838249,2084.143878462913,1092.4762757385854,2408.0972843927184,835.5381715362865,2694.7408105560794
760,760,708.2527662517289,2387.9529737206085,833.9915789473685,1998.5796491228068,1269.980906921241,1783.0647043224606,1405.256558641975,2016.9398148148148,766.7077577045696,2279.499468650372,651.7222222222222,1981.7871888281722,1475.7976710334788,2156.82212518195,1159.2402962962963,2096.7117037037037,1083.2222222222222,2416.9557977596123,850.5349206349206,2689.4815873015873
761,761,710.8401920438957,2388.8765432098767,835.5995575221239,2015.6025073746312,1267.9898177920686,1787.886655948553,1400.4241037376048,2017.8096872616322,770.255009107468,2282.4444444444443,651.0305810397552,1982.524770642202,1477.4942028985506,2161.1892753623188,1153.2759730757973,2107.202224173251,1074.4632152588556,2425.2803511958823,863.349099099099,2684.8558558558557
762,762,713.8539715574054,2389.9313215400625,837.0788213627992,2028.4523020257825,1266.3373333333332,1791.9688,1395.2985074626865,2018.8740910830463,774.5336339721908,2285.9676813228107,650.3013358185772,1982.4961168064613,1479.2508019830852,2165.360454943132,1147.4788732394366,2116.928110328638,1067.0984777881329,2432.337682510096,874.4295797240936,2680.8752005133138
763,763,716.5199864498644,2390.888550135501,838.0886917960089,2039.571322985957,1264.691259021652,1795.8551189521515,1390.9072164948454,2019.7846506300114,777.4443247126436,2288.5477729885056,649.1470771144278,1983.3498134328358,1480.974470554105,2169.298810559907,1142.0125335720682,2126.1668158758575,1060.6224899598392,2438.6660488106268,884.3460681311683,2677.2890799108563
764,764,716.9409030544489,2390.9478751660026,838.9268292682926,2048.382113821138,1263.281604645025,1799.2425442069145,1386.601515151515,2020.598106060606,779.6457023060797,2290.517120894479,646.9521500161655,1983.9948270287746,1482.51393728223,2172.918699186992,1137.0977421271537,2134.2201426024953,1054.4687304565352,2444.6022514071296,893.7442163571195,2673.8585858585857
765,765,722.364915894267,2393.2238242361823,839.6911034746086,2056.3997709049254,1262.2227450980392,1801.887843137255,1382.6179604261795,2021.433789954338,782.2997811816192,2292.7231947483588,645.325933075933,1983.742277992278,1483.8748193119397,2176.038450419196,1132.761601455869,2141.471944191689,1048.9710009354537,2449.9628936700965,901.7974683544304,2670.9136643946767
766,766,730.2665975103735,2396.780428769018,840.3068901303537,2063.9027932960894,1260.983412322275,1805.0529225908372,1378.8973484848484,2022.192803030303,784.5151860288533,2294.807137433561,642.9330695680843,1983.1160567095285,1485.4373728567275,2179.481255448997,1128.839783978398,2147.868586858686,1044.0096034696405,2454.934944237918,909.9025995393221,2667.9736755511676
767,767,735.5830855632639,2399.8183019491244,840.7034970238094,2069.747023809524,1259.852027382833,1807.7511848341233,1375.7993862677406,2022.8776371308015,787.3174770965468,2297.286469344609,640.8048862115127,1982.375502008032,1486.5662061024755,2182.221646516983,1124.9905372405372,2154.1004273504273,1039.4754764136208,2459.4426741643233,916.3035256410257,2665.6471153846155
768,768,741.4727690288713,2402.847440944882,841.0881268436577,2075.758112094395,1258.8232804232803,1810.3037037037036,1372.4424311060775,2023.5624764061909,789.5822463768116,2299.3666666666663,639.7075376884422,1981.6974874371858,1488.1121739130435,2185.4492753623185,1121.64438422162,2159.7286961758505,1035.1118504435995,2463.9860583016475,922.631884057971,2663.3616747181964
769,769,746.7469758064516,2405.483870967742,841.4370537391958,2081.2446448703495,1257.7133069828722,1813.1575757575756,1369.4767836919593,2024.2227255568137,790.9513227513228,2300.7001763668427,638.6722716782064,1981.040883613584,1489.2031746031744,2187.710245310245,1118.357121348991,2165.2207166516105,1031.298377028714,2467.8973158551808,928.82570593963,2661.13664394677
770,770,751.7815734989648,2407.9126984126983,841.7289293849658,2086.41761579347,1256.742841707185,1815.628038897893,1365.3946576373212,2026.1467268623026,794.4084014002334,2303.7821859198752,632.8575445173383,1979.5885660731021,1489.816210045662,2191.0810502283102,1115.0519598906108,2170.3217866909754,1027.4436090225563,2471.8114035087715,934.3402230971128,2659.154527559055
771,771,755.7284196547143,2409.7705843293493,842.017235056839,2090.849284928493,1255.8004827031375,1818.117725931885,1356.1598676957,2033.9165747886805,795.271433653504,2304.5916044112414,626.0181983621474,1979.0527752502276,1489.6565831172572,2199.234802650533,1107.79091456077,2175.7620336943437,1023.9554933084344,2475.5415499533146,941.711330049261,2651.430213464696
772,772,759.7199050525602,2411.7212614445575,842.184023889511,2095.7278835386337,1254.9895245769542,1820.347569164652,1342.2918518518518,2045.4177777777777,796.5438413361169,2305.9258872651358,619.1782086795937,1979.0911049553708,1486.7110157367667,2210.8463519313304,1093.3288450029922,2180.1720526630756,1021.1565703634669,2478.52531842187,952.5322471147318,2625.1856754921923
773,773,763.1811894882434,2413.3855463347163,842.3778538812785,2099.606925418569,1254.3515052888526,1822.234336859235,1331.1312017640573,2055.472987872106,798.5635087719297,2307.704210526316,612.7503144654087,1979.0201257861631,1483.6018272914823,2222.9398762157384,1080.1506726457399,2182.9913303437966,1018.3871576959395,2481.430909663204,961.2644135188867,2603.3664678595096
774,774,765.9353285173718,2414.7602339181285,842.6456489675516,2103.05604719764,1253.5606920789403,1824.244390375777,1322.6455834242095,2064.4732824427483,800.5714285714286,2309.6140724946695,608.5571249215317,1978.7652228499685,1481.2580927384076,2231.7771945173517,1068.1561451662092,2185.569990850869,1015.3508114856428,2484.6020599250937,967.1522012578615,2583.027044025157
775,775,768.672131147541,2415.9760928961746,842.747619047619,2106.6663003663,1252.9281678773204,1826.0357815442558,1315.062994960403,2072.494240460763,802.3261105092091,2311.344889851932,604.4127423822715,1978.5663281009538,1479.2573149741825,2238.908491107286,1058.5790112223233,2188.025781013042,1012.8750390502967,2487.2524211184004,971.5684659957303,2565.6935041171087
776,776,771.4876288659793,2417.3127147766318,842.8715393133998,2109.8859357696565,1252.262987012987,1827.9710497835495,1308.3303867403315,2079.9705340699816,803.631313131313,2312.594877344877,600.4767295597484,1978.5751572327042,1477.2671292281007,2245.829430471234,1050.288868723533,2190.287356321839,1010.6647887323944,2489.9179968701096,975.684362934363,2550.1248391248387
777,777,773.8252991452991,2418.4270085470084,842.9714179658499,2113.2100965107643,1251.6342592592591,1829.5789760348582,1302.4787157287155,2086.525613275613,805.0705334765485,2314.112065878983,597.3232704402516,1978.473899371069,1475.5353535353536,2251.5171717171715,1043.4895083932854,2192.245803357314,1008.7625888923781,2491.802543972893,974.6715564678094,2536.084019449358
778,778,775.7511065713312,2419.354783792986,843.0259009009009,2116.3194444444443,1250.9129251700679,1831.6731972789114,1297.6842105263158,2091.9977603583425,805.0699253224711,2314.060420909708,594.3091650973006,1978.4902699309478,1473.8861999423796,2257.088159031979,1036.647963800905,2194.2301659125187,1006.8603890523617,2493.687091075677,978.0,2522.0
779,779,778.0678254942057,2419.59918200409,843.1904227459783,2119.1189674523007,1250.3712558395164,1833.333333333333,1293.0873281308063,2097.455221107395,808.1090308370044,2317.0389133627014,591.9769159741459,1978.5570944906121,1472.3321809276865,2261.9155862863727,1030.722920406942,2196.083782166367,1004.9581892123454,2495.571638178461,977.0,2507.0
780,780,786.7480454868514,2419.7995735607674,842.2020535386872,2121.7308397506417,1249.7956284153004,1834.9898907103825,1289.4197802197803,2101.6322344322343,808.4677029360967,2316.7671848013815,589.2057001239157,1978.59448574969,1470.9275486827032,2266.315864833906,1024.6792679267926,2197.9012901290125,1003.055989372329,2497.456185281245,974.3528215506407,2493.4549704019846
781,781,798.3177874186551,2416.3170643528556,835.9413545213771,2126.880060537268,1249.26204238921,1836.5328929259563,1285.8809005083513,2105.958605664488,814.2439024390244,2318.036762106751,587.2850061957869,1978.5740396530357,1469.3867595818815,2271.2305458768874,1018.9915764139589,2199.690734055355,1001.1537895323127,2499.3407323840283,971.7056431012813,2479.909940803969
782,782,807.4551699204627,2412.818510484454,823.4828101644244,2131.4824364723468,1248.8009909165978,1837.8483347096062,1282.7288745055735,2109.658396260338,824.0101754385964,2314.0835087719297,585.0823311748381,1978.668825161887,1468.2647814910026,2274.660954013139,1014.631281593815,2201.0041629497473,999.2515896922963,2501.225279486812,969.6075241350418,2465.879921071959
783,783,815.6611796982166,2409.5219478737995,812.6834828101644,2135.1875934230193,1248.2617468214482,1839.44776119403,1279.2516556291391,2113.821927888153,840.2549857549857,2307.139245014245,583.131152647975,1978.4859813084113,1466.8845814977974,2278.6801762114537,1010.041108132261,2202.5385761096218,997.34938985228,2503.1098265895953,968.5947176684882,2451.8391013964783
784,784,821.4510998307952,2407.0196277495766,804.0286659316428,2138.242557883131,1246.9315429173248,1840.5568720379147,1276.607142857143,2117.0782828282827,853.791797010775,2302.007994438651,575.0057575757575,1976.302121212121,1466.0290350128096,2281.286364930259,1005.6043336301572,2204.0192935589193,995.9225396825397,2504.4904761904763,966.1814577615125,2440.415370539799
785,785,827.1156966490299,2404.296296296296,795.9637439881612,2140.937106918239,1240.8928283642224,1844.139135106097,1273.627560521415,2120.6018621973926,864.7647058823529,2296.8536414565824,560.9751609935603,1972.914443422263,1461.7380750776176,2286.629127857748,1001.5292712066904,2205.353345280764,994.2000636132315,2506.0861959287527,964.0249768732655,2430.190564292322
786,786,832.0449678800857,2402.0124910778013,789.0827790096082,2143.092387287509,1226.4039247751432,1847.2150449713818,1271.1994894237782,2123.4810357403353,874.6219640971489,2291.6363956353393,549.9950935295922,1971.2772155780433,1449.3299406276506,2296.078314956177,997.6364994026284,2206.5609318996417,992.6778846153846,2507.3685897435894,962.200677131425,2420.976915974146
787,787,836.4432809773123,2399.8771378708548,782.4367301231803,2145.2038073908175,1214.2635719905586,1848.968266456858,1268.9562363238513,2126.305251641138,882.5560165975104,2287.488243430152,541.0964111922141,1970.2165450121652,1436.3500141362736,2305.3486005089057,992.2536543422184,2207.128690169103,991.569813626642,2509.415826458906,960.6106032906764,2412.875076173065
788,788,839.9670781893004,2398.1100823045267,777.2813559322034,2146.7871939736347,1203.7442414614773,1850.386550172094,1266.9405543398977,2128.536469730124,890.1378340365682,2283.3157524613216,532.7366366366366,1969.309009009009,1425.9006246450879,2313.4258943781942,976.5488157134604,2201.8893703061813,990.1230543318648,2511.0713656387666,958.9549632352941,2405.296568627451
789,789,843.7261410788382,2396.16459197787,771.7689436356849,2148.2583053378125,1193.1465470364328,1851.626155519304,1264.6648371752651,2131.268569337724,897.0504523312455,2279.438065414057,526.2285800787163,1968.4732061762033,1417.268424036281,2320.249149659864,956.9923976608186,2193.338596491228,986.7818287037036,2509.5905671296296,957.7060800488847,2398.263061411549
790,790,846.7840714040507,2394.544799176107,767.6280303030303,2149.5878787878787,1184.4542185338864,1852.2896265560166,1263.002564102564,2133.268498168498,903.1232344632767,2276.103813559322,519.3921568627451,1967.631674208145,1409.8804925832633,2326.1905961376992,941.9262152777778,2187.546585648148,981.9871682706328,2505.3642461358995,956.4083562061603,2391.533089356511
791,791,850.49032030975,2392.6177402323124,763.3321623731459,2150.879781420765,1177.4106995884774,1852.8098765432098,1260.9226190476188,2135.8221726190473,908.9699892818863,2272.8113612004286,513.9017639902676,1966.98600973236,1403.0961702127659,2331.6340425531916,928.4898373983739,2182.4825783972124,976.7688888888889,2498.824888888889,955.2645502645502,2385.355742296919
792,792,853.0848105665623,2391.281543274244,759.1972868217053,2152.0348837209303,1170.5592896174862,1853.1387978142075,1259.3562453806355,2137.6666666666665,914.2362288135594,2269.9548022598865,508.64496684749844,1966.3327305605787,1397.2070323488044,2336.364275668073,917.4892148403796,2178.160483175151,972.7029761904761,2493.8613095238093,954.2415188297541,2379.4696545284783
793,793,855.9502954466458,2389.700729927007,755.8021068472535,2153.142964635064,1164.2562841530053,1853.422131147541,1257.9313509544786,2139.1971365638765,918.6360725720384,2267.5112059765206,503.8284223449969,1965.6510128913444,1391.4392523364486,2340.9008779382607,907.2888697647733,2174.0932300631093,968.5825097334531,2487.747529200359,953.220460199005,2373.9191542288554
794,794,856.959046659953,2389.3219201074185,751.8094696969696,2154.3632575757574,1158.4661246612466,1853.711653116531,1257.1524937208467,2140.1765339074273,923.076652601969,2265.1170886075947,499.5672782874617,1965.063608562691,1386.6819727891157,2344.7913832199547,897.9985557481224,2170.3636626227612,963.951987767584,2479.181651376147,952.3635514018691,2369.008722741433
795,795,861.1952932911836,2386.98454513523,749.3478260869565,2155.3204073638854,1152.8958844371762,1854.010084491687,1255.8445652173914,2141.814130434783,927.2193074501574,2262.8992654774397,494.92330917874386,1964.494263285024,1382.3102282333052,2348.4220907297827,889.8928774928775,2167.092592592592,960.1404306945708,2472.5538368213524,951.6068773234201,2364.642503097893
796,796,861.3017408123791,2385.88942617666,744.843537414966,2155.9909297052154,1147.763969974979,1854.1665276619403,1250.9378197560015,2144.5017709563162,931.2842404838135,2260.6310921380286,491.4348093480934,1963.9345018450185,1378.0500568828213,2351.9254835039815,882.3772231784279,2163.829604130809,956.315101792768,2466.03129747797,950.9606032625422,2360.1163434903046
797,797,862.4238759689922,2381.9044961240306,729.5113932291666,2153.638020833333,1143.5290093048714,1854.3825944170771,1238.0177469135801,2145.408564814815,935.0087997184089,2258.7507919746567,487.84540177207447,1963.3666361136573,1374.0318543799772,2355.146473265074,875.8873642081189,2160.9648370497425,952.8441796516956,2459.0702719217843,950.1791277258567,2355.4380062305295
798,798,852.9641951837768,2377.319391634981,710.004469273743,2152.4368715083797,1138.9947266167082,1854.5781293366636,1221.0721026802564,2146.2876557191394,938.3063255152806,2257.0113717128643,484.2703461178672,1962.8341128780792,1370.2589160348216,2358.3209772535806,869.8490780141843,2158.3940425531914,949.9381570810142,2453.517625231911,949.5652442795299,2351.623685837971
799,799,835.2255266418834,2370.9560099132586,696.4074074074073,2152.5251461988305,1136.001324854266,1855.3065712771595,1205.9556818181818,2146.0518939393937,941.0758377425044,2255.616578483245,481.1734192756292,1962.4990791896869,1366.6649440137812,2361.368073499856,863.8457583547557,2155.640674093116,947.769635126778,2449.1747062461345,949.0046685340803,2347.9259259259256
800,800,820.0525328330207,2363.6810506566603,683.7868978805394,2152.7703275529866,1123.1751004016064,1858.406157965194,1192.8092550790068,2144.518058690745,946.7237327962403,2250.4276602886875,477.8698206555349,1961.967841682127,1363.6135844748858,2363.9015410958905,855.5706940874036,2150.1016852327907,945.3882244710212,2444.5406317080647,948.2992248062016,2343.967441860465
801,801,807.8043032786885,2357.083333333333,672.937259430331,2153.0146266358734,1107.7424242424242,1861.7759170653908,1181.9205448354144,2143.0843738176313,955.8774756629741,2236.818731117825,475.3560257589696,1961.5918429929466,1360.5806821438807,2366.3204356549154,842.1600241545893,2137.516304347826,943.4483502929386,2440.5843354918284,947.8721966205836,2340.69400921659
802,802,797.2093973442288,2351.5018726591757,663.4013209013208,2153.232711732712,1092.840146750524,1864.2164570230605,1171.9647509578542,2141.922988505747,965.8042539049518,2222.5174476570287,472.48639455782313,1961.15058750773,1357.6801916032684,2368.8579881656806,828.2075744434807,2126.3949118242263,941.5171455050973,2436.5909793018227,947.2858024691358,2337.170987654321
803,803,787.8519961051607,2346.6851671535214,654.9440060127771,2153.485531754979,1080.4297220057158,1866.57209664848,1163.7848006019562,2141.07712565839,973.3009446693657,2208.917341430499,469.7748161764706,1960.8566176470588,1354.776836158192,2371.327966101695,815.1438596491228,2116.5312865497076,939.9687403280717,2433.5187248529865,946.9632014719411,2334.506899724011
804,804,779.1879613855764,2341.8228279386713,648.9528985507246,2153.6934782608696,1068.4477533960292,1869.0532915360502,1156.422959572845,2140.364607170099,979.1046551138294,2196.124362895005,467.8551660516605,1960.6205412054119,1352.337304964539,2373.3148936170214,805.1315396113602,2108.5121076233186,938.2614563716259,2430.035781544256,946.5505097312326,2331.250849552054
805,805,771.9692359702501,2338.4929006085194,640.2061855670103,2153.726613211149,1058.0465178096756,1871.0438596491229,1149.3756134390335,2139.731974329936,984.1603206412825,2184.9502338009347,464.9643296432964,1960.1577490774907,1349.883149872989,2375.4244990121365,794.7089855072463,2100.1327536231884,936.9625818521984,2427.27159338946,946.1878504672898,2328.201246105919
806,806,764.174880219028,2334.6721423682407,632.8616829180208,2152.394005055977,1049.2584388185653,1872.8277953586496,1143.03367003367,2139.122708567153,988.5173095944609,2175.1094625783053,462.9130036630037,1959.9594017094016,1348.2563265306123,2376.2536054421766,785.657917019475,2093.1984194185716,935.5224892174983,2424.4399260628466,945.9665450121654,2325.6672749391723
807,807,758.1152518978605,2331.881642512077,617.3846429852888,2141.4969501255828,1040.6809024979855,1874.5423045930702,1137.3231523378581,2138.8250377073905,992.3435374149659,2166.49693877551,460.9714285714286,1959.683870967742,1340.168364459536,2380.861346915676,778.1101718794026,2087.581290504367,934.1320930232558,2421.6201550387595,945.7617283950617,2322.7688271604934
808,808,752.650532097494,2329.513559903879,601.8771566597653,2130.000345065562,1033.0826121164437,1876.0225544190926,1131.7135176651304,2138.521505376344,995.7396351575455,2158.830845771144,456.90645695364236,1960.7577262693155,1326.4192642516145,2385.1943274361133,771.3422490652862,2082.345125107852,932.903007980356,2419.3621853898094,945.5361111111112,2320.4345679012345
809,809,747.9079986268451,2327.333333333333,586.7403978052125,2119.4104938271603,1026.0887512899897,1877.3181114551085,1127.0415713196032,2138.247520976354,997.6137673787724,2149.363852153272,447.2240303770002,1966.5112557634932,1314.3445661331086,2389.308059533839,764.5196739741427,2077.046093310849,931.5857753357753,2416.856227106227,945.2809741248097,2317.9625570776257
810,810,743.0255376344086,2325.277889784946,575.0447971781305,2110.3703703703704,1019.698273572377,1878.521381142098,1122.2276422764228,2137.9318621757643,992.6396574440051,2135.3824110671935,435.1057244590523,1974.9011229800053,1304.5895316804408,2392.812947658402,758.0563339171044,2072.268242848803,930.5045620437957,2411.075121654501,945.0837166513339,2315.3422263109474
811,811,738.7645390070921,2323.664184397163,565.6566738044253,2102.7337615988577,1013.3285789751716,1879.8460116217643,1116.5865490628446,2135.6497611172363,984.0870295698924,2117.8931451612902,424.6330484330484,1982.176353276353,1295.915956842703,2395.8143100511074,752.6274843838728,2068.0860306643954,933.8282345442957,2394.1303377947734,944.7039777983349,2312.8806660499536
812,812,734.7824414130814,2322.0475690800977,557.3133402275078,2095.4850051706308,1006.9891275523734,1881.10686820472,1106.1992551210428,2122.0610800744876,975.7228464419476,2101.9257745999316,416.42578456318915,1988.1704834605598,1287.9121756487025,2398.474479612204,747.1711790393014,2063.8515283842794,937.4031298904538,2378.552738654147,944.5018214936248,2311.187917425622
813,813,731.5512686826555,2320.6830031282584,550.3860911270983,2089.3741007194244,1002.2651933701658,1881.8097868981847,1095.5528634361233,2107.25,967.5101160862355,2089.7834162520726,409.75916666666666,1993.0913888888888,1280.8667227833894,2400.6074635241303,743.1386196769456,2060.5864904552127,939.0900749425274,2370.204678408079,939.0,2308.0
814,814,728.2936005625878,2319.4367088607596,544.0429009193055,2083.820224719101,997.5473317243228,1882.7377312952535,1086.6229755178906,2092.1826741996233,959.9288537549407,2079.298748353096,403.4427437641723,1997.7043650793648,1273.9371231696814,2402.734137238013,737.2052558782849,2055.5499308437065,940.777019994601,2361.856618162011,938.0,2305.0
815,815,725.2263888888888,2318.2725694444443,538.5498489425981,2078.981201745552,992.4516386890488,1883.726618705036,1079.733187134503,2079.535087719298,953.328089151098,2070.3779088823335,397.61304964539005,2002.2927659574468,1268.2321326472268,2404.6132075471696,726.5885588558855,2041.9939493949394,942.4639650466746,2353.5085579159427,938.0,2302.0
816,816,722.6245250431779,2317.3032815198617,533.2184139784946,2074.2459677419356,988.3696395685346,1884.4761904761901,1073.645209027007,2068.847206807251,947.3536545394952,2062.2386102917076,392.8064791133845,2006.0556976413752,1261.845444059977,2406.5559400230677,708.1092705608834,2025.5759953501888,944.1509100987481,2345.160497669875,930.1053912889519,2298.8042243730984
817,817,720.1395509499137,2316.0469775474953,528.0,2069.702356202356,983.9066137566138,1885.1129629629627,1068.2288228822883,2059.4825815914924,942.224700937601,2055.204655674103,388.18366181091113,2009.5521279634388,1257.099083619702,2407.9298396334475,692.742731277533,2013.5582966226136,945.8378551508217,2336.8124374238064,922.2107825779037,2295.6084487461967
818,818,718.0344108446299,2315.216197427876,523.5922893210508,2065.949505288297,979.9362666666666,1885.9074666666663,1063.6616052060738,2051.353579175705,937.030636030636,2048.338328338328,383.6609637867123,2013.2999714856,1252.3624678663239,2409.4527277920592,680.3036773428232,2003.355871886121,947.5248002028952,2328.4643771777387,914.3161738668556,2292.412673119295
819,819,716.1656378600823,2314.2753772290807,519.0986887508626,2062.2073844030365,975.7072324526287,1886.7117694155324,1059.7404162102957,2044.396129974443,932.8718954248366,2042.9212418300651,379.8108890819577,2016.3573704025482,1247.2924528301887,2411.0405946255,669.2980769230769,1994.0305944055945,949.2117452549688,2320.11631693167,906.4215651558075,2289.2168974923934
820,820,709.2955107811947,2308.0470130788262,515.7955974842768,2059.4105520614953,972.0789333333332,1887.2456,1055.6250911743252,2037.1046681254556,927.9825268817204,2037.297379032258,375.61724036481314,2019.8181818181818,1243.0200286123031,2412.2846924177393,659.4267721148212,1985.3875219683655,950.8986903070424,2311.7682566856015,900.1058781869689,2286.060276990872
821,821,692.4101775956283,2294.8159153005463,511.8428128231644,2056.1330575663565,969.2708498808578,1887.7810431559437,1052.3786897048235,2031.3401727861772,916.8480589022757,2028.4156626506024,372.5684575389948,2022.2053726169845,1239.151829443964,2413.455200230481,650.7748992515832,1977.8128957973515,952.585635359116,2303.4201964395334,894.5495750708216,2282.9260308467105
822,822,675.6636363636363,2283.549494949495,508.1889124293785,2053.299081920904,965.6233870967742,1888.350268817204,1049.0500730994152,2025.5537280701753,900.5845213849287,2014.8424983027833,369.69204152249137,2024.6727220299883,1235.3573079145003,2414.62016175621,643.0159151193634,1971.2425582080753,953.6004394224733,2298.0568110483364,888.533971291866,2281.694736842105
823,823,661.7757936507936,2273.871362433862,504.98287910552057,2050.7791754018167,962.9276281035392,1888.8687268885365,1046.1708561020037,2020.5056466302367,885.9688128772635,2002.2686116700202,366.08821839080457,2027.7474137931035,1231.8846371882084,2415.7559523809523,636.0060711188205,1965.2396646429602,954.562656641604,2292.7785087719294,882.6256857050661,2280.517909002904
824,824,649.84906291834,2266.512717536814,501.85385704175513,2048.353857041755,959.4473754329869,1889.4708233413269,1043.4643779992616,2015.5994832041342,872.295121119072,1991.9546229955645,364.06972928630023,2030.2354388843314,1228.3755787037035,2416.7546296296296,629.3212539545584,1959.5665803853897,955.3836003770028,2287.9802073515552,877.109597924773,2279.5749027237352
825,825,639.3228426395939,2260.418274111675,498.7710113960114,2046.0042735042734,956.9508412197686,1889.8769716088327,1040.9786135693214,2011.0973451327434,861.3640873015873,1983.0281084656083,359.8645484949833,2041.7109810479374,1225.4913456169736,2416.8835845896147,622.9806508355321,1954.2770448548813,956.2532324187953,2283.6136865342164,872.3521452145214,2278.7775577557754
826,826,629.9263333333332,2255.1566666666663,496.2249554367201,2044.0951871657753,954.1485911749069,1890.3242955874534,1038.8172757475083,2007.13030638612,851.2405189620758,1974.8802395209582,356.48336061102015,2059.4779050736497,1213.5192743764171,2415.9827097505668,617.7108053883634,1950.226139294927,957.0978910922254,2279.36229146994,867.9895731508634,2278.171391332681
827,827,621.2201382033563,2250.391247120763,493.57158234660926,2042.2160028704698,951.756207078711,1890.8066561014264,1036.4160235207644,2003.045938993017,842.2609561752988,1967.7639442231075,353.4313404313404,2074.417963417963,1196.1949058693244,2410.4977851605754,609.6613427979887,1945.6935817805381,957.8863636363636,2275.465593434343,863.8966079582517,2277.618395303327
828,828,614.0743310208127,2246.3339940535184,491.1232974910394,2040.5684587813619,949.6523011439212,1891.1455174248467,1034.6486784140968,1999.7136563876652,834.6146037982973,1961.6293385723638,351.30235131396955,2087.6426002766248,1182.2923542354235,2406.6014851485147,589.9029239766081,1936.9976608187133,957.8960999390615,2272.507921998781,860.3607532210109,2277.1189296333005
829,829,607.1258234519104,2242.4426877470355,488.7803921568627,2038.9276292335114,946.7949129852743,1891.422222222222,1033.7927736450586,1997.1154799858305,827.1870816599732,1955.960843373494,349.83460559796436,2099.895957025728,1169.2712721145745,2402.761864644762,573.0321355536079,1928.2524101665206,956.085046728972,2262.627102803738,856.3463924257263,2276.6571988246815
830,830,600.8125419181757,2238.9040912139503,487.066594281578,2037.7477379659788,940.7421333333332,1890.4645333333333,1030.8698630136987,1988.5924657534247,820.845189701897,1951.0687669376691,348.667233078448,2110.0206740300196,1158.588418079096,2399.464406779661,554.6883421206795,1920.6909783245458,950.8463687150838,2249.993482309125,853.3918300653594,2276.3333333333335
831,831,595.1557104913678,2235.5766932270917,484.44711889132014,2036.226841721371,932.3632310516653,1884.4815106215578,1027.0642060745868,1974.3018069973086,814.8618803418802,1946.4191452991452,347.73751058425063,2118.9740333051086,1148.7224099099099,2396.179054054054,540.8158362989324,1915.6696322657176,946.134906231095,2239.3094373865697,850.3502487562189,2275.98407960199
832,832,590.1137804471138,2232.542208875542,482.7740419378163,2035.1287057122197,923.5585653373463,1875.7138199147228,1022.9626811594203,1962.235144927536,809.0976602238047,1942.0671414038657,346.9179104477612,2126.2451630735213,1139.9236812570146,2393.2373737373737,527.7068201948628,1910.9760850310008,942.0282588878761,2230.695229413552,847.3402708952758,2275.6567558638917
833,833,585.4810418727332,2229.6511704582917,481.08623188405795,2034.0195652173913,916.3226128147594,1868.1475941161802,1019.1451373422419,1949.1551596139568,799.9761638733705,1937.7769087523277,346.1929969671905,2133.804521643231,1132.298599439776,2390.5302521008402,516.7797001153402,1906.9368512110727,938.5018148820327,2223.9404113732603,844.5452473958333,2275.3056640625
834,834,581.5520317145689,2227.066732738685,478.24891304347824,2033.7166666666665,910.0358555885261,1861.3570722057366,1016.4964055996973,1938.9644343548996,782.9729633582355,1936.3183920313054,345.61384783798576,2140.7027914614123,1125.1456392887383,2388.012701100762,506.43540945790073,1903.3278546712802,934.8877828054299,2217.572549019608,841.8199083169613,2275.0471512770137
835,835,577.5979517674264,2224.5388173108686,474.4695228143504,2036.430860327412,904.3083969465649,1854.7725190839694,1014.2124953236064,1930.3217358772913,759.0104427736005,1931.6629072681703,345.0789328932893,2146.748899889989,1118.502663302495,2385.6675077095597,497.909194420723,1900.2980358667805,931.6339393939393,2211.929090909091,839.0718954248365,2274.84477124183
836,836,574.1704733531943,2222.348560079444,469.1898293277603,2042.2107279693485,899.3611323641928,1848.523335883703,1011.9479878511768,1922.475322703113,746.1407491486947,1928.6519107075292,344.6337552742616,2152.8821378340363,1111.7267115600448,2383.1717171717173,489.5648788927336,1897.3529411764705,928.2245775729647,2206.4470046082947,837.1358873608382,2274.6270464963977
837,837,571.1754385964912,2220.494476933073,464.34890965732086,2048.6420906888197,895.5017757483511,1843.558599695586,1009.9407574053242,1915.6554180727408,734.1727969348658,1925.6605363984672,344.21086711711706,2158.478322072072,1106.3053456479147,2381.1942345368034,481.9323137921268,1894.776833758142,925.5053175326648,2201.8742023701,834.7093596059113,2274.2821018062396
838,838,564.5140845070423,2218.7404426559356,460.2724425887265,2054.0518441196937,891.4218311655189,1838.1777607753122,1008.0584464555052,1909.7730015082955,721.982368596141,1922.7145708582834,343.91248606465996,2163.113712374582,1100.605270535464,2379.1365292963274,474.7080459770114,1892.4402298850573,922.7188536953242,2197.6039215686274,832.7293532338308,2274.0892205638474
839,839,550.0296296296295,2216.590909090909,457.1074151074151,2058.3018018018015,888.0200462606014,1833.4106913389874,1006.311111111111,1904.6177024482108,711.5903068340306,1920.2778940027893,343.5485762144054,2168.496649916248,1095.7447293447292,2377.451282051282,468.7374429223744,1890.5059931506848,920.2321482831966,2193.646004254026,827.8959304131718,2276.790618204411
840,840,537.7834146341463,2214.310569105691,454.17846153846153,2062.3935042735043,884.7696456086287,1828.6327683615816,1004.7559523809523,1899.928943452381,699.6232523914642,1917.3631346578366,343.35724100027477,2172.3745534487493,1091.0557422969187,2375.705602240896,462.30831878999413,1888.4848749272833,917.9733817301875,2190.068058076225,818.1861313868613,2285.4419099756688
841,841,526.5801729873585,2211.765136393879,451.9521349862259,2065.556818181818,882.1608391608391,1824.7770007770007,1003.1017142857143,1895.3241904761903,693.1136528685547,1915.7011619462598,343.0582551861324,2177.6166524580844,1086.4612765957447,2374.0385815602835,456.43079584775086,1886.7027104959627,915.7354109379773,2186.614726550565,808.542388331814,2295.190519598906
842,842,518.031031031031,2209.6953620286954,450.0369220151828,2068.4302967563835,879.586854460094,1820.8492436098068,1001.6085315213287,1891.3416383540957,685.2966558791802,1913.7900035958287,342.88638985005764,2181.6343713956167,1082.1084543125535,2372.475946484486,451.5790816326531,1885.1301020408164,913.5787207872078,2183.3563960639603,800.9341410375893,2302.790307548928
843,843,510.769833496572,2208.0235063663076,448.2882513661202,2071.2062841530055,877.2501895375284,1817.2400808693453,1000.104931405265,1887.562476826103,677.3630889125044,1911.8622033297909,342.7753440044931,2184.726762145465,1077.7524696584815,2370.9520180637874,446.9357900614181,1883.7049134561696,911.8148820326679,2180.5901391409557,794.562734082397,2309.2662297128586
844,844,504.5790343915344,2206.51455026455,446.6646174863388,2073.8497267759562,874.9265888456549,1813.6446173800257,998.5788876276958,1883.8815739689744,671.1710239651416,1910.3300653594772,342.66000579206485,2188.4286128004633,1074.798663324979,2369.7619047619046,441.59412780656305,1882.0900978698903,909.7277519379844,2177.525891472868,789.1358581304478,2315.2807333934475
845,845,498.48310591293045,2205.034113060429,445.0901554404145,2076.313989637306,872.501673101673,1808.03861003861,997.3075221238938,1880.8333333333333,664.7804090419806,1908.8769285970577,342.4349095154699,2192.377408056042,1068.8462411347516,2367.2190070921984,436.74734424346826,1880.6503014642549,907.9244402985074,2174.8871268656717,784.5395377128953,2320.398418491484
846,846,493.012187088274,2203.786231884058,443.6621715076072,2078.591286307054,869.2065131056394,1793.758538522637,996.0083050207625,1877.682521706304,658.7826709631221,1907.5456498388828,342.39273356401384,2195.331603229527,1056.726393629124,2361.6043799772465,433.1790443293034,1879.5273459988484,906.3137802607076,2172.4130974549967,780.0725453408379,2325.4949968730457
847,847,487.9758793969849,2202.4777219430484,442.66700960219475,2080.4838820301784,866.3582480986099,1779.8880146865984,994.8217228464418,1874.8588014981271,654.0737558181166,1906.6498388829216,342.3287514318442,2198.348510882016,1043.9925925925925,2358.1925925925925,428.7004366812227,1878.2826783114992,904.8057334553217,2170.2900274473923,776.2196825396825,2330.0485714285714
848,848,483.54166666666663,2201.3815104166665,441.7833837874201,2082.3451059535823,863.3345930964978,1767.6603678508438,993.6269841269841,1872.337112622827,649.1999299719887,1905.641106442577,342.82529299536657,2200.659035159444,1032.2313624678663,2356.007712082262,425.771186440678,1877.2748587570618,903.4586764257394,2168.1976212259833,773.5655464729034,2333.3269754768394
849,849,478.6342913776016,2200.119920713578,440.74413863404686,2084.2888209310227,860.6661530559835,1756.7149460708783,992.3925339366516,1869.5343137254902,644.4809676271789,1904.7161152614729,345.6994673395009,2210.9716848892626,1023.5005630630629,2354.4113175675675,421.7269041413264,1876.147987257457,902.0358688930118,2166.163883735312,770.098880597015,2337.3877487562186
850,850,475.58981841763944,2199.3161478599222,440.21384263793664,2085.5843943845903,858.5436326737696,1747.395991882293,991.4006696428571,1867.1763392857142,640.2561185798,1903.8993450534297,350.38653366583543,2225.046550290939,1014.9759168035029,2352.772577996716,417.6764960971379,1875.0699624168833,900.4928723081589,2164.6351228389444,766.4910256410257,2342.0727564102563
851,851,471.1510887772194,2198.2391959798997,439.67981591058515,2087.0539119000655,856.8527483610691,1738.8943519919312,990.5559284116331,1865.3389261744967,636.1824561403508,1903.1445614035088,353.5267217630854,2236.207988980716,1006.2342807924203,2351.192362905541,415.0866489832007,1874.6077217801353,895.009087958455,2161.7435897435894,764.3232988397616,2344.854186265287
852,852,468.8018018018018,2197.5719052385716,439.01356589147287,2088.8388242894057,855.278117048346,1730.9704834605595,989.589015151515,1863.175,632.5413194444444,1902.5524305555555,356.0756697045015,2245.761391880696,999.1034094111017,2349.923640462102,408.1300138312586,1874.7905947441216,883.3794628751974,2159.1071090047394,762.0892582333025,2347.712219144352
853,853,465.5545575515635,2196.7079174983364,438.70427023581897,2090.0197578075204,854.0862506341958,1724.347539320142,988.612734082397,1861.0359550561798,628.3851774530272,1901.768963117606,358.3545527800161,2253.9325812516786,992.6059843400446,2348.8137583892617,392.6429177268872,1876.7161436245403,870.6739130434783,2156.8169502205415,759.6255879586078,2350.912825337096
854,854,462.7277227722772,2195.9448844884487,438.3394406943105,2091.31018964963,852.92218798151,1717.6260914227014,987.7439613526569,1859.0791527313268,625.6344086021505,1901.38813735692,360.62159934047816,2261.9051937345425,986.611018826135,2347.693798449612,378.86876640419945,1877.3849518810148,860.8955974842767,2155.326729559748,757.2633396107972,2354.1421845574387
855,855,460.2453333333333,2195.2473333333332,437.7041306436119,2092.8661543387766,851.9546274813096,1711.7594740912607,987.0354048964217,1857.5668549905836,622.2027923211169,1900.794415357766,362.745809288266,2268.922231382248,981.1479289940828,2346.667511975204,367.664590747331,1877.6770462633451,852.6324461343472,2154.4930291508235,755.7411616161615,2356.2386363636365
856,856,457.6646403242148,2194.5724417426545,437.1029651352232,2094.497882046269,850.9639989639988,1705.9176379176379,986.2984234234234,1856.0037537537537,619.0104275286757,1900.294403892944,364.48032786885244,2274.9251366120216,975.9487179487178,2345.64381270903,358.7761017450458,1877.8879029872817,845.2776735459662,2153.811131957473,753.9117738428082,2358.9363156259706
857,857,455.19438810006756,2193.891480730223,436.5364583333333,2096.2086588541665,850.1742017879948,1700.313409961686,985.5855855855856,1854.201951951952,616.6437976437976,1900.2726957726957,366.38493377483445,2281.1059602649007,970.7207432057681,2344.594564614531,350.083857442348,1878.0676849356093,838.0804707379134,2153.5515267175574,751.9965376141013,2361.7437834435
858,858,453.76190476190476,2193.4804894179892,436.0693904020752,2097.535019455253,849.4830293819655,1695.9594731509624,984.9406998158379,1852.7830570902393,608.6420651420651,1901.2182952182952,367.95210727969345,2286.4255610290093,966.0130338325013,2343.626455906822,342.0800827423168,1878.2198581560283,832.3938260056127,2153.4165887121917,750.6181988742965,2363.7711069418388
859,859,451.7757697456492,2192.9186746987953,435.8287401574803,2098.7824803149606,848.828205128205,1691.5882051282051,984.5003728560774,1851.7829977628635,592.985644257703,1903.6155462184875,369.5218352681039,2291.5992260917633,961.394144144144,2342.6100788288286,335.8646301287811,1878.1985624438455,826.1931493815414,2153.426577862353,749.2412698412697,2366.056507936508
860,860,449.91196236559136,2192.3098118279568,435.23409923409923,2100.191475191475,848.1860107609531,1686.6945939021264,984.0344062153163,1850.344802071772,579.0859106529209,1903.9457044673538,370.8744804655029,2295.9268495428096,957.5144866385372,2341.7929676511953,328.35911434637546,1878.1922960266909,821.6484448633365,2153.3314483191957,748.0332080200501,2367.8815789473683
861,861,448.2426395939086,2191.837225042301,432.74562343694174,2102.7459807073956,847.5340005132151,1682.6222735437514,983.5267489711933,1848.9210624766179,567.0013860013859,1904.130284130284,372.3164699269252,2300.5871275997747,953.6390765765765,2340.827984234234,322.82381829343154,1878.1764886433393,816.8994861913936,2153.4582530507387,746.6124841571609,2370.2170468948034
862,862,447.0040404040404,2191.4,428.94295900178247,2103.029946524064,847.057628839807,1678.7608530083778,983.077519379845,1847.6910299003323,556.5975945017182,1904.4907216494846,373.5038631346578,2304.2781456953644,947.123611111111,2338.9366666666665,317.70575757575756,1878.2006060606059,812.8264621284756,2153.5589645254076,745.4657232704402,2372.0251572327043
863,863,444.1386046511628,2192.2989147286817,424.50807017543855,2102.0266666666666,846.5739463601533,1675.544061302682,982.5436464088398,1846.9963167587475,547.1687456687456,1904.7227997227997,374.6797706797707,2307.9636909636906,931.0829187396351,2334.2186290768377,312.47627793082336,1878.1524334251608,808.2465709728867,2153.6998405103664,744.6061435523113,2374.54501216545
864,864,436.24064009661834,2198.058574879227,419.91701244813277,2100.4311894882435,846.073732718894,1671.6525857654888,979.4547832585948,1843.1334080717488,539.3712431693988,1904.9593579234972,375.8008800880088,2311.298129812981,912.9887730553328,2331.7449879711307,307.6299780495453,1878.0740043900907,804.6131178707225,2153.740494296578,741.2281508739651,2386.9533885311253
865,865,425.6386554621849,2208.0737628384686,415.9820864067439,2098.915349490692,845.6037296037296,1668.1815591815591,969.7503623188405,1834.4398550724636,531.6512928022362,1905.065688329839,377.0516511430991,2315.106124753034,896.8957992362247,2329.16421167485,303.33081523449795,1878.0393452943026,801.2886565272496,2153.8732572877057,735.4355638166047,2401.7936802973977
866,866,417.7031539888683,2215.938775510204,412.59630790665267,2097.2758620689656,845.1587057010786,1665.098870056497,959.7482465854558,1824.3558508674787,525.5746894931185,1905.103726082578,378.2050209205021,2318.757880055788,883.3272146847565,2326.8430433625963,299.3759726112667,1878.013071895425,798.1870845204179,2153.9908198797084,729.7214653345443,2414.103844989403
867,867,410.60024829298567,2222.650837988827,410.2208157524613,2096.0481715893106,844.7907992803905,1662.1631971215625,951.7002923976607,1815.6842105263158,519.6164290563476,1905.038017651052,379.1752172694141,2321.555088309504,870.7259680476576,2325.0143514757647,295.49441340782124,1878.0068280571072,795.0599429115128,2153.6622264509992,725.2041742286751,2424.5813672111312
868,868,405.2440751000308,2227.7673130193907,407.68015619453314,2094.753638622648,844.6823469903894,1659.5328780981283,944.2907407407407,1808.4611111111112,513.328125,1905.0305555555556,380.10744710085186,2324.1308051662545,860.7327044025158,2323.848794549266,292.23250840207754,1878.0036663611365,785.7139784946236,2151.4614439324114,721.621540312876,2433.665764139591
869,869,400.57980356046653,2232.1436464088397,405.71980162947216,2093.7460148777895,844.2854926299457,1650.0512024825446,938.2705795496493,1802.6607604282021,507.9652920962199,1904.989003436426,381.1666666666667,2327.591189674523,850.4937158469945,2322.7849726775953,288.3688679245283,1877.9638364779873,767.2721518987341,2146.7736588306207,718.47605893186,2441.748004910988
870,870,395.9660297239915,2236.8410676372455,403.3829022988506,2092.5391522988507,844.7709427356838,1634.9649912478117,932.5389374090247,1797.2379912663755,503.13826910074374,1905.0956727518592,382.02557686961353,2329.790658882402,841.0800108489286,2322.0623813398424,285.4093023255814,1877.953488372093,752.2507906388361,2145.0641998734977,715.8704552398411,2448.6996639168956
871,871,392.1012345679012,2240.475308641975,402.16078431372546,2091.903386809269,844.3536764705882,1621.4754901960782,927.6358974358974,1792.7186813186813,498.98025195778,1904.8675519237315,383.3468096809681,2331.715621562156,832.4192665571976,2321.4480021893814,281.87174662903726,1877.931326434619,740.6435094585779,2144.4383561643835,713.4934789202305,2455.1950257810126
872,872,388.55149812734084,2243.974406991261,400.852009960868,2091.1202419067945,843.9727227227226,1609.6554054054054,922.8347921225383,1788.2603938730854,494.456462585034,1904.709863945578,392.564952048823,2341.6742226097062,824.6311111111111,2320.9975,278.9080348499516,1877.8886737657308,730.3649217809867,2143.9151624548736,711.256338899196,2461.7538651824366
873,873,385.6069008009858,2246.9405422057916,399.8091198303287,2090.465889006716,844.0100416360518,1598.8817046289494,918.7151714077315,1784.5021881838074,490.27834008097165,1904.6646423751686,406.7782415136338,2355.0651085141903,817.1265027322404,2320.5486338797814,276.4932833489534,1877.960324898469,721.769000598444,2143.695990424895,709.2946020128088,2467.3141201585845
874,874,382.73967960566847,2249.8903265557606,398.5374077976818,2089.8858447488583,844.0631294522229,1589.3183492999262,914.8019216555801,1781.0923872875092,486.7348103390399,1904.5555555555554,417.49377705627705,2366.0403138528136,810.121387283237,2320.0867052023123,273.6439888164026,1877.9857098477787,712.1179201485609,2143.5939337666355,707.4537712895376,2472.219890510949
875,875,380.406747891284,2252.558263042799,396.9911158493248,2089.056147832267,844.2415992151091,1580.5712533725778,911.1125779244591,1777.7411074440777,483.1656483367277,1904.5183299389003,427.33908518214184,2375.608326485894,804.0632805995004,2319.624757146822,271.0231177756951,1877.930959075289,704.1369386464262,2143.573371283997,705.8305606900801,2477.155268022181
876,876,378.5346380863622,2254.8067722895307,396.2208966015907,2088.475054229935,844.432486297957,1572.1988041853513,907.9397634885439,1775.059866962306,476.9845679012346,1904.7479423868313,436.491478066499,2384.435317127689,798.8433908045977,2319.0784482758622,267.96896992962246,1877.8755598208572,697.6457541191381,2143.762674271229,704.2869003690037,2481.7838253382533
877,877,376.4712962962963,2257.523456790123,395.2900572246066,2087.887339055794,844.6272614622056,1565.1234200743495,904.8051948051948,1772.3802308802308,464.50970548862114,1904.0502008032129,443.6910173160173,2391.3127705627703,793.0345991561181,2318.559774964838,265.9569993722536,1877.89736346516,691.1639449247518,2144.050912584054,702.9313634964604,2486.0187750076943
878,878,374.7904583723106,2260.069223573433,394.5842105263158,2087.455438596491,844.9904402515723,1558.5396226415094,902.5009147457006,1770.3629710940356,450.9300330033003,1901.0128712871287,450.2719155844156,2397.728896103896,786.294673539519,2319.94873997709,264.1236059479554,1877.9792441140023,684.9837872892347,2144.466277561608,701.7780788919,2489.7148449262268
879,879,373.2354768561665,2262.237340789065,393.41178597252343,2086.8467100506145,845.2115238817286,1552.3532979529946,899.5463879721306,1767.8335166850018,438.3883231500339,1897.990156143924,456.5043931905546,2403.662273476112,774.8285933897002,2327.432744043044,261.43570057581576,1877.973448496481,679.4628344895937,2144.7558638916416,700.4639681079423,2493.624041704998
880,880,372.08090310442145,2264.1561618062087,392.9900071377587,2086.8565310492504,845.4588615461098,1546.0671140939598,897.0029861888764,1765.5744680851064,427.9104377104377,1895.5636363636363,462.34813021253694,2409.1996233521654,760.5636672325976,2339.314657611771,259.96060037523455,1877.9430894308941,674.9067576348277,2145.0743989603634,699.4291435613062,2497.279112754159
881,881,370.7847352024922,2266.4012461059187,389.7427269540834,2088.986680686996,845.7776126795442,1541.2382367508667,895.5451577801958,1764.2110990206747,418.4617184887997,1893.1424272818456,467.4725363489499,2414.278136779752,751.3982426303854,2346.983276643991,257.38800236406615,1876.9651300236405,671.0169871794872,2145.276923076923,698.3926399026764,2500.3181265206813
882,882,370.0942883046238,2267.6249622242367,382.2116294793779,2095.344151453685,846.0204236006051,1536.5337871911245,893.2278985507246,1762.19384057971,410.92183908045973,1891.1182266009853,472.2637566137565,2418.8232804232803,742.4815426997245,2354.71652892562,255.55001458151062,1872.8608923884515,667.0680399500624,2145.5327715355807,694.4478207489257,2505.961939840393
883,883,368.5486697965571,2269.8848200312987,374.2087195331273,2102.4538276690696,846.2249382716049,1531.3893827160493,891.4550788412174,1760.5801246791345,403.6281271129141,1888.9205544286679,476.52396425670184,2422.7833739507173,734.2449494949495,2362.6495510662176,257.1573989668793,1861.8091765420843,663.2801751094433,2145.8233270794244,679.427311435523,2520.8819951338196
884,884,367.77165109034263,2271.4414330218065,367.8422865013774,2107.9276859504134,846.436943620178,1526.341493570722,889.8367941712204,1759.04043715847,397.8014829794405,1887.1145938658576,481.19609438567943,2427.2457282343366,727.2497136311569,2369.796105383734,260.3294711824123,1848.8541295306,659.2980429900545,2146.165222970805,666.8051282051282,2536.5864253393665
885,885,367.24745762711865,2273.832485875706,362.43082077051923,2112.7484087102175,846.8086560364465,1523.0306251581878,888.2087912087912,1757.5296703296704,391.8007246376811,1885.26185770751,484.71194069367215,2430.5644691554144,721.133676092545,2376.5912596401026,262.668039538715,1838.3072487644151,656.5102297765186,2146.378973874724,656.7877442273534,2549.86116044997
886,886,366.86535597259456,2281.4271671134943,357.8513089005236,2116.765445026178,847.1018587360595,1519.103345724907,886.6183574879227,1756.3961352657004,386.030487804878,1883.5016937669375,488.6116478797638,2434.288513150832,715.8179465056082,2382.905378199597,264.9971387696709,1827.8964234620885,654.0409302325581,2146.5088372093023,648.2165471923536,2561.2464157706095
887,887,370.474898659183,2293.0807608356718,353.7643678160919,2120.457974137931,847.2835970861591,1514.663149962321,879.4318007662835,1753.9854406130266,381.25568380552636,1881.9195522910109,492.4260322668854,2437.7560842220396,710.9489177489178,2388.8040404040403,267.22780269058296,1818.2699551569506,651.0576863111942,2146.6753975678203,640.6755189255189,2571.4383394383394
888,888,374.0613478392263,2301.529767301299,350.40132496513246,2123.6827057182704,847.5301174068402,1511.1105155691678,863.2687224669603,1749.5591042584433,376.7972473984558,1880.4780127559582,495.8425702811245,2440.7898259705485,706.897999436461,2394.264581572274,268.75947934352007,1811.6225240520653,648.4211981566821,2146.86267281106,634.4890685834081,2580.022162324049
889,889,377.3691851851852,2308.912,347.40459061322366,2126.6440561836243,848.3248166548378,1508.5292169387271,849.0666666666667,1743.8349726775957,372.1390552228875,1878.8493013972056,498.8808,2443.696,703.0695725062867,2399.253981559095,270.1941908713693,1805.1078838174274,644.95965238982,2147.147423960273,628.7185718571857,2588.0849084908486
890,890,380.4343711843712,2315.567155067155,344.0783090783091,2129.767498267498,851.3536585365854,1495.6935975609756,836.7034584253126,1739.4013980868283,368.55102040816325,1877.5588435374148,502.1646423751686,2446.7846153846153,699.8220508426164,2403.7412167952016,271.6981025205324,1798.0453129425089,642.2341494036409,2147.270558694287,623.7785843920145,2595.024500907441
891,891,383.06744255446137,2320.9230080572966,341.64943123061016,2132.0541192692176,856.7446483180428,1482.133027522936,826.1006220270764,1735.9432857665568,364.5746192893401,1876.218274111675,504.92192912336793,2449.2123634425793,696.6165975103735,2408.387275242047,273.10936639118455,1792.0564738292007,639.8722943722943,2147.3472479901047,618.7844544095665,2602.156950672646
892,892,385.4739952718676,2325.544917257683,339.0858119658119,2134.602393162393,861.1186109073121,1470.0665199315235,816.7816849816849,1733.0794871794872,361.0717171717172,1875.0757575757575,508.71606994171526,2454.0491257285594,694.0245901639345,2412.110382513661,274.22859517871984,1786.923247436963,637.9248395967003,2147.4060494958753,614.6045454545455,2608.1736363636364
893,893,387.9914074074074,2330.1597037037036,337.0331950207469,2136.6379668049794,864.9131283552952,1458.4760858955588,808.3289085545722,1730.7009587020648,358.0179806362379,1873.9730290456432,509.89112903225805,2460.8844086021504,691.2311475409836,2416.409836065574,275.443052074631,1781.6162628794207,635.6905417814509,2147.514233241506,610.8715151515152,2613.443333333333
894,894,390.3519184652278,2334.251498800959,335.15243055555555,2138.647916666667,867.8412580485389,1449.422981674096,801.1053215077606,1728.480044345898,354.76694329183954,1872.813969571231,509.2081665332266,2469.974379503603,688.5180856983861,2420.536449638286,276.5736368746487,1776.5601461495219,633.3468045112782,2147.5880325814533,607.1515429269782,2618.973113351665
895,895,392.46543643819564,2337.698886936145,333.1976462443752,2140.6368985808235,870.6472422062349,1440.8637889688248,794.6471885336273,1726.6321205439176,352.2721649484536,1871.9247422680412,507.65531224655314,2479.9475533928085,686.4317434210526,2423.7738486842104,277.70921386306003,1771.9092702169623,630.7382762991127,2147.8314321926487,603.805377329667,2623.737855178735
896,896,394.49061032863847,2340.992664319249,331.54897888542746,2142.3052959501556,873.2484939759037,1432.9686244979919,788.9356398809523,1724.9185267857142,349.09601634320734,1870.814776983316,506.2942918686052,2487.773559504577,684.3289401427786,2427.097473915431,278.7020975056689,1767.4421768707482,627.4833948339483,2146.321955719557,600.8254113345521,2628.167580743449
897,897,396.58749634823255,2344.264972246567,329.90758047767395,2143.944617514711,875.2684431285467,1426.6984949420182,782.8773303504846,1723.1435495898581,346.5669398907104,1869.8333333333333,504.8993197278911,2494.9284353741496,682.8654159869494,2429.482055464927,279.81596638655463,1763.0974789915967,619.6433215130023,2138.7993498817964,597.5401570048308,2632.8674516908213
898,898,398.6581497797357,2347.5506607929515,328.225,2145.7166666666667,877.3404203323557,1420.1586021505375,777.8335170893054,1721.588019110621,344.0907830907831,1868.9573804573804,503.6808743169399,2500.9475409836064,680.7099023709902,2432.929149232915,280.8004535147392,1759.390589569161,610.5694444444445,2128.0208333333335,595.0305250305249,2636.5665445665445
899,899,400.32418524871355,2350.197541452258,327.05052631578945,2146.9722807017542,879.4450159196668,1413.9091354396276,773.5634651600753,1720.2572504708096,341.70370370370364,1868.1675320179993,502.4458909682669,2506.5055600759424,679.8096366508689,2435.2238020010527,281.8873121869783,1755.4546466332777,603.8216793035664,2119.7562482448748,592.3441158348736,2640.593345656192
900,900,401.99038461538464,2352.6550116550115,325.68091168091166,2148.341168091168,881.4536834427425,1407.6353026987601,769.3546099290779,1718.895856662934,339.5878912968696,1867.376676986584,501.44287298946193,2511.147254575707,676.3925686591276,2445.7234787291327,282.7650365373805,1751.9898819561552,597.3051966695377,2111.6129773184034,590.0539215686274,2643.909620098039
901,901,403.899941314554,2355.4061032863847,324.39811912225707,2149.656913967259,883.0810476896465,1402.5300222386954,765.1823329558324,1717.39637599094,337.4981119121181,1866.586337109509,500.4165984165984,2515.5369915369915,671.848436671966,2463.7782193958665,283.60133444537115,1749.0072282457602,592.3092369477911,2105.276821572002,587.7732843137254,2647.2365196078426
902,902,405.6975581053251,2358.060311856428,323.28215913073956,2150.937609533824,884.652466367713,1397.8044344793223,761.8046636085627,1716.2909021406726,335.93340199107445,1866.0624785444556,499.47159090909093,2519.2578463203463,666.154789872096,2479.867658574785,284.5787728026534,1745.8081813156439,587.575704736995,2099.0380703283927,585.3960273122284,2650.815021725636
903,903,407.1886236368995,2360.3020925434716,322.6632408359027,2152.1274409044195,886.2377339403135,1392.7630247850277,758.645474137931,1715.1293103448277,333.65546218487395,1865.3042717086832,498.39901071723,2523.144820005496,661.4549839228296,2494.191854233655,285.71143847487,1741.4656268053147,583.4155211912944,2093.7431271477662,583.3895508707608,2653.8414298808434
904,904,408.8333333333333,2362.573104693141,322.8660468319559,2154.6442837465565,887.7774524158126,1388.5026842362126,756.1800071149057,1713.640341515475,331.8176100628931,1864.609364081062,497.5322715842414,2526.690136909751,657.892094017094,2505.8301282051284,283.90778267254035,1735.5412628487518,579.9729885057471,2089.098275862069,581.4812768569674,2656.50306936771
905,905,409.9563944980977,2364.0032191981268,329.0955934612651,2160.463752665245,889.0060422960725,1384.627895266868,748.9076923076923,1704.3498168498168,330.3888888888889,1864.1082621082621,496.7003032809484,2530.0565205403914,654.6413130504403,2517.3736322391246,277.83659574468084,1726.0553191489362,576.5443293033966,2084.4248704663214,577.9074252651881,2660.2102217936354
906,906,411.5595679012346,2367.0867283950615,338.9752440725244,2168.239191073919,890.642948227493,1380.051262433053,739.179888656924,1688.2759220598468,328.8876130828114,1863.6673625608908,495.76214546475705,2533.3675933726477,651.8783635365183,2527.345140032949,270.37806267806263,1714.8290598290598,573.5123350545036,2080.4698795180725,569.2861832288869,2667.572664876156
907,907,412.73874724582936,2370.39219389361,347.60907504362996,2174.5804537521813,891.8293768545994,1377.162215628091,730.5153558052434,1674.1816479400748,327.69166666666666,1863.2489583333333,495.31650110375267,2535.6045805739514,649.7489350372737,2535.2207135250264,263.59937535491196,1705.2958546280522,570.7270139481924,2076.657272986052,559.0692446043165,2678.0419664268584
908,908,412.36711281070745,2375.135755258126,354.47713787085513,2180.088656195462,892.9952947003466,1373.7275879148092,724.5730994152046,1662.6812865497075,325.6237588652482,1862.4691489361703,494.5161016949153,2538.5677966101694,647.4188596491227,2543.859375,257.41536231884055,1697.1652173913044,568.1282271944923,2072.8961560527823,550.2105423522241,2687.159354052407
909,909,411.34858188472094,2380.9008844159803,360.45590738849165,2185.0732039496083,894.6531881804043,1369.1423017107309,719.5302706552706,1652.5726495726497,324.89202368512707,1862.2190874259838,493.90731573157314,2540.9216171617163,645.3705818379553,2552.128602501359,252.13242398408636,1690.8621767547597,565.8754325259515,2069.7084775086505,543.1548913043479,2694.036231884058
910,910,409.8778085564789,2387.028008618036,365.56723283793343,2189.5909412597307,895.6242656449551,1366.832694763729,714.9892711801701,1643.1953385127636,323.79943201987925,1862.3698970536032,493.1137189158983,2543.652696283878,643.7864835756596,2558.26225094238,247.31468732071139,1685.3344807802637,563.5604896100199,2066.2988898377457,536.5088848039215,2700.529718137255
911,911,408.9556365846247,2391.8283196596776,370.0419265419265,2193.6722106722104,896.4808171400099,1364.891380169407,711.0822320117474,1634.96953010279,321.4496855345912,1862.1062194269741,492.7123745819398,2545.457636566332,642.1261555193039,2564.86922240348,242.71206896551723,1680.1181034482759,563.2631147540984,2065.1846994535517,530.6281577325939,2706.1432532347503
912,912,408.0977534911961,2395.6426836672736,374.230303030303,2197.3807486631017,897.7418699186991,1361.5040650406504,707.7303867403315,1627.932965009208,314.8448637316562,1860.3567435359887,492.1226871619698,2547.6458867065185,640.5955334987593,2570.846980976013,238.9361207897793,1675.915505226481,559.0413030831878,2057.6285631180917,525.5194159676918,2710.981981981982
913,913,407.2840737382895,2399.3028105167723,378.2221059972106,2201.1269177126915,899.0229709035222,1358.4561000510464,704.7483801295896,1621.7591792656588,309.24878218510787,1857.8907446068197,491.59699801755875,2549.743415463042,639.1958991410363,2576.9321141590467,235.4792204069934,1672.030954428203,553.9912663755458,2042.918486171761,520.7245696400626,2715.605946791862
914,914,406.4632509911558,2402.6764257395544,381.6116946778711,2204.3623949579833,900.07410236822,1356.1606824548,701.7242753623187,1615.4467391304347,303.80245649948824,1855.288638689867,491.03134620766855,2551.910159529807,637.8716693855356,2582.278955954323,232.0439775910364,1668.3347338935573,549.5033596260589,2032.9076833187262,516.1370162297128,2720.0315230961296
915,915,405.6208487084871,2405.922816728167,384.7193347193347,2207.2806652806653,900.9942786069652,1354.4323383084577,699.2883569096845,1610.1171563293433,298.776965901183,1852.7633959638133,490.6804037005887,2553.488645920942,636.5191029900333,2588.113510520487,229.17112597547376,1665.2095875139353,546.1911599099099,2024.9124436936934,512.3993184634448,2723.6595415117717
916,916,404.99387817569635,2408.1539638812365,388.101617440225,2210.4476090014064,901.849912739965,1352.5205684367988,697.1172839506172,1605.4052287581699,294.45702306079664,1850.5398322851154,490.327049414453,2555.0088546129673,635.2941505737475,2592.891127903722,226.27215363511655,1662.1440329218108,542.9253171856977,2016.348039215686,508.53742743660246,2727.339138405133
917,917,404.3673719717878,2410.2848819380556,390.7343804537522,2213.0237347294938,903.3439358675976,1349.2629945694337,695.9927536231884,1601.5103519668737,290.9454796411318,1848.8502415458936,490.0664983164983,2556.4640852974185,634.4041152263375,2597.155281207133,223.46440397350995,1659.146523178808,540.6944206008584,2009.5030042918454,505.7362736273627,2730.085208520852
918,918,402.77864077669904,2412.9362459546924,393.49524815205916,2215.6008447729673,904.0993071593533,1347.9183987682834,696.4281609195401,1590.3714080459768,287.1080312722104,1846.772210376688,489.55155071248953,2558.400111763062,633.4097279472383,2601.373454245672,221.02897350993376,1656.4677152317881,538.7683664649957,2003.456064534716,502.42018348623856,2733.351987767584
919,919,399.95351681957186,2416.1302752293577,396.02513089005237,2218.047120418848,903.0320781032077,1339.9071129707113,701.5414480587618,1572.5400489681706,284.50577124868835,1845.3018537950331,489.33970628983093,2559.694098088113,632.6663938897981,2604.925804691762,218.49241797628892,1653.7488282326992,537.175972927242,1998.15595036661,499.6010879419764,2736.085222121487
920,920,395.64761904761906,2420.206349206349,398.33610533610533,2220.1548856548857,895.0064580228513,1319.4570293094882,705.4279279279278,1557.0952875952873,282.17981072555204,1843.855590606379,488.94998602961715,2561.110645431685,632.2972222222222,2611.625,216.14698596201487,1651.1511147811725,535.9144370122631,1993.8795986622074,497.2811463046757,2738.3273001508296
921,921,392.68444875525375,2423.1238279987065,400.730607966457,2222.4154437456323,888.0471556886228,1298.4785429141716,708.79035639413,1544.0995807127883,279.0153626295105,1842.0514469453376,486.9734278122232,2563.742840271627,632.6283333333333,2628.099166666667,214.05263157894737,1649.0426065162908,534.4587570621468,1988.9748587570618,494.4509267699787,2741.006381039198
922,922,389.735142118863,2426.1214470284235,402.99432624113473,2224.536170212766,882.6839209802449,1280.632658164541,711.8055846422337,1533.2167539267016,277.0786360473208,1840.7578288100208,480.9084967320261,2568.1910279263216,630.6589339961336,2644.20988677161,212.07064017660042,1646.9619205298013,533.2263202011735,1984.3232746577255,492.18013926733266,2743.3100211928545
923,923,387.2288888888889,2428.6565079365078,405.2647058823529,2226.4201680672268,878.3809523809523,1265.8047868362005,714.6074307746231,1523.5856992639326,274.90663826766064,1839.233581824636,469.8015244796247,2575.293169158604,628.524834437086,2657.862306843267,209.9676970203286,1644.7218045112782,532.0441051738761,1980.1286400904721,490.0935295921496,2745.3560257589697
924,924,383.1493383742911,2432.351921865154,407.06126687435096,2228.136725510557,874.5857605177993,1252.5257654966392,716.924921793535,1515.6642335766423,272.98456140350874,1837.8115789473684,460.11419485400404,2582.0662041052324,627.022113022113,2670.0019110019107,208.21852468108708,1642.807820299501,531.0255768696136,1976.3066444259105,487.6657592256503,2747.6993345432547
925,925,378.9310009718173,2436.045027534823,409.1245108502312,2229.9057274991105,871.3288220551378,1240.4245614035087,719.5364912280702,1507.9238596491227,271.003164556962,1836.3488045007032,452.3251390108282,2587.3716710564822,625.8385674931129,2681.0597796143247,209.11782252050708,1642.517027094208,530.2066723211761,1972.8114221091319,485.9405637254901,2749.425857843137
926,926,376.12213740458014,2438.4481552162847,410.9204861111111,2231.4326388888885,868.5462962962962,1229.9424424424424,721.5308514305411,1501.7018269562218,269.90280629705677,1835.098904859685,445.2046376811594,2591.8855072463766,624.8748276812793,2690.2310449407223,208.97260273972603,1637.9486972871339,529.3612975391499,1969.3752796420579,484.1841868823001,2751.188679245283
927,927,373.70778816199373,2440.788473520249,412.69276895943557,2232.90582010582,866.0659090909091,1220.284595959596,723.6106471816283,1495.2887961029921,266.79256965944273,1828.7561059511522,438.25244444444445,2595.891259259259,624.0359556636928,2699.259259259259,225.3353570396068,1633.6871928302978,528.4484026010743,1965.8515691263783,482.30028735632175,2756.784195402299
928,928,370.2647058823529,2445.081277672359,414.4142705005325,2234.24494142705,864.1602086438152,1212.0004967709885,725.6409722222221,1489.539236111111,265.18502973067507,1817.1409583770549,432.58929096793173,2599.171226831421,623.3435261707989,2707.5625344352616,246.7830871705763,1630.1711555169418,527.8299261783077,1962.9227711527537,483.25313926940635,2770.347317351598
929,929,369.46304814474087,2450.7267709291627,416.20340788072417,2235.7589634362794,862.0797209765818,1203.440707523667,727.5637773079633,1483.9911909795628,264.13200280112045,1806.4191176470588,427.2625649913345,2602.1551126516465,622.8648867313916,2714.2683387270763,262.7397902869757,1626.6343818984546,527.0891310421905,1960.1363509360156,484.91145833333326,2784.3670504385964
930,930,368.70214067278283,2459.137614678899,417.8621291448516,2236.9483420593365,860.2781094527362,1195.5116915422884,729.281543274244,1479.4031977754603,263.2168550873587,1798.6779719081876,422.4697236919459,2604.7075249853024,622.3563975837452,2721.5354200988468,279.46156077748765,1623.262257035103,526.4795918367347,1957.2689909297048,485.8139784946236,2795.5357526881717
931,931,368.4736176935229,2466.934913112164,419.4374331550802,2238.207486631016,858.8310674723061,1189.005790533736,730.9180851063829,1474.5471631205673,262.2038767739702,1791.3059882312218,418.0997673065736,2606.998254799302,622.0160309563294,2727.6616915422887,294.04117468967604,1620.6802906448684,526.2498699947997,1954.4836193447738,486.4146743610882,2804.49738939269
932,932,368.5206636500754,2471.8536953242833,420.6259298618491,2239.061282323769,857.3879331837446,1182.335577162802,732.2541493775933,1470.769363762102,261.3022088353414,1785.0903614457832,414.1986123156982,2608.897080080948,621.6190080354669,2733.724854530341,306.69088191330343,1618.5318385650223,523.6522354272778,1938.2682512733447,486.70139436990263,2812.808997632202
933,933,368.4412121212121,2476.902424242424,422.29544626593804,2240.271766848816,856.0493638676844,1176.2750636132314,733.8440917107583,1466.631746031746,260.53575025176235,1779.050688150386,410.85871772555845,2610.6460690455465,621.4524005486968,2738.847462277092,318.0149572649573,1616.6245421245421,518.449930264993,1922.8172942817293,487.021645021645,2820.561417748918
934,934,368.5190862639014,2481.1457769762546,423.6305823508396,2241.250446588067,854.937172774869,1171.1697830964847,735.1315789473684,1462.9291228070174,259.9265040650406,1774.9099186991868,407.36137339055796,2612.3653791130187,621.1953273566966,2744.1768541157294,327.7342698273339,1614.6938835235585,513.1605465414176,1907.165385710219,487.2593184238551,2827.2465388711394
935,935,368.50792199878117,2484.8759902498473,424.9857091818506,2242.0635941407645,853.8038337067462,1165.7418471496142,735.9693693693694,1459.1538738738739,259.08730964467003,1769.4331641285955,403.6963869463869,2614.016317016317,620.8932568932569,2749.054054054054,343.81639624252773,1608.5647594648449,509.69104991394147,1894.4254159495122,487.54337539432174,2832.6961093585696
936,936,368.5496389891697,2487.971720818291,426.3037749287749,2242.8821225071224,852.9303781617831,1161.2266466316053,734.316648531012,1450.3424011606817,258.4391057724391,1764.7384050717383,401.4352640545145,2615.4182282793868,620.1627719580983,2756.549556809025,369.80343347639484,1601.1974248927038,506.90248842592587,1883.199074074074,487.7525960539979,2837.7416926272062
937,937,368.510303030303,2491.2978787878787,427.4922856117689,2243.7341227125944,851.9832347140039,1156.6540927021695,729.5532683279162,1433.7367280606718,257.9369977499196,1761.2291867566698,401.55739427370634,2619.0824796427632,618.1097724230254,2773.6441767068272,389.2407108239095,1594.193861066236,504.4643971631205,1873.4629787234041,488.11053283767035,2841.9085501858735
938,938,368.53084168945605,2494.072318444242,428.91569664902994,2244.4613756613758,851.121121866468,1152.2757508066518,725.8467886616434,1418.9576605669176,257.44864148442673,1757.152087475149,413.46846133544466,2623.745843230404,617.8096013018715,2791.7268782207752,405.1896781058792,1587.123171056132,502.5737891737891,1865.582336182336,492.942996742671,2843.796688382193
939,939,368.65709876543207,2495.850925925926,430.14244396240053,2245.2960954446853,850.3173431734317,1148.2816728167281,722.1556970983722,1406.7763623496107,256.9871794871795,1753.2100591715975,438.7357110196616,2632.3877457704616,616.5381030701753,2809.378015350877,419.25105485232064,1580.1856540084386,500.85722411831625,1857.3748577929462,518.3251342945999,2813.656488549618
940,940,368.7220227408737,2498.487432675045,431.4113856068743,2245.779448621554,849.536555142503,1144.1320941759602,718.5590828924162,1396.3710758377424,256.4370594159114,1748.990265189661,465.8296587926509,2642.9671916010498,615.9450386215092,2824.6824123588826,431.526864893062,1573.526864893062,499.4895124716553,1850.8421201814056,540.0713114754099,2781.3513661202182
941,941,369.10258724428394,2499.9365222623346,432.59771346909605,2246.480528760271,848.8263052208835,1140.3589357429719,715.3983140147524,1387.4812082894273,256.18022486772486,1746.2777777777778,488.8162018592297,2649.493758300133,615.92267329467,2836.975421154377,442.1389981641752,1567.7280356674535,498.29388560157787,1844.5917159763314,556.5453474676088,2752.2717903415783
942,942,369.33603117505993,2501.5998201438847,433.6544144144144,2247.1409009009008,848.1752450980391,1136.7894607843136,712.5404148783977,1379.6044349070098,255.72892347600518,1743.2457846952009,508.7320610687023,2655.765139949109,615.9295644114922,2850.109051590979,451.30757220921157,1562.5399427530574,497.20829805249787,1838.534010725374,569.4509101760668,2726.193375111907
943,943,369.76052073872233,2503.0481380563124,434.9757709251101,2247.687591776799,847.6919079435784,1133.8582034149963,710.1636167922497,1372.933979189092,255.40759408602148,1740.075940860215,525.1341853035144,2661.7382854100106,615.7294353683003,2858.9942676984806,460.20549392498674,1557.1278394083465,496.2741433021807,1833.0277541772869,582.1322463768116,2686.4770531400964
944,944,370.0335868187579,2504.3589987325727,436.00643776824035,2248.024678111588,847.1480370092522,1130.8189547386846,707.6800870511426,1366.3891911498004,255.09436524100474,1736.917515274949,540.1747967479674,2667.1612466124657,615.9721264367815,2868.2114942528733,467.75281487300333,1552.5459544383345,495.680856983862,1828.3717306622145,598.6147224695754,2631.630157316711
945,945,370.44464831804277,2505.135474006116,435.6612521150592,2247.184433164128,846.6141535383845,1127.881220305076,705.4721919302071,1360.7579062159216,254.75613858055834,1734.4621594349142,552.6787022501308,2672.212192569335,616.0621761658031,2876.799942429476,475.84396597554485,1547.0050505050503,498.0476598173516,1818.952910958904,616.4530201342282,2584.595357941834
946,946,370.6940553999377,2506.6539060068467,443.6312925170068,2245.5925170068026,846.3239852398524,1125.3539975399754,703.4619047619046,1355.5076923076922,254.5924764890282,1731.6053639846743,564.4819309600863,2676.1909385113267,616.2382588774341,2884.6457617411224,484.6669073405535,1536.8305655836339,514.2241784037558,1802.2796361502346,632.8922989485649,2546.6547314578006
947,947,371.43409378960706,2507.5196451204056,458.4160896801846,2237.529179030663,845.8891374596072,1122.5988068605518,701.6420021762785,1350.910409865796,254.18892393971257,1728.6049772169645,575.5311203319502,2678.2644536652833,616.7999408983451,2891.8259456264773,497.08625403927414,1518.1034054188415,528.5570815450644,1788.2575107296138,647.0205303678357,2518.103792415169
948,948,372.5604770017036,2506.1609880749575,470.7085889570552,2230.701772324471,845.635978043912,1120.4658183632735,699.8886494252873,1346.4202586206898,254.02189265536722,1726.1052259887006,601.4645851402139,2661.2781150621568,617.0932277924362,2899.089709762533,508.14062893081757,1503.2432704402515,541.1640442890442,1776.9326923076924,657.5034809245335,2497.4750765803396
949,949,375.06219122348153,2507.079337401918,480.85888077858874,2225.308654848801,845.6522574447646,1118.6275216138329,698.5621621621622,1342.7596396396395,253.86604036186498,1724.2205984690327,625.4757810260819,2639.7259959873886,617.6049062049061,2904.8357864357863,517.1907630522088,1490.9048694779115,552.5246806039488,1768.107142857143,667.5193798449612,2479.373696872494
950,950,385.1934795856185,2499.5033516148687,489.37756879136185,2220.7819575060953,845.7183588317107,1112.9035697728325,696.9648367420165,1338.8435593828488,253.68042655658752,1722.157894736842,645.1806771745476,2622.3277875072968,618.0670117917745,2911.1613459879204,524.4760837070254,1480.276033881415,562.7966347548593,1760.62228024369,686.4932203389831,2454.731638418079
951,951,403.3196881091618,2482.0295646523714,496.7005590496156,2216.4412997903564,850.7830009496676,1104.0439221272554,695.8673104434906,1335.8283261802576,253.86694677871145,1720.455182072829,660.6534508076357,2607.396769456681,618.6421356421356,2916.505627705628,531.1934837092731,1470.1924812030074,571.5401396160559,1754.1221640488657,697.2135812905043,2423.8444632290784
952,952,418.1124497991968,2467.5635876840693,503.11912568306013,2212.7438979963567,858.5459433040077,1094.8567937438904,694.5625925925925,1332.5422222222223,256.7812166488794,1712.2942013518318,673.7296564195299,2594.2673297166966,619.1033033033033,2921.8384384384385,537.2267080745341,1460.7075569358178,579.8596802841919,1748.2380106571936,702.1315789473684,2395.119128466327
953,953,428.8969696969697,2451.254901960784,509.1208103130755,2209.1296500920807,864.8210474063042,1088.1290642839413,694.5296127562642,1327.2832194381167,263.5284455128205,1693.2155448717947,685.3222734254992,2582.6175115207375,619.8295668549906,2927.7831136220966,542.5538502961766,1452.175282714055,587.6525084641428,1742.8482610033855,706.4518140589569,2371.711167800453
954,954,436.2446666666666,2438.5216666666665,513.4546091833158,2206.774272695408,870.44828396803,1082.339210155148,700.6702508960573,1311.6379928315412,267.4116133774347,1679.085630282984,694.8009299622203,2573.4196454519033,620.2044405997692,2930.666089965398,547.0321527254458,1445.2283345892993,593.3336249635462,1738.9938757655293,709.7347417840375,2355.101525821596
955,955,442.3954857703631,2426.952894995093,517.5188297541239,2200.9747899159665,875.1331438047855,1077.3001658374792,707.1068917018283,1293.7760196905765,270.29535398230087,1667.1286873156341,704.3996478873239,2564.0586854460093,620.8245462402766,2934.4269662921347,551.2052644900025,1438.3396608453556,599.7448053848404,1734.4612232952882,713.199881376038,2339.7458481613285
956,956,447.1099899091826,2418.2549613185333,518.6253908692933,2180.9931207004374,880.1799903100774,1072.4454941860465,712.2677419354839,1278.0806451612902,272.65011286681715,1656.5782543265611,712.9921851517884,2556.040877667568,621.4545722713864,2939.2448377581118,555.410883280757,1431.5730809674026,605.1752976190476,1730.6973214285715,716.9428483163422,2324.9842446709918
957,957,451.6365763958542,2410.6556335673686,519.2602528522972,2158.264569842738,884.3321316991107,1068.637106464792,716.5524786324786,1266.5736752136752,274.5160707836764,1648.5659082701336,720.5590246803449,2548.9601546238473,622.0125786163521,2942.1269296740993,558.9272030651341,1425.976756066411,610.3986406619385,1727.1394799054374,720.1107153457999,2313.2249925794004
958,958,456.0522045855379,2403.638447971781,520.6556886227545,2139.006320691949,888.622780314561,1064.3602232369356,720.973493100944,1255.3732752360202,276.48699186991865,1638.4170731707318,728.164811379097,2541.811997526283,622.585913782635,2946.2276867030964,562.8136375984786,1419.5397989676717,615.3553719008264,1723.779920416284,723.3518518518518,2301.247013142174
959,959,459.5302727877578,2397.4810379241517,521.2897560975609,2123.672520325203,891.9052429052427,1061.5863395863394,724.978125,1245.91875,277.82931286549706,1632.3870614035088,734.2676904546822,2536.189701897019,623.0619292237442,2948.426940639269,565.8451178451178,1414.7969437969437,620.0125223613595,1720.7680381633868,725.7852593266606,2292.1607521989686
960,960,462.5284474445516,2391.139826422372,521.6372924648786,2111.332694763729,895.6922519913106,1058.1952691286506,728.2502543234995,1238.3062054933876,279.2042042042042,1625.6599099099099,740.0897435897435,2530.886404293381,623.7066779374471,2951.5460693153,568.6527563111798,1410.3580628541988,623.979184989739,1718.2925828202872,728.1614814814815,2283.991111111111
961,961,465.57065390749597,2384.3904306220097,521.6158029430582,2100.022712731926,898.9097421203438,1055.3954154727794,731.2894030851777,1231.559356136821,280.4944504117436,1620.1854636591477,745.867206235012,2525.634292565947,624.1887713588283,2954.1022511526985,571.7624935600206,1405.3869139618753,628.5634427684117,1715.509020999704,730.7848101265823,2275.242314647378
962,962,468.4793281653746,2378.363695090439,521.6474912112495,2089.7209971236816,902.0714112805615,1052.7189542483661,734.3589743589744,1224.811282051282,281.82928623988226,1614.130242825607,750.9813140446051,2521.032549728752,624.8002824858756,2956.9827683615817,574.5241379310345,1401.2137931034483,632.203143534994,1713.206109134045,733.2575757575758,2267.578728461081
963,963,471.09123492994456,2373.099706744868,521.4627107652399,2080.432230869001,904.9290830945558,1050.32664756447,737.1060142711519,1219.0261637784572,287.3775238095238,1607.5550476190474,755.4496937882765,2513.487022455526,625.3189233278956,2959.256933115824,577.0129375951294,1397.4008117706746,635.6092675635276,1711.2505231689088,735.6603717026378,2259.8714028776976
964,964,473.337569240795,2368.045943304008,521.5070921985815,2072.207285622179,907.9114809454895,1047.8868789194403,739.5792517006803,1213.9574829931971,304.3633119200571,1595.5920770877945,759.8877887788778,2486.6567656765674,625.9916943521595,2961.7129014396455,579.5190839694657,1393.5547073791347,639.4586309523809,1709.0604166666665,737.7705223880597,2253.521766169154
965,965,473.8882817243473,2358.3306010928964,521.6259842519685,2064.3871391076113,909.9134527089072,1046.623048668503,742.4156336088154,1208.302341597796,321.2851018220793,1580.5284030010719,764.940344403444,2458.689421894219,626.5254571026722,2963.7538677918424,581.8351254480286,1390.1072708653353,642.3025411061285,1707.501644245142,739.8772252915899,2247.432166973603
966,966,471.14241001564943,2340.523630672926,521.773148148148,2057.477843915344,917.7755456349206,1046.3065476190477,744.4280664545776,1204.2131495227995,336.31075268817204,1569.0186379928314,767.8309566250742,2435.332144979204,627.2419183889772,2964.79835718071,584.2541152263374,1386.6069958847736,645.1317276241451,1705.9182277728219,741.7321212121211,2242.0554545454547
967,967,469.54194792671166,2323.9369977499196,521.9872798434442,2050.837899543379,925.2818181818182,1060.5275252525253,746.6120959332638,1200.25755995829,348.99311594202896,1559.5039855072462,769.2223227752639,2416.1122171945703,628.2905569007264,2964.8089857411887,586.4124513618677,1383.656290531777,649.4107981220657,1702.2288732394366,743.9022988505747,2236.4446460980034
968,968,468.32771009059667,2310.971883786317,522.2619718309859,2045.7568075117372,931.4586766541822,1078.3940074906368,748.4707692307692,1196.9104273504272,359.3869770580297,1551.4662618083669,769.9573542210618,2400.223382651581,627.727248465439,2955.40192153723,588.2525252525252,1380.9103535353534,658.3445945945946,1687.9206081081081,745.2460102378801,2229.6139716952725
969,969,467.435393258427,2299.7172284644193,522.5992292870906,2039.8754014129736,936.2359521993388,1093.1698449021103,750.7270854788877,1192.7909371781668,369.04389574759944,1543.5829903978051,770.238602723505,2385.306690349319,631.0806878306878,2927.868783068783,590.5385392974475,1377.736416477129,670.7481353987378,1670.5837636259323,743.5863703703703,2209.065777777778
970,970,466.57322044528064,2289.7024145500154,522.8480252764613,2035.078672985782,939.7829994863893,1107.6106831022084,752.6979276431331,1189.4278187565858,377.33918732782365,1536.65564738292,770.5417396380618,2372.0502043199062,634.7428571428571,2900.8470238095238,592.9725818735719,1375.4105102817973,682.1002898550724,1657.352463768116,743.1362038664323,2181.8412419449323
971,971,465.9052994669175,2280.2903731577294,523.3643039591315,2030.028735632184,942.1364094805849,1119.746091780131,754.11396011396,1187.1096866096864,384.21921017402946,1530.7901606425703,770.5924036281178,2360.865079365079,635.776707530648,2881.343549328663,603.9502719502719,1365.7443667443667,691.7372583479789,1645.9411247803164,741.7791932059447,2159.621474067334
972,972,465.6676056338028,2272.3956181533645,525.0523333333333,2013.8736666666666,944.3377159061613,1130.741686001547,755.780200761509,1184.5905157493942,390.5445113788487,1525.1646586345382,770.5540150202195,2350.5387059503178,635.7651515151515,2865.0429292929293,619.2593939393939,1353.412121212121,699.4776721405934,1636.7712474791126,740.4143109540636,2142.2184923439336
973,973,465.42404268675455,2264.909918392969,523.8257142857143,1997.961587301587,946.3203858847422,1140.261741558771,757.5426275331936,1181.7969951083157,396.4538512616202,1519.6105577689243,770.5465965527314,2340.574642126789,635.5544416597048,2851.170983013088,634.7907938970778,1339.397724334109,706.830048557555,1628.1576692373608,738.9540023894863,2126.9486260454
974,974,465.3242990654206,2258.4813084112147,522.6184933721306,1982.1364371160685,948.1308243727598,1149.2465437788019,759.0809027777777,1179.3649305555555,401.2579482137004,1514.6968207145196,770.496090356212,2331.440486533449,635.5505617977528,2839.017862287525,648.5408854166666,1327.7341145833332,713.8857727139936,1619.9427402862984,737.708916083916,2113.6480186480185
975,975,464.9301527907702,2251.2878079201746,522.0138339920949,1968.0398550724638,949.9207586386074,1157.656274356976,760.7154989384288,1177.109695682944,406.4904904904905,1509.2492492492493,770.3617084826761,2323.3228793309436,635.9900722021661,2828.342057761733,659.0420560747664,1317.9903946002075,720.2028458976687,1612.8210717529519,736.7486147564888,2102.0752405949256
976,976,462.83670477865724,2240.4459102902374,521.2481990831695,1957.0406024885394,951.5146791374382,1164.9153026760198,762.0217773094485,1175.3582718651212,410.49754661432775,1504.6064769381746,770.6018272914824,2316.2216327733568,636.5376052948254,2818.6805054151623,668.1170681170681,1308.946645946646,725.4658385093168,1607.1052942916297,735.7931338028169,2090.5821596244127
977,977,460.9000318369946,2219.804839223177,520.4324055666004,1946.8303512259774,953.0601347848626,1171.786677034733,763.515898535191,1173.4187209717754,414.6201939150786,1500.119692410565,771.4252100840337,2308.9627450980392,637.0936936936937,2810.5291291291287,676.2690012970169,1300.7387808041503,730.7990329404653,1601.4097914777878,735.083109919571,2081.173071194519
978,978,459.9350811485643,2200.9422596754052,519.7305716120744,1938.4062299293512,954.6106287818993,1178.9731649565904,764.8805496828753,1171.9411557434812,418.3250332005312,1496.2284196547143,772.4269323671497,2302.012379227053,637.5724381625441,2803.2152532391046,683.073359073359,1293.6666666666665,735.6343703703703,1596.1970370370368,734.4632558139535,2071.5972093023256
979,979,458.5234521575985,2185.0393996247653,518.8701341184167,1930.3748773307163,955.8403976975404,1185.1214024071166,766.1258790436004,1170.517229254571,421.6377097729516,1492.5495228693649,773.929581795818,2295.651906519065,637.9585185185184,2796.3677037037037,689.8854648176681,1286.0557267591166,740.4230423042304,1591.1266126612659,733.9881468632552,2064.1257588898525
980,980,457.8114702154626,2171.1666666666665,518.1344294003868,1923.6154094132817,957.1157112526539,1190.6427813163482,767.3887125220458,1169.1731922398587,425.1626746506986,1488.727877578177,775.7287414965987,2290.7446145124713,639.2670141905588,2789.3072690414133,695.6967824967825,1279.378120978121,744.5556566575674,1586.8556263269638,733.6067547723935,2056.3030837004403
981,981,457.29174256223433,2159.184881602914,517.3870656370657,1916.664736164736,958.2306292251689,1196.0941237649504,767.2169540229884,1166.940014367816,427.7944936086529,1485.8734841035725,777.4349315068494,2286.6743721461185,646.266494549627,2763.9962707974755,700.4932103510121,1273.5862157314884,748.3485915492957,1583.1784037558684,733.1644365150163,2049.0695807314896
982,982,457.08638497652584,2147.9708920187795,516.7096253229973,1910.5258397932814,959.47237642083,1201.5915939730373,764.9207507820646,1168.6430309350017,431.1911911911912,1482.2882882882882,779.334829443447,2281.827947336924,650.5945045795171,2734.577851790175,705.2980149523072,1267.7703016241298,752.0929951690821,1579.5452898550725,732.7745098039215,2043.0448603683894
983,983,457.08549382716046,2138.4790123456787,516.0701926216127,1904.5794972249428,960.5733018620508,1206.3446105428795,754.9398249452954,1175.4139314369072,433.72641201436494,1479.6480574600064,781.4024390243902,2277.904761904762,656.4978973927671,2709.4065040650403,709.6563547306007,1262.479247228667,755.7749774977498,1576.089408940894,730.3814159292035,2033.6315634218288
984,984,457.13709180529884,2130.0261860751693,515.3669634025717,1899.6303989449389,961.6863857374392,1211.0175580767152,736.8588272785213,1186.6411727214786,436.11693676517314,1477.1474420082616,783.0474604496253,2275.0574521232306,660.6250697934114,2689.047180346175,713.7826987826987,1257.4519554519554,758.8757112908056,1573.142258161126,721.1169064748201,2007.6091127098318
985,985,457.2842686292548,2122.221711131555,514.8980850373255,1894.5894190197987,962.8778041699655,1215.7347585114805,718.5650239561943,1199.6581108829569,439.24518445968005,1473.4910218739797,784.9221472737493,2271.4842608206854,663.9390313390313,2671.67094017094,717.7900181018877,1253.0103439358675,762.3123689727463,1570.1578316861335,713.58784176847,1981.4924374636414
986,986,457.4841489689135,2115.3755001538934,514.3792434529583,1890.5577109602327,963.5517148981778,1219.037513397642,702.58598937583,1213.516600265604,442.11785150078987,1464.8783570300156,786.7187928669409,2268.36488340192,666.3336162988115,2656.402942840973,721.5387953037264,1248.6597753956098,765.0198198198199,1567.8339339339338,705.7438409023448,1958.787177203918
987,987,458.4379947229551,2107.161243037232,513.9683604985619,1886.189837008629,964.5785101822078,1222.9820471596997,688.6748893105629,1223.7213788741303,446.7305370193835,1448.954242135367,788.631669535284,2263.8493975903616,668.2897822445561,2643.35594639866,725.3164141414142,1243.9148989898988,768.0263315380012,1565.3955715140632,699.8639813193228,1939.900467016929
988,988,461.3390185517654,2089.280371035308,513.6808309726157,1882.853320742839,965.6543307086614,1227.0771653543306,676.209347614411,1234.043816942551,451.7480392156863,1436.4052287581699,790.2325581395348,2261.0390467987363,670.113712374582,2631.1496655518395,728.3127226463104,1240.1977099236642,771.6121380160197,1562.2054836722118,694.9252003561887,1924.2974176313446
989,989,461.56007393715345,2070.9334565619224,512.3637274549098,1876.2635270541082,966.6777777777777,1230.3612403100776,666.5766830870278,1242.9717569786535,456.4043824701195,1425.2407038512615,791.4202053844018,2260.0033305578686,671.6465076660988,2619.519875070982,731.5009036922282,1236.1148980118771,773.37480215258,1555.4419119974675,690.4356261022928,1909.9753086419753
990,990,461.8372456964006,2055.186854460094,506.5657462195923,1865.1462853385929,967.27199354318,1232.854721549637,658.5308641975308,1250.3680961663417,459.7505804311774,1416.882918739635,793.4262065095397,2255.3824354657686,673.0054739268222,2609.432440218957,734.0737373737373,1232.879797979798,772.9513358778626,1540.313613231552,686.513098464318,1897.3574224631134
991,991,462.06433823529414,2042.141544117647,496.86085781830457,1848.0715974332993,968.3819951338199,1236.4006488240066,650.3778894472362,1258.628810720268,462.9769433465085,1408.5151515151515,795.1144366197183,2251.083333333333,674.1282932416952,2600.5584192439865,737.2657414546388,1228.800051400668,771.8559241706162,1525.731437598736,683.2565492321589,1886.2366757000902
992,992,462.0427661510464,2030.754018804974,490.1922043010752,1834.288306451613,969.3343848580441,1239.6227655099894,642.4794383149448,1270.4653961885656,465.4813008130081,1401.4136585365854,796.4655894673848,2248.4608019150205,675.1478913922588,2591.826978625072,739.8734924300744,1225.5414421349756,770.5667311411992,1513.9029658284976,680.3219321932193,1876.0171017101711
993,993,462.10586811857223,2020.6448880822745,484.65574313141343,1822.9728566699766,970.1757575757575,1242.1185770750988,636.0019286403086,1280.802957248473,467.9273797841021,1394.829898593392,797.421888053467,2247.653299916458,676.1235209235209,2583.982395382395,742.4338216396812,1222.3708558211256,769.185854741516,1504.1110053916902,677.7341197822142,1866.9567453115546
994,994,462.07125382262996,2011.1400611620793,479.89072098286454,1813.2586485612671,970.878164556962,1244.3633966244724,629.6392868513211,1289.8194842406876,469.77052904901007,1389.0133073677375,798.5479452054794,2245.456621004566,676.9134860050891,2576.4271981905567,744.8076436345228,1219.4684889901291,767.6557835820895,1495.7273009950247,675.3982300884956,1858.1056047197637
995,995,462.20485175202157,2003.2219227313567,475.6871544715447,1804.5684552845528,971.7767245918905,1246.8209583991575,624.0272698107153,1298.5139557266602,471.6568998109641,1383.169502205419,799.7878260869566,2242.4834782608696,677.7137650686851,2569.258760863471,748.3135150013762,1213.168455821635,766.1568444028687,1487.6919239164326,673.4895104895105,1850.6028554778554
996,996,462.2967332123412,1995.7670901391407,472.01191626409013,1796.8740740740739,972.7507200837914,1249.7606703325478,619.6508704061896,1306.284332688588,473.261742792355,1377.9115646258504,800.8761655011655,2239.7782634032633,678.5433673469388,2563.049319727891,747.4899031811894,1205.2774550484094,764.8119899560577,1481.067168863779,672.3147672093687,1843.5352756355326
997,997,462.463428736629,1989.6539462272333,468.69797782126545,1789.8590998043053,973.769847426946,1252.6783035945177,615.8617090671885,1313.5684931506848,474.7610124917817,1372.914201183432,801.5172101449275,2237.5301932367147,679.2248858447488,2556.5841894977166,743.3554083885209,1190.6655629139073,763.5421724245253,1475.053843759726,674.4472984942427,1827.4313551815767
998,998,463.12447636146015,1979.6262716935964,465.7010939510939,1783.2068854568854,974.4261667941852,1256.7005865850547,612.7743842364532,1319.7592775041048,476.21342456826324,1368.1814923427826,799.7365781710914,2230.8171091445424,680.02130109384,2550.7723085780076,739.4251089324619,1177.920751633987,762.3080287410183,1469.1533895657606,681.1622164800459,1802.330749354005
999,999,464.4162797895388,1964.188486536676,463.1906602254428,1777.6946859903383,970.6807973757254,1266.1170830179155,609.7638207392868,1326.0631337912985,477.2594752186589,1364.1584062196307,793.1748633879781,2209.931262582686,679.1671525753158,2544.5466472303206,735.6141496598639,1167.3229931972787,761.2950047125354,1464.247565190072,686.6919720767888,1780.1861547411286
1000,1000,464.248436103664,1949.3562704795947,460.838141025641,1772.3685897435896,958.7286879169756,1279.8277736595007,607.3064676616915,1331.564510779436,477.99874568830353,1357.0072122922545,787.3237847222222,2190.1851851851848,672.4897849462365,2519.30752688172,731.751873438801,1157.9730779905633,760.3240482822656,1459.2042711234913,692.6346713205352,1762.2542175683536
1001,1001,464.8256227758007,1935.4406880189795,458.7065009560229,1767.435946462715,947.3234941204703,1292.8478521718262,605.3924626380766,1336.0623781676413,480.2093690248566,1341.848629700446,781.8612059158133,2175.542093287827,668.2697368421053,2493.220394736842,728.4481907894736,1150.3218201754385,759.5297014465989,1455.0781779008923,698.2704241389126,1747.0774267008253
1002,1002,465.0281481481481,1923.748148148148,456.55102040816325,1762.6783284742469,937.2571638501103,1304.6713201077637,603.1912298054731,1340.9788987800855,484.5639291465378,1327.4431561996778,776.8357283741899,2162.573400958016,663.1850631521141,2472.8904448105436,724.9832481544577,1142.9991482112437,758.7807100219918,1451.2610744580584,703.1312775330397,1733.907488986784
1003,1003,464.9406352033244,1913.5838527753042,455.3037456720176,1758.0421781554924,928.9796363636364,1314.1333333333332,601.7479753806284,1345.0168448331713,487.8603475513428,1314.7513428120062,772.5851851851852,2151.4897435897437,657.9874163319946,2455.701740294511,722.1839464882943,1136.9005016722408,758.0725038402458,1446.926267281106,707.4723441615453,1722.5417032484636
1004,1004,464.70188003581023,1904.5270068636228,453.15033947623664,1742.4296799224055,921.6213662790698,1322.3825096899225,600.1996215704825,1348.9908546199936,490.81877323420076,1303.8051425030978,768.5386803185437,2141.3933447098975,653.119664833726,2441.060748887143,719.2178189994378,1130.8965711073636,757.4826100338565,1443.4327485380115,711.4177027827116,1712.2557726465363
1005,1005,464.50574712643675,1896.4830611010284,449.51734104046244,1720.9771997430955,914.7737137283589,1330.044867105584,599.0906744111003,1352.1716682800902,493.4450793650793,1294.7079365079364,765.2413502109705,2132.9277074542892,648.8681747269891,2428.5626625065,716.5794314381271,1125.7240802675585,757.0154464009885,1440.1760889712698,714.9979585885097,1703.1843102945463
1006,1006,464.3204898446834,1889.2556750298684,444.5802351445821,1700.741340959644,908.7172661870503,1336.9275779376499,597.7678008821675,1355.6783238815374,496.2789575289575,1285.6911196911196,761.793954520244,2124.3302828618966,644.9217819217819,2417.265993265993,713.5046728971963,1120.7414330218066,756.5304320403658,1436.6906338694419,718.3446630888491,1694.4663088849134
1007,1007,464.2734494347693,1882.4130766880537,441.4017914267434,1684.272872680742,903.2663723325975,1343.1044885945548,596.6264478764479,1358.9231016731017,498.53777777777776,1278.435238095238,758.8793248945148,2117.098452883263,640.9816395138349,2406.063356607189,704.8160337552742,1117.0585091420535,756.1632965686274,1433.6767769607843,721.1557907113462,1687.2466196355083
1008,1008,464.1898617511521,1876.6089093701996,438.78715244487057,1670.1741770533715,898.3386004514673,1348.6433408577877,595.503355704698,1362.0351550015978,500.9306930693069,1270.9676567656766,755.9858463316002,2109.961005199307,637.7861345612688,2396.7393195190584,685.5946643717728,1119.3775100401606,755.9203296703297,1431.0680708180707,724.2139037433155,1679.6027926322042
1009,1009,464.2626892252894,1871.5135054912434,436.6499356499356,1657.8922136422136,893.5633133133133,1354.0345345345345,595.6702964307319,1363.5859044162128,502.8923275306254,1264.6853642811088,753.1743145743145,2102.8767676767675,634.858024691358,2387.9909979423865,668.7819653824679,1122.5926856504746,755.7256172839506,1428.1817901234567,726.7757847533633,1673.0591928251122
1010,1010,466.84888469996855,1860.9742381401193,434.9236245954692,1647.1741100323625,889.6503340757238,1358.5939123979213,594.4542297979798,1373.3756313131312,504.85320197044337,1258.7297208538587,751.2925863044708,2097.905206564799,631.7384295371814,2379.0616224648984,654.6167364016736,1125.2156206415618,754.7172284644195,1425.480961298377,729.1590569979111,1666.898836168308
1011,1011,472.2825750541628,1839.696997833488,433.55014605647517,1637.7049659201557,885.9090038314175,1363.2358716475096,595.8379537953795,1396.3927392739272,506.50548354935194,1253.3984712529077,749.1487268518517,2092.1814236111113,629.189997422016,2371.1990203660735,642.5395335608646,1127.5850398179748,748.5732718894009,1423.1437788018434,731.4869281045751,1661.136660724896
1012,1012,476.16241651487553,1819.164541590771,432.37741312741315,1629.255148005148,881.9601845108035,1367.7419276523426,594.3771486349848,1414.7950792045838,508.29136566907465,1247.8885448916408,747.1351273148148,2086.7242476851848,627.0271528316524,2364.3338505301263,632.0931747380345,1129.8524497309543,738.5834087481146,1425.5040723981901,733.4430417793808,1655.9585211902615
1013,1013,480.2467261904761,1801.677976190476,431.299711815562,1621.6884406019851,878.556057185854,1371.844243792325,593.4791666666666,1430.9230510752686,509.7834672021419,1243.1847389558234,745.4393683023123,2082.0713479977435,624.8886286755138,2357.4782721831903,622.2048192771084,1132.2644865174984,727.4664887307235,1429.3615065243177,735.6114519427402,1650.673678060181
1014,1014,483.531746031746,1787.302503052503,430.41983523447396,1614.5690747782,874.9074787972244,1376.3058339758416,592.6523955147809,1444.2358137954468,511.2549413735343,1239.0750418760467,743.5995934959349,2077.1550522648085,623.0270897832818,2350.984520123839,613.7954220314735,1134.1699570815451,719.4098805646037,1432.4315960912052,737.5598820058997,1645.9834808259586
1015,1015,487.4008363201911,1774.252688172043,429.6445086705202,1608.6335902376363,872.8265078183172,1379.0151402333086,591.8791018998272,1456.5713298791018,514.9828884325804,1233.8678986995208,741.8311071534579,2072.201840308697,621.4503738076824,2344.9502449084816,605.7911927675707,1135.922717993584,711.4598459845984,1435.3718371837183,739.4795737122557,1641.3416222616931
1016,1016,490.37423687423683,1762.9603174603174,428.7831900668577,1602.1515440942374,869.4863030303029,1383.5318787878787,591.1436369839645,1466.8816103718866,525.8292939936775,1228.747453459782,740.3129793510324,2067.9666666666662,619.9767801857585,2339.2120743034056,598.4887905604719,1137.7085545722712,703.4856002281151,1438.527231251782,741.3488168273444,1637.2456909144025
1017,1017,491.58879904162916,1750.9359089547768,428.1550314465409,1597.2682389937106,867.08238851096,1386.3827160493827,590.3519458544839,1475.989170896785,537.6877298562354,1223.649281176864,739.0602684947157,2064.42587832048,618.7289766970617,2332.6347517730496,591.7599759975997,1139.3477347734772,697.2546136101499,1441.2015570934257,743.1405200116856,1633.489921121823
1018,1018,492.0907228563066,1737.401521802751,427.43000627746386,1591.8703703703702,865.1557213930347,1389.0544776119402,589.6766943291839,1484.9560857538033,547.3346680013345,1219.1144477811144,737.7630522088353,2060.7220309810673,617.4220280646015,2313.9113052687317,585.5330948121646,1140.7993440667858,691.8126436781608,1443.528735632184,744.8523131672598,1629.732206405694
1019,1019,493.1790826760151,1725.8185801928132,426.8720856962823,1587.5655324511656,862.9018574297188,1392.235441767068,589.0733882030178,1492.3947187928668,556.4613306315433,1215.046268152651,736.4457971014492,2056.9898550724633,614.3947230929989,2294.314263322884,579.4397810218978,1142.1055352798053,686.9566091954023,1445.6755747126435,746.8295187793426,1625.8835093896712
1020,1020,494.4820601851851,1715.7881944444443,426.1616635397123,1582.5553470919324,861.1091954022987,1395.1139430284857,588.5074074074073,1499.7646464646464,563.9900497512438,1212.0948590381424,735.3399368360608,2053.933103646282,611.0873138161273,2277.5002568053415,573.6205864751645,1143.572710951526,682.4761082325848,1447.6997697179045,750.43458781362,1621.8703703703702
1021,1021,495.6758031240789,1706.3457117595049,425.4519230769231,1578.1996794871793,859.4602573807722,1397.859449911683,588.0451745379877,1505.9609856262834,570.4863171777118,1209.5304978569072,734.1210283073368,2050.5002888503755,608.2403522403522,2262.3954933954933,568.4694189602446,1144.8250764525992,678.0906735751296,1449.8189407023604,760.4931077694235,1615.4589598997493
1022,1022,496.8909966877446,1698.1102077687444,425.12618595825427,1574.6739405439594,857.5751985652062,1400.8278247501921,587.639175257732,1512.2639175257732,576.9236947791164,1207.0026773761713,733.1732168850073,2047.5997088791846,605.810712428497,2249.8122724908994,563.6348039215686,1145.9460784313724,674.5348237317282,1451.3920894239036,771.8952556993222,1610.0680837954403
1023,1023,498.02777777777777,1691.0675029868578,424.3160130718954,1570.8297385620915,849.7393197278911,1405.1553741496598,587.3292847503373,1517.8572874493927,582.2436269764439,1204.9945143594707,732.1352063213345,2044.547556335967,603.5198226395408,2238.310641627543,558.8065010732904,1147.1941122355106,671.1570319240725,1452.9171699741157,780.6521212121212,1606.0315151515151
1024,1024,499.05831079050193,1685.0414788097385,422.85073690812163,1565.6221386014424,831.6964725184578,1404.067268252666,587.0887963926465,1522.8588276101282,587.2912106135987,1203.1330016583747,731.1903093987156,2041.908347927612,601.410635538262,2227.9071335927365,554.4538413878562,1148.2741635687732,667.4716435185185,1454.7060185185185,788.8619744058501,1602.8650213284582
1025,1025,500.2202925045704,1679.1968312004874,420.1382343700911,1554.2409676405905,813.5209339774557,1402.2399355877617,586.8793222683264,1527.6742738589212,592.1891441891441,1201.3949383949382,730.2579710144927,2039.1339130434783,599.4699496955255,2218.599417527138,550.4083175803403,1149.2693761814744,664.4324637681159,1456.235652173913,796.3102904040404,1600.1256313131312
1026,1026,501.32511415525113,1673.9092846270928,419.7909211398277,1540.2216699801193,798.2781316348195,1400.3845541401274,586.6097897276801,1532.4181316787315,598.7413140694873,1199.4884760921911,729.3316062176166,2036.4974093264248,597.7030015797789,2209.5821484992102,546.3492975734355,1150.3275862068965,661.5714699074074,1457.7100694444443,802.6432584269663,1598.048377028714
1027,1027,502.43496672716265,1668.9295220810648,420.22812097812096,1529.6911196911196,784.2947396246365,1397.8910917261433,586.4605308514305,1536.646673560841,609.8852459016393,1195.9215686274508,728.8223552894211,2034.8688337610492,596.0774330416334,2201.6950411031557,542.8339658444023,1151.3757115749527,658.9639175257732,1459.189289805269,808.6954076850984,1596.0477975632614
1028,1028,503.34132104454676,1664.8890937019967,420.4810379241517,1520.3453093812375,772.9041533546326,1395.5894568690096,586.3712905452036,1540.5144927536232,623.5405059237912,1188.09414024976,727.8586762075134,2032.1881335718542,594.6127681841967,2194.259026687598,539.2122940430925,1152.3377693282634,656.4278606965173,1460.6780801872987,814.0661649419881,1594.5101912825337
1029,1029,504.41828254847644,1660.5971068020929,420.7676767676768,1512.149494949495,763.4481927710843,1393.4883534136545,586.2390466175955,1544.0,640.5259481037924,1179.6696606786427,727.1338605741065,2029.9094903339192,593.2900987456632,2187.49186015479,535.9482980089916,1153.2941554271033,653.9870017331023,1462.2215482380125,818.5494121385445,1593.131236097871
1030,1030,505.3452928549524,1656.9371358478993,420.86995967741933,1505.258064516129,754.8317358892438,1391.63178913738,586.2409513960703,1547.7749052051015,652.9497098646035,1172.025467440361,726.7743235463442,2028.3767990788713,591.9818037974684,2180.7713607594937,532.7203140333661,1154.081452404318,651.8902510215995,1463.6803852889668,822.7232004942848,1591.828236021007
1031,1031,505.8906793048973,1652.9289099526065,420.98913781398505,1498.865919891378,746.7908653846154,1389.7959401709402,586.3139534883721,1551.4429175475686,663.9302554027505,1164.8041912246233,726.0460069444445,2026.2719907407404,590.7175186368477,2174.631256656017,529.5577623303542,1154.9927176431643,649.8685730791449,1465.202772963605,827.0137953160089,1590.5524542829644
1032,1032,505.38470622970175,1646.5966932388544,421.0456852791878,1493.317089678511,740.0928368244116,1388.1955003878975,586.3146804835924,1554.4044905008634,673.0410958904109,1158.8398564905413,726.1241283124127,2024.257740585774,589.5862808145765,2169.0085744908893,527.1464448793215,1155.6650358773645,648.3727506426735,1466.423021993716,831.4949983865762,1589.4188447886413
1033,1033,503.7870036101083,1635.2797833935017,421.1464143426295,1488.0209163346613,733.3947577442415,1386.6555467302092,586.379861111111,1557.3944444444444,681.043197936815,1153.4513217279173,724.2999088422972,2010.9410513521723,588.5636122177954,2163.963081009296,524.4314671814672,1156.4391891891892,646.7448595424268,1467.7654213727194,834.181592039801,1588.561567164179
1034,1034,502.99328859060404,1625.9194630872482,421.22155287817935,1483.1686746987953,727.7724156118143,1385.3256856540083,587.7293417366946,1560.5182072829132,687.9422055607622,1148.8053733208371,720.1595259799453,1995.8228501975082,587.4434571890146,2158.2393645665047,521.6987752399867,1157.0936775902019,645.096906012843,1469.2288382953882,837.5860420650096,1587.6159974506054
1035,1035,502.3558945027009,1618.4582141722274,421.37421070122963,1478.8158856763043,722.5222396650968,1384.047619047619,598.5360602798709,1575.9368496591317,694.4646559849199,1144.491674520892,715.5678260869565,1982.7979710144925,586.4881529348411,2153.672320947765,519.749194068343,1157.6792392005157,643.7832167832167,1470.3187645687644,841.2003853564547,1586.6303789338472
1036,1036,501.7071944706251,1612.5680175934651,421.3603425559947,1474.8280632411067,716.691259021652,1382.5872761293772,608.8545001778726,1593.1426538598362,700.5232304334268,1140.380729653882,711.5721352019785,1970.5158010442428,585.7134081196581,2149.648504273504,517.1400065423618,1158.3287536800785,643.5383290267011,1470.6379557852424,843.6166666666667,1585.8424528301887
1037,1037,501.2304334268786,1607.3507951356407,421.46003316749585,1470.898839137645,711.9483752620545,1381.3849580712788,618.6159342622365,1609.0310825294748,706.0220588235294,1136.844056372549,708.0109953703703,1959.7552083333333,584.7484326018808,2145.0911703239285,514.5963875205255,1158.9573070607553,642.5194769059543,1471.4304396215914,847.1479328165374,1584.862080103359
1038,1038,500.73811802232854,1602.814035087719,421.6021934197408,1467.2741774675972,707.7373737373737,1380.410154173312,627.3297219212711,1622.1263994221738,711.8483110261312,1132.8291905672402,704.1782178217821,1948.8523852385238,584.2399267399267,2141.8244374672945,512.4411962365591,1159.4842069892472,640.5514579759863,1472.8702115494566,848.8639129042587,1584.2356708293307
1039,1039,500.4081696289366,1599.1736825693793,421.56281407035175,1463.9718592964823,701.7873243171572,1377.9313179527976,634.4671717171717,1633.096681096681,716.6867239732569,1129.6367398917541,701.5725524475524,1941.117424242424,583.5042245843554,2131.666394112837,510.46181579809894,1159.9898393969188,639.1088435374149,1474.108560090703,851.0920634920634,1583.6082539682538
1040,1040,500.18972454348494,1594.9996904982977,421.5890598290598,1460.5388034188034,692.2299578059071,1370.0005274261603,640.7068584070796,1642.9321533923303,720.8558558558558,1126.9478764478765,699.0237890513041,1934.030954428203,581.7358240593535,2113.8571807101216,509.63268321513,1160.8300827423168,638.0498180800447,1475.1279037223621,853.9798850574713,1582.787675606641
1041,1041,500.2028852056476,1592.1298342541436,421.6707650273224,1457.401980874317,680.3512132822477,1357.7941251596424,646.3026987600291,1651.5554339897883,725.292272874232,1124.0960232783705,696.3115942028985,1926.6808695652173,578.1883166794773,2096.517038175762,505.074107410741,1167.8097809780977,636.9427694025684,1476.2967615857062,856.8168138698069,1581.9224730127576
1042,1042,500.13444341658953,1589.0135676842428,421.8039215686274,1454.8198106828938,669.6117075664621,1347.1705010224948,650.90248424175,1658.8431590656285,728.9030067895247,1121.9696087940508,694.1305751173708,1920.5531103286382,575.8537966537966,2080.9899613899615,499.9319338422392,1186.0015903307888,636.0297967140073,1477.30186577555,857.8956937799043,1581.5164274322167
1043,1043,500.176220806794,1585.8862602365787,422.0150753768844,1452.348743718593,660.8988988988989,1338.5387887887887,655.5823248991564,1666.013568023469,732.2796825396825,1119.9796825396825,692.130172413793,1914.8054597701146,573.9388714733542,2067.519592476489,495.61337030191,1200.739987677141,635.163085399449,1478.2826446280992,860.2574162679426,1580.8124401913876
1044,1044,500.23133640552993,1583.1158218125959,422.1095140314852,1449.4127310061601,653.4089762985376,1330.853504790721,659.4631936579841,1672.1136277840694,736.3064985451018,1117.5735531846103,690.0566202090592,1909.107142857143,572.2274044795784,2055.4355731225296,492.414180301572,1213.3577157523257,634.1641666666667,1479.4863888888888,862.5785256410256,1580.09391025641
1045,1045,499.9965012722646,1579.9936386768447,422.1658031088083,1446.6134715025908,647.2679197994987,1324.0478696741854,662.7327981651376,1677.6540519877674,740.5880223757815,1113.4800921355709,687.9617964421113,1903.3359580052493,570.7643044619422,2045.2002624671914,489.67957405614715,1224.592771861891,633.1916595258497,1480.3339045986859,864.0076997112608,1579.6118062239332
1046,1046,497.3641918728994,1573.5074854873203,422.31749311294766,1444.659090909091,641.7228464419476,1317.9218476903868,665.8285101822079,1684.0732404430153,743.6183057448881,1105.7435897435896,686.3645562301242,1898.9774501300953,569.4085684430512,2035.7306687565306,487.6466093600764,1233.2085323145495,628.6369104146881,1481.4675530231084,866.0709698137443,1578.9396274887604
1047,1047,490.8836273599504,1559.3611884865368,422.4560327198364,1443.1683708248124,636.3431589290101,1311.8420535494963,673.1937290033594,1694.6625606569614,747.332679738562,1094.4839869281045,684.7950509461426,1894.4,568.1919032597266,2026.9734490010512,485.6214374225526,1242.282527881041,620.9264029438823,1479.2327506899724,867.2639286851321,1578.4329831263929
1048,1048,487.483128350678,1546.4064963733836,422.5141129032258,1441.4546370967741,631.4971667898496,1306.1968465139196,682.2551906379765,1704.365798414496,750.5166987797045,1086.1011560693642,683.2108013937283,1889.5891405342622,566.948397185301,2018.9403179567369,483.84324834749765,1249.9505823103555,610.0610804174339,1475.8004910988336,869.005152979066,1577.9198067632851
1049,1049,485.36429018136334,1535.5290806754222,422.6843333333333,1439.6963333333333,627.3522529250685,1301.2611401543438,689.2399246704331,1711.6806026365348,753.2057971014493,1078.5639291465377,681.7924807578448,1885.2534043812905,565.7398828541001,2011.1416400425983,482.2684144818976,1256.9513108614233,600.5365020192606,1472.8934451693071,870.5839793281654,1577.2545219638241
1050,1050,483.53206951026857,1526.1658767772512,422.8545081967213,1437.7752732240435,622.9633642930856,1295.9576883384932,695.1824116743471,1717.9381720430106,755.6148514851485,1072.20099009901,680.4675635276532,1881.3282511210762,564.6887470071828,2004.2591114658153,480.7662871600253,1263.8987982289689,593.1619937694703,1470.8283489096573,872.7684273351238,1578.1587585795285
1051,1051,481.76071657069735,1517.7293666026872,423.58913967942425,1433.3277723258095,619.3048997207412,1291.5547093170856,700.6398775353998,1723.6318407960198,757.6888237210818,1066.7745193874225,679.2631734754292,1877.5322676139724,563.6863983162325,1998.0791896869243,479.259154040404,1270.1704545454545,586.6247301880974,1468.8963922294172,883.4454742045103,1582.7578004324992
1052,1052,480.52362829051697,1510.9219790675547,428.51991614255763,1418.748078266946,615.7881811204912,1287.2704016372472,705.4592506759366,1728.6427191966009,759.6309877766765,1061.2728774364057,678.1242586002372,1873.75,562.5926803580832,1991.8425487098473,477.97333333333336,1275.835238095238,580.3445798188066,1467.0531084036238,894.2232674819692,1589.5217936657257
1053,1053,479.3463121240899,1504.6631845520733,432.0315751704341,1406.6056691783278,612.391282051282,1282.9079487179486,709.822977725674,1732.9660023446659,761.4631441617743,1056.1937377690801,677.0555555555555,1870.0352449223417,561.492671009772,1985.7062975027143,476.89293704058804,1280.9571748162352,575.4984365228268,1465.4002501563475,902.8003714020427,1594.8597957288764
1054,1054,478.248507697141,1498.6914860194784,434.50017599436813,1396.8275255191832,609.6137165910236,1279.3063540090773,713.5768049155146,1736.8195084485405,763.0552907530982,1052.2265649825229,676.2420173082661,1866.9101760668457,560.6269088994208,1980.455766192733,476.6949528563505,1283.1153632834164,570.8190031152648,1463.7741433021806,909.3330289193302,1599.1558599695584
1055,1055,477.4282123782595,1493.8209236569273,436.66703136396785,1388.1269146608315,606.9049796747967,1275.862550813008,717.3220404984423,1740.6043613707163,764.4660066006601,1048.2399339933993,675.2936002426447,1863.5668789808917,559.7032553134247,1975.8942695722358,479.5759532595326,1290.3696186961868,566.5105328376703,1462.2819083023544,916.1710117939168,1604.1114214773431
1056,1056,476.57529449219993,1488.901305316778,438.21713870733475,1381.526506899056,604.105978958173,1272.4549653579677,720.7588822355289,1744.1269461077845,765.9474564926372,1044.319611780455,674.4849306811332,1860.4008438818564,558.8437667201712,1971.0355805243444,492.3133142675564,1296.1223387353034,562.6463414634146,1460.8564727954972,921.5158803576935,1608.2223250077088
1057,1057,475.94087567913067,1484.2355385107062,439.57562568008706,1375.675371780921,601.9027671997968,1269.5498857578066,723.838371624345,1747.2736799677548,767.3089108910891,1040.8805280528052,673.6555153707052,1857.242314647378,557.8881685575365,1965.9767693138842,506.899188514357,1300.2428214731585,559.1151170145476,1459.4652118912081,926.1595015576323,1611.7956386292833
1058,1058,475.4702719797596,1480.022770398482,440.64880952380946,1371.6946778711483,599.7361111111111,1266.665380658436,727.2190589165677,1750.626334519573,768.487027914614,1037.9395730706074,672.9763421292083,1854.6772823779193,557.0239847369855,1961.7953120741345,518.1678592725104,1302.8524150268336,555.6286522148916,1458.1039899465911,930.697710881154,1615.3973032298525
1059,1059,475.1373115174847,1476.5219762592235,441.6350053361793,1367.1127712557807,597.4816242611154,1264.0028270367513,729.8669760247485,1753.4392884764113,769.824807756603,1034.4339685723837,672.2082191780822,1851.9223744292237,556.2340597255851,1958.203120796341,528.0494505494505,1304.7435897435898,552.806128830519,1457.0587867417134,934.7132514951211,1618.784073024866
1060,1060,474.88025889967633,1472.863430420712,442.7428884026258,1362.9325309992705,595.2925435177967,1261.3889321901793,732.2885453824812,1755.9310344827586,771.0427177934745,1031.6249579549276,671.551937984496,1850.9572093023255,555.3697068403909,1954.081704668838,536.3387631975867,1305.929713423831,550.0544993662863,1455.901774397972,938.1699654414074,1621.7785108388314
1061,1061,474.6468899521531,1469.2427432216905,444.06931046802424,1358.9056806002143,593.6811926605504,1259.2199286442406,734.5537961835159,1758.0925700365408,772.1111111111111,1029.0239520958085,670.5504019789734,1848.9965986394557,554.605671482076,1950.3675762439807,543.8907637655417,1306.904973357016,547.764557758892,1454.9660056657224,941.1432964329642,1624.2361623616237
1062,1062,474.4496946319511,1465.971713275474,444.88639601139596,1356.0537749287748,591.613076923077,1256.622564102564,736.5882352941177,1760.1396078431371,773.2427572427572,1026.6223776223776,668.3026715239829,1847.3661202185792,553.714247527399,1946.825715049452,551.0478312537135,1307.7061794414735,545.0852272727273,1453.8292297979797,944.6539060068471,1627.3501400560224
1063,1063,474.10072895957586,1462.70112657389,446.07488186114136,1352.313340603417,589.9574358974359,1254.616923076923,738.7139614074915,1762.3726825576996,774.214,1024.553,664.163769441903,1844.807868252516,551.6946826758148,1942.327044025157,558.4302920806986,1308.0264980427582,542.7569708491761,1452.901774397972,947.1835658914728,1629.5934883720931
1064,1064,471.63084577114427,1457.0709784411276,447.1312250090876,1349.3827699018539,589.4697301239971,1252.9268174082176,741.036036036036,1764.6611829220524,775.361963190184,1022.239263803681,660.248490625993,1842.8137909119796,546.1575654152446,1938.1854379977244,561.8011647254576,1308.198280643372,540.3072139303482,1450.1458333333333,950.0780610638967,1632.1957821844508
1065,1065,467.01668211306765,1447.0182267531663,447.75208107129924,1347.0897575099527,586.2482741617357,1244.2859960552266,742.7785657998423,1766.4495665878644,776.2645074224021,1020.005060728745,656.5649452269171,1840.77965571205,535.1503759398496,1932.7630186577553,566.7154195011337,1306.9767573696145,543.4138763197586,1444.491101055807,952.4352720450281,1634.3696060037523
1066,1066,463.36489898989896,1436.0157828282827,448.77682095443123,1344.3645496950123,587.0736783652715,1228.9725087309782,744.1417711896617,1767.6636259977195,777.1317753975981,1018.6475170399221,653.8393308080807,1839.099116161616,523.9735136658213,1927.8340377571146,569.2558251804844,1304.477041817905,553.1510192362905,1432.9718633362043,954.7587924058512,1636.5057578586989
1067,1067,460.73333333333335,1426.9353535353534,449.84149184149186,1341.2016317016316,587.8990825688073,1213.6590214067278,746.9002463054187,1770.7216748768474,778.0844645550527,1015.2119155354449,649.5223522352235,1837.3765376537654,515.2743055555555,1923.9262152777778,571.7962308598351,1301.9773262661954,563.9966583124478,1420.8000556947925,957.0384493168095,1638.7111534795042
1068,1068,458.4433529796987,1419.5363457760313,450.4695495495495,1339.8389189189188,588.5424739195231,1201.7809239940389,747.3066666666666,1770.8567619047617,778.047769582016,1013.8338602037231,650.5989453233416,1837.586178184846,506.9860646599776,1920.1195652173913,573.0059473237043,1299.9005947323703,579.206109134045,1408.418149466192,959.0427991252733,1640.5538894095596
1069,1069,456.49901574803147,1412.966535433071,451.31001076426264,1336.3049874416936,589.2380952380952,1191.1165413533834,749.3703703703703,1773.1127214170692,778.3620034542314,1010.3637305699482,641.5463132236441,1837.2486288848263,500.4253265190232,1917.168654173765,574.1458156028368,1296.7268085106382,593.0901960784313,1397.5484162895928,961.2118644067797,1642.8427495291903
1070,1070,454.69642857142856,1406.968253968254,452.337361530715,1329.842900302115,589.9353716132239,1181.9960228685059,750.3590308370044,1773.641703377386,778.8511659807955,1006.6011659807955,628.5847792998477,1837.296194824962,494.2872881355932,1914.3466101694914,574.8917306052856,1294.1764705882354,603.4053734868615,1388.3430764688515,962.941421349985,1648.0077311923876
1071,1071,453.5053554040896,1402.471600129828,454.436030428769,1320.4270401106498,590.6659125188537,1173.6266968325792,752.4969549330085,1776.1356069833535,779.4382583868664,1003.0963597430407,616.6886245806649,1836.6224458676425,488.26154702281576,1911.534223706177,575.64235227594,1291.4003392705683,612.4126271693597,1380.128067025733,962.8039747064138,1658.23396567299
1072,1072,452.3193359375,1398.451171875,456.9221991701245,1312.8198478561549,591.3959715057725,1166.1692458855316,754.0999254287844,1775.8650260999254,780.2229460731088,999.1161780673182,605.3970544033664,1836.9035166816952,482.8421052631579,1909.0966304650515,578.3286384976526,1287.4150787075394,620.5224669603524,1372.8704845814977,961.1366459627329,1667.0550133096717
1073,1073,451.42671984047854,1395.8876703223661,459.46969696969694,1305.9119097956307,592.1192473938469,1158.9196542079835,772.0734463276835,1781.2564102564102,780.4302526825891,995.9709241952232,595.3951395139514,1837.5952595259525,477.91489963245687,1906.830930166808,588.0320197044335,1275.5019157088122,627.2809867629361,1365.1759927797834,959.3042445829622,1674.852181656278
1074,1074,450.5825211176088,1392.8589993502274,461.37780187997106,1300.5751988430945,592.8734209847898,1152.446764630059,784.7880585211545,1785.8967971530249,780.6342059336823,992.3898778359511,586.5104727707959,1838.0176540993416,473.27391058290885,1904.5713073005093,599.6502525252524,1261.6520202020201,637.3590388376641,1352.5247275775357,957.7081520162459,1681.2158398607485
1075,1075,449.63711819389107,1389.433266932271,463.0098765432099,1296.4656084656085,593.4997463216641,1146.7488584474886,798.8823754789272,1790.825287356322,780.7780244173141,988.8361080281168,578.1056982580454,1838.5544729849423,468.80487114131967,1902.4899461908806,611.9461093585699,1245.5875394321768,652.1478873239437,1337.5155516431923,956.0944788898729,1686.9852376734573
1076,1076,449.02951907131006,1386.6474295190712,464.7321613236815,1292.4953464322648,594.2894469812278,1141.2123287671234,810.5368217054263,1794.5015503875968,780.7440904419321,987.6831106543336,569.968339307049,1839.505973715651,464.86099168816276,1900.6606477500713,622.1571879936809,1233.6195365982096,663.4934756820877,1325.1663701067616,954.5653333333333,1692.1949629629628
1077,1077,448.452736318408,1383.7426202321724,466.524628879892,1288.5887314439944,594.9295019157088,1136.210472541507,820.1326291079812,1797.4225352112676,783.7111344537815,984.4418767507002,562.2067547723935,1840.4276064610865,461.0153977758768,1898.7490732820072,630.9575137686861,1222.6892210857593,673.03808680248,1314.114555653971,953.2109328579916,1696.51247771836
1078,1078,448.015732546706,1381.2405768600456,467.9717457114026,1285.2293979145643,595.5682896379525,1131.7752808988764,828.4024719969099,1800.0687524140594,796.2637557685481,983.0216542421015,554.4221443178498,1841.136722173532,457.68,1897.2191666666668,637.7422391857506,1213.668193384224,681.2288160614112,1304.4449365219957,951.9131602506715,1700.5508803342286
1079,1079,447.58033333333333,1379.0626666666665,469.5852002715546,1281.8482688391039,596.2643852978454,1127.2192648922687,835.8875923765072,1802.4010112796575,810.1340956340956,982.1725571725572,546.7940913160251,1841.6418979409132,454.1446433645922,1895.5845410628017,643.8151538265954,1205.2316297991354,688.4568680492936,1295.8277727682596,950.5236396074934,1704.7246506095746
1080,1080,447.3313432835821,1377.2036484245439,471.0648815653965,1278.854788877446,597.0576824910668,1123.0505359877488,842.9866352201258,1804.691037735849,820.0629739531817,980.8021760633037,541.0999390615477,1841.954905545399,450.83247422680415,1894.0618556701031,649.5816219062664,1196.6745655608215,694.5685218432076,1288.368342309994,949.5381850853549,1707.870320455226
1081,1081,447.0376185803075,1375.0170101406607,472.39980158730157,1276.360119047619,597.7191124558749,1119.2397881996974,849.2394859813085,1806.6822429906542,827.9857278782113,979.2692673644149,535.5406392694064,1842.2779299847791,447.680400572246,1892.6555078683832,654.268249106687,1189.5017866258295,700.4016028495103,1281.027604630454,948.5013286093888,1711.0286389134926
1082,1082,447.0075757575757,1373.4357707509882,473.70112657388995,1273.8399602385687,598.5531968663129,1115.5617892342684,854.9793372319688,1808.5434697855749,835.9527508090614,977.2941747572816,530.3892944038929,1842.5936739659367,445.13097245643615,1891.4145587408655,659.310606060606,1182.0227272727273,705.4601769911504,1274.8867256637168,947.5398809523808,1714.0214285714285
1083,1083,446.78354978354974,1371.222444222444,474.9407850964737,1271.597139055223,599.2209595959596,1112.164393939394,860.2285941855833,1810.2823576264436,842.8351795904665,975.1936891574353,526.0860887697348,1842.9189752755435,442.3757062146893,1890.1370056497174,664.0153886280647,1175.628847157016,710.3723248314277,1268.8387569627673,946.4339106654512,1717.181099969614
1084,1084,447.5395250976856,1370.8698527201682,476.09993425378036,1269.5838264299803,600.0108481262328,1109.1227810650887,864.779992184447,1811.7534193044155,847.95172863666,973.5241356816699,520.9875111507582,1843.240261671127,437.54969840020976,1885.9496459480724,680.0081300813008,1161.817581300813,714.6498077491866,1263.5593019816622,945.6393393393392,1719.599099099099
1085,1085,455.41974043715845,1366.7083333333333,477.33697813121273,1267.5324718356526,600.715671641791,1105.9940298507463,869.3294483294483,1813.3675213675212,853.667328042328,971.3650793650794,517.1675579322638,1843.3879976232918,428.4967874582369,1870.0619378051913,695.483993902439,1144.5330284552845,719.3090066608746,1259.3426006371271,944.026402640264,1722.7887788778878
1086,1086,473.97520128824476,1361.3423510466987,478.5236207466138,1265.5860588040964,601.3867375348012,1103.3133383953427,873.3838028169014,1814.856807511737,857.6288998357963,969.8049261083744,513.1147396293028,1843.5063253898204,418.1415019762846,1852.7320158102766,710.0863422291993,1128.7901622187335,732.6051750380517,1251.1354642313545,936.9525131051495,1722.8023435090965
1087,1087,489.0724907063197,1355.8609045848823,479.5462495795493,1264.067944836865,602.2353991328742,1100.4730935985717,876.5433255269321,1816.0171740827477,862.1529294935452,968.0297914597816,509.3574879227053,1843.536835748792,409.19741356558455,1838.1583531274744,722.4099947671376,1115.90083725798,745.5196169292554,1243.903923385851,918.7192331478045,1715.2043908472479
1088,1088,501.037962962963,1350.50524691358,480.6911715340718,1262.3511245384357,602.7561102444097,1098.3013520540821,878.1923363095237,1817.2176339285713,866.4553420963936,965.999662959218,506.22033898305085,1843.518584597086,401.7980123556272,1825.5503626107977,732.6712891628146,1104.507960965588,755.6773211567731,1237.433789954338,900.5550299590034,1707.3762220119834
1089,1089,511.009918845807,1346.0129245566575,481.3537216828479,1261.813268608414,603.4958111195735,1095.8799187611069,880.457192982456,1819.8305263157895,869.4846128927761,964.5928085519922,502.7288927841075,1843.536955886649,395.6306935817805,1814.6343167701864,741.8897455666923,1094.384734001542,764.582738095238,1231.888095238095,886.4630664183736,1701.8398510242087
1090,1090,519.9660297239915,1341.7145890203215,482.42301351796897,1260.2314540059347,604.2008778724503,1093.9426800929512,884.0279269602578,1826.1962047977083,872.4170676932947,963.1215912736604,499.575435488633,1843.428402716268,389.9800478850758,1804.4974727321094,750.239263803681,1085.3410020449896,772.3879879879879,1227.151051051051,873.095825426945,1696.6992409867173
1091,1091,527.4909090909091,1338.1272727272728,483.36607142857144,1259.0648148148148,604.7905559786748,1092.072099517644,885.7997184090108,1832.0686378035903,875.5114331723026,961.618035426731,496.4438565549676,1843.2448559670781,385.12741210679354,1795.5331747290509,757.9651665395372,1077.0269514365623,779.9674723962996,1222.676216054909,861.711669770329,1692.1334574798261
1092,1092,534.4565826330532,1334.7802676626204,484.23709623709624,1258.047286047286,605.5009150326797,1089.9945098039216,887.343949044586,1837.589525831564,878.7263435542367,959.9284536762282,493.7902222222222,1843.0118518518518,380.7891373801917,1787.2832800851968,764.9507024265645,1069.546104725415,786.8578431372548,1218.5422794117646,852.156556372549,1688.170955882353
1093,1093,540.3639230526647,1332.029012929675,485.26388888888886,1256.5836720867208,605.8839174745215,1089.825006214268,888.7213290460879,1842.2154340836014,880.9420435510887,958.7926298157454,490.26012601260123,1842.884788478848,376.7153284671533,1779.4384968910515,771.3998971986636,1062.7160113081468,792.6948356807512,1215.0384976525822,842.9555345316935,1684.5200252286343
1094,1094,545.7217010631645,1329.56191369606,486.00497017892644,1255.9797879390323,608.2356150793651,1084.704365079365,890.0405453893075,1846.3652673125223,882.6712734452123,957.8394208621256,488.65095686946586,1842.6206798057694,372.94119263533935,1772.5125034350094,777.5931069958848,1056.2631172839506,796.4915044794562,1212.4590670373802,835.0807987711213,1681.2826420890935
1095,1095,551.4392052194543,1325.958778173191,486.85811269517984,1255.0468431771894,616.6669171049336,1075.8457300275481,891.1756465517242,1850.0836925287354,885.9683155512447,955.8121564823795,485.16138497652577,1842.5161384976525,369.6,1765.918699186992,782.9958463136032,1050.7178089304257,800.8183722321962,1209.9015559545182,826.8289141414141,1677.9747474747473
1096,1096,559.8058925476603,1317.9058347775851,488.0513096519555,1251.556512378902,624.1816860465116,1069.1816860465117,892.1108687749909,1853.2017448200654,891.5173282923755,949.1395715185885,483.4704324801412,1842.1159164460134,366.3571230982019,1759.9526970954357,788.2139416983523,1045.2958174904943,806.4657168299199,1206.5197387948945,819.954834605598,1675.0693384223916
1097,1097,571.8295142071494,1307.4622670333026,490.6425944500167,1242.1915747241726,630.4911256990031,1063.42256260637,893.1324148488327,1857.1163413700726,900.3615160349855,935.9300291545189,480.6693215339232,1841.9023598820058,363.2801652892562,1754.0272727272727,793.2608919824696,1040.1778808971385,813.5638428483732,1202.8726212400245,813.992873339812,1672.7172011661808
1098,1098,580.690244621279,1297.667256115532,495.8893647394718,1229.638829407566,636.5181907571288,1058.347099311701,893.869500372856,1859.9056674123788,908.1756714060031,926.0195892575039,479.2854625550661,1841.4643171806167,361.16599839615077,1748.1371291098637,798.3998947645356,1035.0457774269928,818.9069419509275,1199.7698982645122,807.8225024248303,1670.1163918525704
1099,1099,587.7659143518517,1286.7335069444443,499.61736111111105,1220.8913194444442,641.7679691268692,1054.1560540279786,894.5323329760629,1861.4212218649518,914.9261021249603,917.558515699334,477.20249492312155,1841.1311285175514,361.57442176870745,1731.7221768707482,802.6329760081674,1030.6939765186319,823.803244837758,1196.8669616519173,802.4600127959052,1667.8624440179142
1100,1100,594.4053571428572,1276.507738095238,502.6190987124464,1212.879470672389,646.818824676908,1050.1721531333822,895.364176885916,1864.3489409141582,920.7923864363403,910.4920025591811,474.7159624413145,1840.7984154929577,364.78453196347033,1711.7191780821918,807.3294148380355,1025.8597178683385,827.8050872522922,1194.550428867199,797.5280970625797,1665.633461047254
1101,1101,599.7708518848323,1268.0676758682102,505.0227434257285,1206.502487562189,651.628765060241,1046.5409136546184,896.0060195635815,1867.0154251316778,926.0025518341307,904.1996810207336,472.6376811594202,1840.6037681159416,366.7368721461187,1696.0342465753424,811.1230251230251,1022.1375291375291,832.2341522596299,1191.7073096754625,793.4373590982286,1663.896618357488
1102,1102,604.3651938683498,1260.1505861136159,506.969728968673,1200.78141499472,655.8985507246376,1043.4080459770114,896.6151582045621,1868.4488594554819,930.7642812303828,898.4033270558693,471.1578947368421,1840.2896174863386,368.64089493061454,1682.7875955819882,815.2123305193143,1018.1407009465336,835.3213185459026,1189.7492298213183,788.9724444444445,1661.123851851852
1103,1103,608.1772534785239,1253.2283726557773,508.72617782500885,1195.6149486362024,660.1532828282827,1040.3535353535353,897.152466367713,1870.1898355754856,934.8322211630124,893.4006990784874,468.670553064275,1840.104932735426,370.4923162894663,1671.3199217658562,818.9257340241796,1013.2651122625216,838.3883378418996,1187.8755635707844,783.9160899653979,1652.9561707035755
1104,1104,611.3258845437616,1247.3038485412787,510.25241675617616,1190.8707482993195,663.8783643892339,1037.708850931677,897.7405731523378,1872.0369532428354,938.7877629063097,888.6418100701082,466.69652650822667,1839.9570383912248,372.2252873563218,1660.4045977011494,819.747693194925,1011.8731257208765,841.7585886722377,1185.7935623645928,780.877618192699,1637.7408737283063
1105,1105,614.3500303582271,1241.6678809957498,511.5454220314735,1186.4442060085837,667.2043500252908,1035.3763277693474,898.3409350057012,1874.496389205625,942.4728020240353,884.2001897533207,465.6345345345345,1839.4924924924924,373.8418079096045,1651.378813559322,821.0379965457686,1009.5549798503165,844.4862036156042,1183.8411037107517,779.1382042253521,1623.6279342723003
1106,1106,616.871156211562,1236.7087945879457,512.689030883919,1182.5481008164713,670.757341576507,1033.0170015455951,898.6805087916198,1874.879161990273,945.8692556634303,880.2336569579288,463.29031362753256,1836.9350541215654,375.469954648526,1642.4574829931973,821.5924657534247,1007.6812214611871,847.847258868367,1179.7766051011433,777.7830540037244,1612.7250155183115
1107,1107,619.1338873499539,1231.8571868267159,513.5589970501475,1179.0147492625367,673.5861262665627,1031.1174330995063,899.1372767857143,1876.4281994047617,949.2390737116764,876.1493803000652,461.25935093509344,1826.6886688668865,376.86562409498987,1634.7066319142773,821.9962054874488,1005.2422650321073,855.7026768642447,1169.076481835564,776.8538390379279,1602.7782917052111
1108,1108,621.1142254370102,1227.867992766727,514.3525153818313,1175.7477379659788,676.0717363751584,1029.4583016476552,899.6893939393939,1878.2428030303029,951.9891857506361,873.0124045801526,461.5685307017543,1807.4161184210527,378.1827868852459,1627.8081967213116,822.0936454849499,1003.811315496098,862.7667584940313,1159.7771655953472,776.3626502491937,1594.3315743183816
1109,1109,623.0269942371852,1223.9866545344253,514.9774678111588,1172.9445636623748,678.8338391502276,1027.48583712696,899.9239766081871,1878.658625730994,954.8546603475513,869.6142180094787,461.8108552631579,1791.5978618421052,379.60893854748605,1621.952913008779,822.3043358188345,1001.1944214305439,870.8146258503401,1145.0572562358277,776.0220155038759,1586.04
1110,1110,624.6183183183183,1220.5906906906905,515.7616387337057,1169.819739292365,681.0671296296297,1025.8605967078188,900.3220338983051,1880.039924670433,957.5239011870387,866.5274302213667,462.2110091743119,1777.3919933277732,386.8896265560166,1607.895988934993,825.3993174061434,990.5827645051195,881.1124278334852,1131.8927377696748,776.0520738722373,1578.9155313351498
1111,1111,626.1859430604982,1217.247034400949,516.1292592592592,1167.5644444444445,683.4164799601692,1024.1458800099576,900.7990465713237,1881.2654932159883,959.6972248207046,864.0904271905207,463.02282728272826,1765.6471397139712,398.358189429618,1587.0311355311353,832.7642401021711,975.5106002554278,889.026055705301,1122.1248876909253,775.9858476362541,1573.89972899729
1112,1112,627.7225747960109,1214.0779691749774,515.1272727272727,1161.978787878788,685.6648827726809,1022.1969928644239,901.0234899328859,1881.9526472781504,962.330112721417,860.9455716586151,463.9202350965575,1754.566750629723,410.6316652994258,1565.2704402515722,838.1626016260162,957.9227642276422,895.7483241925655,1113.479585618525,776.1238532110092,1567.6134556574923
1113,1113,628.9355331500152,1211.3525817293003,512.1456953642385,1153.1905813097865,687.1642363775902,1020.9946277820414,901.2964205816555,1882.2445935868752,964.7004504504504,858.226833976834,464.6451959205582,1746.4785292538913,420.6809449636552,1548.8317757009345,842.5699311171009,942.7499251272835,901.4045710893439,1106.4775897892548,776.244621279104,1563.3351016799293
1114,1114,630.3772632828732,1208.60017809439,509.2537037037037,1143.9418518518519,688.8304747700721,1019.7738006462838,901.6001461988303,1883.1893274853799,967.1742059672762,855.8806544754572,465.5897633744855,1738.5727880658433,429.3790302107133,1533.7093170855546,846.2594562647754,930.895390070922,906.7548500881834,1100.1290417401528,776.5573720859824,1557.613987284287
1115,1115,631.4487997569128,1206.037070799149,506.97104761904757,1136.512380952381,690.5741025641025,1017.9687179487179,901.9509248773121,1884.4658361645904,978.772423025435,848.1542838018742,466.3633199464524,1730.299330655957,437.2101677148846,1519.5843815513626,849.482083709726,920.1872929840409,911.7347122302158,1094.2619904076737,776.7633819951338,1552.9017639902677
1116,1116,632.6369636963695,1203.7341734173417,505.15216572504704,1130.5996233521657,692.0426767676767,1016.5459595959595,902.2686622320767,1884.650406504065,994.4204003813155,834.8141086749285,467.1781150159744,1723.7239084132052,443.8557251908397,1507.7083969465648,852.1331561854148,911.2421021552996,916.1893939393939,1089.5119463869462,777.162331838565,1549.5680119581464
1117,1117,633.8650213284582,1201.4137720901888,503.3091954022988,1125.1390804597702,693.158002038736,1015.3641692150866,902.4825815914925,1885.1397139713972,1011.44901370779,821.3390170511534,467.8699706901145,1717.0572875033306,449.80610687022903,1496.6142493638677,854.4406880189798,903.2669039145908,920.4833630421865,1084.9346405228757,777.43400243309,1545.110097323601
1118,1118,634.7565508836075,1199.5188909201704,501.7804505536464,1120.5586101565482,694.1106002554278,1014.1821200510855,902.6714443219405,1885.6979051819185,1024.1467565831726,811.1978163134232,468.4847749932632,1711.1657235246564,454.99949148232895,1486.955250444953,856.7175885279485,896.2350014632718,924.5153374233129,1080.9380660239556,777.7764776477648,1541.4095409540955
1119,1119,635.8944137507673,1197.5607734806629,500.58766859344894,1116.5703275529863,695.0582252733282,1013.0088990592421,902.9165759883931,1885.639825897715,1035.155987055016,801.6291262135923,469.2506841817186,1705.2356321839081,459.8866970156803,1477.7964087000505,858.9409506938292,889.5547682314732,928.5521292217326,1076.914537444934,778.1604938271605,1537.6202950918396
1120,1120,636.6645279560037,1196.172318973419,499.1655225019069,1112.3272311212816,695.730797912006,1012.124533929903,903.094522019334,1886.1646974579305,1044.332079021637,793.0639698965193,469.8681348558999,1700.3330614464383,464.3777441332324,1469.2482967448902,861.0787932044523,883.3324545987111,932.335403726708,1073.3706004140786,778.5290957923008,1534.0653536257832
1121,1121,637.1503018748014,1192.532888465205,498.33522942737955,1109.1600303375046,696.7857142857143,1011.0803571428571,902.4684095860566,1888.3543936092956,1052.2581888246627,785.4068721901091,470.4356891416192,1696.0216626049282,468.4707359959809,1461.2403918613413,863.2306784660767,877.2840707964601,935.8492550394391,1070.184341221151,778.8046594982079,1531.053166069295
1122,1122,636.1057902973396,1186.091392801252,497.417225950783,1105.962341536167,697.7947779404587,1009.8550512445095,898.5078347578346,1891.0160256410256,1059.298611111111,778.4854797979798,471.12277910368596,1691.7881198621055,472.180412371134,1453.9447717231221,865.0357352079672,872.331575864089,939.4820289855072,1066.8542028985507,779.0931115002918,1528.1351430239345
1123,1123,633.8192620387741,1177.4046278924327,496.6175284195086,1103.143381004767,698.799709724238,1008.7254475084662,889.4376811594202,1894.477536231884,1065.5012602394454,772.2003780718336,471.7256,1687.5386666666664,475.51636904761904,1446.9176587301586,866.9644326866548,866.957671957672,942.9527165932452,1063.6108663729808,779.6569608735214,1524.5720351835
1124,1124,631.5753339546442,1170.2131096613855,495.8370206489675,1100.3820058997048,699.4705882352941,1008.0648015303682,878.8240029271861,1897.8196121478227,1071.0630461922597,766.5358926342071,472.30284076101117,1684.0453479280688,478.86840796019897,1440.1534825870647,868.6103896103896,862.5385281385281,945.6669510807735,1061.5142207053468,780.074635741897,1521.4772524531668
1125,1125,629.8364427860696,1164.7232587064675,494.8301172909572,1097.2580401059402,700.424021395575,1006.8468271334792,870.6980649872215,1900.1880248265788,1076.8304914744233,760.5539953192912,472.95899893503724,1679.418264110756,482.12820512820514,1433.2254901960785,870.2171226831421,858.0735510444248,947.5035059331175,1059.651294498382,780.3731431966726,1519.3657159833629
1126,1126,628.3830570902394,1159.7980356046653,494.37684365781706,1095.0932890855456,701.1996151996152,1006.063011063011,863.9511305616337,1901.9569657184536,1081.101506221349,755.0163719711853,473.4777338603425,1676.3675889328063,484.71711976487876,1428.023267205486,871.6418039895924,854.1832899681988,952.5600907029477,1049.2318594104306,780.7654104586619,1516.5614957639496
1127,1127,627.095547309833,1155.9146567717996,493.84719101123596,1092.7449438202248,702.3889302556465,1004.7781087118392,857.6854928017718,1903.5562938353635,1083.6476592749032,744.1383315733897,474.0814144736842,1672.5224780701753,487.5224407463439,1422.136409480585,873.4229390681004,849.5194145758661,960.7423439340399,1030.7370435806831,781.6372308530935,1513.6789315889887
1128,1128,625.8714060031594,1152.3225908372826,493.2241445597847,1090.5647827758553,702.765274828969,1004.8037272941731,852.1537598204264,1904.9850355405908,1083.7157417893545,727.8561721404303,474.5411605937921,1669.629689608637,490.0275418275418,1416.816731016731,875.0045330915684,845.3463281958295,967.995722578674,1016.7519095630919,788.4252782193959,1504.9348171701113
1129,1129,624.7565055762082,1149.0882899628252,492.80333333333334,1088.5377777777778,712.067166042447,997.6843945068663,847.3071823204419,1906.1307550644567,1083.7940409683426,715.7325884543761,475.14790468364833,1666.3837304847987,492.4741854636591,1411.9947368421053,875.8699186991869,839.0684803001876,973.694543297746,1004.94128113879,799.028200789622,1491.6999435984208
1130,1130,623.8249063670412,1146.2009987515603,492.43139448173,1086.486577181208,723.2452135493372,990.4823269513992,842.6585003711951,1907.2149220489978,1083.5053394355452,705.5560640732266,475.50054377379007,1663.9611201740076,494.99670719351565,1407.0271023302937,877.7560827250608,818.6657542579075,978.4307149161518,995.3080317740512,807.1057508857999,1481.6497683292448
1131,1131,622.9678225554513,1143.5954389253357,492.33777284498706,1085.133555308916,731.8494004796163,983.8263788968824,838.6356245380634,1908.2161862527716,1082.952380952381,696.7860922146635,476.08663366336634,1660.5423542354235,497.32421479229987,1402.6887031408307,882.7710437710438,799.1870217324763,983.0977973568282,986.3741556534507,814.0208333333334,1473.3391203703702
1132,1132,622.1227573182248,1141.0585457979225,491.8435983575961,1082.9455020530047,739.389247311828,978.1918757467143,835.3267326732673,1909.1155115511551,1082.3252780974299,689.2228615266589,476.406045751634,1658.5511982570804,500.1524024024024,1398.0215215215214,887.1265229615746,782.9962511715089,987.4644387317909,978.3856041131105,819.96628216504,1466.782017154688
1133,1133,621.311048336472,1138.7937853107344,491.6881481481481,1081.73,746.1935018050541,973.2303249097473,831.6674049464747,1910.1358434846804,1081.3536537710042,681.7205939820242,476.7915646258503,1655.676462585034,508.2066458982346,1384.0,890.5559748427672,769.3993710691823,991.4858853721129,971.1887653264897,825.4213046080191,1460.8390185517653
1134,1134,620.6753407682776,1136.8438661710038,491.47925925925927,1080.0348148148148,751.9334738814711,968.937456078707,828.5104052573932,1910.8875502008032,1080.6968627450979,675.7368627450979,477.4431818181818,1652.98079004329,512.1510756586898,1368.6560309402948,893.669494187873,757.4244423499842,995.0477408354647,964.6652458084683,830.1551418439716,1455.7822104018912
1135,1135,619.9482481517197,1134.7942783670844,491.14406130268196,1078.3045977011495,757.969298245614,964.449805068226,825.5824215900801,1911.6389496717725,1079.5995934959349,668.8817073170732,477.8749297358066,1650.8249016301293,515.6543116490167,1351.1954109934443,896.5636007827788,746.3617090671885,998.580310880829,958.6888313183649,835.2964912280702,1450.5505847953216
1136,1136,615.3386138613862,1130.4570957095707,491.2146829810901,1077.4935113088616,762.8997584541062,960.7857487922705,822.8974641675854,1912.4976111723631,1078.8929588929589,664.2218152218152,478.1917770419426,1648.6865342163355,518.7875912408759,1337.1082725060826,899.1263123359579,736.4845800524934,1001.6810717372515,953.4261019878998,839.1326860841423,1446.5454545454545
1137,1137,601.451536643026,1125.4275582573455,491.04489337822673,1076.144407033296,767.4915750915751,957.3992673992674,820.6317144959528,1913.0916114790286,1078.280081300813,659.9784552845528,478.2286972286972,1647.3830613830614,521.3938499384993,1324.0979089790897,901.5332011892963,727.4724149322761,1004.7239142695994,948.3883248730964,843.1210526315789,1442.6263157894737
1138,1138,587.0784903139612,1120.8396793587174,490.92299107142856,1075.1484375,772.115253411306,954.0082846003899,817.9148936170212,1913.9305711086226,1077.4527426160337,655.0168776371307,478.72294704528014,1644.8871834228703,523.3381168177241,1313.5652064451158,903.5859089398471,719.4941841143236,1007.3250214961307,944.2166809974204,846.9437860832574,1438.770586447888
1139,1139,574.6933333333333,1116.2306666666666,490.89263692419297,1074.0398984403337,775.7470195517406,951.3474010491177,815.6618784530386,1914.6206261510126,1076.9241877256318,651.6317689530686,479.1015567086731,1642.8425994563872,524.9831064044376,1303.6106908724155,905.3958944281525,712.6901270772239,1009.8222600795002,940.0934128336171,850.2922940655448,1435.4676705048716
1140,1140,564.4039874081847,1111.8961175236097,490.61251920122885,1072.2235023041474,779.6920611439841,948.3039940828403,811.6829992576094,1912.9357832219746,1076.1994085340093,647.4482467258132,479.5997385620915,1639.5278431372549,526.4369966224994,1294.4910366328916,907.3,704.9897959183673,1012.4772405993779,936.000565450947,853.9405997693194,1432.004901960784
1141,1141,557.2999659516513,1107.937010554988,490.7219679633867,1071.353165522502,782.9973216459703,945.7691745799854,804.2609992542878,1900.3064876957494,1075.6458598726115,643.7222929936306,480.32698412698414,1635.8018518518518,527.7342236187484,1285.6407436501702,909.0732054015635,698.5756929637527,1014.725888324873,932.5062041737168,857.3318777292576,1428.6218340611354
1142,1142,552.4925668979188,1103.5444334324413,491.0231130371975,1071.0725893824485,786.2555717054263,943.359253875969,794.8078304597701,1881.9206178160919,1075.2454844006568,641.3509852216749,480.75545048594694,1633.1796690307328,528.8108585858586,1278.986111111111,910.5475234270414,692.7510040160643,1016.6080858085809,929.751100110011,859.4275693809087,1426.4153705397987
1143,1143,547.60495083079,1097.711427602577,491.0570079883805,1070.3591140159767,789.0825420014609,941.0847333820307,787.1167369901547,1866.7208157524612,1074.2241594022416,637.840597758406,481.22239789196306,1630.904347826087,529.9517311094263,1271.6858731362142,911.6488801054018,688.6258234519104,1018.787455491646,926.4004382360996,860.2818897637795,1425.6866141732282
1144,1144,543.2253119429589,1091.8623885918003,490.8434055492208,1069.1140250855187,791.9209039548022,938.9238516335051,781.4030271031327,1853.6532910946848,1068.1125945705385,631.4054294615041,481.5549132947977,1626.2135975777594,530.9151562910428,1265.133438402942,913.4020436927412,682.1395348837209,1020.8431876606684,923.1431019708655,871.9436210403952,1415.8279569892472
1145,1145,540.7325309261116,1088.3420260782348,492.09886439545755,1068.0240480961925,794.4772891131939,936.9680365296803,777.0768685795252,1842.642224583776,1061.1086510865107,624.260762607626,481.67584799795964,1622.2325937260903,531.8668691470514,1259.3308023285242,914.4815175097276,678.0998702983138,1022.713305898491,920.4345679012346,885.4959349593495,1402.3797909407665
1146,1146,538.9463995454307,1085.9556810975937,506.0,1067.0,796.8333333333334,935.07916070577,773.4308111792774,1832.1762099522834,1054.2657312925169,616.6288265306123,481.3498980632008,1615.4255861365953,532.66,1253.7317948717948,915.6643835616438,673.4624918460535,1024.5716230936819,917.4436274509804,900.7371394588165,1388.6226583407672
1147,1147,537.1602681647498,1083.5693361169526,519.5830815709969,1068.6729775092313,799.6879960317459,932.8668154761905,770.3426423200859,1822.644110275689,1049.0242739488513,610.6900736887733,481.42762810353935,1610.3399366085578,533.4784124430142,1248.5186377044784,917.0478142076503,668.6854508196722,1026.5105233219567,914.5526166097837,915.2979839823251,1376.623308478321
1148,1148,535.3741367840689,1081.1829911363113,532.0,1068.0,801.5684545677198,931.4166054371785,767.9710459645312,1814.8783930510315,1043.8479609929077,605.0882092198582,481.60063391442156,1605.5618066561015,534.251582278481,1243.7903481012659,917.9926519706079,665.057114228457,1028.2987341772152,911.8767932489451,926.8171673819743,1366.4449213161658
1149,1149,533.5880054033879,1078.79664615567,547.0,1065.0,803.6744355426074,929.9342073318766,766.0308641975308,1807.9458968772694,1038.924920850294,599.9317051108095,481.9430699654163,1601.459696727853,534.9143164114961,1238.8538812785387,919.052755376344,661.3531586021504,1030.0586894586893,909.1968660968661,936.4022608216156,1358.1204852495173
1150,1150,531.8018740227069,1076.4103011750287,560.3323262839879,1073.691910036925,805.6338476610334,928.4893460690669,763.9607843137254,1800.936541889483,1035.6446789797712,596.4120492524186,482.27144754316066,1597.6549800796813,535.4076719576719,1234.5089947089946,922.0715210355987,656.9847896440128,1031.5410342889263,906.9356379988757,946.0270434518383,1349.8085688240656
1151,1151,530.015742642026,1074.0239561943874,573.9154078549849,1075.3648875461563,807.5693837942746,927.0337214944201,762.0850159404888,1795.0400283386466,1032.3122807017544,592.9995614035087,482.44624966152173,1593.8472786352559,535.7880010761367,1230.4856066720472,930.9525175270873,650.3671128107075,1032.9600340136055,904.7329931972789,953.2736318407959,1344.0090722856305
1152,1152,528.7636612021857,1071.7448770491803,592.4624017957351,1081.6535727646838,809.1373707533235,926.0548990645002,760.035029498525,1789.625,1029.2131431041935,589.8633808906181,482.50756347920037,1590.544570502431,536.084556824361,1226.7495921696575,942.0588413709432,642.0045495905368,1034.131938390003,902.8480092996222,960.2366582844369,1338.3928471640122
1153,1153,528.7886097152428,1065.98391959799,606.8391190742814,1086.1377379619262,810.8357452966715,924.8632416787265,758.0902474526928,1784.6091703056768,1026.2807239057238,586.6569865319865,482.7878302642114,1587.3632239124631,536.3265637692932,1223.401028973734,950.8622493461203,635.1563498982853,1035.226700971984,901.0142938822182,967.5586227367171,1332.465123181953
1154,1154,537.1340314136125,1059.3420593368237,618.1725312145289,1089.4638668180098,812.831746031746,923.3572649572649,756.4025583145221,1780.5726109857035,1023.4613715277777,583.9448784722222,482.80217687074827,1584.3314285714287,536.4861111111111,1219.5716666666667,959.7059719683119,628.6697135892748,1036.6786355475763,895.6008378216636,973.7587000287604,1327.5671555939027
1155,1155,549.464509394572,1051.4544189283229,628.0214446952596,1092.0090293453725,814.217190163136,922.5989773557341,754.2309368191721,1776.0199709513433,1021.2937853107344,581.6983920034767,482.9774663369057,1581.6974443528443,536.5845730027547,1216.9520661157026,967.5989437713575,623.1475613544578,1039.8735938425102,879.4351687388987,979.4192500738116,1323.2804842043104
1156,1156,558.7152296002643,1044.918401057152,636.1952220977976,1093.989921612542,815.6471156167028,921.7378711078928,752.4004400440044,1772.7583425009166,1018.9974489795918,579.3180272108843,483.0490679824561,1579.1332236842106,536.7041354426866,1213.4793227865666,973.8068113321277,618.8071127185051,1044.2980392156862,865.7434173669468,984.5886150234741,1319.262323943662
1157,1157,567.2791084497671,1038.039254823686,643.3177676537586,1095.757403189066,817.1263440860215,920.8316226783968,750.7495183044315,1769.8971098265895,1016.8507653061224,577.1160714285714,483.0575479566305,1576.48623853211,537.7941653160453,1210.184224743382,979.92384406165,614.487156240556,1048.5810502283105,853.1115867579908,989.6997965707642,1315.3307178145888
1158,1158,574.3839103869653,1032.4456890699253,649.5665554319613,1097.2046718576196,818.6718251043968,919.8499140260378,749.3016924208977,1766.6655629139073,1019.3986697965571,573.0692488262911,482.9983484723369,1574.5595926231763,543.5304964539007,1206.201134751773,985.1309846431798,610.7314062029509,1052.02495697074,842.4549627079747,994.4729418537707,1311.6905584340816
1159,1159,580.9225762247345,1027.3035286056868,655.210626911315,1098.4625382262996,820.0350749879051,919.0616835994194,746.558201058201,1754.7607709750566,1039.2317203643133,564.5520019802861,482.91701947502116,1572.4628845611062,558.889747995418,1201.7439862542956,986.6495007224298,608.4741639475601,1055.185705916813,832.8605741066198,999.2216435185185,1308.2384259259259
1160,1160,586.0113821138211,1023.4943089430893,659.8411458333333,1099.4884672619048,821.2737835875091,918.4054708303074,739.9187853107344,1740.0444915254238,1059.0647709320695,556.0347551342812,482.8455555555555,1571.0591666666667,573.4363888888888,1197.6694444444445,988.16801680168,606.2169216921692,1057.8712054229295,825.0845859121721,1004.040797824116,1304.7818071925053
1161,1161,591.3566900233566,1019.3059726393059,665.1199165797706,1099.298227320125,822.3299711815562,917.9349183477425,732.4268115942028,1726.1822463768115,1081.377049180328,553.5046838407494,482.7525630368522,1569.1554447215294,586.2985718135272,1194.2497978981407,991.4180943793206,603.6507363991584,1060.4739130434782,817.531884057971,1007.1796875,1302.5167824074074
1162,1162,595.687986463621,1015.8978003384094,673.6786389413988,1094.6591052299937,824.019940915805,916.8860167405218,726.5688939222347,1715.0947527368817,1099.6379716981132,552.8478773584906,482.61928934010155,1566.8525098702762,597.3880678708265,1191.5202517788723,997.0501692828562,600.4826100338565,1062.9323927101705,810.4632569077013,1010.7477718360071,1299.9108734402853
1163,1163,599.5956123117222,1012.847085789129,685.1928195605076,1086.2624574435158,825.0057306590257,916.440305635148,721.7382798080472,1705.4651162790697,1115.2039447731754,552.2946745562131,482.41821247892074,1564.64586846543,607.2636217948718,1189.2094017094016,1000.7858422939069,598.137395459976,1065.1646162858815,804.2182190978324,1014.7942348972707,1297.010732904017
1164,1164,603.1965124077799,1010.0489604292421,695.2699156513589,1079.3020930959074,825.9173768939393,916.1813446969696,717.2760828625235,1696.726177024482,1129.1264090177133,551.9263285024155,482.382841068917,1563.5617440225035,615.7862913734688,1186.9963513161324,1004.2584733274388,595.6271735926907,1067.2277924362356,798.343887423043,1017.9444928799767,1294.9195001453065
1165,1165,606.2509031198686,1007.5766830870278,703.7182692307692,1073.2916666666665,827.2435172088636,915.5096652522394,713.8428731762065,1690.0583613916947,1142.1655913978493,551.5286021505376,482.19342962333616,1561.8439535542338,624.0786163522013,1184.6844863731656,1006.539378087765,594.0950305143854,1069.3257575757575,792.710372960373,1021.1141272621131,1292.622591943958
1166,1166,608.5124426981008,1005.7815979043877,710.5081063553826,1068.091439688716,828.6083213773314,914.6802965088474,710.5042639970336,1683.517612161661,1152.3694989106752,551.0958605664488,481.9388379204893,1560.5551848762857,630.6446301925025,1183.373860182371,1011.9082595870206,591.2073746312684,1071.1423519009727,787.6136162687886,1024.630020521841,1290.3271767810027
1167,1167,610.6663346613545,1004.2529880478088,716.0032583903551,1063.766047572499,833.7884803921568,912.0669117647059,706.9659477866061,1676.6416950435112,1161.7180180180178,550.4247747747747,481.6980555555555,1559.2580555555555,647.5096101043382,1183.2946183415704,1016.8863636363636,588.3059440559441,1072.7948028673836,782.9728195937873,1027.1014109347443,1288.5217519106407
1168,1168,618.803676725633,1001.2351716961498,720.9882005899705,1059.8715175352343,864.0365153886279,908.9246218049034,704.1718866517524,1671.0797912005964,1169.0439174352216,549.8976723759332,481.4353628023353,1558.0764525993882,667.8367346938776,1182.4667713239141,1023.94819419775,583.4878626406157,1074.3129312931292,778.7605760576058,1030.2700235571258,1286.3942873969374
1169,1169,636.1961982348947,998.5784114052954,725.8784620397523,1055.9856630824372,892.7037321063393,908.2413087934559,701.7418263810597,1666.2995114618564,1176.0995670995671,549.0900432900432,481.17486338797806,1556.4437158469946,690.6391780090738,1182.336535895383,1036.5469850015304,579.1205999387817,1075.8031135531135,774.8641636141635,1032.5118428653957,1284.8445984979778
1170,1170,650.1228243021346,995.6735632183908,729.2377840024899,1053.1970121381887,916.4527061203843,910.4458775923115,699.2964193429309,1661.3576965669988,1183.2457516339869,548.3830065359477,480.8667758667758,1554.7867867867867,709.8964174454828,1182.7297507788162,1048.699418426691,575.1202938475666,1080.9674652469682,768.5471753918958,1035.2743567505058,1283.0112749349523
1171,1171,662.4467523903726,992.7299703264094,733.385864374403,1049.8774275708372,936.2317386831276,912.4699074074074,697.0487351190476,1656.843005952381,1189.408,547.6186666666666,480.5969444444444,1553.911111111111,726.6180385764737,1182.3279000271664,1059.3759902498475,570.5740402193784,1096.453380994936,759.2963955913017,1037.9568940064953,1281.1759669323885
1172,1172,672.887027914614,990.2226600985222,736.7399804496579,1047.1254480286739,953.1233698487218,913.9225352112676,694.9667397660818,1652.5244883040934,1195.770208900999,546.8151680290645,480.18835712286585,1552.051777218024,740.7764390896921,1181.770281124498,1069.6579439252337,566.9713395638629,1111.09199318569,751.2004542873367,1040.0621669626998,1279.880106571936
1173,1173,681.706561160567,988.0214309264754,740.1014492753623,1044.3096179183135,967.6769865841072,915.0861713106294,693.2562358276645,1648.8541194255479,1199.9744605900485,546.4077498899163,479.9022939677145,1550.408382894364,753.9238782051282,1181.119925213675,1079.0975990021827,564.2111007171811,1126.8258527827647,744.630460801915,1042.5991784037558,1278.7995892018778
1174,1174,689.4352030947775,986.268214055448,743.0343915343915,1041.6666666666667,979.6026114806602,915.9943335796994,691.4008248968878,1645.2523434570678,1205.5255731922398,545.6067019400352,479.7098039215686,1549.4795518207281,765.5667472468439,1180.5436475960246,1087.4596292805527,561.4775369148601,1139.7618203309692,740.3992316784869,1052.0223048327136,1275.0371747211896
1175,1175,696.5313111545988,984.5851272015656,745.2237487733072,1040.072620215898,991.6863184079601,917.1713930348258,689.9535580524345,1642.1127340823969,1209.7508680555554,545.0698784722222,479.3754180602007,1548.5735785953177,775.7886178861788,1180.1584054550221,1094.5093529592148,559.1947255443115,1149.9511072763876,737.0891573195282,1066.4358280733393,1271.7111511872556
1176,1176,703.79240340537,982.7737393582187,748.0722057368941,1037.5532476096273,1002.6088383838382,918.2166666666667,688.3321623731459,1638.8103044496488,1214.7247165532879,544.2770975056688,479.268224819143,1547.8263772954924,786.4038829641783,1179.6461580530488,1102.8465346534654,556.7079207920792,1160.2695035460993,733.8469267139479,1078.7812404521844,1268.4854873205009
1177,1177,709.7845691382765,981.3804275217101,750.239165852069,1036.1335940045617,1012.5114226375907,918.9755970924194,687.0653817082388,1636.0566893424036,1219.0247592847318,543.5341586428243,480.82421227197347,1541.862907683803,795.0982095839915,1179.7862032648761,1108.4962381419691,555.1452404317959,1168.8078744819418,730.9399052693901,1086.214240705734,1266.4413988657845
1178,1178,715.3236901317904,979.9215686274509,757.9866666666666,1032.081052631579,1021.3302822273074,919.7620137299771,685.6131021194605,1632.921001926782,1223.3569444444445,542.8611111111111,485.2155367231638,1525.6310734463275,816.5965757089352,1182.2554842161583,1114.1552555448409,553.683381549341,1176.6966490299824,728.3932980599648,1087.4081502706144,1265.8806112702962
1179,1179,722.6012066365007,975.0437405731523,774.2384428223844,1025.9277024678483,1029.644240570846,920.5066258919469,684.4432989690722,1630.3585337915235,1228.0164251207727,540.5333333333333,487.0405893800389,1511.546844592716,840.9957939011565,1182.2991587802312,1120.0291545189505,552.469387755102,1183.5942408376964,726.1198371146014,1089.666978484565,1265.159027128157
1180,1180,737.2355037252996,961.9229024943311,786.1552692434753,1020.5295672282788,1037.5814671814671,921.1626769626769,683.3923571698826,1628.0631857737417,1233.4136822773185,533.9963269054177,488.363154960981,1499.1552396878483,868.0623104494072,1183.9878687620621,1124.950884086444,551.5533726260641,1190.180986123413,723.9447888987304,1093.1999369284138,1264.3440555029958
1181,1181,751.1532309660909,952.304542546385,798.6666666666666,1015.2265174635469,1044.5588837685611,921.6820276497696,682.4240030097817,1625.8705793829947,1243.4910394265232,525.5228494623656,489.7737104825291,1487.7285080421518,890.2717180127671,1184.0924229808493,1130.6393819855357,550.6666666666666,1196.0417762196903,721.9856850715746,1096.7111751520972,1263.4479666986872
1182,1182,762.5908068145291,943.9125683060108,808.7220491519556,1011.7268951194185,1051.5750915750914,922.3409209837781,681.3622350674373,1623.5375722543354,1252.0132420091325,518.8570776255707,491.00708616780037,1478.234126984127,910.0688589094996,1184.4794828555366,1134.9634517766497,550.1350253807107,1201.6493893357163,720.0783437593088,1099.2991211550532,1262.8515379786566
1183,1183,772.0086660476632,936.6363354998451,817.86820083682,1008.994769874477,1057.668446478515,922.8660055936944,680.6613935969867,1621.819209039548,1258.2336407553798,513.4769433465086,491.9099319727891,1470.6302040816327,926.8831814415908,1185.087268710301,1138.6375121477163,549.8807904114026,1206.7066895368782,718.4228130360206,1101.536398467433,1262.4604086845466
1184,1184,780.3311341501727,929.856424756519,826.3155460690145,1006.8395588758449,1068.6574358974358,919.4241025641026,679.7306513409961,1619.7333333333333,1264.6215962441313,507.42863849765257,493.1358234295416,1461.8440860215053,942.0172711571676,1185.653713298791,1144.2533889468195,549.3451511991658,1211.943351222421,716.618962432916,1104.059216809933,1261.8602355937599
1185,1185,787.8109034267912,923.7398753894081,833.4615384615385,1005.1064814814814,1088.5387332828664,902.9525611910168,679.8454842219804,1618.9662676822634,1269.6788732394366,502.512676056338,493.9059543683917,1455.0525876460767,955.5626379690948,1186.1109271523178,1147.381623071764,549.0023474178403,1216.4087719298245,715.0406432748538,1105.9713467048712,1261.4186564788283
1186,1186,794.4961464354528,918.1952472703917,839.7392807745505,1003.7358229598892,1106.636183395291,886.9271375464684,679.2250460405156,1614.1086556169428,1274.0980662983425,498.121546961326,494.7685342388228,1448.6276174306734,968.1602836879432,1186.4053900709218,1152.0578982597053,548.4929718875502,1221.3092876465284,713.3068830778478,1108.146349206349,1261.0203174603173
1187,1187,800.5665071770335,913.2641148325359,848.2439191503939,1001.677286742035,1120.2962164750957,872.897509578544,682.7467265245042,1598.9255518144405,1277.6503623188405,494.40625,495.5602006688963,1442.5161649944257,979.2082625919637,1186.7603282399546,1159.1142857142856,548.5789115646257,1225.012323943662,712.0909624413144,1109.8368021143044,1260.5820944829863
1188,1188,805.9845620667927,908.820415879017,857.8966354491848,999.6441207075962,1131.743664011586,860.5319816558049,685.9920977011494,1583.274425287356,1281.179659498208,490.76120071684585,497.14319433516914,1437.1064778389718,989.2807463952502,1187.039016115352,1167.938123752495,546.9763805721889,1228.4649811101424,710.6233653007847,1111.569563833174,1260.284622731614
1189,1189,811.3275585498876,904.265960859801,865.1963927855711,997.6402805611223,1141.629024621212,850.3494318181819,689.6295888399412,1569.2845080763582,1284.792231255646,487.03748870822034,507.67632450331126,1421.1352097130243,999.6197613100194,1187.3116847071883,1176.315157416423,544.4907497565725,1236.3735386370115,704.6715141146279,1113.5488151658767,1260.0240126382305
1190,1190,816.1120943952802,900.4975417895772,872.4785885577252,995.2970195272353,1150.9473939393938,841.0072727272727,693.787603930461,1556.4731670445956,1287.6938775510205,483.863492063492,519.0478547854785,1404.4760726072607,1008.7289533560864,1187.4934584755404,1185.8999667663675,541.8770355599867,1254.3138643067846,689.553982300885,1115.253435602429,1259.6775327580694
1191,1191,820.0646718146718,897.2046332046332,878.1625453346521,993.636663369601,1159.3902968863142,832.7880762732319,696.5689528023598,1546.8045722713864,1290.2603626943005,481.2530224525043,528.8488562091503,1389.787854030501,1017.5689181768258,1186.7144426139482,1192.958089668616,540.2348927875244,1269.3766638346076,680.399603511753,1116.452836201402,1259.4231994901209
1192,1192,824.3134723601456,893.7593512082092,883.4128749578698,991.9888776541961,1166.807299270073,825.4978102189781,699.1122296793437,1537.7874720357943,1292.8780926675663,478.4134053081421,538.2190793122572,1377.1808097615085,1032.8765331152902,1178.115835377487,1199.9671641791044,538.6915422885572,1283.1946851530906,672.6689774696707,1118.2134223918574,1259.2290076335878
1193,1193,827.7127799736495,890.9087615283267,888.5645161290323,990.3272849462365,1173.4708574181116,819.0091522157995,701.3514412416852,1530.2786400591278,1295.3428184281843,475.88346883468836,546.3524590163935,1366.6398907103824,1054.3360995850621,1164.0796680497926,1205.8384539147671,537.4895936570862,1295.4265611257695,666.4206977425974,1119.5945083014046,1259.0338441890165
1194,1194,831.0832510694306,888.2527147087858,893.3306038894575,988.806550665302,1180.117448856799,812.4320096269554,703.7407407407406,1522.817037037037,1296.9938757655293,474.06211723534557,553.795707915273,1357.091973244147,1071.9618894256573,1151.7031669350508,1211.8686058174524,536.1691741892344,1305.8496376811595,661.328502415459,1121.0312300828552,1258.8438495857233
1195,1195,833.9533711405167,885.9039067422809,897.4513958964009,987.3908509922636,1186.0479271507309,806.7543733525041,705.5540156361052,1517.2871357498223,1299.2784757118927,471.8295644891122,560.0073469387755,1349.087619047619,1086.2812006319116,1139.419167983149,1216.5806132542039,535.0065941312232,1315.8096085409252,656.8063463819691,1122.3250159948816,1258.5866922584771
1196,1196,836.7017543859649,883.6358024691357,901.3193449334698,986.2371204367109,1191.3585714285714,801.755238095238,707.5051395007341,1511.3035976505137,1301.218816517667,469.73903788846314,566.2618072618072,1341.3857493857495,1098.8096774193548,1128.2473118279568,1221.3940919771735,533.8794897616649,1323.9138913891388,653.1536153615361,1123.5583016476553,1258.3501267427123
1197,1197,840.1813874788494,879.7191201353637,905.2229018008834,984.8335032279986,1196.7707567964733,796.7558168013715,709.3964063072973,1505.8250825082507,1303.592835299257,467.23066841415465,571.5682382133995,1334.7474496829334,1108.859830418654,1119.1346051934286,1225.6942204301074,532.8971774193549,1331.426175501647,649.800539083558,1124.8777777777777,1258.133968253968
1198,1198,839.6840014445647,871.517154207295,909.0010683760684,983.4045584045583,1201.8732678256488,792.1831695641218,711.7201506591337,1501.0632768361581,1305.4293706293706,465.2270396270396,577.1670995670995,1327.9887445887446,1118.2373113854594,1110.5423868312757,1230.8774562343692,531.67559842801,1339.0991915422885,646.3610074626865,1122.8939393939393,1258.39
1199,1199,835.6380323054331,859.0359765051395,912.3191035218783,982.3827819281394,1206.647440699126,788.2157303370786,718.9954285714285,1490.6457142857143,1306.9469696969695,463.69429590017825,581.9048858051459,1322.3888407054062,1126.254428341385,1102.8446054750402,1234.4251913709115,530.8716075156576,1344.9192200557104,643.7598266790467,1122.1276381909547,1257.1929648241205
1200,1200,831.6353369763204,847.7861566484517,915.2324420677361,981.2324420677361,1211.0703203203202,784.4409409409409,727.3532008830022,1476.7395143487859,1308.7975708502024,461.9055330634278,586.3496004566209,1317.378710045662,1134.7739498337864,1092.6968872771229,1239.2283154121862,529.7594982078853,1351.0752688172042,641.0294930875576,1120.9501618122977,1255.9119741100324
1201,1201,828.4622222222222,838.7422222222223,918.0075593952483,980.2717782577394,1215.3477719691311,780.8277321384116,733.8584326471649,1465.0436980859515,1309.235171261487,461.6583124477861,590.6133220434659,1312.4676827547275,1142.8560915780868,1074.2180430635049,1242.204721634954,529.0732910500352,1356.3236363636363,638.6715151515151,1121.406340057637,1255.1982068523855
1202,1202,825.6652375848516,830.8345837799213,920.6754474839581,979.451536643026,1218.4350603264727,778.3359356517624,739.920320111343,1454.9530271398748,1312.5373760488176,462.3695652173913,594.1697705802968,1308.3819163292846,1154.615234917987,1051.2004448151235,1245.0009930486594,528.3717312148294,1360.3149405772497,636.9736842105264,1122.3293611386957,1255.3263819927174
1203,1203,823.0041572184429,823.490551776266,923.1664902998235,978.4603174603175,1222.2578379734134,774.9350388763481,745.5062545989698,1445.6622516556292,1325.6508547008546,462.5205128205128,598.2488623435722,1303.7283845278725,1163.6184840800224,1029.0479008171314,1249.2847445516254,527.3858520900321,1365.5354545454545,634.4457575757575,1123.5238095238094,1255.6528735632182
1204,1204,820.8387458006719,818.0533781261664,926.5730376627947,976.6832101372756,1225.475804470646,772.195529353967,750.0756914119358,1438.0211062590975,1337.7164059366226,462.2619334135579,601.5628140703518,1300.0628140703518,1171.7276956759715,1011.5161466885603,1251.8769962623173,526.8460754332314,1370.2521405373486,632.2931798051372,1125.1056360708533,1256.6186795491142
1205,1205,818.6057906458798,812.9654788418708,930.8381426202321,970.3048092868987,1233.1241160692514,766.4177029992685,754.2800724637681,1431.0528985507244,1347.8412509897069,461.6987331749802,604.9436696745965,1296.2048126879954,1179.6114180478821,996.0647198105762,1254.3769721383014,526.4313528029539,1374.7681804689817,630.0614425645592,1126.691776522285,1257.510985561833
1206,1206,813.2396662874478,808.3560864618885,938.4084461637652,956.3536428110896,1248.0441212121211,755.788606060606,757.8636859323882,1424.8433296982914,1357.697204301075,461.19698924731176,608.219451371571,1292.4552507619837,1187.1098515519566,981.6912280701753,1257.7553045859,525.7566735112937,1378.6422322775263,628.1206636500754,1128.270025839793,1258.5749354005168
1207,1207,804.905354449472,807.1576168929109,945.1997354497354,944.1583994708994,1260.0867850098618,744.8626725838263,761.5298013245033,1419.1096394407652,1365.5761589403974,460.5911699779249,611.1305928411633,1288.9600111856823,1193.7502750275028,968.9678217821782,1261.7095032397408,524.8005759539236,1382.1481146304675,626.4642533936651,1129.0492125984251,1258.8569553805773
1208,1208,796.854862657758,806.9424647364513,950.038628038628,934.3716283716284,1270.9569892473119,735.1786412512218,764.825309992706,1414.0401167031362,1371.7722943722943,460.2645021645021,613.8456636187309,1285.7461900803546,1199.7552295571854,957.7313230100516,1264.057253249034,524.5416227608008,1385.8155963302752,624.5902140672782,1129.6666666666665,1259.164077669903
1209,1209,789.4167614713689,807.019719378081,954.0896130346232,925.2287847929396,1279.8716461203771,727.3023930384336,768.080598103574,1409.2921225382931,1379.5095039406583,459.6569309225776,616.3952777777777,1282.6013888888888,1204.897119341564,947.8471879286693,1267.9315315315314,523.7899099099099,1389.0715802244463,622.9972702456779,1131.0392711278666,1259.4514608859567
1210,1210,784.5278076785073,807.134912091855,957.1720430107526,918.2577386770935,1288.0235350624398,720.1661863592699,771.1095645967165,1405.1259814418272,1384.233551198257,459.2954248366013,618.8329284750337,1279.851551956815,1209.6310002681682,938.9605792437651,1269.5999325918435,523.6521739130435,1391.9159867029314,621.5796313085524,1137.205061834915,1258.2280701754385
1211,1211,779.7724573125464,807.2308834446918,959.9956709956709,911.4405594405595,1295.657964708726,713.4877930867779,773.7718738930215,1401.39249025859,1389.3882248782645,459.0137228862328,621.1234567901234,1276.7448559670781,1214.092353257943,930.4262250942379,1272.1832819458718,523.2010962658444,1394.5459718478585,620.2893081761006,1153.2679509632223,1252.2037361354348
1212,1212,775.259300595238,807.40625,962.4144692359702,905.3329952670723,1302.5174672489084,707.6261523532265,776.2181688125893,1398.0729613733906,1394.990804597701,458.6662068965517,623.1979597463468,1274.0871243451888,1218.3151613778139,922.4119880661784,1277.7093474426806,523.7636684303351,1397.3775971093044,618.9271303824148,1170.3404634581104,1246.3930481283423
1213,1213,771.9126539753639,807.4986935423665,964.7635270541082,900.1229124916499,1308.321103117506,702.5290167865707,778.8141903758342,1394.7442922374428,1399.6648575305292,458.36544549977384,625.3033033033032,1271.3327873327873,1222.0980392156862,915.3513071895425,1292.6239137990963,526.22314911366,1400.2032004830917,617.4217995169082,1184.2151861624156,1240.8261506889476
1214,1214,768.8008361839604,807.6659064994299,966.6375661375661,895.4391534391534,1314.3835978835978,697.2027417027417,781.1613247863248,1391.6534900284898,1403.0458388963061,458.1450823319982,627.3530701754386,1268.3190789473683,1225.6434923201293,908.5664241444354,1310.049100968188,526.8077455048409,1405.5689291101055,615.6283559577677,1196.2350014632718,1235.3005560433128
1215,1215,767.8976640711902,805.3437152391546,968.7805280528052,890.5072607260726,1319.2939764818814,693.0489560835133,783.2458377612468,1389.1501948281968,1406.6601731601731,458.0601731601731,628.7152156224573,1266.2560347165715,1229.0144462279293,902.4654895666132,1324.7176157176157,528.014985014985,1422.919664268585,611.2808752997602,1206.5471587580548,1230.8043350908024
1216,1216,773.5125892521608,797.4468245020668,970.5483870967741,886.3034274193549,1324.7207207207207,688.2757757757757,785.6811279826464,1386.308387563268,1411.6437908496732,457.8333333333333,630.5779060181369,1263.746358889805,1232.2244953627933,896.4233496999453,1337.9657947686117,528.9315895372233,1442.5329125338142,605.0703336339044,1215.6745454545455,1226.879090909091
1217,1217,782.1390151515151,781.773106060606,972.1903800874537,882.5576858392196,1329.2191746973065,684.4974054855448,787.9342723004694,1383.7085590465872,1414.748732134624,457.6906408483172,632.0957565605806,1261.5030709101059,1235.1831292517006,890.7741496598638,1349.191879502292,529.4024230517354,1462.2276130578016,601.3962264150944,1224.0678119349006,1223.3206751054852
1218,1218,788.6269503546099,768.3397163120567,973.7262495862296,879.1747765640516,1333.3569670113245,680.9830132939438,790.4748908296943,1381.2325327510916,1417.4890748489074,457.581589958159,633.5494623655914,1259.3408602150537,1238.0522088353414,885.6693440428379,1359.0628991060023,529.6123882503192,1478.3547237076648,599.0953654188949,1231.1421525964606,1220.355961705831
1219,1219,795.1883738042678,754.7777777777777,975.1072492552136,875.7891426679907,1338.0746566791508,677.3188514357054,799.6561935716865,1374.4633441675694,1421.5333333333333,457.5744680851064,634.957650273224,1257.2270491803279,1240.5311385459534,880.9355281207132,1368.654515599343,529.7845648604268,1492.3239222829386,597.197328476017,1237.8635032220268,1217.5553602811951
1220,1220,800.1084656084655,743.8514739229025,976.7849679811256,872.530839231547,1342.5559777102328,673.8166160081054,813.1490240240239,1361.5082582582581,1423.5310023310024,457.4554778554778,635.8198123620308,1255.6020971302428,1243.076292042658,876.3757178014766,1376.6608072916665,529.8050130208333,1504.7200485289657,595.49711859266,1244.2762762762761,1214.794894894895
1221,1221,803.8190263842438,734.8301746562615,977.730679933665,870.1936981757877,1346.1868269471574,671.1417480591034,827.1904227459783,1347.8462401795734,1426.4552023121387,457.4778420038535,638.2705479452055,1248.6241438356165,1245.4902597402597,871.9264069264069,1384.0712223291628,529.7378889958293,1515.2729446935725,594.046038863976,1249.9273315681082,1212.4733745219182
1222,1222,806.9893818733409,726.8005309063329,979.0888005301523,867.4652087475149,1349.560251572327,668.4178616352201,838.4331116038433,1336.9859571322986,1429.5978682170542,457.43846899224803,640.4222954420648,1236.612300933553,1247.838095238095,867.7208163265307,1391.7978515625,529.6373697916666,1525.0618618618616,592.656156156156,1255.4470238095237,1210.1491071428572
1223,1223,809.6855277475516,719.9659049691694,980.2157054415119,865.2199413489736,1352.7871456500488,666.0393450635386,847.6010267693435,1327.5368536853684,1431.1454293628808,457.5064635272391,644.1379700310998,1222.5561210065025,1251.8468540829986,862.7630522088353,1398.6346641318123,529.6378326996198,1533.1988148148146,591.5472592592592,1260.354924578527,1208.1842650103517
1224,1224,812.020585048754,713.9075478512098,981.5614385614385,862.2950382950382,1356.3633408352086,663.2613153288321,856.2804054054054,1318.5015015015015,1433.4200466200466,457.5235431235431,647.389032443296,1210.6055124892334,1263.9460591777952,851.7920921707253,1405.1231527093596,529.4197044334975,1541.2595259525951,590.3141314131414,1265.0420066485342,1206.2849803566032
1225,1225,814.0950819672131,708.0575591985428,982.3957909029192,859.847250509165,1359.4525948103792,660.9443612774451,863.4745889387144,1311.0990284005977,1437.991452991453,454.11301044634376,649.7140454163163,1199.8065601345668,1277.5924796747968,838.3470528455284,1411.067907280444,529.3761018609207,1548.663714201358,589.2692648361382,1269.4511571986775,1204.5455365193868
1226,1226,815.8631205673759,703.4109929078013,984.0929791271348,852.4788108791904,1362.1504185130477,659.0809945839487,869.5312615612282,1304.779504254532,1444.1379310344828,448.8262599469496,651.7128933444723,1190.2854358117515,1290.9425633308251,825.6797090544268,1416.808349769888,529.5138067061145,1555.7819947043247,588.2203589290967,1273.692261367058,1202.79012345679
1227,1227,817.4754330151997,698.8236125839519,990.1671891327064,834.4705677464298,1365.3611528822055,656.9483709273183,875.4689578713969,1298.8152254249815,1452.8342293906808,443.01657706093187,653.5217635495646,1181.6107834877844,1302.751920122888,815.5780849974398,1429.4734348561758,532.6592216582063,1561.6359882005897,587.4064896755161,1278.0137765798142,1201.0835579514826
1228,1228,818.7998583067658,695.0379029401346,995.7403508771929,819.8056140350876,1368.2557620817845,655.1187112763321,881.1039304610732,1293.1114890400604,1459.4645103324347,438.5,655.0488775220232,1174.231031543052,1313.5691557608416,806.5473441108545,1447.5901639344263,534.0813243330118,1568.1449275362318,586.4492753623188,1281.5745378652355,1199.6926058437687
1229,1229,819.9610992148465,691.5506780870805,999.7000351246926,807.7896030909728,1370.868530782438,653.4753495217071,885.6744014732964,1287.8965009208102,1464.8962765957447,434.616134751773,656.5726351351351,1167.2711148648648,1322.4707259953161,798.8214936247723,1467.4990138067062,535.4401709401709,1573.3993369499697,585.7115732368896,1284.856156156156,1198.4606606606606
1230,1230,821.0590762620837,688.0981023988542,1002.8237994350283,797.9954096045198,1373.7459275468027,651.8687089715536,891.707326007326,1274.0622710622708,1469.9561060408516,430.8722294654498,657.981450252951,1160.6888701517707,1330.3777433514072,792.1337464497805,1483.2250656167978,536.6669947506562,1579.0260089686099,584.8385650224216,1288.2379237923792,1197.1305130513051
1231,1231,822.002861230329,685.2092274678112,1005.6459430979979,789.3024236037935,1376.2838972882168,650.5869930405566,903.3847045191194,1252.1626110467362,1474.6870026525198,427.3439434129089,659.2225042301185,1154.7521150592218,1337.7544539116964,785.858249419055,1497.0758008246114,537.3314303837615,1583.9204204204202,584.2507507507506,1291.7653429602888,1195.751504211793
1232,1232,822.8675945753033,682.3629550321199,1008.3665571376414,780.6527929901424,1378.9330357142858,649.125992063492,912.7367841409691,1233.3190161527164,1478.2381578947368,424.66140350877185,660.3930005737234,1148.9936890418817,1345.130389064143,779.685331230284,1509.3132376395533,537.5352472089313,1588.150709219858,583.6699172576832,1294.6805681474764,1194.640676941674
1233,1233,823.445720250522,680.0782881002087,1010.6306695464363,773.7663786897048,1381.2194464854272,647.9850600048983,920.8482882882882,1216.8306306306306,1481.5735356089338,422.110408765276,661.4890407059493,1143.6857386848847,1350.8237105465744,774.891198357711,1519.4937343358395,537.7318295739348,1592.9442456768036,583.0035778175313,1296.8765104627173,1193.5069260241673
1234,1234,823.9951083158629,677.2638015373864,1012.7433920704846,767.3649045521291,1383.3618065783014,646.9072164948453,927.8054960742326,1203.8087080656674,1485.1408805031447,419.2796645702306,662.4436821040593,1138.9925671812464,1356.6495327102805,770.0059709241951,1530.047753691486,537.4344957587182,1596.5217645340344,582.4937189599766,1304.3403880070546,1188.707818930041
1235,1235,823.2121212121212,670.6767676767677,1014.582877959927,761.9431693989071,1385.3486419753085,646.2145679012345,934.6878363832077,1191.4711158952277,1487.9682539682537,417.1996658312448,664.8228476821192,1133.323123620309,1362.4493199897356,765.323069027457,1541.327738515901,534.2520612485276,1600.4898856640282,582.0727059513339,1319.229129129129,1177.7144144144145
1236,1236,822.247945694891,662.8478027867095,1016.7936685288639,755.8324022346369,1388.705227743271,644.0670289855071,940.6688620563483,1181.2810098792536,1491.4139433551197,414.6222222222222,675.0347849904135,1114.855108189537,1367.6795478443742,761.0365404837013,1563.5124474620109,526.4021985127707,1604.1623396001194,581.5407341092211,1334.8053527980535,1168.3491484184913
1237,1237,821.7555555555556,656.7477954144621,1018.5258525852586,751.2119545287861,1396.4213161659513,638.5646161182641,945.9803703703703,1172.2681481481482,1493.4354978354977,413.01558441558444,683.7352625937834,1093.0790460878884,1372.3343782654126,757.166144200627,1580.7360308285163,519.9727039177906,1607.9830960854092,581.0717674970343,1347.805804907241,1159.631358467983
1238,1238,822.9676666666667,652.6673333333332,1020.0685185185184,747.0122222222222,1413.9117130674692,629.0732380235766,950.7960914454277,1164.1972713864307,1496.1403951240015,411.1029844472467,691.4874866879659,1074.927050053248,1376.8836724047992,753.5122587376109,1594.3254344391785,513.693522906793,1611.5330948121646,580.6615980918306,1358.7136231884056,1152.4542028985506
1239,1239,832.5821845174974,649.6645457758925,1021.5888888888888,743.2477777777777,1429.7922358015817,620.404984423676,955.4284652545522,1156.6696395392048,1497.9676870748297,409.8290816326531,697.9983673469387,1058.8503401360542,1381.5420928402832,749.9855756622082,1606.0516252390057,507.96653919694074,1613.7325139010827,580.427275387767,1369.0082522841142,1146.0053050397878
1240,1240,845.8541885734314,649.2008412197687,1023.0922849760058,739.5743816906607,1447.8786505538772,610.889979859013,959.3056784660766,1150.207227138643,1500.074712643678,408.28160919540227,703.2691782691783,1044.0259350259348,1385.7486166007905,746.6260869565217,1616.1648044692738,502.86033519553075,1616.8444444444444,580.6304843304843,1377.512123867952,1140.6257668711658
1241,1241,857.9691091954022,648.3692528735631,1024.469108398076,736.1239363669996,1462.9831932773109,602.4853577794754,962.9804572271386,1144.4583333333333,1502.1828358208954,406.669983416252,707.6029082774049,1031.7790827740491,1389.8226895119417,743.5931983385254,1625.4795042897997,498.08674928503336,1632.1931464174454,584.8426791277258,1385.7124065769806,1135.6331838565022
1242,1242,867.1115789473685,647.2301754385965,1025.893888263967,732.7311586051743,1476.1438253012047,594.230672690763,966.7468164794006,1138.6730337078652,1504.3019197207677,404.1902268760907,711.727117194183,1019.7767322497862,1393.1297749869177,741.0371533228675,1634.1813256851497,493.7259400892288,1647.926338594862,589.6991643454039,1392.7854166666666,1131.4157738095237
1243,1243,875.0159059474412,645.8219225449515,1027.1960344182567,729.6977179199401,1487.9228464419475,587.1053682896379,969.824953445065,1133.9761638733705,1506.3725490196077,399.6814725890356,715.102233676976,1009.8708476517753,1396.5082352941176,738.5388235294117,1642.2952470884481,489.85520931696567,1660.4640400250155,592.9352720450281,1399.5751868460388,1127.5156950672647
1244,1244,881.9978813559322,644.3524011299435,1028.4996263079222,726.5440956651718,1498.1284958427816,581.0587049634669,972.954663693794,1129.1939799331103,1512.296511627907,393.50736434108524,718.3453815261043,1000.5975329890991,1400.105652403592,735.9881141045959,1649.1890263241355,486.5626387567396,1671.816927322907,595.7574363692119,1405.9204339963833,1123.8514165159734
1245,1245,887.593461265103,642.7547974413646,1030.1599433828733,724.1794055201699,1507.8576604554864,575.3894927536231,975.4497063142437,1124.9750367107195,1518.3360719874804,388.4714397496087,721.2044405997692,991.7399077277969,1403.1534391534392,733.7862433862433,1655.7963139497933,483.34191293295197,1681.3265557609366,598.0659272951324,1411.7646172393006,1120.4333936106086
1246,1246,892.6153846153846,641.375,1041.3543577981652,715.2278287461774,1516.227566589087,570.5518489785363,976.4975009611687,1114.7166474432909,1522.9992424242423,384.36553030303025,723.9163669064748,983.8723021582733,1406.4366823652538,731.5970695970695,1662.0591869918699,480.4455284552845,1689.9677026203533,600.267215112736,1417.204641350211,1117.3673899939722
1247,1247,897.2467532467532,640.0378787878788,1058.382149362477,703.6775956284152,1524.0096884001048,566.0497512437811,978.1001926782274,1090.7013487475915,1527.9714393085305,380.15971439308527,726.3309395571514,977.1705565529624,1409.0795902285263,729.7567638560546,1668.2271844660195,477.72038834951456,1698.0203515263645,602.3191489361702,1422.260633484163,1114.5517345399696
1248,1248,900.9330558446063,638.9420742282344,1071.7147016011645,692.4545123726346,1530.9751828631138,561.9707419017764,980.7160356347439,1068.8815887156643,1531.545957918051,377.0952380952381,728.5684891240446,970.7516166960611,1411.9512445470873,727.9466256094431,1673.1075268817203,475.5884652981427,1704.438596491228,603.9803387779793,1426.8738009592325,1112.0026978417266
1249,1249,904.378548895899,637.9242902208202,1083.2837192208747,682.9856670341786,1537.6437054631829,558.1580892055952,982.6622073578595,1047.4399851356372,1535.4234848484846,373.98068181818184,730.6082443653618,964.6895017793594,1414.6143335911318,726.2080433101315,1678.6874796747966,473.09691056910566,1711.0401934119068,605.7240858265336,1431.4182475158084,1109.495332731105
1250,1250,907.4773049645389,634.9978723404255,1092.095652173913,675.7532608695652,1543.5306284805092,554.6390877751259,985.0838926174497,1030.4604772557793,1539.356731875719,370.66168009205984,732.454930429522,958.8575317604356,1417.2914431673053,724.9356321839081,1683.4986666666666,471.073,1716.8249249249247,607.3336336336336,1435.4629462946293,1107.3423342334233
1251,1251,908.332990750257,624.7882836587872,1100.961315979754,668.702096890817,1549.6014138118542,550.9711799891245,987.3557297499067,1015.3896976483762,1542.0512820512818,368.6616915422885,734.1581972171808,953.8191167574106,1426.4836548767416,720.4587352625938,1687.9788519637461,469.12118160456527,1721.8688230008984,608.8014375561545,1439.7338758288124,1105.1088004822182
1252,1252,907.3374527978029,611.1455544112598,1108.114015976761,662.9949164851125,1554.6244725738395,547.8241033755274,989.2963809523809,1002.4693333333333,1545.3575899843504,365.9839593114241,735.9401788467468,948.6302806043786,1439.4992248062015,714.2354005167958,1691.9859062602425,467.52409046214353,1727.0566873339237,610.325952170062,1443.49241044323,1103.115361262902
1253,1253,906.4998287084617,600.4484412470023,1115.246844840386,657.4368968077208,1560.0613119143238,544.2484605087014,990.7985185185184,991.7422222222223,1547.7538580246912,364.0729166666667,737.4558641975308,944.2012345679011,1452.0440010232796,706.911742133538,1696.2017281488866,465.75506812894645,1732.0023894862604,611.8228793309438,1446.9834515366429,1101.3543144208036
1254,1254,906.1927413671599,591.6856941508104,1121.7123037604965,652.6316173786053,1564.6182838813152,541.1390002673081,992.2218493661446,981.2941834451901,1550.0923136346078,362.3117033603708,738.853483286473,940.2264917213371,1463.8681261402137,701.112327339067,1700.4539559014265,464.2081712062257,1736.0677915926583,613.0994671403197,1450.1791483113068,1099.6878120411159
1255,1255,905.9117647058823,583.9859943977591,1126.690294438386,648.8644129407488,1568.927935222672,538.0251012145749,993.3359173126614,972.5644149132521,1552.723263075722,360.35870413739264,740.106018085438,936.66604303087,1474.3539223351574,696.1584571279645,1703.8458781362006,462.8364288041707,1740.3596569062406,614.4205856255546,1454.3761384335155,1096.9089253187615
1256,1256,905.8546025104603,578.3584379358438,1132.7430786267996,644.3702473237356,1572.8224755700326,535.0977198697068,994.5681389203472,963.4933937334843,1554.7749518304431,358.9094412331406,741.5919268369599,932.5834121728161,1483.3246855345913,691.99606918239,1707.1861890932557,461.78509196515006,1744.1187335092347,615.6939313984169,1463.1883931175269,1089.0854476523766
1257,1257,905.8899437412095,572.3558368495077,1137.195796460177,641.0247050147492,1576.304487179487,532.6204594017094,995.5473484848484,955.6636363636363,1557.0588685015289,357.29892966360853,742.5237659963437,930.3074344911638,1491.428086661446,688.4064212999217,1717.4202294056308,461.9277024678484,1747.8459064327485,616.9263157894737,1478.1669669669668,1077.1468468468468
1258,1258,906.0338568935426,567.4774869109948,1141.142755174875,637.9204139900071,1579.921017402945,529.84765729585,996.2259580621836,948.6764280549529,1558.5773470163435,356.3196503230711,743.5222623345367,927.5009025270758,1499.0847189231988,684.9065716547901,1732.5093307593306,463.9311454311454,1751.1863262910797,618.1120892018779,1491.695016413011,1067.6308564607577
1259,1259,907.1665053242982,564.0516295579218,1145.7278084714549,634.4383057090239,1582.7178231292517,527.5765986394557,997.0237020316027,941.9857035364935,1561.0689655172414,354.68045977011496,744.5856438693777,924.3894023413432,1506.144813059505,681.7401263823065,1746.5534229046705,465.16506717850285,1754.071240105541,619.141600703606,1502.7357142857143,1059.3119047619048
1260,1260,917.0944206008584,562.3755364806867,1149.1954269381922,631.7559842800999,1585.7964884277733,525.2583133812184,997.8160547156227,936.2732181425486,1562.4277220364174,353.69565217391306,745.439729397294,921.8665436654366,1512.3661714881416,678.9113891060724,1757.8644549763033,466.2473933649289,1757.1184018664333,620.2741324001166,1511.953760608721,1052.3784021071115
1261,1261,932.3347502656749,564.3131420474672,1152.6563829787235,629.1468085106383,1588.9094886519003,522.8925348646432,998.4646131279794,931.0091675834249,1564.4115646258504,352.7207105064247,746.3741433021806,919.1529595015576,1518.128948055338,676.3322892195249,1768.4917715392062,467.4217489512746,1760.0905349794236,621.3974132863021,1520.0896874087057,1046.4323692667251
1262,1262,946.2554347826087,565.7550724637681,1162.6420323325635,623.9499615088529,1591.6011157601115,520.6560669456067,999.2155797101449,926.3079710144926,1569.5860215053763,354.80913978494624,746.8537634408601,917.621198156682,1523.7645068956544,673.9081446786364,1777.0392156862745,468.3688141923436,1763.0037978381536,622.5369558866491,1528.2560686796921,1040.391355831853
1263,1263,958.1862094395279,566.1755162241888,1174.3593514328809,616.1636500754147,1598.2712314225053,515.3654458598726,1000.0864884929473,921.2141796585003,1581.602386451116,361.8602771362587,746.9714811407543,914.1186752529899,1529.2435795604977,671.5213132115435,1785.8501587301587,469.3815873015873,1765.5519270373638,623.5139746984406,1535.1579414374446,1035.5468796214136
1264,1264,966.8417397660818,566.390350877193,1186.2614747930772,608.1136192626034,1615.7724734785036,507.76074818537126,1000.8814393939393,916.4454545454546,1594.2253155159613,368.0605048255382,746.0988569663268,903.2944084028421,1534.060606060606,669.3673577884103,1792.775580665411,470.2090395480226,1767.7277777777776,624.4280701754386,1541.6247044917257,1030.9804964539007
1265,1265,974.6930113428466,566.5246981339187,1196.7736400146039,601.7090178897407,1633.814149659864,503.80598639455775,1001.8349834983499,912.7832783278328,1606.2219788243883,373.3472070098576,745.9211195928752,889.687340966921,1538.5860088749673,667.4152962672931,1799.526267281106,470.83102918586786,1770.2614718614718,625.5492063492063,1547.364008179959,1026.95325737657
1266,1266,981.5027085590466,566.484651498736,1205.714544795067,596.0025389916575,1649.4405056334158,500.07089859851607,1005.6218088986141,904.8034281546315,1615.4016064257025,377.3413654618474,745.2833957553058,879.2284644194757,1542.8994750656168,665.3727034120734,1806.0301055245188,471.56517690875233,1772.4883040935672,626.512865497076,1553.2212230215828,1022.9586330935252
1267,1267,987.7774146695715,566.3467683369644,1213.689553340716,590.7471391657438,1663.1590163934427,497.4409836065574,1012.1026989134244,889.2411496670171,1623.4582873943402,380.8985667034179,743.9657709532949,869.5978886756238,1547.0379023883695,663.5911214953271,1811.9650263076446,472.2451253481894,1774.313725490196,627.4305074971164,1558.2928571428572,1019.5163690476189
1268,1268,993.200281590989,566.2059134107709,1219.508505247919,587.0347448425624,1674.9786359901398,495.6839222130922,1017.8005578800557,872.2534867503485,1630.3715315315314,383.87819819819816,742.6771528439783,860.7756593581188,1551.1506116207952,662.5318552497451,1817.1308439587126,472.7884031572556,1776.5308964316798,628.4232666086451,1563.0038587117838,1016.3552983081033
1269,1269,998.056670186554,565.8620204153466,1225.1629153269025,583.335119685602,1686.1979166666665,494.3015350877193,1023.1800687285223,858.7993127147765,1637.4992625368732,386.89085545722713,741.4068721901091,852.3513166345535,1561.735991660151,663.0278863695595,1821.8952467453828,473.4671510747805,1778.093732193732,629.3065527065527,1567.4562647754135,1013.4143026004728
1270,1270,1000.8109401709402,564.1958974358975,1230.9343434343434,579.6580086580086,1696.7443338861249,493.2006633499171,1027.9959100204499,846.8895705521472,1643.2034584253126,389.29543782192786,740.3250825082507,845.0716171617161,1578.1014492753623,667.3999491482328,1827.0651838121717,473.99845535990113,1779.8055555555554,630.0994897959183,1571.7545265657463,1010.5476402493322
1271,1271,999.8964467005076,556.989170896785,1235.8228128460687,576.5356220007383,1705.6592653508771,492.24067982456137,1032.2678634283702,836.5022879267863,1649.6568405139833,391.9928193499622,739.2576214405359,838.7407035175879,1592.5468223086898,671.9826199740596,1831.6181377009402,474.66939642098873,1781.4187446259673,630.8142734307825,1576.2178217821781,1007.6504650465046
1272,1272,994.8041933191186,543.7302771855011,1240.4265193370165,573.6069981583794,1714.248794326241,491.3543262411347,1036.0621162874684,827.5005417118093,1655.1726332537787,394.34447096260936,738.2100456621004,832.4541622760801,1607.5744849445325,679.7303222398309,1836.4838609559279,475.20422098075727,1788.64,630.743188405797,1580.1759259259259,1005.1944444444445
1273,1273,990.5819148936171,532.2968085106382,1244.6308479532163,571.0727339181286,1721.536789297659,490.5666109253065,1039.32304964539,819.7010638297872,1660.62424969988,396.719487795118,737.5869715869716,827.48613998614,1620.3372796632464,686.5719547487503,1840.0559100577332,475.59860224855663,1807.3594713656387,627.7057268722467,1583.3614775725594,1003.1668132512458
1274,1274,987.2720430107527,522.3863799283154,1248.8086351994143,568.4255396999633,1728.9015151515152,489.8131313131313,1042.2235128475888,812.9665610700457,1664.936507936508,398.6214896214896,736.8783554196398,822.9177709819911,1632.094627105052,692.5979684576316,1844.4659161976233,476.21169480925573,1826.2265177548682,626.0750286368842,1586.9691247002397,1000.9202637889688
1275,1275,984.7190931633014,514.5203684024087,1252.419026047565,566.3212533031332,1735.320245057087,489.33806739069894,1045.0867237687366,806.3283369022126,1669.5722567287783,400.6695652173913,736.1699756182514,818.0073145245559,1642.045442605726,697.9579721565536,1848.024829298572,476.68001241464924,1841.8864281658148,624.731970471323,1590.4051565377533,998.7289748311846
1276,1276,983.0387513455329,509.1227125941873,1255.4104532163742,564.5427631578947,1742.0683195592285,488.6980716253443,1047.742456140351,800.6035087719298,1674.0343383584589,402.7043551088777,735.7359131025119,814.5889341479972,1651.0759592795614,703.0018271991646,1851.430606060606,477.2175757575757,1854.9994364609747,623.4564666103128,1593.438331854481,996.910973084886
1277,1277,982.9321054532321,507.62044059227156,1258.4022611232674,562.7800875273523,1747.1635677714899,488.3252492589598,1050.1679197994986,794.9559613319012,1679.1770972037284,405.10430537061694,735.1367956551255,810.4562118126273,1658.9532299741602,707.5679586563307,1855.010064043916,477.7965843244891,1866.187134502924,622.2670565302144,1596.8035499398316,994.3071600481347
1278,1278,984.1596091205212,508.8085414404632,1261.4391416944134,560.9241583425822,1752.7662835249039,487.84181718664473,1052.3947939262473,789.7443962400578,1681.3422278695466,406.277848369335,734.7399380804953,806.6952184382525,1666.1846153846154,711.8694871794871,1857.60401459854,478.1870437956204,1876.4021830394627,621.3084242933108,1605.0678016726401,987.3491636798087
1279,1279,985.1020923520923,509.11940836940835,1263.9068413391556,559.4570596797671,1757.7139784946235,487.53736559139776,1054.8182145428366,784.7249820014398,1685.2963917525774,408.2143470790378,734.5078411745078,803.6116116116116,1673.1433465085636,715.966534914361,1861.7177344475394,478.5744351593933,1885.6439202471213,620.4142094917157,1618.7592920353982,978.4743362831858
1280,1280,985.7554600787682,508.89545291800925,1266.6355555555556,558.0411111111111,1762.7467741935484,487.2196236559139,1056.6681270536692,780.6202993793354,1688.3299057412166,409.75364181662377,738.5008358408559,796.7993981945838,1679.3042433947157,719.831598612223,1869.3517528223408,477.24450386215085,1894.069432684166,619.5890488286763,1630.4589832466781,972.4139225880992
1281,1281,986.4018759018758,509.0046897546897,1268.6339220014715,556.9753495217071,1767.292045141756,486.91797412606655,1058.5530642750373,776.5343796711509,1691.3448717948718,411.4769230769231,749.0519848771266,783.2180214240706,1685.2891920813267,723.5917602996254,1886.5881989496445,474.668829162805,1901.7990906507528,618.9744245524297,1640.2033158813263,967.5157068062828
1282,1282,987.2519001085776,508.48172276511036,1271.3477297895902,555.4569952011813,1771.6636856368561,486.6691056910569,1060.543682039745,772.6280464941881,1694.6858638743456,413.11954624781845,759.9460694698355,765.6596587446678,1690.6108022239873,726.9041567381519,1900.538367096378,473.82658072437073,1908.8494715795484,618.3710368466152,1650.049955396967,962.7252453166815
1283,1283,988.8858307849133,507.13149847094803,1273.5543028936488,554.1653513716648,1775.9095315024233,486.3998384491115,1062.2396296296297,769.288148148148,1697.5054054054053,414.2013513513514,770.6428140096618,751.2629830917874,1695.5113605987704,729.9967923015237,1912.7897008942336,473.2124576009867,1915.580194063927,617.9123858447488,1658.4893104486598,958.9680819030411
1284,1284,997.4880558618155,507.1212789415656,1275.471979621543,553.0957059679766,1779.6024691358025,486.09958847736624,1064.0433789954338,765.8694824961948,1704.6336014298479,412.1823056300268,779.8229548229548,738.2741147741147,1700.1814994606254,733.0091693635383,1923.308193668529,472.5924891371819,1921.4093668690373,617.4582249204972,1666.2847158918262,955.684290489213
1285,1285,1011.7239020878329,509.12023038156946,1277.4651580459768,551.9967672413793,1783.65162701668,485.7478807765928,1066.2592592592591,762.7181481481481,1715.725974025974,409.68831168831167,787.2069481880802,727.282120395328,1704.5194735428418,735.9221058286328,1931.3930393039302,472.08520852085206,1927.42537746806,616.976480836237,1673.5420420420419,952.8042042042041
1286,1286,1025.258249158249,510.5973063973064,1279.734481521349,550.9038392536778,1786.8530893662155,485.80031821797934,1078.0295604823025,752.611824192921,1727.2428256070639,408.3788079470199,794.1288968824939,717.39448441247,1709.025459317585,738.817060367454,1939.6606334841629,471.61116138763197,1932.5959079283887,616.7090082409775,1679.6735611510792,950.449040767386
1287,1287,1037.1272848122298,510.79661016949154,1280.908625730994,550.4667397660818,1801.0292153589317,486.4540901502504,1091.039039039039,738.8006756756756,1736.5940681717573,407.1868083222664,800.6817632850241,708.4009661835748,1712.8527932221339,741.4445326979084,1947.5271247739602,471.1576250753466,1938.003193960511,616.438443670151,1685.6018518518517,948.3715651135004
1288,1288,1047.1744873131734,510.6951685783802,1282.8993779729235,549.5334796926454,1819.3589128697042,485.63575806021845,1103.0003871467286,724.5416182733255,1743.8309738309736,406.3667953667954,805.9452914798206,700.8798206278027,1716.5202991452988,743.8947649572649,1954.2834385332128,470.8010219416892,1941.7223665223662,616.3036075036075,1691.2320143884892,946.3657074340526
1289,1289,1054.9317055909412,510.33970276008495,1284.4133771929824,548.9144736842105,1841.3557872226677,486.2026196204223,1112.5087719298244,713.4294431731502,1750.5841924398624,405.3741408934708,811.6885688568857,693.1320132013201,1721.1282051282049,746.4191632928474,1961.1540103690147,470.4324489173528,1947.073911773298,616.0122699386503,1695.988434163701,944.6669632265716
1290,1290,1060.9476528199932,509.8980074299223,1285.8416666666665,548.3590579710145,1860.7663257277734,486.92525570416996,1120.5736434108526,703.9271317829456,1757.5867697594501,404.43642611683845,816.5413333333333,686.9842962962962,1729.7193390136845,748.9961270333075,1966.9326047358834,470.1517911353977,1951.2087007642563,615.9135802469136,1700.873532068654,943.0027100271003
1291,1291,1066.217094017094,509.3107692307692,1288.0621025065468,547.3905723905724,1880.5962870601272,487.8351343862565,1128.3492632417363,694.8040621266427,1763.2663989290495,403.87639446675587,821.7187789084181,680.6487819919827,1749.649136577708,753.8181580324436,1972.4859365649309,470.01675643327343,1957.165798611111,616.2210648148148,1705.2379227053138,941.5954106280193
1292,1292,1072.0338214783822,508.44769874476987,1289.2287434161021,547.0436418359668,1896.8152350081036,488.41734197730955,1134.3962264150944,687.4968553459119,1768.1164556962026,403.3160337552742,825.7801801801802,675.7276276276276,1770.0896403650024,761.2434245840043,1977.4137201571468,469.78875793291024,1974.7835460992906,618.0198581560282,1709.484765386959,940.2285191956124
1293,1293,1076.6247836621667,507.6787815853236,1290.8543096872615,546.4610983981694,1912.932158119658,488.1706730769231,1140.2061191626408,680.5322061191625,1773.9609929078013,402.62588652482265,830.2481412639405,670.6000619578687,1787.7413746264601,766.0904645476772,1982.4188656354258,469.3466787989081,1993.557278208441,617.3916164226241,1713.207427536232,939.0157004830917
1294,1294,1080.6243112947657,507.1807851239669,1291.9970037453184,546.0288389513108,1926.1076031655832,487.60477666287835,1145.0023501762632,675.0787309048179,1777.89188034188,402.1525641025641,833.9488317065956,666.4794439514935,1802.2052099946834,770.1709197235513,2002.7900171720955,467.25847920466924,2009.7289829512051,617.0370370370371,1716.9105105105104,937.8972972972973
1295,1295,1084.6195355191255,506.5706967213115,1293.6008323874385,545.5096481271282,1939.2830482115085,487.0388802488336,1149.376690533015,669.9574383452664,1782.865542585387,401.6567228707306,838.4021116138763,661.7444947209652,1815.6928209234052,774.1291700026687,2023.1611687087652,465.1702796104304,2022.7710320901995,617.237640936687,1720.602564102564,936.788610614192
1296,1296,1087.8246687054027,506.07781175671084,1296.0936794582392,545.2953348382242,1950.5735441767067,485.7080823293172,1153.7024661893397,664.9307875894988,1787.5131863380889,401.05144833549497,841.907157831686,658.1853848457621,1827.4204059829058,777.5894764957264,2043.6931268151016,467.4924169086802,2033.866608796296,617.6325231481482,1723.9033033033031,935.7585585585585
1297,1297,1091.2936507936506,505.57694962042785,1311.8206951026855,544.1461295418641,1961.2849505479817,484.5383587276129,1157.4410936871732,660.4567752312022,1791.2343407796757,400.75602277704775,845.9535391331461,653.8730901153725,1838.2821969696968,780.8452380952381,2060.3355492244377,469.2659069325736,2044.0017621145375,617.9668135095447,1727.2414935260463,934.7729599518217
1298,1298,1094.3982905982905,505.162735042735,1328.271100739012,541.1271878646442,1971.3835005574135,483.597547380156,1161.1374652363925,656.0564163686928,1794.5041611914146,400.5869469995619,849.2097412480974,650.744901065449,1847.7759784075572,783.7516869095816,2074.2588454376164,470.8072625698324,2053.485280999108,618.3716919417187,1730.4313904068001,933.8518518518517
1299,1299,1097.347599164927,504.8336812804453,1343.6122209165687,538.6831179005092,1979.5506027474066,482.80039248668345,1164.0307385229542,652.5532934131736,1798.242109814094,400.24470384781665,852.6914038342609,647.0933828076685,1857.1137414965983,786.5662585034013,2087.2500791389675,472.32383665717,2061.7415143603134,618.8064984044096,1733.0312876052947,933.0655836341757
1300,1300,1099.8011817865831,504.6332985749044,1356.0331753554503,536.8203001579778,1986.286274509804,481.903081232493,1167.2572016460904,648.6185185185185,1800.8825275657334,400.13910093299404,855.8926919518964,643.8633980881899,1865.2884719956496,788.9551386623165,2098.96231884058,473.7426731078905,2069.4118336262445,619.2293497363796,1736.0289457647775,932.172760511883
1301,1301,1102.052213001383,504.4273858921162,1366.210382513661,535.1014832162373,1992.672757475083,480.76273532668876,1170.051024675868,645.361773316604,1804.3697983697982,399.7730587730587,858.4596235579842,641.2786885245902,1873.3564356435643,791.3173817381738,2108.814563106796,474.8368932038835,2076.981465136805,619.6228302441895,1738.6448087431695,931.4165148755312
1302,1302,1104.5247042449546,504.2199025748086,1375.1472121941435,533.707180104292,1999.4368094853137,478.632713554298,1172.3166880068288,642.4353393085787,1807.312714776632,399.7409793814433,861.5364055299539,638.0556067588325,1880.212742685261,793.3185671315285,2117.9332054969636,475.8072866730585,2083.225768321513,620.1320921985815,1741.1048758049678,930.751916590003
1303,1303,1106.195,504.319,1383.5328610783156,532.3293978748525,2007.3584200693888,473.83773685615154,1174.186789151356,637.173665791776,1809.3404522613066,399.6708542713568,864.2782791817087,635.4696149217809,1887.3433667781492,795.4403567447046,2126.526518804243,476.7521697203472,2088.8790484379474,620.5159071367154,1743.428959276018,930.1221719457013
1304,1304,1109.4949083503054,501.5583842498303,1390.6894553881807,531.1846272692159,2015.6539883782355,468.35525620707864,1173.2522639068563,626.6877964639931,1811.8714810281517,399.5495716034272,873.6407167130058,633.2131603336422,1893.6400217509515,797.2656334964654,2134.161105815062,477.6450587861455,2094.7431355181575,620.981989961618,1745.664202094886,929.4664202094885
1305,1305,1106.6475095785438,495.639846743295,1396.854750778816,530.2383177570093,2023.3488996242618,463.6027911969941,1172.9544459045114,611.8852387209811,1814.625053078556,399.30700636942674,894.9373088685015,631.5688073394496,1899.9098428453267,799.1359250068926,2141.8984220907296,478.3915187376726,2100.329830706363,621.4629305312317,1748.0476624165149,928.8421372191864
1306,1306,1099.5732187611886,488.14214106695306,1402.7180974477958,529.2857695282289,2029.995407887628,459.5499729875743,1172.798620689655,599.582988505747,1816.7592592592591,399.2549526270456,914.9246105919002,629.2043613707165,1905.1232725262576,800.5688225538972,2148.3970398970396,479.1122908622908,2104.9000587889477,621.8239271017048,1751.3961397058824,927.1871936274509
1307,1307,1091.8688100517368,481.1252771618625,1408.119379844961,528.443023255814,2036.3038888888887,455.7341666666667,1172.251253989968,590.1937984496124,1818.3865293865292,399.17031317031314,930.8339831059129,627.9148797920727,1910.3988245172125,802.135460397425,2154.734107776702,479.6850596966763,2109.9236048940616,622.2088928678006,1763.032855436081,922.0044802867384
1308,1308,1086.5584077380952,475.7578125,1413.5827220863894,527.8048084759575,2041.1604938271603,452.8591470258137,1171.37742248062,581.3677325581396,1820.134277134277,399.2020592020592,945.1260997067449,626.8217660475725,1915.9205941159667,803.6189660097115,2161.4064711830133,480.463768115942,2114.5786953919805,622.6714542190305,1779.6761006289307,917.1679245283019
1309,1309,1082.6016522988505,471.62068965517244,1424.722748815166,527.6200631911532,2045.9348123801697,449.9496028485346,1170.9523154516276,574.6579550664833,1821.7304703476482,399.21881390593046,957.4047840944392,625.7797452625039,1923.571815718157,804.1238482384823,2166.3976055450535,480.9666036546944,2118.03062426384,623.0170789163722,1791.288662969809,913.9109673444239
1310,1310,1079.523963963964,468.1531531531531,1440.4892720306511,524.9490421455938,2050.248499727223,447.3011456628478,1170.3534080298784,567.969654528478,1823.2473382473381,399.4172809172809,967.9987055016181,624.7634304207119,1941.3336025848141,801.958535271944,2172.1162790697676,481.5998062015504,2122.206876456876,623.4723193473193,1803.5734669095323,910.4250151791135
1311,1311,1078.6809324982603,466.55080027835766,1457.4086021505375,521.8302611367127,2054.9356966199507,444.3778510579829,1169.7839506172838,562.0360873694207,1828.6964705882353,401.7933333333333,977.9901210962396,624.0729764181007,1961.0748407643312,800.5079617834394,2176.612425102491,482.0230211289814,2125.7841213202496,623.8153434433541,1812.9547214775096,908.0539171879653
1312,1312,1079.795321637427,466.26212590299275,1471.8145539906104,519.635758998435,2058.1029493600445,442.4209794101279,1169.3644636015324,556.8333333333334,1841.5085073472544,404.9126063418406,986.9017576898932,623.5925925925925,1976.5740149094781,799.1762513312034,2181.209923664122,482.55916030534354,2133.4008968609864,622.8457399103139,1822.9990950226245,905.6775263951735
1313,1313,1086.9482129832238,466.7840991976659,1483.2622634221707,517.6562379297026,2061.3584853510224,440.30458817025976,1168.8323917137475,552.1572504708098,1853.9316436251918,406.397465437788,995.8512203276496,623.108659311267,1989.8247758761206,797.5156207552295,2185.0928152944803,482.90255935861853,2152.4888093106533,618.4950760966875,1831.4599879663056,903.7767749699158
1314,1314,1100.0837907061837,465.9762166117819,1493.0107156525066,515.7860696517413,2064.1675041876047,438.4246231155779,1168.1971830985915,547.7732394366197,1864.7286101432442,408.05807200929155,1003.775008308408,622.941841143237,2001.7754442649434,795.9380721593968,2189.809067688378,483.41028097062576,2169.522270742358,616.5819505094613,1839.2516010978957,902.0454406831351
1315,1315,1113.0884210526315,465.0073684210526,1502.0101246105917,514.2355919003115,2067.050142450142,436.63247863247864,1167.6585829766998,543.530670470756,1873.4311163895486,409.5106888361045,1011.723779854621,622.890273451021,2012.4397920087574,794.6056376573617,2194.163214061519,483.8148148148148,2184.0389796503296,615.621381484666,1846.141758917589,900.7081795817958
1316,1316,1124.4732687477574,463.96878363832076,1509.7090007627764,512.8024408848207,2069.1456769530164,435.33472338059494,1167.0467334287075,539.8497854077253,1881.0377928949356,410.718820861678,1018.4448938321536,623.0795416245365,2022.2890832008477,793.3346581875994,2197.5033238366573,484.3485280151947,2196.0392486683486,614.8236613400616,1852.1067780872795,899.5150108325596
1317,1317,1133.0326588569399,463.33226837060704,1517.1987837324211,511.51653363740024,2071.3747583540458,433.98232532449595,1166.361811391223,536.6111111111111,1888.1606741573034,411.9689138576779,1025.1447459986082,623.1778009742518,2031.0369477911647,792.1951807228916,2201.1718213058416,484.74757888159945,2207.8116319444443,614.0723379629629,1857.9128065395096,898.3254617014834
1318,1318,1139.9684397163119,462.45035460992904,1523.5504694835681,510.40766823161186,2073.5343011670934,432.5898092798178,1165.5914285714287,533.2861904761904,1895.0775558166863,413.0822561692127,1031.3390070921985,623.3351063829788,2039.602553427699,791.0502359145156,2205.0538045208527,485.06271887933775,2218.195697023283,613.4621279104038,1863.3948161543096,897.2775768535262
1319,1319,1145.9103496019382,461.546209761163,1529.4727414330216,509.2873831775701,2075.7185886402754,431.1580608146873,1164.8607176581681,530.8810198300283,1901.0842230130486,414.02767892447605,1036.9271827500884,623.5896076352068,2047.0266106442575,790.0731092436974,2208.8664726802454,484.982864532816,2226.7831686133572,612.9562743336328,1868.1478129713423,896.4114630467571
1320,1320,1150.0849278281303,460.96273917421956,1534.6021251475797,508.465564738292,2077.408987485779,430.14846416382255,1164.0278940027895,528.321710832171,1906.1117836965293,414.7009685230024,1042.138592750533,623.7853589196873,2053.7871986699915,789.2272097533943,2218.217806531115,481.47874306839185,2235.4775498067197,612.5057983942908,1873.0381471389646,895.5725098395397
1321,1321,1154.6528871391076,460.520341207349,1539.1144164759726,507.64759725400455,2079.351899457298,428.9000285632676,1163.3447802197802,526.455586080586,1911.2461419753085,415.5162037037037,1047.3191940615059,623.9232944503358,2060.6284466284465,788.4062244062244,2233.389846743295,475.2359514687101,2242.598074608905,612.1516245487364,1877.7441574415743,894.7137146371464
1322,1322,1158.9977011494252,459.9346469622331,1544.2119833143722,506.8138035646568,2080.8363019508056,428.0644614079729,1162.4401826484018,524.2305936073059,1915.0646651270208,416.00192455735174,1051.6433862433862,624.0246913580246,2065.9515299214727,787.7311129163282,2245.158422243776,470.96346589072095,2249.5992343934035,611.8412838633686,1881.046204620462,894.1098109810981
1323,1323,1162.7658291457287,459.55108877721943,1547.983712121212,506.25454545454545,2082.5759656652363,427.0002861230329,1161.5134633240482,522.3932219127205,1920.0849282296651,416.7695374800638,1056.6323425336163,623.9971691436659,2072.023132664437,786.9779821627648,2255.1751800916827,467.3519973804846,2256.1534487997565,611.5235490732299,1885.6215810039073,893.2855425308085
1324,1324,1166.2529313232828,459.26800670016746,1552.2121546961325,505.6965009208103,2083.8734671125976,426.4395206243032,1160.7523553162853,520.9874383131448,1923.6511627906978,417.3507751937984,1060.7587672688628,624.1427559334041,2077.2208298524083,786.4477861319966,2263.5634602538407,464.1018704074816,2261.4809228039044,611.4847678201714,1888.9788647342993,892.8405797101449
1325,1325,1169.6479972844534,456.81059063136456,1555.7739548649647,505.18017018128006,2088.2932472423995,425.3118105999461,1159.9206134415876,519.702300405954,1927.7458823529412,418.0066666666666,1064.741214057508,624.0521831735889,2081.9243929359823,785.8846578366446,2271.5777777777776,460.81830065359475,2267.052615844544,611.2439461883408,1893.2280545670224,892.2416963226572
1326,1326,1166.2864197530862,448.97777777777776,1559.404017857143,504.60714285714283,2096.639046845383,428.69591118331977,1159.1636781609195,518.928275862069,1931.0894405043339,418.5114263199369,1068.1561844863731,623.9937106918239,2086.831989247312,785.330376344086,2277.5385633896058,458.44952002648125,2272.746690734055,611.1173285198556,1896.4849039341264,891.6889295516926
1327,1327,1158.0505698005697,437.7859686609686,1562.597065462754,504.1775771256584,2106.0996705107086,435.37644151565075,1158.418956043956,519.058608058608,1935.2399512789282,419.1745838408445,1071.587437544611,623.8179871520342,2091.4228113780723,784.7379177022922,2284.978593272171,455.3428474345905,2277.3475887170152,611.0203215043979,1899.3378056052472,891.2748956469886
1328,1328,1151.3825875823793,429.3981963232743,1565.40007415647,503.9747868001483,2113.8541500928136,441.6470432246088,1157.1522522522523,517.8788288288288,1937.804705882353,419.6407843137254,1075.0290471130002,623.6209705986538,2096.3366174055827,783.5320197044335,2290.5519071310114,453.1296849087894,2281.670260557053,611.0194669062594,1902.3500619578685,890.6995043370508
1329,1329,1148.4101494612444,425.4956551963851,1568.8516902944384,503.5707015630679,2120.3878691141263,446.5506783719074,1155.7669413919414,516.2010073260072,1940.6698450536353,420.13984902661895,1078.9718614718615,623.1976911976911,2105.607988980716,776.8746556473828,2295.6950776346216,450.9788569540799,2286.065033272837,611.0744101633394,1905.2493297587132,890.3628239499553
1330,1330,1149.0415807560137,427.39072164948453,1571.3662641785581,503.3406512989389,2126.6923688394277,451.1968733439321,1154.6291779584462,514.7362240289069,1943.165687426557,420.7003525264395,1082.2345003646972,622.6776075857038,2122.5352269562795,762.4458368142579,2300.5920837422304,448.91364082433756,2290.0248710949345,611.0303306035789,1907.5077202543143,889.9143203148652
1331,1331,1149.2681992337164,428.400557297109,1574.4389438943895,503.10414374770806,2132.635185185185,455.5145502645502,1152.7702702702702,512.9774774774775,1946.68345323741,421.34492406075134,1085.1009107468124,622.3719489981784,2136.329533116178,752.9022801302932,2305.610209601082,446.8306288032454,2293.624209575429,611.1318879855465,1910.9544883866915,889.5320150659134
1332,1332,1149.7494736842104,429.3098245614035,1576.555072463768,502.9782608695652,2137.5505208333334,459.075,1150.4973333333332,511.19288888888883,1948.6992840095465,421.94828957836114,1087.5900256692335,621.8470847084709,2147.97261716693,744.8604528699315,2309.7048853439683,445.2469258889996,2296.9016442451416,611.1518684603885,1912.7582351163492,889.2665457842248
1333,1333,1149.6995159059475,429.37759336099583,1579.9291902071561,502.4252354048964,2142.4363827549946,462.596214511041,1147.8518041237114,508.27620274914085,1950.9340400471142,422.4432665881429,1090.5113803230543,621.2272393538913,2157.8844194153926,737.7388039688924,2313.65647600263,443.63576594345824,2300.7581758175816,611.2967296729672,1915.5016991041086,888.8285449490269
1334,1334,1149.913646055437,429.7359630419332,1585.8893513701005,499.8321193201526,2147.2035704769514,465.85744737543297,1145.5450568678914,504.90988626421694,1954.5826228177018,422.22371092164025,1092.3086419753085,620.7512708787218,2167.6410877759827,730.8944534194937,2317.1549249836917,442.1288323548597,2304.0416666666665,611.4199404761904,1914.0708369037416,888.617823479006
1335,1335,1149.8331507849578,429.3008397225264,1601.0024009603842,494.3737494997999,2151.8878787878784,469.2258953168043,1143.9256725946193,502.27952576379386,1962.4514403292178,419.4,1097.9219317356572,622.754538852578,2176.4820865577526,724.5835482946403,2321.422865013774,440.45351239669424,2307.0030835646003,611.6117792167745,1915.7135012919896,886.4738372093024
1336,1336,1150.6473533619455,429.4792560801144,1611.7123499806426,491.45799457994576,2155.5374966639974,471.9396850813984,1142.8745046235138,500.3108762659621,1975.7559670781893,416.95349794238683,1107.4904567143828,625.5657805044307,2183.627222222222,719.4683333333334,2324.2522704339053,439.34106962663975,2309.7085242896424,611.7787962114268,1914.470695970696,884.1526251526251
1337,1337,1157.7549348230912,429.91620111731845,1621.6756097560976,488.45203252032513,2159.525871459695,474.71786492374724,1142.1112637362637,498.12774725274727,1987.3861217539377,415.4644529587058,1118.7147912243454,627.4996461429582,2190.447161326588,714.539066891512,2326.726923076923,438.88557692307694,2314.5843780135006,610.9125683060108,1916.7967793880837,884.2041867954911
1338,1338,1167.530492030492,429.80388080388076,1629.5946054750402,486.04347826086956,2163.138033495408,477.38600756347915,1139.8127544097692,496.4034373586612,1996.2569879015434,413.91656236962865,1126.7714090754007,628.466393722279,2197.0118343195268,709.7855734009579,2331.7348694316433,440.56774193548387,2326.7861031059874,604.8898495036823,1918.0465270854104,884.3313393153871
1339,1339,1176.645431145431,429.4385456885457,1636.119104716227,484.0071942446043,2166.545972335232,479.8784919989151,1136.134188034188,494.62136752136746,2004.3341453511975,412.55014210312623,1134.4099859353023,629.7239803094233,2202.537454747981,705.8170426065163,2342.170165394402,449.56297709923666,2343.3044049967125,596.7619986850756,1919.8140703517588,885.230485762144
1340,1340,1185.2838057999347,428.54349951124146,1642.388345558272,482.0643846780766,2169.515591397849,482.0577956989247,1130.757212605415,490.9232134931203,2011.6986469864698,411.2980729807298,1141.504802561366,630.7456421202419,2208.2580005664117,701.6304163126593,2351.6666666666665,458.9076874606175,2356.9603658536585,591.0318428184281,1921.8497267759562,886.630806010929
1341,1341,1193.7670807453417,427.88647342995165,1648.3898373983739,480.2378048780488,2172.689784946236,484.35967741935485,1127.4249229414354,487.9423161602818,2018.320335429769,410.1245283018868,1147.6019007391762,631.7690953889474,2212.8935692221285,698.247402415052,2359.366792929293,466.26767676767673,2368.3872950819673,586.4262295081967,1923.2868539715573,887.5414498785987
1342,1342,1200.688002798181,427.6005596362364,1653.2477587612061,478.80195599022005,2175.795612627073,486.68619582664525,1125.0951122853369,485.5640686922061,2023.9805907172995,409.0966244725738,1152.7005649717514,632.7337570621469,2217.872624113475,694.6913475177304,2366.6964457252643,473.0355427473583,2378.679329226557,582.4685147159479,1924.5867364746946,888.6027923211169
1343,1343,1205.206510681587,427.3940318752119,1657.7258313998452,477.4122196442382,2178.531316348195,488.77547770700636,1123.487568478719,483.62326169405816,2029.0826279725916,408.19145505844415,1157.197164523574,633.6086383119024,2222.140716069942,691.6089369969469,2372.3990950226244,478.0871794871794,2387.7586788001345,579.0276373441186,1924.3357438016528,888.0426997245178
1344,1344,1210.234701223902,427.0781137508999,1662.5494824016562,475.85507246376807,2181.3872628726285,490.9485094850948,1119.4703315881325,482.09336823734725,2034.6119658119658,407.20170940170937,1162.427620049071,634.5373291272344,2226.5431255337317,688.2570452604612,2378.5396978463514,483.41112182577945,2396.072340425532,575.9418439716311,1930.0255898969756,891.78963110668
1345,1345,1214.4451706608568,426.85076252723314,1667.9005167958655,474.21662360034446,2184.0141078838174,492.91756569847854,1119.997191011236,492.33286516853934,2039.4021739130435,406.3908514492753,1167.6170370370369,635.48,2230.866785079929,685.0686796921254,2384.3444108761328,488.4179254783484,2403.608726752503,573.3433476394849,1938.5555555555554,891.4411571334648
1346,1346,1218.1983618233617,426.6602564102564,1670.4037615046018,473.6054421768707,2186.333604336043,494.7542005420054,1126.7593073593073,509.94718614718613,2043.658720200753,405.6762860727729,1170.526406035665,636.2427983539095,2234.044877222693,682.7962178944397,2388.1623134328356,491.7891791044776,2410.0738831615117,571.1134020618557,1950.4185312679285,888.6101549053357
1347,1347,1221.096895257591,426.64346639372224,1674.1447419480014,472.52852153667055,2187.4442759666413,495.7945413191812,1131.23080337328,532.612072791833,2046.8465286236296,405.15468940316686,1174.2496598639455,637.0588435374149,2237.3256932654217,680.3814374646292,2392.0712353471595,494.8256687706642,2416.418468932372,569.065568142808,1961.7488748874887,886.8622862286229
1348,1348,1224.534017094017,426.7511111111111,1677.670569867291,471.41842310694767,2194.585149313963,502.2082324455206,1135.048275862069,551.2193103448276,2050.0191387559807,404.6259968102073,1177.5674325674327,637.8288378288378,2240.5999441652707,677.9726409826911,2395.8907942238266,497.99277978339353,2422.0635897435895,567.1952136752136,1969.8800595238095,885.897619047619
1349,1349,1228.5004712535344,427.53754319824066,1680.5149398525416,470.6662786185487,2204.031783556606,512.9508799579721,1138.4765325670498,567.0857279693486,2054.0382642998024,403.9376725838264,1180.3694740238784,638.4282026460148,2243.8997493734337,675.5678084099136,2399.644103489771,500.9846570397112,2427.1748743718595,565.7038525963148,1977.8081159420287,885.2217391304348
1350,1350,1244.303343674595,437.0823853843502,1684.0108907040062,469.535978218592,2213.4373689727463,522.1422955974842,1141.5299796747968,581.0426829268292,2057.630531871701,403.18311002842063,1183.27985910983,639.1559398014729,2246.5740122426264,673.4693934335002,2403.2781796262807,503.82399035563583,2433.0783932620666,565.8467768059604,1984.9868073878629,884.5268249780123
1351,1351,1261.1995841995843,449.4237699237699,1686.6287356321839,468.81915708812255,2222.5330188679245,533.29035639413,1143.8987025948102,591.9635728542913,2060.256038647343,402.71014492753625,1186.7521035598704,639.9116504854369,2249.81699889258,670.3970099667774,2406.4911171333933,506.2460102378801,2436.355140186916,576.2578746971269,1991.6181980374665,883.8418079096045
1352,1352,1275.027539341917,458.409513590844,1688.9492502883506,468.0945790080738,2230.543501048218,542.871855345912,1145.759633911368,600.8261078998073,2062.878144654088,402.26847484276726,1189.7227626459144,640.578793774319,2253.791977869986,666.1147994467495,2410.8783478541463,508.49338496289124,2437.1604810996564,595.4522336769759,1996.898749618786,883.1936566026227
1353,1353,1285.7628070175438,465.29263157894735,1691.1470814132103,467.6190476190476,2237.848601488324,550.9463690017961,1146.9760858955588,608.0937042459736,2065.5501770956316,401.9149940968123,1193.2370441458734,641.8752399232245,2258.6954301075266,660.5069892473118,2417.4976303317535,498.7200631911532,2437.361989459815,611.5075757575758,2002.0361990950225,882.784012066365
1354,1354,1295.7159676232523,471.55997056659305,1696.3360784313725,466.7231372549019,2244.2771822358345,557.3774885145482,1148.1562203228868,615.457264957265,2068.718137254902,401.3860294117647,1207.922157622739,644.3565891472869,2262.6993573623913,656.3271863649063,2426.1600272386786,477.4729315628192,2436.4222674813304,626.5519348268839,2006.631390134529,882.4071748878923
1355,1355,1304.1268980477223,476.70715835141,1710.5354361370717,462.4042056074766,2250.5497119959928,563.7638367142499,1149.0149184149184,622.1668997668997,2071.206330128205,400.9138621794872,1224.6694214876034,642.7370676461585,2266.836228287841,652.4358974358975,2433.200980392157,463.34444444444443,2434.9176626826024,639.1162018592297,2009.8559373116334,882.0795660036166
1356,1356,1312.0961189698946,481.42763873775846,1723.0883720930233,455.12015503875966,2256.2403217697333,569.0759175465057,1152.8105548037888,632.3879115922417,2073.1117764471055,400.67185628742516,1242.0501557632397,641.4168224299066,2270.2412538483063,649.3478869297509,2439.6503987240826,453.90909090909093,2433.340630182421,650.1296849087893,2013.8544474393532,881.8975741239892
1357,1357,1319.732958801498,485.4932584269663,1733.288863549981,449.016343595591,2261.212437810945,573.929104477612,1159.0358235037133,642.1813018785496,2076.088807785888,400.9626926196269,1255.2596685082874,640.3192142418661,2273.766891891892,646.3949887387387,2445.250075142771,447.43312293357377,2431.962591850367,659.3253173012691,2017.691301703163,881.735705596107
1358,1358,1332.3168498168498,486.63186813186815,1742.2054743157103,443.41094863142104,2266.483123922148,578.9066272480907,1165.314236111111,652.0425347222222,2085.874337005304,404.70257037943696,1267.1646436352319,639.1605975723622,2276.4724342663276,644.0483460559797,2451.1668174962288,441.6383107088989,2430.7418169672674,667.6633266533066,2020.750305250305,881.5470085470084
1359,1359,1354.2040598290598,486.3080484330484,1749.8165522501906,438.43783371472153,2271.087463556851,583.1445578231292,1170.3991507430997,659.611889596603,2101.386326860841,407.3580097087379,1277.043985637343,638.0813883901855,2279.0656773838964,641.962077493817,2456.493251173709,436.93221830985914,2429.425287356322,675.3494252873563,2022.9246935201402,879.6617046117922
1360,1360,1372.6674033149172,487.23499079189685,1757.2666666666664,433.6151696606786,2277.350012830382,588.1516551193225,1175.4355044699873,666.7169008088548,2113.177270908363,407.88235294117646,1286.816957453321,636.907560453015,2281.830081990387,639.7707096409387,2461.878365831012,432.58310120705664,2428.2717793474603,682.6209216279851,2040.114777213762,872.4125775521715
1361,1361,1388.3318095238094,487.2220952380952,1763.3226863226862,429.6388206388206,2285.7060041407867,590.6071428571429,1179.6645189003436,672.5189003436426,2123.9017458384083,408.05602923264314,1295.19476010101,635.7951388888888,2284.4355632783086,637.7358818418767,2466.5841239721694,429.06672991777356,2427.1965376782077,688.8784792939579,2059.8119883040936,863.3564327485379
1362,1362,1401.1222581805105,487.0111470693995,1768.021164021164,426.5808767951625,2301.202594810379,588.5778443113772,1183.4148329258353,677.2383863080685,2131.902840059791,407.977952167414,1302.4622807017545,634.7169590643274,2286.2066501786203,636.2033525693871,2470.822727272727,425.98727272727274,2426.310366826156,694.7754385964912,2073.95395480226,857.5796610169491
1363,1363,1412.6223651304035,486.85566273669167,1773.2251428571428,423.224,2315.7585585585584,585.8908622908623,1187.0805555555555,681.7722222222221,2140.08605787298,407.7008643367155,1309.0884173297966,633.6486884762746,2287.6661111111107,634.9502777777777,2474.476751207729,423.50815217391306,2425.3902518809286,700.1210336931631,2087.985870818916,851.6917531718569
1364,1364,1422.8641323477648,486.8088701161563,1778.2150537634407,420.0629800307219,2328.072156862745,583.4295424836602,1190.6022506790841,686.2696934419868,2146.9703043801037,407.4187082405345,1315.4495652173914,632.5921739130434,2288.7951839826837,634.0005411255411,2478.455575432319,420.8577817531306,2424.3065621939277,705.5360757427358,2099.843722563652,847.0441908106526
1365,1365,1432.027484143763,486.7364341085271,1782.4730813287515,417.49789996181744,2339.165721997301,581.1168690958164,1193.651799687011,690.1161971830986,2154.395331037122,407.07003444316877,1321.9713701431492,631.4224364592462,2290.916393442623,632.244262295082,2483.497770345596,419.8609253065774,2423.5397614314115,710.527833001988,2110.521076233184,842.988639760837
1366,1366,1439.730890052356,486.66212914485163,1786.8510558069381,414.617269984917,2348.595087163233,579.1804014791336,1196.5879142300194,693.7578947368421,2159.9928678678675,406.67905405405406,1326.9135150982115,630.5036646144825,2292.515251442704,630.8628744160484,2486.793491484185,428.9090632603406,2422.6183431952663,715.0811965811965,2120.2396475770925,839.4863436123348
1367,1367,1447.7657657657658,486.5697297297297,1790.7424242424242,412.3367424242424,2357.512089106221,577.6718283075251,1199.4525205158266,697.3028526768268,2165.3262490678594,406.3918717375093,1332.1616959064327,629.5485380116959,2293.494008714597,629.9425381263616,2486.77161055505,445.15771913861084,2421.844968862668,719.0603080957062,2129.100928421683,836.4752920035938
1368,1368,1454.2740504082356,486.6215832445864,1794.0387947269303,410.3721280602636,2365.277335456475,576.3529723991506,1201.474141185353,699.9811249528123,2170.2185730464325,406.19139297848244,1336.1013494114268,629.3781223083548,2294.721409214092,628.9414634146342,2486.3907538280328,461.49381625441697,2421.108250825082,723.329702970297,2137.1308552432756,833.9289815654275
1369,1369,1460.3096774193548,486.64121863799284,1797.6462281679671,408.1753994797473,2372.4423445631332,575.2344563133388,1206.7736126424106,703.0804851157662,2174.5459641255607,405.91554559043345,1350.787771898883,629.8189300411523,2295.770971302428,627.9020419426048,2486.747771067012,473.8455565142364,2420.3512544802866,727.198761811665,2144.592931139549,831.5085313833027
1370,1370,1465.5028490028487,486.61075498575497,1800.3848177376924,406.57158962795944,2379.066447007139,573.9623833058758,1220.5551994301993,706.662037037037,2179.3403469915097,405.64894795127356,1371.0758466274838,629.4575986565911,2297.230726566833,626.5887409872435,2487.54433713784,485.7769973661106,2419.6202614379085,730.5330065359477,2151.2996996996994,829.5024024024024
1371,1371,1471.0959153902259,486.6214442013129,1803.6723614274865,404.61541381928623,2384.21702244116,573.3451012588943,1239.3166485310119,713.4961915125136,2183.5553047404064,405.53423626787054,1392.9117225566065,628.8922327314416,2297.655258764608,626.0353366722314,2488.3200472394446,495.91290227339823,2418.925258591925,734.0954287620954,2157.5121212121207,827.7421212121211
1372,1372,1475.6125746399719,486.80716543730244,1806.21608417888,403.184517098835,2389.6387749521464,572.4665025977577,1255.6837972876515,718.8201284796573,2186.8375319459656,405.548010222709,1410.6914600550963,628.9818181818182,2298.8537271448663,624.906329113924,2488.9667852906286,504.86180308422297,2418.1590759075907,737.4841584158415,2163.696455168305,826.0268096514745
1373,1373,1480.24,486.8396396396396,1808.9569536423842,402.20824135393667,2395.0890924229807,571.5706355814598,1269.5835087719297,723.1431578947369,2190.6572717023673,405.42202179631715,1426.4666117065128,628.382247870294,2299.348726560313,624.2457318779736,2489.597333333333,513.5096296296296,2417.5620462046204,740.5841584158416,2168.858136721113,824.5840895341803
1374,1374,1483.575982996812,487.0099185263903,1821.5477018153726,401.121282348397,2399.6175178473363,570.8226249313564,1281.8255933952528,727.3384932920536,2193.980783444198,405.4478935698448,1440.6433721575152,627.9642262895175,2300.054138321995,623.374149659864,2490.0576463560333,521.5758661887694,2416.9078295341924,743.6276841757515,2174.5886267392616,823.1330913490623
1375,1375,1487.8085951607077,487.1682918020946,1836.7934742306265,402.1193919169447,2403.8734873487347,570.2244224422442,1292.32250174703,731.0765199161425,2197.1543978859945,405.4582861457153,1453.8948110547094,627.8668922729836,2300.386599383235,622.8088029156153,2490.47758462946,529.0414760597743,2416.3726461843407,746.1252064750578,2178.80404589372,822.1159420289855
1376,1376,1491.3159574468084,487.33546099290777,1849.3244543100259,403.0987791342952,2408.1015471167366,569.5679324894514,1301.3947740112992,734.4410310734462,2200.43908045977,405.65249042145587,1464.797418630752,627.8490460157127,2301.0250987027634,621.9698251551043,2490.843228200371,535.7894248608534,2415.9422310756972,748.6922310756972,2183.133630952381,821.0488095238095
1377,1377,1494.9579646017698,487.2721238938053,1861.3097142857143,404.511619047619,2412.051000281769,568.9459002535925,1309.6567691763873,737.3746907034287,2203.244469870328,405.8287566742944,1475.395275136848,627.863151829444,2301.7905655015625,620.9144643364592,2491.3468599033818,542.5578099838968,2417.0131421744322,750.2700119474313,2187.207764634516,820.0867455262359
1378,1378,1500.4570627409742,485.0711531720995,1870.916186082276,406.08266051518643,2415.449592811008,568.4894692502106,1317.38711960368,740.1917905166313,2206.152986512524,405.9664739884393,1484.407879818594,627.8217120181405,2301.836327345309,620.2765896777872,2491.8545816733067,548.7134794156706,2418.708673315201,760.9682683590208,2191.092676997873,819.1674263141902
1379,1379,1512.3715612718827,480.53840657377634,1879.0977675134718,407.6193225558121,2419.3356262539405,567.926913155632,1325.5319298245613,742.3694736842106,2208.116173120729,406.25322703113136,1493.0393162393163,627.8113960113959,2302.0846877673225,619.5560307955518,2492.2048508685675,553.9252704031466,2421.0961904761903,774.3184126984127,2195.1106060606057,818.3018181818181
1380,1380,1524.8245219347582,477.6242969628796,1886.1917438271603,409.1408179012345,2422.1840159271896,567.6936860068259,1340.1072522982636,740.5597548518897,2210.5900952380953,406.6312380952381,1500.7340271754842,627.733738074588,2302.4539877300613,618.6003505696757,2492.7125850340135,559.4639455782312,2422.347537878788,783.8538510101009,2198.6378787878784,817.5003030303029
1381,1381,1533.1565874730022,475.7638588912887,1892.8005339435545,410.66399694889395,2425.216253443526,567.431129476584,1367.1551362683438,737.6799440950384,2212.655082212257,406.93161434977577,1507.755182072829,627.7086834733893,2302.859948761742,617.9151722174779,2493.0082020997374,563.1847112860892,2423.6757093857186,791.8338010601808,2202.1365021328456,816.7574649603899
1382,1382,1541.4316648917288,473.8207312744054,1898.6899847094799,412.1162079510703,2428.122582480091,567.0378270762229,1389.3054407713496,733.6931818181819,2215.031261770245,407.28738229755174,1514.323651452282,627.5081604426002,2302.8672316384177,617.3872881355932,2493.4425574425572,567.5181485181485,2425.0582945736433,799.137984496124,2204.8304779080254,816.2227231740306
1383,1383,1548.6433189655172,472.26867816091954,1903.845345345345,413.4553303303303,2430.5577612351804,566.9379652605459,1408.7612838515547,730.3701103309929,2217.5181366933944,407.6739213440244,1520.3651452282159,627.3687413554633,2303.5350729517395,616.5395622895622,2496.508581752484,573.0891297801867,2426.3275229357796,805.5850152905199,2208.285247848026,815.5660433363015
1384,1384,1555.5098039215684,470.84012066365005,1908.6325459317584,414.73415823022117,2433.3884669479603,566.77805907173,1426.3316044260025,728.0715767634855,2219.141336270191,408.7004405286344,1526.7150492264416,627.2745428973276,2303.560197272991,616.0420655642587,2504.2095639943736,579.0146272855133,2427.683913452493,811.7068046409532,2211.309240622141,814.9649283318084
1385,1385,1560.7280988731368,469.86368593238825,1913.1931187569367,416.0832408435072,2435.32725262576,566.867053620785,1440.8776541961577,726.283788338389,2229.3848614072494,412.10341151385927,1531.9297668038407,627.0949245541838,2306.2331270262302,612.3775419982317,2515.6074899942823,587.0191538021726,2428.866729088639,817.2621722846442,2213.9033989266545,814.5676803816339
1386,1386,1566.3771551724137,468.81106321839076,1917.043162858179,417.14980050779826,2437.5822222222223,567.0727777777777,1453.0755156353957,724.6679973386559,2242.163655685441,414.41728657456605,1537.2915282392028,626.8853820598007,2311.3056284631084,603.3429571303587,2524.9018245004345,593.3533159571386,2429.9965986394554,821.9313543599258,2216.7318385650224,814.0263079222719
1387,1387,1571.039430449069,467.96458561518796,1921.1047197640116,418.3130530973451,2439.6583679114797,567.2434301521438,1464.6535812672175,723.193870523416,2252.966052726616,416.02780787287827,1542.5470157657655,626.799268018018,2317.7581173666963,593.97199880846,2533.09053131493,598.6921935292371,2431.132411674347,826.7182795698924,2220.932798096937,814.2691049658043
1388,1388,1575.2978021978022,467.38791208791207,1925.2620103473762,419.43089430894304,2441.70926078593,567.4050563341576,1474.9073884916581,721.9441607082056,2260.7047717130104,417.3192584963955,1550.627017841971,628.201642594166,2324.0386559619383,586.3969669937555,2539.82154294032,602.9985443959242,2432.2584653619133,831.2774153463808,2226.889294403893,818.7077250608272
1389,1389,1579.3448789571694,466.75530726256983,1929.0054644808743,420.4,2444.0366997792494,567.4950331125827,1484.4312911041882,720.7082035306335,2268.3939393939395,418.79136189481017,1568.85836791148,632.6968188105117,2329.312745988495,580.1286709052376,2546.158157276995,606.8673708920187,2433.342875318066,835.4605597964377,2233.8339416058393,828.5121654501215
1390,1390,1583.32774049217,466.2513049962714,1932.4649610678532,421.2035595105673,2446.195833333333,567.5258333333334,1492.3484224965705,719.675925925926,2275.507903055848,420.269406392694,1586.3067673378075,635.0970357941834,2334.254740061162,574.151987767584,2551.8928255093,610.2391496899911,2434.5527910685805,839.7476874003189,2239.225885225885,837.5326617826618
1391,1391,1587.8427882832775,466.64627363737486,1935.5613259668507,422.05193370165745,2447.668572984749,567.5334967320262,1500.2714384508988,718.6199861687413,2281.2454136379365,421.4271374177916,1601.271552934569,637.5953383880932,2338.490507314036,569.2349828820417,2557.6409791477786,613.5608945300695,2435.531149646756,843.582851637765,2243.8344046525863,845.6250382614019
1392,1392,1602.719129193433,469.6409707351891,1939.1767838125666,423.0646077387291,2449.477016240022,567.5587668593448,1507.2368331634386,717.8718994223581,2286.7786802030455,422.6274111675127,1614.2380156075808,640.2672798216277,2342.265478424015,565.0415884928079,2561.890834792761,616.1295971978984,2436.4356780735106,847.0522813688212,2247.652041438147,852.3628884826326
1393,1393,1617.8760271525543,470.9474812433012,1950.6160337552742,426.7874952052167,2450.5980313913274,567.6105347166799,1513.5625646328851,717.1120303343674,2292.2887473460723,423.7484076433121,1625.6767932489452,642.6357243319268,2346.3860317460317,560.5082539682539,2566.507609668756,618.8952551477171,2437.406048906049,850.818211068211,2250.8801601971654,858.2994454713494
1394,1394,1631.7241379310344,471.5053879310345,1961.8590308370044,427.8667400881057,2452.566800535475,567.5729585006693,1519.525575008582,716.3954685890834,2296.885177453027,424.7310368823939,1635.877003869541,644.7031509121061,2349.948545861297,556.7328219878555,2570.371259259259,621.0936296296295,2438.2457654202617,853.9897730904441,2254.076137418756,864.4162797895387
1395,1395,1643.2692725298589,471.9699601882012,1973.0421327367635,428.1126025354213,2454.1391139924363,567.5378173960021,1525.1749482401656,715.8171152518978,2300.877929345925,425.63903462749215,1645.1487093153758,646.871492704826,2353.0911132499195,553.6624959897337,2574.492034866246,623.526600541028,2439.049347341611,857.0662209487424,2256.4637410519763,869.1291627762215
1396,1396,1652.8002873563216,472.4468390804597,1981.728353771832,428.32701597918987,2455.7063033305803,567.6597853014038,1530.4033613445379,715.2696078431372,2305.33897707231,426.7312169312169,1653.3747184684682,648.8488175675676,2356.1932938856016,550.6676528599605,2577.786953919808,625.5783961699581,2439.9198966408267,860.1760335917312,2259.0393452943026,874.4611268492288
1397,1397,1661.6943262411346,472.69326241134746,1990.2291430728576,428.3759909399773,2456.830490116436,567.7484430002708,1535.8397435897434,715.551282051282,2308.846100034977,427.7268275620846,1660.803232998885,650.6563545150501,2358.5388518870914,548.6102124960355,2581.89303030303,627.9072727272727,2440.6003205128204,862.6663461538461,2261.103799814643,878.6583256101328
1398,1398,1669.8905633297452,472.79727305346245,1997.0473527218494,428.37099179716625,2466.652247667515,568.687871077184,1551.8607549857547,719.2713675213676,2312.212525667351,428.51334702258725,1667.9102564102564,652.4328316610925,2361.116039858566,546.1674702667952,2585.254528985507,629.7726449275362,2441.232216905901,865.4041467304625,2263.19465408805,882.8503144654087
1399,1399,1677.2672382993926,472.95391211146836,2003.3841160748377,428.262313860252,2481.2351290684624,568.5519079685746,1569.0774946921445,722.26008492569,2316.3536628110755,429.62986330178757,1674.1687552213868,654.1150097465886,2363.3072211476465,544.3968407479045,2588.1246636771302,631.5464872944693,2441.982556295591,868.149698699651,2265.0630119722746,886.8295526149968
1400,1400,1684.136780344701,473.050238357169,2009.9726080246912,428.11882716049377,2495.893952180028,567.4827004219409,1584.5969075871988,724.7123336929161,2319.530172413793,430.5783045977011,1680.393498716852,655.841745081266,2365.633333333333,542.46699669967,2591.392966360856,633.5639143730887,2442.688434048083,870.8378817413904,2266.81271971876,890.7657398529882
1401,1401,1689.9543973941368,473.24140427072024,2014.355185185185,427.97037037037035,2508.707815520574,567.3587406793704,1597.1164742917103,727.0363763553689,2321.626041666667,431.2909722222222,1685.5552784704905,657.3236353560543,2367.565618048935,541.067683508103,2593.3782738095238,634.7547619047618,2443.1855735621225,872.9497934540832,2268.2026515151515,893.725063131313
1402,1402,1695.1876355748373,473.2874186550976,2018.7338559163866,427.88204553938033,2519.3780039581566,567.4402035623409,1608.1408751334045,729.0615439345428,2324.535891968728,432.1297085998578,1690.948348856901,658.7939599209709,2370.1344916344915,538.6570141570141,2596.250532724505,636.4882800608827,2443.7374031007753,875.0726744186046,2269.793696275072,897.219993632601
1403,1403,1702.4714649218465,472.64994547437294,2023.6157088122604,428.02030651340993,2528.8971571906354,567.5989409141582,1617.8299172959366,730.8773822366054,2326.6680805938495,432.9413220219158,1695.564339781329,660.2388561816653,2374.2805152979063,536.1929146537842,2598.6830649970184,638.1574239713775,2444.2552783109404,877.237364043506,2271.1143852978453,900.1403675538656
1404,1404,1716.0212153901473,470.76195613088817,2027.7647509578544,428.0337164750958,2537.3895381190873,567.7342793544797,1626.5482361411086,732.4388048956083,2329.258669497523,433.89950460014154,1699.9799604854643,661.5258255715495,2386.5962396430846,528.3323773103888,2600.7336309523807,639.5142857142857,2444.7677543186182,879.3048624440179,2272.4434893346065,903.2734797835084
1405,1405,1730.538984263233,470.3841201716738,2030.6882440476188,427.94828869047615,2544.660891089109,567.831408140814,1633.882100750268,733.8099321186138,2331.3919150393967,434.7190818773552,1704.3807542983914,662.8349972268442,2397.791191381495,519.5231305449936,2602.9363957597175,641.0665488810364,2445.1823660006344,881.3333333333333,2273.7139280125193,905.9834115805946
1406,1406,1742.880649717514,469.5914548022599,2033.8110119047617,428.0543154761904,2551.765916041145,568.0525437864887,1640.8677304964538,735.1634751773049,2333.9208200777657,435.6083421703782,1708.0741989881956,663.9460370994941,2408.0025469595666,511.6650748169372,2610.5321417372215,647.8842897460019,2445.6104226247217,883.1823959326342,2274.8906492699593,908.6132339235787
1407,1407,1753.6234369417648,468.5091103965702,2037.883087400681,428.1967461218312,2558.071074380165,568.3721763085399,1647.6423462088696,736.444921316166,2335.2363891815944,436.2335792061819,1712.1878685762426,665.2516147149677,2417.416015625,504.92057291666663,2623.3091614443447,660.1796478663085,2446.1647619047617,885.3873015873015,2276.026743075454,911.3155046163641
1408,1408,1761.951388888889,467.7413194444444,2041.2328458942632,428.34120734908134,2563.648535564854,568.3587168758717,1654.6178774928774,738.542735042735,2337.5489376523856,437.24172762103797,1715.8784810126583,666.324894514768,2425.6805143422353,499.0092317837125,2634.9213615023473,669.2992957746479,2446.548624440179,887.3288547664747,2277.17402431222,913.8182981445937
1409,1409,1770.6900709219856,466.90390070921984,2044.1908453303802,428.4824658545588,2569.050736961451,568.5263605442177,1672.3941048034935,744.8577147016011,2339.803391053391,438.18831168831167,1719.3647959183672,667.422619047619,2432.939672801636,494.1254260395364,2645.9659259259256,678.1537777777778,2446.9617117117114,888.9198841698842,2278.1507024265643,916.1759259259259
1410,1410,1778.428272251309,466.31972076788827,2047.0263059000374,428.7102593010147,2573.760781122864,568.7567127746136,1691.316845878136,748.663440860215,2340.3594232749742,438.7185032612427,1722.8872962338392,668.6663856098932,2439.867195242815,489.2966633630657,2655.2001143510574,685.6300743281874,2447.278827977316,890.3780718336484,2279.0794258373207,918.4347687400318
1411,1411,1785.8097251585623,465.69978858350953,2049.4524870081664,428.97884187082406,2578.6923076923076,568.851012145749,1708.8768601190475,753.1837797619047,2345.8362573099416,438.3204678362573,1725.6848072562357,669.5960884353741,2445.4787997390736,485.42400521852574,2663.33620195066,692.0725760183591,2450.85149776928,895.217017208413,2279.9331404693025,920.6644165863066
1412,1412,1792.0304640453417,465.35919234856533,2051.4715994020926,429.10837070254104,2583.077595628415,568.9423497267759,1721.9841783531103,756.6465300251707,2352.3132045088564,432.98027375201286,1728.3176905574517,670.4468145620023,2450.7223313686964,481.7134905042567,2671.3008977700547,698.0451781059948,2459.6357538641,904.7961504811899,2280.7631831255994,922.5014381591562
1413,1413,1797.991172316384,465.0769774011299,2053.345225225225,429.5016216216216,2586.3573717948716,569.0657051282051,1734.14219858156,759.9453900709219,2358.4466510903426,426.923676012461,1731.2641134751773,671.4712056737588,2454.8677553634325,478.83893691962857,2677.5301342473576,702.8060554127392,2467.354394832912,913.8228025835438,2281.5564005069705,924.4854245880862
1414,1414,1803.56875449964,464.92872570194385,2062.8251300520205,430.8043217286915,2590.894808743169,569.2360655737705,1744.7031363967906,762.8293216630196,2365.3141982395714,421.1561423650976,1733.8469156762874,672.4122807017543,2459.8752902155884,475.4583747927031,2684.1052019761696,707.7448416158093,2474.4209309048856,922.1483087597571,2282.306142034549,926.2498400511836
1415,1415,1808.6120628122767,464.88686652391146,2074.3179546328333,429.1268742791234,2594.280886726142,569.574209245742,1753.8914223669924,765.4632645674991,2370.8357434186128,416.51167964404897,1736.671530758226,673.4145922746781,2463.029206349206,473.4726984126984,2689.246860730593,711.5245433789954,2480.281006071119,929.0725643249493,2283.0559820857325,928.1593090211132
1416,1416,1812.7458158995817,464.79776847977683,2086.965401785714,426.2652529761904,2599.810551558753,570.9605648814281,1761.9271499644633,767.8909026297085,2374.8125226203397,413.0941006152732,1738.8117283950617,674.2550505050505,2466.842514783691,471.02707749766574,2694.54786036036,715.3581081081081,2485.492599171107,935.1521610420366,2283.785897435897,930.0371794871794
1417,1417,1816.9386331938633,464.90550906555086,2097.0178117048345,424.298800436205,2612.6854082998657,577.132797858099,1769.4834054834052,770.1605339105338,2379.271686969361,409.2624584717608,1741.3661529680364,675.0947488584475,2471.1376673040154,468.36711281070745,2699.4862282180998,719.0210792580101,2489.9935841353163,940.3050452026829,2284.526518804243,931.9183542269366
1418,1418,1820.87543493389,465.0254001391788,2105.9771133259505,422.57475083056477,2625.4284229670043,583.269680436477,1776.8882843670656,772.3949945593035,2382.7650273224044,405.9959927140255,1743.3596566523606,675.8818311874105,2473.7934272300467,466.8829420970266,2704.350729517396,722.6571268237934,2493.9535976505135,944.9641703377386,2285.1013103227865,933.4538191115372
1419,1419,1824.588011088011,465.2127512127512,2113.8088235294117,421.04336349924586,2638.811986210554,590.5006629541235,1783.1112330772044,774.3369923161362,2385.9102706711155,403.04486466444195,1745.6934264107038,676.8077370564281,2476.902469135802,465.03858024691357,2708.266835728374,725.5373344604113,2497.6878120411156,949.3192364170337,2285.645376549094,934.9221480775341
1420,1420,1828.7687781239183,464.7559709241952,2121.224215246637,419.5803437967115,2649.299065420561,597.3984942886811,1788.869900771775,776.1705255420801,2388.8360957642726,400.22651933701655,1749.2476107732407,679.4066029539531,2480.091341579448,463.31208372978114,2712.29089376054,728.5635188308038,2501.377107364685,953.6344276841171,2286.138141025641,936.2823717948718
1421,1421,1840.8905930470348,462.86196319018404,2127.2720090293456,418.52332580887884,2659.076963488311,604.0520094562647,1794.948408342481,778.1467252103914,2391.481315396113,397.715620328849,1753.7107884998577,685.0859664104753,2483.203984819734,461.7289690069576,2716.0025728987994,731.2873070325901,2504.6618313689937,957.4430341492897,2286.7958532695375,938.0012759170653
1422,1422,1855.6645457758923,464.0470130788264,2132.976541808551,417.50510783200906,2667.2414255091103,609.5273311897106,1799.3084953203743,779.2390208783296,2393.907002188184,395.17906637490876,1761.1010608598547,695.3157453936349,2485.4586841284686,460.5597131275335,2719.5634317862164,733.8919831223628,2507.6927129060577,961.0579455662862,2287.245495495495,939.4713642213642
1423,1423,1867.1382198952879,466.34101221640486,2138.1574889867843,416.6494126284875,2675.1465494271247,614.7354116706634,1809.044193216855,779.9033915724564,2395.673281881661,393.35575156192573,1768.0613584474884,704.6104452054794,2487.8254263565887,459.5925581395349,2723.112399889533,736.5735984534658,2510.4135135135134,964.3108108108108,2287.419119974675,943.383349161127
1424,1424,1876.6584192439861,468.4013745704467,2142.7934742306265,415.9035965888024,2681.8468253968254,619.0600529100528,1832.4162082874952,780.6354968830216,2397.7307832422584,391.2120218579235,1773.5143262411348,712.1809929078014,2490.333026678933,458.48114075436985,2725.8573011914655,738.7370462732058,2513.209267563527,967.7004484304932,2287.6669941060904,956.6378519973804
1425,1425,1884.6363636363637,470.2737603305785,2147.121996996997,415.22785285285283,2688.2972177635097,623.2594970572499,1852.177237491191,784.1166314305848,2399.2586844050256,389.5240206947524,1778.2951892968972,719.5892399658412,2492.484322678843,457.64200913242007,2729.324384787472,741.2005033557047,2515.621129326047,970.6232544019429,2288.156824782188,967.6137463697967
1426,1426,1892.6357569371266,472.3389532841587,2152.1109817617385,414.3034536282499,2694.3526810392477,627.1918186843559,1869.7260371959942,786.1673819742489,2401.47602739726,387.3112633181126,1782.2779783393503,726.0523465703972,2495.4549167452087,456.420986490732,2732.4915942028983,743.5060869565217,2518.154938271605,973.675,2288.5778414517667,977.098376313276
1427,1427,1899.2635181382614,474.3285420944558,2155.765046296296,413.72415123456784,2699.4506927465363,630.6568867155664,1884.7330478229835,787.7997858672377,2402.6223484848483,386.05303030303025,1785.2107413893752,731.142440163456,2498.404012345679,455.92716049382716,2735.4828985507243,745.8188405797101,2520.281353883348,976.3961922030825,2288.8892156862744,984.4653594771241
1428,1428,1904.9584599797365,476.0459304289091,2158.8831845238096,413.391369047619,2704.2598824786323,633.9468482905983,1897.9349767774204,789.2190067881386,2402.7618048268623,386.3840503672613,1787.8503112620258,735.8333333333333,2503.5380065069503,455.07630878438334,2737.289599102887,747.2792262405383,2522.131322094055,978.7136941733214,2289.0772034459906,990.9400265076209
1429,1429,1910.54561042524,477.7506858710562,2162.5302343159483,412.71352985638697,2708.9204389574757,637.0074074074074,1909.4461426491991,790.3984716157205,2402.710992907801,387.24432624113473,1790.4278650378126,740.1436881908086,2509.48586517552,453.87169928549235,2740.2331306110627,749.4196350999131,2524.1943679216406,981.333027242118,2289.3565587176968,998.3366045142296
1430,1430,1915.889574759945,479.67283950617286,2166.1993127147766,412.13592974417713,2713.079495614035,639.8379934210526,1919.6756176154672,791.3941997851772,2403.270579549649,393.8301956441491,1792.7354497354497,744.4268077601411,2514.3393501805053,452.8038507821901,2742.630046136101,751.2177047289504,2526.0452713178292,983.5866666666665,2289.454605047525,1004.034742707309
1431,1431,1922.0231578947369,481.01929824561404,2169.197021764032,411.75486827033217,2717.133224133224,642.7111657111657,1929.0522875816994,792.3347857661582,2403.949726775956,405.59817850637523,1794.5861967694566,747.9509544787077,2517.871567759079,452.15943312666076,2745.3336244541483,753.2963609898108,2527.707951070336,985.8535168195718,2289.5229773462784,1009.0187702265372
1432,1432,1937.5317220543807,480.5102383350117,2171.780780780781,411.46659159159157,2720.8267526188556,645.2215954875101,1937.9202817945866,792.9314052651093,2405.3652868554827,418.12055192447343,1796.4961651917404,751.6168141592921,2522.1624850657104,451.16995221027474,2746.933052039381,754.6677918424754,2529.257713248639,987.8236539624922,2289.436303630363,1013.7541254125413
1433,1433,1956.1826295914864,481.99279093717814,2174.6079759217455,411.0564334085779,2724.1136487221315,647.5157694399129,1944.9175784099195,793.2560175054705,2407.2637174211245,426.81893004115227,1798.2669616519172,755.0920353982301,2526.1413953488372,450.4418604651163,2749.3129134311184,756.4095484613172,2530.9984624846247,990.0900984009838,2289.5631964342565,1018.1614135625597
1434,1434,1972.005990133897,483.29563072586325,2177.1185101580136,410.7234762979684,2727.810892172961,650.1091954022988,1952.5998498498498,793.4804804804804,2409.5828092243187,435.64744933612855,1799.894424673784,758.1017200474495,2529.3179439827636,450.04524469067405,2751.350441973196,758.0652979754775,2531.9431920649236,991.591223324316,2289.527751042669,1022.5871029836381
1435,1435,1985.1747030048916,484.2847658979734,2179.568604651163,410.35736434108526,2730.6112030905074,652.2433774834437,1959.3351955307262,793.4018621973929,2411.9989106753815,444.8307915758896,1801.2810164424513,760.7994020926756,2532.0649796938455,449.6163698844111,2753.2929028504946,759.6945898778359,2533.5409329626195,993.6716095149828,2289.4319625543294,1027.1454363089267
1436,1436,1996.3701055498807,485.2148450800136,2181.879238095238,410.2102857142857,2733.442005420054,654.2273712737127,1970.2819672131147,789.4754098360655,2413.586582367404,450.3512469265894,1802.879746835443,764.0075346594333,2534.7720771144277,449.12779850746267,2755.2945067586998,761.1386252516537,2535.4664821648216,995.5916359163591,2289.4081176094596,1030.0712687759667
1437,1437,2006.7548518896833,486.18352059925087,2184.110478359909,410.0,2736.0689375506895,656.1311165179778,1992.4573287409107,781.6306926903941,2415.2915789473686,456.1326315789474,1804.333031946956,767.0557564798071,2536.520760233918,449.24298245614034,2758.3725834797892,763.7164616285881,2543.070418204182,998.3047355473554,2289.3291056910566,1033.7951219512195
1438,1438,2015.8963039014375,487.35455167693357,2186.0449523809525,409.81942857142855,2738.6372789115644,658.0753741496598,2011.1219152854512,777.1900552486188,2417.2427849927844,462.1814574314574,1805.4998469543923,769.2151821242729,2540.528775927549,448.8989190768332,2763.471618357488,768.532306763285,2562.7492877492878,999.5413105413105,2289.408291873963,1034.6132669983415
1439,1439,2024.1845786421015,488.6359604230638,2188.5183468520663,409.59057551178057,2739.909043523586,659.3797237425072,2027.328888888889,772.9588888888889,2418.654294032023,466.55458515283846,1806.8662361623617,771.8686961869619,2544.648585593467,449.15689705453485,2767.960854092527,772.4119217081851,2578.8916900093373,1000.5891690009337,2290.5214397496084,1029.3205007824724
1440,1440,2031.5294117647059,489.7588579291365,2190.3077519379844,409.3906976744186,2745.579105291871,665.0523731587562,2040.8128005919348,769.376618571957,2420.22307411464,470.84081781672137,1808.0080470442585,774.1990095945526,2549.1904332129966,449.6811070998796,2772.422360248447,775.9426205264714,2592.6427035330257,1001.000307219662,2291.689609963946,1029.2592592592591
1441,1441,2038.6839378238342,490.89050086355786,2192.6202582728006,408.7921711057304,2749.7596638655464,678.355462184874,2052.254218222722,766.3577052868392,2421.6681112314914,474.7703141928494,1809.0973258706467,776.2730099502487,2552.6802659413715,450.21879721970384,2776.6534040671972,779.1718243442381,2604.551390190565,1000.5716963448922,2292.322189446083,1028.7941658472632
1442,1442,2044.6826388888887,492.05590277777776,2196.8048780487807,405.6422764227642,2752.894995898277,690.3792726278369,2062.406868234416,763.8215752146323,2423.540074906367,479.289138576779,1810.0944087992668,778.2410632447296,2554.8927407407405,450.61955555555556,2780.0543253616765,781.710363153233,2615.7836201402165,999.6204588910134,2292.359411568037,1029.6195252423938
1443,1443,2050.9792315680165,493.11768778123917,2206.889263000374,399.0419004863449,2755.911813643927,700.3460898502495,2071.7243222604047,761.3940435280641,2425.2495171881033,482.7404403244496,1810.9870250231695,779.9076305220883,2559.3629893238435,451.5320284697509,2783.94257064722,784.5381343056821,2624.630163304515,998.7656099903938,2292.438579017264,1029.7944887118194
1444,1444,2062.9751508697195,496.2523961661342,2215.25,394.42364170337737,2758.7813008130083,709.2086720867209,2079.708010335917,759.4259874492432,2426.7531978931524,485.8965387509405,1812.0394696268886,782.0413197656491,2562.8313078703704,452.7607060185185,2786.8459507042253,786.675469483568,2632.709964979306,997.8551416746259,2292.1803882195445,1031.0625836680053
1445,1445,2078.2774146695715,497.97349310094404,2222.3561030235164,390.33818589025753,2761.215637860082,716.5871056241426,2087.686164229471,757.3318335208099,2428.53585500394,490.0394011032309,1812.9142769041011,783.6845513413506,2566.2849985263774,453.79015620394927,2790.071578316861,788.8936807427373,2640.134928229665,996.7888357256777,2291.8917437478585,1031.9859540938676
1446,1446,2093.2593772116065,500.18719037508845,2228.058931860037,386.8246777163904,2763.4337606837603,723.252938034188,2094.05675368899,755.7241770715096,2430.129044834308,492.9423001949317,1813.760762607626,785.4172816728167,2569.274848746759,454.6732929991357,2792.513115237253,790.8028293545535,2646.9394518801782,995.8173996175908,2291.8184885290148,1032.3599865047233
1447,1447,2106.8195488721803,502.81382026494805,2232.821442053605,383.82899207248016,2765.602564102564,730.015607580825,2101.440015631106,753.7776475185618,2431.8478527607363,496.57873210633943,1814.721435316336,787.0714510544539,2572.3722671458518,455.5561545372866,2795.2175883952855,792.7358718646117,2653.0048638132293,994.8369001297016,2291.4777091906717,1033.0576131687242
1448,1448,2118.1762252346193,504.584984358707,2237.068915487849,381.2459194776931,2767.5033112582782,736.0593267108168,2106.7955555555554,752.4896296296296,2433.0176855055743,498.3098808150711,1815.4992219109865,788.7578586990352,2574.181609195402,456.2241379310345,2797.574155653451,794.4643171806167,2658.4071933204877,994.0118818240205,2290.5638389031706,1032.7172236503857
1449,1449,2127.8275978407555,506.0506072874494,2240.8493248045484,378.78464818763325,2769.7454827896327,741.5063437394956,2111.925844346549,751.2375183553597,2434.2605449794696,500.51885031728256,1816.2049878345497,789.9695863746958,2576.1781656968687,456.9794957051814,2808.223741381036,794.3048321041583,2663.9048073861823,993.1496338745623,2282.6458766458763,1019.0308385308385
